jp	ko
話をやめる	이야기 그만
)	)
帝国の話	제국 이야기
シーカーの話	시커 이야기
ジューバの店への道	주바의 가게로 가는 길
ゾアの街の話	조아 마을 이야기
やめる	그만둔다
ドラゴンの話	드래곤 이야기
る	る
バイマンの家への道	바이만의 집 가는 길
教会への道	교회 길
機械置き場への道	기계 창고로 가는 길
通路への道	통로 길
酒場の話	술집 이야기
開放区の話	개방구 이야기
レーザー	레이저
攻性生物の話	공성생물 이야기
旧世紀の話	구세기 이야기
(扉は閉ざされている…)	(문이 굳게 닫혀 있다…)
アゼルの話	아젤 이야기
反撃	반격
「護り火」の話	「수호의 불씨」이야기
『絶対の客人』の話	『절대의 손님』이야기
ウルの話	울 이야기
ガッシュの話	가슈 이야기
トビタマの話	토비타마 이야기
パエットの居場所	파에트의 행방
司祭の話	사제 이야기
神聖区の話	신성구 이야기
外に出る	나간다
中に入る	들어간다
………	………
ドラゴンのタイプをセレクト	드래곤 타입을 선택
バーサークのリストを表示	버서크 목록을 표시
攻撃する敵がいない	공격할 적이 없다
機銃	기총
すでに行なっている	이미 하고 있다
アイテムのリストを表示	아이템 목록을 표시
アイテムを持っていない	아이템이 없다
エスケープ	이스케이프
クチカラボム	구치카라폭탄
サンダーレーザー	선더 레이저
シールド	실드
スタンガン	스턴건
スタンレーザー	스턴 레이저
スピード	스피드
ドラゴンリキッド	드래곤 리퀴드
バリアー	배리어
バルカン	발칸
バーサクアンプル	버서크 앰플
バーサークを覚えていない	버서크를 익히지 않았다
バーサークポイントが足りない	버서크 포인트가 부족하다
バーサークポイントは最大値	버서크 포인트는 최대치
バーティカル	버티컬
パーツを持っていない	파츠가 없다
ヒットポイントは最大値	히트 포인트는 최대치
ホーミングレーザーによる攻撃	호밍 레이저에 의한 공격
ランナウェイ	런어웨이
リカバーグラス	리커버 글라스
リカバーレーザー	리커버 레이저
使用不可能	사용 불가
移動以外のドラゴンの行動不能状態	이동 외의 드래곤 행동 불능
行動ゲージが足りない	행동 게이지 부족
銃による攻撃	총 공격
銃のカスタマイズ	총 커스터마이즈
？？？	？？？
き	き
<01> 	<01> 
…	…
な	な
セストレンの話	세스트렌 이야기
塔の話	탑 얘
LnKnDn	LnKnDn
エッジは、キャラバンとの住人との\n会話から「ゾア」と呼ばれる街の\n存在を知る。\n大きな街ならば、クレイメン艦隊に\n関する手がかりがつかめるかも\nしれない。\n \n(未完成・将来セリフ組み込み予定)\n	엣지는 카라반 주민과의\n대화에서 「조아」라 불리는\n마을의 존재를 알게 된다.큰\n마을이라면 크레이멘 함대에\n관한 단서를 잡을 수 있을지도\n모른다.(미완성・향후 대사\n삽입 예정)
売却可能な所持品を売る	가진 물건을 판다
店で売っている物を買う	가게 물건을 산다
店で売っている銃のパーツを買う	가게 총 부품을 산다
手持ちの銃のパーツを売る	가진 총 부품을 판다
購入／売却の切り替え	구입／판매 전환
キャラバンのリーダーに会ったエッジ。\nリーダーから、エッジが追っている帝国の\n艦隊(クレイメン艦隊)は禁止区域\n(ゲオルギウス)へと向かったのでは\nないかとの話を聞く。\n \n(未完成・将来デモイベント表示予定)\n	카라반 리더를 만난 엣지.\n리더로부터,엣지가 쫓고 있는 제국의\n함대(크레이멘 함대)는 금지구역\n(게오르기우스)으로 향한 것이\n아닐까 하는 이야기를 듣는다.\n \n(미완성・향후 데모로 표시 예정)\n
グリグオリグの話	그리그오리그 이야기
ドローンの話	드론 이야기
酒場の主人から話を聞くエッジ。\nこの近くには「塔」と呼ばれる遣跡があり\nクレイメン艦隊はそこに向かったという。\nこの街に住んでいるパエットという男が、\n塔の事を詳しく知っているらしい。\nエッジは、その男が描いたという塔の総を\n手に入れる。そこには、ドラゴンが見せた\n幻と同じ光景があった。\n \n(未完成・将来操作可能予定)\n	술집 주인에게 이야기를 듣는 엣지.\n이 근처엔 「탑」이란 유적이 있고\n크레이멘 함대는 그리로 향했다 한다\n이 마을에 사는 파에트라는 남자가,\n탑에 대해 자세히 알고 있는 듯.\n엣지는 그가 그렸다는 탑 그림을\n손에 넣는다.드래곤이 보여준\n환영과 같은 광경이 있었다.\n \n(미완성・향후 조작 가능 예정)\n
「護り火」の火種に触れたエッジの\n眼前に、メル=カヴァの幻が展開する。\nメル=カヴァとは、塔の上空を周回する\n巨大なバリア発生装置だった。\nこの幻から、エッジはメル=カヴァの\n場所を知る。\n \n(未完成・将来イベントで処理予定)\n	「수호의 불씨」에 닿은 엣지의\n눈앞에,메르카바의 환영이\n펼쳐진다.메르카바란,탑 상공을\n선회하는 거대한 배리어 발생\n장치였다.이 환영으로부터,엣지는\n메르카바의 장소를 알게\n된다.(미완성・향후 이벤트로\n처리 예정)
エッジに帝国軍を撃退させたバイマンは\nその功によって次期司祭の座につく。\nバイマンは、明日になれば「遣産」を\n見せることができるとエッジに語る。\n一方、パエットは、正体不明の男から\n預った手紙をエッジに渡す。\nそれには、「今夜、空中船のある広場で\n待つ」とだけ記されていた。\n \n(未完成・将来イベントで処理予定)\n	엣지에게 제국군을 격퇴시킨\n바이만은 그 공으로 차기 사제에\n오른다.바이만은,내일이 되면\n「유산」을 보여줄 수 있다고\n엣지에게 말한다.한편,파에트는\n정체불명의 남자로부터 맡은\n편지를 엣지에게 건넨다.거기엔\n「오늘 밤,비행선 광장에서\n기다린다」라고만 적혀 있었다.\n(미완성・향후 이벤트로 처리\n예정)
キャラバンを訪れたエッジの前に、\nガッシュの使いのシーカーが現れた。\n彼の話によると、ガッシュは\n「シーカーの里」と呼ばれる場所で\nエッジを待っているという。\n \n(未完成・将来セリフ組み込み予定)\n	카라반을 찾은 엣지\n앞에,가슈의 심부름꾼인 시커가\n나타났다.그의 이야기에\n따르면,가슈는 「시커의\n마을」이라 불리는 곳에서\n엣지를 기다린다고\n한다.(미완성・향후 대사 삽입\n예정)
クレイメンが向かった遣跡「塔」の\n場所を知っているという男・パエット。\n彼は、塔の情報を教えるかわりに、\nゲオルギウスと呼ばれる場所から\n旧世紀の機械部品を取ってくるよう\nエッジに命じる。\n \n(未完成・将来イベントで処理予定)\n	크레이멘이 향한 유적 「탑」의\n장소를 안다는 남자,파에트.그는\n탑의 정보를 알려주는\n대신,게오르기우스라 불리는\n곳에서 구세기 기계 부품을\n가져오라고 엣지에게\n명령한다.(미완성・향후 이벤트로\n처리 예정)
ゲオルギウスから取ってきた部品を\nパエットに見せるエッジ。\nしかし、パエットはそれに満足せず、\n再度ゲオルギウス行きを命じる。\n \n(未完成・将来イベントで処理予定)\n	게오르기우스에서 가져온 부품을\n파에트에게 보여주는\n엣지.그러나 파에트는 만족하지\n않고,다시 게오르기우스행을\n명령한다.(미완성・향후\n이벤트로 처리 예정)
ゾアの街に帝国軍の使者が現れ、\n街は侵略の恐怖にさらされる。\n一方エッジは、パエットの父であり\n街の実力者であるバイマンという男の\n招待を受け、閉ざされた正規住民区画\n「神聖区」への通行証を得る。\n \n(未完成・将来イベントで処理予定)\n	조아 마을에 제국군 사자가\n나타나,마을은 침략의 공포에\n휩싸인다.한편\n엣지는,파에트의 아버지이자\n마을의 실력자인 바이만이라는\n남자의 초대를 받아,닫혀 있던\n주민 구역 「신성구」로의\n통행증을 얻는다.\n(미완성・향후 이벤트로 처리\n예정)
バイマンは、教会の聖堂の鍵を\nエッジに渡す。そこに、街の遣産である\n「『護り火』の火種」が安置されて\nいるという。\n \n(未完成・将来セリフ組み込み予定)\n	바이만은 교회 성당의 열쇠를\n엣지에게 건넨다.마을 유산인\n「『수호의 불씨』의 불씨」가\n안치되어 있다고 한다.\n \n(미완성・향후 대사 삽입 예정)\n
パエットは、正体不明の男から預った\n手紙をエッジに渡す。\nそれには、「今夜、空中船のある広場で\n待つ」とだけ記されていた。\n \n(未完成・将来セリフ組み込み予定)\n	파에트는 정체불명의 남자로부터\n맡은 편지를 엣지에게\n건넨다.거기엔 「오늘 밤,비행선\n광장에서 기다린다」라고만 적혀\n있었다.(미완성・향후 대사 삽입\n예정)
再び戻ったエッジに、うってかわって\nなれなれしく接するパエット。\n彼は、エッジがドラゴン乗りである\nことを突き止めたのだ。\nすっかり協力的になったパエットは、\n水没した遣跡「ウル」の地下に\n塔への通路があるらしいと語る。\n \n(未完成・将来イベントで処理予定)\n	다시 돌아온 엣지에게,태도가\n돌변해 살갑게 대하는 파에트.\n그는 엣지가 드래곤 라이더라는\n사실을 알아챈 것이다.완전히\n협조적이 된 파에트는,물에\n잠긴 유적 「울」의 지하에\n탑으로 가는 통로가 있다고\n말한다.(미완성・향후\n이벤트로 처리 예정)
取り引きする	거래한다
広場ではクレイメンが待っていたが、\nエッジを助けようとしたパエットの\n乱入によって会見は中断してしまい、\nクレイメンの真意は不明のままとなる。\n次の朝、バイマンは、教会の聖堂の鍵を\nエッジに渡す。そこに、街の遣産である\n「『護り火』の火種」が安置されて\nいるという。\n \n(未完成・ムービー等で処理予定)\n	광장엔 크레이멘이 기다렸지만,\n엣지를 도우려던 파에트의\n난입으로 회견은 중단되어\n버리고,크레이멘의 진의는 알\n수 없다.다음 날\n아침,바이만은 성당 열쇠를\n엣지에게 건넨다.마을 유산인\n「『수호의 불씨』의 불씨」가\n안치되어 있다고 한다.\n(미완성・무비 등으로 처리 예정)
戦いに傷ついたシーカー達から、\nアゼルが姿を消したと聞かされるエッジ。\n「編み人」ザドクは、アゼルの行き先は\nウルの地下だと推測する。なぜなら、\nドラゴン同様、彼女もウルのプラントで\n創造されたからだ。\n \n(未完成・将来セリフ組み込み予定)\n	싸움에 상처 입은 시커들로부터,\n아젤이 사라졌다는 말을 듣는다.\n「편직인」자독은,아젤이 향한 곳은\n울의 지하라고 추측한다.왜냐하면\n드래곤처럼 그녀도 울의 플랜트에서\n창조되었기 때문이다.\n \n(미완성・향후 대사 삽입 예정)\n
話をする	이야기를 한다
(壁をくり抜いて棚を作ってある)	(벽을 파내어 선반을 만들어 놨다)
旧世紀の記録機械	구세기의 기록 기계
？	？
(道を聞いてみよう)	(길을 물어보자)
これまでの記録をとる	지금까지 기록을 남긴다
よ	よ
記録しない	기록하지 않는다
 <03>\nEつFねちい<03>	 <03>\nEつFねちい<03>
 <03>\nょっぬほたてちい<03>	 <03>\nょっぬほたてちい<03>
 EつFねちい <03>\nGHEつIン！ちい<03>	 EつFねちい <03>\nGHEつIン！ちい<03>
 GHEつIン！ちいき	 GHEつIン！ちいき
 す…A。Bヴせいき	 す…A。Bヴせいき
 ょっぬほたてちい <03>\nす…A。Bヴせい<03>	 ょっぬほたてちい <03>\nす…A。Bヴせい<03>
(あ、ドラゴンの体力が回復してる…)	(아,드래곤의 체력이 회복된다…)
(こいつは後回しにしよう)	(이건 나중으로 미루자)
(こんな効果もあるのか)	(이런 효과도 있는 건가)
(なんだ…この力…)	(뭐지…이 힘은…)
(まったく違う！？)	(전혀 다르잖아!？)
(レーザーが弱いからかな…)	(레이저가 약해서 그런가…)
(今までの<01><01>とは)	(지금까지의 <01><01>와는)
(壊せない！？)	(부술 수 없어!？)
(旧世紀の記録機械だ…)	(구세기의 기록 기계다…)
おLMりやRふS』あTゾUNOVむゆ\nな？『。ぇWぬあPQ。XYね！なまいさ	おLMりやRふS』あTゾUNOVむゆ\nな？『。ぇWぬあPQ。XYね！なまいさ
おおズせすせZ％ゲえき	おおズせすせZ％ゲえき
か<01><01>レぇぉぬほすておいき	か<01><01>レぇぉぬほすておいき
かおみ「ゲえトベー9ぜやJみんやレ\n K『？ほて！えおお	かおみ「ゲえトベー9ぜやJみんやレ\n K『？ほて！えおお
かすヨひ「ななジあな？れジやゃゅ。お	かすヨひ「ななジあな？れジやゃゅ。お
かゲすダC？れジDひ)せゲお	かゲすダC？れジDひ)せゲお
こおLMやNOぼヘごノテ。3へや\n ぼヘオェカゥ9む)ヨほPQおお	こおLMやNOぼヘごノテ。3へや\n ぼヘオェカゥ9む)ヨほPQおお
に設定	으로설정
クレイメンの話	크레이멘 이야기
ナビゲーターの目的地を選択	내비게이터 목적지를 선택
ナビゲーター使用不能地域	내비게이터 사용 불가 지역
ナビゲータ解除	내비게이터 해제
ワールドマップに移動する	월드맵으로 이동한다
探索を続ける	탐색 계속한다
現在の目的地<03><01><01><02><03>	현재 목적지<03><01><01><02><03>
目的地を<03><01><01><02><03>	목적지를<03><01><01><02><03>
目的地候補 なし	목적지 후보 없음
目的地設定 なし	목적지 설정 없음
目的地設定 解除	목적지 설정 해제
見なれない材質でできた板のかけら\n何かが封印されているらしい	낯선 재질로 만들어진 판 조각\n무언가 봉인된 듯하다
ゲオルギウス	게오르기우스
(         )	( )
<09>\n<09>ソ…<15><02>	<09>\n<09>ソ…<15><02>
<01>       	<01>       
そうか…	그런가…
とげ	가시
ステータスクリア	상태 정상화
侵入物排除システム作動	침입물 배제 가동
溶解液	용해액
(ずいぶん外れまでやってきたな…)	(꽤 외딴곳까지 와 버렸군…)
(旧世紀の機械が置いてある)	(구세기 기계가 놓였다)
<!DB>械	<!DB>械
<01>北	<01>북
」	」
とげ嵐	가시풍
なんだ、ひやかしか	뭐야,놀리는 거냐
ね	ね
よう、調子はどうだ？	이봐,어때？
サーよ	사요
ビクシオマ	비크시오마
マサーンの話	마산 이야기
夜まで待つ	밤까지 기다림
朝まで待つ	아침까지
毎度！	매번！
遣跡の話	유적 이야기
(お礼に何かあげた方がいいかな)	(답례로 뭔가 주면 좋을까)
(きれいな飾り窓だ…)	(아름다운 장식창이다…)
(木製のテーブルだ)	(나무로 만든 테이블이다)
(柱に棚がついている)	(기둥에 선반이 있다)
え？	어？
レーザーストーム	레이저 스톰
回避システム不良	회피시스템 불량
塔 最上層	탑 최상층
売らない	팔지 않는다
対攻性生物弾	대공성생물탄
瞬間移動	순간이동
集中砲火	집중포화
                   	                   
(    ？    )	( ？)
(<03>	(<03>
(<03><01>●●●●●●●●●<03>	(<03><01>●●●●●●●●●<03>
(<03><02>♪♪♪♪♪♪♪♪♪<03>	(<03><02>♪♪♪♪♪♪♪♪♪<03>
(<03><03>●●●●●●●●●<03>	(<03><03>●●●●●●●●●<03>
(あの男はここの住人らしい)	(저 남자는 이곳 주민인 듯하다)
(あれは水道管らしい)	(저건 수도관인 듯하다)
(何か話してるけど…よく聞こえないな)	(뭔가 이야기하는데…잘 안 들리네)
(旅の荷物をまとめてあるようだ)	(여행 짐을 정리해 둔 듯하다)
(木箱が置いてある)	(나무 상자가 놓였다)
(森でとれた物だろうか？)	(숲에서 채집한 물건일까？)
(水の流れる音がする…)	(물 흐르는 소리가 난다…)
(簡素な寝床だ)	(간소한 잠자리다)
(荷物が置いてある)	(짐이 놓였다)
(見なれない植物だ…食用らしい)	(낯선 식물이다…식용인 듯하다)
(門番のアブネルだ…)	(문지기 아브넬이다…)
<16>れた	<16>남음
■                  	■                  
●●●●●●●●●<03>	●●●●●●●●●<03>
ああ	아
かじりつき	물어뜯기
しびれ液	마비액
そのために、強い力を与えられ…	그러기 위해,강한 힘을 부여받아…
のコントロールを	의 컨트롤을
ふうん…	흐음…
ガリル砂漠の越え方	가릴 사막을 넘는 법
キャンプを出る	캠프를 나간다
ショック状態を解除する処置を行った	쇼크 상태를 해제하는 처치를 했다
ダイレクトアクセスに切りかえます	다이렉트 액세스로 전환합니다
ツァスタバターン	차스타바탄
副産物として、心を生じさせたのだ	부산물로서,마음을 발생시킨 것이다
塔 最下層	탑 최하층
彼女は、塔の制御を尋うために創造された	그녀는 탑 제어를 맡으려 창조됐다
現在閉鎖中…	폐쇄 중…
生体弾	생체탄
緊急非常事態発令！	긴급 비상사태 발령！
誘導爆雷	유도폭뢰
間もなく目覚めるだろう	곧 눈을 뜰 것이다
隊長を発見するが深い傷を受けている。\n彼はエッジに地図を渡すと死に絶える。\n	대장을 발견하나 깊은 상처를\n입었다 엣지에게 지도를 주고\n숨을 거둔다.
！	！
(   ？？？   )	( ？？？)
(  ？？？  ？？)	( ？？？？？)
( ？？？  ？？？)	( ？？？？？？)
(………)	(………)
(■■■■■■■■■)	(■■■■■■■■■)
(あいつは…アルドーという名だったな)	(그 녀석은…알도라는 이름이었지)
(あいつは…ベゼルとかいったな)	(그 녀석은…베젤이라고 했었지)
(つぼが置いてある)	(항아리가 놓였다)
(つぼの中の酒が光を放っている…)	(항아리 속 술이 빛을 낸다…)
(中身がすけるほど薄く削ってある…)	(비칠 만큼 얇게 깎였다…)
(乗用獣のクーリアだ…)	(탈것 짐승 쿨리아다…)
(儀にも慣れてきたみたいだな)	(의식에도 익숙해진 듯하군)
(大きなテーブルが出してある)	(큰 테이블이 놓였다)
(大きな箱が置いてある)	(큰 상자가 놓였다)
(忙しそうだな…)	(바빠 보이는군…)
(攻性生物の殻で作った容器だ)	(공성생물의 껍질로 만든 용기다)
(透明な容器に酒が詰まっている)	(투명한 용기에 술이 가득 찼다)
(道具屋のバイカが仕事をしている…)	(도구점의 바이카가 일한다…)
(？  ？？？  ？)	(？？？？？)
(？？  ？？？  )	(？？？？？)
(？？？  ？？？ )	(？？？？？？)
(？？？？？？？？？)	(？？？？？？？？？)
<!E0>14階 東	<!E0>14층 동
<03><01>レーザーを発射せよ<03>	<03><01>레이저를 발사하라<03>
<03>\nローター・パイル<03>	<03>\n로터・파일<03>
<0C>…	<0C>…
<0D>…	<0D>…
<11>？	<11>？
いいって、いいって	괜찮아,괜찮아
うん…	응…
そ、そんなことないさ	아,아니 그런 거 아냐
そうだ	그렇다
アトルムドラゴンを倒した\n時に変化した姿。\n翼の内側に、目のような\n模様ができている。	아트룸 드래곤을\n쓰러뜨려 변한 모습.\n날개 안쪽에 눈 같은\n무늬가 생겼다.
ガリル砂漠で、ハイガを\n倒した時に変化した姿。\nこの時から、身体を自由に\n変形できるようになった。	가릴 사막에서\n하이가를 쓰러뜨리고\n변한 모습.이때부터\n몸을 자유로이 변형.
ゲオルギウスで目覚めた\n巨大なドラゴンを倒した\n時に変化した姿。\n翼のしま模様が美しい。	게오르기우스의\n거대 드래곤을\n쓰러뜨려 변한 모습.\n날개 줄무늬가 곱다.
セストレンで戦った。\nなぜ、<01><01>と\n同じ姿なんだ？ 旧世紀の\n意志を守る敵の、真の姿が\nこれだというのか？\nだとすれば、儀の\n<01><01>は…？	세스트렌에서 싸웠다.\n어째서 <01><01>과 같은\n모습인가?구세기의\n의지를 지키는 적의\n진짜 모습이 이것이라는\n건가?그렇다면 나의\n<01><01>은…?
ゾアの街	조아 마을
タム・バシレウスを倒した\n時に変化した姿。\n甲殻におおわれた部分が\n増えている。	탐·바실레우스를\n쓰러뜨려 변한 모습.\n갑각에 덮인 부분이\n늘어나 있다.
ヴェロクス	베록스
体当たり	몸통돌진
何もわからないままでいたくないの	아무것도 모른 채로 있고 싶지 않아
回避システム作動	회피시스템 작동
塔に行くのは、今でも怖いけど…	탑에 가는 건,지금도 무섭지만…
戦闘機ジンコウ	전투기 진코우
攻性生物に寄生された\nグリグオリグを倒した時に\n変化した姿。\n少しずつ、人の姿に\n近づいてきているような\n気がする。	공성생물에 기생한\n그리그오리그를\n쓰러뜨려 변한 모습.\n조금씩 사람 모습에\n가까워지는 듯한\n느낌이다.
火炎噴射	화염분사
神経弾	신경탄
第2種警戒態勢発令！	제2종 경계태세 발령！
                  ロ	                  롤
                 ロー	                  롤
                ローリ	                  롤
               ローリン	                 롤링
              ローリング	                 롤링
             ローリングス	                 롤링
            ローリングスタ	                롤링 
           ローリングスター	                롤링 
          ローリングスタート	               롤링 스
         ローリングスタート！	               롤링 스
        ローリングスタート！ 	               롤링 스
       ローリングスタート！  	              롤링 스타
      ローリングスタート！   	              롤링 스타
     ローリングスタート！    	              롤링 스타
    ローリングスタート！     	             롤링 스타트
   ローリングスタート！      	             롤링 스타트
  ローリングスタート！       	            롤링 스타트！
 ローリングスタート！        	            롤링 스타트！
(       ？ )	( ？)
(      ？  )	( ？)
(     ？   )	( ？)
(    ■    )	( ■ )
(    ◆    )	( ◆ )
(   ■■■   )	( ■■■ )
(   ◆◆◆   )	( ◆◆◆ )
(   ？     )	( ？)
(  ■■■■■  )	( ■■■■■ )
(  ◆◆◆◆◆  )	( ◆◆◆◆◆ )
(  ？      )	( ？)
( ■■■■■■■ )	( ■■■■■■■ )
( ◆◆◆◆◆◆◆ )	( ◆◆◆◆◆◆◆ )
( ？       )	( ？)
(<03><02>♪<03><01>♪♪♪♪♪♪♪♪<03>	(<03><02>♪<03><01>♪♪♪♪♪♪♪♪<03>
(<03><02>♪♪<03><01>♪♪♪♪♪♪♪<03>	(<03><02>♪♪<03><01>♪♪♪♪♪♪♪<03>
(<03><02>♪♪♪<03><01>♪♪♪♪♪♪<03>	(<03><02>♪♪♪<03><01>♪♪♪♪♪♪<03>
(<03><02>♪♪♪♪<03><01>♪♪♪♪♪<03>	(<03><02>♪♪♪♪<03><01>♪♪♪♪♪<03>
(<03><02>♪♪♪♪♪<03><01>♪♪♪♪<03>	(<03><02>♪♪♪♪♪<03><01>♪♪♪♪<03>
(<03><02>♪♪♪♪♪♪<03><01>♪♪♪<03>	(<03><02>♪♪♪♪♪♪<03><01>♪♪♪<03>
(<03><02>♪♪♪♪♪♪♪<03><01>♪♪<03>	(<03><02>♪♪♪♪♪♪♪<03><01>♪♪<03>
(<03><02>♪♪♪♪♪♪♪♪<03><01>♪<03>	(<03><02>♪♪♪♪♪♪♪♪<03><01>♪<03>
(<03><05>●●●●●●●●●<03>	(<03><05>●●●●●●●●●<03>
(<03><07>♪<03><02>♪♪♪♪♪♪♪♪<03>	(<03><07>♪<03><02>♪♪♪♪♪♪♪♪<03>
(<03><07>♪♪<03><02>♪♪♪♪♪♪♪<03>	(<03><07>♪♪<03><02>♪♪♪♪♪♪♪<03>
(<03><07>♪♪♪<03><02>♪♪♪♪♪♪<03>	(<03><07>♪♪♪<03><02>♪♪♪♪♪♪<03>
(<03><07>♪♪♪♪<03><02>♪♪♪♪♪<03>	(<03><07>♪♪♪♪<03><02>♪♪♪♪♪<03>
(<03><07>♪♪♪♪♪<03><02>♪♪♪♪<03>	(<03><07>♪♪♪♪♪<03><02>♪♪♪♪<03>
(<03><07>♪♪♪♪♪♪<03><02>♪♪♪<03>	(<03><07>♪♪♪♪♪♪<03><02>♪♪♪<03>
(<03><07>♪♪♪♪♪♪♪<03><02>♪♪<03>	(<03><07>♪♪♪♪♪♪♪<03><02>♪♪<03>
(<03><07>♪♪♪♪♪♪♪♪<03><02>♪<03>	(<03><07>♪♪♪♪♪♪♪♪<03><02>♪<03>
(<03><07>♪♪♪♪♪♪♪♪♪<03>	(<03><07>♪♪♪♪♪♪♪♪♪<03>
(<03>\n●●●●●●●●●<03>	(<03>\n●●●●●●●●●<03>
(◆◆◆◆◆◆◆◆◆)	(◆◆◆◆◆◆◆◆◆)
(あとで、道でも聞いてみようかな)	(나중에,길이라도 물어볼까)
(あの人、ヤエルという名だったな)	(그 사람,야엘이라는 이름이었지)
(あの男は…キトールといったな)	(그 남자는…키톨이라고 했었지)
(ここでの肩書きは「調整士」らしい)	(여기선 직함이 「조정사」인 듯)
(ごく簡単なつくりのイスだ)	(아주 단순한 구조의 의자다)
(つぼにはふたがしてある)	(항아리에는 뚜껑이 덮여 있다)
(よく寝ているな…)	(잘 자고 있군…)
(クーリアが眠っている)	(쿨리아가 자고 있다)
(ゾアで道具屋をやっていたヤレドだ…)	(조아에서 도구점 하던 야레드다…)
(丈夫そうな木箱だ…)	(튼튼해 보이는 나무 상자다…)
(中身は取り出してあるらしい)	(내용물은 꺼내져 있는 듯)
(儀を警戒してるのかな…)	(의식을 경계하는 걸까…)
(元気そうな子供だ)	(건강해 보이는 아이다)
(大きな木が生えている)	(큰 나무가 자라 있다)
(小さなイスが置いてある)	(작은 의자가 놓였다)
(攻性生物の殻を彫った飾りだ)	(공성생물 껍질을 조각한 장식이다)
(攻性生物の透明な羽で作ってある)	(공성생물 날개로 만들어졌다)
(旅の荷物がまとめてある)	(여행 짐이 정리돼 있다)
(旧世紀の発掘物だ)	(구세기의 발굴물이다)
(木が育つほど土が肥えているのか…)	(나무가 자랄 만큼 흙이 비옥한가)
(熱心に本を読んでいる…)	(열심히 책을 읽고 있다…)
(発掘品の加工をしている)	(발굴품을 가공 중이다)
(発掘品の加工をしている…)	(발굴품을 가공한다…)
(警戒はしなくなったみたいだ…)	(경계는 하지 않게 된 듯하다…)
(門番が見張りをしている…)	(문지기가 망을 보고 있다…)
(門番のシフレだ…)	(문지기 시플레다…)
(食料が蓄えてある)	(식량이 비축돼 있다)
(餌を食べるのをやめた…)	(먹이 먹는 것을 그만두었다…)
(？        )	(？)
(？？？   ？？？)	(？？？？？？)
<03><01>タイプセレクトアイコンを選択せよ<03>	<03><01>타입 선택 아이콘을 선택하라<03>
<09>\n<07>み術	<09>\n<07>み術
<0E>だ	<0E>다
<1E><16><1A><01>(ずいぶん外れまでやってきたな…)	<1E><16><1A><01>(꽤 외딴곳까지 와 버렸군…)
…)	…)
…■                 	…■                 
…？	…？
これ以上はかんべんしてくれよ	이 이상은 봐줬으면 좋겠어
という。	라 한다
どうして？	어째서？
ねらえ	노려라
はじめに	처음에
まだ覚えていない	아직 익히지 않음
やれ	해라
れ	れ
アトルムドラゴン	아톨름 드래곤
ギリィク	기리이크
グスタート！             	그스타트！
グレイスリングをあげる	그레이스링을 준다
コ	コ
ザアルナッツをあげる	자알너츠를 준다
シャプリ	샤프리
ジェムレンズをあげる	젬 렌즈를 준다
スタート！              	스타트！
タート！               	타트！
トゥプ	투프
ト！                 	트！
メル=カヴァ	메르카바
ヤリ	야리
リングスタート！           	링스타트！
レイガスト	레이가스트
ローリングスタート！         	롤링스타트！
ングスタート！            	잉스타트！
ート！                	트！
ーリングスタート！          	롤링스타트！
了解	확인
何かの役に立つかもしれん	뭔가 도움이 될지도 몰라
俺の読む本がなくなっちまう	내가 읽을 책이 없어지잖아
光子環波	광자환파
塔	탑
変光	변광
大アゴ	큰턱
対攻性生物弾・改	대공성생물탄・개
少し前まで、たくさん人がいたのに…	얼마 전까지,사람이 많이 있었는데…
払わない	내지 않는다
持って行きなさい	가지고 가거라
点火	점화
無視する	무시한다
生体弾噴射	생체탄 분사
砂漠<05>蒼き遣跡	사막<05>푸른 유적
神聖区	신성구
誘導爆雷艦カラ	유도폭뢰함카라
！                  	！
(あの子は…確か、エンカクといったな)	(그 아이는…분명 엔카쿠라 했지)
(この匂い…)	(이 냄새…)
(この本は…)	(이 책은…)
(しまった、持ち合わせがない…)	(아차,가진 돈이 없어…)
(すごい量の本だ…)	(엄청난 양의 책이다…)
(ずいぶん物を残していったな…)	(꽤 많은 물건을 남기고 갔군…)
(たき木に布をかぶせてある)	(장작에 천을 씌워 놓았다)
(キャラバンの長のアンユウという男だ)	(카라반 대장인 안유라는 남자다)
(キャラバンの長のハンターだ)	(카라반 대장인 헌터다)
(クーリアが身体を洗ってもらっている)	(쿨리아가 몸을 씻겨진다)
(クーリアに引かせる荷車だ)	(쿨리아가 끄는 짐수레다)
(ザアルの実か…辺境では貴重品だ)	(자알 열매인가…변경에선 귀중품)
(シーカーが独自に作った物らしい)	(시커가 독자적으로 만든 물건)
(パエット…無事だったのか)	(파에트…무사했구나)
(中身を取り出すための上げぶたか…)	(내용물을 꺼내는 여닫이문인가…)
(何かの材料にするのかな…)	(뭔가의 재료로 쓰려는 걸까…)
(何か手仕事をしているようだ)	(뭔가 손일을 하는 듯)
(儀の持ち物に目をとめたようだ)	(의식의 소지품에 눈길을 준 듯)
(塔に関する記録だ)	(탑에 관한 기록이다)
(変わった形のランプだな)	(특이한 모양의 램프군)
(大きな布の袋だ)	(큰 천 자루다)
(大きな箱だ…中身は旅の荷物かな)	(큰 상자다…내용물은 여행 짐일까)
(太った男がぶらついている…)	(뚱뚱한 남자가 어슬렁거린다…)
(妙に身なりのいい奴だ…)	(묘하게 차림새 좋은 놈이다…)
(床に上げぶたがついている)	(바닥에 여닫이문이 달려 있다)
(攻性生物の内臓が保存してある)	(공성생물의 내장이 보존돼 있다)
(攻性生物の内臓の防腐液潰けだ)	(공성생물 내장을 방부액에 절였다)
(攻性生物の透明な羽でできた飾り窓だ)	(공성생물 날개로 만든 장식창이다)
(攻性生物をバラすための道具だ)	(공성생물을 해체하기 위한 도구다)
(敷布の染め方はシーカー独特のものだ)	(염색법은 시커 특유의 것이다)
(旅の荷物がまとめてあるけど…)	(여행 짐이 정리된데…)
(旅の荷物を入れる袋が置いてある)	(여행 짐을 넣는 자루가 놓였다)
(昼間は仕事がないらしい)	(낮에는 일이 없는 듯하다)
(木の実がたくさん干してある)	(나무 열매가 잔뜩 말려져 있다)
(本棚だ…立派な本ばかりだな)	(책장이다…훌륭한 책들뿐이군)
(棚の上にランプが置いてある…)	(선반 위에 램프가 놓였다…)
(植物の油を使ったランプだ)	(식물성 기름을 쓴 램프다)
(発光酒を飲んだ…すごい味だ)	(발광주를 마셨다…굉장한 맛이다)
(発掘品が入っているらしい)	(발굴품이 든 듯)
(確か、この下には醸造機があったな)	(이 아래에 양조기가 있었지)
(穀物が入っているらしい)	(곡물이 든 듯)
(若い女の人だ…)	(젊은 여자다…)
(荷車が止めてある)	(짐수레가 멈춰 있다)
(道具屋のヤレドだ…忙しそうだな)	(도구점의 야레드다…바빠 보이는군)
(香木が立ててある)	(향목이 세워져 있다)
(！！)	(！！)
(！！！！！！！！！)	(！！！！！！！！！)
(？ ？ ？ ？ ？)	(？？？？？)
2000Dn	2000Dn
20Dn払う	20Dn냄
<!86>ート	<!86>트
<!9C>な	<!9C>나
<03><01>銃を発射せよ<03>	<03><01>총을 발사<03>
<03>\n   ■<05>1<05>■   	<03>\n ■<05>1<05>■   
<03>\n  ■■<05>2<05>■■  	<03>\n ■■<05>2<05>■■  
<03>\n ■■■<05>3<05>■■■ 	<03>\n ■■■<05>3<05>■■■ 
<03>\n2番ゲート<03>	<03> 2번\n게이트<03>
<03>\n3番ゲート<03>	<03> 3번\n게이트<03>
<0D>ぜ	<0D>제
<16>え方	<16>넘기
<17>いぜ	<17>이야
<1B>ぜ	<1B>제
<1E>いる)	<1E>있다)
…お話なら、母に聞いてください…	…얘기는 어머니께 물으세요…
あ…ごめん	아…미안
あ、ああ…うまいよ	아,아아…맛있어
ありがとう…	고마워…
ありがとうございます	감사합니다
いくぞ！	간다！
え…？	어…？
ええ…	응…
おまえらがへたばると、俺も困るんでな	너희가 쓰러지면,나도 곤란해
お宝は死んでも手放さねえよ	보물은 죽어도 손 놓지 않아
こいつをとっときな、ハンターさんよ	이거 가져둬,헌터 양반
すいません、仕事があるので…	죄송해요.일이 있어서…
そうだ、こいつをとっときな	그래,이거 가져둬
そして…	그리고…
それだけだ	그뿐이다
それは、ウルの秘められた場所にある	그건,울의 숨겨진 장소에 있다
でも、こんな物どこに持ってたんだ？	근데,이런 걸 어디 갖고 있었대?
どういう意味だ？	무슨 뜻이지？
な)	나)
なぜだ？	왜지？
にあるわ	에 있어
のキーコードを	의 키코드를
のロックを解除します…	의 잠금을 해제합니다…
へえ…	허…
へへ…	헤헤…
ほう…私の蔵書に興味があるのかね？	호오…내 장서에 관심이 있는 건가？
まさに、宝の持ちぐされってやつだな	참으로,보물을 썩히는 격이군
まだ、こんな土地が残ってたんですね…	아직 이런 땅이 남아 있었군요…
よかったら、持って行きたまえ	괜찮다면,가져가게
ろ	ろ
を	を
アクレ	아크레
ウル 北奥部	울 북쪽 안
ウルの地下遣跡の封印を解く鍵	우르 지하유적 봉인의 열쇠
オアシスの話	오아시스 이야기
キャラバンを出る	카라반을 떠난다
キャンプに行く	캠프에 간다
ゲオルギウスで戦ったと\nいうドラゴンも、これと\n似た姿をしていたらしい。\nこれが<01><01>の\n本当の姿なのだろうか。	게오르기우스에서 싸운\n드래곤도 이것과\n닮은 모습이었다 한다.\n이것이 <01><01>의\n진짜 모습일까.
ゲートの鍵	게이트열쇠
ザムクレート	잠크레이트
シーカーの里	시커의 마을
シーカーの里に行く	시커의 마을에 간다
セストレン・エクスシス	세스트렌・엑스시스
セチュラ	세추라
ゾアの森	조아의 숲
タム・バシレウス	탐・바실레우스
タム・プロ	탐・프로
チ内部	치내부
トビタマイシを売る	토비타마이시를 판다
ドラゴン乗りの少年が書いたという日記	드래곤 라이더 소년이 썼다는 일기
ドームへのゲート	돔으로 가는 게이트
フローター	플로터
ベモス	베모스
ム	ム
メラコラ	메라콜라
メル=カヴァの資料なんだけど…	메르카바의 자료인데…
メル=カヴァ内部	메르카바 내부
ヤリ乱射	야리 난사
ワームの抜け穴の話	웜의 개구멍 이야기
ヴェロキタ	벨로키타
串刺し	꿰뚫기
今となっては、あんな街でもなつかしいよ	이제 와서는,그런 마을도 그립네
入力して下さい	입력해 주세요
君とドラゴンがいる以上、もはや無用だな	너와 드래곤이 있으면 필요 없군
回復	회복
地下遣跡の話	지하 유적 이야기
塔 上部格納層	탑 상부 격납층
塔 下部格納層	탑 하부 격납층
塔 中間層	탑 중간층
外が、こんなに物騒だったとはなあ…	바깥이,이렇게나 흉흉했을 줄이야…
外界との交渉に備えて集めた資料だが…	외부 교섭에 대비해 모은 자료지만…
寄生虫	기생충
帝国軍空中艦隊	제국군 공중함대
帝国軍空中艦隊駐屯地	제국군 공중함대 주둔지
引き続き第1種警戒態勢を維持！	계속해서 제1종 경계태세를 유지!
彼女にとって、唯一戻るべき生地…	그녀에게 유일하게 돌아갈 고향…
旦那がこのまま戻らなかったら、やばいぜ	나리가 이대로 안 돌아오면 큰일이야
最後に戦った相手だ。\nそのおぞましい姿の中には\n確かに、ドラゴンの収まる\n座がある。\n儀の<01><01>が\nいるべき本当の場所は、\nあそこなのだろうか。	마지막으로 싸운\n상대다.그 흉측한\n모습 속에는 분명\n드래곤이 담길 자리가\n있다.나의 <01><01>가 있어야\n할 진짜 자리는\n그곳일까.
本当か？ なんか苦しそうだぜ	진짜야？뭔가 힘들어 보이는데
根性あるじゃねえか、気に入ったぜ	근성 있잖아,마음에 들었어
横列反射	횡렬반사
消化液	소화액
火炎噴射艇アナラ	화염분사정 아나라
爆撃	폭격
爆発	폭발
発掘所	발굴장
矢骨	화살
砂漠<05>ワーム地帯	사막<05>웜 지대
砂漠<05>碧のオアシス	사막<05>푸른 오아시스
碧の玉	벽옥
神聖区に行く	신성구에 간다
神聖区のお偉い連中が隠してると思うんだ	신성구 높은 분들이 숨긴다고 생각해
禁止区域	금지구역
空中戦艦ヴァルナ	공중전함 발나
笑いかける	미소 짓는다
縦列反射	종렬반사
荷物、なくしたんじゃないのか？	짐,잃어버린 거 아니야？
落盤	낙반
街を出る	마을을 나감
話なら、注文してからにしな	이야기라면,주문하고 나서 해
謎の遣跡 1	의문의유적1
謎の遣跡 2	의문의유적2
買わない	사지 않는다
通路への入□	통로로 가는 입구
通路遣跡への入□	통로 유적 입구
里の外に出る	마을 밖으로
金がねえなら、来るんじゃねえよ！	돈이 없으면,오지 마！
金はいらねえよ	돈은 필요 없어
開放します…	개방합니다…
開放区に行く	개방구에 간다
隊長！	대장！
離散	이산
黒い遣跡	검은 유적
                  <03><01>記<03>	                  <03><01>기<03>
                 <03><01>記録<03>	                 <03><01>기록<03>
                <03><01>記録<03>	                <03><01>기록<03>
       <03><01>記録<03>	       <03><01>기록<03>
      <03><01>記録<03>	      <03><01>기록<03>
     <03><01>記録<03>	     <03><01>기록<03>
    <03><01>記録<03>	    <03><01>기록<03>
    防御力上昇\n      ↑\n攻撃力上昇← →心技力上昇\n      ↓\n    機動力上昇	방어력 상승 ↑\n공격력 상승← →심기력\n상승 ↓ 기동력 상승
   <03><01>記録<03>	   <03><01>기록<03>
  <03><01>記録<03>	  <03><01>기록<03>
 <03><01>記録<03>	 <03><01>기록<03>
(        ？)	( ？)
(   ！！！   )	( ！！！)
(  ？？？？？  )	( ？？？？？)
( ？ ？ ？ ？ )	( ？？？？)
( ？？？？？？？ )	( ？？？？？？？)
(<01><01>がいる…)	(<01><01>가 있다…)
(<03><01>★★★★★★★★★<03>	(<03><01>★★★★★★★★★<03>
(<03><01>♪♪♪♪♪♪♪♪♪<03>	(<03><01>♪♪♪♪♪♪♪♪♪<03>
(<03><03>♪♪♪♪♪♪♪♪♪<03>	(<03><03>♪♪♪♪♪♪♪♪♪<03>
(<03><04>♪♪♪♪♪♪♪♪♪<03>	(<03><04>♪♪♪♪♪♪♪♪♪<03>
(<03><05>★★★★★★★★★<03>	(<03><05>★★★★★★★★★<03>
(<03>\n★★★★★★★★★<03>	(<03>\n★★★★★★★★★<03>
(…ダメだ、ロックされてて動かせない)	(…안 되겠어,잠겨서 못 움직인다)
(「編み人」のザドクだ)	("직조인" 자독이다)
(あちこち改造してあるな…)	(여기저기 개조되어 있군…)
(あのつぼはとくに大きいけど…)	(저 항아리는 특히 큰데…)
(あのつぼはとくに大きいな)	(저 항아리는 특히 크군)
(あのつぼは薬品入りらしい)	(저 항아리는 약품이 든 듯하다)
(あの光の粒子のせいか！！)	(저 빛의 입자 때문인가!!)
(あの男はハンターらしい)	(저 남자는 헌터인 듯하다)
(あの男はボアズという名だったな…)	(저 남자는 보아즈라 했었지…)
(あれは、門番のシフレだ…)	(저건 문지기 시플레다…)
(あれも売り物なのかな…)	(저것도 파는 물건인가…)
(あんな所に扉がついている)	(저런 곳에 문이 달려 있다)
(いいたき木だ…森の近くだからかな)	(좋은 장작이다…숲이 가까워선가)
(きれいな水が入っている…飲み水だな)	(깨끗한 물이 들었다…마실 물이군)
(きれいな細工のランプだ…)	(정교하게 만든 램프다…)
(くっ、吹き飛ばされた…)	(윽,날아가 버렸다…)
(ここからは出られないな)	(여기서는 나갈 수 없겠군)
(ここで酒を作っているのか…)	(여기서 술을 만들고 있는 건가…)
(この壁の裏には水道管があるからな…)	(이 벽 뒤엔 수도관이 있으니까…)
(この家の住人でもなさそうだが…)	(이 집 주인은 아닌 것 같은데…)
(この店の主人の部屋らしい)	(이 가게 주인의 방인 듯하다)
(この本棚は、古びた本が多いな…)	(이 책장에는 낡은 책이 많군…)
(これじゃ、2階には行けないな)	(이래서는 2층에 갈 수 없겠군)
(これはあまり手を加えてないな…)	(이건 별로 손을 대지 않았군…)
(これも、シーカーの研究材料なのか…)	(이것도 시커의 연구 재료인가…)
(こんなもの、一体どうするんだ？)	(이런 걸 대체 어디에 쓰지?)
(さすがに量が多いな…)	(역시 양이 많군…)
(しかし、よく飽きないな…)	(그나저나 잘도 안 질리는군…)
(しかも、全部手書きの写本らしい)	(게다가 전부 손으로 쓴 사본)
(しまった、引き離された！)	(아차,떨어졌다!)
(すっかり元気になったな…)	(완전히 기운을 되찾았군…)
(ずいぶんため込んであるな…)	(꽤 많이 쌓아뒀군…)
(ずいぶん昔に作られたものらしい)	(꽤 오래전에 만들어진 듯하다)
(たき木が立てかけてある)	(장작이 세워져 있다)
(つぼには穀物や水が入っているようだ)	(항아리에는 곡물과 물이 든 듯)
(つらかったんだろうな、アゼルも…)	(힘들었겠지,아젤도…)
(でも、壊れやすそうだな)	(그래도 잘 부서질 듯하군)
(どうやって使うのかな？)	(어떻게 쓰는 걸까?)
(どうやら今は入れないらしい)	(지금은 못 들어가는 듯하다)
(なんとなく元気がないようだ)	(왠지 기운이 없어 보인다)
(ほとんどが保存食のようだ)	(대부분 보존식인 듯하다)
(もう何も残ってない)	(이제 아무것도 남지 않았다)
(もう何も残ってない…)	(이제 아무것도 남지 않았다…)
(もっと近よって見てみよう)	(좀 더 가까이 다가가서 보자)
(よかった…元気になったらしい)	(다행이다…기운을 차린 듯)
(よく燃えそうなたき木だ)	(잘 탈 것 같은 장작이다)
(よく見ると、手を加えた跡がある)	(보니 손을 댄 흔적이 있다)
(アゼルは気を失ったままだ)	(아젤은 기절한 채다)
(エレベータだ！)	(엘리베이터다!)
(ダメだ、何も残ってない)	(안 되겠다,아무것도 안 남았다)
(テーブルが置いてある)	(테이블이 놓였다)
(ハンターがよく使う組みひもだ)	(헌터가 자주 쓰는 매듭끈이다)
(パエットの空中船だ)	(파에트의 공중선이다)
(パエットの空中船だ…！)	(파에트의 공중선이다…!)
(パエットは、発掘品を加工している)	(파에트는 발굴품을 가공한다)
(ランプが床に置いてある)	(램프가 바닥에 놓였다)
(中身はからっぽだ…)	(안은 텅 비어 있다…)
(中身も他と違うのかな？)	(내용물도 다른 걸까?)
(他に方法は…)	(다른 방법은…)
(何のために作られたのかな？)	(무엇을 위해 만들어진 걸까?)
(何の用でここに来たんだろう？)	(무슨 일로 여기에 온 걸까?)
(儀を待ってくれてるみたいだ)	(기를 기다려주고 있는 듯)
(入□がふさがれてるみたいだ)	(입구가 막혀 있는 듯)
(出入□を守るように飾りが置いてある)	(출입구를 지키듯 장식이 놓였다)
(司祭の孫のベゼルだ…)	(사제의 손자 베젤이다…)
(喜んでるみたいだ)	(기뻐하는 듯)
(喜んでるみたいだ…)	(기뻐하는 듯…)
(地面に実がこぼれ落ちている)	(땅에 열매가 쏟아져 있다)
(壁に道具がかけてある)	(벽에 도구가 걸렸다)
(大がかりな風車だな)	(대규모 풍차로군)
(大きな机が置いてある)	(큰 책상이 놓였다)
(大きな道具箱に布をかぶせてある)	(큰 도구 상자에 천이 덮여 있다)
(大きな醸造機が置いてある)	(큰 양조기가 놓였다)
(大型の機械が置いてある)	(대형 기계가 놓였다)
(天井からランプが吊ってある)	(천장에서 램프가 매달려 있다)
(安全に崖を越えて行けそうなんだが…)	(안전히 절벽을 넘을 수 있을 듯)
(小さなテーブルだ)	(작은 테이블이다)
(小さな飾りが壁に取りつけてある)	(작은 장식이 벽에 달려 있다)
(巻いた織物が立てかけてある)	(말아놓은 직물이 세워져 있다)
(彼女のためにも！)	(그녀를 위해서라도!)
(戦艦のエンジンに使われるやつだな)	(전함의 엔진에 쓰이는 물건이군)
(扉の前に飾りが立ててある)	(문 앞에 장식이 세워져 있다)
(扉の向こうで、話し声が聞こえる…)	(문 너머에서 말소리가 들린다…)
(折畳み式のはしごがかかった窓だ)	(접이식 사다리가 걸린 창문이다)
(換気のための風車が回っている)	(환기용 풍차가 돌아가고 있다)
(攻性生物の吐く酸を中和する薬だ)	(공성생물의 산을 중화하는 약이다)
(攻性生物の眼を使った飾りだ…)	(공성생물의 눈을 쓴 장식이다…)
(敷布に薬の匂いがしみついている…)	(깔개에 약 냄새가 배어 있다…)
(料理をするためのかまどだ)	(요리를 하기 위한 아궁이다)
(旧世紀の機械だ…)	(구세기 기계다…)
(早くあれを止めないと…)	(빨리 저것을 멈춰야 하는데…)
(早く決着をつけなければ…)	(빨리 결판을 내야 하는데…)
(机の上にランプが置いてある)	(책상 위에 램프가 놓였다)
(板造りの吊り床だ)	(판자로 만든 해먹이다)
(棚にのっているのは薬品のようだ)	(선반에 놓인 것은 약품인 듯하다)
(棚にはつぼや食器がのっている)	(선반에는 항아리와 식기가 놓였다)
(棚の中に薬のつぼがしまってある)	(선반에 약 항아리가 보관돼 있다)
(棚の中に酒のつぼがしまってある)	(선반에 술 항아리가 보관돼 있다)
(横にあるロックを外すのが先か…)	(옆의 잠금장치부터 풀어야 하나…)
(歳のわりには元気がよさそうだな)	(나이에 비해 기운이 넘쳐 보인다)
(死んだように眠り続けている…)	(죽은 듯이 계속 잠들었다…)
(水がめが置いてある)	(물독이 놓였다)
(水をくみ上げる風車だろう)	(물을 퍼올리는 풍차겠지)
(治療のための機械みたいだけど…)	(치료를 위한 기계인 듯한데…)
(治療のための道具らしい)	(치료를 위한 도구인 듯하다)
(物が多すぎるな…もっと減らさないと)	(물건이 너무 많군…좀 줄여야겠다)
(獲物をバラすのに忙しいらしい…)	(사냥감을 해체하느라 바쁜 듯…)
(発掘品を加工したものだ)	(발굴품을 가공한 것이다)
(発掘物を運ぶコンテナだ)	(발굴물을 운반하는 컨테이너다)
(粗いけど、丈夫そうな生地だ)	(거칠지만 튼튼해 보이는 천이다)
(素焼きのつぼが置いてある)	(소박한 토기 항아리가 놓였다)
(素焼きの容器が置いてある)	(소박한 토기 용기가 놓였다)
(織りの粗い敷布だな…)	(짜임이 거친 깔개로군…)
(若い女のシーカーだ…)	(젊은 여자 시커다…)
(若い男が、息を殺して座っている…)	(젊은 남자가 숨죽여 앉아 있다…)
(葬式の準備をしているらしい)	(장례식 준비를 하는 듯)
(薬の入った道具が置いてある)	(약이 든 도구가 놓였다)
(誰かが、空中船を整備している…)	(누군가 공중선을 정비한다…)
(買い手があるとは思えないけど…)	(살 사람이 있을 것 같진 않지만)
(資材置き場だ)	(자재 창고다)
(透明な飾りが取りつけられている)	(투명한 장식이 달려 있다)
(速度に気をつけないと…)	(속도에 주의해야 한다…)
(道具箱が置いてある)	(도구 상자가 놓였다)
(酒場の主人のジューバだ)	(술집 주인 주바다)
(階段がふさがれている…)	(계단이 막혀 있다…)
(頑丈そうな作業机だ)	(튼튼해 보이는 작업대다)
(風車が回っている…)	(풍차가 돌아가고 있다…)
(食器の入った棚だ)	(식기가 든 선반이다)
(餌でもやってみようかな…)	(먹이라도 줘볼까…)
(香木が立ててある…古い物ばかりだ)	(향목이 세워졌다…죄다 오래됐다)
(高価そうなランプが置いてある)	(비싸 보이는 램프가 놓였다)
(！！！   ！！！)	(！！！！！！)
(！？)	(！？)
(？       ？)	(？？)
(？？     ？？)	(？？？？)
(？？？？ ？？？？)	(？？？？？？？？)
)<1D><1B>	)<1D><1B>
10000Dn	10000Dn
10の月19日	10월 19일
1500Dn	1500Dn
9000Dn	9000Dn
<!A2>ゃないだろうな	<!A2>는 아니겠지
<!DD>通路北□	<!DD>通路北□
<!DF>□	<!DF>□
<!E2>納層	<!E2>納層
<01>み<01>	<01>み<01>
<01>西側	<01>서쪽
<03><01>アイテムを使用せよ<03>	<03><01>아이템을 사용하라<03>
<03><01>バーサークを発動せよ<03>	<03><01>버서크를 발동하라<03>
<03><01>敵の後方向に移動せよ<03>	<03><01>적의 뒤쪽으로 이동<03>
<03><01>記録<03>	<03><01>기록<03>
<03><01>録<03>	<03><01>록<03>
<03><04>口口口口<05>GO<05>口口口口	<03><04>口口口口<05>GO<05>口口口口
<03><05>ドームゲートキー<03>	<03><05>돔 게이트 키<03>
<03>\n1番ゲート<03>	<03> 1번\n게이트<03>
<03>\nライト・ゲート<03>	<03>\n라이트・게이트<03>
<03>\nレフト・ゲート<03>	<03>\n레프트・게이트<03>
<0B>ゆニわニ・<11><!8B><02>セ。	<0B>ゆニわニ・<11><!8B><02>セ。
<0B>ゆハセア	<0B>ゆハセア
<0D>からさ、な？	<0D>이니까,응?
<0D>よ	<0D>야
<0D>機械	<0D>기계
<0D>？	<0D>？
<0E>なあ	<0E>있잖아
<0F>な…	<0F>지…
<11>！	<11>！
<12>たが…	<12>했지만…
<16>ざされている…)	<16>막혀 있다…)
<1B>いで…	<1B>말고…
<1B>が…	<1B>가…
<1E>…	<1E>…
<1E>ゆく…)	<1E>가고 있다…)
<1E>る	<1E>다
<1F>よ	<1F>야
<1F>りで砂漠越えはできないし…	<1F>혼자서는 사막을 건널 수 없고…
…                  	…
………                	………
…………	…………
……………              	……………
……………………           	……………………
…………………………         	…………………………
………………………………       	………………………………
……………………………………     	……………………………………
……………………………………………  	……………………………………………
…………………………………………………	…………………………………………………
…ありがとう	…고마워
…おまえ、ハンターだな	…너,헌터로군
…ここ、物置じゃないのか？	…여기,창고 아니야?
…ごめん…	…미안…
…で、どんな感じ？	…그래서,어떤 느낌이야?
…な、なんだ、帝国軍じゃねえのか…	…뭐,뭐야,제국군이 아닌 거냐…
…結局、ゾアは全滅しちまったってさ	…결국,조아는 전멸했다더군
…説得の通じる相手じゃない…	…설득이 통할 상대가 아니다…
■■                 	■■                 
『<01>	『<01>
あ、それ？ お酒の材料よ	아,그거?술 재료야
ああ、おまえにまかせるよ	그래,네게 맡기마
ああそうかい、だったら帰んな！	아 그래,그럼 돌아가라고!
あいつ、時々ガラクタ拾ってくるんです	그 녀석,가끔 고물을 주워 오거든요
あたしは「探索兵」のラグってんだ	난 "탐색병" 라그라고 해
あったら、うちのひとに見せてやっとくれ	있으면 우리 양반한테 보여 주게
あなたと、ドラゴンに助けられましたね…	당신과 드래곤 덕분에 살았네요…
あの子、すっかり元気になっただろ？	그 애,완전히 기운 차렸지?
あらかた突っ返されるみたいで…	거의 다 되돌려받는 듯해서…
ありがたい！ そのかわり…	고맙군!그 대신…
あんた、珍しい品物持ってないかい？	자네,진귀한 물건 갖고 있나?
あんたがドラゴン乗りか…よろしくね	당신이 드래곤 라이더인가…잘 부탁해
あんたのご主人だけどさ	당신 주인 말인데
あんたは…？	당신은…？
あんたは、息子の命の恩人だ	당신은,내 아들의 생명의 은인이야
あんたは？	당신은？
あんな道楽も、たまには役に立つんだねえ	저런 취미도 가끔은 쓸모가 있구나
い、いや…	아,아니…
いいか、ゲオルギウスまで行って	알겠나,게오르기우스까지 가서
いいの…たぶん、そうだと思う	괜찮아…아마 그럴 거야
いまだ！	지금이다!
いまや、生き残りはワシらだけだ	이제 살아남은 건 우리뿐이다
いや、それはちゃんと買い取るよ	아니,그건 제대로 사들일게
いや、まだ、ちょっと…	아니,아직 좀…
いよいよだな…	드디어군…
うちのひとが作ってくれたんだよ	우리 양반이 만들어 줬단다
うちの父ちゃんもハンターなんだ！	우리 아빠도 헌터야!
うわっ！	우왁!
ええ…森の恵みをよそ者に売るとかで…	네…숲의 은혜를 외지인에게 판다든가
ええ、まあ…	네,뭐…
えよ■■               	해라■■
えらい連中に関わっちまったみたいだぜ	대단한 녀석들이랑 엮인 듯하군
え？ 具合が悪いのかい？	어?몸이 안 좋은 거야?
おいおい、ドラゴンがいたって	어이어이,드래곤이 있다고 해도
おっかなくないのかい？	무섭지 않은 거야?
おどかすんじゃねえよ	놀라게 하지 마
おやめよ、おびえてるじゃないか	그만해,겁먹고 있잖아
お客が気味悪がるから、内緒にしといてね	손님들이 꺼림칙해하니까 비밀로 해줘
お礼に、これを受け取ってほしい	답례로 이걸 받아줬으면 해
か…)	까…)
かえよ■■              	칠해라■■
かわりに俺の持ち物、何でもやるよ	대신 내 물건,뭐든지 줄게
こいつら後ろには攻撃できないみたいだぜ	이놈들은 뒤쪽은 공격 못 하나 봐
ここでは手に入らない品なんでね	여기서는 구할 수 없는 물건이라서
ここに来た帝国軍…たぶん、特務部隊だぜ	여기 온 제국군…아마 특무부대겠지
ここの雇われハンターさ	여기 고용된 헌터야
こちらを向いている奴は撃つな	이쪽을 보고 있는 녀석은 쏘지 마
こないだ借りた金だけどよ…	지난번에 빌린 돈 말인데…
このキャラバンで一番高価な物だ	이 카라반에서 가장 비싼 물건이다
この仕事も、結構もうかるんだぜ	이 일도 꽤 벌이가 좋다고
この街に住めば、誰だって信心深くなるさ	이 마을에 살면 신앙심이 깊어진다
ごめん…	미안…
ごめん…実はそうなんだ	미안…사실은 그래
ごめんなさい…	죄송해요…
さあ、もういいだろう…あとは明日だ	자,이제 됐지…나머지는 내일이다
しかし、断った方がいいだろうなあ	하지만,거절하는 편이 좋겠지
じっと見つめる	가만히 바라본다
じゃあ、もたもたしてないで行ってこいよ	그럼,꾸물대지 말고 다녀와
すっげえ強いんだぜ！	엄청 세다고!
すみませんでした…お役に立てなくて	죄송합니다…도움이 못 되어서
そいつのうまさがわかれば、一人前だぜ	그 맛을 알면 한 사람 몫은 한다
そいつはわかってるんだが…	그건 알고 있다만…
そいつを外さないと、地下には行けないぜ	그걸 빼지 않으면 지하로 못 간다
そこがあいつの部屋です	거기가 그 녀석 방이에요
そこにいるヤエルは…ま、なんだ	거기 있는 야엘은…뭐,그러니까
そこをシーカーどもに拾われたんだ	거기서 시커들에게 주워졌지
それで、倉庫に収める分が減ってるんだね	그래서 창고에 넣을 몫이 줄어드는군
それに、	게다가,
そんな…	그런…
そんな！ 約束が違うよ！	그런!약속이랑 다르잖아!
たいした物はないかもしれませんが…	대단한 물건은 없을지도 모르지만…
ただ、なんとなく…	그냥,왠지…
たぶん、水位が変わったせいだろうな	아마 수위가 변한 탓이겠지
だが、エンカクはもう死んじまったんだ	하지만 엔카쿠는 이미 죽어버렸어
だけど、ひとりで砂漠越えはできないし…	하지만 혼자선 사막을 못 건너고…
だって…	하지만…
ちょっとばかり、話を急ぎすぎたかなあ	조금 얘기를 너무 서둘렀나…
つかみどころのない男だよ	종잡을 수 없는 남자야
つむじ風	회오리
で、これからどうするんだ？	그래서,앞으로 어떻게 할 거야？
でないと、作業が進まないだろ	안 그러면 작업이 진행되지 않잖아
でも、すぐ不時着しちまってさ	근데,바로 불시착해버려서
と\n表示される。	라고\n표시된다.
とにかく、儀はアゼルを探してみる	아무튼 나는 아젤을 찾아보겠다
どうかしたのかい？	무슨 일 있니?
どうせ、俺には使えねえんだ	어차피 나한테는 쓸모없어
どうだ、発光酒の味にゃ慣れたか？	어때,발광주 맛엔 익숙해졌나?
どうだい、この空中船？	어때,이 공중선？
な、頼むぜ	야,부탁한다
なんか用か、ぼうず？	뭔 볼일이냐,꼬마야？
なんたって、俺がまとめたものだからな	뭐니 뭐니 해도,내가 정리한 거니까
なんだ、まだダメか	뭐야,아직 안 되나
なんだ、取り引きなしかい	뭐야,거래 안 하는 거야
なんだって？	뭐라고？
なんで不時着しちまったのかなあ	왜 불시착해버린 걸까
な思いはしたくないからな…	그런 기분은 느끼기 싫으니까…
に	に
にいちゃん、ひとりで旅してるの？	오빠,혼자서 여행하는 거야？
にらみつける	노려본다
に来てほしいそうだ	와줬으면 한다는군
ぬりかえよ■■            	다시 칠해라■■ 
ねえ、お母さん…	있잖아,엄마…
ひとりで砂漠越えは無理さ、考え直せよ	혼자 사막을 건너는 건 무리다
ひとり旅って、どんな感じかな？	혼자 여행은 어떤 느낌일까?
ふしぎな感じがする…	이상한 느낌이 든다…
ほゆ<09>	ほゆ<09>
ほら、持ってけよ	자,가져가라
ほれ、これを持っていけ	자,이걸 가져가라
ほんとに、ありがとうよ	정말,고마워요
ぼうずも、いっぺん相手してもらえよ	꼬마도 한번 상대해달라고 해
ま、シーカーはみんなそんなもんだがな	뭐,시커들은 다 그런 법이지만
ま、待ってくれよ	자,잠깐 기다려봐
まかしとけって	맡겨두라니까
まさか…	설마…
まだなんか用か？	아직 뭔 볼일이야？
まだまだー…うわぁぁ…	아직 멀었어 으아아…
まだ若いのに、ひとり旅かい？	아직 어린데 혼자 다니냐?
まったく…これだから無知な奴は困るぜ	정말…그래서 무지한 놈은 곤란해
みんな、神様に助けられたと思っているぜ	다들 신님 덕에 살았다고 생각해
め□	め□
めないと…)	…해야 하는데…)
もう、こんな思いはしたくないからな…	이제 이런 기분은 느끼기 싫으니까…
もう、大丈夫…	이제,괜찮아…
もう、戦えないかもしれない…	이제 싸우지 못할지도…
もう少し大きくなったらな、へへ…	조금만 더 크면 말이야,헤헤…
もっと長く飛べるはずだったんだけど…	좀 더 오래 날 수 있었을 텐데…
やしないさ	하지 않는다니까
やっぱり、戦うしかないのか！？	역시,싸울 수밖에 없는 건가!？
よ■■                	라■■ 
よう、新顔だな	어이,새 얼굴이군
よかったら、買っていってくれよ	괜찮으면,사 가라
よそから物を買わないと不自由するんだよ	다른 곳에서 안 사면 불편해
よその人とお話したこと、なくって…	남과 얘기해 본 적이 없어서…
よろしくね	잘 부탁해
ら…	라…
らないけど…	모르겠지만…
り…	리…
りかえよ■■             	해라■■  
るだろ	겠지
ろ？	지？
わかった…よろしく頼む	알았다…잘 부탁한다
わかったよ…	알았어…
わからん…今、資料庫を調べてるところだ	모르겠다…지금 자료고를 뒤지는 중
わざわざすまないな…	일부러 미안하군…
わたしは、「守人」のラーダってもんさ	나는,"수호인" 라다라는 사람이야
をぬ	다시
をぬり	다시 칠
をぬりか	다시 칠하
をぬりかえ	다시 칠해
をぬりかえよ	다시 칠해라
をぬりかえよ■	다시 칠해라■
をぬりかえよ■■	다시 칠해라■■
をぬりかえよ■■ 	다시 칠해라■■ 
をぬりかえよ■■  	다시 칠해라■■  
をぬりかえよ■■   	다시 칠해라■■   
をぬりかえよ■■    	다시 칠해라■■    
をぬりかえよ■■     	다시 칠해라■■     
をぬりかえよ■■      	다시 칠해라■■      
をぬりかえよ■■       	다시 칠해라■■       
をぬりかえよ■■        	다시 칠해라■■        
をぬりかえよ■■         	다시 칠해라■■         
をぬりかえよ■■          	다시 칠해라■■          
をぬりかえよ■■           	다시 칠해라■■           
を入力してください…	를 입력해 주세요…
を開放します	를 개방합니다
アカデミー直属の連中さ	아카데미 직속 놈들이야
アシュティ	아슈티
アゼル…どうして…	아젤…어째서…
アゼルが乗るアトルムの\n最終形態。\n巨大な雷撃兵器を装備して\n襲ってきたが、どうにか\n倒すことができた。\n彼女の唯一のパートナーを\n尋うことになって\nしまったが…。	아젤이 타는 아트룸의\n최종 형태.거대한\n뇌격 병기를 장착하고\n습격해 왔지만,어떻게든\n쓰러뜨릴 수 있었다.\n그녀의 유일한 파트너를\n애도하게 되고\n말았지만….
アゼルが戻っても、この有様じゃあな…	아젤이 돌아와도,이 꼴이면 말이지…
アルスロ	알슬로
アンチアイウィング	안티아이윙
アンチストライプウィング	안티 스트라이프윙
アンチバリアントウィング	안티 배리언트윙
アンチパンツァーウィング	안티 팬저윙
アンチベースウィング	안티 베이스윙
イヴァス＆イヴィア	이바스&이비아
ウル	우르
ウルの地下なんだけどな	우르 지하 말인데
ウルの地下遣跡で戦った。\nふ化したタルメランは、\n短時間でタルバーニへと\n羽化する。同時に攻撃力も\n上がってしまうので、\nその前に倒しておきたい。	우르 지하 유적에서\n싸웠다.부화한\n타르메란은 단시간에\n타르바니로 우화한다.\n공격력도 오르므로\n그 전에 잡고 싶다.
ウルの地下遣跡で戦った。\nふ化したデルメランは、\n短時間でデルバーニへと\n羽化する。\nまた、仲間の成長を早める\n能力もあるので、群れで\n現れた時には、先に倒して\nおいた方がいい。	우르 지하 유적에서\n싸웠다.부화한\n데르메란은 단시간에\n데르바니로 우화한다.\n또 동료의 성장을\n앞당기는 능력도 있어\n무리로 나타나면\n먼저 잡는 게 좋다.
ウル地下遣跡	우르 지하유적
エッジ、	엣지,
エッジ、これ持って行けよ！	엣지,이거 가져가!
エネルギーパイロンルーム	에너지 파일런 룸
エルスディノーツ	엘스디노츠
エレベータに乗る	엘리베이터를 탄다
エレベーター：14階 東	엘리베이터：14층 동
エレベーター：地下1階	엘리베이터：지하 1층
エレベーター：地下2階	엘리베이터：지하 2층
エレベーター：地下3階	엘리베이터：지하 3층
エレベーター：地下4階	엘리베이터：지하 4층
エンカクの薬だけどさ	엔카쿠의 약 말인데
カイナスの村	카이나스 마을
カドロ	카드로
カンヘルドラゴン	칸헬드래곤
カーと	카와
ガッシュに伝言を頼まれてね	가슈에게 전언을 부탁받아서 말이야
ガッシュの事は、ワシらもよく知らんのだ	가슈에 대해서는,우리도 잘 모른다네
ガノーク	가노크
ガリル砂漠	가릴 사막
ガードプロテクトを	가드 프로텍트를
キャラバン	카라반
キャンプ	캠프
クルル	쿠룰
クレイメンが死んだ場所だよ	크레이멘이 죽은 곳이야
クレイメン艦	크레이멘함
ゲームを終了する	게임을 종료한다
コゲダマ	코게다마
コナナの巣	코나나의 둥지
ザアルナッツをやる	자알너트를 준다
システム解除	시스템 해제
シャドウフレア	섀도우 플레어
シャプリの巣	샤프리의 둥지
シンクロナイザ	싱크로나이저
シーカーどもの話、聞いたか？	시커 놈들 얘기 들었어？
スラ	슬라
ズースー	즈스
セストレン	세스트렌
ゾアハーベストをやる	조아 하베스트를 준다
タム・バクプロ	탐・바쿠프로
タム・リッサ＆タム・プロ	탐・릿사&탐・프로
タルバーニ	탈바니
タルメラン	탈메란
ツァスタバダイブ	차스타바 다이브
ツァスタバ専用機ソーマ	차스타바 전용기 소마
ツインブレイズ	트윈 블레이즈
テールアッパー	테일 어퍼
デルバーニ	델바니
デルメラン	델메란
トゥプナック	투프낙
トラコラ	토라콜라
ナアわヲ・<11><!89>\nタノらヨ＋<15><!89><08>セ。	ナアわヲ・<11><!89>\nタノらヨ＋<15><!89><08>セ。
ナーガのマユ1	나가의 누에고치1
ナーガのマユ2	나가의 누에고치2
ナーガのマユ3	나가의 누에고치3
ヌリシンハ	누리신하
ハイシュ	하이슈
ハヌマン＆強襲艦クオパ	하누만&강습함 쿠오파
ハヌマン＆強襲艦ハオト	하누만&강습함 하오토
ハンターなどに用はないよ	헌터 따위한테 볼일 없어
バイカから話は聞いたよ	바이카한테 얘기 들었어
バックアタック発動準備	백어택 발동 준비
バリスタ自律管制室	발리스타 자율 관제실
パエット…無事だったのか！	파에트…무사했구나!
パエットさんが買ってくれるそうですが	파에트 씨가 사주신다고 하는데
パラサイト	파라사이트
パラサイトスピン	파라사이트 스핀
フォス＆ウンブラ	포스&움브라
プロテクトってのがかかってるらしいんだ	프로텍트라는 게 걸린 듯해
ベルディスト	벨디스트
ペイン	페인
マサーン	마사안
ミシュティ	미슈티
メル=カヴァ中心炉	멜=카바 중심로
メル=カヴァ第2中心炉	멜=카바 제2중심로
メル=カヴァ船上	멜=카바 선상
メル=カヴァ船底	멜=카바 선저
ヤレドの店の隣だよ	야레드의 가게 옆이야
ラがまえをしとる	낯짝을 하고 있군
ラージガンを売る	라지건을 팔다
ルピス	루피스
ルーナ	루나
レリーフルーム	렐리프 룸
ロックヴァイパー	록 바이퍼
ロロス	로로스
ワシの名はラドガムだ	내 이름은 라드감이다
ワシらは、荒れ果てた故郷を捨てたんだ	우리는,황폐해진 고향을 버렸다
ワムシシ	와무시시
ンさ	다니까
ヴァダズム	바다즘
ヴァルナ級が採用される\nまでは主力戦艦だったが、\n今ではほとんどが廃艦に\nなっているらしい。\nしかし、兵装だけは今の\nものに替えられているので\n火力だけならヴァルナ級に\n匹敵する。	바르나급이 채용되기\n전까지는 주력\n전함이었지만,지금은\n대부분 폐함이 된\n듯하다.하지만\n무장만은 현재의\n것으로 교체돼 있어서\n화력만큼은 바르나급에\n필적한다.
一応、おまえと同業のつもりだよ	일단,나도 너랑 같은 업종이라고
七宝水	칠보수
七宝水乱射	칠보수 난사
中型戦艦タパス	중형전함 타파스
今のは…	방금 건
今度、俺の家に遊びに来いよ	다음에 우리 집에 놀러 와
今度ばかりは、ちょっと敵が多すぎたぜ	이번만큼은 적이 너무 많았어
仕事が欲しいなら、他をあたるがいい	일이 필요하면 다른 곳을 알아봐
体に触れる	몸에 닿다
何かあったら、また寄ってくれよ	무슨 일 있으면 또 들러줘
何が神の守護地だ…お笑いぐさだぜ	뭐가 신의 수호지야…웃기는 소리군
何も、ふみ倒そうってんじゃねえんだ	딱히,떼먹으려는 건 아니야
何を頼まれたか忘れたんじゃないだろうな	뭘 부탁받았는지 잊은 건 아니겠지
使えそうな部品を探してくるんだよ！	쓸 만한 부품을 찾아오는 거야!
俺…足をやられたんです	저…다리를 다쳤습니다
俺、もう少しドラゴンを見てるよ	나,조금 더 드래곤을 보고 있을게
俺、ラウルってんだ	나,라울이라고 해
俺、結局足手まといだったね…	저,결국 짐만 됐네요…
俺がここまで直したんだぜ	내가 여기까지 고친 거야
俺の事は、もうほっといてくれよ…	내 일은,이제 그만 좀 내버려 둬…
俺は、広場の方にいる	난,광장 쪽에 있을게
俺はひとりで生きていくんだ…	난 혼자서 살아갈 거야…
俺みたいな雇われハンターは、結構多いぜ	나 같은 고용 헌터는 꽤 많아
俺も連れてってくれよ	나도 데려가 줘
俺達が塔に行きたがってるのを知っていた	우리가 탑에 가려는 걸 알고 있었다
値切る	깎는다
値段は…こんなものでどうだ？	가격은…이 정도면 어때？
催涙ガス	최루가스
儀は塔に行かなきゃならない	기는 탑에 가야만 한다
光子砲	광자포
光子砲バリスタ	광자포 발리스타
光粒子レーザー	광입자 레이저
光粒子分散弾	광입자 분산탄
全滅しなかったのが、せめてもの救いです	전멸하지 않은 게 다행입니다
内臓は薬になるし、塩もとれる	내장은 약이 되고 소금도 나와
分離	분리
初陣とはそういうものだ	첫 출전이란 그런 것
別に…	별로…
別に、おまえが悪いわけじゃないって	딱히,네가 잘못한 건 아니라니까
副砲	부포
取り引きに来たのかい？	거래하러 온 거야？
司令塔から緊急信号を受信！	사령탑에서 긴급 신호를 수신!
各艦の健闘を祈る	건투를 빈다
合体	합체
合流するはずだったんだ	합류할 예정이었어
塔 1階 北	탑 1층 북
塔 1階 西	탑 1층 서
塔 2階	탑 2층
塔 3階	탑 3층
塔 4階	탑 4층
塔 5階	탑 5층
塔 6階	탑 6층
塔 7階 西	탑 7층 서
塔 8階 回転通路北□	탑 8층 회전통로 북문
塔 8階 回転通路東□	탑 8층 회전통로 동문
塔 8階 回転通路西□	탑 8층 회전통로 서문
塔 9階 回転通路北□	탑 9층 회전통로 북문
塔 9階 回転通路東□	탑 9층 회전통로 동문
塔 9階 回転通路西□	탑 9층 회전통로 서문
塔10階	탑10층
塔11階	탑11층
塔12階	탑12층
塔13階	탑13층
塔14階 北	탑14층 북
塔14階 東	탑14층 동
塔14階 西	탑14층 서
塔15階 東1	탑15층 동1
塔15階 西	탑15층 서
塔とつながったせいかな？	탑과 연결된 탓일까？
変な事聞く子だねえ	이상한 걸 묻는군
外の人間には秘密なんだ	밖의 사람들한테는 비밀이야
夜になったら来てくれよ	밤이 되면 와줘
夜はたいてい帰ってるからさ	밤에는 대개 돌아와 있으니까
夜間哨戒艇ドルヴァ	야간 초계정 돌바
夢を見てから、何か…	꿈을 꾸고 나서,뭔가…
大丈夫、ひとりでも戻れるからさ	괜찮아,혼자서도 돌아갈 수 있으니까
大丈夫、まかしときなって	괜찮아,맡겨두라니까
大型戦艦ナラカ	대형전함 나라카
大型誘導爆雷	대형 유도폭뢰
大変だねえ…	고생이네…
天敵であると同時に、生活の糧なんだよ	천적임과 동시에,생계 수단이기도 해
女っ気がねえと客足が鈍るからな	여자가 없으면 손님이 뜸해지니까
実は、あんたの事を待ってたんだ	실은,당신을 기다리고 있었어
実は、ここで仲間と会った後	실은,여기서 동료와 만난 후
実は、当分返せそうにねえんだ	실은,당분간 못 갚을 듯해
家から勝手に持ってっていいからさ、な？	집에서 맘대로 가져가도 돼,응？
家って、どこにあるんだ？	집이라니,어디에 있는 거야？
寄生グリグオリグ	기생 그리고리그
対空誘導弾	대공유도탄
少し…怖い	조금 무서워
帝国軍の中でも、特殊な\n任務につく部隊が使用する\n船だ。3方向に攻撃できる\n6連装誘導爆雷を積んで\nいる。\n爆雷点火から発射までには\n時間がかかるので、その\n間に爆雷を撃ち落とせば\n痛い目にあわずにすむ。	제국군 중에서도\n특수 임무 부대의 배.\n3방향 공격이 가능한\n6연장 유도폭뢰를\n싣고 있다.\n점화부터 발사까지\n시간이 걸리니\n그 사이 폭뢰를 쏘아\n떨어뜨리면 안전하다.
帝国軍の空中騎兵連隊が\n使っている戦闘機。\n運動性と引きかえに装甲が\n薄くなっていて、攻撃を\n受ければ、あっという間に\n墜落してしまう。\nしかし、腕のいい操縦士が\n扱えば、光の矢をかわす\nこともできる。	제국군 공중기병\n연대의 전투기.\n기동성과 맞바꿔\n장갑이 얇아 공격을\n받으면 순식간에\n추락해 버린다.\n하지만 솜씨 좋은\n조종사가 다루면\n빛의 화살도 피한다.
当階の警戒態勢を発令します…	이 층의 경계태세를 발령합니다…
彼女にとって、あそこは…	그녀에게 그곳은…
彼女は、塔を開く唯一の鍵だ	그녀는 탑을 여는 열쇠다
彼女も、旧世紀の産物だからな	그녀도 구세기의 산물이니까
心技型は\n3ゲージたまっている間\nBPが少しずつ回復する。\nBPが足りない時に有効。	심기형은\n게이지 3칸이 찬 동안\nBP가 조금씩 회복된다\nBP가 부족할 때 유효
心技型専用バーサークは\nケトキス(BP一定率回復)。\nアイテムを使わずに\nBPを回復できる。	심기형 전용 버서크는\n케토키스(BP 일정률\n회복)다.아이템을 쓰지\n않고도 BP를 회복할 수\n있다.
思念雷撃	사념뇌격
戦術揚陸母艦バリオー	전술양륙모함 바리오
戦闘機カルラ	전투기 카루라
拡散雷撃	확산뇌격
挑発	도발
捕食	포식
攻城砲	공성포
攻性生物どもに追い立てられるようにな	공성생물 놈들에게 쫓기듯이 말이야
攻性生物の体は、爪の先まで役立つもんさ	공성생물은 발톱 끝까지 쓸모가 있지
攻性生物の体液なんだけど…	공성생물의 체액인데…
攻撃型は\n3ゲージたまっている間に\n攻撃を受けると\n一定確率で反撃を行う。\nより多く攻撃したい時に有効。	공격형은 게이지가 3칸 차\n있는 동안 공격을 받으면\n일정 확률로 반격을 한다.\n더 공격하고 싶을 때 유효\n하다.
攻撃型専用バーサークは\nリューヴ(レーザー威力上昇)。\nレーザー攻撃で与えるダメージが\n大きくなる。	공격형 전용 버서크는\n류브(레이저 위력\n상승)다.레이저 공격으로\n주는 데미지가 커진다.
新天地を求めて、ここまで旅してきたが…	새 터전을 찾아 여기까지 왔지만…
旅に出てから、ずっと心細かったんです	여행을 떠난 뒤로 계속 불안했어요
旅人との取り引きも、大事な仕事だ	여행자와의 거래도,중요한 일이다
旅人や行商人がよく来るからな	여행자나 행상인이 자주 오니까
旗艦グリグオリグ	기함 그리고리그
旧式艦を改良したもの。\nエンジンの出力が弱く、\n火炎噴射砲しか積むことが\nできなかったらしいが、\n装甲には、最近発掘された\n素材を使っているようだ。	구식함을 개량한 것.\n엔진 출력이 약해\n화염분사포밖에\n못 실었다고 하나\n장갑에는 최근\n발굴된 소재를 쓴 듯.
早く！	빨리!
昔、帝都に現れたという\nドラゴンも、これと同じ\n姿をしていたらしい。\nこれが<01><01>の\n本当の姿なのだろうか。	옛날 제도에 나타난\n드래곤도 이것과 같은\n모습이었다 한다.\n이것이 <01><01>의\n진짜 모습일까.
昔の記録に、手がかりがあるかもしれない	옛 기록에 단서가 있을지도 모른다
最近、開放区によく行くらしいね	요즘,개방구에 자주 가는 것 같더라
未使用	미사용
極光	극광
標準型は\n3ゲージたまっている間\nHPが少しずつ回復する。\nHPが足りない時に有効。	표준형은\n게이지 3칸이 찬 동안\nHP가 조금씩 회복된다\nHP가 부족할 때 유효
標準型専用バーサークは\nケミトマ(HP一定率回復)。\nBPやアイテムを使わずに\nHPを回復できる。	표준형 전용 버서크는\n케미토마(HP 일정률\n회복)다.BP나\n아이템을 쓰지 않고도\nHP를 회복할 수 있다.
機動型は\n3ゲージたまると同時に\nステータス異常が回復する。\nステータス異常攻撃を行う\n敵に対して有効。	기동형은 게이지가 3칸\n차는 동시에 상태이상이\n회복된다.상태이상\n공격을 하는 적에게\n유효하다.
機動型専用バーサークは\nリューリア(ゲージ速度上昇)。\nより多くの行動を\n実行できるようになる。	기동형 전용 버서크는\n류리아(게이지 속도\n상승)다.더 많은 행동을\n실행할 수 있게 된다.
機能停止	기능정지
機能回復	기능회복
機銃乱射	기총 난사
欲しけりゃ持ってけよ	갖고 싶으면 가져가
歳のわりには、いいツラがまえをしとる	나이에 비해,낯짝이 좋구먼
気にする事はない	신경 쓰지 마라
水柱	물기둥
泥	흙
浄化装置000	정화장치000
浄化装置001	정화장치001
浄化装置002	정화장치002
液胞	액포
渓谷<05>最深部	계곡<05>최심부
渓谷地帯	계곡지대
湖に、トビタマが住み着いたらしいぜ	호수에,토비타마가 눌러앉은 듯해
湖上の艦隊戦	호수 위 함대전
灼熱の吐息	작열의 숨
炸裂弾	작렬탄
無し	없음
無知な連中は、これだから困るよな	무지한 놈들은,그래서 곤란하다니까
熱の息	열의숨
特0号噴進弾ヴァラーハ	특0호 분진탄 바라하
狩りができそうな歳にゃ見えなかったし…	사냥할 나이로는 안 보였고…
狩りだけでは生計が立てられんからな	사냥만으론 생계를 못 꾸리니까
生体エネルギー粒子炉	생체 에너지 입자로
生体弾乱射	생체탄 난사
甲殻手	갑각수
発射	발사
発射！	발사!
発掘品の加工が、俺の仕事でね	발굴품 가공이,내 일이라서 말이야
発掘所上空	발굴소 상공
発掘所周辺	발굴소근처
白熱光	백열광
皇帝砲	황제포
相棒と一緒に住んでるんだ	파트너랑 같이 살고 있어
相棒のアブネルから話は聞いてますよ	파트너인 아브넬한테 얘기 들었어요
眠っていた機能を、無理に開かれたみたい	잠든 기능이 억지로 열린 듯해
眼光	안광
砂漠の向こうで別のシーカーと	사막 너머에서 다른 시커와
砂漠の越え方は、俺が教えてやるよ	사막을 건너는 법은,내가 가르쳐줄게
神の恵みを、この目で見られるんだからね	신의 은혜를 이 눈으로 보니까
神聖区のために働くことなんだよ	성역을 위해 일하는 거야
神聖区の住民権を得るための近道はね…	신성구 주민권 얻는 지름길은…
私、生まれた村から出たことがなくって…	저,고향 마을을 나온 적이 없어서…
移動物感知	이동체 감지
移動砲台ハンサ	이동포대 한사
空中城砦艦ヴリトラ	공중요새함 브리트라
空中戦艦ヴァルナ・輸送型	공중전함 바루나・수송형
空中機雷	공중기뢰
空中船で脱出できたんでね	공중선으로 탈출했거든
突撃艦マルト	돌격함 마르트
粘着液	점액
結晶石爆発	결정석폭발
自爆	자폭
苦しいわけじゃないけど…	괴로운 건 아니지만…
蒼の大玉	푸른 옥
蒼の玉	청옥
行くぞ！	간다!
街の入□の横に、階段があるだろ	마을 입구 옆에 계단이 있잖아
街の入□の横にある階段を越えて…	마을 입구 옆 계단을 넘어서…
街や村を離れるほど、物騒になるからな	마을에서 멀어질수록 위험해지니까
要するに、余り物なんだ	결국,남는 물건이라는 거지
覚えてるか？	기억하고 있나?
触手	촉수
評議会も、その辺を考えてほしいね	평의회도 그 부분을 생각해줬으면 해
話があるんだ…あとで来てくれ	할 얘기가 있어…나중에 와줘
詳しい場所は、この地図に書いてある	자세한 장소는 이 지도에 적혀 있어
誘導爆雷艦カラ＆護衛機	유도폭뢰함 카라＆호위기
説明終了	설명 끝
誰の助けもいらないよ	누구의 도움도 필요 없어
近所の爺さんが、銃の修理を頼んできてね	이웃 할아버지가 총 수리를 맡겨서
近接対空弾	근접대공탄
逃げたりしないから	도망치지는 않을 테니까
連装式軽爆雷	연장식경폭뢰
違うのか？	아닌 거야?
違うわ…そういう時は、すぐわかるから	아니…그럴 땐 바로 알 수 있으니까
遣跡ゲオルギウス上空	유적 게오르기우스 상공
適当に持って行ってください	적당히 가져가 주세요
酸	산
重散弾	중산탄
重散弾砲出力上昇	중산포출력상승
重迎撃機ゲラキ	중요격기 게라키
量産ドラゴン	양산형드래곤
針千本	천침
鉤爪	갈퀴
開放区	개방구
防御型は\n3ゲージたまっている間\n防御力がさらに上昇する。\nHPを温存したい時に有効。	방어형은 게이지가 3개\n모여 있는 동안 방어력이\n더욱 상승한다.HP를\n아끼고 싶을 때 유효하다\n.
防御型専用バーサークは\nツァオ(防御力上昇)。\n敵の攻撃で受けるダメージを\nより小さくできる。	방어형 전용 버서크는\n차오(방어력\n상승).적의 공격으로\n받는 데미지를 더욱\n줄일 수 있다.
雨降らし	비 내리기
雷撃	뇌격
雷雲招集	뇌운소환
電磁発振砲	전자발진포
駆逐艦ヴァジュラ	구축함 바즈라
高射重砲	고사중포
！？	!?
  全	  전
  前	  앞
  右	  우
  左	  좌
  後	  뒤
 はい いいえ	 예  아니오
 前右	 앞우
 前左	 앞좌
 前後	 앞뒤
 可変	 가변
 左右	 좌우
 後右	 뒤우
 後左	 뒤좌
 ＋	 ＋
(        ■)	( ■)
(       ◆◆)	( ◆◆)
(      ■■■)	( ■■■)
(     ◆◆◆◆)	( ◆◆◆◆)
(    ■■■■■)	( ■■■■■)
(   ◆◆◆◆◆◆)	( ◆◆◆◆◆◆)
(   ！ ！   )	( ！！)
(   ？ ？   )	( ？？)
(  ■■■■■■■)	( ■■■■■■■)
(  ！     ！)	( ！！)
(  ？     ？)	( ？？)
( ◆◆◆◆◆◆◆◆)	( ◆◆◆◆◆◆◆◆)
( ！    ！  )	( ！！)
( ！  ！    )	( ！！)
( ？    ？  )	( ？？)
( ？  ？    )	( ？？)
(2匹目…)	(2마리째…)
(3体の敵を同時に攻撃できるやつだ)	(적 3체를 동시에 공격하는 녀석)
(<01><01>…よく寝ているな)	(<01><01>…잘 자고 있네)
(<01><01>が回復していく…)	(<01><01>이 회복되어 간다…)
(<01><01>が新しい力を…！)	(<01><01>이 새로운 힘을…!)
(<01><01>の力じゃ開かない！)	(<01><01>의 힘으로는 열리지 않아!)
(<03><01>★<03><05>★★★★★★★★<03>	(<03><01>★<03><05>★★★★★★★★<03>
(<03><01>★<03>\n★★★★★★★★<03>	(<03><01>★<03>\n★★★★★★★★<03>
(<03><01>★★<03><05>★★★★★★★<03>	(<03><01>★★<03><05>★★★★★★★<03>
(<03><01>★★<03>\n★★★★★★★<03>	(<03><01>★★<03>\n★★★★★★★<03>
(<03><01>★★★<03><05>★★★★★★<03>	(<03><01>★★★<03><05>★★★★★★<03>
(<03><01>★★★<03>\n★★★★★★<03>	(<03><01>★★★<03>\n★★★★★★<03>
(<03><01>★★★★<03><05>★★★★★<03>	(<03><01>★★★★<03><05>★★★★★<03>
(<03><01>★★★★<03>\n★★★★★<03>	(<03><01>★★★★<03>\n★★★★★<03>
(<03><01>★★★★★<03><05>★★★★<03>	(<03><01>★★★★★<03><05>★★★★<03>
(<03><01>★★★★★<03>\n★★★★<03>	(<03><01>★★★★★<03>\n★★★★<03>
(<03><01>★★★★★★<03><05>★★★<03>	(<03><01>★★★★★★<03><05>★★★<03>
(<03><01>★★★★★★<03>\n★★★<03>	(<03><01>★★★★★★<03>\n★★★<03>
(<03><01>★★★★★★★<03><05>★★<03>	(<03><01>★★★★★★★<03><05>★★<03>
(<03><01>★★★★★★★<03>\n★★<03>	(<03><01>★★★★★★★<03>\n★★<03>
(<03><01>★★★★★★★★<03><05>★<03>	(<03><01>★★★★★★★★<03><05>★<03>
(<03><01>★★★★★★★★<03>\n★<03>	(<03><01>★★★★★★★★<03>\n★<03>
(<03><03>♪<03><07>♪♪♪♪♪♪♪♪<03>	(<03><03>♪<03><07>♪♪♪♪♪♪♪♪<03>
(<03><03>♪♪<03><07>♪♪♪♪♪♪♪<03>	(<03><03>♪♪<03><07>♪♪♪♪♪♪♪<03>
(<03><03>♪♪♪<03><07>♪♪♪♪♪♪<03>	(<03><03>♪♪♪<03><07>♪♪♪♪♪♪<03>
(<03><03>♪♪♪♪<03><07>♪♪♪♪♪<03>	(<03><03>♪♪♪♪<03><07>♪♪♪♪♪<03>
(<03><03>♪♪♪♪♪<03><07>♪♪♪♪<03>	(<03><03>♪♪♪♪♪<03><07>♪♪♪♪<03>
(<03><03>♪♪♪♪♪♪<03><07>♪♪♪<03>	(<03><03>♪♪♪♪♪♪<03><07>♪♪♪<03>
(<03><03>♪♪♪♪♪♪♪<03><07>♪♪<03>	(<03><03>♪♪♪♪♪♪♪<03><07>♪♪<03>
(<03><03>♪♪♪♪♪♪♪♪<03><07>♪<03>	(<03><03>♪♪♪♪♪♪♪♪<03><07>♪<03>
(<03><04>♪<03><07>♪♪♪♪♪♪♪♪<03>	(<03><04>♪<03><07>♪♪♪♪♪♪♪♪<03>
(<03><04>♪♪<03><07>♪♪♪♪♪♪♪<03>	(<03><04>♪♪<03><07>♪♪♪♪♪♪♪<03>
(<03><04>♪♪♪<03><07>♪♪♪♪♪♪<03>	(<03><04>♪♪♪<03><07>♪♪♪♪♪♪<03>
(<03><04>♪♪♪♪<03><07>♪♪♪♪♪<03>	(<03><04>♪♪♪♪<03><07>♪♪♪♪♪<03>
(<03><04>♪♪♪♪♪<03><07>♪♪♪♪<03>	(<03><04>♪♪♪♪♪<03><07>♪♪♪♪<03>
(<03><04>♪♪♪♪♪♪<03><07>♪♪♪<03>	(<03><04>♪♪♪♪♪♪<03><07>♪♪♪<03>
(<03><04>♪♪♪♪♪♪♪<03><07>♪♪<03>	(<03><04>♪♪♪♪♪♪♪<03><07>♪♪<03>
(<03><04>♪♪♪♪♪♪♪♪<03><07>♪<03>	(<03><04>♪♪♪♪♪♪♪♪<03><07>♪<03>
(<03><05>★<03><01>★★★★★★★★<03>	(<03><05>★<03><01>★★★★★★★★<03>
(<03><05>★★<03><01>★★★★★★★<03>	(<03><05>★★<03><01>★★★★★★★<03>
(<03><05>★★★<03><01>★★★★★★<03>	(<03><05>★★★<03><01>★★★★★★<03>
(<03><05>★★★★<03><01>★★★★★<03>	(<03><05>★★★★<03><01>★★★★★<03>
(<03><05>★★★★★<03><01>★★★★<03>	(<03><05>★★★★★<03><01>★★★★<03>
(<03><05>★★★★★★<03><01>★★★<03>	(<03><05>★★★★★★<03><01>★★★<03>
(<03><05>★★★★★★★<03><01>★★<03>	(<03><05>★★★★★★★<03><01>★★<03>
(<03><05>★★★★★★★★<03><01>★<03>	(<03><05>★★★★★★★★<03><01>★<03>
(<03><05>プロテクトキー1<03>	(<03><05>프로텍트 키 1<03>
(<03><05>プロテクトキー2<03>	(<03><05>프로텍트 키 2<03>
(<03><05>プロテクトキー3<03>	(<03><05>프로텍트 키 3<03>
(<03><05>プロテクトキー<03>	(<03><05>프로텍트 키<03>
(<03><07>♪<03><03>♪♪♪♪♪♪♪♪<03>	(<03><07>♪<03><03>♪♪♪♪♪♪♪♪<03>
(<03><07>♪<03><04>♪♪♪♪♪♪♪♪<03>	(<03><07>♪<03><04>♪♪♪♪♪♪♪♪<03>
(<03><07>♪♪<03><03>♪♪♪♪♪♪♪<03>	(<03><07>♪♪<03><03>♪♪♪♪♪♪♪<03>
(<03><07>♪♪<03><04>♪♪♪♪♪♪♪<03>	(<03><07>♪♪<03><04>♪♪♪♪♪♪♪<03>
(<03><07>♪♪♪<03><03>♪♪♪♪♪♪<03>	(<03><07>♪♪♪<03><03>♪♪♪♪♪♪<03>
(<03><07>♪♪♪<03><04>♪♪♪♪♪♪<03>	(<03><07>♪♪♪<03><04>♪♪♪♪♪♪<03>
(<03><07>♪♪♪♪<03><03>♪♪♪♪♪<03>	(<03><07>♪♪♪♪<03><03>♪♪♪♪♪<03>
(<03><07>♪♪♪♪<03><04>♪♪♪♪♪<03>	(<03><07>♪♪♪♪<03><04>♪♪♪♪♪<03>
(<03><07>♪♪♪♪♪<03><03>♪♪♪♪<03>	(<03><07>♪♪♪♪♪<03><03>♪♪♪♪<03>
(<03><07>♪♪♪♪♪<03><04>♪♪♪♪<03>	(<03><07>♪♪♪♪♪<03><04>♪♪♪♪<03>
(<03><07>♪♪♪♪♪♪<03><03>♪♪♪<03>	(<03><07>♪♪♪♪♪♪<03><03>♪♪♪<03>
(<03><07>♪♪♪♪♪♪<03><04>♪♪♪<03>	(<03><07>♪♪♪♪♪♪<03><04>♪♪♪<03>
(<03><07>♪♪♪♪♪♪♪<03><03>♪♪<03>	(<03><07>♪♪♪♪♪♪♪<03><03>♪♪<03>
(<03><07>♪♪♪♪♪♪♪<03><04>♪♪<03>	(<03><07>♪♪♪♪♪♪♪<03><04>♪♪<03>
(<03><07>♪♪♪♪♪♪♪♪<03><03>♪<03>	(<03><07>♪♪♪♪♪♪♪♪<03><03>♪<03>
(<03><07>♪♪♪♪♪♪♪♪<03><04>♪<03>	(<03><07>♪♪♪♪♪♪♪♪<03><04>♪<03>
(<03>\n★<03><01>★★★★★★★★<03>	(<03>\n★<03><01>★★★★★★★★<03>
(<03>\n★★<03><01>★★★★★★★<03>	(<03>\n★★<03><01>★★★★★★★<03>
(<03>\n★★★<03><01>★★★★★★<03>	(<03>\n★★★<03><01>★★★★★★<03>
(<03>\n★★★★<03><01>★★★★★<03>	(<03>\n★★★★<03><01>★★★★★<03>
(<03>\n★★★★★<03><01>★★★★<03>	(<03>\n★★★★★<03><01>★★★★<03>
(<03>\n★★★★★★<03><01>★★★<03>	(<03>\n★★★★★★<03><01>★★★<03>
(<03>\n★★★★★★★<03><01>★★<03>	(<03>\n★★★★★★★<03><01>★★<03>
(<03>\n★★★★★★★★<03><01>★<03>	(<03>\n★★★★★★★★<03><01>★<03>
(<03>\n停泊中の艦隊<03>	(<03> 정박\n중인 함대<03>
(<03>\n内側から攻める<03>	(<03> 안쪽에서\n공격한다<03>
(…1、2、3…)	(…1,2,3…)
(…あと2つ)	(…앞으로 2개)
(…あと3つ)	(…앞으로 3개)
(…あと4つ)	(…앞으로 4개)
(…あとひとつか)	(…앞으로 하나인가)
(…あのワームの親かな)	(…저 웜의 부모인가)
(…あの船？ …いや、船の中か！？)	(…저 배?…아니,배 안인가!?)
(…あるべき、本当の姿！？)	(…있어야 할,진짜 모습!?)
(…あれ？)	(…어라?)
(…え？)	(…어?)
(…こいつの他にもドラゴンが！？)	(…이 녀석 말고도 드래곤이!?)
(…ここと崖をつないで通れれば、)	(…여기와 절벽을 이으면,)
(…ここを通れば、)	(…여기를 지나가면,)
(…さては、儀らを親と間違えたな)	(…우릴 부모로 착각한 건가)
(…だけど…)	(…하지만…)
(…だめだ、とっくに冷たくなってる)	(…안 되겠어,벌써 차갑게 식었어)
(…だめだな、閉鎖されてる…)	(…안 되겠네,폐쇄돼 있어…)
(…というわけか)	(…그런 거였군)
(…とにかく、)	(…아무튼,)
(…どういう意味だ？)	(…무슨 의미지?)
(…どうやら先回りできたらしいな)	(…아무래도 먼저 도착한 모양이군)
(…まだ、はめる場所が5つある)	(…아직,끼울 곳이 5개 있다)
(…まだ、はめる場所が6つある)	(…아직,끼울 곳이 6개 있다)
(…もうメッセージは送られてこない…)	(…이제 메시지는 오지 않는다…)
(…やっぱり、)	(…역시,)
(…やっぱり、この遣跡…)	(…역시,이 유적…)
(…キー、ということは…)	(…키,라는 건…)
(…プロテクトキー2か…)	(…프로텍트 키 2인가…)
(…一体、どういうことだ？)	(…대체,어떻게 된 거지?)
(…予想以上に帝国軍の動きが速い…)	(…예상보다 제국군이 빠르다…)
(…今のは、あの時のドラゴン！！)	(…방금 그건,그때의 드래곤!!)
(…塔と何か関係あるのか…？)	(…탑과 뭔가 관계있는 건가…?)
(…森の上に続いているな)	(…숲 위로 이어져 있군)
(…生体兵装…？)	(…생체병장…?)
(…貴重なものはほとんど尋われてるな)	(…귀중한 물건은 거의 다 털렸군)
(…！？ …何だ！？)	(…!?…뭐지!?)
(…！？)	(…!?)
(…？)	(…?)
(■        )	(■ )
(■■■      )	(■■■ )
(■■■■■    )	(■■■■■ )
(■■■■■■■  )	(■■■■■■■ )
(◆◆       )	(◆◆ )
(◆◆◆◆     )	(◆◆◆◆ )
(◆◆◆◆◆◆   )	(◆◆◆◆◆◆ )
(◆◆◆◆◆◆◆◆ )	(◆◆◆◆◆◆◆◆ )
(「やばい本」って、これのことか…)	(「위험한 책」이 이건가…)
(「守人」のラーダだ…)	(「수호자」의 라다다…)
(「探索兵」のペレツだ…)	(「탐색병」의 페레츠다…)
(「探索兵」のラグだ)	(「탐색병」의 라그다)
(「探索兵」のラグだ…)	(「탐색병」의 라그다…)
(あ…起こしちゃったかな)	(아…깨워버린 건가)
(あ…転んだ)	(아…넘어졌다)
(あいつの体…)	(그 녀석의 몸…)
(あそこからはもう入れないな)	(저기서는 이제 들어갈 수 없겠군)
(あちこち直した跡がある)	(여기저기 고친 흔적이 있다)
(あっ、戦艦が……くずれてゆく…)	(앗,전함이……무너져 간다…)
(あと少し…)	(조금만 더…)
(あの<03>\n黒い遣跡の所<03>	(저<03>\n검은 유적<03>
(あのつぼには薬品が入っているらしい)	(저 항아리엔 약품이 든 듯)
(あのガーディアンが起動するように)	(저 가디언이 작동하도록)
(あのシーカーは…エフタとかいったな)	(저 시커는…에프타라고 했었나)
(あの人…ヤエルという名だったな)	(저 사람…야엘이라는 이름이었지)
(あの動力源を破壊すれば！！)	(저 동력원을 파괴하면!!)
(あの場所からのメッセージだ…)	(저 장소에서 온 메시지다…)
(あの子の名は…確かローダといったな)	(저 아이 이름은…분명 로다랬지)
(あの強力なバリアを何とかしないと！)	(저 배리어를 어떻게든 해야 해!)
(あの服装は…シーカーだな)	(저 복장은…시커로군)
(あの男がここの主人らしい)	(저 남자가 이곳의 주인인 듯하다)
(あの男は旅人らしい…)	(저 남자는 여행자인 듯하다…)
(あの袋も作物入りらしい)	(저 자루도 작물이 든 듯하다)
(あの遣跡からのメッセージか？…)	(저 유적에서 온 메시지인가?…)
(あの遣跡からのメッセージだ…)	(저 유적에서 온 메시지다…)
(あの部屋には食料が蓄えてあるらしい)	(저 방에는 식량이 비축된 듯)
(あの黒い船…クレイメン艦隊！)	(저 검은 배…크레이멘 함대!)
(あまりいいエサじゃないな…)	(별로 좋은 먹이는 아니군…)
(あれ、ガッシュがいない…)	(어라,가슈가 없다…)
(あれから目覚める様子はない…)	(그 뒤로 깨어날 기미가 없다…)
(あれが「護り火」の火種…)	(저것이 「수호의 불」의 불씨…)
(あれだな…)	(저거로군…)
(あれは…塔！)	(저것은…탑!)
(あれは…隊長！！)	(저것은…대장!!)
(あれは！！)	(저것은!!)
(あれ？ あの子は…)	(어라?저 아이는…)
(あれ？ この下に落ちてるのは…)	(어라?이 아래에 떨어진 건…)
(あれ？ この人…確か、ゾアの街の…)	(어라?이 사람…분명 조아의…)
(あれ？ 機嫌を悪くしたみたいだ)	(어라?기분이 나빠진 듯하다)
(あんな所にも何か置いてあるな)	(저런 곳에도 뭔가 놓여있군)
(いつ通ってもすごいな…)	(언제 지나가도 대단하군…)
(いや…移動してる…)	(아니…이동하고 있어…)
(いや、あの沈んでた黒い遣跡！)	(아니,그 가라앉았던 검은 유적!)
(いや、今は戻ってる場合じゃない)	(아니,지금은 돌아갈 때가 아니야)
(いろんな物が雑多に積み上げてある)	(여러 가지 물건이 뒤섞여 쌓였다)
(うわぁ！どうしたんだ一体！？)	(우와!대체 무슨 일이야!?)
(おかしいな…)	(이상하군…)
(お互い、生きのびられればいいけど…)	(서로 살아남으면 좋겠는데…)
(かなり使い込んであるな…)	(꽤 많이 쓴 티가 나는군…)
(かなり昔に作られた物だな…)	(꽤 오래전에 만들어진 물건이군…)
(かなり細工が行き届いてるな)	(꽤 정교하게 세공이 되어 있군)
(かまってほしいのかな？)	(신경 써주길 바라는 걸까?)
(かまどの中で残り火が燃えている)	(아궁이에 남은 불씨가 타고 있다)
(きっと何かの鍵が必要なんだな…)	(분명 뭔가 열쇠가 필요하겠지…)
(きれいに手入れしてあるけど…)	(깨끗하게 손질되어 있지만…)
(くそっ、攻撃が効かない！)	(젠장,공격이 안 통해!)
(くそっ！！…)	(젠장!!…)
(ぐっすり寝ているな…)	(푹 자고 있군…)
(こいつ、どうして旧世紀の船の中に…)	(이 녀석,어째서 구세기 배에…)
(こいつにはりついて行こう)	(이 녀석에게 달라붙어서 가자)
(こいつにも名前がいるかな…)	(이 녀석에게도 이름이 필요할까…)
(こいつの真下の方が安全か…)	(이 녀석 바로 아래가 안전한가…)
(こいつも、変わった男だな)	(이 녀석도,특이한 남자군)
(こいつを乗りこなすのは大変そうだ)	(이 녀석을 잘 다루긴 힘들겠다)
(こいつを使って、ここの遣跡の封印を)	(이것을 써서,이곳 유적의 봉인을)
(こいつを沈めれば…)	(이 녀석을 가라앉히면…)
(こいつを破壊すれば…)	(이 녀석을 파괴하면…)
(こういう事には一生懸命なんだな)	(이런 일에는 열심이군)
(ここから先は警戒が厳しいな…)	(여기서부터는 경계가 삼엄하군…)
(ここから先へは戻れそうにないな…)	(여기서부턴 못 돌아갈 듯하군…)
(ここから向こう側に光を入れるのか)	(여기서 저쪽으로 빛을 넣는 건가)
(ここがウルか！)	(여기가 울인가!)
(ここが中心部か！？)	(여기가 중심부인가!?)
(ここで全冥分の食事を作るらしい)	(여기서 모두의 식사를 만드는 듯)
(ここで教典を焼くような奴は)	(여기서 경전을 태우는 녀석은)
(ここになら<03><05>船の部品<03>	(여기라면<03><05>배의 부품<03>
(ここにはあんな生き物までいるのか)	(여기엔 저런 생물까지 있는 건가)
(ここにもいたか)	(여기에도 있었나)
(ここに来た人が立てていくのかな…)	(온 사람이 세워두고 가는 걸까…)
(ここの北側だとか言ってたかな…)	(여기 북쪽이라고 했었나…)
(ここは…)	(여기는…)
(ここはもう破壊したはず…)	(여기는 이미 파괴했을 텐데…)
(ここまでをもう一度調べてみるか…)	(여기까지 다시 조사해볼까…)
(ここも<01><01>には無理か)	(여기도 <01><01>에게는 무리인가)
(ここを落ちて遣跡で気づくまでの間…)	(떨어져 유적에서 깨어날 때까지…)
(ここを解除すると、)	(여기를 해제하면,)
(ここを越えては行けそうにないな…)	(여기서 더는 갈 수 없을 듯…)
(ここ以外に森の中へは入れないな)	(여기 말고는 숲에 못 들어가겠군)
(こちらには気づく様子もないな)	(이쪽은 눈치챈 기색이 없군)
(こっちが気になるみたいだ)	(이쪽이 신경 쓰이는 듯하다)
(こっちを気にしてるみたいだ…)	(이쪽을 신경 쓰고 있는 듯…)
(このはしごはずいぶん低いな…)	(이 사다리는 꽤 낮군…)
(このままじゃ、長くはもたないぞ)	(이대로는,오래 버티지 못해)
(このまま北へ飛べばたどり着ける！)	(이대로 북쪽으로 날면 닿겠어!)
(この位置からだと、よくわからないな)	(이 위치에서는,잘 모르겠군)
(この光が街を照らしているのか…)	(이 빛이 마을을 비추는 건가…)
(この前来た時に)	(지난번에 왔을 때)
(この向こうは通路になっているらしい)	(이 너머는 통로로 된 듯)
(この奥に何があるんだろう？)	(이 안쪽에 뭐가 있는 걸까?)
(この巨体を沈めるには…)	(이 거대한 몸을 가라앉히려면…)
(この本は相当読みふるしてあるな…)	(이 책은 많이 읽어서 낡았군…)
(この本棚は、新しい本が多いな…)	(이 책장은,새 책이 많군…)
(この柱は、攻性生物の殻で作ってある)	(이 기둥은 공성생물 껍질이다)
(この機械、まだ生きている…)	(이 기계,아직 작동한다…)
(この機械は壊れているらしい)	(이 기계는 고장난 듯하다)
(この機械を使ったんだろうか)	(이 기계를 썼던 걸까)
(この穀物は売り物らしい)	(이 곡물은 판매용인 듯하다)
(この紋章に埋まってるのって…)	(이 문장에 파묻혀 있는 건…)
(この臭い、何とかならないかな！)	(이 냄새,어떻게 좀 안 될까!)
(この街に関する記録らしい…)	(이 마을에 관한 기록인 듯하다…)
(この街の住人の基標らしい…)	(이 마을 주민의 표지인 듯하다…)
(この街の実力者のようだが…)	(이 마을의 실력자인 듯한데…)
(この袋には、旅の荷物が入っている)	(이 자루에는,여행 짐이 들어있다)
(この辺りに住んでいる奴かな)	(이 근처에 사는 녀석인가)
(この道具箱、ずっと放ってあるのかな)	(이 도구함,계속 방치된 걸까)
(この遣跡が眠っているせいかな…)	(이 유적이 잠든 탓일까…)
(この遣跡で何をしようとしてるんだ？)	(이 유적에서 뭘 하려는 거지?)
(この部品は組み立ての途中みたいだ)	(이 부품은 조립하다 만 듯하다)
(この銃で攻性生物と戦ったのか…)	(이 총으로 공성생물과 싸웠나…)
(これかな？)	(이건가?)
(これからは自分との闘いだ！)	(지금부터는 자신과의 싸움이다!)
(これが…全部さっきと同じ物なのか…)	(이게…전부 아까와 같은 물건인가)
(これが、さっきの遣跡が言っていた)	(이것이,아까 그 유적이 말했던)
(これが、旅で使う水袋になるんだな)	(여행에 쓸 물주머니가 되는 거군)
(これがキーってことは、)	(이것이 열쇠라는 건,)
(これが全部、ここの住人のものなのか)	(이게 전부,이곳 주민들의 것인가)
(これが！？)	(이게!?)
(これじゃ、すぐ破れてしまうな)	(이래서는,금방 찢어져 버리겠군)
(これだけ戦闘を繰り返せば当然か…)	(이만큼 싸웠으니 당연한가…)
(これで2つ目…)	(이걸로 2번째…)
(これで3つ目…)	(이걸로 3번째…)
(これで、お互い命の恩人どうしか)	(이걸로 서로 생명의 은인이군)
(これで、約束は果たしたな…)	(이걸로,약속은 지켰군…)
(これでこの遣跡の封印が1つ解けた、)	(이 유적의 봉인이 하나 풀렸다,)
(これで塔に行ける…)	(이걸로 탑에 간다…)
(これで役に立つ物が作れるのかな？)	(이걸로 쓸 만한 물건을 만들까?)
(これで最後か？)	(이걸로 마지막인가?)
(これなのか！？)	(이거였나!?)
(これは…ドラゴン？)	(이건…드래곤?)
(これは…一体…)	(이건…대체…)
(これは！ さっきと同じ！？)	(이건!아까와 같잖아!?)
(これも、旧世紀の発掘品なのかな)	(이것도,구세기 발굴품인 걸까)
(これもパエットが作ったのかな)	(이것도 파에트이 만든 걸까)
(これも修理する気なのかな)	(이것도 수리할 생각인 걸까)
(これ以上話をする気はないらしい)	(더 얘기할 생각은 없는 듯하다)
(こんなに食料の蓄えがあるなんて…)	(이렇게나 식량 비축이 있다니…)
(こんな大きな物、よく持ち込んだな)	(이렇게 큰 물건을,용케 가져왔군)
(こんな所にまで来るとはなあ…)	(이런 곳까지 오다니…)
(さすがにまいってるみたいだな…)	(역시 지친 듯하군…)
(さっき<03>\n鍵を取った場所<03>	(아까<03> 열쇠를\n가져간 장소<03>
(さっきと同じ要領だな)	(아까와 같은 요령이군)
(さっきのがスイッチだったのか……)	(아까 그게 스위치였던 건가……)
(さっきのが動力源じゃないのか！？)	(아까 그게 동력원이 아닌가!?)
(さっきの場所には戻れなくなったな…)	(아까 그곳으로는 못 돌아가겠군…)
(さっきの巨石がはまってる…)	(아까 그 거석이 끼워져 있다…)
(さっきは新記録をだせたけど)	(아까는 신기록을 세웠지만)
(しかたない、他に道を探そう…)	(어쩔 수 없지,다른 길을 찾자…)
(しょうがない)	(어쩔 수 없다)
(じきに目が覚めるだろう)	(곧 눈을 뜨겠지)
(じっと座ったままだ…)	(가만히 앉아 있다…)
(すぐにもここを出られそうなのに)	(당장이라도 나갈 수 있을 듯한데)
(すごく大きなかまどだ)	(엄청 큰 아궁이다)
(すごく暗い雰囲気だ…)	(엄청 어두운 분위기다…)
(すっかり回復したな)	(완전히 회복했군)
(ずいぶん勝ち誇った感じだ…)	(꽤나 의기양양한 느낌이다…)
(ずいぶん古びた焼却炉だ)	(꽤 낡은 소각로다)
(ずいぶん古びた箱だな…)	(꽤 낡은 상자군…)
(ずいぶん派手にやってくれたな)	(꽤나 화려하게 해놨군)
(ずいぶん立派なかまどだ…)	(꽤 훌륭한 아궁이다…)
(ずいぶん蓄えが多いな…)	(꽤 비축이 많군…)
(ずいぶん薄い布で包んである…)	(꽤 얇은 천으로 싸여 있다…)
(ずいぶん身なりのいい男だ)	(꽤 차림새가 좋은 남자다)
(せいぜいひとり分の大きさしかないな)	(한 사람 크기밖에 안 되는군)
(そういうことなのか？)	(그런 거였나?)
(そういえば…)	(그러고 보니…)
(そうだ、ハンターのラドガムって人だ)	(맞다,헌터 라드감이라는 사람이다)
(そうだ、砂漠で同じ物を見たな！)	(맞아,사막에서 같은 걸 봤었지!)
(その間の記憶が全くない…)	(그 사이의 기억이 전혀 없다…)
(そばに染料も置いてあるな…)	(옆에 염료도 놓여 있군…)
(それがあれば、ここで何かが起きる…)	(그게 있으면 뭔가 일어난다…)
(それに、帝国軍も放っておけないし…)	(제국군도 그냥 둘 수 없고…)
(それにしても)	(그건 그렇고)
(それにしても、ずいぶん大きいな…)	(그건 그렇고,꽤나 크군…)
(それに数も…)	(게다가 수도…)
(そんなにドラゴンが見たかったのかな)	(그렇게 드래곤이 보고 싶었을까)
(たき火が燃えている…)	(모닥불이 타오르고 있다…)
(たき火の跡だ)	(모닥불의 흔적이다)
(たぶん…何かの装置だな)	(아마…뭔가의 장치겠지)
(たぶん、塔をよみがえらせるために)	(아마,탑을 되살리기 위해서)
(たぶん、森に住む小動物の肉だろう)	(아마 숲의 작은 동물 고기겠지)
(だから、ガッシュが操作できたのか)	(그래서 가슈가 조작할 수 있었나)
(だけど、これで攻性生物もこの辺りに)	(하지만 이걸로 공성생물도 근처에)
(ちっ！)	(칫!)
(ちょっと動かしてみよう)	(조금 움직여보자)
(ちょっと大きすぎじゃないかな)	(좀 너무 큰 거 아닐까)
(ちょっと機嫌が良くなったかな…)	(조금 기분이 좋아진 걸까…)
(つぼにはみんな封がしてある)	(항아리에는 모두 봉인이 돼 있다)
(つぼにはみんな封をしてあるな)	(항아리에는 모두 봉인을 해놨군)
(つまり…、)	(즉…,)
(でも、あまり使った跡がないな)	(하지만,별로 쓴 흔적이 없군)
(でも、ちょっともったいなかったかな)	(하지만,조금 아까웠나)
(でも、どうして突然…)	(하지만,왜 갑자기…)
(でも、よく手入れされている)	(하지만,손질이 잘 돼 있다)
(でも、手入れは行き届いている)	(하지만,손질은 잘 돼 있다)
(とにかく、本人に話を聞かないと…)	(아무튼 본인에게 얘기를 들어야…)
(ともあれ、2つ目の封印は解いたんだ)	(어쨌든,두 번째 봉인은 풀었다)
(どうしてついて来たんだろう？)	(왜 따라온 걸까?)
(どうして嫌われてるんだろう？)	(왜 미움받고 있는 걸까?)
(どうやっても開かないな…)	(아무리 해도 열리지 않는군…)
(どこかで制御しているのか？)	(어딘가에서 제어하는 건가?)
(どこかに、なかったかな…)	(어딘가에,없었나…)
(どこかにスイッチがあるはずなんだが)	(어딘가에 스위치가 있을 텐데)
(どこかに入□がありそうなものだけど)	(어딘가에 입구가 있을 듯한데)
(どれも使い込んであるな)	(어느 것이나 많이 쓴 티군)
(どれも手が加えてあるな…)	(어느 것이나 손댄 흔적이 있군…)
(どれも長い間使ってないらしい)	(어느 것이나 오래 안 쓴 듯하다)
(なきがらを布で包んである)	(시신을 천으로 감싸 놓았다)
(なぜ、ここにシーカーがいるんだ？)	(왜,여기에 시커가 있는 거지?)
(なるほど、こういうしかけか…)	(그렇군,이런 장치였나…)
(なるほど、入□は開いたけど…)	(그렇군,입구는 열렸지만…)
(なるほど、通路はつながったけど…)	(그렇군,통로는 이어졌지만…)
(なんだ…頭に声が響いてくる…)	(뭐지…머릿속에 목소리가 울린다…)
(なんだ…？)	(뭐지…?)
(なんだか、ふしぎな感じがする…)	(어쩐지,이상한 느낌이 든다…)
(なんだ！？)	(뭐야!?)
(なんて強さだ…)	(엄청난 강함이다…)
(なんでこんなところに…？)	(왜 이런 곳에…?)
(はしごが立てかけてある)	(사다리가 세워져 있다)
(はしごが立てかけてある…)	(사다리가 세워져 있다…)
(ひどい熱だ…)	(심한 열이다…)
(ふしぎな光を発している)	(신비한 빛을 내고 있다)
(ふしぎな男だな…)	(이상한 남자군…)
(ぶあつい写本だ)	(두꺼운 필사본이다)
(まあ、こいつは後回しにしよう)	(뭐,이건 나중으로 미루자)
(まさか…帝国軍のじゃないだろうな)	(설마…제국군 것은 아니겠지)
(まずは1匹)	(우선 1마리)
(また変化があったかもしれない)	(또 변화가 있었을지도 모른다)
(また奴らか！)	(또 그놈들인가!)
(また騒がしくなった)	(또 소란스러워졌다)
(まだ、かなり油が残っている…)	(아직,기름이 꽤 남아 있다…)
(まだ、はめる場所が7つある…)	(아직,끼울 곳이 7개 있다…)
(まだか…)	(아직인가…)
(まだこんなに！)	(아직 이렇게나!)
(まだ光の粒子が吐き出されてる！)	(아직 빛의 입자가 뿜어 나와!)
(まだ沈まない…)	(아직 가라앉지 않는다…)
(まだ食べる気なのか？)	(아직 먹을 생각인가?)
(まめに相手をしていたせいかな？)	(꾸준히 상대해준 덕분일까?)
(まわりが浮き上がってきてる！)	(주변이 떠오르고 있어!)
(みんな、こんな風に死んでいくのか…)	(모두 이렇게 죽어가는 건가…)
(めしべ？)	(암술?)
(もう一度挑戦するか？)	(다시 한번 도전할까?)
(もう少しだ…)	(조금만 더다…)
(もし、このまま目覚めなかったら…)	(만약,이대로 깨어나지 않는다면…)
(もっと近よってみよう)	(좀 더 가까이 가보자)
(もっと近よって調べてみよう)	(좀 더 가까이 가서 조사해보자)
(やっぱり、ドラゴンの子供なのかな？)	(역시,드래곤의 새끼인 걸까?)
(やっぱり、動力源を叩かないと！)	(역시,동력원을 부숴야 해!)
(やっぱりだ…)	(역시나…)
(やっぱりシーカーなのかな)	(역시 시커인 걸까)
(やれやれ、やっと一段落だな)	(아이고,드디어 한숨 돌렸군)
(よかった…安心したようだ)	(다행이다…안심한 모양)
(よく見ると、まだ何か残ってるな…)	(보니 아직 뭔가 남아 있군…)
(よし、もう一度挑戦だ！)	(좋아,다시 한번 도전이다!)
(よし、森に入ろう！)	(좋아,숲으로 들어가자!)
(よし、森の上へ出よう！)	(좋아,숲 위로 나가자!)
(わかるってことか…)	(안다는 건가…)
(わき目もふらずに調べている…)	(한눈도 팔지 않고 조사한다…)
(わざと儀を無視してるみたいだ…)	(일부러 나를 무시하는 듯하다…)
(わりといい燃料を使ってるな)	(제법 좋은 연료를 쓰고 있군)
(ん？ …体の下に、銃が落ちているな)	(음?몸 아래에 총이 떨어졌군)
(ん？ よく見るとまだ何か残ってるぞ)	(음?보니 아직 뭔가 남아 있어)
(アゼル…まだ目が覚めないのか)	(아젤…아직 눈을 뜨지 않는 건가)
(アゼルが寝ていた寝床だ)	(아젤이 자고 있던 잠자리다)
(アゼルのそばに何か置いてある)	(아젤 곁에 뭔가 놓였다)
(アゼルは、じっと発掘物を見ている)	(아젤은 가만히 발굴물을 본다)
(アゼルは連れて行けないな)	(아젤은 데려갈 수 없군)
(アゼル！！)	(아젤!!)
(アリ地獄に落ちる事あるんだ…)	(개미지옥에 빠지는 일도 있구나…)
(エレベータのロックだ)	(엘리베이터의 잠금장치다)
(エレベーターも壊れたし…)	(엘리베이터도 고장났고…)
(エンジンの伝達線だ)	(엔진의 전달선이다)
(ガッシュ、つらそうだな…)	(가슈,힘들어 보이는군…)
(ガッシュが言ってた「処置」って…)	(가슈가 말했던 「처치」라는 게…)
(ガッシュはなぜ使いをよこしたのかな)	(가슈는 왜 심부름꾼을 보낸 걸까)
(ガラクタが山のように積み上げてある)	(잡동사니가 산더미처럼 쌓였다)
(ガラクタの山に布をかぶせてある)	(잡동사니 더미에 천을 덮어 놨다)
(キャラバンのリーダーか…)	(카라반의 리더인가…)
(クレイメンとやりあったのか……)	(크레이멘과 맞붙었던 건가……)
(クレイメンの言っていたゲートって…)	(크레이멘이 말한 게이트라는 게…)
(クレイメン達の目的って…)	(크레이멘들의 목적이란…)
(クーリアのエサが置いてある)	(쿠리아의 먹이가 놓였다)
(クーリアのフンを固めた燃料の火だ)	(쿠리아 똥을 굳힌 연료의 불이다)
(クーリアの変種にも見えるな…)	(쿠리아의 변종처럼도 보이는군…)
(ゲートのようだけど…)	(게이트인 듯한데…)
(ザアルの実か…確かに高価なものだ)	(자알 열매인가…꽤 값비싼 물건)
(シーカーがやったのか？)	(시커가 한 짓인가?)
(シーカーの女の子だ)	(시커의 여자아이다)
(スナグサの実が入っている)	(스나구사 열매가 들어있다)
(ゾアの街で手に入れた旧世紀の機械だ)	(조아에서 얻은 구세기 기계다)
(ゾアの街にいたハンターだ)	(조아 마을에 있던 헌터다)
(ゾアの街にいたハンターの死体だ…)	(조아에 있던 헌터의 시체다…)
(テーブルがかたづけてある)	(테이블이 정리돼 있다)
(ドラゴンじゃダメってことか)	(드래곤으로는 안 된다는 건가)
(ドラゴンでいいか)	(드래곤이면 되나)
(ドラゴンと鍵があれば、)	(드래곤과 열쇠가 있으면,)
(ドラゴンに関する本もあるみたいだ)	(드래곤에 관한 책도 있는 듯)
(ドラゴンの幻だ…)	(드래곤의 환영이다…)
(ドラゴンの紋章…！？)	(드래곤의 문장…!?)
(ドラゴンを尋われた…？)	(드래곤을 빼앗겼다…?)
(ハンターがよく使う携帯ランプだ)	(헌터가 자주 쓰는 휴대용 램프다)
(ハンターが弾薬入れによく使っている)	(헌터가 탄약통으로 자주 쓴다)
(ハンターが身につける防具だ)	(헌터가 착용하는 방어구다)
(ハンターのラドガムだ…)	(헌터의 라드검이다…)
(ハンターの使う道具だ…)	(헌터가 쓰는 도구다…)
(ハンターの死体だ…)	(헌터의 시체다…)
(パエットが作業をしている)	(파에트가 작업을 한다)
(パエットぐらいしかいないよなあ…)	(파에트 정도밖에 없겠지…)
(パエットだ…不機嫌そうだな)	(파에트다…기분이 안 좋아 보인다)
(パエットには聞こえてないのか…？)	(파에트에게는 안 들리는 건가…？)
(パエットに見せてもらった通りだ…)	(파에트가 보여준 대로다…)
(パエットの欲しがってる物って…)	(파에트가 원하는 물건이란…)
(パエットは、じっと発掘品を見ている)	(파에트는 가만히 발굴품을 본다)
(パエット！)	(파에트！)
(プロテクトキーってやつか…)	(프로텍트 키라는 건가…)
(プロテクトキー？)	(프로텍트 키？)
(マクランジュエルか…)	(마크란 주얼인가…)
(マクランジュエルが欲しいらしいな…)	(마크란 주얼을 원하는 모양이군…)
(マクランジュエルを調達するんだっけ)	(마크란 주얼을 조달하는 거였지)
(メル=カヴァが見えた時と同じだ…)	(멜=카바가 보였을 때와 같다…)
(メル=カヴァの一部のようだけど…)	(멜=카바의 일부인 듯한데…)
(ラグス草を栽培しているらしい)	(라구스 풀을 재배하는 듯)
(ランプを外した台だけが吊ってある)	(램프를 뗀 받침대만 매달려 있다)
(ランプを降ろすのに使ったらしい)	(램프를 내리는 데 쓴 듯하다)
(ランプ台だ…)	(램프 받침대다…)
(ワームの幼性？)	(웜의 유생？)
(一体、何の用だろう？)	(대체 무슨 용건일까？)
(一応満足したみたいだな)	(일단 만족한 모양이군)
(一緒についてくるぞ)	(같이 따라오는군)
(上等のランプだ…本を読むためだろう)	(고급 램프다…책 읽는 용도겠지)
(不思議な男だな…)	(신기한 남자로군…)
(中が空洞になってる…通れるな)	(속이 비었다…지나갈 수 있겠군)
(中身はほとんど持ち出されてるな…)	(내용물은 거의 다 빼낸 듯…)
(主を失った船か…)	(주인을 잃은 배인가…)
(乗せてやった方がよかったかな…)	(태워 주는 게 좋았으려나…)
(井戸が掘ってある)	(우물이 파여 있다)
(井戸というより、地下の通路だな…)	(우물이라기보다 지하 통로로군…)
(人が倒れている…！)	(사람이 쓰러져 있다…！)
(今では、この男がゾアの支配者か…)	(지금은 이 남자가 조아의 지배자)
(今のが遣跡のガーディアンか！)	(방금 그게 유적의 가디언인가！)
(今の声…直接頭に響いてきた)	(방금 그 소리…머리에 울렸다)
(今はこのまま寝かせてやろう)	(지금은 이대로 재워 주자)
(今はこの男の言うことを聞くしかない)	(이 남자 말을 들을 수밖에)
(今はこれを修理しているらしい)	(지금은 이걸 수리하는 듯)
(今は動いてない…)	(지금은 움직이지 않는군…)
(今夜、ここに来いと書いてある)	(오늘 밤 여기로 오라 쓰여 있다)
(今度はもっと戦い方を工夫してみよう)	(다음엔 싸우는 법을 궁리해 보자)
(今日は気が立ってるみたいだ…)	(오늘은 기분이 예민해 보이는데…)
(今日は特に調子がよさそうだ)	(오늘은 유난히 상태가 좋아 보여)
(仕組んでたってわけか…)	(짜고 친 거였나…)
(他にもいるかな…)	(다른 사람도 있으려나…)
(他に手がかりを探してみよう)	(다른 단서를 찾아보자)
(他に道を探すしかないのか？)	(다른 길을 찾을 수밖에 없나？)
(仲間の所に戻ったのかな)	(동료한테 돌아간 걸까)
(体力が落ちてきたみたいだ)	(체력이 떨어진 듯하다)
(体裁のいいものじゃないな)	(체면이 서는 물건은 아니군)
(何かいるのか！？)	(뭔가 있는 건가！？)
(何かが作動したみたいだ…)	(뭔가가 작동한 듯하다…)
(何かが引きあげられている？)	(뭔가가 끌어올려진다？)
(何かの作業をしているようだ)	(뭔가 작업을 하는 듯)
(何かの紋章だ)	(뭔가의 문장이다)
(何かの道具が下げられている)	(뭔가의 도구가 매달려 있다)
(何かの鍵らしいが)	(뭔가의 열쇠 같은데)
(何かはめ込んであるぞ…)	(뭔가가 끼워져 있군…)
(何かをはめるみたいな形だけど…)	(뭔가를 끼우는 듯한 형태인데…)
(何か光ってる)	(뭔가 빛나고 있다)
(何か変化があったかもしれない)	(뭔가 변화가 있었을지도 모른다)
(何か話してるみたいだけど…)	(뭔가 이야기하는 것 같은데…)
(何だ、こいつ)	(뭐야,이 녀석)
(何だろう、これは？)	(뭘까,이건？)
(何だ！)	(뭐야！)
(何だ？ この遣跡は…)	(뭐지？이 유적은…)
(何だ？ 帝国軍の奴ら…)	(뭐지？제국군 녀석들…)
(何でも売ってるんだな)	(뭐든지 팔고 있군)
(何に使うのかさっぱりだ…)	(뭐에 쓰는지 전혀 모르겠다…)
(何に使うんだろう？)	(뭐에 쓰는 걸까？)
(何のための装置なんだろう？)	(뭘 위한 장치일까？)
(何も起こらない…)	(아무 일도 없다…)
(何も起こらなければいいけど…)	(아무 일도 없으면 좋겠는데…)
(何をやろうとしてるんだ？)	(뭘 하려는 거지？)
(作りかけの水袋だ)	(만들다 만 물주머니다)
(作物が山のように積んである)	(작물이 산더미처럼 쌓였다)
(作物を運ぶためのかごらしい)	(작물을 나르는 바구니인 듯하다)
(保存燃料を使ったたき火だ)	(보존 연료를 쓴 모닥불이다)
(倉庫の換気のための風車らしい)	(창고 환기를 위한 풍차인 듯하다)
(倒す方法が別にあるのか)	(쓰러뜨릴 방법이 따로 있나)
(傷だらけになっている…)	(상처투성이가 돼 있다…)
(儀がこの遣跡の封印を解くのを)	(내가 이 봉인을 푸는 것을)
(儀にはガラクタにしか見えないけど…)	(내겐 고물로밖에 안 보이는데…)
(儀の事は気にしてないみたいだ…)	(내 일은 신경 안 쓰는 듯하다…)
(儀らを仲間だと思ったのかな)	(기 일행을 동료라고 생각한 걸까)
(儀を警戒しているみたいだ…)	(기를 경계하는 듯…)
(儀式に使う祭壇らしい)	(의식에 쓰는 제단인 듯하다)
(儀式に使う道具らしい)	(의식에 쓰는 도구인 듯하다)
(光の粒子を吹き出してる…)	(빛의 입자를 뿜어내고 있다…)
(入□が爆破されていて入れない…)	(입구가 폭파돼 들어갈 수 없다…)
(全部、動かせということなのか…)	(전부 움직이라는 뜻인가…)
(内部か…とにかく先に進もう…)	(내부인가…어쨌든 먼저 나아가자…)
(刈り取り用の農具だ)	(수확용 농기구다)
(力を出しつくしてしまったんだろう…)	(힘을 다 써버린 거겠지…)
(動きが止まった…)	(움직임이 멈췄다…)
(動力源が2つあったのか！)	(동력원이 2개 있었던 건가！)
(反撃されないためには銃しかないな)	(반격당하지 않으려면 총뿐이군)
(反撃を上にさせて巣を狙おう)	(반격을 위로 유도해 둥지를 치자)
(取ってきた部品を検分している…)	(가져온 부품을 검사한다…)
(古びたひもが壁にかかっている)	(낡은 끈이 벽에 걸렸다)
(古びた木箱が置いてある)	(낡은 나무 상자가 놓였다)
(古井戸だ…)	(오래된 우물이다…)
(古井戸だ…すっかり水がかれている)	(오래된 우물이다…물이 말라붙었다)
(司祭のダモンだ…)	(사제 다몬이다…)
(吊り床が壁に取りつけてある)	(해먹이 벽에 설치돼 있다)
(吊り床が放り出してある)	(해먹이 내던져져 있다)
(吊り床が柱にとりつけてある)	(해먹이 기둥에 설치돼 있다)
(吊り床を支える網が引きちぎってある)	(해먹을 지탱하는 그물이 찢겼다)
(吊り床を支える網だ)	(해먹을 지탱하는 그물이다)
(同じ印の遣跡…)	(같은 문양의 유적…)
(向こう側へは渡れないな)	(맞은편으로는 건널 수 없군)
(場所は…ゾアの北…95万リオン？)	(장소는…조아 북쪽…95만 리온？)
(塔へ行く道の入□があるとすれば)	(탑으로 가는 길의 입구가 있다면)
(塩が入っているらしい)	(소금이 든 듯)
(墜落したらしい…ひどく壊れている)	(추락한 듯하다…심하게 부서졌다)
(壁から引きちぎって放り出したらしい)	(벽에서 뜯어내 내던진 듯하다)
(壁に、古びたひもがかかっている)	(벽에 낡은 끈이 걸렸다)
(壁の向こうに井戸が見える)	(벽 너머로 우물이 보인다)
(壁の隙間から大きな家が見える…)	(벽 틈으로 큰 집이 보인다…)
(壁の隙間から扉が見える)	(벽 틈으로 문이 보인다)
(壊れた機械と、妙な薬のつぼだ)	(부서진 기계와 이상한 약 단지다)
(壊れているけど、立派な銃だ…)	(부서지긴 했지만 훌륭한 총이다…)
(変わった飾りが立っている)	(특이한 장식이 세워져 있다)
(多分この場所だ…)	(아마 이곳일 것이다…)
(夜になったら、またここに来てみよう)	(밤이 되면 다시 여기 와 보자)
(大きさのわりに軽そうだな)	(크기에 비해 가벼워 보이는군)
(大きなかごが置いてある)	(큰 바구니가 놓였다)
(大きなかまどだ)	(커다란 아궁이다)
(大きな木箱が置いてある)	(큰 나무 상자가 놓였다)
(大きな木箱だ)	(큰 나무 상자다)
(大きな水がめが置いてある)	(큰 물항아리가 놓였다)
(大きな焼却炉がある)	(큰 소각로가 있다)
(大きな荷物に布をかぶせてある)	(큰 짐에 천이 덮여 있다)
(天井に物を吊るのに使うらしい)	(천장에 물건을 매다는 데 쓰나)
(天井に管が通っている)	(천장에 관이 지나가고 있다)
(天幕の柱だ)	(천막 기둥이다)
(天幕をしまう箱だろうか)	(천막을 넣어두는 상자일까)
(奴ら、儀が封印を解くのを見こして)	(녀석들,내가 풀 걸 예상하고)
(威嘯のつもりにしては)	(위협하려던 것치고는)
(嫌われてるらしい…まいったな)	(미움받고 있는 듯…난감하군)
(子供をたおすのもあきてきたな)	(아이를 잡는 것도 지겨워졌군)
(完全に暴走している！)	(완전히 폭주한다！)
(実のならない木を育てるなんて…)	(열매 없는 나무를 기르다니…)
(実は子供は経験値がないんだよな)	(사실 아이는 경험치가 없단 말야)
(客の座るイスがかたづけてある)	(손님이 앉는 의자가 치워져 있다)
(客の座るイスだ…)	(손님이 앉는 의자다…)
(封をしたつぼが置いてある)	(봉인된 단지가 놓였다)
(封印が解けたせいで、)	(봉인이 풀린 탓에,)
(封印を解くたびに、ここに変化がある…)	(봉인을 풀 때마다 변화가 있다…)
(小さいけど、きれいな寝床だ)	(작지만 깨끗한 잠자리다)
(小さなかまどだ…)	(작은 아궁이다…)
(小さな女の子だ…)	(어린 여자아이다…)
(小さな暖炉だ)	(작은 벽난로다)
(小さな機械がついている…)	(작은 기계가 달려 있다…)
(小さな苗床だ)	(작은 모판이다)
(小型の炉が置いてある)	(소형 화로가 놓였다)
(少し量が減っているみたいだな)	(양이 조금 줄어든 듯하다)
(屋根に風車がすえつけてある)	(지붕에 풍차가 설치돼 있다)
(布で隠してあるけど…)	(천으로 가려져 있는데…)
(布の袋が置いてある)	(천 자루가 놓였다)
(布や染料が置いてある)	(천과 염료가 놓였다)
(布張りの箱だ…)	(천으로 감싼 상자다…)
(帝国との戦いになるかもしれない…)	(제국과의 전쟁이 될지도 모른다…)
(帝国の戦艦が撃沈されている…)	(제국의 전함이 격침돼 있다…)
(帝国の書物だ…どこかで拾ったのかな)	(제국 서적이다…어디서 주운 걸까)
(帝国の書物だ…！)	(제국의 서적이다…！)
(帝国の書物も混ざってるみたいだな)	(제국의 서적도 섞여 있는 듯)
(帝国軍が怖くないのかな？)	(제국군이 무섭지 않은 걸까？)
(帝国軍が爆破している…)	(제국군이 폭파한다…)
(干し肉が吊るしてある)	(육포가 매달려 있다)
(年老いた女の人だ…)	(나이 든 여인이다…)
(年老いた男だ…でも哀えた様子はない)	(늙은 남자다…쇠약한 기색은 없다)
(床に機械が放り出してある)	(바닥에 기계가 내던져져 있다)
(床の上にランプが置いてある)	(바닥 위에 램프가 놓였다)
(役に立ちそうな本はないかな…)	(쓸모 있을 만한 책은 없으려나…)
(彼女は生きて戻れたのか…)	(그녀는 살아서 돌아온 걸까…)
(後の通路みたいなのが気になるな…)	(뒤쪽 통로가 신경 쓰이는군…)
(後ろにのびてる通路に続いてるのか)	(뒤로 뻗은 통로로 이어지나)
(心が通じるって、こんな感じなのかな)	(마음이 통하는 게 이런 느낌일까)
(急いで<03>\n指令塔<03>	(서둘러<03>\n지령탑<03>
(戦いの犠牲者か…)	(전투의 희생자인가…)
(戦い方がまずかったかな…)	(싸우는 방식이 나빴던 걸까…)
(戻ってみよう)	(돌아가 보자)
(扉がテーブルでふさがれている)	(문이 테이블로 막혀 있다)
(扉が閉まっている…)	(문이 닫혀 있다…)
(手つきにも活気が出てきたな…)	(손놀림에도 활기가 생겼군…)
(手を加えすぎて失敗したらしいな)	(손을 너무 대서 실패한 모양이군)
(手紙だ！ いつの間に…)	(편지다！언제 이런 게…)
(折畳み式のテントだ)	(접이식 텐트다)
(持ち運びには向かないな)	(들고 다니기엔 적합하지 않군)
(持ち運び式の炉だ…)	(휴대용 화로다…)
(指揮を取っている場所さえわかれば！)	(지휘를 하는 장소만 알면！)
(探せば、まだいそうだな)	(찾아보면 아직 있을 듯하군)
(換気のために管を通しているようだ)	(환기용으로 관을 통과시킨 듯하다)
(携帯ランプを改造した物だ…)	(휴대용 램프를 개조한 물건이다…)
(操縦機とエンジンをつなぐ伝達線だ)	(조종기와 엔진을 잇는 전달선이다)
(攻性生物が寄生している！)	(공성생물이 기생한다！)
(攻性生物でも子を守ろうとするんだ…)	(공성생물도 새끼는 지키는군…)
(攻性生物にやられたらしい…)	(공성생물에게 당한 듯하다…)
(攻性生物のマユ…)	(공성생물의 고치…)
(攻性生物のマユか…)	(공성생물의 고치인가…)
(攻性生物の体の一部だ)	(공성생물의 몸 일부다)
(攻性生物の体の一部だ…)	(공성생물의 몸 일부다…)
(攻性生物の体内にできる宝石だ)	(공성생물 몸에서 생기는 보석이다)
(攻性生物の体液を塗った布だ)	(공성생물의 체액을 바른 천이다)
(攻性生物の内臓が干してある)	(공성생물의 내장이 말려져 있다)
(攻性生物の内臓で作ってある)	(공성생물의 내장으로 만들어졌다)
(攻性生物の内臓や体液の匂いだ)	(공성생물의 내장과 체액 냄새다)
(攻性生物の死体だ)	(공성생물의 시체다)
(攻性生物の殻に模様をつけた飾りだ)	(공성생물 껍질에 무늬를 넣었다)
(攻性生物の腕が吊るしてある)	(공성생물의 팔이 매달려 있다)
(攻性生物の腕だ…爪を抜いてあるな)	(공성생물 팔이다…발톱은 뽑혔군)
(攻性生物はたいてい殻が堅いからな…)	(공성생물은 껍질이 단단하니까…)
(攻生成物避けの香石)	(공성생물 퇴치 향석)
(敷布が放り出してある)	(깔개가 내던져져 있다)
(敷布の下に何かあるぞ…)	(깔개 밑에 뭔가 있다…)
(料理をしているみたいだ…)	(요리를 하는 듯…)
(旅の道具が入っているようだ)	(여행용 도구가 든 듯)
(旧世紀からずっと動き続けてるのかな)	(구세기부터 계속 움직이는 걸까)
(旧世紀のエレベータだ)	(구세기의 엘리베이터다)
(旧世紀の伝説にあるドラゴン！？)	(구세기 전설에 나오는 드래곤！？)
(旧世紀の機械がある)	(구세기 기계가 있다)
(旧世紀の機械が光を発している)	(구세기 기계가 빛을 내고 있다)
(旧世紀の機械が吊るしてある)	(구세기 기계가 매달려 있다)
(旧世紀の機械が幻を出しているらしい)	(구세기 기계가 환영을 보여준다)
(旧世紀の機械だ)	(구세기 기계다)
(旧世紀の沈没船？か…)	(구세기의 침몰선？인가…)
(旧世紀の発掘品、手作りの道具…)	(구세기 발굴품,손수 만든 도구…)
(旧世紀の空中船だ)	(구세기의 공중선이다)
(旧世紀の空中船だ…)	(구세기의 공중선이다…)
(旧世紀の記録機械だ)	(구세기의 기록 기계다)
(旧世紀の部品も使ってある)	(구세기의 부품도 사용돼 있다)
(旧世紀の銃！ まだ使えそうだ)	(구세기의 총！아직 쓸 수 있겠다)
(旧式の銃だが、よく手入れされている)	(구식 총이지만 손질이 잘 됐다)
(早く3つ目の鍵を探さなきゃ…)	(빨리 세 번째 열쇠를 찾아야…)
(早く何とかしないと！)	(빨리 어떻게든 하지 않으면！)
(昼間は動きを止めているらしい)	(낮에는 움직임을 멈추는 듯하다)
(普通に仕事をしてるけど…)	(평소처럼 일하고 있지만…)
(普通の家で使うランプだ…)	(평범한 가정용 램프다…)
(普通の獣の皮なんて、珍しいな)	(평범한 짐승 가죽이라니 희귀하군)
(暖炉の中で、小さな火が燃えている…)	(벽난로에서 작은 불이 탄다…)
(暴走しているのは、あれか…)	(폭주하는 건 저건가…)
(最後の封印、か)	(마지막 봉인,인가)
(最後の封印の鍵か…)	(마지막 봉인의 열쇠인가…)
(最近、中身を持ち出したみたいだな)	(최근에 내용물을 꺼낸 모양이군)
(最近、銃を持ち出したらしい…)	(최근에 총을 들고 나간 듯하다…)
(木々がびっしりはびこっている)	(나무들이 빽빽이 우거져 있다)
(木と布でできたテーブルだ)	(나무와 천으로 만든 테이블이다)
(木のはしごが置いてある)	(나무 사다리가 놓였다)
(木の実や種が入ったかごだ)	(열매와 씨앗이 든 바구니다)
(木の板で作った吊り床だ…)	(나무 판자로 만든 해먹이다…)
(木の根本に、何か落ちている…)	(나무 밑동에 뭔가 떨어져 있다…)
(木彫りの飾り柱だ)	(나무 조각 기둥)
(木彫りの飾り柱だ…細かい細工だな)	(나무 조각 기둥…세공이 정교하군)
(木箱がたくさん置いてある)	(나무 상자가 많이 놓였다)
(本がたくさん並んでいる)	(책이 많이 늘어서 있다)
(本棚だ…色々な書物が置いてある)	(책장이다…여러 서적이 놓였다)
(机の上に、たくさん書物が出ている)	(책상 위에 서적이 잔뜩 나왔다)
(机の上にも機械が置いてある)	(책상 위에도 기계가 놓였다)
(架け橋が壊されてる)	(다리가 부서져 있다)
(棚と同じように作られたテーブルだ)	(선반과 같은 식으로 만든 탁자다)
(棚には売り物が並んでいる…)	(선반에 팔 물건이 놓였다…)
(棚には本や物入れがのっている)	(선반에는 책과 수납함이 놓였다)
(棚には雑貨がのっている)	(선반에는 잡화가 놓였다)
(棚には食器がのっている)	(선반에는 식기가 놓였다)
(棚の上に箱が載っている)	(선반 위에 상자가 놓였다)
(棚の中に油のつぼがしまってある)	(선반에 기름 단지가 보관돼 있다)
(棚の中に香料のつぼがしまってある)	(선반에 향료 단지가 보관돼 있다)
(森からは、こんな物がとれるのか…)	(숲에서 이런 걸 얻을 수 있나…)
(森の中にも続いているようだ)	(숲속으로도 이어지는 듯하다)
(森の中の街だけあって、いいたき木だ)	(숲속 마을답게 땔감이 좋군)
(森の中へ入ろう)	(숲속으로 들어가자)
(機械の部品がたくさん出してある)	(기계 부품이 잔뜩 꺼내져 있다)
(機械や道具が入っているらしい)	(기계나 도구가 든 듯)
(次はがんばるぞ！！)	(다음엔 힘내자！！)
(次はこいつに合う鍵穴探しだな…)	(다음은 맞는 열쇠 구멍 찾기…)
(止まっている！)	(멈춰 있다！)
(武器、日用品、旧世紀の機械…)	(무기,생활용품,구세기 기계…)
(歩くのはうまくないんだな)	(걷는 게 서투르군)
(死んでる…攻性生物にやられたのか)	(죽었다…공성생물에게 당한 건가)
(死体から、光る石がこぼれ落ちている)	(시체에서 빛나는 돌이 흘러나온다)
(残ってるのは、これだけか)	(남아있는 건 이것뿐인가)
(残ってるのはこれぐらいか…)	(남아있는 건 이 정도인가…)
(毛皮が干してある)	(모피가 말려져 있다)
(気づかれた！！)	(들켰다！！)
(気のせいか、いつもより元気がいいな)	(평소보다 활기차 보이는군)
(気の荒いクーリアだな…)	(성질이 사나운 쿠리아로군…)
(気落ちした様子だ…)	(낙담한 모습이다…)
(水袋だ)	(물주머니다)
(汚い敷布だな…)	(더러운 깔개로군…)
(洞窟？ …の、ようにも見えるけど…)	(동굴？…로 보이기도 하는데…)
(渓谷で拾った銃に目をとめたようだ)	(주운 총에 눈길이 가는 듯하다)
(滝を見ていると吸い込まれそうだ…)	(폭포를 보면 빨려들 듯하다…)
(焼却炉の中で、本が焼け残っている…)	(소각로에 책이 타다 남아 있다…)
(照明用の機械だろうか…)	(조명용 기계일까…)
(熱が下がっている…)	(열이 내려가고 있다…)
(熱と湿気を防ぐ特製の箱だ)	(열과 습기를 막는 특제 상자다)
(燃料はまだ使えるかな…)	(연료는 아직 쓸 수 있으려나)
(特に変わった様子はないな)	(특별히 달라진 모습은 없군)
(特殊な器官を取り出しているらしい	(특수한 기관을 꺼내고 있는 듯)
(狩りの無事を祈るためのしきたりだ)	(사냥의 무사를 비는 관습이다)
(狩りの獲物か…)	(사냥감인가…)
(獲物をバラすための道具が入っている)	(사냥감을 손질할 도구가 들었다)
(珍しい模様の敷布だな…)	(희귀한 무늬의 깔개로군…)
(生物の鼓動…？)	(생물의 고동…？)
(疲れてるのかな…)	(피곤한 걸까…)
(発掘品いじりが役に立ったんだな)	(발굴품을 만진 게 도움이 됐군)
(発掘品の細工をしているようだ)	(발굴품을 세공하는 듯)
(発掘品を加工した物だ…)	(발굴품을 가공한 물건이다…)
(石碑のような物が置いてある)	(비석 같은 것이 놓였다)
(砂漠で見た事があるような植物だな…)	(사막에서 본 듯한 식물이군…)
(破壊しちゃったけど、大丈夫かな)	(부숴버렸는데 괜찮으려나)
(確か、機械が墜落したのは)	(확실히 기계가 추락한 건)
(祈りに集中している…)	(기도에 집중한다…)
(祈りを捧げているようだ…)	(기도를 올리고 있는 듯…)
(祭壇が片づけてある…)	(제단이 정리돼 있다…)
(祭壇に銃が飾ってある)	(제단에 총이 장식돼 있다)
(祭壇に銃を飾るための台座だ…)	(제단에 총을 장식할 받침대다…)
(穀物が入ったつぼが並んでいる)	(곡물이 든 단지가 늘어서 있다)
(穀物の山だ)	(곡물 더미다)
(穀物や油のつぼが並んでいる)	(곡물과 기름 단지가 늘어서 있다)
(穀物入りの袋だ)	(곡물이 든 자루다)
(空いた箱から中身が出しかけてある)	(빈 상자에서 내용물이 나와 있다)
(窓の灯は消えている…)	(창문 불빛이 꺼져 있다…)
(立派な寝床だけど…ちょっと汚いな)	(훌륭한 잠자리지만…좀 지저분하군)
(竜巻で何かが引きあげられている！？)	(회오리에 뭔가가 끌어올려진다！？)
(箱の中はからっぽだ…)	(상자 안은 텅 비어 있다…)
(箱の中身は衣類のようだ)	(상자 속은 옷가지인 듯하다)
(簡単に消えることはないだろう)	(간단히 사라지지는 않을 것이다)
(簡素な吊り床だ…)	(소박한 해먹이다…)
(粒子に当たると外にはじき出される…)	(입자에 맞으면 밖으로 튕긴다…)
(約束の場所は、あの渓谷だったな…)	(약속 장소는 그 협곡이었지…)
(紋章に封印されていたのかな？)	(문장에 봉인되어 있었던 걸까？)
(細かい細工を施した飾り柱だ)	(정교한 세공을 한 장식 기둥이다)
(腹のふくれる代物じゃないな)	(배가 부를 만한 물건은 아니군)
(船の方に集まってるぞ…)	(배 쪽으로 모이고 있군…)
(色々な形のつぼが置いてある)	(여러 형태의 단지가 놓였다)
(色々な機械を組み合わせてある…)	(여러 기계를 조합해 놓았다…)
(色々な物が吊ってある…)	(여러 물건이 매달려 있다…)
(若い女の人が掃除をしている…)	(젊은 여인이 청소를 한다…)
(若い男が寝ころんでいる…)	(젊은 남자가 드러누워 있다…)
(若い男だ…かなり酔ってるな)	(젊은 남자다…꽤 취해 있군)
(若い男だ…ここの住人だろうか？)	(젊은 남자다…이곳 주민일까？)
(若い男のシーカーだ…)	(젊은 남자 시커다…)
(荷物を入れる袋だ)	(짐을 넣는 자루다)
(落ち着きなく歩き回っている)	(안절부절못하며 돌아다니고 있다)
(薬の材料にでもするのかな…)	(약재료로라도 쓰려는 걸까…)
(街の外に通じる門だ)	(마을 밖으로 통하는 문이다)
(装置がうなりをあげはじめた)	(장치가 굉음을 내기 시작했다)
(装置が動き出したのか…)	(장치가 작동하기 시작한 건가…)
(装置が止まったせいかな)	(장치가 멈춘 탓인가)
(見たことのない木の実だ)	(본 적 없는 나무 열매다)
(見たところ何も変化は…)	(보기엔 별다른 변화는…)
(見なれない攻性生物だ)	(낯선 공성생물이다)
(親のところまで連れていってやるか)	(부모가 있는 곳까지 데려다줄까)
(親の巣の跡に何かある…？)	(부모 둥지 흔적에 뭔가 있다…？)
(解いていけば、この場所の謎が)	(풀어나가면 이곳의 수수께끼가)
(誰かが入った跡がある…！)	(누군가 들어온 흔적이 있다…！)
(調べものをしているようだ)	(조사를 하는 듯)
(警戒が厳しい…)	(경계가 삼엄하군…)
(赤いワームなんて、珍しいな…)	(붉은 웜이라니 희귀하군…)
(身体を洗ってもらっている)	(몸을 씻겨주고 있다)
(農具がたくさんしまってある)	(농기구가 잔뜩 보관돼 있다)
(近くで見ると、結構大がかりだな)	(가까이서 보니 꽤 큼직하군)
(近づきやすくなったはずだ…)	(접근하기 쉬워졌을 텐데…)
(近よらないと動かせないな)	(가까이 가지 않으면 못 움직인다)
(近よらないと鍵を使うのは無理だな)	(가까이 가야 열쇠를 쓰겠군)
(道具屋のヤレドだ)	(도구상 야레드다)
(道具箱だ)	(도구 상자다)
(道具箱の中身が床に転がっている)	(도구 상자 속이 바닥에 널렸다)
(遠すぎてよく聞こえないな)	(너무 멀어서 잘 안 들리는군)
(遠出の時に使う水袋だ)	(멀리 갈 때 쓰는 물통)
(遣跡への入□だ)	(유적으로 가는 입구다)
(邪魔するように…)	(방해하듯이…)
(鉢植えが置いてある)	(화분이 놓였다)
(銃が置いてある)	(총이 놓였다)
(銃で下にいる奴らを狙ってみるか)	(총으로 아래 녀석들을 노려볼까)
(銃の台座だけが残っている)	(총의 받침대만 남아 있다)
(銃の攻撃力を上げる部品だな…)	(총의 공격력을 올리는 부품이군…)
(錠前がついている…開けるのは無理だ)	(자물쇠가 달렸다…여는 건 무리다)
(鍵がないと外せない…)	(열쇠가 없으면 뗄 수 없다…)
(門の開閉はここで行うようだ)	(문의 개폐는 여기서 하는 듯하다)
(門は閉ざされている…)	(문은 닫혀 있다…)
(門番の詰所らしい)	(문지기 초소인 듯하다)
(開いてないな)	(열리지 않는군)
(開かない)	(열리지 않는다)
(間違いない…これは旧世紀の機械だ)	(틀림없다…이건 구세기 기계다)
(防具が壁にかかっている)	(방어구가 벽에 걸렸다)
(降りて調べてみるか…)	(내려가서 살펴볼까…)
(隣の区画に通じる門だ)	(옆 구역으로 통하는 문이다)
(隣の部屋からガラクタがあふれている)	(옆방에서 고물이 넘쳐나고 있다)
(雇われハンターのラウルだ…)	(고용 헌터 라울이다…)
(難しそうな本が多いな…)	(어려워 보이는 책이 많군…)
(霧が晴れた！)	(안개가 걷혔다！)
(静かになったな)	(조용해졌군)
(静かになったな…)	(조용해졌군…)
(頭に直接響いてくる…感じだ)	(머릿속에 직접 울리는…느낌이다)
(頭をつぶさないときりがないぞ…)	(머리를 부수지 않으면 끝없다…)
(風がやまない限り先には行けないな)	(바람이 멎지 않으면 못 간다)
(風がやんでいる…)	(바람이 멎어 있다…)
(風が吹いている…)	(바람이 불고 있다…)
(風向と風力を計っているらしい)	(풍향과 풍력을 재고 있는 듯)
(風網を止めるスイッチを探すのが先か)	(풍망을 멈출 스위치부터 찾자)
(食事を作っているらしい)	(식사를 만들고 있는 듯)
(食事用のテーブルだけど…)	(식사용 테이블인데…)
(食器の入った棚だ…)	(식기가 든 선반이다…)
(飲まれる！？)	(먹힌다！？)
(飲み水の蓄えだ…)	(식수 저장분이다…)
(飲み水や食料が置いてある)	(식수와 식량이 놓였다)
(飲み水や食料が置いてある…)	(식수와 식량이 놓였다…)
(飾りの後ろに、木の像が並んでいる)	(뒤에 나무 조각상이 늘어섰다)
(飾り窓の向こうから光がさしている)	(장식 창 너머로 빛이 비친다)
(香木が立ててある…古い物が多いな)	(향목이 세워졌다…오래된 게 많군)
(香辛料としては高く売れるけど…)	(향신료치고는 비싸게 팔리는데…)
(騒がしいな…)	(시끄럽군…)
(驚いたな！)	(놀랐다！)
(高熱で眠り続けている…)	(고열로 계속 잠들었다…)
(！      ！ )	(！！)
(！！ 聞こえる…)	(！！들린다…)
(！？ あれは…)	(！？저건…)
(！？ これがメル=カヴァなのか…)	(！？이게 멜=카바인가…)
(．．．幻聴か？)	(．．．환청인가？)
(？      ？ )	(？？)
(？)	(？)
)<01>キャンプ	)<01>캠프
)<1D><1A><01>(…だめだ、とっくに冷たくなってる)	)<1D><1A><01>(…안 돼,벌써 차갑게 식었어)
)<1D><1A><01>(よく仕込まれたクーリアだな)	)<1D><1A><01>(잘 길들여진 쿠리아군)
)<1D><1A><01>(餌でもやってみようかな…)	)<1D><1A><01>(먹이라도 줘볼까…)
)<1D><1A><01><18><09><09>	)<1D><1A><01><18><09><09>
)<1D><1A><01>…………	)<1D><1A><01>…………
)<1D><1A><01>イス」ゥスゆゆりもョ。ォ	)<1D><1A><01>イス」ゥスゆゆりもョ。ォ
)<1D><1A><01>イス」・スゆらろもョ。ォ	)<1D><1A><01>イス」・スゆらろもョ。ォ
)<1D><1A><01>イスイースゆゆりもョ。ォ	)<1D><1A><01>イスイースゆゆりもョ。ォ
)<1D><1A><01>イスェ「スゆゆよもョ。ォ	)<1D><1A><01>イスェ「スゆゆよもョ。ォ
)<1D><1A><01>イスークスりらゆもョ。ォ	)<1D><1A><01>イスークスりらゆもョ。ォ
)<1D><1A><01>キャラバン	)<1D><1A><01>카라반
)<1D><1A><01>シーカーの里	)<1D><1A><01>시커의 마을
)<1D><1A><01>ゾアの街	)<1D><1A><01>조아의 거리
)<1D><1A><01>発掘所	)<1D><1A><01>발굴소
)当やばい男だぜ	)상당히 위험한 자야
000エッジ負傷	000엣지 부상
002エッジ意識を取り戻す	002엣지 의식을 되찾다
004ドラゴン登場	004드래곤 등장
006発掘所へ	006발굴소로
008隊長の遣言	008대장의 유언
011追われるガッシュを発見	011쫓기는 가슈를 발견
014ガッシュとの出会い	014가슈와의 만남
016ドラゴン伝承をガッシュから聞く	016가슈에게서 드래곤 전승을 듣다
022ガッシュとの別れ	022가슈와의 이별
024「クレイメン艦隊」の噂	024「크레이멘 함대」의 소문
029アーウェン艦を撃破〜AD登場	029아웬 함을 격파〜AD 등장
034パエットからの依頼	034파에트의 의뢰
040帝国軍に拿捕される	040제국군에 나포되다
041帝国軍の尋問	041제국군의 심문
043シーカーの襲撃	043시커의 습격
049ガッシュとの再会	049가슈와의 재회
052パエットとの交渉	052파에트와의 교섭
053透視版の映像	053투시판의 영상
054ツァスタヴァ少尉登場	054차스타바 소위 등장
057AD登場2	057AD등장2
059ウル地下へ	059우르 지하로
060アゼルとの出会い	060아젤과의 만남
067エレベーター乗る	067엘리베이터를 탄다
068アゼルの独白	068아젤의 독백
071再会の予感	071재회 예감
072パエットと空へ	072파에트와 하늘로
074帝国からの先遣隊	074제국의 선발대
078バイマンからの依頼	078바이만의 의뢰
087バイマンの陰謀	087바이만의 음모
089クレイメン部下深夜の襲撃	089크레이멘 부하 심야의 습격
090Aメル=カヴァが見える	090A멜=카바가 보인다
090遣産の見せたもの	090유산이 보여준 것
1)最上層から外周部13階へ→\n  13階から昇降機で12階へ→\n  12階から上部格納層へ\n\n2)上部格納層から外周部11階へ→\n  11階から昇降機で9階へ→\n  9階から中間層へ	1)최상층에서 외주부\n13층으로→ 13층에서 승강기로\n12층으로→ 12층에서 상부\n격납층으로 2)상부 격납층에서\n외주부 11층으로→ 11층에서\n승강기로 9층으로→ 9층에서\n중간층으로
10000Dnで売る	10000Dn에팜
1000Dn	1000Dn
1000Dnで買う	1000Dn에삼
100Dnでいいんだ	100Dn이면 됐어
10Dn払う	10Dn냄
10の月22日	10월 22일
10の月23日	10월 23일
10の月25日	10월 25일
117アゼル助けるエッジ／帝国軍登場	117아젤을 구하는 엣지／제국군 등장
118街消滅	118거리소멸
11の月14日	11월 14일
11の月16日	11월 16일
11の月2日	11월 2일
11の月8日	11월 8일
120クレイメン艦登場(前半)	120크레이멘 함 등장(전반)
121クレイメン艦登場(後半)	121크레이멘 함 등장(후반)
122クレイメンの告白	122크레이멘의 고백
127アゼルの覚醒／クレイメンの死	127아젤의 각성／크레이멘의 죽음
128攻性生物対帝国軍	128공성생물 대 제국군
12の月20日	12월 20일
12の月3日	12월 3일
12の月6日	12월 6일
134シーカーの正体	134시커의 정체
135アゼル目覚める	135아젤 눈뜨다
137帝国軍襲来	137제국군 습래
142アゼルの説得	142아젤의 설득
144アゼルの決意	144아젤의 결의
150塔再潜入	150탑재잠입
152エッジとアゼルの別れ	152엣지와 아젤의 이별
153セストレンへ、塔爆破	153 세스트렌으로,탑 폭파
155＿1戦闘ムービー1	155_1 전투 무비 1
155＿2戦闘ムービー2	155_2 전투 무비 2
155＿3戦闘ムービー3	155_3 전투 무비 3
155＿4戦闘ムービー4	155_4 전투 무비 4
155＿5戦闘ムービー5	155_5 전투 무비 5
159ドラゴンとの別れ	159 드래곤과의 이별
160荒野にてエッジを待つガッシュ	160 황야에서 엣지를 기다리는 가슈
1の月25日	1월 25일
1の月26日	1월 26일
1の月27日	1월 27일
1ゲージ以上たまっていれば\nコマンドアイコンを開き\nその時にたまっているゲージ量で\n可能な行動を選択できる。	게이지가 1개 이상 차면\n커맨드 아이콘을 열어\n그때 찬 게이지 양으로\n가능한 행동을 고른다.
1号、2号貯水層の注水を開始します…	1,2호 저수층 주수를 시작합니다…
1号貯水層	1호 저수층
1階まで降りれば、最上層までの	1층까지 내려가면,최상층까지의
200Dn	200Dn
20年、30年…	20년,30년…
2号貯水層	2호 저수층
2度も彼女を助けてくれた事、\n礼を言う。\n \nだが、正直、彼女は\n君には荷の重過ぎる存在のはずだ。\n実際に、そのままでは、\n彼女が意識を取り戻す事もない。	두 번이나 그녀를 구해준 것,\n감사한다.하지만,솔직히\n그녀는 너에게는 너무 버거운\n존재일 것이다.\n실제로,이대로라면 그녀가\n의식을 되찾는 일도 없다.
3)中間層から外周部8階へ→\n  8階から昇降機で6階へ→\n  6階から下部格納層へ\n\n4)下部格納層から外周部5階へ→\n  5階から昇降機で4階へ→\n  4階から最下層へ	3)중간층에서 외주부\n8층으로→ 8층에서 승강기로\n6층으로→ 6층에서 하부\n격납층으로 4)하부 격납층에서\n외주부 5층으로→ 5층에서\n승강기로 4층으로→ 4층에서\n최하층으로
3つの<03><05>プロテクトキー<03>	3개의<03><05>프로텍트 키<03>
3号貯水層	3호 저수층
4番発掘所より入電！	4번 발굴소 연락!
500Dn	500Dn
500Dnで買う	500Dn에삼
50年前にここに落ちた	50년 전 여기 떨어졌다
800Dnで買う	800Dn에삼
9000Dnで売る	9000Dn에팜
9の月8日	9월 8일
<!87>令が出た	<!87>명령
<!8B><01>(こちらに気づく様子もない…)	<!8B><01>(이쪽을 알아차릴 기색도 없다…)
<!9C>変わったね	<!9C>변했네
<!9C>安置されとる	<!9C>안치돼 있다
<!A0>の前だ	<!A0> 앞이다
<!A1>かりそうだよ	<!A1>알 듯해
<!A2>さ	<!A2>야
<!A3>は死んじまった	<!A3>은 죽어버렸다
<!A6>いそうだな)	<!A6>인 듯하군)
<!A6>いたいはそうだな	<!A6>싶다는 건 그렇겠지
<!A6>ぜ	<!A6>야
<!A6>？	<!A6>？
<!A8>なのだ	<!A8>이다
<!A9>あり…	<!A9>있고…
<!A9>はないぞ	<!A9>는 없어
<!A9>手に入れた？	<!A9>얻었나?
<!A9>？	<!A9>？
<!AA>うやって？	<!AA> 어떻게？
<!AA>な	<!AA>군
<!B0>い男だぜ	<!B0> 남자야
<!B1>れ液	<!B1> 액
<!BA>ねえのか？	<!BA>없는 거냐？
<!BA>ねえよ	<!BA>없어
<!BD>すぐ飛ぶだけだ	<!BD>곧장 날 뿐이다
<!BD>た	<!BD>함
<!BD>たな	<!BD>했군
<!BD>たのは	<!BD>한 건
<!BD>てのは、おまえか？	<!BD>다는 건,너냐？
<!BD>てよ	<!BD>해줘
<!BD>てるのさ	<!BD>하는 거야
<!C0>だ	<!C0>다
<!D4>した	<!D4>했다
<!DA>えときな	<!DA>해 둬
<!DE>内部)	<!DE>내부)
<!EC>き物でな	<!EC> 생물이라
<!F8>だ	<!F8>다
<!FE><!96>セ	<!FE><!96>세
<!FF>た子なんだもの	<!FF>아이인걸
<!FF>モョ	<!FF>モョ
<01>(この扉の向こうには何があるんだ？)	<01>(이 문 너머엔 뭐가 있지？)
<01>(どこかで見た事があるような…)	<01>(어딘가에서 본 것 같은…)
<01>(帝国軍のトロッコか？)	<01>(제국군 트롤리인가？)
<01><01>(若い女の人が掃除をしている…)	<01><01>(젊은 여자가 청소를 한다…)
<01><01>イスエクスゆりわもョ。ォ	<01><01>イスエクスゆりわもョ。ォ
<01><10><09><05>ホ<01>イスー・スゆゆよもョ。ォ	<01><10><09><05>ホ<01>イスー・スゆゆよもョ。ォ
<01><10><09><05>リ<01>イスー「スゆゆよもョ。ォ	<01><10><09><05>リ<01>イスー「スゆゆよもョ。ォ
<01>\n<05>。ッ	<01>\n<05>。ッ
<01>\n<05>。ハ	<01>\n<05>。ハ
<01>\n<05>。ン	<01>\n<05>。ン
<01>\n<05>。？	<01>\n<05>。？
<01>\n<05>ホカ	<01>\n<05>ホカ
<01>\n<05>ホサ	<01>\n<05>ホサ
<02>る<1E>＋<1E>。<1E>「ュひ	<02>る<1E>＋<1E>。<1E>「ュひ
<03><01>アイテムアイコンを選択せよ<03>	<03><01>아이템 아이콘을 선택하라<03>
<03><01>何か行動せよ<03>	<03><01>무언가 행동<03>
<03><01>敵の前方向に移動せよ<03>	<03><01>적의 앞으로 이동<03>
<03><01>敵の右方向に移動せよ<03>	<03><01>적의 우측으로 이동<03>
<03><04>口口口<05>START<05>口口口	<03><04>口口口<05>START<05>口口口
<03><05>プロテクトキー1<03>	<03><05>프로텍트 키1<03>
<03><05>プロテクトキー2<03>	<03><05>프로텍트 키2<03>
<03><05>プロテクトキー3<03>	<03><05>프로텍트 키3<03>
<03>\n(フルゲージ クラス)<03>	<03>\n(풀게이지 클래스)<03>
<03>\n(フルゲージクラス)<03>	<03>\n(풀게이지클래스)<03>
<03>\n1号機ローター・パイル<03>	<03>\n1호기 로터・파일<03>
<03>\n2号機ローター・パイル<03>	<03>\n2호기 로터・파일<03>
<03>\n3号機ローター・パイル<03>	<03>\n3호기 로터・파일<03>
<03>\n4号機ローター・パイル<03>	<03>\n4호기 로터・파일<03>
<03>\n5号機ローター・パイル<03>	<03>\n5호기 로터・파일<03>
<03>\n6号機ローター・パイル<03>	<03>\n6호기 로터・파일<03>
<03>\nAGILITY CLASS<03>	<03>\nAGILITY CLASS<03>
<03>\nATTACK CLASS<03>	<03>\nATTACK CLASS<03>
<03>\nDEFENSE CLASS<03>	<03>\nDEFENSE CLASS<03>
<03>\nEXCELLENT！！<03>	<03>\nEXCELLENT！！<03>
<03>\nFULLーGAUGE CLASS<03>	<03>\nFULL-GAUGE CLASS<03>
<03>\nHARD FIGHT<03>	<03>\nHARD FIGHT<03>
<03>\nNICE FIGHT<03>	<03>\nNICE FIGHT<03>
<03>\nPOISON(ポイズン)<03>	<03>\nPOISON(포이즌)<03>
<03>\nSPIRITUAL CLASS<03>	<03>\nSPIRITUAL CLASS<03>
<03>\nTOUGH FIGHT<03>	<03>\nTOUGH FIGHT<03>
<03>\nVERY GOOD！<03>	<03>\nVERY GOOD！<03>
<03>\n「STUN(スタン)」<03>	<03>\n「STUN(스턴)」<03>
<03>\nセストレン<03>	<03>\n세스트렌<03>
<03>\nバーサーク<03>	<03>\n버서크<03>
<03>\nホーミングレーザー<03>	<03>\n호밍 레이저<03>
<03>\n心技力<03>	<03>\n심기력<03>
<03>\n攻撃力<03>	<03>\n공격력<03>
<03>\n機動力<03>	<03>\n기동력<03>
<03>\n特0号噴進弾<03>	<03>\n특0호분진탄<03>
<03>\n補修ビット<03>	<03>\n보수 비트<03>
<03>\n転送装置<03>	<03>\n전송장치<03>
<03>\n銃<03>	<03>\n총<03>
<03>\n防御力<03>	<03>\n방어력<03>
<05><05><05>素体<05><05><05>	<05><05><05>소체<05><05><05>
<05><05>心技型<05><05>	<05><05>심기형<05><05>
<05><05>攻撃型<05><05>	<05><05>공격형<05><05>
<05><05>標準型<05><05>	<05><05>표준형<05><05>
<05><05>機動型<05><05>	<05><05>기동형<05><05>
<05><05>防御型<05><05>	<05><05>방어형<05><05>
<05>究極形態<05>	<05>궁극형태<05>
<09>\n<05><!F2>ツ<1B><09>	<09>\n<05><!F2>ツ<1B><09>
<09>\n<05><!F2>ヨ<1B><09>	<09>\n<05><!F2>ヨ<1B><09>
<09>\n<05>「フ<07>	<09>\n<05>「フ<07>
<09>\n<05>ェめ<01><19><1B><09>\n<05>ュ<0F><02><09>	<09>\n<05>ェめ<01><19><1B><09>\n<05>ュ<0F><02><09>
<09>\n<05>ェウ<01><19><07>	<09>\n<05>ェウ<01><19><07>
<09>\n<05>ェメ<1B><09>	<09>\n<05>ェメ<1B><09>
<09>\n<05>ェレ<1B><09>	<09>\n<05>ェレ<1B><09>
<09>\n<05>クむ<02><09>	<09>\n<05>クむ<02><09>
<09>\n<05>ヤぬ<01>遣跡最下層	<09>\n<05><!76><!22><01>유적 최하층
<09>\n<05>ュの<02><09>	<09>\n<05>ュの<02><09>
<09>\n<05>ュァ<03><09>	<09>\n<05>ュァ<03><09>
<09>\n<05>ュコ<02><09>	<09>\n<05>ュコ<02><09>
<09>\n<07>)<!CC><01>イスーキスゆゆらもョ。ォ	<09>\n<07>)<!CC><01>イスーキスゆゆらもョ。ォ
<09>\n<07>)<!CC><1D><01>イスェースゆゆりもョ。ォ	<09>\n<07>)<!CC><1D><01>イスェースゆゆりもョ。ォ
<09>\n<07><!D3>神<07>	<09>\n<07><!D3>신<07>
<09>\n<07><09>」<01><07>	<09>\n<07><09>」<01><07>
<09>\n<07><13>「も<09><01>む<1D><1B>	<09>\n<07><13>「も<09><01>む<1D><1B>
<09>\n<07><13>チ\n<09>	<09>\n<07><13>チ\n<09>
<09>\n<07>に<05><1D><01>(調べものをしているようだ)	<09>\n<07><!21><05><1D><01>(뭔가 조사를 하는 듯)
<09>\n<07>ひめ<01><07>	<09>\n<07>ひめ<01><07>
<09>\n<07>ョ<10><01>イスョイスゆれろもョ。ォ	<09>\n<07>ョ<10><01>イスョイスゆれろもョ。ォ
<09>\n<08><!CF>ヌ<01><07>	<09>\n<08><!CF>ヌ<01><07>
<09>\n<08>ヒ<!99><02><09>	<09>\n<08>ヒ<!99><02><09>
<09>\n<08>ヒ索<09>	<09>\n<08>ヒ索<09>
<09>\n<08>フヌふ<09>	<09>\n<08>フヌふ<09>
<09>\n<08>フョふ<09>	<09>\n<08>フョふ<09>
<09>\n<08>ホ、<02><09>	<09>\n<08>ホ、<02><09>
<09>\n<08>ルに<01><07>	<09>\n<08>ルに<01><07>
<09>\n<09>ソ…<05><09>	<09>\n<09>ソ…<05><09>
<09>\n<09>ヤ<!CD><1D><10><05><1A><1A><01>イス「ォスゆゆよもョ。ォ	<09>\n<09>ヤ<!CD><1D><10><05><1A><1A><01>イス「ォスゆゆよもョ。ォ
<09>\n\n』<!EA><03><09>	<09>\n\n』<!EA><03><09>
<09>\n\nむ『<01><07>	<09>\n\nむ『<01><07>
<09>\n\n！<05><02><09>	<09>\n\n！<05><02><09>
<09>\n\n！ひ<02><09>	<09>\n\n！ひ<02><09>
<09>\n\n！ウ<01><07>	<09>\n\n！ウ<01><07>
<09>たちのやるべき事をやる…	<09>들이 해야 할 일을 한다…
<0C>たりな	<0C>거나
<0C>ったら、見せてくれよ	<0C>하면,보여줘
<0C>る	<0C>하다
<0D>\n<05>ホト	<0D>\n<05>ホト
<0D>し…	<0D>이고…
<0D>すんじゃねえよ	<0D>하지 마
<0D>ぞ	<0D>다
<0D>ぞ…	<0D>다…
<0D>る	<0D>하다
<0D>る…)	<0D>하다…)
<0D>るらしい	<0D>하는 듯하다
<0D>るんだ…	<0D>하는 거야…
<0D>方知ってるか？	<0D> 방법 아냐？
<0E>ぜ	<0E>다
<0E>ぜ！	<0E>다！
<0E>だ)	<0E>다)
<0E>な	<0E>군
<0E>？)	<0E>？)
<0F>か？	<0F>인가？
<0F>しな	<0F>이고
<0F>つだけさ	<0F> 뿐이야
<0F>ないようにしてるのか…	<0F>하지 않도록 하는 건가…
<0F>るから	<0F>하니까
<10>\n<05>ルの	<10>\n<05>ルの
<11>、おまえ？	<11>,너？
<11>ら	<11>면
<11>ら…	<11>면…
<12>っと	<12>했다
<12>よ	<12>야
<13>れる	<13>당하다
<14>て	<14>해서
<14>ど	<14>지만
<14>やがったな	<14>했겠다
<15>とがある	<15> 적이 있다
<15>とさ	<15> 거야
<15>とだ	<15> 거다
<16>れているのよ	<16>당하는 거야
<17>い…)	<17>이…)
<17>いので？	<17>이라서？
<17>ておいた	<17>해 두었다
<18>が	<18>지만
<18>る	<18>하다
<1A>うだよ	<1A> 같아
<1B>い方向を	<1B> 방향을
<1B>から…	<1B>니까…
<1B>からな	<1B>니까
<1B>そうだ	<1B> 듯하다
<1B>のは	<1B>것은
<1B>んだけど	<1B>는데
<1D>だろう	<1D>겠지
<1E>いるぞ…	<1E>있다…
<1E>ほしいそうだ	<1E> 원하는 듯하다
<1E>よ	<1E>야
<1E>るな	<1E>마라
<1E>機能解除される	<1E> 기능이 해제된다
<1E>話だ	<1E>이야기다
<1F>だ	<1F>다
<1F>っといてくれ	<1F>해 둬
<1F>思ってる	<1F>생각한다
<1F>連続攻撃	<1F> 연속공격
AGILITY CLASS	AGILITY CLASS
ATTACK CLASS	ATTACK CLASS
BOX<05>GAME	BOX<05>GAME
BP	BP
BPがある程度回復	BP가 어느정도 회복
BPが少し回復	BP조금회복
BPが足りない	BP가 부족하다
BPは最大値	BP는 최대치
BPを100回復する	BP를 100 회복
BPを250回復する	BP를 250 회복
BPを500回復する	BP를 500 회복
BPを50回復する	BP를 50 회복
BP一定率回復 心技型 <03><01>3ゲージ<03>	BP일정률회복 심기형 <03><01>3게이지<03>
B・レーザー	B・레이저
DEFENSE CLASS	DEFENSE CLASS
Dn	Dn
Dーユニットと呼ばれる\n記録版のようなものを\n全て集めた時に変化した\n異様な姿。なんだか、\n儀の<01><01>が\n手の届かないところに\n行ってしまったような\n感じだ…。	D-유닛이라 불리는\n기록판 같은 것을\n전부 모았을 때\n변한 기이한 모습.\n왠지 내 <01><01>가\n손닿지 않는 곳으로\n가 버린 듯한\n느낌이다….
EXCELLENT！！	EXCELLENT！！
EXIT	EXIT
EXP	EXP
EXTRA CLASS	EXTRA CLASS
FULLーGAUGE CLASS	FULLーGAUGE CLASS
HARD FIGHT	HARD FIGHT
HPとBPは最大値	HP와 BP 최대
HPとBPを完全に回復する	HP와 BP를 완전 회복
HPは最大値	HP는 최대치
HPを1000回復する	HP를 1000 회복
HPを200回復する	HP를 200 회복
HPを500回復する	HP를 500 회복
HPを回復する     <03><01>1ゲージ<03>	HP를 회복한다 <03><01>1게이지<03>
HPを大きく回復する  <03><01>1ゲージ<03>	HP를 크게 회복한다 <03><01>1게이지<03>
HPを完全に回復する	HP를 완전 회복
HPを完全に回復する  <03><01>1ゲージ<03>	HP를 완전 회복한다 <03><01>1게이지<03>
HP一定率回復 標準型 <03><01>3ゲージ<03>	HP일정률회복 표준형 <03><01>3게이지<03>
Kn	Kn
Ln	Ln
NICE FIGHT	NICE FIGHT
NO BLOCK	NO BLOCK
NO DATA	NO DATA
SPIRITUAL CLASS	SPIRITUAL CLASS
TOUGH FIGHT	TOUGH FIGHT
VERY GOOD！	VERY GOOD！
\n2番目に高い評価。\n得られる経験値はやや多い。\nアイテムを入手することもある。	두 번째로 높은 평가。\n얻는 경험치는 다소 많다。\n아이템을 입수하는 경우도\n있다。
\n3番目に高い評価。\n得られる経験値は普通。	세 번째로 높은\n평가。얻는 경험치는\n보통。
\n4番目に高い評価。\n得られる経験値はやや少ない。	\n네 번째로 높은 평가。\n얻는 경험치는 다소 적다。
\n<03>\n(アジリティ クラス)<03>	\n<03>\n(어질리티 클래스)<03>
\n<03>\n(アタック クラス)<03>	\n<03>\n(어택 클래스)<03>
\n<03>\n(エクストラ クラス)<03>	\n<03>\n(엑스트라 클래스)<03>
\n<03>\n(エクセレント)<03>	\n<03>\n(엑설런트)<03>
\n<03>\n(スピリチュアル クラス)<03>	\n<03>\n(스피리추얼 클래스)<03>
\n<03>\n(タフファイト)<03>	\n<03>\n(터프 파이트)<03>
\n<03>\n(ディフェンス クラス)<03>	\n<03>\n(디펜스 클래스)<03>
\n<03>\n(ナイスファイト)<03>	\n<03>\n(나이스 파이트)<03>
\n<03>\n(ハードファイト)<03>	\n<03>\n(하드 파이트)<03>
\n<03>\n(ベリーグッド)<03>	\n<03>\n(베리굿)<03>
\n<03>\nEXTRA CLASS<03>	\n<03>\nEXTRA CLASS<03>
\n<05>ケ<14>\n<05>ケェ\n<05>コヨ\n<05>サシクルル	\n<05>ケ<14>\n<05>ケェ\n<05>コヨ\n<05>サシクルル
\n<05>ホッ	\n<05>ホッ
\n<05>ル<1D>	\n<05>ル<1D>
\nHPを回復したり\nバリアを張ったりするバーサーク。	\nHP를 회복하거나\n배리어를 치거나 하는 버서크。
\nエッジの通常攻撃。\n方向ボタンで照準を動かして\n敵を狙い撃ちできる。\nただし、一度に撃てるのは1ヶ所。	\n엣지의 통상 공격。\n방향 버튼으로 조준을 움직여\n적을 노려 쏜다。\n단,한 번에 한 곳。
\nドラゴンの特殊行動。\n敵の防御力を無視した\n強力な攻撃を行う。	드래곤의 특수\n행동。적\n방어력을 무시한\n강력한 공격。
\nドラゴンの通常攻撃。\n複数のレーザーを発射する。\n一度に発射できるレーザーの数には\n制限がある。	\n드래곤의 통상 공격。\n여러 레이저를 발사한다。\n한 번에 쏘는 레이저 수엔\n제한이 있다。
\nマヒ状態になったドラゴンは\nレーザーやバーサークを封じられ\n位置取り以外の行動が\nできなくなってしまう。	\n마비된 드래곤은\n레이저와 버서크가 막혀\n포지셔닝 말고는\n아무것도 못 하게 된다。
\n敵を一定回数攻撃したり\n戦闘の補助を行ったりする\nバーサーク。	적을 일정 횟수\n공격하거나 전투\n보조를 하거나 하는\n버서크。
\n敵全体を攻撃するバーサーク。\n敵との距離に関係なく\nそれぞれに一定ダメージを与える。	\n적 전체를 공격하는 버서크。\n적과의 거리에 관계없이\n각각에게 일정 데미지를 준다。
\n敵全体を攻撃するバーサーク。\n近くの敵にはダメージが大きいが\n遠ざかるほどダメージは弱まる。	적 전체를 공격하는\n버서크。가까운 적에게는\n데미지가 크지만 멀어질수록\n데미지는 약해진다。
\n最も低い評価。\n得られる経験値は最も少ない。	\n가장 낮은 평가。\n얻는 경험치는 가장 적다。
\n最も高い評価。\n得られる経験値は最も多い。\nアイテムを入手することもある。	가장 높은 평가。얻는\n경험치는 가장 많다。\n아이템을 입수하는 경우도\n있다。
…<03>\n1番ゲート<03>	…<03> 1번\n게이트<03>
…Dタイプ01起動確認…	…D타입 01 기동 확인…
………………………………………………■	………………………………………………■
……………………………………………■ 	……………………………………………■ 
…………………………………………■  	…………………………………………■  
………………………………………■   	………………………………………■   
……………………………………■    	……………………………………■    
…………………………………■     	…………………………………■     
………………………………■      	………………………………■      
……………………………■       	……………………………■       
…………………………■        	…………………………■        
………………………■         	………………………■         
……………………■          	……………………■          
…………………■           	…………………■           
………………■            	………………■            
……………■             	……………■             
…………■              	…………■              
………■               	………■               
………そうね	………그러네
……■                	……■                
……くっ…こんな所で、あの発掘物を…	……크윽…이런 곳에서,그 발굴물을…
…■             	…■             
…■                	…■                
…ああ	…아아
…あいつって？	…그 녀석 말이야？
…あいつは！！	…그 녀석은！！
…あなたは？	…당신은？
…あのひとは！？	…그 사람은！？
…あれ、何の話だっけ？	…어라,무슨 얘기였더라？
…あれは、もっと恐ろしいもんだ	…그건,더 무서운 거다
…あんたに見捨てられた街がね！	…당신에게 버림받은 마을이 있잖아！
…いくつかのドラゴンはここで試作された	…몇몇 드래곤은 여기서 시작되었다
…いや、べつに止めやしねえよ	…아니,딱히 말리진 않아
…いや、君ひとりだけだ	…아니,너 혼자뿐이다
…えっ…？	…엣…？
…おまえ、本当にハンターなのか？	…너,정말로 헌터인 거냐？
…おまえさん、遣跡を見たことがあるだろ	…자네,유적을 본 적이 있겠지
…おまえに、ひとつ言っておくことがある	…너에게,한 가지 말해둘 게 있다
…おまえは…あの時の…	…너는…그때의…
…おまえはどうなんだ	…너는 어떤 거냐
…おまえも、少しは	…너도,조금은
…おれたち、どこまで行くのかな？	…우리,어디까지 가는 걸까？
…かつて、一夜にして3つの大陸を	…예전에 하룻밤 사이 세 대륙을
…きっと私と同じように、永い間…	…분명 나와 마찬가지로,오랫동안…
…くそっ…	…젠장…
…くそっ、逃がしたか…	…젠장,놓쳤나…
…こいつらみんな、死んでるのか？	…이놈들 전부,죽은 거냐？
…ここが、ドームなのか…	…여기가,돔인가…
…ここを襲った群れのようにな	…이곳을 습격한 무리처럼 말이지
…この船で、街を出る気はないの？	…이 배로 마을을 떠날 생각은 없나
…これがこの『塔』と呼ばれる	…이것이 이 『탑』이라 불리는
…これ以上、あのひとの邪魔をするな…	…더 이상,그 사람을 방해하지 마…
…ごめんなさい…	…미안해…
…さっきの男…大丈夫かな…	…아까 그 남자…괜찮을까…
…しかたがない…	…어쩔 수 없다…
…じいちゃん？	…할아버지？
…すまん…	…미안하다…
…そういうものなのか？	…그런 건가？
…そういう事だ	…그런 거다
…そうか…	…그런가…
…そうか、なら	…그런가,그럼
…そうだな…	…그렇군…
…そう言うあんたは、何なんだ？	…그렇게 말하는 당신은,뭔데？
…そう願いたいな	…그리 되길 바라네
…そこに、セストレンに何があるのかを…	…그곳 세스트렌에 무엇이 있는지를
…そこまでは知らねえ	…거기까지는 몰라
…そして…すまない	…그리고…미안하다
…そのために私は帰ってきたのだ	…그러기 위해 나는 돌아온 것이다
…それで、修理したのか？	…그래서,수리한 거냐？
…それとこれとは、関係のないことです	…그것과 이것은,관계없는 일입니다
…それに、私のアトルムなら大丈夫だ	…게다가,내 아트룸이라면 괜찮다
…それはできないわ…	…그건 할 수 없어…
…それはな、ワシの仲間達の形見だ	…그건 말이지,내 동료들의 유품이다
…そんなもんがあればの話だがな	…그런 게 있다면 말이지만
…だけど、かんちがいしないで	…하지만,오해하지 마
…ついて来たまえ	…따라오게
…てめえ、ケンカ売ってんのか？	…너,시비 거는 거냐？
…でなければ…	…그렇지 않으면…
…でも、もう元の場所には戻れないぞ…	…하지만 이제 원래로는 못 돌아가…
…でも俺、やっぱり家には戻らないよ	…하지만 역시 집엔 안 돌아갈 거야
…とうとう追いついた！！	…드디어 따라잡았다！！
…どっかで音がしなかったか？	…어디선가 소리가 나지 않았어？
…な、なんでこんな所にいるんだ…	…어,어째서 이런 곳에 있는 거야…
…なあ、エッジ	…이봐,엣지
…なぜ、儀と戦う？	…어째서,나와 싸우지？
…なんだって、わざわざこんな事…	…어째서,굳이 이런 짓을…
…なんだと？	…뭐라고？
…ねえ、エッジ…	…있잖아,엣지…
…ふうん、	…흐응,
…まあいい	…뭐 됐어
…また来たのかよ…	…또 온 거냐…
…まだ…名前も聞いてなかった	…아직…이름도 못 들었다
…まだ、起きないよ	…아직,안 일어나
…まったく、わけがわかんねえぜ	…정말이지,영문을 모르겠어
…もうそろそろ…	…이제 슬슬…
…ものすごい数です	…엄청난 수입니다
…もはや、ここに留まることは難しい	…이제,여기 머무는 건 어렵다
…やっぱり、ここには住めないの？	…역시,여긴 못 사는 거야?
…やめた方がいいよ	…그만두는 게 좋아
…よろしくお願いします…	…잘 부탁드립니다…
…わかった、次から何かするときは	…알았어,다음부터 뭔가 할 때는
…アゼル、君はどうなるんだ？	…아젤,너는 어떻게 되는 거지？
…アゼルはそのために作られた兵器なのだ	…아젤은 그를 위해 만들어진 병기다
…アゼル？ どうかしたのか？	…아젤？무슨 일 있어？
…エッジ…	…엣지…
…クレイメンに聞いたのか…	…크레이멘에게 들은 건가…
…クレイメンめ…	…크레이멘 녀석…
…バカな！	…말도 안 돼
…プ■               	플
…プラ■              	플랜
…プラン■             	플랜트
…プラント■            	플랜트 
…プラントの■           	플랜트 재
…プラントの再■          	플랜트 재기
…プラントの再起■         	플랜트 재기동
…プラントの再起動■        	플랜트 재기동을
…プラントの再起動を■       	플랜트 재기동을 
…プラントの再起動を開■      	플랜트 재기동을 개
…プラントの再起動を開始■     	플랜트 재기동을 개시
…プラントの再起動を開始し■    	플랜트 재기동을 개시했
…プラントの再起動を開始しま■   	플랜트 재기동을 개시했습
…プラントの再起動を開始しまし■  	플랜트 재기동을 개시했습니
…プラントの再起動を開始しました…■	플랜트 재기동을 개시했습니다…
…プラントの再起動を開始しました■ 	플랜트 재기동을 개시했습니다
…中には、ちょいとやばいのもあるがな	…개중엔 좀 위험한 것도 있지만
…主を失ってもその行動を止めはしないか	…주인을 잃어도 행동을 멈추진 않나
…予■                	예
…予備■               	예비
…予備シ■              	예비계
…予備シス■             	예비계통
…予備システ■            	예비계통에
…予備システム■           	예비계통에서
…予備システムで■          	예비계통에서 
…予備システムでの■         	예비계통에서 기
…予備システムでの起■        	예비계통에서 기동
…予備システムでの起動■       	예비계통에서 기동을
…予備システムでの起動を■      	예비계통에서 기동을 
…予備システムでの起動を開■     	예비계통에서 기동을 개
…予備システムでの起動を開始■    	예비계통에서 기동을 개시
…予備システムでの起動を開始し■   	예비계통에서 기동을 개시합
…予備システムでの起動を開始しま■  	예비계통에서 기동을 개시합니
…予備システムでの起動を開始します…■	예비계통에서 기동을 개시합니다…
…予備システムでの起動を開始します■ 	예비계통에서 기동을 개시합니다
…人間に、なったんだよ…	…인간이,된 거야…
…今のガーディアンのこと、考えていたの	…지금 가디언을 생각하고 있었어
…以前はあのひとの望みに答えること、	…예전엔 그 소망에 응하는 것,
…会わせる顔がないんだよ	…볼 낯이 없어
…会わなくていいのかい？	…만나지 않아도 되는 거야？
…何考えてんだ、あいつ？	…뭔 생각인 거야,저 녀석？
…使えないかな	…쓸 수 없으려나
…俺達シーカーの間じゃあ、	…우리 시커들 사이에서는,
…儀は、アゼルと塔に行く	…나는,아젤과 탑으로 간다
…再起動を実行します	…재기동을 실행합니다
…別に、何でもねえよ	…별로,아무것도 아니야
…別人みたいだ	…딴사람 같다
…力…？	…힘…？
…助かったのか…	…살아난 건가…
…問題ない、あそこが出□だ…	…문제없다,저곳이 출구다…
…塔によって再生しても、	…탑에 의해 재생하더라도,
…夢…？	…꿈…？
…実際は、そうでもないんだがな	…실제로는,그렇지도 않지만 말이지
…少年、エッジに宿りし魂…	…소년,엣지에게 깃든 혼…
…帝国軍…	…제국군…
…帝国軍はすでに塔の登頂部から	…제국군은 이미 탑의 정상부에서
…忘れる事はできなくてもね	…잊을 수는 없더라도
…悪いが、それ以上は言えんな…	…미안하지만 그 이상은 못 말하네
…我が一族も、これで終わりか…	…우리 일족도,이걸로 끝인가…
…戦いたけりゃ、勝手に戦って死にやがれ	…싸우고 싶으면 맘대로 싸우다 뒈져
…戦い？	…싸움？
…戻ろう、アゼル	…돌아가자,아젤
…抜け穴？	…빠질 굴
…持ち主の死体も一緒だった	…주인의 시체도 함께였다
…最後に反対者によって作られたものが	…끝으로 반대자가 만들어낸 것이
…正直いって予想外だった…	…솔직히 말해서 예상 밖이었다…
…残るは本艦のみか…	…남은 건 본함뿐인가…
…殺ったのは巣の方だけだ…下手をすると	…해치운 건 둥지 쪽뿐이다…잘못하면
…無事でいてください…	…무사하셔야 해요…
…生きてる…！？	…살아있다…！？
…生きて帰ってくる方が先さ	…살아 돌아오는 게 먼저야
…知りたくなくても	…알고 싶지 않아도
…私は、おまえたちとは違う	…나는,너희들과는 다르다
…移行確認	…이행 확인
…結局、あんたもみんなと同じなんだね…	…결국,당신도 다들과 똑같은 거네…
…結局、ウルを越えることはできなかった	…결국,우르를 뛰어넘을 수는 없었다
…絶対、なにか企んでやがるぜ	…절대,뭔가 꾸미고 있는 거야
…維■                	유
…維持■               	유지
…維持シ■              	유지시
…維持シス■             	유지시스
…維持システ■            	유지시스템
…維持システム■           	유지시스템 
…維持システムの■          	유지시스템 가
…維持システムの活■         	유지시스템 가동
…維持システムの活動■        	유지시스템 가동을
…維持システムの活動を■       	유지시스템 가동을 
…維持システムの活動を開■      	유지시스템 가동을 개
…維持システムの活動を開始■     	유지시스템 가동을 개시
…維持システムの活動を開始し■    	유지시스템 가동을 개시했
…維持システムの活動を開始しま■   	유지시스템 가동을 개시했습
…維持システムの活動を開始しまし■  	유지시스템 가동을 개시했습니
…維持システムの活動を開始しました…■	유지시스템 가동을 개시했습니다…
…維持システムの活動を開始しました■ 	유지시스템 가동을 개시했습니다
…艦橋に攻性生物がびっしりはりついてる	…함교에 공성생물이 빽빽이 붙었다
…落ち着いた？	…진정됐어？
…行くのか？	…가는 거냐？
…行こう…	…가자…
…西に行く？	…서쪽으로 가？
…貴様ら、これがどういう意味か	…네놈들,이게 무슨 의미인지
…防■            	방
…防■                	방
…防御■           	방어
…防御■               	방어
…防御シ■          	방어 시
…防御シ■              	방어 시
…防御シス■         	방어 시스
…防御シス■             	방어 시스
…防御システ■        	방어 시스템
…防御システ■            	방어 시스템
…防御システム■       	방어 시스템의
…防御システム■           	방어 시스템의
…防御システムの■      	방어 시스템의
…防御システムの■          	방어 시스템의
…防御システムの活■         	방어 시스템의 가
…防御システムの活動■        	방어 시스템의 가동
…防御システムの活動を■       	방어 시스템의 가동을
…防御システムの活動を開■      	방어 시스템의 가동을 
…防御システムの活動を開始■     	방어 시스템의 가동을 개
…防御システムの活動を開始し■    	방어 시스템의 가동을 개시
…防御システムの活動を開始しま■   	방어 시스템의 가동을 개시했
…防御システムの活動を開始しまし■  	방어 시스템의 가동을 개시했습
…防御システムの活動を開始しました…■	방어 시스템의 가동을 개시했습니다…
…防御システムの活動を開始しました■ 	방어 시스템의 가동을 개시했습니다
…防御システムの稼■     	방어 시스템의 가
…防御システムの稼働■    	방어 시스템의 가동
…防御システムの稼働に■   	방어 시스템의 가동에
…防御システムの稼働に問■  	방어 시스템의 가동에 문
…防御システムの稼働に問題…■	방어 시스템의 가동에 문제…
…防御システムの稼働に問題■ 	방어 시스템의 가동에 문제
…！？	…！？
…？ 何だよ突然…	…？뭐야 갑자기…
※ムービーで使用した総	※무비에서 쓴 총
※基地の構造概念図	※기지의 구조 개념도
■              	■
■                 	■
。\nバーサークの威力が上がり、\nより少ないBPで\nバーサークを使えるようになる。	。\n버서크의 위력이 상승하여,\n더 적은 BP로\n버서크를 쓸 수 있게 된다。
。\nレーザーの威力が上がるので\nレーザーを多用して戦う場合に\n有効なタイプである。	。레이저의 위력이\n상승하므로 레이저를 많이\n써 싸울 경우에 유효한\n타입이다。
。\n位置取りの速度が上がり、\nすばやく敵を倒すことが\nできるようになる。	。위치 잡기 속도가\n상승하여,재빠르게\n적을 쓰러뜨릴 수\n있게 된다。
。\n能力は平均的なので\n特に欠点はないが\n逆に利点もない。	。능력은 평균적\n이라서 특별한 결\n점은 없지만 반대\n로 장점도 없다
。\n防御力が高いので、\n敵から受けるダメージが小さく、\nHP回復の回数も少なくてすむ。	。방어력이 높아서,적에게\n받는 데미지가 작고,HP\n회복 횟수도 적게 든다。
「守人」の血のせいかねえ	「수인」의 피 탓이려나
「探索兵」の補給は大変だよ	「탐색병」보급은 큰일
「探索兵」達の士気が上がっています	「탐색병」사기가 오르고 있습니다
「滅亡」はない	「멸망」은 없다
「編み人」ギムトによる記録。\n\n以下に記すのは、ウル近辺で発掘した\n情報系構造体に収められていた記録の\n解読をまとめたものである。\nその内容は、ウルの北方に位置する\n『塔』の構造を示している。	「엮는 자」김토의 기록。이하에\n기록하는 것은,우르 부근에서\n발굴한 정보계 구조체에 담겨\n있던 기록을 해독하여 정리한\n것이다。그 내용은,우르의\n북쪽에 위치한 『탑』의 구조를\n나타내고 있다。
「編み人」ザドクによる記録。\n\n旧世紀の支配者たちは、この世界の\n命を支え、それを斉かすであろう\n人間の数と力を抑えるため、各地に\n強力な管理機構を遣した。\nそれが『塔』である。	「엮는 자」자독의 기록。\n구세기의 지배자들은,이 세계의\n생명을 지탱하고,그것을 위협할\n인간의 수와 힘을 억제하기\n위해,각지에 강력한 관리\n기구를 남겼다。그것이\n『탑』이다。
「編み人」ノアデアによる記録。\n\n遣跡内にある機械のほとんどは\nエンジンなどの動力系構造体だが、\nごくまれに、映像や音声を記録する\nための、情報系構造体が発見される\nことがある。	「엮는 자」노아데아의 기록。\n유적 내에 있는 기계 대부분은\n엔진 등의 동력계\n구조체이지만,아주\n드물게,영상이나 음성을\n기록하기 위한 정보계 구조체가\n발견되는 경우가 있다。
「護り火」じゃ、帝国は止められないぜ	「수호의 불」로는 제국을 못 막아
「護り火」については、調べがついている	「수호의 불」조사는 끝났다
「護り火」の火種は、教会の聖堂にある	「수호의 불」불씨는 성당에 있다
「護り火」の火種は、神聖区にあるんだが	「수호의 불」불씨는 신성구에
「護り火」を信じてるんだろ	「수호의 불」을 믿고 있는 거지
「重力の道」の彼方に連れて行かれるぞ	「중력의 길」저편으로 끌려가게 된다
「重力の道」の彼方に運ばれるらしい	「중력의 길」저편으로 옮겨진 듯
」さ	」야
」という概念が\n存在する。	」라는 개념이\n존재한다.
」に\n対応する。	」에\n대응한다.
『…1枚のメモリープレートに封印し…』	『…메모리 플레이트에 봉인하고…』
『…<03><05>Dユニット<03>	『…<03><05>D유닛<03>
『…<03>\nライト・ウィング<03>	『…<03>\n라이트 윙<03>
『…<03>\nライト・ウイング<03>	『…<03>\n라이트 윙<03>
『……願わくば後世の人間が…』	『……바라건대 후세의 인간이…』
『…あるいは我々よりも…』	『…혹은 우리보다도…』
『…しかし、それはもはや…』	『…하지만,그것은 이제…』
『…しかし我々は…』	『…하지만 우리는…』
『…それぞれを…<03>\n12個<03>	『…각각을…<03>\n12개<03>
『…と言えるものだったかもしれない…』	『…라고 할 수 있었을지도…』
『…もっと別の…』	『…좀 더 다른…』
『…わずかな望みを託して……』	『…한 가닥 희망을 걸고……』
『…ドラゴンというよりも…』	『…드래곤이라기보다는…』
『…ドラゴンの究極ともいうべき…』	『…드래곤의 궁극이라 할 만한…』
『…ライト・ウィングに関する…』	『…라이트 윙에 관한…』
『…ライト・ウイングに関する…』	『…라이트 윙에 관한…』
『…個体データを…』	『…개체 데이터를…』
『…地表各地にばらまいた…』	『…지표 각지에 뿌렸다…』
『…形態の開発に成功した…』	『…형태의 개발에 성공했다…』
『…我々の意志を引き維ぐことに…』	『…우리 의지를 이어받게 하는…』
『…我々の暴走と判断した当局は…』	『…우리 폭주라고 판단한 당국은…』
『…我々はついに…』	『…우리는 마침내…』
『…消去するようにとの決断を下した…』	『…소거하라는 결단을 내렸다…』
『…記録の一切を…』	『…기록의 일체를…』
『…高次の存在…』	『…고차원의 존재…』
『あの襲撃事件から3日たった』	『그 습격에서 사흘이 지났다』
『おそらくは反対派の仕業だろう』	『아마도 반대파의 소행이겠지』
『おまえ』の望んでた場所だ…	『너』가 바라던 곳이다…
『このドローンをアゼルと名づける』	『이 드론을 아젤이라 이름 붙인다』
『これならば、目標値を越えるはずだ』	『이거라면 목표치를 넘을 것이다』
『だが、このままでは重大な欠陥がある』	『이대론 중대한 결함이 있다』
『ドローンF07…思考指数98…失敗』	『드론 F07…사고지수 98…실패』
『ドローンF16…思考指数94…失敗』	『드론 F16…사고지수 94…실패』
『今回の実験体はうまく行っている』	『이번 실험체는 순조롭다』
『例の問題も寿命の操作で解決ずみだ』	『그 문제도 수명 조작으로 해결』
『例の機構の組み込み認可が下りる』	『그 기구의 조립 인가가 떨어졌다』
『塔』…？	『탑』…?
『塔』と呼ばれる遣跡の総\n旧世紀の記録機械で描かれたもの	『탑』이라 불리는 유적 그림\n구세기 기록기계로 그려진 것
『塔』に秘められた力に比べれば	『탑』에 숨겨진 힘에 비하면
『塔』に関する\n帝国アカデミーの実験報告書	『탑』에 관한 제국\n아카데미의 실험 보고서
『塔』の下部格納層を\n守っていたガーディアン。\n塔のあちこちに配置された\n下級ガーディアンの\n上位種として生み出された\nらしい。	『탑』하부 격납층을\n지키던 가디언.\n탑 곳곳에 배치된\n하급 가디언의\n상위종으로 만들어졌다\n한다.
『塔』の中で戦った。\n侵入者を阻むしかけが作動\nすると襲ってくる、下級\nガーディアン。\n強力な攻撃を一度だけ\n行って、すぐに逃げ出して\nしまう。体力が残り少ない\n時には危険な敵だ。	『탑』안에서 싸웠다.\n침입자를 막는 장치가\n작동하면 덮쳐 오는\n하급 가디언.\n강력한 공격을 한 번만\n하고 바로 도망친다.\n체력이 얼마 없을 때는\n위험한 적이다.
『塔』の中で戦った。\n侵入者を阻むしかけが作動\nすると襲ってくる、下級\nガーディアン。\n正面に放つ光の矢をさける\nために移動すると、それに\n反応して直接攻撃を行う。	『탑』안에서 싸웠다.\n침입자를 막는 장치가\n작동하면 덮쳐 오는\n하급 가디언.\n정면에 쏘는 빛의\n화살을 피해 움직이면\n반응해 직접 공격한다.
『塔』の中部層を守って\nいたガーディアン。2体が\n一緒になって襲ってきた。\nというより、2体まとめて\nひとつの個体だったのかも\nしれない。	『탑』의 중간층을\n지키고 있던\n가디언.두 마리가\n함께\n덤벼들었다.라기보다,두\n마리를 합쳐 하나의\n개체였는지도 모른다.
『塔』の力を手に入れるために	『탑』의 힘을 손에 넣기 위해
『塔』の機能に関する\nシーカーの研究書	『탑』의 기능에\n관한 시커의 연구서
『塔』の総	『탑』의 총
『塔』の話はできねえな！	『탑』얘기는 할 수 없다고!
『塔』を探して、うろうろしてるそうだぜ	『탑』을 찾아 어슬렁거린다더군
『塔』発見〜引き上げまで	『탑』발견부터 인양까지
『塔』起動実験報告書	『탑』기동 실험 보고서
『尋われたドローンはまだ発見されない』	『쫓기던 드론은 아직 미발견이다』
『彼女はまだインプリントが終ってない』	『그녀는 아직 임프린트가 안 됐다』
『災いの種にならなければいいのだが…』	『화근이 되지 않으면 좋겠는데…』
『絶対の客人』とでも訳せばいいのかな	『절대의 손님』이라고 번역하면 될까
『絶対の客人』とは、	『절대의 손님』이란,
『絶対の客人』も！	『절대의 손님』도!
『絶対の客人』よ…	『절대의 손님』이여…
』…君だけなのだ	』…너뿐이다
』よ	』야
あ…	아…
あ…そうか、あんたらは行けないんだっけ	아…그렇지,당신들은 갈 수 없었지
あ、いや、ないならいい、先を急ごう	아,아니,없으면 됐어,서두르자
あ、しまった！	아,이런!
あ、そうか！	아,그렇구나!
あ、そうだ、伝言もあったんだっけ	아,맞다,전할 말도 있었지
あ、それから例の約束、忘れんでくれよ	아,그리고 그 약속,잊지 말라고
あ、ちょっと待ってくれ…	아,잠깐 기다려…
あ、どこにあるのか調べる方が先だな…	어디 있는지 알아보는 게 먼저군…
あ、エッジ！	아,엣지!
あ、悪い悪い	아,미안 미안
あ、父ちゃんにはないしょだよ	아,아빠한테는 비밀이야
ああ…お孫さんを残してね	아아…손주를 남기고
ああ…だけど、水脈への入り□が	아아…근데,수맥으로 들어가는 입구가
ああ、あんたか	아아,당신이었나
ああ、ご苦労さん	아아,수고했어
ああ、そうだけど	아아,그렇긴 한데
ああ、やっと調べがついたんだ	아아,드디어 조사가 끝났어
ああ、よく来てくれた	아아,잘 와줬어
ああ、よろしく…	아아,잘 부탁해…
ああ、ラドガムの爺さんと組んでたんだ	아아,라드검 영감이랑 짝을 이뤘었지
ああ、一杯やろうってんだな	아아,한잔하자는 거군
ああ、何十年も前の話だがな	아아,벌써 수십 년 전 얘기지만
ああ、君、ちょっと頼まれてくれないか	아아,자네,부탁 좀 들어주지 않겠나
ああ、君か…	아아,자네였나…
ああ、大丈夫	아아,괜찮아
ああ、悪い夢でも見たのか	아아,나쁜 꿈이라도 꿨나
ああ、数千年前から	아아,수천 년 전부터
ああいった、攻性生物にやられた街や村の	저런,공성생물에 당한 마을이나 도시
ああやって侵入者の侵攻を阻むと同時に、	저렇게 침입자의 침공을 막으며,
あいかわらず発掘じょうは、ガラクタ\nばかりほりおこしている。\n\nつうしんきで やつと話しをした。\nてい国のがっこうにはいるためには\nそれなりにたくさんのお金がいる\nらしい。	여전히 발굴장에서는 쓸모없는\n물건만 파내고 있다.\n\n통신기로 그 녀석과 이야기했다.\n제국의 학교에 들어가려면\n그만큼 많은 돈이 필요하다고\n한다.
あいつ、俺の仕事を道楽だと思ってやがる	그놈,내 일을 취미라고 생각해
あいつ、行っちまったみたいだな	그 녀석,가버린 듯하군
あいつから話は聞いてるよ	그 녀석한테 이야기는 들었어
あいつが教会に用事とはね	그놈이 교회에 볼일이라니
あいつと、なんかあったんだろ？	그 녀석이랑 무슨 일 있었지?
あいつなら、いろいろ知ってると思うぜ	그놈이라면 이것저것 알 거야
あいつに代わって礼を言うよ	그 녀석 대신 고맙다고 할게
あいつの恩人なら、俺にとっても恩人だ	그놈의 은인이면 내게도 은인이야
あいつの親父だよ	그 녀석의 아버지야
あいつは！！	그 녀석은!!
あいつら、あそこで何やってるんだ？	저 녀석들,저기서 뭘 하는 거야?
あいつら、砂漠を周回する習性があってな	저놈들,사막을 도는 습성이 있어서
あいつらがまた来たと思ったんだよ	그놈들이 또 온 줄 알았어
あいつらについて行くことにしたよ	저 녀석들을 따라가기로 했어
あいつらも、旧世紀文明の残り物だ	저 녀석들도 구세기 문명의 잔재야
あえてあなたを選んだの…	굳이 당신을 선택한 거야…
あきらめていないようだが…	포기하지 않은 것 같은데…
あそこで繁殖しているようだな	저기서 번식하는 듯하군
あそこの接続部分を切りかえて	저기 접속 부분을 전환해서
あそこの竜巻は、その船が起こしてるのさ	저 회오리는 그 배가 일으킨 거야
あそこは退屈だったけど、	저긴 지루했지만,
あたし、ほんとは畑仕事のほうが好きなの	나,사실은 밭일이 더 좋아
あたし、ヴェラトの村で生まれたのよ	나,베라토 마을에서 태어났어
あたしが恐いのはね	내가 무서운 건
あたしはここで子供達の無事を祈ってるよ	여기서 아이들의 무사를 빌고 있어
あたしも困ってるんだよ	나도 곤란하다니까
あたしゃ、どうもあの人は信用できないよ	나는 아무래도 그 사람은 못 믿겠어
あたし達、どうなるんだろうねえ	우린 어떻게 되려나
あたし達、干からびちまうからね	우린 말라 죽고 말 테니까
あたし達が、なんであの子を守ったのか…	우리가 왜 그 애를 지켰는지…
あたし達のことは、もうほっといておくれ	우리 일은 이제 내버려 둬
あたし達の目的は聞いたんだろ？	우리 목적은 들었지?
あっ、新しいハンターだね！	아,새로운 헌터구나!
あったはずなんだが…	분명 있었을 텐데…
あっちに行ってろ！	저쪽으로 가 있어!
あっち行っとくれ	저쪽으로 가줘
あといくつか、下の層にも同じ物があるわ	몇 개 더,아래층에도 같은 게 있어
あとで様子を見に行ってやりな	나중에 상태 보러 가 봐
あとは<03>\nローター・パイル<03>	나머지는<03>\n로터 파일<03>
あとは…儀が	나머지는…기가
あとはこれが上へ運んでくれる	나머지는 이게 위로 옮겨 줄 거야
あとは地下をまっすぐ飛ぶだけだ	나머진 지하를 곧장 날면 돼
あとは客足が戻れば言うことなしね	손님만 돌아오면 더 바랄 게 없네
あとは彼女が…	나머지는 그녀가…
あとひとり？	이제 한 명?
あなた、よそ者ね…	당신,외지인이군…
あなたが、薬を取ってきてくれるなんて…	당신이 약을 구해다 주시다니…
あなたが思っているほどドラゴンは	당신이 생각하는 만큼 드래곤은
あなたとドラゴンの働きのおかげです	당신과 드래곤의 활약 덕분입니다
あなたとドラゴンの間に、何かを感じるの	당신과 드래곤 사이에서 뭔가를 느껴
あなたと共にあれば、大丈夫でしょう	당신과 함께라면 괜찮을 거예요
あなたにあげる！	당신에게 줄게!
あなたに行って確かめてほしいの	당신이 가서 확인해 줬으면 해
あなたのためだけに存在している…	당신만을 위해 존재하고 있어…
あなたのドラゴンと	당신의 드래곤과
あなたの故郷は、どんなところですか？	당신의 고향은 어떤 곳인가요?
あなたの方にこそ…	오히려 당신이야말로…
あなたは、あなたの血をけがしたり、\n薄めたりしてはならない。\n打ち捨てられた人と交わることも、\nいたずらに子孫を増やすことも、\nつつしまなければならない。\nなぜなら、新たなるゾアの民は、\nつねに神の手で置かれるからである。	그대는 그대의 피를 더럽히거나\n희석해서는 안 된다.버림받은\n자와 교합하는 것도,함부로\n자손을 늘리는 것도,삼가야\n한다.왜냐하면 새로운 조아의\n백성은,항상 신의 손으로\n놓이기 때문이다.
あなたは、ゾアの外から来た糧を\nとってはならない。\nなぜなら、それらの糧は、すでに\n打ち捨てられたものだからである。\nあなたは、森のもたらす恵みのみで\n命をつながなければならない。	그대는,조아 밖에서 온 양식을\n취해서는 안 된다.\n왜냐하면 그 양식들은,이미\n버려진 것들이기 때문이다.\n그대는,숲이 주는 은혜만으로\n생명을 이어가야 한다.
あなたは、普通の人間と違う感じがする…	당신은 보통 인간과 다른 느낌이야…
あなたは、生から死に至る道を\nすべてゾアの地で歩まねばならない。\nなぜなら、地上はすべて、争いの\nけがれを受けているからである。\nゾアの外に立ち、再びけがれた者は、\n再びさばきを受けるさだめを\n負わなければならない。	그대는,삶에서 죽음에 이르는\n길을 모두 조아의 땅에서 걸어야\n한다.왜냐하면 지상은\n모두,다툼의 더러움을 받았기\n때문이다.조아 밖에 서서 다시\n더럽혀진 자는,다시 심판을\n받을 운명을 짊어져야 한다.
あなたも…扉を開いてほしいの？	당신도…문을 열어주길 바라는 거야?
あなたも旅してる世界ですから…	당신도 여행하는 세상이니까…
あなたをセストレンに送ると同時に、	당신을 세스트렌으로 보내는 동시에,
あなたを見たような気がするの	당신을 본 적 있는 느낌이야
あなた達が生まれるずっと前…	당신들이 태어나기 훨씬 전…
あの<03>\nローター・パイル<03>	저<03>\n로터 파일<03>
あのさ…	저기 말이야…
あのでっかいの、見た？	그 큰 거,봤어?
あのね、神さまがね、	있잖아,신님이 말이야,
あのひと、また妙な物売りつけたんだね…	그이가 또 이상한 물건 팔았구먼…
あのひとが…	그 사람이…
あのひとが目覚めさせてくれるまで…	그 사람이 깨워줄 때까지…
あのひとの敵は私の敵…それだけだ	그 사람의 적은 나의 적…그뿐이다
あのひとの言っていたこと、	그 사람이 했던 말,
あのひとの邪魔をするからだ…	그 사람을 방해하기 때문이다…
あのひとは、いつも言ってたわ	그 사람은 늘 말했었어
あのひとはこの世界を守ろうと…	그 사람은 이 세계를 지키려고…
あのひとも、狩りに出られればねえ…	그이도 사냥을 나갈 수 있으면…
あのひとも、食べ物や水をくれたわ	그 사람도 음식이나 물을 줬어
あのひとを殺したの…	그 사람을 죽인 거야…
あのひと？ クレイメンの事か！？	그 사람?크레이멘 말인가!?
あのガッシュって奴に、頼まれたのか？	가슈라는 놈한테 부탁받은 거야?
あのガーディアン達と、	그 가디언들과,
あのデカブツだけは俺達の手に負えん	저 덩치만은 우리 손으로 못 당해
あのデッカイふうしゃのおかげで\nこうせい生物もほとんど\nよりつかない。\nここはおもったよりも らくなしごと\nだったかもしれない。	그 커다란 풍차 덕분에 공성\n생물도 거의 다가오지 않는다.\n여긴 생각보다도 편한\n일이었을지도 모른다.
あのパエットって男、あんたの知り合い？	그 파에트란 남자,아는 사람이야?
あの乗り物、アンユウ達が見つけたんだよ	저 탈것,안유우들이 찾아낸 거야
あの乗り物は、この近くに落ちとったんだ	그 탈것은 이 근처에 떨어져 있었어
あの乗り物は、たいしたもんだ	그 탈것은 대단한 물건이야
あの人の邪魔をするなら…殺す、と	그 사람을 방해한다면…죽이겠다고
あの司祭め、はかったな！	그 사제 놈,속였구나!
あの塔は、完全に目覚めたわ	그 탑은 완전히 깨어났어
あの大量の攻性生物を	그 대량의 공성 생물을
あの子…感づいちまったのかもしれないね	그 애…눈치채 버린 걸지도 모르겠네
あの子、ずっと熱が下がんないんだよ	그 애,계속 열이 안 내려
あの子、どんどん弱ってるんだ	그 애,점점 약해지고 있어
あの子、全然じっとしてなくて…	그 애,전혀 가만히 있질 않아서…
あの子、逃げたんだって？	그 애,도망쳤다면서?
あの子にも見せてやりたかったねえ…	그 애한테도 보여 주고 싶었는데
あの子のことは、しょうがなかったんだ	그 애 일은 어쩔 수 없었어
あの子の事、忘れたわけじゃないけど…	그 애를 잊은 건 아니지만…
あの子の事では、世話になったな	그 애 일로는 신세를 졌지
あの子は、大事なお話の最中なんだよ	그 애는 중요한 얘기 중이란다
あの子も…もう、いない…	그 애도…이제,없어…
あの子もそのつもりみたいだし…	그 애도 그럴 마음인 듯
あの少女に危害が加わるといけません	그 소녀가 다치면 안 됩니다
あの戦艦も、塔も…旧世紀の全てが	그 전함도,탑도…구세기의 모든 것이
あの攻性生物の群れ…	그 공성 생물의 무리…
あの時、おまえのような奴がいればな…	그때 너 같은 놈이 있었다면…
あの時から始まった旅の…	그때부터 시작된 여행의…
あの時言ったはずだ…	그때 말했을 텐데…
あの森で戦ったら、例の神殿もやばいぜ	그 숲에서 싸우면,그 신전도 위험해
あの森なら、楽に暮らせるだろうからね	그 숲이면 편히 살 수 있을 테니
あの焼け跡が、何だかわかるか？	그 불탄 자리가 뭔지 알겠어?
あの男…クレイメン達を追え…	그 남자…크레이멘들을 쫓아라…
あの男、大丈夫なんですかね？	그 남자,괜찮은 걸까요?
あの発掘所でな！	그 발굴소에서!
あの発掘物を尋回する以外、	그 발굴물을 회수하는 것 외에는,
あの砂をどける方法があるはずだ	그 모래를 치울 방법이 있을 거야
あの砲の正面は危険だな	그 포의 정면은 위험하지
あの程度なら朝メシ前さ	그 정도라면 식은 죽 먹기지
あの船、すげえだろ！	그 배,대단하지!
あの船に乗ってたガキ、何者だったんだ？	그 배에 탔던 꼬맹이,누구였지?
あの赤い奴を早めに倒すんだ！	그 빨간 놈을 빨리 쓰러뜨려!
あの里の人達と一緒に行くことだって	그 마을 사람들과 함께 가는 것도
あの霧は「メル=カヴァ」が作ってるんだ	저 안개는 '멜=카바'가 만든다
あの黒いドラゴンのことか？	그 검은 드래곤을 말하는 거야?
あまり時間がない…	별로 시간이 없어…
あやうく殺されるところだったぜ…	하마터면 죽을 뻔했다고…
あら、あたしに会いに来てくれたの？	어머,나 만나러 와준 거야?
あら、よく来たわね	어머,잘 왔어
あらいやだ、ほんとだよ	어머 세상에,진짜라니까
ありがたい	고맙군
ありがたいと思わなくちゃね	고맙게 여겨야지
ありがたい事だ	고마운 일이지
ありがたい！	고맙다!
ありがてえ！ これで食料が買えるぜ！	고맙다!이걸로 식량을 사겠어!
ありがとう	고마워
ありがとうございます…	고맙습니다…
ありがとうエッジ、	고마워 엣지,
ありがとよ	고마워
ありがとよ！	고마워!
ありゃ、俺達の理解を超えてるよ	그건 우리 이해를 넘어서는 일이야
あるべき姿にしようとしている	있어야 할 모습으로 만들려 한다
あるわけないだろ…	있을 리가 없잖아…
ある国が旧世紀の空飛ぶ船を発掘したんだ	어느 나라가 구세기 배를 발굴했어
ある物、いや人を探してる	뭔가,아니 사람을 찾고 있어
あれ、その銃…俺が修理した奴だよな	어라,그 총…내가 수리한 거잖아
あれが<03>\nローター・パイル<03>	저게<03>\n로터 파일<03>
あれが…抜け穴？	저게…빠져나갈 구멍?
あれが弱点だ！！	저게 약점이다!!
あれさえ手に入れば、帝国など	저것만 손에 넣으면,제국 따위
あれだけ痛めつけられたのにかよ？	그렇게 당하고도?
あれのおかげで、攻性生物が寄りつかねえ	저것 덕에 공성생물이 안 다가와
あれは……何だ？	저건……뭐지?
あれは…クレイメン艦隊！	저건…크레이멘 함대!
あれは、この街を滅ぼしかねん男だ	저놈은 이 마을을 망칠 수도 있어
あれは、そこから掘り出した物なんだ	저건,거기서 파낸 물건이야
あれは、評議会に認められた子なのだ	저 아이는,평의회가 인정한 아이다
あれは普通の人間に扱えるものではない	저건 평범한 인간이 다룰 게 아니다
あれは！？	저건!?
あれも塔から生まれ出たものだ	저것도 탑에서 태어난 것이다
あれを使えばよい	저걸 쓰면 된다
あれを持つ資格なんか、俺にはないんだ	저걸 가질 자격 따위,나한테는 없어
あれを昇れば、すぐ目の前に見えるよ	저걸 오르면,바로 눈앞에 보여
あれを皇帝に渡すわけにはいかん	저걸 황제에게 넘길 수는 없다
あれ？ おまえは来ないのか？	어라?넌 안 오는 거야?
あれ？ その銃…	어라?그 총…
あんた、なんかわけありだね	자네,뭔가 사연이 있군
あんた、ハンターだね	당신,헌터군
あんた、ハンターのエッジだろ？	당신,헌터 엣지지?
あんた、一緒に戦ってくれるんだろ？	당신,같이 싸워주는 거지?
あんた、俺の顔に見覚えないかい？	당신,내 얼굴 기억 안 나?
あんた、教典読んだ事ないのかい？	자네,교전 읽어 본 적 없나?
あんた、旅の人だろ？	당신,여행자지?
あんた、確かゾアの街で…	자네,분명 조아에서…
あんた、神聖区で仕事もらったんだって？	당신,신성구에서 일 받았다며?
あんたがエッジだな	당신이 엣지로군
あんたがシーカーの仲間だって噂…	당신이 시커의 동료라는 소문…
あんたが起こした攻性生物にな	당신이 깨운 공성생물한테 말이야
あんたなら知ってるって言うのか？	당신이라면 안다는 거야?
あんたのおかげさ	자네 덕분이야
あんたのおかげさ…	자네 덕분이야…
あんたのお連れさんなら、心配ないよ	당신 일행이라면,걱정 없어
あんたのドラゴンが狙いなんじゃないか？	당신의 드래곤이 노림수 아니야?
あんたの仲間も、あの世で大喜びだぜぇ！	네 동료도 저세상에서 좋아하겠다!
あんたの技術には助けられたからね	당신 기술 덕에 도움받았으니까
あんたの探してる人って	당신이 찾는 사람이란 게
あんたの空中船、墜落してたよ	당신 공중선,추락해 있었어
あんたの親父さんは、違うみたいだけど…	당신 아버지는 다른 것 같지만…
あんたの連れは、病室に運んであるよ	당신 일행은,병실로 옮겨놨어
あんたは…	당신은…
あんたは、いやあんた達は一体何者なんだ	당신은,아니 당신들은 대체 뭐야
あんたみたいに戦いをやめたりはしない！	당신처럼 싸움을 그만두지는 않아!
あんたも、そこの人だったんだろ？	당신도,거기 사람이었지?
あんたも、その人もゾアの街に	당신도,그 사람도 조아의 거리에
あんたも、ハンターだったのか	당신도,헌터였구나
あんたも、腰をすえて暮らした方がいいよ	자네도 자리 잡고 사는 게 좋아
あんたも、遣跡を掘り返してるのかい？	자네도 유적을 파헤치고 다니나?
あんたもシーカーだったのか？	자네도 시커였던 건가?
あんたも来ないか？	당신도 안 올래?
あんたも顔が広いな	당신도 발이 넓군
あんたを巻き込むわけにはいかないよ	당신을 끌어들일 수는 없어
あんた達が神聖区に来る前の話だけど…	신성구에 오기 전 얘기지만…
あんた達の話は、わけがわからないよ	당신들 이야기는,영문을 모르겠어
あんた達も、この里の子になるかい？	당신들도,이 마을 아이가 될래?
あんな奴に持たせとくのはもったいないぜ	저런 놈이 갖고 있는 건 아까워
あんな焼け跡じゃ暮らせないよ	저런 불탄 자리에서는 살 수 없어
い、いや、そうじゃなくて…	아,아니,그게 아니라…
い、いや、確かにそうだけど…	아,아니,확실히 그렇지만…
いいか、よけいなことに関わるなよ	알겠나,쓸데없는 일에 관여하지 마
いいか、約束だからな	알겠지,약속이니까
いいかね	알겠나
いいじゃないか、人助けみたいなものだし	괜찮잖아,사람 돕는 셈 치고
いいぜ、持ってけよ	좋아,가져가
いいだろう、だけど地上に出られるまでだ	좋다,하지만 지상에 나갈 때까지다
いいだろうなあ、外の世界は…	좋겠다,바깥세상은…
いいのかい？ アゼル…	괜찮은 거야?아젤…
いいのか？…	괜찮은 거야?…
いいわ、	좋아,
いいんだよ	괜찮아
いい子だから、じっとしててね…	착하지,가만히 있으렴…
いい子だから、もう少しお待ち	착하지,조금만 더 기다리렴
いい気味だわ	꼴 좋다
いい物そろってるだろ	좋은 물건 갖춰져 있지
いい買い物だと思うけどなあ	좋은 쇼핑이라고 생각하는데
いえ、そのような事は…	아뇨,그런 일은…
いきなり、そんなこと言われても…	갑자기,그런 말을 들어도…
いくぞ	간다
いくらなんでも、頑丈すぎるぜ	아무리 그래도,너무 튼튼하잖아
いずれの武器も、我が軍の保有する\n同種兵装のそれをはるかに上回る\n破壊力を有している。アカデミーの\n試算によれば、ドラゴン1頭の潜在\n能力は、最低でもヴァルナ級空中戦艦\n50隻に匹敵するという。	어느 무기든,우리 군이 보유한\n동종 병기를 훨씬 웃도는 파괴력\n을 지니고 있다.아카데미의 시산\n에 따르면,드래곤 한 마리의 잠\n재 능력은,최소한 바르나급 공중\n전함 50척에 필적한다고 한다.
いたずらに命を惜しむつもりはない	함부로 목숨을 아낄 생각은 없다
いっそ、共倒れになっちまえばいいのによ	차라리,같이 망해버리면 좋을 텐데
いっそ、街が占領されねえもんかな	차라리,마을이 점령당하지 않으려나
いったい、どんな所なんだろうねえ	대체 어떤 곳일까
いつかはここを出ていくつもりさ	언젠가는 여기를 떠날 생각이야
いつでも、この街にぶっ放せるって話だぜ	언제든 이 거리를 쏠 수 있다는 뜻
いつでもいけます	언제든 갑니다
いつの日か、ラギは力を取り戻して\n大空に帰っていくだろう。そして、\nその背中には、たぶん儀ではない\n誰かが乗っているだろう。\nでも、儀はそれを悲しまない。\n託されたものを失わない限り、彼は\n儀とともにあるのだから。	언젠가 라기는 힘을 되찾아\n창공으로 돌아갈 것이다.\n그 등에는 기가 아닌\n누군가가 타고 있겠지.\n하지만 기는 슬퍼하지 않는다.\n맡겨진 것을 잃지 않는 한\n그는 기와 함께 있을 테니까.
いつまでもガラクタばかりいじっとらんで	언제까지고 고물만 만지작거리지 말고
いつまでも悲しんではおれんよ	언제까지 슬퍼할 수만은 없어
いつまでも旅慣れしないねえ、おまえは	언제까지나 여행에 안 익숙하구나
いつ死ぬかわかんないけど…	언제 죽을지 모르지만…
いにしえの峡谷	태고의 협곡
いにしえの闘飛場	태고의 투비장
いまさら何を驚く	이제 와서 뭘 놀라
いました、攻性生物です！	있습니다,공성 생물입니다!
いまだ	아직
いまだによみ書きがまともにできない\nおれとちがってエッジはあたまもいい\nなんとかして 帝国のがっこうに\nいれてやりたいとおもう。\n\nへんきょうの よう兵などまっとうな\nにんげんのするしごとじゃない。	아직도 읽고 쓰기를 제대로\n못하는 나와 달리 엣지는 머리도\n좋다 어떻게든 제국 학교에\n넣어주고 싶다고 생각한다.\n변경의 용병 같은 건 제대로 된\n사람이 할 일이 아니다.
いまだ文明の光を知らぬ辺境の民は、\n旧世紀の産物をいたずらに恐怖し、\n愚かな信仰の対象とするのみである。\nそれら地に埋もれた遣産を、正当なる\n維承者、すなわち皇帝陛下のもとに\nお返しするのが、我が軍に与えられた\n使命である。	아직 문명의 빛을 모르는 변경의\n백성은,구세기의 산물을 공연히\n두려워하며,어리석은 신앙의 대\n상으로 삼을 뿐이다.그 땅에\n묻힌 유산을,정당한 계승자,즉\n황제 폐하께 돌려드리는 것이,우\n리 군에게 주어진 사명이다.
いや…そんなことないよ	아니…그렇지 않아
いや…何でもない	아니…아무것도 아니야
いや、あんな連中とは違う	아니,저런 놈들과는 달라
いや、いいんだ、人違いだったから	아니,됐어,사람을 잘못 봤으니까
いや、この間は失礼した	아니,지난번엔 실례했어
いや、そういうわけじゃないけど…	아니,그런 건 아니지만…
いや、それは本当のウルじゃない	아니,그건 진짜 울이 아니야
いや、ちょっと、これは…	아니,잠깐,이건…
いや、まあ…色々考えがあってな	아니,뭐…여러 생각이 있어서 말이지
いや、もっと後になるかもしれんがな	아니,좀 더 나중이 될지도 모르지만
いや、やっぱりやめとこう	아니,역시 그만두자
いや、別に何も…	아니,딱히 아무것도…
いや、旧世紀の遣跡、全てを破壊する	아니,구세기 유적,전부 파괴한다
いやいや、あくまで例えばの話だよ	아니아니,어디까지나 예를 든 얘기야
いやなら、無理にとは言いませんが	싫다면,억지로는 말하지 않겠지만
いや違う	아니다
いろいろ倉庫から出してきたぜ	이것저것 창고서 꺼내 왔지
いろんな人が、戦いで死んでいったけど	많은 사람이,전쟁에서 죽어갔지만
ううん…ごめんなさい、もう大丈夫	아니…미안해요,이제 괜찮아
うかつに壁を越えようとしたら	섣불리 벽을 넘으려 하면
うかつに遣跡を目覚めさせると…	섣불리 유적을 깨우면…
うちのフェイの事、どう思う？	우리 페이,어떻게 생각해?
うちのフェイを、嫁にする気はないかい？	우리 페이를 아내로 삼을 생각 없나
うちの娘とよく話をしているようだな	우리 딸이랑 자주 얘기하는 듯하군
うちの娘に何するつもりだい！	우리 딸한테 뭐 하려고!
うっ…	윽…
うなされてたみたいだけど	가위눌린 것 같던데
うなされてた？	가위눌렸었어?
うまくあしらえば、なんとでもなる	잘 다루면,어떻게든 돼
うるせえな、あっちに行けよ	시끄럽네,저리 가
うるせえ！ 俺の知ったことか！	시끄러워!내가 알 게 뭐야!
うわぁぁぁ！	우와아아!
うわぁぁーー	우와아——
うわっ、前はやばい	으악,앞은 위험해
うわっ！スピードが上がったぞ！	우왓!속도가 올라갔어!
うん	응
うん…これが飛べば遠くに行けるんだろ？	응…이게 날면 멀리 갈 수 있어?
うん…わかってるよ	응…알고 있어
うん…一体、どこに行ったんだろう？	응…대체 어디로 간 걸까?
うん…少なくとも、儀にはあるよ	응…적어도,기한테는 있어
うん、もうすぐ終わるよ	응,이제 곧 끝나
うーん…	음…
え…いいんですか？	어…괜찮아요?
え、い、いや	어,아,아니
ええ	네
ええ、でも私は大丈夫	네,하지만 저는 괜찮아요
ええっ？ なんでだよ！	에엣?왜 그런 거야!
えっ！？	엣!?
えっ？	엣?
えらいこと…って、どんな？	큰일…이라니,어떤?
え！？	에!?
え？ …ああ、ごめんなさい…	에?…아아,미안해요…
え？ あ、ああ…	에?아,아아…
え？ ああ、そうだけど…	에?아아,그렇긴 한데…
え？ いいの？	에?괜찮아?
え？ でも…	에?하지만…
え？ でも、儀は…	어?하지만 난…
え？ でも、悪いよ…	에?하지만,미안해서…
え？ 場所がわからないのか？	에?장소를 모르는 거야?
え？ 遣跡に住んでたのか？	에?유적에 살았던 거야?
お、おどかそうったってだめだぜ	노,놀라게 하려 해도 소용없어
お、落ちます！	떨,떨어집니다!
おい、ぼうず…	이봐,꼬마…
おい、誰が寝ていいって言った！	이봐,누가 자도 된다고 했어!
おいおい、あわてるなよ	어이어이,서두르지 마
おい！ おまえ！！	이봐!너!!
おかげで、病気が治りそうです…	덕분에 병이 나을 듯해…
おかげで助かったよ、ありがとう	덕분에 살았어,고마워
おかしいな…この規模の遣跡なら	이상하네…이 정도 규모의 유적이라면
おじさん、早く帰ってこないかな…	아저씨,빨리 안 돌아오시려나…
おじさん達は、まだ戻ってませんけど…	아저씨들은 아직 안 돌아왔지만…
おそらく、メッカニア熱だと思う	아마,메카니아열이라고 생각해
おそらく、行き先はウルだろう	아마,행선지는 울일 거야
おそらくは…奴が……	아마도…그놈이……
おそらく我が友は、君を塔に導こうと\nしていることだろう。\nそれは、塔の死滅という彼の目的に、\n我々には知り得ない理由で、乗り手が\n深く関わっているからだ。	아마도 나의 벗은,그대를 탑으로\n이끌려 하고 있을 것이다.\n그것은,탑의 소멸이라는 그의\n목적에,우리로서는 알 수 없는\n이유로,라이더가 깊이 관여하고\n있기 때문이다.
おそらく生存者はいまい…	아마 생존자는 없을 것이다…
おばちゃんのごはん、まずいんだよなあ	아줌마 밥,맛없단 말이지
おまえ、この船に興味があるのか？	너,이 배에 흥미가 있는 거야?
おまえ、ケガは…？	너,다친 데는…?
おまえ、バイマンさんに金積んだんだろ？	너,바이만 씨한테 돈 찔러줬지?
おまえ、俺の事、ごくつぶしだと思うか？	너,나를 식충이라고 생각해?
おまえ、戦いっぱなしだったんだろ？	너,계속 싸우고만 있었지?
おまえ、新顔だな	너,새 얼굴이군
おまえ、狩りを始めてどれくらいになる？	너,사냥 시작한 지 얼마나 됐어?
おまえがいるとは思いもしなかったが…	네가 있을 줄은 생각도 못했지만…
おまえが発掘所で見た女か？	네가 발굴소에서 본 여자냐?
おまえが追ってる、クレイメンって奴…	네가 쫓는 크레이멘이라는 놈…
おまえさん…	자네…
おまえさん、大物になるぜ	자네,큰 인물이 될 거야
おまえさん、本なんか読むのか？	자네,책 같은 걸 읽나?
おまえさん、本気なのかい？	자네,진심인가?
おまえさんの持って来た銃を改造したんだ	자네가 가져온 총을 개조했다
おまえさんを監視してたんだ	자네를 감시하고 있었지
おまえだって、わかってるだろ？	너도 알고 있잖니?
おまえと二人、ドラゴンもなしで	너랑 둘이서,드래곤도 없이
おまえなら、きっと丈夫な子が産めるよ	너라면 튼튼한 애를 낳을 거야
おまえに会ったのだって偶然じゃない	너를 만난 것도 우연이 아니야
おまえに帝国退治を頼んだことか？	너한테 제국 퇴치를 부탁한 거?
おまえに預かりもんだ、ほらよ	너한테 맡길 물건이야,자
おまえのせいじゃないよ	네 탓이 아니야
おまえのための戦いじゃない	너를 위한 싸움이 아니야
おまえのような奴こそ、生き残るべきだ	너 같은 녀석이야말로,살아남아야 해
おまえの仕事は、第5地点の監視だ	네 임무는 제5지점 감시다
おまえの後ろで、おとなしくしてるから！	네 뒤에서,얌전히 있을 테니까!
おまえの本当の力を見せてくれ！！	너의 진짜 힘을 보여줘!!
おまえの本当の名前を示せ…	네 진짜 이름을 밝혀라…
おまえの生きのびる方法はない…	네가 살아남을 방법은 없다…
おまえの相棒と一緒にな	네 동료와 함께 말이야
おまえの知り合いじゃないの？	네 지인 아니야?
おまえは、その意志の外に存在する…	너는,그 의지 밖에 존재한다…
おまえはいいよな…皆にあてにされてよ	넌 좋겠다…다들 의지하니까
おまえはそれについて私に質問しなかった	너는 그것을 내게 묻지 않았다
おまえは先に出□で待っててくれ	너는 먼저 출구에서 기다려줘
おまえも、	너도,
おまえも、ここの噂聞いて来たんだろ？	너도,여기 소문 듣고 온 거지?
おまえもここに住みたいんじゃねえのか？	너도 여기 살고 싶은 거 아니야?
おまえもハンターなら、わかるだろう	너도 헌터라면,알 거야
おまえら、よく探したのかよ？	너희들,제대로 찾은 거야?
おまえを、殺さなければならなくなる…	너를,죽여야만 하게 된다…
おまえを呼んだ者に伝えておけ	너를 부른 자에게 전해둬
おまえを見ていると、若い頃を思い出す	널 보면 젊었을 때가 생각나
おまえ達が攻性生物と呼ぶ奴らも大差ない	너희가 공성생물이라 부르는 놈들도
おまえ達の事も、あの事件の記憶も…	너희들 일도,그 사건의 기억도…
おや…君は、確か開放区で…	오…자넨,분명 개방구에서…
おや、そんな事を言ってもよろしいので？	오,그런 말을 해도 괜찮은가요?
おや、よそ者じゃないか	오,외지인 아닌가
おやめよ、斉えてるじゃないか	그만둬,다 갖춰져 있잖아
おや？ それは私が頼んだ物じゃないか	오?그건 내가 부탁한 물건 아닌가
おや？止まったのか	오?멈춘 건가
おれ、はやく大きくなりたいなあ！	나,빨리 크고 싶다!
おれが大きくなったら、てつだうからさ！	내가 크면,도와줄 테니까!
おれが病気だったからかな？	내가 아팠기 때문일까?
おれたちといっしょに来るんだろ？	우리랑 같이 오는 거지?
お母さん、攻性生物や帝国が恐くないの？	엄마,공성생물이나 제국이 안 무서워
お母さんが言ってたよ	엄마가 말했어
お母さんに言われてるの	엄마한테 그렇게 들었어
お気持ちはわかりますが…	마음은 알겠습니다만…
お父さんがつけてくれたの	아빠가 지어 주셨어
お父さんにもらった宝物なの	아빠한테 받은 보물이야
お礼に、こいつをやるよ	답례로,이걸 줄게
お笑いぐさだぜ！！	웃기는 얘기지!!
かくのごとき巨大な力は、旧世紀\n文明の維承者たる皇帝陛下のもとで\n正しく管理されねばならない。それが\n世界秩序の確立に貢献する道であり、\n我が軍はそのためにこそ存在するので\nある。	이와 같은 거대한 힘은,구세기\n문명의 계승자이신 황제 폐하\n아래에서 올바르게 관리되어야\n한다.그것이 세계 질서 확립에\n공헌하는 길이며,우리 군은\n바로 그것을 위해 존재하는\n것이다.
かつて、\n世界は、神とともにあった。\n人は、神の栄光のもとにあった。\n万象は、幸いをなすものであった。	옛날,세계는,신과 함께\n있었다.인간은,신의 영광\n아래에 있었다.만물은,축복을\n이루는 것이었다.
かつて、ドラゴン乗りだった男の記録だ	예전 드래곤 라이더였던 남자의 기록
かつての力を失った人類は、	예전의 힘을 잃은 인류는,
かなりのものだ	상당한 것이다
かなりやられた	꽤 당했다
かべの向こうって、何があるのかな？	벽 너머엔,뭐가 있을까?
かまわん！ 動くか？	상관없다!움직이나?
かわいそうだと思ったんだろ？	불쌍하다고 생각한 거지?
かわりに、これあげるからさ	대신,이거 줄 테니까
かんちがいするな	착각하지 마
かん違いするなよ	착각하지 마
が、今は無理だな…	하지만,지금은 무리군…
が先だ！)	가 먼저다!)
きっと、みんな喜びます	다들 기뻐할 거예요
きっと、ドラゴンの仕業だぜ	분명,드래곤 짓이야
きっと君の役にも立つだろう	분명 너한테도 도움이 될 거야
きょうもおめあてのものは\nみつからなかったようだ。\n\nあいかわらず やつからのれんらくは\nこない。	오늘도 목표하던 것은\n찾지 못한 듯하다.\n\n여전히 그 녀석한테서 연락은\n오지 않는다.
きれいだと思ったけど…変かな？	예쁘다고 생각했는데…이상한가?
きれいにしないと、病気になっちゃうよ	깨끗이 안 하면 병에 걸린단다
くそっ…戦うしかないのか！？	젠장…싸울 수밖에 없는 건가!?
くそっ、やっぱり追ってきたか！	젠장,역시 쫓아왔나!
くそっ！ くそっ！	젠장!젠장!
くっ、なんとかもたせろ！	큭,어떻게든 버텨!
くっ、対攻性生物弾を使え	큭,대공성생물탄을 써
くっ！	큭!
くらえ！！	받아라!!
ぐわぁぁーー	으와아——
けっこういい土地じゃないか、ここは	꽤 괜찮은 땅 아닌가,여긴
こいつが必要なんだ	이게 필요해
こいつが直ったら、すぐにでも出ていくよ	이게 고쳐지면,바로라도 나갈게
こいつとは、ウルで再び\n戦うことになったが、この\n時も決着をつけることは\nできなかった。\n出会うたびに、新しい力を\n身につけているようだ。	이 녀석과는,울에서\n다시 싸우게\n되었지만,이 때도\n결판을 낼 수는\n없었다.만날\n때마다,새로운 힘을\n익히고 있는 듯.
こいつには静かな暮らしを与えてやりたい	이놈에겐 조용한 삶을 주고 싶다
こいつはいい遣跡だな	이거 괜찮은 유적
こいつはいつもの雑種じゃない	이 녀석은 늘 보던 잡종 아냐
こいつは礼金だ	이건 사례금이다
こいつも受け取ってくれないか？	이것도 받아주지 않겠어?
こいつらに管理されていれば	이 녀석들에게 관리되고 있다면
こいつらは	이 녀석들은
こいつを売ってくれるのか、ありがたい！	이걸 팔아주는 거야?고맙군!
こういう時はそう言って謝るんだって	이럴 때는 그렇게 사과하는 거래
こうすれば速度を変えてくれるのか	이렇게 하면 속도를 바꿔주는 건가
こうでもしないと親父を閉め出せないんだ	이래야 아버지를 몰아낼 수 있어
こう言っちゃなんだけどね…	이런 말 하긴 뭣하지만…
ここ…最初来た時には通らなかった…	여기…처음 왔을 땐 못 지나갔는데…
ここ、ウルって遣跡なんだけど…	여기,우르라는 유적인데…
ここ、俺だけの隠れ家なんだ	여기는 나만의 은신처야
ここから、塔を止められないのか？	여기서,탑을 멈출 수는 없는 건가?
ここからさらに下のドームに、	여기서 더 아래에 있는 돔으로,
ここからは下り坂になっている	여기서부터는 내리막길이다
ここから下に抜けるのが一番近道よ	여기서 아래로 빠지는 게 가장 빨라
ここから先は、一人でいくよ	여기서부터는,혼자서 갈게
ここから先は道の分岐も激しい	여기서부터는 갈림길도 심해진다
ここがちょうど真ん中の層に当たるわ…	여기가 딱 한가운데 층이야…
ここが塔の最上階	여기가 탑의 최상층
ここじゃ「調整士」だけどな	여기선 「조정사」지만
ここじゃねえよ、隣の神聖区さ	여기가 아니라 옆에 있는 신성구야
ここだ	여기야
ここでは\nタイプセレクト画面で、実際に\n形態変化を試すことができる。\nそののち、その形態が属する\nタイプについての解説を行なう。	여기서는 타입 셀렉트 화면에\n서,실제로 형태 변화를 시험\n해 볼 수 있다.그 후,그\n형태가 속한 타입에 대한 해\n설을 진행한다.
ここでは、認められた子供しか育てられん	여기선 인정받은 아이만 키운다
ここでは手に入らないんだよ	여기서는 손에 넣을 수 없어
ここなら、静かに暮らせると思ったのに…	여기라면 조용히 살 줄 알았는데…
ここにいる限り、住民は安全というわけだ	여기 있는 한 주민은 안전하다는 뜻
ここには、気軽に立ち寄ってくれ	여기에는,편하게 들러줘
ここには、食料の買いつけに来てるんだ	여기에는,식량을 사러 온 거야
ここにはそれっきり	여기까지가 끝
ここにはもう用はない…	여기는 이제 볼일이 없다…
ここに住んでる人か？	여기 사는 사람이야?
ここに攻め込んだのさ	여기로 쳐들어온 거야
ここに書き記すのは、私に託された\n秘密の、ごく一部でしかない。\nわずかな知識ではあるが、私と同じ\n境遇に立つ君の助けとなれば幸いで\nある。	여기에 적어두는 것은,나에게\n맡겨진 비밀의,극히 일부에\n지나지 않는다.하찮은\n지식이지만,나와 같은 처지에\n선 그대에게 도움이 된다면\n다행이다.
ここに来るまで、大変だったんだろ	여기까지 오느라,힘들었지
ここに来るまでに見ただろう	여기까지 오면서 봤을 텐데
ここに残るように言われたの	여기 남으라는 말을 들었어
ここに流れてきた連中の吹きだまりよ	여기로 흘러든 놈들의 소굴이야
ここに流れ着いた旅人達と争いが起きてね	여기 흘러든 여행자들과 싸움이 나서
ここの人達だって、きっと認めてくれるさ	여기 사람들도,분명 인정해줄 거야
ここの外周部へ出るゲートよ	여기 외곽으로 나가는 게이트야
ここの攻性生物の戦闘能力は	여기 공성생물의 전투 능력은
ここの連中、払いが悪いぜ	여기 놈들,지불이 나빠
ここの連中は、みんな帝国をなめてるんだ	여기 놈들은 제국을 얕보고 있어
ここの遣跡で何か作動するものが	여기 유적에서 뭔가 작동하는 것이
ここの遣跡を越えれば砂漠も終わり…	여기 유적을 넘으면 사막도 끝이야…
ここの食いもの、うまいんだぜ！	여기 먹거리,맛있다고
ここは、あまり長居する場所ではないぞ	여긴 오래 머물 곳이 아니야
ここは、まだ森に近すぎる…	여기는,아직 숲에 너무 가까워…
ここは、ハンターなどの来る所ではないぞ	여긴 헌터 따위가 올 곳이 아니야
ここは、戦いのない街だ…	여기는,싸움이 없는 거리다…
ここは、私でもダメみたい…	여기는,나로서도 안 될 듯해…
ここは、私達の村にどこか似ています…	여기는 우리 마을과 어딘가 닮았어
ここは俺を信用してくれよ、な？	여기서는 날 믿어줘,응?
ここは俺んちだぜ	여기는 내 집이라고
ここは昔、	여기는 옛날
ここまでやれるとは思わなかった	여기까지 해낼 줄은 몰랐어
ここまで来て、また行き止まりか…	여기까지 와서,또 막다른 길인가…
ここも…やられたのか…	여기도…당한 건가…
ここも、もう終わりだ	여기도,이제 끝이야
ここも、帝国に占領されちゃうのかな…	여기도,제국에 점령당하는 걸까…
ここらにある遣物が	이 근처에 있는 유물이
ここを守らなきゃいけないからね	여기를 지켜야 하니까
ここを守るのも、大切な使命だと思うよ	여기를 지키는 것도 중요한 사명이야
ここを抜け出せるってわけだな！？	여기서 빠져나갈 수 있다는 거지!?
ここを見れば、帝国は俺達を疑う…	여기를 보면 제국은 우릴 의심한다…
こちらにくるぞ！艦を密集させろ！	이쪽으로 온다!함선을 밀집시켜라!
こっちだ…	이쪽이다…
こっちへゆっくり出てこい	이쪽으로 천천히 나와
こないだ、記録機械とかをこしらえてな	요전에 기록 기계 같은 걸 만들어서
こないだ、遣跡でいいもの見つけたんだ	요전에,유적에서 좋은 걸 발견했어
こないだ、銃の修理を頼まれてさ	요전에,총 수리를 부탁받았거든
このCDのムービーを再生	이 CD의 무비를 재생
この、旗艦グリグオリグの力でな	이 기함 그리고리그의 힘으로 말이야
この「乗り手」の正体は不明だが、\nドラゴンと連携した俊敏な反応や\n高度な戦闘行動は、普通の人間には\n不可能なわざであり、アカデミーでは\n攻性生物に類する人型の創造物では\nないかとする説が有力である。	이 「기승자」의 정체는\n불명이지만,드래곤과 연계한\n민첩한 반응이나 고도의 전투\n행동은,보통 인간에게는 불가능한\n재주이며,아카데미에서는\n공성생물에 속하는 인형 창조물이\n아닐까 하는 설이 유력하다.
この「護り火」は、ゾアの命だ	이 「수호의 불」은,조아의 목숨이다
この『塔』を破壊します	이 『탑』을 파괴합니다
このあたりに帝国が来てるってのによ	이 근처에 제국이 와 있다는데
このしごとがおわったら あいつを\n帝国へつれていってやるつもりだ。\nしょうらい あいつがえらくなっても\nおれのことであいつがバカにされたり\nはずかしいおもいしないように\n俺もあしたから日記だけじゃなく\nすこしべんきょうもしようとおもう。\n<05><05>エッジはいつか、おれのことを\nおやじとよんでくれるだろうか。	이 일이 끝나면 그 녀석을\n제국으로 데려갈 생각이다.훗날\n그 녀석이 잘돼도 나 때문에\n무시당하지 않도록 나도 내일부터\n일기뿐 아니라 공부도 좀 해보려\n한다.<05><05>엣지는 언젠가 나를\n아버지라 불러줄까.
このでかい銃、どこで手に入れた？	이 커다란 총,어디서 구했어?
このとき、神の知恵は、\nことごとく争いに用いられた。\n神の火は、地を焼きつくし、\n神の道具は、命あるものを打ち殺し、\n攻性生物は、人を喰う軍勢となった。	이때,신의 지혜는,모조리\n다툼에 쓰였다.신의 불은,땅을\n다 태우고,신의\n도구는,살아있는 것을 쳐\n죽이고,공성생물은,사람을 먹는\n군세가 되었다.
このまま、まっすぐでいい…	이대로,곧장 가면 돼…
このままじゃ助からないよ…	이대로면 못 살릴 거야…
このままだと、やばいぜ	이대로면,위험해
このままだと、上納金も払えませんよ	이대로면,상납금도 낼 수 없어요
このままだと、満足に乾季が越せません	이대로면 건기를 제대로 못 넘겨요
このままだと先には行けないな	이대로면 더 앞으로 갈 수 없어
このままではダメだ！ この場は退こう	이대로는 안 돼!여기는 물러나자
このままでも、飛ぶだけなら問題ないんだ	이대로라도,나는 것만이라면 문제없어
このまま旗艦艦隊に引き渡しますか	이대로 기함 함대에 인도할까요
このように、位置取りによって\n敵の攻撃をかわしたり\n効果的に攻撃したりできる。\n位置取りを制すれば\n戦いを有利に進められる。	이처럼 포지셔닝으로 적\n공격을 피하거나\n효과적으로 공격할 수\n있다.포지셔닝을 다루면\n전투가 유리해진다.
このゲートは開きそうもないわ	이 게이트는 열릴 것 같지 않아
このコブ…まさか、ズースーか！	이 혹…설마,즈스인가!
このコントロールエリアを目指して	이 컨트롤 에리어를 목표로
このドラゴンは、	이 드래곤은,
このハンターくずれが！	이 헌터 나부랭이가!
このパエット様はだまされねえぜ	이 파에트 님은 속지 않아
このフローターは出力が落ちている	이 플로터는 출력이 떨어진다
このプラントの貯水槽だ…	이 플랜트의 저수조다…
この世ならぬ道で塔とつながり	이 세상이 아닌 길로 탑과 이어지고
この世の物とは思えない遣跡もあるからな	이 세상 것 같지 않은 유적도 있어
この人たちの言っていること、	이 사람들이 하는 말,
この他に、以下の2系統がある。\n<03>\nFULLーGAUGE CLASS<03>	이 외에 다음 2계통이 있다.\n<03>\nFULL-GAUGE CLASS<03>
この作物は、みんな神聖区の物さ	이 작물은,전부 신성구 것이야
この俺が ガラにもなくこんな日記\nなんかつけはじめたのは やはり\nあいつのためかもしれない。\nおもえば 親がわりだなどと\n□はばったいことも、何度も言ったが\nこれといって おやらしいことは\nいままで なにもしてやれなかった。	내가 어울리지 않게 이런 일기\n같은 걸 쓰기 시작한 것도 역시\n그 녀석 때문일지도 모른다.생\n각해보면 부모 대신이라며 낯간지\n러운 소리도 여러 번 했지만\n딱히 부모다운 일은 지금까지\n아무 것도 해준 게 없다.
この倉庫の蓄えも、徐々に減り始めている	창고 비축분도 조금씩 줄고 있어
この先に地上へ出るエレベーターがある	이 앞에 지상행 엘리베이터가 있어
この場所は自由に使ってくれ	이 장소는 자유롭게 써도 돼
この塔は、そういった空間の連なりで	이 탑은,그런 공간의 연속으로
この声…ドラゴンなのか！？	이 목소리…드래곤인가!?
この子、あなたになついてるみたいですね	이 아이,당신을 따르는 것 같네요
この子とは、村からずっと一緒なんです	이 아이와는 마을에서부터 함께예요
この子には、ずっと無理させてるから	이 아이한텐 계속 무리를 시켜서
この子は重い病気だそうです…	이 아이는 중병이래요…
この少ない戦力じゃ	이 적은 전력으로는
この形態のハイガは動きが\nとても速かったが、その\nせいか後方が死角になって\nいた。\n攻撃力は、それほど高く\nなかったようだ。	이 형태의 하이가는\n매우 빨랐지만\n그 탓인지 후방이\n사각이 되어 있었다.\n공격력은 그리\n높지 않았던 듯하다.
この形態は、両腕の機能が\n発達していて、弱点の頭を\nかばうような動きを見せて\nいた。攻撃も強力になって\nいたようだ。	이 형태는,양팔의\n기능이 발달해\n있어,약점인 머리를\n감싸는 듯한 움직임을\n보였다.공격도\n강력해진 듯하다.
この敵の前方の防御力は普通で\n前から攻撃すると\n普通にダメージを与えられる。	이 적의 앞쪽 방어력은\n보통이라 앞에서 공격하면\n정상 피해를 준다.
この敵の左右の防御力は高く\nそのためほとんどダメージを\n与えられない。	이 적의 좌우 방어력은\n높아 거의 피해를 줄\n수 없다.
この時、森林上空で新種の攻性生物が\n発見された。\n既存の攻性生物の体系のいずれにも\n属さないこの個体は、辺境の伝承から\n「ドラゴン」と命名され、調査のため\n別働隊が編成された。	이때,삼림 상공에서 신종\n공성생물이 발견되었다.기존\n공성생물의 어떤 체계에도 속하지\n않는 이 개체는,변경의 전승에서\n따와 「드래곤」이라\n명명되었으며,조사를 위해\n별동대가 편성되었다.
この村にいた仲間が残した遣言さ	이 마을 동료가 남긴 유언이야
この村もこんな事には	이 마을도 이런 꼴을
この武器では届かないぞ	이 무기로는 닿지 않는다
この発掘所を守ってる	이 발굴소를 지키고 있어
この砂漠を越えたとこで街を造ってる	이 사막을 넘은 곳에 거리를 만든다
この私も…	이 나조차도…
この船、もうすぐ完成するんだ	이 배,이제 곧 완성돼
この船、本当にくれるの？	이 배,정말로 주는 거야?
この艦は捨てる！総冥退避ー！	이 함선은 버린다!전원 퇴각!
この街じゃ、戦う必要がないんだぜ	이 거리에서는,싸울 필요가 없다고
この街には、何しに来たんだい？	이 거리에는,뭘 하러 온 거야?
この街の「遣産」は、非常に貴重なものだ	이 거리의 「유산」은 매우 귀중하다
この街の司祭を務めるダモンだ	이 거리의 사제를 맡은 다몬이다
この街は好かん…	이 마을은 싫어…
この街を仕切ってるのは、評議会だ	이 거리를 다스리는 건,평의회다
この街を守る仕事につく気はないかね？	이 거리를 지킬 생각은 없나?
この辺の行商人に聞いたんだけどね	이 근처 행상인한테 들었는데
この辺は、食べ物が多いから助かるよ	근처는 먹을 게 많아 다행이야
この辺り、様子がおかしいぜ	이 근처,상태가 이상해
この辺を旅してるんだろ？	이 근처를 여행하는 거지?
この遣跡のシステムには	이 유적의 시스템에는
この遣跡の中で、	이 유적 안에서,
この里も、もう終わりだねえ…	이 마을도,이제 끝이겠구나…
この門を抜けると、正面に倉庫があって…	이 문을 지나면 정면에 창고가…
この開放区で働いてる	이 개방구에서 일하고 있어
この開放区も、悪い所じゃないぜ	이 개방구도,나쁜 곳은 아니야
この間、ここに店を出したばかりでね	요전에 여기 막 가게를 낸 참이라
この間までは、ただのハンターだったんだ	얼마 전까지는,그냥 헌터였어
この階の警戒システムを	이 층의 경계 시스템을
これ、みんな売り物なのか？	이거,전부 팔 물건인 거야?
これ、受け取ってくれないか	이거,받아주지 않겠어
これから、この街は変わるぞ	이제부터,이 거리는 변할 거야
これからどうするか	앞으로 어떻게 할지
これからどうする？	앞으로 어쩔 거야?
これから先、儀の身に何か起きたら	앞으로,기의 몸에 무슨 일이 생기면
これが…こいつも攻性生物なのか！？	이게…이 녀석도 공성생물인 건가!?
これが…ドラゴンの力なのか…！？	이게…드래곤의 힘인 건가…!?
これが、その聖堂の鍵だ	이게,그 성당의 열쇠다
これが噂のドラゴン…	이게 소문의 드래곤…
これしか買えないんですか？	이것밖에 살 수 없는 건가요?
これだ	이거다
これで、あの子の薬が作れるぞ！	이걸로 그 아이 약을 만들 수 있어
これで、あの障害を	이걸로,그 장애를
これで、しばらくは食っていけるな	이걸로,당분간은 먹고 살 수 있겠군
これで、地上に出られるゲートが開く	이걸로 지상으로 나갈 문이 열린다
これで、帝国が攻めてきても安心だ	이걸로,제국이 쳐들어와도 안심이다
これで、神聖区の連中さえいなけりゃなあ	이걸로,신성구 놈들만 없다면 말이야
これで下へ出られるわ	이걸로 아래로 나가
これで何とか砂漠が越えられる	이걸로 어떻게든 사막을 넘는다
これで終わらせる…悪く思うな	이걸로 끝내겠어…나쁘게 생각하지 마
これで終わりだ	이걸로 끝이다
これで終わる…	이걸로 끝나는구나…
これで陛下に…うわぁぁぁ…	이걸로 폐하께…으아아아…
これで食料でも買うといい	이걸로 식량이라도 사도록 해
これと同じ物を調達してきてほしいんだ	이거랑 같은 물건을 조달해 와
これは…！	이건…!
これは、司祭様にいただいた教典だよ	이건,사제님께 받은 경전이야
これは、森からとってきた食料だよ	이건,숲에서 가져온 식량이야
これは君にさしあげよう	이건 자네에게 주겠네
これは私自身が決めたことだから…	이건 내 스스로 결정한 일이니까…
これほどの物は、めったに掘り出せないぜ	이 정도 물건은 좀처럼 못 캔다고
これほどの獲物が手に入るとはな	이 정도 사냥감이 손에 들어오다니
これも、ドラゴンが現れたせいでしょう	이것도,드래곤이 나타난 탓이겠지
これより我が隊は攻撃を開始する	지금부터 우리 부대가 공격 개시한다
これより迎撃戦闘に入る	지금부터 요격전에 들어간다
これらの障害の修復は極めて困難で\nあり、ほとんどの症例が廃来処分と\nなっている。\nただし、同調機能障害については、\n強度の心理的ショックによって修復\nする場合がある。	이 장애의 수복은 극히\n곤란하며,대부분의 증례가 폐기\n처분으로 이루어진다.다만,동조\n기능 장애에 대해서는,강도의\n심리적 충격에 의해 수복 되는\n경우가 있다.
これをうまく利用すれば、我々の里を\n攻性生物から守る手段として使える\nかもしれない。今後も、この種の\n構造体の研究は、積極的に続けていく\n必要があるだろう。	이것을 잘 이용하면,우리 마을을\n공성생물로부터 지키는 수단으로\n쓸 수 있을지도\n모른다.앞으로도,이러한 종류의\n구조체 연구는,적극적으로 계속해\n나갈 필요가 있을 것이다.
これをやるから、少し勉強しろ	이걸 줄 테니,좀 공부해라
これを使うためには、まず\nそのバーサークに対応したタイプに\n変形しなければならない。\nまた、ゲージを3つ必要とするが\nそのかわりBPは消費しない。	이걸 쓰기 위해서는,먼저 그\n버서크에 대응하는 타입으로 변\n형해야 한다.또한,게이지를\n3개 필요로 하지만 그 대신\nBP는 소비하지 않는다.
これを持っていけ…戦いの役に立つだろう	이걸 가져가…싸움에 도움이 될 거야
これを渡してほしいんだ	이걸 전해줬으면 해
これを読んでみたまえ	이걸 읽어보게
これ以上かけられない	더 이상 걸 수 없다
これ以上そいつを陛下に近づけるな！	더는 저놈을 폐하께 접근시키지 마!
これ以上の戦力消耗は、メッカニア\n侵攻作戦に影響を与えると判断した\n軍司令部は、第2次捕獲部隊の全滅を\nもって、シェルクーフ捕獲作戦の無期\n延期を決定。全兵力を侵攻作戦に投入\nした結果、9の月3日、メッカニア\n連邦は、正式に帝国の属領となった。	전력 소모가 메카니아 침공에 영\n향을 준다고 판단한 군사령부는,\n제2차 포획 부대 전멸을 계기로\n셸쿠프 포획 작전을 무기한 연기\n.전 병력을 침공에 투입 한 결\n과 9월 3일 메카니아 연방은\n제국의 속령이 되었다.
これ以上は追ってこない	더 이상은 쫓아오지 않는다
これ以上食べ物持って行かれたら	더 이상 먹을 걸 뺏기면
こんなくだらねえガラクタで	이런 시시한 잡동사니로
こんなことを考える気持ちだって	이런 생각을 하는 마음조차
こんなにすごい力があったのにさ	이렇게 대단한 힘이 있었는데도
こんなものか、実戦って	실전이라는 게,이런 건가
こんな事しかできないけど…	이런 것밖에 할 수 없지만…
こんな所にいていいのか、おまえ？	이런 곳에 있어도 되는 거야,너?
こんな時に、よく出歩けるもんだ	이런 때에,용케 나다니는군
こんな時に来るなんて…	이런 때에 오다니…
こんな武器じゃ、気休めにしかならんな	이런 무기로는,기분만 달랠 뿐이겠지
こんな焼け跡に何があるっていうんだい	이런 잿더미에 뭐가 있다고
こんな街の親玉になって…	이런 거리의 우두머리가 되어
ご、ごめん…	미,미안…
ごくろうさん	수고했어
ごめん	미안
ごめん…この前は言いすぎたよ	미안…지난번엔 말이 심했어
ごめん、家の様子が変だったから…	미안,집 상태가 이상해서…
ごめんだね	싫은데
ごめんなさい	죄송합니다
ごめんなさい…心配、かけて	죄송해요…걱정,끼쳐서
ごめんね、変な事言っちまって	미안해,이상한 소리 해서
ごらん…子供達の「魂の像」だよ	봐봐…아이들의 「영혼의 상」이야
ごらんのとおりさ…連中もやるもんだね	보다시피야…저 녀석들도 제법이네
さあ…よくわからないけど…	글쎄…잘 모르겠지만…
さあ、…ボタンを押してくれ	자,…버튼을 눌러줘
さあ、アゼルよ、扉を開けるのだ！	자,아젤이여,문을 열어라!
さあ、私を殺してくれ『絶対の客人』よ	자,나를 죽여다오 『절대의 손님』
さあ、答えを…	자,대답을…
さあな…俺は頼まれただけだからよ	글쎄…나는 부탁받았을 뿐이니까
さすがに奴もフラフラになってきたぞ	역시 저놈도 비틀거리기 시작했군
さすがハンターだな	역시 헌터답네
さっきのガーディアンを倒したことで、	방금 그 가디언을 쓰러뜨린 덕분에,
さっきのドームまで戻ろう	아까 그 돔까지 돌아가자
さっさとこの街から出て行きな…	얼른 이 거리에서 나가라…
さっさと片づけて先を急ごうぜ	얼른 처리하고 서둘러 가자고
さてと、積もる話もある	자,쌓인 얘기도 있고
さらに下に降りてキーを探すのが先決だ	더 내려가 키를 찾는 게 먼저다
しかし…	하지만…
しかし…ありゃ、変わった子だね	하지만…그 애,별난 아이네
しかし、	하지만,
しかし、この世の者がセストレンに\n触れるためには、空間断層を越える\n「扉」を開かねばならない。\nそれは、すべての塔の中枢にひとしく\n与えられているが、扉を開くための\n手段は、まだ見出されてはいない。	하지만,이 세상의 존재가\n세스트렌에 닿기 위해서는,공간\n단층을 넘는 「문」을 열어야만\n한다.그것은,모든 탑의 중추에\n똑같이 주어져 있지만,문을 여는\n방법은,아직 발견되지 않았다.
しかし、その実体は不明のままだった	하지만,그 실체는 불명인 채였다
しかし、それだけじゃない	하지만,그것만이 아니야
しかし、もう1頭のドラゴンの突入に\nよって、塔の動力は暴走、自爆して\n完全に消滅した。\nこの直前、塔に収納されたドラゴンが\n巨大化して、もう1頭と最後の戦闘を\n行ったという報告も存在するが、その\n真偽は不明である。	하지만,또 한 마리의 드래곤\n돌입으로 인해,탑의 동력은\n폭주,자폭하여 완전히 소멸했다.\n이 직전,탑에 수납된 드래곤이\n거대화하여,다른 한 마리와\n마지막 전투를 벌였다는 보고도\n존재하지만,그 진위는 불명이다.
しかし、ドラゴンは最強の攻性生物で\nあると同時に、塔の機能と深い関係が\nあることが判明している。\nゆえに我が軍は、ドラゴンと塔の\n秘密を明らかにするため、いかなる\n犠牲を払ってもドラゴンを捕獲せねば\nならないのである。	하지만,드래곤은 최강의 공성생물\n임과 동시에,탑의 기능과 깊은\n관계가 있음이 판명되었다.\n따라서 우리 군은,드래곤과 탑의\n비밀을 밝히기 위해,어떠한\n희생을 치르더라도 드래곤을\n포획해야 만 한다.
しかし、万象のなす災いは、\n絶え間なく人を殺し続け、\nさばき得る道を人に歩ませなかった。\nゆえに、神はドラゴンを創造して、\n人の世に放った。	하지만,만상이 이루는\n재앙은,끊임없이 사람을 계속\n죽이며,심판할 길을 사람에게\n걷게 하지\n않았다.그리하여,신은 드래곤을\n창조하여,사람의 세상에\n풀어놓았다.
しかし、今度の狩りはきつかったぜ	그런데,이번 사냥은 힘들었어
しかし、別働隊の報告を待たずして、\nシェルクーフとともに確認されていた\n大型戦艦が出現。捕獲部隊と交戦\n状態に入った。\n戦艦はわずか1隻であったが、その\n戦力は圧倒的であり、数分間の戦闘で\n部隊の大半が撃破された。	하지만,별동대의 보고를 기다리지\n않고,셸쿠프와 함께 확인되었던\n대형 전함이 출현.포획 부대와\n교전 상태에 들어갔다.전함은\n겨우 1척이었지만,그 전력은\n압도적이었으며,수 분간의 전투로\n부대의 대부분이 격파되었다.
しかし、力は欲望を生み	하지만,힘은 욕망을 낳고
しかし、彼女の存在が状況を変えた	하지만,그녀의 존재가 상황을 바꿨다
しかし、戦いを捨てた奴よりはましか…	싸움을 버린 놈보다는 나은가…
しかし、本物のドラゴンはすごいや！	그래도,진짜 드래곤은 대단하다!
しかし、致命的斉威とはならない	하지만,치명적인 위협은 되지 않는다
しかし、長期間の稼動による消耗や\n故障などの理由から、すべての塔が\n機能しているわけではないので、\n旧世紀の終わりから数千年を経た\n今でも、環境再生は完了していない。	하지만,장기간의 가동에 의한\n소모나 고장 등의 이유로,모든\n탑이 기능하는 것은\n아니어서,구세기의 끝에서 수천\n년이 지난 지금도,환경 재생은\n완료되지 않았다.
しかしながら、攻性生物の知能程度は\n著しく低く、アカデミーの手によって\nその行動様式も解明されつつある。\n我が軍の兵器・部隊編成・戦術は、\nそれらの研究に基づいて考案された\nものであり、適切に運用されれば\n絶大なる効果を発揮する。	그래도 공성생물의 지능은 현저히\n낮고,아카데미가 그 행동 양식도\n해명하고 있다.우리 군의\n병기・부대 편성・전술은 그\n연구를 바탕으로 고안돼,적절히\n운용하면 큰 효과를 발휘한다.
しかたない、引き返して別の道を探そう	어쩔 수 없지,다른 길을 찾자
しかない！)	할 수밖에!)
しかも…	게다가…
しかも、その人間は…	게다가,그 인간은…
しっかりしてるね、あんた	야무지네,당신
しばらく、ここで暮らしてみな	당분간,여기서 살아 봐
しばらく、一人にして	잠시,혼자 있게 해줘
しまった！	아뿔싸!
しまった！ こっちは囮か！？	아뿔싸!이쪽은 미끼인가!?
しまった！！	아뿔싸!!
しらばっくれてもだめだよ	시치미 떼도 소용없어
しーっ…	쉿…
じいちゃんの話、聞いたよ	할아버지 이야기,들었어
じかに拝めるのは、司祭ぐらいだろうなあ	직접 뵐 수 있는 건,사제 정도겠지
じっとしてれば通りすぎていく	가만히 있으면 지나갈 거야
じゃあ…	그럼…
じゃあ、あんたの目的は何なんだ？	그럼,당신 목적은 뭐야?
じゃあ、あんたはなんで逃げないんだ？	그럼 당신은 왜 안 도망쳐?
じゃあ、みんなとは別行動なの？	그럼,다들과 따로 행동해?
じゃあ、パエットはどうするつもり？	그럼,파에트는 어떻게 할 생각이야?
じゃあ、儀を助けてくれた時も…	그럼,기를 도와줬을 때도…
じゃあ、同じだね、あたしと	그럼,나랑 똑같네
じゃあその目的は？	그럼 그 목적은?
すぐ、<03>\nシーカーの里<03>	곧,<03>\n시커의 마을<03>
すぐ、シーカーの里に来てほしいそうだ	곧,시커의 마을로 와줬으면 한다는군
すぐ監視台に行く	바로 감시대로 간다
すげえ大砲か何かがあって	굉장한 대포 같은 게 있어서
すごい…	굉장해…
すごい… 地下にこんな空洞があるなんて	굉장해…지하에 이런 공동이 있다니
すごい生命力だ…奴は不死身なのか？	굉장한 생명력…저놈은 불사신인가?
すっかり客足がとだえちまったな…	완전히 손님 발길이 끊겼구나…
すでに塔への入□は封印した	이미 탑으로의 입구는 봉인했다
すでに死んだ星に	이미 죽은 별에
すでに起動してるわ…だから…	이미 기동하고 있어…그러니까…
すべての人が、神ののぞみにかない、\nはるか東方の恵みの森に置かれた日が\n人の世の終息の日となる。\n人なき人の世は、再び無にかえされ、\n恵みの森から出たすべての人が、\n新たな世界の創造をになう。	모든 사람이,신의 뜻에 맞아,\n머나먼 동방의 은혜의 숲에 놓인\n날이 사람 세상의 종식의 날이\n된다.사람 없는 사람의 세상은\n,다시 무로 돌아가고,은혜의\n숲에서 나온 모든 사람이,새로\n운 세계 창조를 맡는다.
すべては、それからだ	모든 것은,그다음부터다
すまない…	미안하다…
すまん…	미안…
すまん…俺の落ち度だ	미안…내 잘못이다
すまんが、奴の事は□外せんでくれんか	미안하지만 그놈 일은 못 빼겠나
すまんが、用ならあとにしてくれ	미안하지만,용건이라면 나중에 해줘
ずいぶん下までやってきたな…	꽤 아래까지 왔군…
ずいぶん派手に動いてやがるな	꽤나 요란하게 움직이는군
ずいぶん物騒な神様じゃねえか、え？	꽤나 위험한 신이잖아,응?
ずいぶん落ち着いてるじゃねえか	꽤 침착하네
ずっと、こっちを見てたみたいだけど…	계속 이쪽을 보고 있었던 것 같은데
ずっと、ひとりで旅してるんですか？	계속 혼자서 여행하시는 거예요?
ずっと、行動を監視させてもらった	계속,행동을 감시하게 해줬다
ずっと、見ていてくれたのかい？	계속,지켜봐 준 거야?
ずっと働いてる俺には、何もなしかよ…	계속 일하는 내겐 아무것도 없어…
ずっと家に戻ってないらしいよ	계속 집에 안 돌아왔다는 듯해
ずっと東に進めば、たどり着けるはずだよ	계속 동쪽으로 가면 닿을 거야
ずっと街にいるわけにはいかないからね	계속 거리에 있을 수는 없으니까
せ…世界！？	세…세계!?
せっかくあの戦乱を生きのびたんだ…	모처럼 그 전란에서 살아남았는데…
せっかくお許しを得た子なんだもの	모처럼 허락을 받은 아이인걸
せっかく助けてやったのにさ！	모처럼 도와줬는데!
せめて、このくらいしてあげないと…	적어도 이 정도는 해 줘야죠…
せめて今だけは、一人の人間として	적어도 지금만은 한 인간으로서
ぜいたく言うなって、なぐられるからさ	사치 부리지 말라며,얻어맞으니까
そ…それがどうしたってんだよ？	그…그게 어쨌다는 거야?
そいつで、塔の総を描いたんだとよ	그걸로,탑의 총을 그렸다고 하더군
そいつにそって、右へ進んでみな	그것을 따라,오른쪽으로 가봐
そいつの事は、もうどうでもいい	그놈 일은 이제 아무래도 상관없어
そいつの入□が見つかれば…	그 입구가 발견되면…
そいつは、おまえ達しだいだよ	그건 너희들한테 달렸지
そいつは、ちょうどよかったぜ！	그거,마침 잘됐네!
そいつは燦光石だよ	그건 찬광석이야
そいつをやるから、あとは本人に聞きな	그걸 줄 테니 나머진 본인에게 물어
そいつを抜けて、すぐ右だって聞いたぜ	그걸 지나 바로 오른쪽이라 들었어
そいつを探そうぜ！	그걸 찾자고!
そいつを考えようぜ！	그걸 생각해보자고!
そいつを越えりゃ目の前だ	그걸 넘으면 바로 앞이다
そう	그래
そう…あなた、シェラっていうの	그래…너,셰라라고 하는구나
そう、例えば…	그래,예를 들면…
そう、彼女を…	그래,그녀를…
そう、道具屋のヤレドさ	그래,도구점 야레드다
そういうこった	그런 거야
そういう事だ	그런 거다
そういえば、君の名前も聞いてなかったな	그러고 보니,네 이름도 못 물어봤네
そういや、妙な噂を聞いたな	그러고 보니,이상한 소문을 들었어
そうか	그래
そうか…、エッジ、ここはワームの巣だ	그런가…엣지,여긴 웜의 둥지야
そうか…ありがとう	그렇군…고마워
そうか…ありがとよ	그렇군…고마워
そうか…えらいものに目をつけやがったな	그런가…대단한 것에 눈독을 들였구나
そうか…そうだな	그런가…그렇군
そうか…でも、なんで隠れてるんだ？	그런가…근데,왜 숨어 있는 거야?
そうか…やっぱり行っちまったか	그런가…역시 가버린 건가
そうか…夢…	그런가…꿈…
そうか、君が儀の中に…	그런가,네가 기 안에…
そうかい…	그러니…
そうか？ いい買い物だと思うけどなあ…	그런가?좋은 물건 같은데 말이지…
そうこなくっちゃ！ あんた、得したぜ	역시 그래야지!당신,이득 봤어
そうじゃないよ、ただ…	그게 아니야,그냥…
そうすりゃ、死んだ子の事を考えずにすむ	그러면 죽은 애 생각을 안 하게 돼
そうすれば、あの人たちは無事逃げられる	그러면 그 사람들은 무사히 도망친다
そうすれば、上空の本体も力を失う	그러면 상공의 본체도 힘을 잃어
そうだ…君、これを買わないか？	그래…자네,이거 안 살 텐가?
そうだ、さっきの男は、大丈夫だろうか？	그래,아까 그 남자는,괜찮을까?
そうだ、そのために塔を…	그래,그러기 위해서 탑을…
そうだ、それでいい	그래,그거면 됐어
そうだけど…	그렇지만…
そうだったら、いいんだけどな	그렇다면,좋겠는데 말이야
そうだな…	그렇군…
そうだな…あんたには教えてもいいかな	그렇군…당신에게라면 알려줘도 될까
そうだなあ…	글쎄…
そうだろうな	그렇겠지
そうですか…	그런가요…
そうではない…	그렇지 않다…
そうでもないさ	그렇지도 않아
そうなのか？	그런 거야?
そうなりゃ、こんな仕事ともおさらばさ	그렇게 되면,이런 일과도 작별이지
そうね…ありがとう	그러네…고마워
そうね…この辺りは、水もわくし	그러네…이 근처는 물도 나고
そうは思わんかね、エッジ君	그렇게 생각하지 않나,엣지 군
そうやって、我々はこの生活を守ってきた	그렇게 우리는 이 생활을 지켜왔다
そう時間はないぞ…	그다지 시간은 없어…
そう決着を急ぐこともあるまい	그렇게 결착을 서두를 것도 없겠지
そう考えた旧世紀の賢人達に	그렇게 생각한 구세기의 현인들에게
そう自分に言い聞かせて、働いてるのさ	그렇게 되뇌며 일하는 거야
そう言っても過言じゃないわ	그렇게 말해도 과언이 아니야
そう言わずに、考え直してもらえんかね	그러지 말고,다시 생각해줄 수 없겠나
そう願いたいな…	그러길 바라는데…
そこが塔の一番上の層だ	저기가 탑의 가장 위층이다
そこで攻性生物のエサにでもなりな！！	거기서 공성생물 먹이라도 되어라!!
そこには「護り火」の火種が安置されとる	그곳엔 「수호의 불」불씨가 있다
そこへ行けたとしても	그곳에 갈 수 있다고 해도
そこまで無事にたどり着けたらな…	그곳까지 무사히 갈 수 있다면…
そこらの軍人とはわけが違うぜ	그 근처 군인들과는 격이 다르다고
そこをどいてくれ	거기서 비켜줘
そこを抜ければ、砂漠を出られるぜ	거길 지나면 사막을 빠져나가
そこを退いてくれ	거기서 물러나 줘
そこを集中攻撃すれば倒せる！	거길 집중 공격하면 쓰러뜨린다!
そして、いつかまた争いになるのだぞ	그리고 언젠가 또 다툼이 벌어진다
そして、そのためには…	그리고,그러기 위해서는…
そして、その正体と組織力は常に隠される	그리고 정체와 조직력은 늘 감춰진다
そして、数千年に渡る使命が	그리고,수천 년에 걸친 사명이
そっちのハンターは我々の手で	그쪽 헌터는 우리 손으로
その、つまり…	그,그러니까…
そのうち、他の国を攻め出してな	그러다 다른 나라를 공격하기 시작해
そのうち、目が覚めるはずさ	곧,눈을 뜰 거야
そのうちわかるようになるよ、きっと	곧 알게 될 거야,분명
そのかわり…	그 대신…
そのかわり、何かあったら手を貸してくれ	그 대신,무슨 일 있으면 도와줘
そのせいで砂漠の攻性生物が	그 탓에 사막의 공성생물이
そのための旅だし、戦いなんだ	그러기 위한 여행이고,싸움이야
そのつもりで儀をここに置いてたんだろ	그럴 생각으로 기를 여기 둔 거였지
そのへんのバカどもには無理だろうけどな	그 근처 바보들에겐 무리겠지만
そのまま進めば、通路に入れるはずだよ	그대로 가면 통로에 들어갈 수 있어
そのまま進んでください	그대로 나아가 주세요
そのクレイメンって奴は砂漠へ向かったぜ	그 크레이멘이란 놈은 사막으로 갔어
そのドラゴンには、彼女が乗ってたんだ	그 드래곤에는,그녀가 타고 있었어
そのラギは、また新たな力を見せた。\n戦いを終えたラギは、光を放ちながら\n一瞬で脱皮を遂げた。\nあれが、ドラゴンの成長のやり方\nなのだろう。	그 라기는,또 새로운 힘을\n보였다.싸움을 끝낸\n라기는,빛을 내뿜으며 순식간에\n탈피를 마쳤다.저것이,드래곤의\n성장 방식 인 것이리라.
その上の層に出たところだ	그 위층으로 나온 참이다
その中で一番偉いのが、司祭ってわけよ	그중 가장 지위가 높은 게 사제야
その使命を果たすためなら何度でも	그 사명을 위해서라면 몇 번이고
その全てを破壊するには、おそらく…	그 모든 것을 파괴하려면,아마도…
その内容は、「ドローン」と呼ばれる\n創造物に関するものである。しかし、\nこのようなものが実際に発掘されたと\nいう記録は、「編み人」の間には\n伝わっていない。	그 내용은,「드론」이라 불리는\n창조물에 관한 것이다.하지만,\n이런 것이 실제로 발굴되었다는\n기록은,「엮는 자」들 사이에는\n전해지지 않는다.
その前に、ここを早く離れた方がいい	그전에 여기서 빨리 벗어나야 한다
その力に振り回されているというのに	그 힘에 휘둘리고 있으면서도
その力は、我々帝国にこそふさわしい	그 힘은,우리 제국이야말로 어울린다
その場所が、ゲオルギウスか…	그 장소가,게오르기우스인가…
その壁にそって、右に進むと…	그 벽을 따라,오른쪽으로 가면…
その壁にそって、右に進むんだ	그 벽을 따라,오른쪽으로 가
その左側が、教会なんだとよ	그 왼쪽이,교회라던데
その後、改めて追跡調査が行われたが\n予測飛行コース上にシェルクーフの\n姿はなく、ただ大規模な戦闘跡を\n無数に確認するのみであった。\nシェルクーフは、この戦闘によって\n破壊されたと思われるが、それを可能\nならしめた戦力の実体は不明である。	그 후 추적 조사가 이루어졌지만\n예측 비행 코스에 셸쿠프의\n모습은 없었고,대규모 전투\n흔적만 무수히 확인됐다.셸쿠프는\n이 전투로 파괴됐다고\n여겨지나,그것을 가능케 한\n전력의 실체는 불명이다.
その指揮官ともなりゃ、相当やばい男だぜ	그 지휘관쯤 되면 꽤 위험한 남자야
その攻撃はやつを成長させるだけだ	그 공격은 저놈을 성장시킬 뿐이다
その方が安全だろうし、それに…	그편이 안전할 테고,게다가…
その日の日没までに、水を浴びて身を\n清め、ワント麻で織られた新しい布で\n作られた服をまとわねばならない。\nまた、祈りの夜の間は、いかなる\n燈火も用いてはならない。	그날 일몰까지,물을 뒤집어써\n몸을 정화하고,완트 삼으로 짠\n새로운 천으로 지은 옷을\n걸쳐야 한다.또한,기도의 밤\n동안은,어떠한 등불도 써서는\n안 된다.
その時は…	그때는…
その時は、帝国の技術者にでもなるさ	그때는,제국의 기술자라도 되겠어
その機能を尋われている	그 기능을 추궁받고 있다
その笛は、村に伝わる宝だったの	그 피리는 마을에 전해지는 보물
その罪は万死に値する	그 죄는 죽어 마땅하다
その行動の全てが	그 행동의 전부가
その試作段階の途中で破来された	그 시작품 단계 도중에 파괴되었다
その道が、神ののぞみにかなった時、\n死せる人は、はるか東方の恵みの森に\n置かれる。\nその地には、生の苦役も、\n人の世のあらゆるけがれもなく、\n万象が人に手を差しのべる。	그 길이 신의 뜻에 합당할 때,\n죽은 자는 머나먼 동쪽의 은총의\n숲에 놓이게 된다.그 땅에는\n삶의 고역도,인간 세상의 온갖\n더러움도 없으며,만물이\n사람에게 손을 내민다.
その道が、神ののぞみをはずれた時、\n死せる人は、新たなからだとともに\n再び人の世に打ち捨てられる。\nよき道を歩まないかぎり、人は、\n何度でも苦難の生をつとめ、\n何度でも死の闇を味わい、\n何度でもさばきの前にさらされる。	그 길이 신의 뜻에서 벗어날\n때,죽은 자는 새 육신과 함께\n인간 세상에 버려진다.올바른\n길을 걷지 않는 한,인간은 몇\n번이고 고난을 되풀이하고,죽음의\n어둠을 맛보며,심판 앞에 서게\n된다.
その遣跡って、どんな所だ？	그 유적이란 건,어떤 곳이지?
その遣跡を目覚めさせた者は…	그 유적을 깨운 자는…
その銃が、やたらと立派なんだよな	그 총이,되게 근사하단 말이지
その銃とシンクロさせる	그 총과 동조시킨다
その鍵ともいうべきアゼルを手に入れる	그 열쇠라 할 아젤을 손에 넣는다
その首飾り、ガッシュのだな	그 목걸이,가슈 거로군
そりゃ、おまえはいいさ	그야,넌 괜찮겠지
そりゃ、同じシーカーだからな	그야,같은 시커니까 말이야
そりゃそうも言いたくなるさ	그야 그렇게도 말하고 싶어지지
それ…ヴェラトの笛よね	그거…벨라토의 피리지?
それ、欲しいのか？	그거,갖고 싶은 거냐?
それからも、何度も死ぬような目にあった	그 뒤로도 몇 번이나 죽을 뻔했다
それが、何のために存在するのかさえも…	그게,무엇을 위해 존재하는지조차…
それが、君が発掘されたとたんに	그게,네가 발굴되자마자
それがシーカーの鉄則だ	그게 시커의 철칙이다
それが俺達の鉄則だ	그게 우리들의 철칙이다
それが旧世紀に与えられた	그것이 구세기에 주어진
それが本当のハンターってもんだ	그게 진정한 헌터라는 거다
それが私の存在の全てだった…	그것이 나의 존재 전부였다…
それじゃ、これでどうだ？	그럼,이건 어때?
それじゃ、これならどうだ？	그럼,이거라면 어때?
それじゃ、奴も死んじまったんだな	그럼,그놈도 죽어버린 거군
それじゃ、次はウルの話をしようか	그럼,다음은 우르 얘기를 해볼까
それじゃ、遠慮なくもらっとくわ	그럼,사양 않고 받아두지
それじゃ俺達、何のために戦ったんだよ？	그럼 우린 뭘 위해 싸운 거야?
それぞれの塔に1頭ずつ授けられた\nドラゴンは、与えられた使命を今でも\n果たし続けている。\n旧世紀の兵器を操る帝国軍でさえ\nその守りを破ることはできない。\nドラゴンの力に対抗できるのは、\n同じドラゴンだけなのだ。	각각의 탑에 한 마리씩 주어진\n드래곤은,부여받은 사명을 지금도\n계속 다한다.구세기의 병기를\n다루는 제국군조차 그 수호를\n깨뜨릴 수 없다.드래곤의 힘에\n대항할 수 있는 것은,오직\n같은 드래곤뿐이다.
それぞれの行動は\n必要なゲージ量があれば\nいつでも好きな時に行える。	각 행동은\n필요한 게이지만 있으면\n언제든 할 수 있다.
それだけか？	그것뿐인가?
それだけは、わかってほしい…	그것만은,알아줬으면 해…
それって…どんな話だ？	그게…무슨 얘기지?
それで、父ちゃんの狩りをてつだうんだ！	그래서,아빠 사냥을 도울 거야!
それでも、儀は…	그래도,나는…
それでも、君がこの街を見捨てるのなら	그래도,네가 이 마을을 저버린다면
それなのに…	그런데도…
それなのに、私は力に目覚めてしまった…	그런데도,나는 힘에 눈떠버렸다…
それなら…	그렇다면…
それに…	게다가…
それに…あれは…	게다가…그건…
それに…いずれ、わかるかもしれねえしな	게다가…언젠간 알게 될지도 모르지
それに、しょせんは子供だ	게다가,어차피 애송이다
それに、たとえ「護り火」が消えても	게다가 '수호의 불'이 꺼지더라도
それに、まだ無事に出られると	게다가,아직 무사히 나갈 수 있다고
それにあんたには聞きたい事が山ほどある	게다가 당신한테 물을 게 산더미야
それにさわるな！	그것에 손대지 마!
それにしても…すごいな、あんた	그나저나…대단하군,당신
それにしても、よくここに入れたね	그나저나,용케 여기 들어왔네
それにはああいう方法しかなかった…	그것에는 그런 방법밖에 없었다…
それに帝国軍は？	그리고 제국군은?
それは、あんたにやるよ	그건,당신한테 줄게
それは、攻性生物の行動を制御する\n力場を発生する機能である。\nおそらく、記録されている情報を保護\nするためのものだろう。\nただし、構造体の動力が小さいので、\n力場の範囲と効力はかなり限られる\nようである。	그것은,공성생물의 행동을\n제어하는 역장을 발생시키는\n기능이다.아마도,기록된 정보를\n보호 하기 위한 것이리라.\n다만,구조체의 동력이 작기\n때문에,역장의 범위와 효력은\n상당히 한정된 것으로 보인다.
それはできない	그건 할 수 없다
それは儀も同じさ	그건 나도 마찬가지야
それほどの細工はめったに見られんぞ	그 정도 세공은 좀처럼 못 본다
それまで待っててくれ！！	그때까지 기다려줘!!
それも、ドラゴンの力ってやつか	그것도,드래곤의 힘이라는 건가
それも、真っ黒いやつがな	그것도,새까만 놈이 말이지
それより、おまえに渡す物があるんだ	그보다,너한테 줄 게 있어
それより、なんであんたがここに…	그보다,왜 당신이 여기에…
それより、街を出なくていいのか？	그보다 마을을 안 나가도 돼?
それをめぐって、2匹のドラゴンが戦った	그걸 둘러싸고 두 드래곤이 싸웠다
それをネタに、評議会を斉してるんだとよ	그걸 구실로 평의회를 흔든다더군
それを作動させれば	그것을 작동시키면
それを押せば動く	누르면 움직인다
それを邪魔する者は誰も近づけさせない	그걸 막는 자는 아무도 못 온다
それを開くことができるのは、彼女だけだ	그것을 열 수 있는 것은,그녀뿐이다
それ以来、俺は銃を持てなくなっちまった	그 뒤로 총을 들 수 없게 됐다
そんな…そんなバカな！？	그런…그런 말도 안 되는!?
そんなこと、できるわけないだろ	그런 걸,할 수 있을 리 없잖아
そんなに、あの子が気になるのかい？	그렇게 그 애가 신경 쓰이니?
そんなにあたしの事、気になる？	그렇게 내가 신경 쓰여?
そんなに急ぐ事ないのにねえ	그리 서두를 것 없는데
そんなに悪い所じゃなかった	그렇게 나쁜 곳은 아니었다
そんなものがあるのか？	그런 게 있는 건가?
そんなんじゃないよ	그런 거 아니야
そんな事、気にしやしないよ	그런 건 신경 안 써
そんな事がわかるのか？	그런 걸 알 수 있어?
そんな事じゃ、生きのびられんぞ	그런 식으로는,살아남을 수 없다
そんな事ないさ	그렇지 않아
そんな事より生きのびる方法を考えろ	그런 것보다 살아남을 방법을 생각해
そんな人が、どうして…	그런 사람이,어째서…
そんな場所が、本当にあるのか？	그런 곳이 정말로 있나?
そんな大切な物だったのか…	그렇게 소중한 물건이었나…
そんな奴、この街にはいないよ	그런 녀석,이 마을에는 없어
そんな時、位置取り中から前もって\nボタンを押したままにしておけば\n位置取り終了と同時に\n敵より先に行動することができる。\nこれを<03>\n先行入力<03>	그럴 때,위치 선정 중에 미리\n버튼을 누른 채로 있으면\n위치 선정 종료와 동시에\n적보다 먼저 행동할 수 있다.\n이것을 <03>\n선행 입력<03>
そんな物があるのか？	그런 물건이 있는 건가?
そんな目で見るなよ	그런 눈으로 보지 마
そんな！？	그런!?
たいした事じゃない	별일 아니야
たいした事ないよ	별거 아니야
たいした奴だな…	대단한 녀석이군…
たいした武器も持ってなかったしなあ	변변한 무기도 없었고 말이지
たいした武器を持ってるわけじゃないし	대단한 무기를 가진 것도 아니고
たいした物じゃないが、お礼のしるしだ	별거 아니지만,감사의 표시야
たいていの連中が、そう信じてるがな	대부분은 그렇게 믿고 있지만 말이야
たかが一匹だ、叩きつぶすぞ	겨우 한 마리다,때려잡아 주지
ただ…	다만…
ただ…？	다만…?
ただ、こいつには、普通に戦っても\n勝てないような秘密があるらしいから\n注意が必要だ。\n「番人」に出くわしたら、その近くを\nよく調べてみてくれ。なにか特別な\n設備があるかもしれない。	다만,이 녀석에게는,그냥\n싸워서는 이길 수 없는 비밀이\n있는 듯하니 주의가 필요하다.\n'파수꾼'과 마주치면,그 근처를\n잘 조사해 봐라.뭔가 특별한\n설비가 있을지도 모른다.
ただ、与えられた力が違う	다만,부여받은 힘이 다르다
ただ、偶然塔が写ってた透視板を	다만,우연히 탑이 비쳤던 투시판을
ただ、帝国の基地について調べてるから…	다만 제국 기지를 조사 중이니까…
ただ、昼間は店を閉めてるはずですが…	낮엔 가게 문을 닫았을 텐데요…
ただ、誰が敵か気づいてほしいだけだ	다만 누가 적인지 깨달아 주길
ただ、造られただけ	그저,만들어졌을 뿐
ただし、\n位置取りは逆に遅くなるので\n位置取りによる時間のロスが\n大きくなってしまう。	단,위치 선정은\n반대로 느려지므로 위치\n선정으로 인한 시간\n손실이 커지고 만다.
ただし、\n防御力は逆に低くなるので、\n攻撃を受けた時のダメージが\n大きくなってしまう。	단,방어력은 반대로\n낮아지므로,공격을\n받았을 때의 데미지가\n커지고 만다.
ただし、めんどうは持ち込まんでくれよ	단,귀찮은 일은 가져오지 말아줘
ただし、バーサークの威力は\n逆に低くなる。また、\nより多くのBPを消費しなければ\nバーサークを使えなくなる。	단,버서크의 위력은 반대로\n낮아진다.또한,더 많은\nBP를 소비하지 않으면\n버서크를 쓸 수 없게 된다.
ただし、レーザーの威力は\n逆に低くなるので\nその分を銃でおぎなうことが\n重要になる。	단,레이저의 위력은\n반대로 낮아지므로\n그만큼을 총으로\n보충하는 것이\n중요해진다.
ただし、位置取りをしている間は\nゲージが増加しないため\n位置取りを多く行なうほど\n時間のロスになることに注意。	단,포지셔닝 중에는\n게이지가 안 차므로\n포지셔닝을 많이 할수록\n시간 손실이 되니 주의.
ただし、俺の名は出すなよ	단,내 이름은 꺼내지 마
ただし、君のドラゴンだけは違う	단,너의 드래곤만은 다르다
ただし、異常になるのは\nドラゴンだけである。\n銃の発射やアイテムの使用は\nエッジの行動なので\nステータスに関係なく可能である。	단,이상 상태가 되는 것은\n드래곤뿐이다.\n총 발사나 아이템 사용은\n엣지의 행동이므로\n상태와 관계없이 가능하다.
ただの乗り手ではなく、	그저 그런 조종자가 아니라,
ただの兵器ですら扱いきれず、	그저 병기조차 다루지 못하고,
ただの殺殲兵器にすぎん	그저 살육 병기일 뿐
たちまち攻性生物が襲ってくるんだぜ	순식간에 공성생물이 덮쳐온다고
たとえそうでも、あのひとは私を	설령 그렇다 해도,그분은 나를
たぶん、あたしが最後の生き残り…	아마,내가 마지막 생존자…
たぶん、シーカーの仕業だろうな	아마,시커의 짓이겠지
たぶん、戦の道具だったんだろう	아마,전쟁의 도구였겠지
だ…)	다…)
だ、だめか…	안,안 되나…
だ、大丈夫、なんとかなるって	괘,괜찮아,어떻게든 될 거야
だいいち、それ、どこで手に入れたの？	애초에 그거,어디서 얻은 거야?
だいいち、バイマンって誰だ？	애초에,바이만이 누구야?
だいぶ流されたな…	꽤 떠내려왔군…
だいぶ落ちてきたな…	꽤 떨어졌군…
だから、あたしは、いつも通り働くだけ…	그러니까,나는,평소대로 일할 뿐…
だから、あなたが死ねば、	그러니까,당신이 죽으면,
だから、あのひとのために戦う…	그러니까,그분을 위해 싸운다…
だから、かくれんぼしたの！	그래서,숨바꼭질 한 거야!
だから、そいつの正体がわかったんだよ！	그래서 그놈 정체를 알게 된 거야!
だから、何度も言ってる…じゃないか	그러니까,몇 번이나 말하고 있잖아…
だから、司祭様はよそ者に厳しいんだよ	그래서 사제님은 외지인에게 엄격해
だから、時々えらいことになる	그래서,가끔 큰일이 나는 거다
だから、物思う力が強すぎる…	그래서,생각하는 힘이 너무 강하다…
だからこそ、多くの者が森の奥に行って	많은 이가 숲 깊은 곳으로 가서
だからエッジ、	그러니까 엣지,
だから！！	그러니까!!
だが、いつかは	하지만,언젠가는
だが、うまくいく見込みはほとんどない…	하지만,잘될 가능성은 거의 없다…
だが、その内部に潜入し、	하지만,그 내부에 잠입해서,
だが、それもここで終わりだ	하지만,그것도 여기서 끝이다
だが、どうやって？	하지만,어떻게?
だが、ひとつだけ共通点がある	하지만,한 가지 공통점이 있다
だが、もう止められる者は誰もいない	하지만 이제 막을 자는 아무도 없다
だが、エゴと言われようと	하지만,이기심이라 불리더라도
だが、ドラゴンの戦闘力は、現存する\n兵器をはるかに超えるものであった。\n建造中の試作兵器をも投入した深夜の\n戦闘は、捕獲部隊と発掘所の全滅と\nいう、最悪の結果に終わった。	하지만,드래곤의\n전투력은,현존하는 병기를 훨씬\n뛰어넘는 것이었다.건조 중이던\n시작 병기까지 투입한 심야의\n전투는,포획 부대와 발굴소의\n전멸이라는 최악의 결과로\n끝났다.
だが、上空から森を越えるのは難しい	하지만 상공에서 숲을 넘긴 어렵다
だが、何で突然…	하지만,왜 갑자기…
だが、俺は体が弱くてな	하지만,나는 몸이 약해서 말이지
だが、塔は世界中に散らばっている	하지만,탑은 전 세계에 흩어져 있다
だが、失われた文明の力を借りた	하지만,잃어버린 문명의 힘을 빌린
だが、帝都を滅ぼしたこの力も、	하지만,제도를 멸망시킨 이 힘도,
だが、旅は続けねばならん	하지만,여행은 계속해야만 한다
だが、旧世紀においても、塔の存在を\nよしとしない者たちがいた。\n塔の創造主たちは、彼らによって塔が\n破壊されることを怖れ、世界の泉\n「ウル」の胎内から、塔の守護者たる\n最強の攻性生物を産み出した。\nそれが、ドラゴンである。	하지만 구세기에도 탑의 존재를\n달가워하지 않는 자들이 있었다.\n탑의 창조주들은 그들에게 탑이\n파괴될 것을 두려워해,세계의 샘\n'우르'의 태내에서 탑의 수호자\n인 최강의 공성생물을 만들어냈다\n.그것이 드래곤이다.
だが、旧世紀の亡霊に	하지만,구세기의 망령에
だが、現在我が軍の使用する兵器は\n全て発掘物の修復・改造品であり、\n絶対数は常に不足状態にある。ゆえに\nその取り扱いには細心の注意を払い、\n動力の消耗を最小限に抑えるように\n心がけねばならない。	하지만,현재 우리 군이 쓰는\n병기는 모두 발굴물의\n수복·개조품이며,절대수는 항상\n부족한 상태이다.그러므로 그\n취급에는 세심한 주의를 기울여,\n동력 소모를 최소한으로\n억제하도록 유념해야 한다.
だが、生きてるんじゃない	하지만,살아있는 게 아니다
だが、私はここに残ることにする	하지만,나는 여기에 남기로 한다
だが、私はよそ者は好かん	하지만,나는 외지인이 싫다
だがな…見ての通り、貧しいキャラバンだ	하지만…보다시피 가난한 카라반이다
だがな、統治には伝説が必要なのだ	하지만 통치엔 전설이 필요하다
だがやつのいう金も むりをすれば\nはらえないがくじゃない。\nおれのからだも あといく年かは\nまともにはたらいてくれるだろう。	하지만 그놈이 말하는 돈도\n무리를 하면 못 낼 액수는\n아니다.내 몸도 앞으로 몇\n년쯤은 제대로 일해 줄 거다.
だけど…	그렇지만…
だけど…このドラゴン、どうやったら	그렇지만…이 드래곤,어떻게 하면
だけど…私は…	그렇지만…나는…
だけど、そうじゃなくても	그렇지만,그렇지 않아도
だけど、今の私は自分の意志で、	그렇지만,지금의 나는 내 의지로,
だけど、奴は本望だろうよ	그래도,그놈은 만족스러울 거야
だけどな、俺のような人間がいるから	그렇지만 나 같은 인간이 있으니까
だったら、これ読んでみな	그렇다면,이거 읽어봐
だったら、ちょっと頼まれてくれないか？	그렇다면,부탁 좀 들어주지 않을래?
だったら、どうして雇ってるんだ？	그렇다면,왜 고용하는 거지?
だったら、シーカーの仲間になったら…	그렇다면,시커의 동료가 되면…
だったら、ローダ、かくれなくちゃ！	그렇다면,로다,숨어야지!
だったら、父ちゃんが見つけなよ！	그렇다면,아빠가 찾으라고!
だって、あれは…	왜냐면,그건…
だとしても、ここで発掘した	그렇다 해도,여기서 발굴한
だますつもりはなかったんだ…	속일 생각은 없었어…
だめ…じかに接続しないと	안 돼…직접 접속해야 해
だめか…！	안 되나…!
だれもいなくてつまんない…	아무도 없어서 심심해…
ちぇっ…軽く言ってくれるよなあ	쳇…말은 쉽게 하는군
ちぇっ、ガラクタしか残ってねえや	쳇,쓰레기밖에 안 남았잖아
ちえっ、ケチくせえ野郎だな！	칫,쩨쩨한 놈이군!
ちくしょう！	젠장!
ちっ、実験機が…装甲ブロックを閉じろ	쳇,실험기가…장갑 블록을 닫아라
ちゃんと生きて戻って来いよ	꼭 살아서 돌아와라
ちゃんと買い取ってやるよ	제대로 사줄게
ちょ、ちょっと待ってくれよ	자,잠깐 기다려줘
ちょいと！	이봐요!
ちょうど、あんたぐらいの歳の頃だった	마침,당신 정도 나이였을 때였다
ちょうどいい	마침 잘됐다
ちょうどいい、あとを追いかけようぜ！	마침 잘됐군,뒤를 쫓아가자!
ちょうど真ん中あたりを抜けて	마침 한가운데쯤을 지나서
ちょっといい感じの所だね	꽤 괜찮은 느낌인 곳
ちょっと商売しようと思って来たんだが…	잠깐 장사나 할까 하고 왔는데…
ちょっと待って	잠깐 기다려
ちょっと待ってくれ	잠깐 기다려줘
ちょっと待ってて…	잠깐만 기다리고 있어…
ちょっと待てよ、それはつまりドラゴンは	잠깐 기다려,그건 즉 드래곤은
ついて来てくれ	따라와 줘
つかの間の時は、	잠깐의 시간은,
つまり…ドラゴンの、なりそこない…	즉…드래곤이,되다 만 존재…
つまりそこまで行ければ、	즉 거기까지 갈 수 있다면,
ていこくのしごとをうけて この \nはっくつじょうについてから もう\n2しゅうかんになる。\nていこくのやつらはなにかをひっしで\nさがしている。 せきにんしゃの\nじいさんは もう20ねんちかく\nそいつを さがしているらしい。	제국의 일을 맡아서 이\n발굴장에 도착한 지도 벌써\n2주가 되었다.\n제국 녀석들은 뭔가를 필사적으로\n찾고 있다.책임자인\n영감님은 벌써 20년 가까이\n그것을 찾고 있는 듯.
てめえ、シーカーと仲がいいんだってな	네놈,시커랑 사이가 좋다면서
てめえこそ、勝手に入ってきやがって	네놈이야말로,멋대로 들어와서는
てめえと給金を分ける気はねえ	네놈이랑 급료를 나눌 생각은 없다
てめえに言っても、わかんねえだろうがな	네놈한테 말해봤자,모르겠지만 말이야
てめえに言ってもムダか…	네놈한테 말해봤자 소용없나…
てめえもそう思うだろ？	네놈도 그렇게 생각하지?
てめえら、考えが甘いぜ	네놈들,생각이 안이하다고
てめえらハンターの気が知れねえよ	네놈들 헌터 속을 모르겠어
で、うまい具合に水を抜けば…	그래서,잘만 물을 빼면…
で、こんなのと一緒に	그래서,이런 거랑 함께
で、どう進む？ これから	그래서,앞으로 어떻게 할까?
である。\n何もしないとたまっていき\n3ゲージ分まで持つことができる。	다.\n아무것도 안 하면 차서\n3게이지까지 지닐 수 있다.
でかい遣跡でも見つけたのかな	큰 유적이라도 발견한 걸까
できている	돼 있다
できるだけ赤い方向をさけ\n緑の方向にいるようにすれば\n安全に戦うことができる。	되도록 빨간 방향을\n피하고 초록 방향에\n있으면 안전하게 싸울\n수 있다.
できるはずだ	할 수 있다
でけえ声出すんじゃねえよ	큰 소리 내지 마
でけえ艦隊が近づいてるそうだが…	큰 함대가 다가오고 있다던데…
でなきゃ、伝説が残るわけないからな	아니면 전설이 남을 리 없으니까
でなきゃ、作る意味がないもんな	그렇지 않으면,만드는 의미가 없잖아
でなけりゃ、人間様に恨みがあるのさ	아니면 인간님한테 원한이 있는 거지
では、すでに塔へ？	그럼,이미 탑으로?
でも…	하지만…
でも…あれは、渓谷に行った時だったな	하지만…그건,협곡에 갔을 때였지
でも…まだ店は開いてないはずだけど	하지만…아직 가게는 안 열었을 텐데
でも、あなたこそいいの？ エッジ…	하지만 당신이야말로 괜찮아?엣지…
でも、いきなりあんなこと言われても…	하지만,갑자기 그런 말을 들어도…
でも、うまく行く見込み、あるのか？	하지만,잘될 가능성,있는 거야?
でも、おまえ、彼女の扱い方知ってるか？	하지만,너,그녀를 다루는 법 알아?
でも、この事は誰にも言うなよ	이 일은 아무한테도 말하지 마
でも、こんな貴重なものを…	하지만,이렇게 귀중한 걸…
でも、そこは…	하지만,그건…
でも、そのひとはもういないの…	하지만 그 사람은 이제 없어
でも、その闇の中で…	하지만,그 어둠 속에서…
でも、それは…	하지만,그건…
でも、どうして…？	하지만,어째서…?
でも、どうして？	하지만,어째서?
でも、なんであんな奴らがこの遣跡の奥に	하지만 왜 그런 놈들이 유적 깊이
でも、ほら、儀が持ってるよりは…	하지만 내가 가진 것보다는…
でも、まあ…今回はやめとこうかな	하지만,뭐…이번엔 그만둘까
でも、みんな神聖区の連中が独り占めさ	하지만 다들 신성구 놈들이 독차지야
でも、ローダは、あなたのこと好きよ	하지만,로다는,당신을 좋아해
でも、今はその力に頼るしかないんだよ	하지만,지금은 그 힘에 의지할 수밖에 없어
でも、今はそれだけじゃない。\nなぜか、使命感に似た気持ちがある。\nあの旧世紀のフネを、このまま放って\nおくわけにはいかない。ラギの翼が\n力を貸してくれる限り、儀はあれを\n追い続けるつもりだ。	하지만,지금은 그것만이 아니다.\n왠지,사명감과 비슷한 마음이\n있다.저 구세기의 배를,이대로\n내버려 둘 수는 없다.라기의\n날개가 힘을 빌려주는 한,나는\n저것을 계속 쫓을 생각이다.
でも、今はドラゴンがいるじゃないか！	하지만,지금은 드래곤이 있잖아!
でも、俺は完璧を目指したいのさ	하지만 난 완벽을 목표로 하고 싶어
でも、俺は普通の人間だぜ	하지만,나는 평범한 인간이라고
でも、儀にとっては同じクーリアだ。\n変種の証である不思議な青白い光も、\n災いの前兆だなんて思えない。	하지만,나에게는 같은\n쿨리아다.변종의 증거인\n신비로운 푸르스름한\n빛도,재앙의 전조라고는\n생각되지 않는다.
でも、大地を歩いたことは、なかった…	하지만,대지를 걸어본 적은,없었다…
でも、意味なんていらないんじゃないかな	의미 같은 건 필요 없지 않나
でも、持ち主は死んでた	하지만,주인은 죽어 있었다
でも、数千年の眠りから目覚めても	하지만,수천 년의 잠에서 깨어나도
でも、旅の途中でみんな死んでしまって…	하지만 여행 중에 다들 죽어서…
でも、本当は違うんだろ？	하지만,사실은 다르지?
でも、村は帝国に焼かれちゃってね	하지만 마을은 제국에 불타고 말았어
でも、森には必ず攻性生物が…	하지만 숲엔 공성생물이…
でも、生まれたのはずっと昔…	태어난 건 아주 옛날…
でも、私は、規格外のドローンだから	하지만,나는,규격외 드론이니까
でも、私はまだ…	하지만 아직…
でも、詳しいことはわからない	하지만,자세한 건 모른다
でも、身体は違う…	하지만,몸은 다르다…
でも、違ったの	하지만,달랐어
でも、霧みたいなものが邪魔するって…	하지만,안개 같은 게 방해한다고…
で確認できる。\n敵は常に中心に表示され\nドラゴンはその周りに表示される。	로 확인한다.\n적은 늘 중심에 뜨고\n드래곤은 그 둘레에 뜬다.
で間違いないか？	가 맞느냐?
とうとう…ここまで来た…	마침내…여기까지 왔다…
とうとう、旗艦艦隊が出張ってきたぜ	드디어,기함 함대가 나섰군
ところが、ある日…	그런데,어느 날…
ところが、ちと水が増えすぎてな	물이 너무 불어나서 말이지
ところで、エッジ…	그런데,엣지…
ところで、相談があるんだが…	그런데,상담할 게 있는데…
として分割して…』	로 분할해서…』
とっさに逃げ込んだ森の中には、村の\n焼け跡で見た巨大な攻性生物がいた。\nおそらく、旧世紀のフネと行動を\nともにしていたのだろう。\n徐々に、フネとの距離が縮まって\nいくのを感じる。	순간적으로 도망쳐 들어간 숲\n속에는,마을 잿더미에서 본\n거대한 공성생물이 있었다.\n아마도,구세기의 배와 행동을\n함께하고 있었던 것이리라.\n서서히,배와의 거리가 좁혀져\n가는 것을 느낀다.
とっととすませて、戻って来いよ	얼른 끝내고,돌아와
とっとと出てって、死んじまえってんだ	냉큼 나가서,뒈져버리라는 거다
とっとと逃げた方がいいかもしれんぞ	냉큼 도망치는 게 나을지도 모른다
とても勝ち目などない…	도저히 승산이 없다…
とても脱出は無理だ	도저히 탈출은 무리다
とにかく、そいつを壊せば霧は消えるぜ	그놈을 부수면 안개는 사라진다
とにかく、仲間の仇を討たねばならん	어쨌든,동료의 원수를 갚아야만 한다
とにかく、地下の通り道を探すことだ	어쨌든,지하 통로를 찾는 것이다
とにかく、陛下への報告を急ごう	어쨌든,폐하께 보고를 서두르자
とりつくしまがなかったって言うか…	붙잡을 여지가 없었다고 할까…
と表示される。\nこれを<03>\n弱点マーク<03>	라 뜬다.\n이것을<03>\n약점 마크<03>
どいつもこいつも腰抜けばかりだ	어느 놈이나 다 겁쟁이뿐이다
どういうことだ？	무슨 소리야?
どういうつもりだよ	무슨 생각인 거야
どうか、みんなを守ってやっておくれ	부디,모두를 지켜다오
どうか、我が友に力を貸して、彼の\n目的を果たす手助けをしてほしい。\nそれは、旧世紀の意志から世界を\n解き放つことであり、ひいては\n君自身の上にも投げられた死の影を\n打ち払うことにもつながるのだ。	부디,나의 벗에게 힘을 빌려\n그의 목적을 이루도록 도와\n주었으면 한다.그것은\n구세기의 의지에서 세상을\n해방하는 일이며,나아가\n너에게 드리워진 죽음의\n그림자를 떨쳐내는 일이다.
どうか、異教徒から我らをお守り下さい…	부디 이교도에게서 저희를 지키소서
どうした、すっとんきょうな声出して？	왜 그래,뜬금없는 소리를 내고?
どうした？ エッジ！	무슨 일이야?엣지!
どうして…死んでるんじゃなかったのか？	어째서…죽은 게 아니었나?
どうして、それを儀に…	어째서,그걸 나한테…
どうして、みんなシーカーを嫌うんだ？	어째서,다들 시커를 싫어하는 거지?
どうして、人間を襲うのかな？	어째서,인간을 습격하는 걸까?
どうしてかな？	왜일까?
どうしてそういうこと先に言わないんだ	왜 그런 걸 먼저 말하지 않는 거야
どうしても、知りたいことがあるから	아무래도,알고 싶은 게 있으니까
どうしても忘れられねえんだ…	아무리 해도 잊을 수가 없어…
どうして旧世紀のフネを追うのか、\n実のところ自分でもよくわからない。\n \nかたきを討つ？ \n \n少なくとも、最初はそういう気持ちで\n動いていたかもしれない。	왜 구세기의 배를 쫓는 것인지,\n사실 나 자신도 잘 모르겠다.\n \n원수를 갚는다?\n \n적어도,처음에는 그런 마음으로\n움직였는지도 모른다.
どうして街を見捨てたんだよ！	왜 마을을 저버린 거야!
どうすりゃいい…	어쩌면 좋지…
どうせ、あれでは使いものにならんだろう	어차피,저걸로는 쓸모없을 거다
どうせ、その辺の遣跡から	어차피,그 근처 유적에서
どうせ、俺は腰抜けだよ！	어차피,난 겁쟁이야!
どうせ、街を出るんだから	어차피,마을을 나갈 거니까
どうだ、うめえだろ？	어때,맛있지?
どうだ、パエットの奴を説得してくれんか	어때,파에트를 설득해 주지 않겠나
どうだい、お客さん	어떤가,손님
どうだった、首尾は？	어땠어,결과는?
どうだ！ 俺も役に立つもんだろ…	어때!나도 쓸모가 있지…
どうもやりずらいね、この街は	어쩐지 하기 힘드네,이 마을은
どうも頼りないな、おまえは	어쩐지 미덥지 않군,너는
どうやって同調してるの？	어떻게 동조하는 거야?
どうやって戦えばいいんだ、こんな奴！？	어떻게 싸워야 하나,이런 놈!?
どうやら、こいつが\nタム・プロを産んでいた\nようだ。武器が届かない\n頭上から攻撃してくるので\n面食らったが、攻め方が\nわかってしまえば、どうと\nいうことはなかった。	아무래도 이놈이\n탐·프로를 낳고 있던\n듯하다.무기가 닿지\n않는 머리 위에서\n공격해 오니 당황했다.\n공략법을 알고 나면\n별것 아니었다.
どうやら、エンカクは助かりそうだよ	아무래도,엔카쿠는 살아남을 듯해
どうやら、ゾアが近いらしい…	아무래도,조아가 가까운 모양이야…
どうやら、一ヶ所に集まってるらしい…	한곳에 모여 있는 모양이야…
どうやら、俺達の旅はまだ続きそうだ	우리 여행은 더 이어질 듯하다
どうやら、旧世紀にも戦があったらしい	구세기에도 전쟁이 있었던 듯하다
どうやら不完全な状態で目覚めたようだ	불완전한 상태로 깨어난 듯하다
どう思ったね？	어떻게 생각했나?
どう答えたらいいか、わからなくて	어떻게 대답하면 좋을지,몰라서
どう見ても帝国兵じゃないし…	아무리 봐도 제국병이 아니고…
どこかそのあたりに降ろしてくれ	어딘가 그 근처에 내려줘
どこかで、さっきの戦闘のダメージを	어딘가에서,방금 전투의 데미지를
どこかであれと同じような形をした遣物が	어딘가에서 비슷한 형태의 유물을
どこかの水路のゲートを開いたな…	어딘가의 수로 게이트를 열었군…
どこか近くに降りようぜ	어딘가 근처에 내려가자
どことなくドラゴンに似てる…	어딘지 모르게 드래곤을 닮았다…
どこの誰かは知らんが無茶をしたものだ	누군지 모르지만 무모한 짓을 했군
どちらが正しいのかはわからない	어느 쪽이 옳은지는 모른다
どちらにしても、	어느 쪽이든,
どちらも同じ	둘 다 같다
どっちだ！	어느 쪽!
どっちにしても、お断りだね	어느 쪽이든,사양하겠어
どっちにしても、調査は後回しだよ	어느 쪽이든,조사는 나중이야
どんな所にあるのかさえわからないの…	어떤 곳에 있는지조차 모른다…
な…何だ…	뭐…뭐야…
な、何だ？ 怒っているのか！？	뭐,뭐야?화난 거야!?
なあ、	저기,
なあ、あんた	저기,당신
なあ、そこまでするほどの奴なのか？	저기,그렇게까지 할 만한 녀석인가?
なあ、エッジ…	저기,엣지…
なあ、若いの…	이봐,젊은이…
なあ、金貸してくれよ	저기,돈 좀 빌려줘
なあに、ほとんどが死んだ空洞だよ	뭐,대부분은 죽은 공동이야
ないけど…なんとかなるよ、きっと	없지만…어떻게든 될 거야,분명
ないな…)	없군…)
なお、ガーディアン<03>\nヌリシンハ<03>	또한,가디언 <03>\n누리신하<03>
なお、バーサークには\nレベルアップで得られる\n前述の4系統以外にも\n他の条件で得られるものがある。	또한 버서크에는 레벨업으로\n얻는 앞의 4계통 말고도\n다른 조건으로 얻는 것이\n있다.
なお、メッカニア併合後に行われた\n調査によって、シェルクーフは\n探索部隊との遭遇前に、飛行コースを\n突如変更して、エルピス地方の村落を\n雷撃によって全滅させている事実が\n判明している。	또한,메카니아 병합 후에 실시된\n조사에 의해,셸쿠프는 탐색\n부대와의 조우 전에,비행 코스를\n돌연 변경하여,엘피스 지방의\n마을을 낙뢰로 전멸시킨 사실이\n판명되었다.
なかったよ	없었어
なかなかいい子だろ？	꽤 괜찮은 애지?
なかなかいい狩りだった…	꽤 좋은 사냥이었다…
なさそうだが	없는 것 같지만
なぜ、そうまでして奴を守る	어째서,그렇게까지 그놈을 지키는가
なぜ、クレイメンの味方をする！？	어째서 크레이멘 편을 드는 거야!?
なぜ、ドラゴンを操れる	어째서 드래곤을 다루지
なぜか、人間を目の仇にしてやがる	어쩐지 인간을 눈엣가시로 여긴다
なぜだ！？ やめてくれ！	어째서냐!?그만둬!
なぜ儀らを…	어째서 우리를…
なぜ来た…	어째서 왔지…
なぜ正体を隠す？	어째서 정체를 숨겨
なだめる	달랜다
なってるはずだ	그리 됐을 것이다
ななななな	나나나나나
なに…？	뭐…?
なに、心配せんでいい	뭘,걱정하지 않아도 된다
なにか手があるはずだ…来たぞ	뭔가 방법이 있을 거야…왔다
なのに、あの時理解したことが、もう\n思い出せない。夢の中で悟った真理を\n目覚めとともに忘れてしまった…\nそんな感じだ。\n今はただ、胸が苦しい。あまりにも\n大きなものを抱え込んで、心の中が\n渦巻いている。	그런데도,그때 이해했던 것이,더\n이상 떠오르지 않는다.꿈속에서\n깨달았던 진리를 눈뜸과 동시에\n잊어버렸다…그런 느낌이다.지\n금은 그저,가슴이 답답하다.너무\n나도 큰 것을 끌어안고,마음속이\n소용돌이치고 있다.
なのに、俺はここでじっとしてるしかない	그런데도 난 여기서 가만있을 수밖에
なのにあんたは街を守ってくれなかった！	그런데도 당신은 마을을 안 지켰어!
なら、「重力の道」には用心することだ	그렇다면 '중력의 길'은 조심해라
なら、いいけど…	그렇다면,괜찮지만…
なら、どうすりゃいいんだよ？	그렇다면,어떻게 하면 되는 거야?
なら、自分で調べに行ったらどうだい？	그렇다면 직접 조사하러 가지 그래?
ならなかっただろうがね	그리 되지는 않았겠지만
ならば、それなりの対応を考えねばな	그렇다면 맞는 대응을 생각해야겠군
ならば、それも神の思し召しでしょうな	그렇다면,그것도 신의 뜻이겠지요
なりそこないだ…	되다 만 존재다…
なるべくお伺いを立てるようにするよ…	되도록 여쭤보도록 할게…
なるほど、こういうしかけか…	과연,이런 장치였군…
なるほど、こうやって行きたい方向を	과연,이렇게 해서 가고 싶은 방향을
なんか、うさんくせえなあ	뭔가,수상쩍은데
なんか、みんな元気ないんだよなあ	뭔가,다들 기운이 없단 말이야
なんか、働くのがバカらしくなってきたぜ	뭔가,일하는 게 바보 같아졌어
なんかあてがあるのか、おまえ？	뭔가 짚이는 데가 있는 거야,너?
なんかの足しになるだろ	뭔가에 보탬이 되겠지
なんか妙な奴だったな	뭔가 이상한 녀석이었지
なんか無茶なこと頼まれたんじゃないか？	무리한 부탁을 받은 거 아니야?
なんか用か？	뭔 볼일이야?
なんせ、帝国に関わった男だからな	어쨌든,제국과 얽힌 남자니까 말이야
なんたって、ドラゴンがいるからな	뭐니 해도 드래곤이 있으니까
なんたって「護り火」の番人だからな	「수호의 불」파수꾼이니까
なんだ、あの爆発は！？	뭐야,저 폭발은!?
なんだ、うちのじいちゃんかと思ったよ	뭐야,우리 할아버지인 줄 알았어
なんだ、おまえは！	뭐야,넌!
なんだ、つまんねえの！	뭐야,시시하네!
なんだ、ぼうずも飲むのか？	뭐야,꼬마도 마시는 거야?
なんだ、やっぱりガキだな	뭐야,역시 애송이군
なんだ、ハンターかよ	뭐야,헌터냐
なんだ、不信心な奴だな	뭐야,불신심한 녀석이군
なんだ、不満そうだな	뭐야,불만인 모양이군
なんだ、知らなかったのか？	뭐야,몰랐던 거야?
なんだ、知らねえのか、ぼうず？	뭐야,모르는 거야,꼬마?
なんだい…黙ってちゃはじまらないよ	왜 그래…입 다물면 안 돼
なんだい、あの態度は！	뭐야,저 태도는!
なんだい、あんた？	뭐야,당신?
なんだか…得体が知れない感じだった	어쩐지…정체 모를 느낌이었다
なんだか、感じが変わったね	어쩐지,느낌이 달라졌네
なんだかいやな予感がする…	왠지 불길한 예감이 든다…
なんだって！	뭐라고!
なんだと？ 一体誰が…	뭐라고?대체 누가…
なんだよ、じいちゃんは関係ないだろ	뭐야,할아버지는 상관없잖아
なんだよ、その言い方？	뭐야,그 말투는?
なんだよ、それ…	뭐야,그거…
なんだ？ この青い奴は！？	뭐야?이 파란 놈은!?
なんて奴だ！ 変形しやがった！	뭐 이런 놈이!변형하다니!
なんて生命力だ！	엄청난 생명력이군!
なんで、おまえみたいな奴に…	왜,너 같은 녀석한테…
なんで、こんな世界を作ったんだろうね	왜,이런 세상을 만들었을까
なんで、わざわざ外に出たがるんだ？	왜 일부러 밖에 나가고 싶어 해?
なんでこんなとこに？ って顔だな	'왜 이런 곳에?' 하는 표정이군
なんでも、開放区の方に行ってるとか…	뭐라던데 개방구 쪽으로 갔다던가…
なんで追わなきゃならないんです！？	왜 쫓아가야 하는 거예요!?
なんとかこいつを止めないと…	어떻게든 이놈을 막아야…
なんとか飛んでくれそうだ	어떻게든 날아줄 듯하다
なんと言われても、取り引きはできんよ	뭐라 해도 거래는 못 해
なんと言われようと人間はあがく…	뭐라 하든 인간은 발버둥친다…
な？	그치
に…	에…
にいちゃん、知らないかい？	형씨,모르나?
にいちゃんが薬をくれたって、ほんと？	형이 약을 줬다는 거,진짜야?
に会ったら…	만나면…
に分けられる。\nレベルアップ時の能力の上がり方や\nバーサークの覚え方は\nタイプによって変化する。	로 나뉜다.레벨업 시 능력치\n상승 방식이나 버서크 습득\n방식은 타입에 따라 달라진다.
に持っている	를 갖고 있다
に関する報告…』	에 관한 보고…』
ぬ	ぬ
ねえ、ドラゴンって何なの？	저기,드래곤이 뭔데?
の1号機よ	의 1호기야
の2号機よ	의 2호기야
の3号機よ	의 3호기야
の4号機よ	의 4호기야
の5号機	의 5호기
の6号機よ	의 6호기야
の\nバーサークは、\n各タイプに1種ずつ存在する\n専用バーサークである。	의 버서크는,각 타입에\n1종씩 존재하는 전용\n버서크다.
の…』	의…』
の、…	어,…
のどこかにあるわ	어딘가에 있어
のは	건
の子の薬が作れるぞ！	그 아이 약을 만든다!
の守護を最優先せよ	수호를 최우선으로 하라
の封印が強制解除されました	봉인이 강제 해제됐습니다
の森を目指してるんだよ	의 숲을 향하고 있어
の目」…	의 눈」…
の通り道さ	지나는길
の開発を…』	개발을…』
は\n1ゲージを消費することで\n発射できる。	는\n1게이지를 쓰면\n발사할 수 있다.
は\n1ゲージを消費することで\n発射できる。\nこの銃は、敵を狙い撃ちできる。	는\n1게이지를 쓰면\n발사할 수 있다.\n이 총은 적을 노려 쏜다.
は\nその種類によって\n必要なゲージ数が\n1〜3ゲージと異なる。	는 종류에 따라\n필요 게이지 수가\n1~3게이지로\n다르다.
は…	는…
はい、これあげるね！	자,이거 줄게!
はきつぶされたクツ\n店で売ればわずかだが金になる	낡아빠진 신발 가게에 팔면\n약간의 돈이 된다
はじめるわ	시작할게
はっ	핫
はね…	은…
は一生懸命なんだな)	은 정말 열심이구나)
ひ、人？	사,사람?
ひさしぶりだな	오랜만이군
ひさびさに帰ってきたからな	오랜만에 돌아왔으니까
ひでえ国だぜ、あそこは	지독한 나라구만,거기는
ひとつ聞きたい	하나 묻고 싶다
ひとつ試してやろう	하나 시험해 볼까
ひとの勝手だろ…	남의 마음이지…
ひとりで…さびしくないですか？	혼자서…외롭지 않으세요?
ひとりで遣跡から戻って来るとは…	혼자서 유적에서 돌아오다니…
ひとり死んだら、二人産めばいいんだよ	하나 죽으면 둘 낳으면 되는 거야
ひまならジューバの話でも聞いてあげてよ	심심하면 주바 얘기라도 들어줘
ひみちゅのフラグbyMたかはC	히밋추 플래그 by M 타카하시
ひるむな！ まだいける！	겁먹지 마!아직 된다!
ひるむな！ 各銃座、撃ちまくれ！	겁먹지 마!전 포대,쏴라!
びっくりしたけど…うれしかったです	놀랐지만…기뻤어요
ふう、何とか倒せたか…	휴,어떻게든 쓰러뜨렸나…
ふうん…ま、いいや	흠…뭐,됐어
ふざけるなよ	장난치지 마
ふん、さっきまではな	흥,아까까지는 말이지
ふん、まあいい…おおよそ察しはつく	흥,뭐 됐다…대충 짐작은 간다
ふーん…なら、ジューバの店に行ってみな	흠…그럼,주바네 가게에 가 봐
ふ化	부화
へ…	헤…
へえ…あんたがドラゴンの乗り手か！	허…네가 드래곤 사용자냐!
へえ…いい銃持ってるじゃねえか	허…괜찮은 총 가지고 있네
へえ…普通の人間と変わんないんだね	허,보통 인간이랑 다를 게 없네
へえ、司祭様と張り合おうってのかね	허,사제님이랑 맞서겠다는 건가
へたすりゃ、国ひとつ滅ぼしかねないのさ	잘못하면 나라 하나쯤 멸망시킨다
へっ！ でけえ□叩くじゃねえか	헛!말은 잘하는군
へっ！ バカ言うなよ	헛!헛소리하지 마
への道を開いてもらう	로 가는 길을 열어달라
へへ…これで、貸し借りなしだな	헤헤…이걸로 빚 없는 거다
ほう	호
ほう…まあ、無理にとは言わんがね	호…뭐,억지로는 안 시켜
ほう…神聖区民の頼みを断るとはね	호…신성구민 부탁을 거절하다니
ほう、どのくらい仕込まれとるのかな	호,얼마나 훈련받은 건가
ほう、なかなかやるな	호,제법이군
ほう、わかるか？	호,알겠나?
ほうびに帝国旗艦の力を見せてやろう	상으로 제국 기함의 힘을 보여주지
ほとんどの者は、すでに里を脱出した	대부분은 이미 마을을 탈출했다
ほら、こいつさ	이거 봐,이거야
ほら、そこ、しっかり押さえろよ	이봐,거기,꽉 눌러
ほら、例のハンターが来たよ	봐라,그 헌터가 왔다
ほれ、見てみな	자,봐봐
ぼうず、悪い事は言わねえ	얘,나쁜 말 안 할게
ぼうずの薬を調達してくれたんだってな	네 약을 구해다 줬다며
ま、いいよ	뭐,됐어
ま、おまえなら大丈夫だろうけど	뭐,너라면 괜찮을 텐데
ま、これからはごひいきに頼むよ	뭐,앞으로 잘 봐주게
ま、これからもよろしく頼むぜ	뭐,앞으로도 잘 부탁하지
ま、その辺はあんたの方が詳しいか	뭐,그쪽이 더 잘 알겠지
ま、それもいいさ	뭐,그것도 괜찮아
ま、そんなに気にする事ないさ	뭐,그렇게 신경 쓸 거 없어
ま、なんとかね	뭐,그럭저럭
ま、まあ、ちょっと待ちたまえ	자,자,잠깐 기다려봐
ま、ハンターらしい最期かもな	뭐,헌터다운 최후일지도
ま、世間様の評判なんて関係ないさ	뭐,세간 평판 따위 상관없어
ま、今回は敵が敵だからね	뭐,이번엔 상대가 상대니까
ま、少し待てばわかる	뭐,조금 기다리면 알아
ま、帝国じゃ逆の言われ方をしてるし、	뭐,제국에선 반대로 말하지만,
ま、若いうちはそれでもよかろう	뭐,젊을 땐 그걸로 됐지
まあ、そういうこった	뭐,그런 셈이지
まあ、そうなんですか	그래요,그렇군요
まあ、そう言わずに…	뭐,그렇게 말하지 말고…
まあ、今すぐ返事をくれとは言わん	뭐,지금 당장 답을 달라진 않아
まあ、待てよ	잠깐,기다려봐
まあ、無理もないだろうな	뭐,무리도 아니겠지
まあ、無理もないな	뭐,무리도 아니지
まあいい…私はキトールという者だ	됐어…난 키톨이라는 자다
まあいいや…おれ、エンカクってんだ	됐어…난 엔카쿠라고 해
まあな	그렇지
まあよかろう、ただし…	좋다,다만…
まいったなあ…パエットに何て言おう…	곤란하네…파에트한테 뭐라고 하지…
まさか、ドラゴンが出るとはねえ	설마 드래곤이 나올 줄이야
まさか、司祭自ら掟を曲げるとはな…	설마,사제 스스로 규율을 어기다니…
まさか、彼女が姿を消すとは…	설마,그녀가 자취를 감추다니…
まさか、我が帝国に取って	설마,우리 제국에게
まさか君が噂のドラゴン使いだったとはな	설마 네가 소문의 드래곤 사용자라니
まさか本当じゃないわよね	설마 진짜는 아니겠지
まさか本物に出くわす時が来るとはなあ…	설마 진짜와 마주칠 날이 오다니…
まさか！	설마!
まず、動力反応の上昇とともに、\n海中から大規模な攻性生物群が出現。\nさらに、外殻が展開し、1頭の\nドラゴンを収納したのち、完全起動\n状態に入った。	먼저,동력 반응 상승과 함께\n바닷속에서 대규모 공성생물\n무리가 출현.이어서 외각이\n전개되어 드래곤 한 마리를\n수납한 뒤 완전 기동 상태에\n들어갔다.
まず、通路を抜けてください	먼저,통로를 지나가 주세요
まずい、仲間を呼んだ	안 좋다,동료를 불렀다
まずいぞ…怒らせたか！？	안 좋아…화나게 했나!?
まずいな、	안 좋군,
まずいな、早く回復しろ	안 좋군,빨리 회복해
まずいな！	안 좋아!
まずは、これを受け取ってほしい	우선,이걸 받아줬으면 해
まずは、森の下にある根を弱らせることだ	우선 숲 아래 뿌리를 약화시켜라
まずは、水を抜かなきゃならんがな	우선,물을 빼야만 해
また、すぐに出て行ってしまうんですね…	또,금방 떠나 버리시는군요…
また、新しいしもべを造っている…	또,새로운 하수인을 만들고 있어…
また、昔みたいに村を作れるかな？	또 옛날처럼 마을을 만들까?
また、連中に吸い上げられちまうのさ	또,저놈들한테 빨아 먹히는 거야
また君に借りができたな	또 너한테 빚을 졌구나
まだ、やることがあるから…	아직,할 일이 있어서…
まだ、アンユウは帰ってないが…	아직 안유는 안 돌아왔는데…
まだ、仕事は片づかないのかい？	아직 일이 안 끝났나?
まだ、倒せない！	아직,못 쓰러뜨려!
まだ、儀が帝国に雇われてたころにね	내가 제국에 고용됐던 시절 얘기야
まだ、店は開けてないわよ	아직,가게 문 안 열었어
まだ、戦い、終わんないの？	아직,싸움 안 끝났어?
まだ装甲が不完全なブロックがあります	장갑이 불완전한 블록이 있습니다
まだ詳しく調べてないのによ	아직 자세히 조사도 안 했는데
まだ追ってくる！	아직도 쫓아온다!
まったく…何様のつもりだ	정말…뭐라도 되는 줄 아나
まったく、最近のよそ者は…	정말,요즘 뜨내기들은…
まったくだ…こいつの力が帝国に	정말이지…이놈의 힘이 제국에
まっとうな人間の仕事じゃないってわけさ	제대로 된 인간이 할 일은 아니지
まで)	까지)
まで行ってみよう)	까지 가 보자)
まともに暮らせる土地に行きたいもんだぜ	제대로 살 땅에 가고 싶다고
まともに暮らせる土地を見つけるまではな	제대로 살 땅을 찾을 때까지야
まりよ	마리야
まるで、神々の戦のようだった。\nでも、戦っていたのは普通の兵隊だ。\n神の乗り物に乗っていても、儀と同じ\n人間だったはずだ。\nなのに、身を守るためとはいえ、儀は\n彼らを撃ってしまった。\n何のためらいもなしに。	마치,신들의 전쟁 같았다.\n하지만 싸우던 건 평범한\n병사들이었다.신의 탈것에 타고\n있어도,기와 같은 인간이었을\n터다.그런데도,몸을 지키기\n위해서라지만,기는 그들을 쏴\n버렸다.아무런 망설임도 없이.
まわりを1周する	주위를 한바퀴
みんな、ここに魂を預けて旅してるのさ	다들 여기에 영혼을 맡기고 여행해
みんな、そんなに力が欲しいのか…	다들 그렇게까지 힘을 원하는 걸까…
みんな、どうして逃げないのかな	다들,왜 도망치지 않는 걸까
みんな、よそ者がきらいなんだって	다들,뜨내기를 싫어한대
みんな、一度は買いつけに行くんだってさ	다들 한 번은 사러 간다더군
みんな、居場所を尋われた人達なんだ	다들,있을 곳을 빼앗긴 사람들이야
みんな、攻性生物に殺されてしまった	다들,공성생물한테 죽고 말았어
みんな、早く森から帰ってこないかなあ	다들 빨리 숲에서 돌아오지 않으려나
みんながいたし…	다들 있었고…
むだからな	쓸데없으니까
むろん、旧世紀の人間達にも反対者はいた	물론 구세기 인간에도 반대자는 있다
めの層に当たるわ…	층에 해당해…
める	다
もあるかも…)	도 있을지도…)
もう、この街には必要ないものだからな	이 거리엔 필요 없는 물건이니까
もう、この街にゃ来ねえだろうよ	이제,이 거리엔 안 올 거야
もう、ろくな物は残ってないよ	이제,쓸 만한 물건은 안 남았어
もう、一人にはなりたくない…	이제,혼자는 되고 싶지 않아…
もう、後戻りはできませんぞ	이제,되돌릴 수 없습니다
もういい、君には頼まん	됐어,너한텐 부탁 안 해
もういいよ、どうでも…	됐어,아무래도 상관없어…
もういいよ、他をあたるから	됐어,다른 데 알아볼게
もうやめる	이제 그만할래
もう一度ゲートにアクセスしてみて	다시 한번 게이트에 접속해봐
もう何も言わん、行ってこい	이제 아무 말 안 할게,다녀와
もう使えないのか？	이제 못 쓰나?
もう少し、余分に売っていただけませんか	조금만 더 싸게 팔아주실 수 없나요
もう少し、安くならないかな？	조금만 더 싸게 안 될까?
もう水も食料も…	이제 물도 식량도…
もう追ってこないかな	이제 안 쫓아오려나
もう降りちゃったよ！	벌써 내려버렸어!
もしかすると、おまえのドラゴンに	혹시,네 드래곤한테
もし後世、志ある者がこの塔を目指す\nならば、それは必ずや困難な道のりと\nなるであろう。\nここに書き残す記録が、その者を導く\nしるべとなれば幸いである。	혹시 후세에 뜻있는 자가 이\n탑을 찾는다면,그것은 반드시\n험난한 길이 될 것이다.여기에\n남긴 기록이 그 자를 이끄는\n길잡이가 되길 바란다.
もちろん、働きに応じて相応の礼はする	물론,일한 만큼 응당한 답례는 하지
もちろん挑戦する	물론 도전한다
もっとすげえもんがあるはずだ	더 대단한 게 있을 거야
もっとまともな奴がいるはずだが…	더 제대로 된 녀석이 있을 텐데…
もっとも、ゾアの街はもうないけどね	하긴,조아 거리는 이제 없지만
もっとも、今は誰もいねえと思うぜ	하긴,지금은 아무도 없을 거야
もっとも、塔の機能が十全であった\nならば、我々を含む人間の絶対数は\n現在よりさらに厳しく抑制され、\n再生の手が届かぬわずかな地において\nより苛酷な生を強いられていたこと\nだろう。	하긴 탑의 기능이 온전했다면\n우리를 포함한 인간의 절대 수는\n지금보다 더 가혹하게 억제되어,\n재생의 손길이 닿지 않는 얼마\n안 되는 땅에서 더 가혹한 삶을\n강요당했을 것이다.
もっとも、帝国はまだ	하긴,제국은 아직
もっとも、神様なんて	하긴,신 따위
もっとよく考えて来たまえ	좀 더 잘 생각하고 오게
もっと値切る	더 깎는다
もともと、ここの地下から	원래,이곳 지하에서
もともと、そのために作ったものだし	원래,그러기 위해 만든 거고
もともと、俺たちゃ嫌われ者なんだ	원래,우리는 미움받는 존재야
もともと旧世紀の連中が作った物なんだぜ	원래 구세기 놈들이 만든 물건이라고
もはや、帝国は無力だ…	이제 제국은 무력해…
もはやこれまでか…	이제 여기까지인가…
や<!E6>ュぬ<!D3>わ。<0B>フ。ー<03><!90>ト<!D3>れ。<0B><02><!E6>ー<03><!E3><01><!90>ソ<!E4>	や<!E6>ュぬ<!D3>わ。<0B>フ。ー<03><!90>ト<!D3>れ。<0B><02><!E6>ー<03><!E3><01><!90>ソ<!E4>
やったな、エッジ！	해냈다,엣지!
やった！	해냈다!
やった！砂が吹き飛ばされていく！！	됐다!모래가 날아가고 있어!!
やっと、ここまでたどり着いたってのにさ	겨우 여기까지 다다랐는데 말이야
やっと会うことができたな	드디어 만날 수 있었군
やっと目的地に着いたら、これだもんな	겨우 목적지에 도착했더니 이거냐
やっぱり…！	역시…!
やっぱり、ここも独立してる…	역시,여기도 독립해 있어…
やっぱり、ドラゴンは味方だったんだ…	역시 드래곤은 아군이었어…
やっぱり、帝国の奴らだったんだろ？	역시,제국 놈들이었던 거지?
やっぱり、止めた方がよかったかなあ	역시,관두는 게 나았으려나
やっぱりだめだよ…悪いけど	역시 안 되겠어…미안하지만
やっぱりだ！	역시 그렇다!
やっぱり暴走している	역시 폭주한다
やはり、あれが直らんことには…	역시,그게 고쳐지지 않고서는…
やばいぜ、目覚めやがった！！	위험해,깨어났다고!!
やむをえん、応戦する	어쩔 수 없다,응전한다
やむをえん、試作段階だがヴリトラをだす	시작품이지만 브리트라를 낸다
やむを得ん、各冥第一種戦闘配備！	어쩔 수 없다,각 함 전투배치
やめた方がいい	관두는 게 좋아
やられた？	당했나?
やれやれ…	이런이런…
やれるのか？	할 수 있겠어?
ゆえに、兵士諸君に要求されるのは、\nいかなる時も上官の命令に従い、\n恐慌に襲われることなく、冷静に\nそれを遂行することである。\nさすれば、敵の種類・規模の如何に\n関わらず確実に撃破できるであろう。	그러므로 병사 제군에게 요구되는\n것은,어떠한 때에도 상관의\n명령에 따라 공황에 휩싸이지\n않고,냉정하게 그것을 수행하는\n것이다.그리하면,적의\n종류·규모 여하에 관계없이\n확실히 격파할 수 있을 것이다.
ゆえに、司令塔周囲の内部防壁は\n常に閉鎖された状態にある。\nこれが開放されるのは、物資搬入時と\n第2種警戒態勢発令時のみである。	그러므로 사령탑 주위 내부\n방벽은 항상 폐쇄된 상태에\n있다.이것이 개방되는 것은\n물자 반입 시와 제2종 경계\n태세 발령 시뿐이다.
ゆえに、辺境の民の無意味な反抗に\nあっても、躊躇してはならない。\n反抗は単に無知ゆえであり、帝国には\n彼らを保護する義務があるからだ。\n我が軍の戦いは侵略にあらず。目先の\n情に惑わされず、常に大義をもって\n行動することを望むものである。	그러므로 변경민의 무의미한 반항\n에도 망설여선 안 된다.반항은\n그저 무지 탓이며,제국에는 그들\n을 보호할 의무가 있다.우리\n군의 싸움은 침략이 아니다.눈앞\n의 정에 휘둘리지 말고 늘 대의\n를 갖고 행동하기 바란다.
ゆくゆくは大陸一の商業都市になるだろう	앞으로 대륙 제일 상업도시가 된다
ゆっくりしてってね	천천히 있다 가
ゆっくり休むといい	천천히 쉬는 게 좋아
ゆっくり休んでお行き	천천히 쉬다 가
ゆっくり考えてくれ	천천히 생각해봐
ゆっくり考えとくれ	천천히 생각해 봐
よう、どうかしたか？	야,무슨 일 있어?
よう、なんか用か？	야,뭔 볼일이야?
よう、無事だったようだな！	어이,무사했던 모양이군!
ようし、発射！	좋아,발사!
ような奴がいればな…	같은 녀석이 있었다면…
ような形をした遣物が	같은 모양을 한 유물이
ようやくこの力を我が物にできる…	드디어 이 힘을 내 것으로 만든다…
よう！ ひさしぶりだな	야!오랜만이네
よう！ 無事だったか、ドラゴン乗り！	어이!무사했나,드래곤 라이더!
よかった…あの子が元気になって…	다행이야…그 애가 나아서…
よかっただって？	잘됐다니 뭐?
よかったら、あんたも見送っておくれ	괜찮으면,너도 배웅해줘
よかったら、今度乗せてくれよ	괜찮으면,다음에 태워줘
よかったら、使ってくれよ	괜찮으면 써 주게
よき人への戒め	선인에 대한 경계
よくここまで追ってきたものだ	용케 여기까지 쫓아왔군
よくしてくれた人もいたのに	잘해주는 사람도 있었는데
よくて追放、へたすりゃ命がないぜ	잘해봐야 추방,잘못하면 목숨이 없어
よくわからないけど…ないと思う	잘 모르겠지만…아닐 듯해
よく今まで生きのびられたもんだ	용케 지금까지 살아남았구나
よく知らないようだ	잘 모르는 듯하다
よけいな事は考えずに養生しろ	쓸데없는 생각 말고 요양해
よし、上昇！ 上昇！	좋아,상승!상승!
よし、離脱するぞ！	좋아,이탈한다!
よし、高度を下げろ！	좋아,고도를 낮춰라!
よしっ、敵を主砲の射界にとらえろ	좋아,적을 주포 사거리에 잡아라
よそじゃ飲めねえ代物だぜ	딴 데선 못 마시는 물건이야
よそで売れば、いい金になるぞ	다른 데다 팔면 큰돈이 될 거야
よそとの付き合いもあるんでな	다른 데와의 교제도 있어서 말이지
よそに比べりゃ、楽園みたいな所だからな	다른 데 비하면,낙원 같은 곳이니까
よその里の仲間も来てくれるはずだよ	다른 마을 동료들도 와줄 거야
よそ者が来たら、かくれなさいって	뜨내기가 오면 숨으라고 했어
よそ者って、食べ物ないんでしょ	뜨내기는 먹을 게 없다며
よそ者とのいざこざはごめんだよ	뜨내기랑 얽히는 건 싫어
よそ者にうろうろされると困るねえ	뜨내기가 얼쩡거리면 곤란해
よそ者には縁のない部屋だ	뜨내기와는 인연 없는 방이다
よそ者に流せば、奴らは限りなく増長する	뜨내기에게 알리면 놈들이 기어오른다
よそ者に聞かせるような話ではない	뜨내기한테 들려줄 얘기가 아니다
よそ者をあまり信用すると…	뜨내기를 너무 믿으면…
よっぽど命が惜しくねえらしいな	어지간히 목숨이 안 아까운가 보군
よほどの目的がないとつらいからな	어지간한 목적이 없으면 힘드니까
よみがえるって聞いたことがある	되살아난다고 들은 적이 있어
よろしい…では、受け取りたまえ	좋다…그럼,받도록 해라
よろしくお願いします！	잘 부탁드립니다!
よろしくな、ハンターのにいちゃん！	잘 부탁해,헌터 형씨!
よろしく頼むよ、エッジ君	잘 부탁드립니다,엣지 군
よ？	요?
らう	라우
らよ	라요
られないぜ	못 하겠네
りたい	싶다
りん粉	린가루
る…	다…
るから	니까
るからさ	니까 말이야
るぞ	겠다
るのさ	는 거야
れたの？	된 거야?
れよ	래
れるのだ	게 된다
れん	겠나
れんでくれよ	겨 주라
ろくなことがない	좋은 일이 없다
ろくに商売もできん	장사도 제대로 못 해
わかった…でも、養ってもらう必要はない	알았어…근데 부양받을 필요는 없어
わかった…どんな用だ？	알았어…무슨 일이야?
わかった、	알았다,
わかっておる	알고 있다
わかっておる、例のものだな	알고 있다,그거 말이지
わかってる	알고 있어
わかってるって、わけありなんだろ？	알고 있어,사연이 있는 거잖아?
わかってると思うが、他言無用だからな	알겠지만 다른 사람한테 말하지 마
わかってるのか！	알고는 있는 거야!
わかってる！	알고 있다!
わからない、だけど大丈夫…	몰라,하지만 괜찮아…
わからん	모른다
わからん…だが、ドラゴンって奴は	몰라…하지만,드래곤이란 녀석은
わかるさ	알겠어
わかるだろう	알겠지
わけもわからないうちに味方に攻撃されて	영문도 모른 채 아군한테 공격당해
わざわざ、ウルのガーディアンを	일부러,울의 가디언을
わざわざ外に行きたがるなんてさ	일부러 밖에 나가고 싶어 하다니
わずかずつではあるが	조금씩이긴 하지만
わずかに現存するドラゴン用の装備\n移動中のレーザー発射能力を強化する	얼마 남지 않은 드래곤용 장비\n이동 중 레이저 능력 강화
われ、攻性生物と遭遇…救助信号です	아군,공성생물과 조우…구조 신호
を\n消費する。\nそのため、BPが足りないと\nそのバーサークは使用できない。	을\n소비한다.\n그래서 BP가 부족하면\n그 버서크는 쓸 수 없다.
を\n行ってくる敵もいる。	을\n해오는 적도 있다.
を上げると、\nバーサークの威力が上がる。\nまた、より少ないBPで\nバーサークを使えるようになる。	를 올리면,\n버서크의 위력이 오른다.\n또한,더 적은 BP로도\n버서크를 쓸 수 있게 된다.
を上げると、\nレーザーの威力が上がる。\nただし、銃の威力は変わらない。	를 올리면,레이저의 위력이\n오른다.다만,총의 위력은\n변하지 않는다.
を上げると、\n位置取りの速度が上がるので\n位置取りによる時間のロスが\n少なくなる。	를 올리면,위치 선정\n속도가 빨라져서 위치\n선정에 의한 시간\n손실이 줄어든다.
を上げると、\n敵から受けるダメージが\n小さくなる。	를 올리면,\n적에게 받는 대미지가\n작아진다.
を使う時も\n1ゲージを消費する。\nアイテムを使う時は\nウインドウを開き、方向ボタンで\n使うアイテムを選択する。	을 쓸 때도\n1게이지를 소비한다.\n아이템을 쓸 때는\n창을 열고,방향 버튼으로\n쓸 아이템을 고른다.
を守ってきた	을 지켜왔다
を守る…	를 지킨다
を封印します	을 봉인합니다
を尋われた人達なんだ	거처를 빼앗긴 이들이야
を破壊しないと！)	를 파괴해야 해!)
ん	ん
んさ	니까
んぜ	겠다
んだ、ほらよ	다,자 받아
んだね…	구나…
アイウィング心技型	아이 윙 심기형
アイウィング攻撃型	아이 윙 공격형
アイウィング標準型	아이 윙 표준형
アイウィング機動型	아이 윙 기동형
アイウィング防御型	아이 윙 방어형
アイテムのリストを表示  	아이템 목록을 표시
アカデミーからの報告では	아카데미의 보고에 따르면
アカデミーでは、優秀な人材による\n研究が日夜行われ、旧世紀の技術に\n関する謎は着実に解明されつつある。\nエンジンをはじめとする機械類を、\n帝国自らの手で生産するという目標が\n達成される日は、もはや目前に迫って\nいるのである。	아카데미에서는 우수한 인재들의\n연구가 밤낮으로 이루어져,구세기\n기술에 관한 수수께끼가 착실히\n풀려가고 있다.엔진을 비롯한\n기계류를 제국 스스로의 손으로\n생산한다는 목표가 달성되는 날은\n이미 눈앞에 다가와 있다.
アクセスしてみて	접속해봐
アシュティ(上位体)	아슈티(상위체)
アシュティのリーダー。\n角の有無で見分けがつく。\nこいつの吐くしびれ液を\nくらうと、動きがとれなく\nなってしまう。\n群れの中にこいつがいたら\n真っ先に倒しておかないと\n痛い目にあうだろう。	아슈티의 리더.\n뿔의 유무로 구별된다.\n이놈이 뱉는 마비액을\n맞으면 움직일 수 없게\n되어 버린다.\n무리에 이놈이 있으면\n먼저 잡지 않으면\n호되게 당한다.
アゼル	아젤
アゼル…	아젤…
アゼル…そうか、塔を…	아젤…그런가,탑을…
アゼル…約束してくれ	아젤…약속해줘
アゼル、たぶん君は…	아젤,아마 넌…
アゼル、どうしたんだ？	아젤,무슨 일이야?
アゼル、儀はただ…	아젤,기는 그저…
アゼル、君はだまされてるんだ	아젤,넌 속고 있는 거야
アゼル、君は！？	아젤,너!?
アゼル、心配してるよ	아젤,걱정하고 있어
アゼルが必要…か	아젤이 필요…한가
アゼルが必要なんだ	아젤이 필요해
アゼルにはドラゴンを導いてもらう	아젤에겐 드래곤을 인도하게 하겠다
アゼルに何をさせるつもりなんだ？	아젤한테 뭘 시키려는 거야?
アゼルのことか？	아젤 얘기야?
アゼルのように、造られた人間のことか？	아젤처럼 만들어진 인간 말이야?
アゼルの話、聞いたか？	아젤 얘기,들었나?
アゼルは、どこの国で生まれたの？	아젤은 어느 나라에서 태어났어
アゼルは、誰に名前をもらったの？	아젤은 누구한테 이름을 받았어
アゼルはそこに下ろしたまえ	아젤은 거기 내려두게
アゼルはまだ…	아젤은 아직…
アゼルを収容する方が先だ	아젤을 수용하는 게 먼저다
アゼルを旧世紀の使命から解放し、	아젤을 구세기의 사명에서 해방시켜,
アトルム…まだ完全に目覚めていないのか	아트룸…아직 완전히 안 깨어난 건가
アトルムが呼んでる…	아트룸이 부르고 있어…
アトルムに乗って、いろんな所を見たわ	아트룸을 타고,여러 곳을 봤어
アトルムドラゴン1	아트룸 드래곤1
アトルムドラゴン2	아트룸 드래곤2
アトルムドラゴン3	아트룸 드래곤3
アトルムドラゴン4	아트룸 드래곤4
アトルム？ 君が乗っている	아트룸?네가 타고 있는
アブネルの野郎に、金貸したんだって？	아브넬 그 자식한테,돈 빌려줬다며?
アルドーの奴は置いて行くか…	알도는 두고 갈까…
アンチレーザー	안티 레이저
アンユウのおじさんに聞きました	안유우 아저씨한테 들었어요
アンユウのおじさん達、遅いね	안유우 아저씨들,늦네
アンユウの旦那、がっくりきてたろ	안유 아저씨,완전 풀 죽어 있었지
アンユウの旦那、大丈夫かな	안유 아저씨,괜찮으려나
アンユウは、トビタマを探しに行ったよ	안유는,토비타마를 찾으러 갔어
アンユウも、あんたを気に入ってるんだよ	안유우도 자네를 마음에 들어 해
アンユウも、少しは救われたかねえ…	안유우도 조금은 위로가 됐으려나
アンユウ達も帰ってこれるんだ	안유네도 돌아올 수 있는 거야
アーウェン、反逆の時は今しかない	아웬,반역할 때는 지금뿐이다
アームウィング心技型	암 윙 심기형
アームウィング攻撃型	암 윙 공격형
アームウィング標準型	암 윙 표준형
アームウィング機動型	암 윙 기동형
アームウィング防御型	암 윙 방어형
ウル 南部水没遣跡群	울 남부 수몰 유적군
ウル 遣跡通路内部	울 유적 통로 내부
ウルで戦った。\nめったに出会うことのない\n珍しい敵だ。おまけに、\n一度攻撃すると、すぐに\n逃げてしまう。こういう\n相手は、出会いがしらに\nバーサーク技で攻撃するに\n限る。	우르에서 싸웠다.\n좀처럼 만날 수 없는\n진귀한 적이다.\n한 번 공격하면 바로\n달아나 버린다.\n이런 상대는 마주치면\n버서크 기술로 치는 게\n최고다.
ウルで戦った。\nドラゴンに似た姿なので\nこう呼ばれているが、力は\n遠く及ばない。最近は数も\nかなり減っているようだ。	우르에서 싸웠다.\n드래곤을 닮은 모습에\n이리 불리지만 힘은\n크게 못 미친다.\n요즘은 수도 줄었다.
ウルで戦った。\n砂漠に住むアシュティが、\n水辺の環境に合わせて変化\nしたものだ。攻撃方法や\n生態は、ほとんど同じと\nいっていいだろう。\nただし、アシュティよりは\n多少打たれ強いようだ。	우르에서 싸웠다.\n사막에 사는 아슈티가\n물가 환경에 맞춰\n변화한 것이다.\n공격 방법이나 생태는\n거의 같다고 봐도 된다\n다만 아슈티보다\n맷집이 좋은 듯하다.
ウルで戦った。\n砂漠に住むアシュティが、\n水辺の環境に合わせて変化\nしたものだ。攻撃方法や\n生態は、ほとんど同じと\nいっていいだろう。\nリーダーの役目もほぼ一緒\nらしい。	우르에서 싸웠다.\n사막에 사는 아슈티가\n물가 환경에 맞춰\n변화한 것이다.\n공격 방법이나 생태는\n거의 같다.\n리더의 역할도 같다.
ウルで戦った。\n砂漠に住んでいるトゥプが\n水辺の環境に合わせて変化\nしたものだ。リーダーの\n役目もほぼ一緒らしい。	우르에서 싸웠다.\n사막에 사는 투프가\n물가 환경에 맞춰\n변화한 것이다.\n리더의 역할도 같다.
ウルで戦った。\n砂漠に住んでいるトゥプが\n水辺の環境に合わせて変化\nしたものだ。攻撃方法や\n生態は、ほとんど同じと\nいっていいだろう。\nただし、トゥプよりは多少\n打たれ強いようだ。	우르에서 싸웠다.\n사막에 사는 투프가\n물가 환경에 맞춰\n변화한 것이다.\n공격 방법이나 생태는\n거의 같다고 봐도 된다\n다만 투프보다\n맷집이 좋은 듯하다.
ウルには、でっけえ街があったんだぜ	울에는,엄청 큰 거리가 있었다고
ウルに住む生物・トビタマの\n分泌物が固まったもの	우르에 사는 생물・도비타\n마의 분비물이 굳은 것
ウルの事なら、何でも聞きな	울에 관한 거라면 뭐든 물어봐
ウルの地下深くに、その生成施設がある	울 지하 깊이 생성 시설이 있다
ウルの地下遣跡で使った\n旧世紀の乗り物。\n出力は小さいが、光の矢を\n撃ち出すことができる。	우르 지하 유적에서\n쓴 구세기의 탈것.\n출력은 작지만\n빛의 화살을 쏜다.
ウルの地下遣跡で戦った。\n周囲にいる仲間が傷つくと\nダメージを回復させる。\nたまに粘着液を吐き出して\n自ら攻撃することもある。	우르 지하 유적에서\n싸웠다.주위 동료가\n다치면 피해를 회복.\n가끔 점착액을 뱉어\n스스로 공격도 한다.
ウルの地下遣跡で戦った。\n攻性生物タルメランの卵。\nふ化すると厄介なので、\nその前に倒しておきたい。\n銃弾のエネルギーを吸収\nしてしまうので、攻撃する\n時には注意が必要だ。	우르 지하 유적에서\n싸웠다.공성생물\n타르메란의 알.부화하면\n성가시니 그 전에 잡자\n총탄 에너지를 흡수해\n버리니 공격할 때는\n주의가 필요하다.
ウルの地下遣跡で戦った。\n攻性生物デルメランの卵。\nふ化すると厄介なので、\nその前に倒しておきたい。\n光のエネルギーを吸収して\nしまうので、攻撃する\n時には注意が必要だ。	우르 지하 유적에서\n싸웠다.공성생물\n데르메란의 알.부화하면\n성가시니 그 전에 잡자\n빛 에너지를 흡수해\n버리니 공격할 때는\n주의가 필요하다.
ウルの地下遣跡で戦った。\n攻撃された時だけ反撃する\n珍しい攻性生物。\nこいつは他のタム・プロと\n違い、爆発する卵のような\nものを持っている。	우르 지하 유적에서\n싸웠다.공격받을 때만\n반격하는 진귀한 놈.\n이놈은 다른\n탐·프로와 달리\n폭발하는 알을 지녔다.
ウルの地下遣跡で戦った。\n攻撃された時だけ反撃する\n珍しい攻性生物。\n銃で撃つと上を向く。この\n状態なら、反撃されても\nこちらには当たらない。	우르 지하 유적에서\n싸웠다.공격받을 때만\n반격하는 진귀한 놈.\n쏘면 위를 본다.\n이 상태면 반격당해도\n이쪽엔 안 맞는다.
ウルの地下遣跡のドームの鍵	우르 지하유적 돔의 열쇠
ウルの方に飛んでったってんだろ	울 쪽으로 날아갔다던데
ウルの水職人に伝わる発光酒だ	울의 물 장인이 전하는 발광주다
ウルの近くに、ドラゴンが出たって話だぜ	울 근처에 드래곤이 나타났대
ウルは、世界の泉であると同時に…	울은,세계의 샘이자 동시에…
ウルへと通じている	울로 통한다
ウルクリア	울 클리어
ウルボス戦(AD＃2)	울 보스전(AD#2)
ウル中ボス戦(ヌリシンハ)	울 중간 보스전(누리신하)
ウル北方の『塔』に関する\nシーカーの研究書	우르 북방의 『탑』에\n관한 시커의 연구서
ウル北方の塔に関する記録	울 북방 탑에 관한 기록
ウル地下2クリア	울 지하 2 클리어
ウル地下ザコ戦(攻性生物)	울 지하 잡몹전(공성생물)
ウル地下遣跡クリア	울 지하 유적 클리어
ウル地下遣跡ボス戦(ダイオウビレイ)	울 지하 유적 보스전(다이오비레이)
ウル地下遣跡中ボス戦(ミヤビレイ)	울 지하 유적 중간 보스전(미야비레이)
ウル地下遣跡進入可	울 지하유적 진입
ウル連続戦闘1	울 연속전투1
ウル連続戦闘2	울 연속전투2
ウル連続戦闘3	울 연속전투3
ウル進入可	울 진입
ウンブラ	움브라
エッジ…	엣지…
エッジ、おまえは逃げるんだ…	엣지,넌 도망쳐…
エッジ、どうだ？	엣지,어때?
エッジ、バリアを張った方がいいぞ！	엣지,배리어를 치는 게 좋겠어!
エッジ、初めて会った時に行った村を	엣지,처음 만났을 때 갔던 마을을
エッジ、見てみろ	엣지,봐봐
エッジ、赤いやつが群れのボスだ	엣지,빨간 놈이 우두머리다
エッジ、赤い奴が群れのボスだ	엣지,빨간 놈이 무리의 우두머리다
エッジ、逃げろ！	엣지,도망쳐!
エッジ、頼めるか？	엣지,부탁해도 될까?
エッジが<03>\nアイテム<03>	엣지가<03>\n아이템<03>
エッジの通常攻撃である<03>\n銃<03>	엣지의 일반 공격인<03>\n총<03>
エッジはいつか、おれのことを\nおやじとよんでくれるだろうか。	엣지는 언젠가,나를\n아빠라고 불러줄까.
エッジへの手紙・1	엣지에게 보내는 편지・1
エッジへの手紙・2	엣지에게 보내는 편지・2
エッジ君…後は…	엣지 군…이제…
エッジ君、	엣지 군,
エッジ君、これは戦争なのだよ	엣지 군,이건 전쟁이야
エッジ！ よそ見をするな！	엣지!한눈팔지 마!
エッジ！ 上のエネルギーパイロンを！	엣지!위쪽 에너지 파일런을!
エドナさん…あそこに、よそ者が…	에드나 씨…저기,뜨내기가…
エネルギー充填	에너지 충전
エネルギー循環	에너지 순환
エネルギー消費量が極めて低いため、\n特定の場合(休眠状態からの再起動・\nショックによる機能停止時など)を\n除き、外部からのエネルギー補給は\n不要である。	에너지 소비량이 극히 낮기\n때문에,특정 경우(휴면\n상태에서의 재기동・충격에 의한\n기능 정지 시 등)를\n제외하고,외부로부터의 에너지\n보급은 불필요하다.
エネルギー補給	에너지 보급
エラー…消去未遂…追撃せよ…	에러…소거 미수…추격하라…
エラーの封印を確認…	에러의 봉인을 확인…
エラーの復活を確認……再度、封印せよ…	에러의 부활 확인……재차 봉인하라…
エレベーターのロックを外す鍵	엘리베이터 잠금을 푸는 열쇠
エレベーター・ゲート<03>	엘리베이터・게이트<03>
エレベーター：10階	엘리베이터:10층
エレベーター：11階	엘리베이터:11층
エレベーター：12階	엘리베이터:12층
エレベーター：13階	엘리베이터:13층
エレベーター：15階 西	엘리베이터:15층 서
エレベーター：15階東1	엘리베이터:15층 동1
エレベーター：15階東2	엘리베이터:15층 동2
エレベーター：1階 西	엘리베이터:1층 서
エレベーター：2階 東側	엘리베이터:2층 동쪽
エレベーター：2階 西側	엘리베이터:2층 서쪽
エレベーター：3階 東側	엘리베이터:3층 동쪽
エレベーター：3階 西側	엘리베이터:3층 서쪽
エレベーター：4階	엘리베이터:4층
エレベーター：5階	엘리베이터:5층
エレベーター：6階	엘리베이터:6층
エレベーター：7階 南	엘리베이터:7층 남
エレベーター：7階 東	엘리베이터:7층 동
エレベーター：8階 北	엘리베이터:8층 북
エレベーター：8階 回転通路北□	엘리베이터:8층 회전통로 북문
エレベーター：8階 東	엘리베이터:8층 동
エレベーター：8階 西	엘리베이터:8층 서
エレベーター：8階 西□	엘리베이터:8층 서문
エレベーター：9階 東□	엘리베이터:9층 동문
エレベーター：9階 西□	엘리베이터:9층 서문
エレベーター：地下5階	엘리베이터:지하 5층
エンカクが、病気になったんです	엔카쿠가 병에 걸렸어요
エンカクが病気になったんだ	엔카쿠가 병에 걸렸어
エンカクが病気になって…	엔카쿠가 병에 걸려서…
エンカクの事…まだ気にしてるのかい？	엔카쿠 일…아직도 마음에 걸리니?
エンカクの命が助かっただけでも	엔카쿠가 목숨을 건진 것만도
エンカクの様子、見ましたか？	엔카쿠 상태 보셨어요?
エンカクの熱が下がったんだよ	엔카쿠의 열이 내렸단다
エンカクの熱が下がったんだよ！	엔카쿠의 열이 내렸어!
エンジンの研究が終わったらな	엔진 연구가 끝나면 말이지
エンジンユニット入手	엔진 유닛 입수
オアシスも、地下の通り道になるぜ	오아시스도,지하 통로가 될 거야
オレや大佐のかわりに\n閣下を守ってくれ。\n \nたのむ。	나나 대령 대신\n각하를 지켜줘.\n \n부탁한다.
カイナスの村進入可	카이나스 마을 진입
カラ級誘導爆雷艦、沈没確認	카라급 유도폭뢰함,침몰 확인
カートリッジからロードします	카트리지에서 불러옵니다
カートリッジにセーブします	카트리지에 저장합니다
カ緒に行くことだってできる	함께 갈 수도 있어
ガキのくせにやるじゃねえか、へへへ…	꼬맹이 주제에 제법이잖아,헤헤헤…
ガキめ、しぶとい	이 꼬맹이,질기군
ガッシュ…	가슈…
ガッシュ、あれがオアシス？	가슈,저게 오아시스야?
ガッシュから、話は聞いたかね	가슈한테 얘기는 들었나
ガッシュが、あんたを待ってるよ	가슈가 당신을 기다리고 있어
ガッシュが、そこで待ってるはずだ	가슈가 거기서 기다리고 있을 거야
ガッシュがよこしてきたって事は…	가슈가 보냈다는 건…
ガッシュが言ってたのって、あの子の事？	가슈가 말했던 게,그 애 얘기야?
ガッシュなら、監視台に行ったよ	가슈라면 감시대로 갔어
ガッシュにもらった空中船の部品\n今度は本物らしい	가슈에게 받은 공중선 부품\n이번엔 진짜인 듯하다
ガッシュにもらった首飾り\nシーカー独特の装飾が施してある	가슈에게 받은 목걸이 시커\n특유의 장식이 새겨져 있다
ガッシュの、シーカーの所へ戻ってくれ	가슈의 시커 쪽으로 돌아가 줘
ガッシュの命令でな	가슈의 명령으로
ガッシュの師でもあった	가슈의 스승이기도 했다
ガッシュの師でもあったドラゴン乗りが\n書いたという書物	가슈의 스승이기도 했던 드래곤\n라이더가 썼다는 서적
ガッシュは、そこを攻めるつもりなのか…	가슈는 그곳을 공격할 셈인가…
ガッシュ達だって	가슈 일행도
ガッシュ達と一緒に行くことだってできる	가슈 일행과 함께 갈 수도 있어
ガッシュ達は、その間に逃げてくれ	가슈 일행은 그 사이에 도망쳐 줘
ガッシュ！	가슈!
ガラコウセキの原石\n店で売れば金になる	가라코세키 원석\n팔면 돈이 된다
ガリル砂漠で世話になったってさ	가릴 사막에서 신세를 졌다더군
ガリル砂漠で戦った。\nこいつのように角のない\nアシュティは、攻撃を\nされない方向に回り込み、\nすきを見て攻めていれば\n簡単に倒せる。	가릴 사막에서 싸웠다.\n이놈처럼 뿔 없는\n아슈티는 공격 안 받는\n방향으로 돌아 틈을 봐\n공격하면 쉽게 잡는다.
ガリル砂漠で戦った。\nトゥプを招き寄せる性質が\nあるらしい。また、攻撃を\n受けると即座にその方向に\n反撃してくる。ただし、\n後ろに反撃することだけは\nできないようだ。	가릴 사막에서 싸웠다.\n투프를 불러 모으는\n성질이 있다고 한다.\n또 공격받으면 즉시\n그 방향으로 반격.\n다만 뒤로만은\n반격 못 하는 듯하다.
ガリル砂漠で戦った。\n小型の攻性生物で、狩りの\n獲物としては手ごろだ。\n装甲が厚いわりにすばやく\nダメージを与えにくいが、\n攻撃は単調なので、とくに\n手ごわい相手ではない。	가릴 사막에서 싸웠다.\n소형 공성생물로 사냥\n감으론 적당하다.\n장갑이 두꺼운 데다\n빨라 피해 주기 어렵고\n공격이 단조로워 딱히\n버거운 상대는 아니다.
ガリル砂漠で戦った。\n岩のふりをしていて、敵が\n近寄った時に襲ってくる。\n背中が弱点。\nダメージを受けると、その\n方向に向き直って攻撃して\nくることがあるので、気を\nつけた方がいい。	가릴 사막에서 싸웠다.\n바위인 척하다가\n적이 오면 덮쳐 온다.\n등이 약점.\n피해를 입으면 그\n방향으로 돌아서\n공격해 올 때가 있어\n주의하는 게 좋다.
ガリル砂漠で戦った。\n常に群れで行動している。\nこういう奴らは群れ全体が\n1匹の生物だと考えた方が\nいい。1体倒したところで\nその攻撃力はほとんど\n弱まらない。群れを率いて\nいる個体を倒すのが、一番\n確実な方法だろう。	가릴 사막에서 싸웠다.\n항상 무리로 행동한다.\n이런 놈들은 무리를\n한 생물로 여기는 게\n낫다.한 마리 잡아도\n공격력은 거의\n안 줄어든다.\n무리를 이끄는 개체를\n잡는 게 가장 확실.
ガリル砂漠なら、でかい地下遣跡もある	가릴 사막엔 큰 지하 유적도 있어
ガリル砂漠の地下の空洞で\n戦った。\n光の粉をまき散らしながら\n飛ぶ姿は美しいが、それに\n見とれていては、命が\nいくつあっても足りない。\nその光が、さらに恐ろしい\n巨大攻性生物・ハイガを\n呼び寄せているのだから。	가릴 사막 지하\n공동에서 싸웠다.\n빛의 가루를 뿌리며\n나는 모습은 곱지만\n넋을 놓으면 목숨이\n몇이라도 모자란다.\n그 빛이 더 무서운\n거대 공성생물\n하이가를 부르니까.
ガリル砂漠クリア	가릴 사막 클리어
ガリル砂漠ボス戦(ハイシュ＆ハイガ)	가릴 사막 보스전(하이슈&하이가)
ガリル砂漠中ボス戦A(ズースー)	가릴 사막 중간보스전A(즈스)
ガリル砂漠進入可	가릴 사막 진입
ガーディアン ドラゴン	가디언 드래곤
ガーディアンの起動システムと	가디언의 기동 시스템과
ガーディアンドラゴン	가디언 드래곤
キタ	왔다
キトール…	키토르…
キャラバン(ゾアの森)進入可	카라반(조아의 숲)진입 가능
キャラバン(ゾアの街)進入可	카라반(조아 시가지)진입 가능
キャラバン(平原A)進入可	카라반(평원A)진입 가능
キャラバン(平原B)進入可	카라반(평원B)진입 가능
キャラバン(砂漠A)進入可	카라반(사막A)진입 가능
キャラバン(砂漠B)進入可	카라반(사막B)진입 가능
キャラバンに入るのも、悪くないよなあ…	카라반에 드는 것도 나쁘지 않겠지…
キャンプ(カイナスの村)進入可	캠프(카이나스 마을)진입 가능
キャンプ(シーカーの里)進入可	캠프(시커의 마을)진입 가능
キャンプ(ゾアの森)進入可	캠프(조아의 숲)진입 가능
キャンプ(平原)進入可	캠프(평원)진입 가능
キャンプ(発掘所)進入可	캠프(발굴지)진입 가능
キャンプ(砂漠A)進入可	캠프(사막A)진입 가능
キャンプ(砂漠B)進入可	캠프(사막B)진입 가능
ク\n\nねイ<01><1B>	ク\n\nねイ<01><1B>
ク\n\nねソ<01><1B>	ク\n\nねソ<01><1B>
ク\n\nねミ<01>(これは…！ 旧世紀の船！！)	쿠\n\n네미<01>(이건…!구세기의 배다!!)
クルル(上位体)	쿠룰(상위체)
クレイメン…	크레이멘…
クレイメン…おまえとのケリは	크레이멘…너와의 결판은
クレイメン、貴様には罪を償ってもらう	크레이멘,네놈에게 죗값을 물리겠다
クレイメンからの手紙入手	크레이멘에게서 온 편지 입수
クレイメンが守ろうとした全ての源…	크레이멘이 지키려 한 모든 근원
クレイメンというひとよ	크레이멘이란 사람이야
クレイメンにいくらもらった、あ？	크레이멘한테 얼마 받았지,응?
クレイメンの事は…気の毒だと思ってる	크레이멘 일은…안됐다고 생각해
クレイメンの使った入□は	크레이멘이 쓴 입구는
クレイメンの手紙	크레이멘의 편지
クレイメンの目当ても、それだと思う	크레이멘의 목적도 그거라고 생각해
クレイメンの署名がある手紙	크레이멘의 서명이 있는 편지
クレイメンの部下の\nツァスタバが乗っていた\n戦闘機。\n機体の運動性を最大限に\n発揮して襲ってきたが、\n本気で儀らを殺す気は\nなかったらしい。	크레이멘의 부하\n차스타바가 탄\n전투기.\n기체 기동성을 최대한\n발휘해 덮쳐 왔지만\n진심으로 죽일\n마음은 없었던 듯.
クレイメンは…奴はどこだ！？	크레이멘은…그놈은 어디 있지!?
クレイメンは『塔』を探してるらしいんだ	크레이멘은 '탑'을 찾는 모양이야
クレイメンは攻性生物に殺された	크레이멘은 공성생물에게 살해당했다
クレイメンめ…	크레이멘 자식
クレイメンめ…やりおるわ	크레이멘 이 자식…제법이군
クレイメンを追え	크레이멘을 쫓아라
クレイメン艦よりの返信、	크레이멘 함으로부터의 답신,
クレイメン艦隊で使われて\nいる、対攻性生物用の\n戦闘艦。軽量で小回りが\nきくだけでなく、兵装も\n大型の攻性生物を意識した\nものになっている。\n神経弾には毒矢のような\n効果があり、重散弾砲は\nどんな攻性生物の殻も破る\n破壊力を持つ。	크레이멘 함대의\n대공성생물용 전투함.\n경량이라 회전이 좋고\n병장도 대형 공성생물을\n의식한 것이다.\n신경탄에는 독화살 같은\n효과가 있고\n중산탄포는 어떤\n공성생물의 껍질도\n뚫는 파괴력을 지닌다.
クレイメン艦隊の旗艦。\nだが、禁止区域で戦った\n時には、クレイメンは艦を\n離れており、かわりに\n副官のアーウェンが指揮を\nとっていた。\n帝国軍を引きつけるための\n囮だったらしい。	크레이멘 함대의\n기함.하지만 금지\n구역에서 싸웠을 때는\n크레이멘이 함을\n비우고 있었고,대신\n부관인 아웬이 지휘를\n맡고 있었다.제국군을\n유인하기 위한\n미끼였던 듯하다.
クレイメン艦隊はここから…	크레이멘 함대는 여기서부터…
クレイメン艦隊進軍状況	크레이멘 함대 진군 상황
クレイメン閣下	크레이멘 각하
クレイメン閣下にたてつくなんざ、	크레이멘 각하께 대드는 짓이라니,
クレイメン！！	크레이멘!!
クレイメン！？	크레이멘!?
クーリアに乗せてやったんだろ？	쿨리아를 태워 준 거지?
クーリアのフンの化石\n店で売れば金になる	쿠리아 똥의 화석\n팔면 돈이 된다
クールマ型前線基地警備心得	쿨마형 전선기지 경비 수칙
クールマ型水上前線基地は、2重の\n可動防壁(それぞれ「外部防壁」\n「内部防壁」と呼称)と、その内側に\n配置された各施設から成っている。\nその中でも、最優先で防衛しなければ\nならないのが、基地の中央にある\n司令塔である。(次ページ参照)	쿨마형 수상 전선기지는 2중의\n가동 방벽(「외부 방벽」「내부\n방벽」)과 그 안쪽에 배치된 각\n시설로 이루어져 있다.그중\n최우선으로 방위해야 하는 것이\n기지 중앙의 사령탑이다.(다음\n페이지 참조)
グリグオリグを攻撃するなら	그리고리그를 공격할 거라면
ケトキス	케토키스
ゲオルギウス2クリア	게오르기우스2 클리어
ゲオルギウス2ボス戦(GD)	게오르기우스2 보스전(GD)
ゲオルギウス2中ボス戦(ヴァルナ)	게오르기우스2 중간보스전(바루나)
ゲオルギウス2進入可	게오르기우스2 진입 가능
ゲオルギウス2．5進入可	게오르기우스2.5 진입 가능
ゲオルギウス3クリア	게오르기우스3 클리어
ゲオルギウス3進入可	게오르기우스3 진입 가능
ゲオルギウスで出会う\n竜巻のまわりに浮いている\n岩の近くにいる。\nこいつの攻撃は、岩の\n向こうからでも当たるので\n常に視界に入れながら\n戦わないと不利だ。	게오르기우스에서\n회오리 주위에 뜬\n바위 근처에 있다.\n이놈의 공격은 바위\n너머에서도 맞으므로\n항상 시야에 넣고\n싸우지 않으면 불리.
ゲオルギウスには	게오르기우스에는
ゲオルギウスに来て2日目。\nあのフネを追って、とうとうこんな\nところにまで来てしまった。\n人間の世界は、数万リオンの彼方だ。\nいまさらながら、孤独を感じる。	게오르기우스에 온 지 2일째.\n그 배를 쫓아 결국 이런 곳까지\n와 버렸다.인간의 세계는 수만\n리온 저편이다.이제 와서지만\n고독을 느낀다.
ゲオルギウスに行ってこいってさ	게오르기우스에 다녀오라던데
ゲージが複数たまっていて\n連続で行動したい場合なども、\n先行入力しておけば\n敵に割り込まれる心配はない。	게이지가 여러 개 쌓여\n연속 행동하고 싶을 때도,\n미리 입력해 두면 적에게\n끼어들릴 걱정 없다.
ゲージが足りない	게이지가 부족하다
ゲージについて	게이지에 대해
ゲージを3つためると、\nその時のタイプに応じた\n特殊能力が発動する。\nこれを<03>\nスキル<03>	게이지를 3개\n모으면,그때의\n타입에 맞는 특수\n능력이 발동한다.\n이것을<03> 스킬<03>
ゲージ速度上昇	게이지 속도 상승
ゲージ速度上昇 機動型 <03><01>3ゲージ<03>	게이지속도상승 기동형 <03><01>3게이지<03>
ゲートは私が開けてみる	게이트는 내가 열어 보겠다
ゲームクリア	게임 클리어
コアのバリアの説明用	코어 배리어 설명용
コントロールはすでに解除されている…	컨트롤은 이미 해제돼 있다…
コントロールを失って	컨트롤을 잃고
コントロールを尋う事はできる	컨트롤을 되찾을 수는 있다
コントロールエリアに降りる前に	컨트롤 에어리어로 내려가기 전에
コントロールエリアは一番下の<03>\n地下1階<03>	컨트롤 에어리어는 가장\n아래인<03> 지하 1층<03>
コース変更の理由は不明だが、攻撃の\n対象となった村落では、クーリアが\n多数飼育されており、それが何らかの\n形でシェルクーフを呼び寄せたのでは\nないかとする説が有力である。	코스 변경의 이유는\n불명이지만,공격의 대상이 된\n촌락에서는 쿨리아가 다수\n사육되고 있었으며,그것이 어떤\n형태로 셸쿠프를 불러들인 것이\n아니냐는 설이 유력하다.
サウンドテスト：ファイルを選ぶ	사운드 테스트：파일을 고른다
サーチライトでの警戒を忌るな！	서치라이트 경계를 게을리하지 마라!
サーチライトカウントフラグ	서치라이트 카운트 플래그
ザアルの実\n貴重品なので高値で売れる	자알 열매 귀중품이라\n비싸게 팔린다
ザドクもそう言ってたろ	자독도 그렇게 말했잖아
シェルクーフの失踪	셸쿠프의 실종
シェルクーフの発見	셸쿠프의 발견
シェルクーフ事件報告書	셸쿠프 사건 보고서
シェルクーフ内部	셸쿠프 내부
シップパーツ？入手	십 파츠?입수
シャプリの安全方向は？	샤프리의 안전 방향은?
シーカーから、あんたの事聞いたんだ	시커한테 당신 얘기 들었어
シーカーが組織だっていったけど、	시커가 조직이라고 했는데,
シーカーだって、あんたと同じだよ	시커도 당신과 마찬가지야
シーカーって、一体何者なんだ？	시커란 대체 뭐 하는 자들이지?
シーカーってのは高度に	시커란 고도로
シーカーって集団がまさにそれなのさ…	시커라는 집단이 바로 그거야…
シーカーとの噂、ずいぶん広まってるな	시커에 관한 소문,꽤 퍼졌군
シーカーと一緒なら、また会えるだろうし	시커와 함께면 다시 만날 수 있고
シーカーと親しくするのはやめときな	시커와 친하게 지내지 않는 게 좋아
シーカーと関わるなど、感心せんな	시커와 엮이다니,감탄할 일은 아니군
シーカーの…里？	시커의…마을?
シーカーの噂は前から聞いていたが…	시커 소문은 전부터 듣고 있었지만…
シーカーの連中、ここを捨てるんだってな	시커 녀석들,여기를 버린다더군
シーカーの里の場所が記された地図	시커의 마을 위치가 적힌 지도
シーカーの里へようこそ	시커 마을에 잘 오셨습니다
シーカーの里・キャンプ	시커의 마을・캠프
シーカーの里進入可	시커의 마을 진입 가능
シーカーの里？	시커의 마을?
シーカーの間じゃ有名だぜ…あの艦隊は、	시커들 사이에선 유명해…그 함대는,
シーカーは、それを掘り返してるんだぜ	시커는 그걸 파헤치고 있는 거야
シーカーはもう200年近く	시커는 벌써 200년 가까이
シーカーは死んでも仲間に	시커는 죽어서도 동료에게
シーカーは組織力が弱く、ハンターと\n同程度の武装しか有していないので、\n直接的な斉威とはならない。しかし、\n発掘物を所持している場合が多いので\n重火器の使用は控えるのが望ましい。	시커는 조직력이 약하고,헌터와\n비슷한 수준의 무장밖에 갖추지\n않아,직접적인 위협은 되지\n않는다.하지만 발굴물을 소지하는\n경우가 많으므로 중화기 사용은\n자제하는 것이 바람직하다.
シーカーへの対処	시커에 대한 대처
シーカーみたいにさ	시커처럼 말이야
ジグが熱を出した。お産が近いので\nつきっきりで世話をする。こいつを\n死なせてしまったら、ひどく叱られる\nことになるだろう。\n結局みんなは、腕のいい世話係が\n欲しいだけで、それが儀である必要は\nないのかもしれない。	지그가 열이 났다.출산이\n가까워서 곁에 붙어 돌본다.얘를\n죽게 만들면 크게 혼나게 될\n것이다.결국 다들 솜씨 좋은\n사육사가 필요할 뿐,그게 꼭\n나여야 할 필요는 없는지도\n모른다.
ジグは死んでしまった。思ったとおり\n叱られたし、食事も抜かれた。けど、\nそんなことはもうどうでもいい。\n\n儀は、みんなに嘘をついた。\nみんなに死産だと言った変種の子は、\nいま、物置の隅で寝息をたてている。	지그는 죽고 말았다.생각한 대로\n혼났고,식사도 걸렀다.하지만,\n그런 건 이제 아무래도 상관없다\n.나는 모두에게 거짓말을 했다\n.모두에게 사산이라고 말한 변종\n새끼는,지금 창고 구석에서\n잠들어 숨소리를 내고 있다.
ジューバの奴、ちゃんとまけてくれた？	주바 그 녀석,제대로 깎아 줬어?
ジューバの店は、誰だってお得意様さ	주바네 가게는 누구든 단골손님이야
スイッチは5号機と同じ<03>\n3階<03>	스위치는 5호기와\n같은<03> 3층<03>
スイッチは<03>\n14階<03>	스위치는<03>\n14층<03>
スイッチは<03>\n15階よ<03>	스위치는<03>\n15층이야<03>
スイッチは<03>\n3階<03>	스위치는<03>\n3층<03>
スイッチは<03>\n4階<03>	스위치는<03>\n4층<03>
スイッチは<03>\n7階<03>	스위치는<03>\n7층<03>
スキアド・オプス…すなわち「影の目」…	스키아드 옵스…즉 「그림자의 눈」…
スキアド・オプス・ランディと\n「編み人」ピネハスによる記録。\n\n以下に記すのは、ウル近辺で発掘した\n情報系構造体に収められていた記録の\n解読である。	스키아드 옵스 란디와 「엮는\n자」피네하스에 의한 기록.\n아래에 적는 것은 우르 근방에서\n발굴한 정보계 구조체에 수록되어\n있던 기록을 해독한 것이다.
スキアド・オプス・ランディの書	스키아드 옵스 란디의 서
スキル	스킬
スタン状態を治す	스턴 상태를 치료
ステータス異常は、時間がたてば\n回復するが、アイテムを使って\nすぐに回復させることもできる。\nスタン以外のステータス異常は\n以下のとおり。	상태 이상은 시간이 지나면\n회복되지만,아이템을 써\n바로 회복시킬 수도 있다.\n스턴 이외의 상태 이상은\n다음과 같다.
ステータス異常攻撃	상태 이상 공격
ステータス異常攻撃を受けたため\nドラゴンがマヒしている。	상태 이상 공격을 받아서\n드래곤이 마비돼 있다.
ストップ状態を治す	스톱 상태를 치료
ストライプウィング心技型	스트라이프 윙 심기형
ストライプウィング攻撃型	스트라이프 윙 공격형
ストライプウィング標準型	스트라이프 윙 표준형
ストライプウィング機動型	스트라이프 윙 기동형
ストライプウィング防御型	스트라이프 윙 방어형
スピードが下がった	스피드가 떨어졌다
スロウ状態を治す	슬로우 상태 치료
ズースーの倒し方は？	즈스를 쓰러뜨리는 법은?
ズースー？なんだ！？	즈스?뭐야!?
セストレン…？	세스트렌…?
セストレンがどんな場所で、	세스트렌이 어떤 곳이고,
セストレンって遣跡の事、知らないか？	세스트렌이라는 유적,모르나?
セストレンとは、旧世紀の管理意志の\n座であり、空間断層によって隠された\n絶対不可侵の遣跡であり、すべての\n塔の制御を行う場である。	세스트렌이란,구세기 관리\n의지의 자리이며,공간 단층에\n의해 감춰진 절대 불가침의\n유적이며,모든 탑의 제어를\n행하는 곳이다.
セストレンに対抗する力を求めた者達だ	세스트렌에 대항할 힘을 원한 자들
セストレンに至る唯一の鍵だというのに…	세스트렌에 이르는 유일한 열쇠래…
セストレンに送ります	세스트렌으로 보냅니다
セストレンの作り出した、この世界と…	세스트렌이 만들어 낸 이 세계와…
セストレンへ向かうための	세스트렌으로 향하기 위한
セストレンを倒す以前に	세스트렌을 쓰러뜨리기 이전에
セストレンクリア	세스트렌 클리어
セストレンボス戦(アンチドラゴン)	세스트렌 보스전(안티드래곤)
セストレンボス戦(アンチドラゴン最終形態)	세스트렌 보스전(안티드래곤 최종형태)
セストレン中ボス戦(タイプ0)	세스트렌 중간보스전(타입0)
セストレン中ボス戦(タイプ1)	세스트렌 중간보스전(타입1)
セストレン中ボス戦(タイプ2)	세스트렌 중간보스전(타입2)
セストレン中ボス戦(タイプ3)	세스트렌 중간보스전(타입3)
セストレン中ボス戦(タイプ4)	세스트렌 중간보스전(타입4)
セストレン進入可	세스트렌 진입 가능
セーブが終了しました	저장이 완료되었습니다
セーブできます	저장됩니다
セーブできる空きがありません	저장할 수 있는 공간이 없습니다
セーブ中です。電源を切ると正しく\n保存できない恐れがあります	저장 중입니다.전원을 끄면 정\n상 저장되지 않을 수 있습니다
ソロウィング心技型	솔로 윙 심기형
ソロウィング攻撃型	솔로 윙 공격형
ソロウィング標準型	솔로 윙 표준형
ソロウィング機動型	솔로 윙 기동형
ソロウィング防御型	솔로 윙 방어형
ゾアから出たことなかったんだぜ、俺は	조아에서 나가 본 적 없었어,나는
ゾアで商売してたほうが楽だったぜ	조아에서 장사하는 게 편했지
ゾアに根を下ろす望みも絶たれた	조아에 뿌리내릴 희망도 끊겼다
ゾアの事で、いやな噂聞いちまってよ…	조아 일로 안 좋은 소문을 들었어…
ゾアの書	조아의 서
ゾアの森<05>内部	조아의 숲<05>내부
ゾアの森<05>紅き遣跡	조아의 숲<05>붉은 유적
ゾアの森が近いらしいよ	조아 숲이 가깝다더군
ゾアの森でなら、安心して暮らせるはずだ	조아의 숲이면 안심하고 살 수 있어
ゾアの森で戦った。\nこれは帝国アカデミーでの\n呼び名だ。昔、ドラゴンが\n帝都に現れた時、大量に\n目撃されたらしい。\nこいつも、旧世紀生まれの\n血統書つきなのだろう。	조아의 숲에서 싸웠다.\n이건 제국 아카데미의\n호칭이다.옛날\n드래곤이 제도에\n나타났을 때 많이\n목격됐다고 한다.\n이놈도 구세기 태생.
ゾアの森で戦った。\n塔から攻めてきた群れの\n中にいた攻性生物。上に\n乗っているやつは、森林で\n戦うために生み出された\nらしい。	조아의 숲에서 싸웠다\n탑에서 온 무리 속의\n공성생물.위에 탄 놈은\n삼림전을 위해\n만들어진 듯하다.
ゾアの森で戦った。\n塔から攻めてきた群れの\n中にいた攻性生物。下に\nぶら下がっているやつは、\n森林で戦うために\n生み出されたらしい。	조아의 숲에서 싸웠다\n탑에서 온 무리 속의\n공성생물.아래에 매달린\n놈은 삼림전을 위해\n만들어진 듯하다.
ゾアの森なんて、ぜいたく言わねえからよ	조아의 숲이면 돼,사치 안 부린다
ゾアの森のなれの果てだ…	조아의 숲이 변한 꼴이다…
ゾアの森は特別なんだよ	조아의 숲은 특별해
ゾアの森クリア	조아의 숲 클리어
ゾアの森ボス戦(寄生グリグオリグ)	조아의 숲 보스전(기생 그리고리그)
ゾアの森中ボスA弱り	조아숲 중보스A 약화
ゾアの森中ボスB弱り	조아숲 중보스B 약화
ゾアの森中ボスC弱り	조아숲 중보스C 약화
ゾアの森中ボスD弱り	조아숲 중보스D 약화
ゾアの森中ボスE弱り	조아숲 중보스E 약화
ゾアの森中ボスF弱り	조아숲 중보스F 약화
ゾアの森中ボスG弱り	조아숲 중보스G 약화
ゾアの森中ボスH弱り	조아숲 중보스H 약화
ゾアの森中ボス戦(マサーンA)	조아의 숲 중간보스전(마산A)
ゾアの森中ボス戦(マサーンB)	조아의 숲 중간보스전(마산B)
ゾアの森中ボス戦(マサーンC)	조아의 숲 중간보스전(마산C)
ゾアの森中ボス戦(マサーンD)	조아의 숲 중간보스전(마산D)
ゾアの森中ボス戦(マサーンE)	조아의 숲 중간보스전(마산E)
ゾアの森中ボス戦(マサーンF)	조아의 숲 중간보스전(마산F)
ゾアの森中ボス戦(マサーンG)	조아의 숲 중간보스전(마산G)
ゾアの森中ボス戦(マサーンH)	조아의 숲 중간보스전(마산H)
ゾアの森進入可	조아숲 진입
ゾアの街が吹っ飛ぶのが見えたよ	조아 시가지가 날아가는 게 보였어
ゾアの街でおまえさんを監視してたんだが	조아 거리에서 자네를 감시했는데
ゾアの街にいたシーカーだろ？	조아 시가지에 있던 시커지?
ゾアの街に伝わる書物\n街の掟について記されている	조아 마을에 전하는 서적\n마을의 규율이 적혀 있다
ゾアの街の教会の聖堂の鍵	조아 교회 성당의 열쇠
ゾアの街の正規住人区画\n「神聖区」に入るための通行証	조아 마을 정규 주민 구획\n「신성구」출입 통행증
ゾアの街の言い伝えには、\nメル=カヴァを支える「両輪」という\n表現がある。\n古くさい言い回しだが、要するに\nメル=カヴァは2基のエンジンで\n飛んでいるということが言いたい\nらしい。	조아 시가지의 전승에는\n메르=카바를 지탱하는 「양\n바퀴」라는 표현이 있다.낡은\n표현이지만,요컨대 메르=카바는\n2기의 엔진으로 날고 있다는\n것을 말하고 싶은 듯하다.
ゾアの街の連中も、助けたかったんだがな	조아 거리 사람들도 돕고 싶었다만
ゾアの街進入可	조아거리 진입
ゾアの話なら、結構有名だけど…	조아 이야기라면 꽤 유명한데…
ゾアの話は、確かに本当だったが…	조아 이야기는 분명 사실이었지만…
タイプと成長の関係	타입과 성장의 관계
タイプにより特殊能力がある。\n3ゲージたまっている状態において\nゲージもBPも消費しないで\n自動発動する。	타입마다 특수 능력이 있다.\n게이지가 3개 찬 상태에선\n게이지도 BP도 안 쓰고\n자동 발동한다.
タイプセレクトの効果	타입 셀렉트의 효과
タイプセレクトの意味として\n次の5つの効果がある。	타입 셀렉트의 뜻으로\n다음 5가지 효과가 있다
タイプセレクトの練習	타입 셀렉트 연습
タイプセレクトの説明	타입 셀렉트 설명
タイプセレクトを行うと\nドラゴンの基本能力を\n調整することができる。\n調整できる基本能力は\n以下の4つ。	타입 셀렉트를 하면\n드래곤의 기본 능력을\n조정할 수 있다.\n조정 가능한 기본\n능력은 다음 4가지.
タイプセレクト画面では\n次のような位置関係がある。	타입 셀렉트 화면에서는\n다음과 같은 위치\n관계가 있다.
タイプ専用のバーサークは\nどれも有効に使えるが\nゲージ消費が大きいため\n使いどころを考えることが重要。	타입 전용 버서크는\n어느 것이든 쓸모 있으나\n게이지 소비가 크므로\n쓸 때를 가리는 게 중요.
タイプ専用バーサーク	타입 전용 버서크
タムプロ	탐프로
タム・リッサ	탐・릿사
タム・リッサ＆巣	탐·릿사&둥지
タラン放出	타란 방출
タルバーニ＆デルバーニ	탈바니&델바니
タルメラン＆デルメラン	탈메란&델메란
ダイン	다인
ダメだ！	안 돼!
ダメだ！ 落ちる！	안 돼!떨어진다!
ダメです、噴射弾急速接近…	안 됩니다,분사탄 급속 접근…
チになってるはずだ	치가 되어 있을 거야
チーのら<14>よーッ<14>ぬアー	チーのら<14>よーッ<14>ぬアー
ッジ君	-지군
ツァオ	차오
ツァスタバ、ザコにかまうな	차스타바,잡졸 신경 쓰지 마
ツァスタバの走り書き	차스타바의 메모
ツァーノス	차노스
テストタイプ…	테스트 타입…
テンカ発進！	텐카 발진!
ディスクチェンジ用	디스크 체인지용
トゥプ(上位体)	투프(상위체)
トゥプの群れを率いている\nリーダー。どうやら、この\n種の攻性生物は、リーダー\nだけが意志を持っている\nようだ。それを利用すれば\n群れは簡単に追い払える。	투프 무리를 이끄는\n리더.아무래도 이\n종의 공성생물은\n리더만 의지를 가진\n듯하다.그걸 쓰면\n무리는 쉽게 쫓는다.
トゥプの群れを離散させるには？	투프 무리를 흩어지게 하려면?
トゥプナック(上位体)	투프낙(상위체)
トゥプ＆アシュティ	투프&아슈티
トビタマってのは、変わった生き物でな	토비타마란 건 특이한 생물이라
トビタマなんて、簡単には見つからないぜ	토비타마 같은 건 쉽게 못 찾아
トビタマを見つけなきゃ、薬が作れない…	토비타마 없인 약을 못 만들어…
トラコラとメラコラ、攻撃力が強いのは？	토라콜라와 메라콜라,센 쪽은?
トラコラ＆メラコラ	토라콜라&메라콜라
ド、ドラゴン型攻性生物を確認！	드,드래곤형 공성생물 확인!
ドラゴン、来ます	드래곤,옵니다
ドラゴンか…	드래곤인가…
ドラゴンが、セストレンを破壊すれば…	드래곤이 세스트렌을 파괴하면…
ドラゴンがいりゃ、こわいものなしだろ？	드래곤이 있으면 무서울 게 없잖아?
ドラゴンがいるんだからな	드래곤이 있으니까 말이야
ドラゴンが助けてくれるのを見てただけだ	드래곤이 돕는 걸 보고만 있었어
ドラゴンが帝国軍を追っ払うって話だが…	드래곤이 제국군을 쫓아낸다던데…
ドラゴンが焼き払っちまったらしいぜ	드래곤이 다 태워 버렸다더군
ドラゴンそのものの事だったのさ！	바로 드래곤 그 자체였던 거야!
ドラゴンでいい	드래곤이면 돼
ドラゴンと『塔』	드래곤과 '탑'
ドラゴンといえば、また例の奴を\n見かけた。村の焼け跡でラギを叩き\n落とした、もう1頭のドラゴンだ。\nあれから時々姿を現すが、襲ってくる\n様子はない。\nあいつも、旧世紀のフネを目指して\nいるのだろうか？	드래곤 하면,또 그 녀석을 봤다\n.마을의 잿더미에서 라기를 쳐서\n떨어뜨렸던 또 한 마리의 드래곤\n이다.그 후로 이따금 모습을\n드러내지만 습격해 오는 기색은\n없다.그 녀석도 구세기의 배를\n노리고 있는 걸까?
ドラゴンと一戦まじえるって話だ	드래곤과 한판 붙는다는 얘기야
ドラゴンと一緒に戦えるなんて…	드래곤과 싸울 수 있다니…
ドラゴンと帝国をダシにしてな	드래곤과 제국을 구실 삼아서
ドラゴンどうしの戦いに巻き込まれて	드래곤끼리의 싸움에 휘말려서
ドラゴンなしじゃな…	드래곤 없이는 말이지…
ドラゴンに乗るって、どんな気分だい？	드래곤을 탄다는 건 어떤 기분이야?
ドラゴンに名前付けた	드래곤에게 이름을 붙였다
ドラゴンに関する\n帝国の研究書	드래곤에 관한\n제국의 연구서
ドラゴンに関する書物	드래곤에 관한 서적
ドラゴンに関する研究	드래곤에 관한 연구
ドラゴンに関する記録の中で特に注目\nすべきは、その背に人間を騎乗させて\nいたという目撃例であろう。\nクーリアなど、退化したごく一部の\n種を除けば、このような行動を示す\n攻性生物は皆無である。	드래곤에 관한 기록 중에서 특히\n주목 해야 할 것은,그 등에\n인간을 태우고 있었다는 목격\n사례일 것이다.쿨리아\n등,퇴화한 극히 일부의 종을\n제외하면,이러한 행동을 보이는\n공성생물은 전무하다.
ドラゴンの…戦場？	드래곤의…전장?
ドラゴンのご加護があったんだろうな	드래곤의 가호가 있었겠지
ドラゴンのなれの果てさ	드래곤이 변해 버린 꼴
ドラゴンのステータスは、この\nステータス表示エリアに\n表示される。	드래곤의 상태는 이\n상태 표시 영역에\n표시된다.
ドラゴンのステータスを\n異常な状態にする\n<03>\nステータス異常攻撃<03>	드래곤의 상태를\n이상 상태로 만드는\n<03>\n상태 이상 공격<03>
ドラゴンの主な武器は、□腔内より\n発射される複数の雷撃である。この\n雷撃は、目標に向けて屈曲するという\n特異な性質を持っている。\nまた、個体によっては、若干の\n追尾性を備えた実体弾や、生体粒子の\n波動を放つことが確認されている。	드래곤의 주된 무기는 구강\n내에서 발사되는 다수의\n뇌격이다.이 뇌격은 목표를 향해\n굴곡하는 특이한 성질을\n가진다.또 개체에 따라 약간의\n추적성을 갖춘 실체탄이나 생체\n입자의 파동을 쏘기도 한다.
ドラゴンの乗り手	드래곤의 조종자
ドラゴンの出現	드래곤의 출현
ドラゴンの力で、あたし達を導いてよ	드래곤의 힘으로 우리를 이끌어 줘
ドラゴンの力を使えるのだ	드래곤의 힘을 쓸 수 있다
ドラゴンの力を愚劣な謀略に使いおって！	드래곤 힘을 어리석은 모략에 쓰다니
ドラゴンの力を求めるならば、\n人よ、神ののぞみにかなう者であれ。\n矢は、つねに争いの地に放たれる。\n殻は、つねによき人の守りとなる。\n翼は、つねによき道の上にはばたく。	드래곤의 힘을 원한다면,\n인간이여,신의 뜻에 부합하는\n자가 되어라.화살은 늘 다툼의\n땅에 쏘아진다.껍질은 늘 선한\n이의 방패가 된다.날개는 늘\n선한 길 위를 날갯짓한다.
ドラゴンの加護があったのだろう	드래곤의 가호가 있었던 거겠지
ドラゴンの姿が刻まれた紋章	드래곤의 모습이 새겨진 문장
ドラゴンの封印を破ろうとしてな	드래곤의 봉인을 풀려고 해서 말이야
ドラゴンの少年よ…	드래곤의 소년이여…
ドラゴンの形態は、大きく5つの\n<03>\nタイプ<03>	드래곤의 형태는 크게 5가지\n<03>\n타입<03>
ドラゴンの戦場に人をやるなんてよ	드래곤의 전장에 사람을 보내다니
ドラゴンの戦闘力	드래곤의 전투력
ドラゴンの捕獲	드래곤의 포획
ドラゴンの特殊行動である\n<03>\nバーサーク<03>	드래곤의 특수 행동인\n<03>\n버서크<03>
ドラゴンの異端児である我が友は、\nその誕生もまた異端であった。\n我が友は、クーリアの変種として生を\n受け、私の庇護のもとで育った。\nそして、塔のひとつと遭遇したとき、\n突如ドラゴンの力に目覚めたのだ。	드래곤의 이단아인 나의 벗은,\n그 탄생 또한 이단이었다.나의\n벗은 쿨리아의 변종으로 생을\n받아,나의 비호 아래 자랐다.\n그리고 탑 중 하나와 조우했을\n때,돌연 드래곤의 힘에 눈을\n뜬 것이다.
ドラゴンの誕生	드래곤의 탄생
ドラゴンの通常攻撃である\n<03>\nホーミングレーザー<03>	드래곤의 통상 공격인\n<03>\n호밍 레이저<03>
ドラゴンの降臨を予言するとは…	드래곤의 강림을 예언하다니…
ドラゴンは、\n人のほかに神が創造した\nただひとつのものであり、\n争いのけがれを受けなかった\nただひとつのものであり、\n神が打ち捨てなかった\nただひとつのものである。	드래곤은,인간 외에\n신이 창조한 유일한\n존재이며,다툼의\n더러움을 받지 않은\n유일한 존재이며,신이\n저버리지 않은 유일한\n존재이다.
ドラゴンは、救いの手であり、\nまた、さばきの目である。\nドラゴンは、よき人を助けるために、\nまた、人の争いを絶つために、\n人の世の上を飛び、その力をふるう。	드래곤은 구원의 손길이며,또한\n심판의 눈이다.드래곤은 선한\n이를 돕기 위해,또한 인간의\n다툼을 끊기 위해,인간 세상\n위를 날며 그 힘을 떨친다.
ドラゴンはガリル砂漠での戦いで\n<03>\nタイプセレクト<03>	드래곤은 가릴 사막 전투에서\n<03>\n타입 셀렉트<03>
ドラゴンは神の使者だ	드래곤은 신의 사자다
ドラゴンは神様の使いって事になってる	드래곤은 신의 사자라고 돼 있어
ドラゴンも、	드래곤도,
ドラゴンもいるんだし、なんとかなるさ	드래곤도 있으니 어떻게든 되겠지
ドラゴンもそれを望んでるし…	드래곤도 그걸 바라고 있고…
ドラゴンも目的を失って機能解除される	드래곤도 목적을 잃고 멈춘다
ドラゴンをコントロールできるのなら、	드래곤을 컨트롤할 수 있다면,
ドラゴンを尋われるわけにはいかん…	드래곤을 빼앗길 수는 없다…
ドラゴンを手に入れた人間を	드래곤을 손에 넣은 인간을
ドラゴン乗りなのにさ	드래곤 라이더인데 말이야
ドラゴン乗りの日記・1	드래곤 라이더의 일기・1
ドラゴン乗りの日記・2	드래곤 라이더의 일기・2
ドラゴン乗りの日記・3	드래곤 라이더의 일기・3
ドラゴン型攻性生物、高速接近中	드래곤형 공성생물,고속 접근 중
ドラゴン型攻性生物を確認	드래곤형 공성생물 확인
ドラゴン移動時操作系	드래곤 이동시 조작계
ドラゴン襲来、わが艦隊…か、壊滅！？	드래곤 습래,우리 함대가…괴멸!?
ドラゴン遣跡の鍵入手	드래곤 유적 열쇠 입수
ドラゴン！？	드래곤!?
ドローン…	드론…
ドローンの機能	드론의 기능
ドローンの生地でもあるからだ	드론의 태생지이기도 하기 때문이다
ドローン自律構造体に関する記録	드론 자율 구조체에 관한 기록
ドームゲート	돔 게이트
ドームゲートキーはたぶんその坂の途中だ	돔 게이트 키는 언덕 도중일 거야
ナウパダ	나우파다
ナウパダ＆タルバーニ	나우파다&탈바니
ハイガ	하이가
ハイガ(完全形態)	하이가(완전형태)
ハイガ(幼生)	하이가(유생)
ハイガ(機動形態)	하이가(기동형태)
ハイガ(防御形態)	하이가(방어형태)
ハイシュ？	하이슈?
ハンターから買う物はないよ！	헌터한테 살 건 없어!
ハンターがいないと心細いかい？	헌터가 없으면 불안하니?
ハンターとして死ねれば、それでいいのだ	헌터로 죽을 수 있다면 됐다
ハンターのお守りです	헌터의 부적이에요
ハンターのエッジってのは、おまえか？	헌터 엣지라는 게 너냐?
ハンターの仕事は、いつも命がけだ…	헌터 일은 늘 목숨을 걸어야 해…
ハンターの戦いに、意味はあると思うか？	헌터의 싸움에 의미가 있다고 봐?
ハンターの爺さん、喜んでたろ	헌터 영감님,기뻐했겠지
ハンターの誇りがある限りはな	헌터의 긍지가 있는 한은 말이지
ハンターの誇りってもんがねえのか？	헌터의 긍지라는 게 없는 거냐?
ハンターみたいな感じだったけど…	헌터 같은 느낌이었는데…
ハンター一人っきりってのは、心細いね	헌터 혼자라는 건 불안하지
ハンター風情が、いいご身分じゃないか	헌터 주제에 신세 한번 좋구나
バイカの家内のコウです、よろしくね	바이카의 아내 코우예요,잘 부탁
バイマンが通行証を出したようだな	바이만이 통행증을 내준 모양이군
バイマンさん…	바이만 씨…
バイマンさんから、君の事は聞いたよ	바이만 씨한테 네 얘기 들었어
バイマンさんがおっしゃってましたよ	바이만 씨가 말씀하셨어요
バイマンさんが予言なさったんだよ	바이만 씨가 예언하셨어
バイマンさんのお宅は、ええと…	바이만 씨 댁은,그러니까…
バイマンさんの家は、教会の裏だってよ	바이만 씨 집은 교회 뒤쪽이래
バイマンさんは、前の司祭とは違うからな	바이만 씨는 전 사제와는 다르니까
バイマンの…新しい司祭の提案だ	바이만의…새 사제 제안이야
バイマンの奴め、何を考えておるのだ	바이만 그놈,무슨 생각을 하는 건지
バイマンも同じ事を言っていたな…	바이만도 같은 말을 했었지…
バインド状態を治す	바인드 상태 치료
バカ、無茶だ	바보,무리야
バカな子だね…	바보 같으니…
バカ者めが…	바보 같은 놈…
バラした獲物は、バイカにも回しておいた	사냥감은 바이카한테도 나눠줬어
バリアが解けてる！	배리어가 풀렸어!
バリアントウィング心技型	바리안트 윙 심기형
バリアントウィング攻撃型	바리안트 윙 공격형
バリアントウィング標準型	바리안트 윙 표준형
バリアントウィング機動型	바리안트 윙 기동형
バリアントウィング防御型	바리안트 윙 방어형
バーサーク	버서크
バーサークには6つの系統がある。\nレベルアップで覚えるものが4系統\nその他が2系統に分けられる。	버서크에는 6개의 계통이\n있다.레벨업으로 익히는 것이\n4계통,그 외가 2계통으로\n나뉜다.
バーサークの系統	버서크의 계통
バーサークレーザー	버서크 레이저
パイロンルーム	파일런 룸
パイロンルーム1	파일런 룸1
パイロンルーム2	파일런 룸2
パイロンルーム3	파일런 룸3
パエット、俺にも手伝わせてよ	파에트,나도 좀 도와줘
パエットさんなら、機械置き場だろうな	파에트 씨라면 기계 창고에 있을걸
パエットさんは、街の外に行ってるよ	파에트 씨는 마을 밖에 나갔어
パエットとベゼルだけどよ	파에트랑 베젤 말인데
パエットと一緒にこの船で脱出した時…	파에트랑 이 배로 탈출했을 때…
パエットなら、街の外に行っちまったぜ	파에트라면 마을 밖으로 나가버렸어
パエットには悪いけどさ…	파에트한테는 미안하지만…
パエットに会ったんだって？	파에트를 만났다며?
パエットに用？ 今は神聖区にいるよ	파에트한테 볼일?신성구에 있어
パエットに頼まれて入手した\n空中船の部品らしきもの	파에트의 부탁으로 입수한\n공중선 부품인 듯한 것
パエットに頼まれて入手した部品\n実際はただのガラクタだった	파에트의 부탁으로 입수한 부\n품 실제로는 그냥 고철이었다
パエットの奴、まいってなかったか？	파에트 녀석,힘들어하진 않던가?
パエットの奴に紹介してもらってよ	파에트 그 녀석한테 소개받았어
パエットの知り合いか？	파에트 지인이야?
パエットの親父が、予言をしたんだとよ	파에트 아버지가 예언을 했다더군
パエットの親父が選ばれたらしいぜ	파에트 아버지가 선택받았다더라
パエットの親父の予言が当たるとはなあ…	파에트 아버지 예언이 맞다니…
パエットも呆れちまったんじゃねえか？	파에트도 어이없어했겠지?
パエット達は、空中船で脱出したらしいぜ	파에트들은 공중선으로 탈출했다더군
パンツァーウィング心技型	판처 윙 심기형
パンツァーウィング攻撃型	판처 윙 공격형
パンツァーウィング標準型	판처 윙 표준형
パンツァーウィング機動型	판처 윙 기동형
パンツァーウィング防御型	판처 윙 방어형
パンドラボックス	판도라 상자
ファイナルガードプロテクトの	파이널 가드 프로텍트의
ファイル読み込み中	파일 읽는 중
フィールド上では制限無く\nタイプセレクトを行うことができ、\n戦闘中でのタイプセレクトは\n1ゲージを消費する。	필드에선 제한 없이\n타입 셀렉트를 할 수 있고,\n전투 중 타입 셀렉트는\n1게이지를 쓴다.
フェイなら、エンカクの看病してるよ	페이라면 엔카쿠를 간병하고 있어
フォス	포스
フネの中心には、力を使い果たして\n眠るラギの姿があった。\n石のように冷たく固まってはいたが、\n彼の命の灯は消えていないことを\n儀は知っている。儀の胸の中にある\n何かが、そう教えてくれる。	배의 중심에는 힘을 다 써버리고\n잠든 라기의 모습이 있었다.\n돌처럼 차갑게 굳어 있었지만,\n그의 생명의 불씨는 꺼지지\n않았음을 나는 알고 있다.내\n가슴 속에 있는 무언가가 그렇게\n말해준다.
フリーター	프리터
ブースター安定、順調に加速中	부스터 안정,순조롭게 가속 중
ブースター点火準備完了	부스터 점화 준비 완료
プラントへの侵入を許可します…	플랜트 진입을 허가합니다…
プレイヤーのマップ上の位置	플레이어의 맵 상의 위치
プレイヤーのマップ上の位置(保存)	플레이어의 맵 상의 위치(저장)
プレートオープン	플레이트 오픈
プレートクローズ	플레이트 클로즈
プロテクトキー1の入力を確認しました…	프로텍트 키1 입력을 확인했습니다…
プロテクトキー1入手	프로텍트 키1 입수
プロテクトキー2の入力を確認しました…	프로텍트 키2 입력을 확인했습니다…
プロテクトキー2入手	프로텍트 키2 입수
プロテクトキー3の入力を確認しました…	프로텍트 키3 입력을 확인했습니다…
プロテクトキー3入手	프로텍트 키3 입수
プロテクト開錠の際には注意せよ…	프로텍트 해제 시에는 주의하라…
プーキオ	푸키오
プーキオに呼ばれて来るのは？	푸키오가 불러서 오는 건?
プーキオ＆トゥプ	푸키오＆투프
ベゼルの奴、その船で街を出るんだとよ	베젤 그놈,그 배로 마을을 떠난대
ベッド？	침대?
ベースウィング	베이스 윙
ペイン状態を治す	페인 상태를 치료
ホーミングレーザー	호밍 레이저
ボアズが、そう言ってたとな！	보아즈가 그렇게 말했다지!
ポイズン状態を治す	포이즌 상태 치료
ポイント確認…シェルクーフを起動…	포인트 확인…셸쿠프를 기동…
マサーンが、空の守りを固めているのだ	마사안이 하늘의 수비를 굳히고 있다
マシさ	낫지
マップを表示       	맵을 표시
マヒ中	마비 중
ミシュティ(上位体)	미슈티(상위체)
ムダ死ににはならないと思うんだよな	헛된 죽음은 아니라고 생각해
メッカニア熱にかかっちまってねえ…	멧카니아 열에 걸려 버려서…
メッカニア熱にやられたんだ	메카니아열에 당했어
メッカニア軍との戦闘によって\nシェルクーフの追跡が中断、位置が\n不明となったため、捕獲部隊は\nシェルクーフの予測飛行コース上の\n森林地帯に戦力を展開、監視体勢を\n整えた。	메카니아군과의 전투로 인해\n셸쿠프 추적이 중단되고 위치가\n불명해졌기 때문에,포획 부대는\n셸쿠프의 예상 비행 항로상에\n있는 삼림 지대에 전력을 전개\n하여,감시 태세를 갖추었다.
メッカニア連邦からの使者が、\n成長したクーリアを買い取りに来る。\n儀のガドに高値がついたらしく、\n今日の食事はいつもより多かった。\nでも、殺された変種の子の後始末を\nしたので、食べる気になれない。	메카니아 연방에서 온 사자가,\n다 자란 쿠리아를 사러 왔다.\n내 가도에 비싼 값이 매겨졌는지\n,오늘 식사는 평소보다 많았다\n.하지만 죽임당한 변종 새끼의\n뒷정리를 했기에,먹을 마음이 들\n지 않는다.
メリソナ	메리소나
メル=カヴァ…？	멜=카바…?
メル=カヴァで戦った。\nこれまでに出会った、どの\n攻性生物よりもすばやい。\n後方が弱点だが、なかなか\n狙い撃つことができない。\n相手の動きを追うよりも、\n敵が前に来る一瞬を狙う\n方がいいだろう。	멜=카바에서 싸웠다.\n지금까지 만난 어떤\n공성생물보다 빠르다.\n후방이 약점이지만\n좀처럼 못 노려 쏜다\n상대 움직임을 쫓기보다\n앞에 오는 순간을\n노리는 게 좋다.
メル=カヴァに関する\nパエットの研究書	메르=카바에 관한\n파에트의 연구서
メル=カヴァの内部で、\nバリスタを守るバリアを制御していた装置。\n中心部にある弱点は、\nレーザーを吸収する盾と\n装甲で防御されていた。	멜=카바 내부에서 발리스타를 지키는\n배리어를 제어하던 장치.중심부에\n있는 약점은 레이저를 흡수하는 방패와\n장갑으로 방어되어 있었다.
メル=カヴァの内部通路を\n守っている。正面に強力な\n光の矢を撃ってくるが、\n通路いっぱいに広がって\nいるので、左右によける\nことができない。	멜=카바의 내부\n통로를 지킨다.\n정면에 강력한 빛의\n화살을 쏘아 오는데\n통로 가득 퍼져 있어\n좌우로 피할 수 없다.
メル=カヴァの各部からは、光の\n粒子が吹き出している。俺が飛ばした\n記録機械の端末は、この粒子に\n触れたとたん破壊されてしまった。\nたとえドラゴンでも、粒子の流れに\nまともにぶつかれば、吹き飛ばされて\nしまうにちがいない。	멜=카바의 각 부위에서는 빛의\n입자가 뿜어져 나오고 있다.내가\n날려 보낸 기록 기계 단말은 이\n입자에 닿자마자 파괴되어\n버렸다.설령 드래곤이라 해도\n입자의 흐름에 정면으로 부딪히면\n날아가 버리고 말 것이다.
メル=カヴァの破壊方法	멜=카바의 파괴 방법
メル=カヴァの船底に格納\nされている砲台。3方向へ\n攻撃をしてくるうえ、\n強力なバリアで守られて\nいるので、こちらの攻撃が\n届かない。バリアを何とか\nしない限り、正面から戦う\nのは、かなり危険だ。	멜=카바 선저에 격납된\n포대.3방향으로\n공격해 오는 데다\n강력한 배리어로 지켜져\n이쪽 공격이 안 닿는다\n배리어를 어찌하지\n않는 한 정면 승부는\n꽤 위험하다.
メル=カヴァの資料だ、絶対に役に立つぜ	멜=카바 자료야,도움이 될 거야
メル=カヴァの資料だ、絶対役に立つぜ	멜=카바 자료야,도움이 될 거야
メル=カヴァクリア	멜=카바 클리어
メル=カヴァボス戦(AD＃3)	멜=카바 보스전(AD＃3)
メル=カヴァ中ボス戦	멜=카바 중간 보스전
メル=カヴァ研究書	멜=카바 연구서
メル=カヴァ進入可	멜=카바 진입 가능
ヤエルに頼まれちまってよ	야엘한테 부탁받았거든
ュは、そこを攻めるつもりなのか…	ュ는,그곳을 공격할 생각인가…
ョもあるからな	ョ도 있으니까
ヨタ話が生きがいだからね、あいつ	허튼소리가 낙이니까,그 녀석
ライトウィング	라이트 윙
ラウルから、昔の話を聞いたらしいな	라울한테 옛날 얘기를 들은 모양이군
ラギが儀のもとを去ったという事実も\nあの幻ほどには心を動かさない。\n別れの一瞬、儀は、ラギが秘めている\n秘密を託されたのだ。\n \n彼と、そして世界の誕生の秘密を。	라기가 나의 곁을 떠났다는\n사실도 그 환영만큼은 마음을\n흔들지 못한다.이별의\n한순간,나는 라기가 간직한\n비밀을 전해 받았다.\n그와,그리고 세계 탄생의\n비밀을.
ラギの姿も、何度も変身するうちに\nすっかり変わってしまった。光の矢の\n威力も格段に上がった。まさに伝説の\nドラゴンそのものだ。\nでも、心だけは、昔のままのラギだと\n信じたい。ラギだけが、ただひとつ\n儀に残されたものだから。	라기의 모습도 몇 번이고 변신하\n는 사이에 완전히 변했다.빛의\n화살 위력도 몰라보게 늘었다.그\n야말로 전설의 드래곤이다.하지만\n마음만은 예전 그대로의 라기라\n믿고 싶다.라기만이 내게 남은\n유일한 것이니까.
ラギの成長は、驚くほど早い。一歳の\n誕生日を迎えるころには、すっかり\n大人になっているだろう。\nはばたく力も上がっている。運動の\nために走らせていたら、一瞬だけど\n体が浮かんだ。この分だと、本当に\n空を飛べるかもしれない！	라기의 성장은 놀랄 만큼 빠르다\n.첫 생일 즈음이면 완전히 어른\n이 되어 있을 것이다.날갯짓하는\n힘도 늘었다.운동 삼아 달리게\n했더니 잠깐이지만 몸이 떠올랐다\n.이 정도면 정말 하늘을 날지도\n몰라!
ラギ牧場	라기 목장
ラコラ、攻撃力が強いのは？	라코라,공격력이 강한 건?
ラドガムのじゃねえか！	라드감 거잖아!
ランプの油\n店で売れば金になる	램프의 기름\n팔면 돈이 된다
ラーダの手術の腕は確かだ	라다의 솜씨는 확실하다
リミッター開放	리미터 해제
リューリア	류리아
リューヴ	류브
リーダーを倒す	리더를 쓰러뜨린다
ルを	루를
ルーアは知ってるのか？	루아는 알고 있는 거야?
レベル1まで解除します…	레벨1까지 해제합니다…
レベル2まで解除します…	레벨2까지 해제합니다…
レベルアップによって\n覚えることができる。	레벨업을 통해\n익힐 수 있다.
レベルアップの際\nバーサークを覚えることがある。\nバーサークには系統があり\nタイプセレクトでの調整が\n覚えやすさに関係する。	레벨업 때\n버서크를 익히기도 한다.\n버서크에는 계통이 있어\n타입 셀렉트의 조정이\n습득에 관계한다.
レーザーの攻撃力上昇	레이저 공격력 상승
レーザーは、ドラゴンに近い敵から\n順に命中していく。\n狙って撃つことはできないが\nエッジの銃よりも威力は高い。	레이저는 드래곤과 가까운\n적부터 차례로 맞는다.노려\n쏘진 못하나 엣지의 총보다\n위력이 높다.
レーザーをよける	레이저를 피한다
レーザー力上昇 攻撃型 <03><01>3ゲージ<03>	레이저력 상승 공격형 <03><01>3게이지<03>
レーダー内の赤い方向は\nダメージの大きい攻撃や\nステータス異常攻撃など\n危険度の高い攻撃が行われる\n方向であることを示している。	레이더의 붉은 방향은\n피해가 큰 공격이나\n상태 이상 공격 등\n위험도 높은 공격이 오는\n방향임을 뜻한다.
ロ<01>(   ！！！   )	로<01>( ！！！)
ロックされているわ…	잠겨 있어…
ロンギヌスの槍	롱기누스의 창
ローダ、お友だちほしいのになあ…	로다,친구 갖고 싶은데 말이야…
ローダには近づかんでもらおう	로다한테는 가까이 가지 말아 주게
ロードします	로드합니다
ワの聖堂にある	와 성당에 있다
ワシと、あとひとりを除いてな	나와,그리고 한 명을 빼고 말이지
ワシには、皆の安全を守る義務がある	내겐 모두를 지킬 의무가 있다
ワシの息子が死んでしまった…	내 아들이 죽고 말았다…
ワシも、もう年だ	나도 이제 늙었어
ワシらの希望は灰になってしまった…	우리의 희망은 재가 되어버렸다…
ワシらの目的地は消えてしまった…	우리의 목적지는 사라져버렸다…
ワシらも、あんたの事情には□をはさまん	우리도 당신 사정에 안 끼겠소
ワーム	웜
ワーム…？	웜…?
ワームが作ってくれる、地下の通り道さ	웜이 만들어 주는 지하 통로야
ワームだけは別だな	웜만은 예외지
ワームとじゃれてないで先を急ごうぜ！	웜이랑 놀지 말고 서두르자고!
ワームの幼生を助けるのか？	웜의 유생을 도와주는 거야?
ワームの抜け穴、オアシスの水脈…	웜의 굴,오아시스의 수맥…
ワームの隠れ穴	웜의 은신처
ワーム親子の隠れ穴	웜 모자의 은신처
ワールドマップに移動	월드맵으로 이동
ワールドマップに移動できない	월드맵으로 이동할 수 없다
ワールドレコードをクリアする	월드 레코드를 클리어한다
ワ路東□	ワ路東□
ンの、なりそこない…	ン의 미완성품…
ンの話	ン얘기
ヴァルナ級空中戦艦の\n標準型。帝国領の外へ遠征\nするため、攻性生物をマヒ\nさせる特殊な弾薬を積んで\nいる。これを使われると、\n戦闘が長びくので不利だ。	바루나급 공중전함의\n표준형.제국령 밖으로\n원정을 가기\n위해,공성생물을\n마비시키는 특수\n탄약을 싣고\n있다.이걸 쓰이면\n전투가 길어져서\n불리하다.
ヴェラトの村の生き残りに会ったら…	베라토 마을의 생존자를 만나면…
ヴェラトの生き残りって人、見つかったよ	베라토의 생존자라는 사람,찾았어
ヴェロキタ(中軸体)	베로키타(중축체)
ヴェロクス(中軸体)	베록스(중축체)
ヴェロクスの特徴は？	벨록스의 특징은?
ヴェロクス＆ヴェロキタ	벨록스＆벨로키타
ヴリトラの力、試させてもらうぞ	브리트라의 힘,시험해 보겠어
・1号基…外周部15階東側\n・2号基…外周部14階西側\n・3号基…外周部7階西側\n・4号基…外周部4階東側\n・5号基…外周部3階西側\n・6号基…外周部3階北側\n    (階下からのみ進入可)	・1호기…외주부 15층 동쪽\n・2호기…외주부 14층 서쪽\n・3호기…외주부 7층 서쪽\n・4호기…외주부 4층 동쪽\n・5호기…외주부 3층 서쪽\n・6호기…외주부 3층 북쪽\n(아래층에서만 진입 가능)
・んでみな	・해 보라고
・基本性能の調整\n・成長その1〜基本性能の上昇\n・成長その2〜バーサーク獲得\n・タイプ専用その1〜3ゲージ技\n・タイプ専用その2〜特殊能力	・기본 성능 조정\n・성장1〜기본 성능 상승\n・성장2〜버서크 습득\n・타입 전용1〜3게이지 기술\n・타입 전용2〜특수 능력
一人で戦って勝てる相手ではない	혼자 싸워 이길 상대가 아니다
一人用テント	일인용 텐트
一体、どういうことなんだ？	대체 어떻게 된 거야?
一体、何がだよ？	대체 뭐가?
一体、何者なんだろうな	대체 뭐 하는 녀석일까
一体どこが！！	대체 어디가!!
一刻も早く、なんとかしてもらわんとな	한시라도 빨리 어떻게든 해줘야지
一度、ドラゴンに乗せてくれないか？	한 번,드래곤을 태워주지 않을래?
一度同調すると、伝わってくるの	한 번 동조하면 전해져 와
一度道を下ると	길을 내려가면
一応、この前のお礼のつもりよ	일단,지난번 답례인 셈이야
一応、神聖区民だけど…	일단,신성구민이지만…
一族の血を絶やすわけにはいかないんだよ	일족의 피를 끊을 수는 없으니까
一時休戦…ってことか？	일시 휴전…이라는 건가?
一段下がったところが、機械置き場だよ	한 단 내려간 곳이 기계 창고야
一段下がったところが、機械置き場です	한 단 내려간 곳이 기계 창고입니다
一緒に来ないか？	같이 가지 않을래?
上がってこれないかもしれない	올라오지 못할지도 몰라
上のフロアと縦につながっている	위층과 세로로 이어져 있다
上へ向って飛びたまえ	위를 향해 날아라
上層部に出て、敵の本隊を叩け	상층부로 나가서 적 본대를 쳐라
上昇した！すごいな…	상승했다!대단한데…
上空への<03>\n転送装置<03>	상공행<03>\n전송장치<03>
上空を飛べば、必ず道を阻まれるだろう	상공을 날면 반드시 길이 막힐 거다
下降した！	하강했다!
与えられた使命を	주어진 사명을
与えられた使命を守り続けることこそが	주어진 사명을 지키는 것이야말로
世界は、旧世紀の意志から開放される	세계는 구세기의 의지로부터 해방된다
世界をいまの形に定めているのは、\n『塔』と呼ばれる遣跡群である。\n各地に建造された塔は、旧世紀の\n世界管理の要として、攻性生物による\n死の裁きを司っている。	세계를 지금의 형태로 정하는\n것은,『탑』이라 불리는\n유적군이다.각지에 건조된\n탑은,구세기의 세계 관리의\n요체로서,공성생물에 의한\n죽음의 심판을 관장한다.
世界を人の手に返そうとした	세계를 사람에게 되돌리려 했다
世界を再び人の手に戻せるのは、	세계를 사람 손에 되돌릴 건,
世界を破滅から守るためのね	세계를 파멸에서 지키기 위한 거지
世界を護る存在がいるんなら	세계를 지키는 존재가 있다면
世界管理の意志を無に還す鍵だという	세계 관리 의지를 되돌리는 열쇠란다
世間には、ただの盗掘者集団みたいに	세간에는 그저 도굴꾼 집단처럼
両側の攻性生物が直接エネルギーを	양측의 공성생물이 직접 에너지를
両者の長い戦いの時が過ぎて	양자의 긴 싸움의 때가 지나고
中から現われやがった！	안에서 나타났다!
中身はさっきまで戦ってた彼ら	내용물은 조금 전까지 싸우던 그들
中間層には、外周部の構造を変える\n回転機構が存在する。\nこれを作動させると、外周部8階と\n9階が一部つなぎ変わり、移動可能な\n範囲が変化する。\n9階から8階、8階から6階に\n移る際には重要な場所となるだろう。	중간층에는 외주부의 구조를\n바꾸는 회전 기구가 있다.이걸\n작동시키면 외주부 8층과 9층의\n연결이 일부 바뀌어 이동 범위가\n변한다.9층에서 8층,8층에서\n6층으로 갈 때 중요한 장소가\n될 것이다.
中間層の回転機構	중간층의 회전 기구
主砲、充填完了しました！	주포,충전 완료했습니다!
主砲、充填急げ！	주포,충전 서둘러!
主砲、発射準備	주포,발사 준비
主砲、続けていくぞ	주포,계속 간다
主砲はまだか！？	주포는 아직이야!?
主砲を除く各部、出力開放、いけます	주포 외 각 부위,출력 개방,갑니다
主砲旋回急げ、日が暮れるぞ！	주포 선회 서둘러,해 진다!
主翼部投来	主翼部投来
乗ってた男の子は死んじまったけど…	타고 있던 소년은 죽어 버렸지만
乗れって…言うのか？	타라고…하는 거야?
了解、これより交戦する	알겠다,지금부터 교전한다
了解、健闘を祈る	알겠다,건투를 빈다
二度とその巣は使わねえんだとさ	두 번 다시 그 둥지는 안 쓴다더군
二股に分かれた橋があっただろ？	두 갈래로 갈라진 다리가 있었잖아?
亡くなったんですか…	돌아가셨나요…
人々を歓喜させた	사람들이 환호했다
人が増えないようにしてるのか…	사람이 늘지 않도록 하는 건가…
人だ	사람
人によって造られ、	사람에 의해 만들어져,
人の似姿に造ったりしたのかしら…	사람의 모습을 본떠 만든 걸까…
人の姿を与えられた、旧世紀の創造物だ	사람 모습을 받은 구세기 창조물이다
人の手によって作り出された生き物…！？	사람의 손으로 만들어진 생물…!?
人を…探してるんだ	사람을…찾고 있어
人前で乗り回してると、色々めんどうだぜ	사람들 앞에서 타고 다니면 귀찮아
人手はいくらあっても足りないんだ	일손은 아무리 있어도 부족해
人死にが出たのを、気にしたのかねえ	사람이 죽은 걸 신경 쓴 걸까
人為的な手が加えられた跡があると…	인위적인 손길이 닿은 흔적이 있다고
人移動時操作系	인간 이동시 조작
人見知りが激しい娘でね…	낯가림이 심한 애라…
人間が、神様みたいな力を持ってた時代さ	인간이 신 같은 힘을 가졌던 시대야
人間が触れるべきじゃないってことさ	인간이 건드려서는 안 된다는 거지
人間だって、生まれた時から	인간도,태어났을 때부터
人間の扱う物ではないのだ…	인간이 다룰 물건이 아니다…
人間ふたりぐらい、軽いもんだろ？	인간 둘 정도,별거 아니겠지?
人間らしいわけじゃないんだ…	인간다운 건 아니야…
人間以外の誰かがコントロールせねば	인간 아닌 누군가가 통제하지 않으면
人類が生き続ける環境を作ること…	인류가 계속 살 환경을 만드는 것…
人類の生存を斉かす	인류의 생존을 위협한다
人類を滅亡から守るためのものなのだ	인류를 멸망에서 지키기 위한 것이다
仇討ち、か…	복수,인가…
今あるデータは消えます。\nいいですか？	데이터가 사라집니다.\n괜찮습니까?
今いる場所のマップを表示	현재 위치의 맵을 표시
今じゃ、世界中にはびこってやがる	지금은 전 세계에 만연해 있어
今じゃ、何もかも湖の底よ	지금은 죄다 호수 밑바닥이야
今じゃ、大陸のほとんどが帝国の領土さ	지금은 대륙 대부분이 제국의 영토야
今じゃ、帝国軍にまで追われてる…	지금은 제국군한테까지 쫓기고 있어…
今だってろくなことなんてないさ	지금도 변변한 일 하나 없어
今でも、この世界を縛り続けているのだ	지금도 이 세계를 옭아매고 있다
今ならまだ	지금이면 아직
今ならまだ、	지금이라면 아직,
今のうちにお礼を言っておくわ	지금 미리 고맙다고 말해둘게
今のが、この塔のガーディアン…	방금 그게,이 탑의 가디언…
今のが、最後のガーディアンよ…	방금 그게,마지막 가디언이야…
今のが警戒システムのセンサーよ	방금 그게 경계 시스템의 센서야
今のタイプは<03>\n心技型<03>	현재 타입은<03>\n심기형<03>
今のタイプは<03>\n攻撃型<03>	현재 타입은<03>\n공격형<03>
今のタイプは<03>\n標準型<03>	현재 타입은<03>\n표준형<03>
今のタイプは<03>\n機動型<03>	현재 타입은<03>\n기동형<03>
今のタイプは<03>\n防御型<03>	현재 타입은<03>\n방어형<03>
今のパートナーを信じたらどうだ？	지금 파트너를 믿어보는 게 어때?
今の一撃はかなり効いたみたいだ	방금 그 일격은 꽤 먹힌 듯해
今の君は、あのガーディアン達を見て	지금의 너는,그 가디언들을 보고
今の奴は、敵味方の区別なく攻撃する	방금 그놈은 적아 없이 공격한다
今は、次期司祭を決定する微妙な時期でな	차기 사제를 정하는 미묘한 시기라서
今はエッジ、あなたを、信じているから…	지금은 엣지,당신을 믿고 있으니까…
今は俺がそのシーカー達を束ねてる	지금은 내가 그 시커들을 이끈다
今は君に期待するしかない…	지금은 너한테 기댈 수밖에…
今までの奴とは雰囲気が違う…	지금까지 놈과는 분위기가 다르다…
今までは、こんなことはなかった…	지금까지는 이런 일은 없었다…
今度、給金が下げられるらしいんです	이번에 급여가 깎인다나 봐요
今度の獲物を使って、こしらえたんだ	이번 사냥감을 써서 만들었어
今度は、シーカーの客だぜ	이번엔 시커 손님이야
今度は、バイマンさんが街を仕切るんだね	이번엔 바이만 씨가 마을을 이끄네
今度は何しに来たんだい？	이번엔 뭐 하러 왔지?
今度は何なんだ？	이번엔 또 뭐야?
今度は薬作りか…休むひまもないぜ	이번엔 약이냐…쉴 틈 없군
今後はおまえにまかせようと思う	앞으로는 너한테 맡기려고 해
今日のところは、これで引き取ってくれ	오늘은 이걸로 돌아가 줘
今日のゆうがた やっとやつからの\nれんらくがとどいた。\nどうやら ていこくアカデミーは\nすごくあたまのいいやつしか \n入れないところらしい。\nやつは がっこうに入るほうが さき\nだろうといっていた。	오늘 저녁,드디어 그 애한테서\n연락이 왔다.아무래도 제국\n아카데미는 엄청 머리 좋은 애만\n들어갈 수 있는 곳인가 보다.\n그 애는 학교에 들어가는 게\n먼저 일 거라고 했다.
今日の出来事を、どう言棄にすれば\nいいのだろう。\nゲオルギウスに沈んだ旧世紀のフネ。\n例のドラゴンが、異形の姿となって\n挑んできた最後の戦い。\nそして、その戦いに勝った後に、\nラギが見せてくれた幻。	오늘 있었던 일을 어떻게 말로\n표현하면 좋을까.게오르기우스에\n가라앉은 구세기의 배.그\n드래곤이 이형의 모습이 되어\n도전해 온 마지막 싸움.그리고\n그 싸움에서 이긴 후,라기가\n보여준 환영.
仕事を探してんなら、他をあたりな	일자리 찾는 거면 다른 데 알아봐
他の仲間は、みんな死んじまった	다른 동료들은 다 죽어버렸어
他の創造物とつながり、操ることができる	다른 창조물과 이어져 조종한다
他の奴には黙っててくれよ	다른 놈들한테는 비밀로 해줘
他の子は生まれてきちゃだめって言ったの	다른 아이는 태어나면 안 된다더군
他の遣物に同調したんだ	다른 유물에 동조했어
他種自律構造体との同調・制御。\n複雑かつ巨大な構造体と同調するには\nそれに比例して高度な思考レベルが\n必要となる。\nしかし、思考レベル80以上の個体の\n生産は、自我発生の可能性が極めて\n高いので、全面的に禁じられている。	타종 자율 구조체와의 동조・제어\n.복잡하고 거대한 구조체와 동\n조하려면 그에 비례해 고도의 사\n고 레벨이 필요하다.하지만 사\n고 레벨 80 이상 개체의 생산\n은 자아 발생 가능성이 극히\n높아 전면 금지돼 있다.
代わろうとするとはな	대신하려 하다니
代金を払いに来たのかい？	대금을 지불하러 온 거야?
以下の性能の上昇に関係する。\n・レーザーの基本威力\n・BPの最大値\n・HPの最大値\n・銃の基本威力	다음 성능 상승에\n관계한다.・레이저 위력\n・BP 최대치 ・HP\n최대치 ・총 위력
以下の性能を一時的に調整できる。\n・レーザーの威力\n・バーサークの威力＆消費BP\n・敵の攻撃によるダメージ\n・位置取り速度	다음 성능을 일시 조정할 수\n있다.・레이저 위력\n・버서크 위력＆소비 BP\n・적 공격의 피해 ・포지셔닝\n속도
以下の系統のバーサークに関係。\n・攻撃系統バーサーク\n・心技系統バーサーク\n・防御系統バーサーク\n・機動系統バーサーク	이하 계통의 버서크에 관계.\n・공격 계통 버서크\n・심기 계통 버서크\n・방어 계통 버서크\n・기동 계통 버서크
仲間を殺しすぎた	동료를 너무 죽였어
任務完遂のため捨て身でかかるぞ	임무 완수를 위해 몸을 던진다
位置取り1〜敵からの攻撃	위치 선정1〜적으로부터의 공격
位置取り2〜敵への攻撃	위치 선정2〜적에 대한 공격
位置取りは、敵に対して\n方向ボタンで左方向か右方向に\n90度ずつ回り込むことで行う。	포지셔닝은 적을 기준으로\n방향 버튼으로 좌우로\n90도씩 돌아 들어가서\n한다.
位置取りはゲージを消費しないので\n好きな時に行なうことができるが\n位置取り中はゲージが増加しない。	포지셔닝은 게이지를 쓰지\n않으므로 언제든 할 수\n있지만 포지셔닝 중엔\n게이지가 안 찬다.
住民権をもらえるのは、まだまだ先ですね	주민권을 받으려면 아직 멀었네요
体が弱いから、しょうがないんだけどさ	몸이 약하니 어쩔 수 없지만
体を張って食いぶちを稼ぐなんて…	몸을 던져서 밥벌이를 하다니…
体力を回復する	체력을 회복한다
体力回復液	체력회복액
何か、まずい事言った？	뭔가 실수한 말 했어?
何かあったら、いつでも来てくれ	무슨 일 있으면 언제든지 와
何かあるといけないからって…	무슨 일 생기면 안 되니까…
何かいい品物があったら、見せてくれよ	뭔가 좋은 물건 있으면 보여줘
何かいるぞ！	뭔가 있어!
何かこしらえとるかもしれんぞ	뭔가 만들고 있을지도 몰라
何かの能力を上げると\n何かが下がるので\n状況に合わせて調整することが\n重要。	한 능력을 올리면\n다른 게 내려가니\n상황에 맞춰 조정이\n중요하다.
何かやらかすんなら、昼間にしとけ	뭔가 저지를 거면 낮에 해
何かを極端に強く育てることも\n全てを平均的に育てるも自由。\n自分のプレイスタイルに合うように\n育てることができる。	하나를 극단적으로 키우든\n전부 고르게 키우든 자유.\n자기 플레이 방식에 맞게\n키울 수 있다.
何かを残したくなる時が来るものだ	뭔가 남기고 싶어질 때가 오는 법
何か知ってるのか！？	뭔가 알고 있는 거야!?
何か起こんなきゃいいがな…	아무 일 없었으면 좋겠는데…
何か重要な目的のために	뭔가 중요한 목적을 위해
何か食べた方がいいんじゃないか？	뭔가 먹는 게 좋지 않을까?
何がうれしいってんだ	뭐가 기쁘다는 거야
何がわかるってんだ、このガキ！	뭘 안다는 거야,이 꼬맹이가!
何するつもりだ	뭘 할 생각이지
何だか知らねえが…	뭔지는 모르겠지만…
何だここは…これが塔の中心部…？	뭐야 여긴…이게 탑의 중심부…?
何だこりゃ？	이게 뭐야?
何だって？	뭐라고?
何だよ？ 急に	뭐야?갑자기
何だ！ 降ってきた！？	뭐야!떨어졌잖아!?
何だ？ こいつ…	뭐야?이 녀석…
何だ？ このスイッチ	뭐야?이 스위치
何でもないんだ…	아무것도 아니야…
何でも聞けって言ったじゃないか	뭐든 물어보라고 했잖아
何のために作られたのかは、誰も知らん	왜 만들어졌는지는 아무도 몰라
何の意味もないのに…	아무 의미도 없는데…
何も…	아무것도…
何もない、異状なしだ	아무것도 없다,이상 없음
何も知らずに、砂漠は越えられないぜ	모르고서는 사막을 건널 수 없어
何も知らねえガキが	아무것도 모르는 꼬맹이가
何より、抜け穴を作ってくれる	무엇보다,굴을 만들어 준다
何をしたって、死ぬときは死ぬし	뭘 하든 죽을 때는 죽고
何度でも再建できる	몇 번이든 재건한다
何度も見たよ…「透視板」の幻だけどな	몇 번 봤어…「투시판」의 환영이지만
何階だ？ ここ…	몇 층이지?여기…
何！？	뭐!?
何！？ そんなバカな…	뭐!?그런 말도 안 되는…
何！？近くにいるのか？	뭐!?근처에 있는 거야?
何？	뭐?
余ったゲージ量はそのまま残る。\n1ゲージたまるごとに使うか\n複数ゲージためてから使うか\n状況に応じて使い分けることで\n戦いを有利に進められる。	남은 게이지는 그대로\n남는다.1게이지마다 쓸지\n여러 게이지를 모아 쓸지\n상황에 맞게 가려 쓰면\n전투가 유리해진다.
作りかけもあるけど、だいたいはそうだな	만들다 만 것도 있지만 대체로 그래
作動を始めたはずだ	작동을 시작했을 거야
作動停止します	작동 정지합니다
使用されていません	사용되고 있지 않습니다
使用する必要がない	쓸 필요가 없다
例えば、現在ドラゴンのいる\n色がついていない方向に対しては\n危険度の低い攻撃が行われる。	예를 들어 드래곤이 있는\n색이 없는 방향으로는\n위험도가 낮은 공격이 온다.
例えば、自分の位置取り中にも\n敵のゲージは進行しているので、\n位置取りが終わったとたんに\n攻撃されてしまう場合がある。	예를 들어,위치 선정 중에도\n적의 게이지는 진행되므로,\n선정이 끝나자마자\n공격당할 수 있다.
例のものを運び出す	그 물건을 반출한다
例の弾薬を使え	그 탄약을 써
例の薬が効いたようだ	그 약이 들은 듯하다
侵入者だ！！	침입자다!!
侵入者の存在を確認	침입자의 존재를 확인
侵入者確認…ガーディアン作動開始	침입자 확인…가디언 작동 개시
侵攻中だ…	침공 중이다…
便乗して見に来たのさ	편승해서 보러 온 거야
信号弾	신호탄
信号弾射出地点付近です	신호탄 발사 지점 부근
信心が足りないと思われないようにね	신심이 부족하다 여겨지지 않도록
修復	수복
修復作業完了、問題ありません	수복 작업 완료,문제없습니다
俺…戦えない体になったらどうしよう…	나…못 싸우는 몸이 되면 어쩌지…
俺、「探索兵」見習いのルーベンです	저,「탐색병」견습 루벤입니다
俺、あの船に乗って、外に出たいんだ	나,그 배로 밖에 나가고 싶어
俺、まだ訓練中なんです	저,아직 훈련 중이요
俺、シーカーの仲間に入ったばかりなんだ	나,시커가 된 지 얼마 안 됐어
俺、ベゼルってんだ	나,베젤이라고 해
俺、ベゼルってんだ！ よろしく！	나,베젤이라고 해!잘 부탁해!
俺、初めて戦いに出る事になったんです！	저,처음으로 싸움에 나가게 됐어요!
俺、自分の力で生きていきたいんだ	나,내 힘으로 살아가고 싶어
俺か？	나 말야?
俺が知るかよ	내가 알게 뭐야
俺が礼を言うのも変だけど…	내가 고맙다는 것도 이상하지만…
俺が驚くようなものを拾ってくるまで	내가 놀랄 만한 걸 주워올 때까지
俺たちは、俺たちのやるべき事をやる…	우리는,우리가 해야 할 일을 한다…
俺だって、いつもこうやってるんだぜ	나도 항상 이렇게 한다고
俺だって彼女が憎いわけじゃない	나도 그녀가 미운 건 아니야
俺と一緒に逃げてきた奴だよ	나랑 같이 도망친 녀석이야
俺には、例の記録機械があるからな	나한테는 그 기록 기계가 있으니까
俺の仕事中には、めんどうを起こすなよ	내 일하는 중에는 말썽 일으키지 마
俺の名はアルドーだ、覚えときな	내 이름은 알도다,기억해 둬
俺の名はバイカだ、よろしくな	내 이름은 바이카다,잘 부탁한다
俺の名はベゼル…ゾアの司祭ダモンの孫さ	내 이름은 베젤…사제 다몬의 손자야
俺の村のある所だったんだ	내 마을이 있던 곳이었어
俺の研究がシーカーの間に残れば	내 연구가 시커들 사이에 남는다면
俺の研究って、一体何だったんだよ…	내 연구가 대체 뭐였던 거지…
俺の計算じゃ、帝国にだって行けるぜ	내 계산으론 제국까지 갈 수 있어
俺は、あそこの出身だからよ	난 저기 출신이거든
俺は、この街を捨てる気はねえよ	난 이 도시를 버릴 생각은 없어
俺は、アルドーってもんだ	난 알도라는 사람이야
俺は、ヤレドってんだ	난 야레드라고 해
俺は、当分ここから出ねえよ	난 당분간 여기서 안 나가
俺は、昼間はたいていここにいる	난 낮에는 대개 여기 있어
俺は、神聖区門番のアブネルってもんだ	난 신성구 문지기 아브네르다
俺は「探索兵」ペレツだ、よろしくな	난 '탐색병' 페레츠야,잘 부탁해
俺は「調整士」ヤレドだ	「조정사」야레드다
俺はこの辺りを調べてくる	이 근처를 살펴보고 오겠어
俺はこの里の人間を守らなきゃならない	난 이 마을 사람들을 지켜야만 해
俺はただ、頼まれて銃を修理しただけだぜ	난 부탁받아 총을 수리했을 뿐이야
俺はエフタってんだ、よろしくな	난 에프타라고 해,잘 부탁해
俺はシフレっていうんだ、よろしくな	난 시프레라고 해,잘 부탁해
俺は他にやる事がある	난 다른 할 일이 있어
俺は何年も門番をやっていますが	저는 몇 년째 문지기를 합니다만
俺は最後まで残るよ	난 끝까지 남겠어
俺は村を出て、帝国の傭兵になった	난 마을을 떠나 제국의 용병이 됐어
俺は脱走して、村に知らせに行ったが…	난 탈영해서 마을에 알리러 갔지만…
俺みたいになりたくなけりゃあな	나처럼 되고 싶지 않다면 말이야
俺も、いろんな場所を旅してきたが…	나도 여러 곳을 여행해봤지만…
俺も、おまえと同業だったんだぜ	나도 너랑 같은 업이었어
俺も、何か残してみたくなってさ	나도 뭔가 남기고 싶어져서 말이야
俺も、神聖区のお役に立ちたいです…	저도 신성구에 보탬이 되고 싶어요
俺もよく知らねえけど…	나도 잘 모르지만…
俺も前線で戦いたいなあ…	나도 전선에서 싸우고파
俺をごまかせるとでも思ってんのか！	날 속일 수 있다고 생각하는 거냐！
俺を説得しろって	날 설득하라니
俺達が、ろくな物拾ってこねえからさ	우리가 변변한 걸 못 주워 오니까
俺達がもう一度	우리가 다시 한번
俺達が最初に会った渓谷があっただろう	우리가 처음 만났던 계곡이 있었잖아
俺達だけが、この街に逃げ込んだんだが…	우리만 이 도시로 도망쳐 왔는데…
俺達にとっちゃ、宝物庫みたいなもんさ	우리한테는 보물창고 같은 거야
俺達にゃ縁のねえ所よ	우리랑은 인연 없는 곳이야
俺達にゃ関係ねえよ	우리랑은 상관없어
俺達の一族じゃ、男は必ずハンターになる	우리 일족 남자는 반드시 헌터가 돼
俺達の手には負えん！	우리 손으론 안 된다!
俺達は、わざわざ金で買わなきゃならねえ	우리는 굳이 돈 주고 사야만 해
俺達はそろそろ出るよ	우리는 슬슬 나갈게
俺達は帝国軍に雇われて	우리는 제국군에 고용되어
俺達みたいなのを受け入れてくれるのかね	우리 같은 놈들을 받아줄까
俺達も例外じゃない	우리도 예외는 아니야
俺達シーカーは、	우리 시커는,
個体によって役割は多少異なるが、\n塔の機能は大きく2つに分けられる。\nすなわち、環境維持・再生機能と\n攻性生物生産・統括機能である。	개체에 따라 역할은 다소\n다르지만,탑의 기능은 크게 두\n가지로 나뉜다.즉,환경\n유지・재생 기능과 공성생물\n생산・통괄 기능이다.
倒した…危なかった…	쓰러뜨렸다…위험했어…
倒した敵のデータを表示  	쓰러뜨린 적 데이터 표시
倒せば昇進も間違いないぞ、攻撃開始！	잡으면 승진도 따논 당상,공격！
停滞した状況を打破したのは、辺境で\n入手された、情報保存系の発掘物で\nあった。それに記録されていた情報を\n分析した結果、塔はドラゴンと密接な\n関係にあることが判明したのである。	정체된 상황을 타개한\n것은,변경에서 입수된 정보\n보존형 발굴물이었다.거기에\n기록된 정보를 분석한 결과,탑은\n드래곤과 밀접한 관계가 있음이\n판명되었다.
側方に火力を集中しろ	측면에 화력을 집중해라
傭兵とはいえ、帝国にいたんだろ？	용병이라고는 해도,제국에 있었잖아？
儀が塔へ行けば	내가 탑으로 가면
儀だって、仲間を殺された…	나도 동료를 잃었어…
儀にどうしろと？	나더러 어쩌라고？
儀には、そんな事できないよ	난 그런 짓 못 해
儀には、まだやることがあるんだ	난 아직 할 일이 있어
儀には、やらなくちゃいけないことがある	난 해야만 하는 일이 있어
儀にもわからない…だけどドラゴンって	나도 몰라…하지만 드래곤이라는 건
儀の事を覚えているのなら、	나를 기억한다면,
儀の腕で倒すことができるのか…？	내 실력으로 쓰러뜨릴 수 있을까…？
儀は…、	나는…,
儀は…エッジ	나는…엣지
儀は…神の使いなんかじゃない	나는…신의 사자 따위가 아니야
儀は、あの発掘所にいたんだ	나는 그 발굴소에 있었어
儀は、そうは思わない…	나는 그렇게 생각하지 않아…
儀は、今の方が普通だと思うけどな	난 지금이 더 정상이라 생각하는데
儀は、遣跡の発掘所を警備してたんだけど	유적 발굴소를 경비하고 있었는데
儀はまだおまえを許したわけじゃない	나는 아직 널 용서한 게 아니야
儀はもう一度、塔に行く	나는 다시 한번 탑으로 간다
儀は君と戦うつもりはない！！	나는 너와 싸울 생각은 없어！！
儀らがここで何を守ってるのか	우리가 여기서 무엇을 지키고 있는지
儀らは、発掘所で一度会ってるんだよ	발굴소에서 한 번 만난 적 있어
儀らも襲われたんだって…	우리도 습격당했다더군…
優しい人だって、わかったから…	다정한 분인 걸 알았으니까…
元来、帝国の始祖はシーカーの一派だった	제국의 시조는 시커의 한 파였다
元気で結構じゃないか	건강하면 됐잖아
充電	충전
先の3つは微妙な調整に対応し\n後の2つは後述の「<03>\nタイプ<03>	앞 3개는 미세 조정,\n뒤 2개는 뒤에 설명할<03>\n타입<03>
先日はすみませんでした	지난번엔 죄송했습니다
先行入力と連続攻撃	선입력과 연속 공격
先行入力は、\n・敵(自分)の位置取り中\n・敵(自分)の行動中\nに行うことができる。	선입력은,・적(자신)\n이 위치를 잡는 중 ・\n적(자신)이 행동하는\n중 에 할 수 있다.
先行入力をうまく利用すれば、\n時間のロスを減らせるだけでなく\n敵の先手を取りやすくなるので、\n戦いが非常に有利になる。	선입력을 잘 활용하면,시간\n손실을 줄일 뿐 아니라 적보\n다 선수를 치기 쉬워지므로,\n전투가 매우 유리해진다.
光の粒子	빛의 입자
光学耐性の敵には効果が弱い。\n光学耐性の敵に銃を向けると\n<03>\nANTI LASER\n(アンチ レーザー)<03>	광학 내성 적엔 효과가\n약함.광학 내성 적에\n총을 대면 <03> ANTI\nLASER (안티레이저)<03>
光栄です！	영광입니다
光粒子充填	광입자 충전
光粒子炉融合20％	광입자로 융합20％
光粒子炉融合50％	광입자로 융합50％
光粒子炉融合90％	광입자로 융합90％
入るのは楽でも、出るのはつらいぜ	들어가긴 쉬워도 나오긴 힘들어
全うするためだけに生き続けるものたち	그저 완수하려 살아가는 존재들
全てが仕組まれたのだ	모든 게 짜여 있었어
全ての塔は、一瞬で死に絶える	모든 탑은,한순간에 죽어 사라진다
全ての塔をコントロールする場所だ	모든 탑을 조종하는 장소다
全ての塔を統べる魂の器…	모든 탑을 다스리는 혼의 그릇
全てはこいつを破壊するためだ	모든 건 이놈을 파괴하기 위해서다
全てはこの世界を取り戻すためだ	모든 건 이 세계를 되찾기 위해서다
全ては今、私と共にある…	모든 건 지금 나와 함께…
全てを回収し、…	전부 회수하여,…
全てを手にしようとしている	모든 것을 손에 넣으려 한다
全てを焼きつくす大爆発 <03><01>2ゲージ<03>	모든 걸 태우는 대폭발<03><01>2게이지<03>
全て終わったんだ	전부 끝난 거야
全ステータス異常を治す	모든 상태이상을 치료
全ステータス異常を治す <03><01>1ゲージ<03>	모든 상태이상 치료 <03><01>1게이지<03>
全幅	전폭
全滅したもようです	전멸한 것으로 보입니다
全艦、戦闘隊形を取れ！	전함,전투 대형을 갖춰라！
全長	전장
全高	전고
共食い	동족식
兵隊相手ならいい商売になるぜ、きっと	군인 상대면 좋은 장사가 될 거야
具合はどう？	몸은 어때?
内乱があって、帝都が壊滅したとか…	내란이 있어서,제도가 괴멸했다던가…
内部の構造も少し変化してる	내부 구조도 조금 변화했어
再び、全てを始めるために	다시,모든 것을 시작하기 위해
再びわれらの時代が来たと	다시 우리들의 시대가 왔다고
再び時代は回り始めた	다시 시대는 돌기 시작했다
再充填に少しかかります	재충전에 조금 걸립니다
再生	재생
再生させるためのものだ	재생시키기 위한 것이다
再生は夢の続き	재생은 꿈
再起動を急げ！	재기동을 서둘러라！
再配置	재배치
冗談じゃねえや	농담이 아니야
出□の右側にあるそうです	출구 오른쪽에 있다고 합니다
出□を探すのが先だ	출구를 찾는 게 먼저다
出て行った…って、どこに？	나가 버렸다…니,어디로?
出られるならとっくに出てる…	나갈 수 있으면 진작에 나갔지…
出力が上がらない…	출력이 오르지 않아…
出力が不安定なレーザー <03><01>2ゲージ<03>	출력 불안정 레이저 <03><01>2게이지<03>
出力上昇、発進！	출력 상승,발진！
出力低下、高度を保てません！	출력 저하,고도를 못 지킵니다！
切りかえるスイッチよ	전환하는 스위치야
初めてよ	처음이야
初めて会った時の事は謝るよ	처음 만났을 때는 사과할게
初めて名前を呼んでくれたのは	처음 이름을 불러 준 건
初めて見る攻性生物だな	처음 보는 공성생물이군
初めて見る顔だね…旅の人？	처음 보는 얼굴이네…여행자？
別に、斉えることないだろ	딱히 놀랄 것 없잖니
別に、謝るこたねえよ	딱히 사과할 것까진 없어
別に何も	딱히 없어
別に好きで雇っとりゃせん	딱히 좋아서 고용한 게 아니야
別に驚くにはあたらない	딱히 놀랄 일도 아니다
別の攻撃に切り替えろ	다른 공격으로 전환해라
制圧射撃	제압 사격
前の司祭様の息子さん夫婦は、その時…	전 사제님의 아드님 부부는,그때…
前は、もっと冷たい感じだった	예전엔 더 차가운 느낌이었어
前左右	앞좌우
前後右	앞뒤우
前後左	앞뒤좌
前方	전방
前方銃座、開け	전방 총좌,열어라
副砲、充填完了しました	부포,충전 완료했습니다
副砲、砲撃用意！	부포,포격 준비！
副砲の動力伝達に障害が発生！	부포의 동력 전달에 장애가 발생！
副砲動力、復旧完了しました！	부포 동력,복구 완료했습니다！
力が目覚めたから、わかるの	힘이 눈뜬 덕분에,알 수 있어
力が目覚める前…	힘이 눈뜨기 전…
力になってやろうじゃないか	힘이 되어 주지 않겠나
力を与えすぎた…	힘을 너무 주었다…
加速	가속
加速最終局面、噴進弾射出します	가속 최종 단계,분진탄 사출
加速最終局面までブースターで滑走	가속 최종 단계까지 부스터로 활주
加速準備できました	가속 준비되었습니다
助かるときは助かるものよ	살아날 때는 살아나는 법이야
助けてもいいぞ	도와줘도 돼
助けてやりたかったねえ…	살려 주고 싶었는데…
助けてやるんじゃなかったよ	도와주는 게 아니었어
助けは呼んだ	도움은 불렀다
動いてる奴なんか、特にね	움직이는 놈은 특히 더
動きがあったら本隊に知らせろ	움직임 있으면 본대에 알려
動きがあればわかるはずだ	움직임이 있으면 알아챌 거야
動きが止まった！ エッジ、チャンスだ！	움직임이 멈췄다！엣지,기회다！
動作を切りかえればいい	동작을 전환하면 돼
動力復旧	동력 복구
動力装置の停止方法	동력장치 정지 방법
勝手に住み着いちまったのさ	멋대로 눌러앉아 버린 거야
勝手に居着いてもいいんだぜ	멋대로 눌러살아도 돼
北奥部への出□	북쪽 안 출구
半分は、それが目当てだったからな	절반은,그게 목적이었으니까
南部水没遣跡群への出□	남부 수몰유적군 출구
危ない時は、それを使って逃げるんだな	위험할 땐 그걸 써서 도망쳐
危険な狩りもしなくてすむだろう	위험한 사냥도 하지 않아도 될 거야
卵(大)	알(대)
卵(小)	알(소)
厄介事が片づいてからでいいからさ	골칫거리가 정리된 뒤라도 돼
原初の夕べ、\n神は、人にかけたのぞみを捨てた。\n神は、人の世を去り、\n神の知恵もまた人の魂から去った。\n人の作ったすべてのものと、\n人の壊したすべてのものが、\n人自身とともに打ち捨てられた。	태초의 저녁,신은 인간에게\n걸었던 바람을 버렸다.신은\n인간의 세상을 떠나고,신의\n지혜 또한 인간의 영혼에서\n떠났다.인간이 만든 모든\n것과,인간이 부순 모든 것이,\n인간 자신과 함께 버려졌다.
原初の昼、\n人は、世界を創造した。\nいかなる人の道具より強い道具と、\nいかなる人の火より熱い火が、\n万象にかたちを与えた。	태초의 낮,인간은 세계를\n창조했다.그 어떤 인간의\n도구보다 강한 도구와,그\n어떤 인간의 불보다 뜨거운\n불이,만물에 형태를 부여했다.
原初の朝、\n神は、すべての人を創造した。\nみずからにかわって、\n世界を創造させるためである。\n弱き人にそれを可能ならしめるべく、\n神の持てる知恵は、\nことごとく人の魂に注がれた。	태초의 아침,신은 모든 인간을\n창조했다.자신을 대신하여,\n세계를 창조하게 하기\n위함이었다.나약한 인간이\n그것을 가능케 하도록,신이\n지닌 지혜는 남김없이 인간의\n영혼에 쏟아부어졌다.
原初の黄昏、\n人は、争いを始めた。\n闇を知らぬ人は、黄昏を恐れ、\n心乱して殺しあった。	태초의 황혼,사람은\n다투기 시작했다.어둠\n모르는 자는 황혼을 겁내\n마음 어지러워 서로 죽였다
原初日の書	태초일의 서
原初日の終わり、\n神は、人を打ち捨てて世界を去った。\n人が互いに争い、\n神ののぞみからはずれたためである。\n以来、人はさばきを待つ身となり、\n死に至る道をよりよく歩むことが\nつとめとなった。	태초일의 끝,신은 인간을\n버리고 세계를 떠났다.인간이\n서로 다투며,신의 바람에서\n벗어났기 때문이다.이후,인간은\n심판을 기다리는 몸이 되어,\n죽음에 이르는 길을 더 잘 걷는\n것이 소임이 되었다.
原因となった、地下の遣跡の暴走には	원인이 된,지하 유적의 폭주에는
去年と同じだけ払ってるのに…	작년과 똑같이 지불하는데…
友達に用事だって言ってたけど…	친구한테 볼일이 있다고 했었는데…
友達に用事だとか言ってよ	친구한테 볼일 있다고 말해줘
反応しているのかもしれん	반응하는 건지도 몰라
収容…って…	수용…이라니…
取り引き中なんだ、邪魔しないでくれよ	거래 중이야,방해하지 말아줘
古の時代の謎に迫ろうとしていた	태고의 수수께끼에 다가서려 했다
召喚	소환
叱りつける	야단치다
右腕マヒ	오른팔마비
右舷に敵影確認	우현 적함 확인
右舷動力停止	우현 동력 정지
司祭になりたくねえのかな？	사제가 되고 싶지 않은 걸까？
司祭の孫のベゼルさ	사제의 손자,베젤이야
司祭をやめさせられたんだってね	사제 자리에서 쫓겨났다면서
司祭様にしかられるぜ	사제님께 혼난다
司祭様に対して、失礼じゃないか	사제님께 실례가 아닌가
司祭様に知られると困るんでな	사제님께 알려지면 곤란하니까
司祭様のお孫さんね	사제님의 손자분이시군요
司祭選出のために働いてくれたそうだな	사제 선출을 위해 애써줬다더군
各タイプには\n専用のバーサークが存在し、\nそのタイプでないと使用できない。\nゲージを3ゲージ消費するが\nBPは消費しない。	각 타입에는\n전용 버서크가 있어\n그 타입이 아니면 못 쓴다.\n게이지를 3개 쓰지만\nBP는 안 쓴다.
各ドラゴンモデル	각 드래곤 모델
各バーサークは決まった量の\n<03>\nバーサークポイント(BP)<03>	각 버서크는 정해진 양의\n<03>\n버서크 포인트(BP)<03>
各冥、帝国艦隊の力を思い知らせてやれ！	제국 함대의 힘을 똑똑히 알려줘라！
各地に散らばる塔や遣跡は、	각지에 흩어진 탑과 유적은,
各機、哨戒を忌るな	각 기체 경계
各機、弾をしこたまくれてやれ	각 기체,탄을 실컷 먹여줘라
各機、聞いての通りだ	각 기체,들은 대로다
各機、遅れをとるな！	각 기체,뒤처지지 마라！
各機とも油断するな	모든 기체 방심 마라
各種兵器の装甲に使用される甲皮\n店で売れば金になる	각종 병기 장갑에 쓰이는\n껍질 가게에 팔면 돈이 된다
各艦、死ぬ気でかかれ	각 함,죽기로 덤벼라
各設定の変更       	각종 설정 변경
各部に伝達、皇帝砲発射の衝撃に備えろ！	전 부서,황제포 발사 충격에 대비！
各銃座、対攻性生物弾に切り替えろ	각 총좌,대공성생물탄으로 전환해라
各銃座、積み残しはなしだ！全弾ぶち込め！	각 총좌,남기지 마라！전탄 퍼부어！
各隊とも、とにかく時間を稼げ	각 부대는 어쨌든 시간을 벌어라
各隊とも後に続け	각대 뒤따르라
各隊へ、攻撃を開始する	각 부대에,공격을 개시한다
同時刻	동시각
同様の発掘品に関する記録があるのだ	같은 종류 발굴품의 기록이 있다
同調してて、私だけでは	동조하고 있어서,나 혼자서는
同調って、何と？	동조라니,뭐랑？
名前くらいなら、入力されてるわ	이름 정도는 입력돼 있어
名前をつける	이름을 붙이다
向こうから呼んでくれているようだ	저쪽에서 불러주고 있는 듯
君、ここをどこだと思ってるんだね	자네,여기를 어디라고 생각하는 건가
君、それをひとつ売ってくれないか	자네,그거 하나 팔아주지 않겠나
君がこれを読んでいるということは、\n私の命を受けたシーカーたちが、\n正しきドラゴン乗りとして、君を\n見出したことを意味する。\n私もまた、君と同じくドラゴンと\n出会い、『塔』をめぐる戦いに身を\n投じた者である。	그대가 이것을 읽고 있다는\n것은,내 명을 받은 시커들이,\n올바른 드래곤 라이더로서,그대를\n찾아냈다는 것을 의미한다.나\n또한,그대와 마찬가지로 드래곤과\n만나,『탑』을 둘러싼 싸움에\n몸을 던진 자다.
君が乗るドラゴンは、我が友の魂を\n宿している。\nそれは、この世でただ1頭の、\n「塔を殺す」ドラゴンの魂である。\nゆえに、君は他のすべてのドラゴンを\n敵に回さなければならない。	그대가 타는 드래곤은,내 벗의\n영혼을 깃들인다.그것은,이\n세상에 단 한 마리뿐인,「탑을\n죽이는」드래곤의 영혼이다.\n그러므로,그대는 다른 모든\n드래곤을 적으로 돌려야만 한다.
君が情報を必要とする限りな	자네가 정보를 필요로 하는 한이지
君こそが『絶対の…	그대야말로 『절대적인…
君だけでもドラゴンに乗って	자네만이라도 드래곤을 타고
君とドラゴンがいれば、街は安泰だよ	드래곤이 있으면 거리는 안전해
君には君の都合があるかもしれんが…	자네에겐 사정이 있을지도 모르지만…
君に会いに来たのはその事だ…	자네를 만나러 온 건 그 일이다…
君に渡した書物にも書いてあるが…	건넨 서책에도 쓰여 있지만…
君に見せたい物がある	자네에게 보여줄 게 있어
君に託されるべきものだからだ	자네에게 맡겨져야 할 것이라서다
君のおかげでもあるさ	자네 덕분이기도 해
君のドラゴンがセストレンを破壊した時…	드래곤이 세스트렌을 부쉈을 때…
君のドラゴンには、塔を破壊する力がある	드래곤에겐 탑을 부술 힘이 있다
君のドラゴンを指す言棄だとわかったのは	자네 드래곤을 가리키는 말이란 걸
君は、あそこで生まれたんだね	자네는,저기서 태어난 거군
君はなにがどうあっても	자네는 무슨 일이 있어도
君はクレイメンという男を	자네는 크레이멘이라는 남자를
君は全部承知で…	자네는 전부 알면서…
君は息子と仲がいいんだったな	자네는 아들과 사이가 좋았었지
君も、この街の噂を聞いて来たのかね？	자네도 이 거리 소문을 듣고 왔나？
君も帝国に関わってきたのなら	자네도 제국과 얽혀왔다면
君をここに置き去りにしてかい？	자네를 여기 두고 가라고？
君自身が決めればいい	자네 스스로 정하면 돼
吸収	흡수
吸収させるな、次は自爆してくる	흡수시키지 마라,다음엔 자폭한다
吸収されている	흡수당한다
吸排気□開放	흡배기구 개방
呆れた野郎だぜ…	어이없는 놈이군…
周回探知	주회탐지
周回探知システム作動	주회 탐지 시스템 작동
周辺国家との戦争は	주변 국가와의 전쟁은
味方？	아군？
命のつながりのようなものを…	생명의 연결 같은 것을…
命を捨てに行くようなもんだ	목숨을 버리러 가는 거나 같다
唯一の私の仲間だ…	유일한 내 동료다…
商品としても非常に高価なものだ	상품으로도 매우 고가인 물건이다
商売の時だけ相手にしてりゃいいんだ	장사할 때만 상대해주면 돼
噂だ、噂	소문이지
噂は本当だったんだな	소문은 사실이었군
噴進弾射出と同時に戦域を離脱する！	분진탄 사출과 동시에 전역 이탈！
回復しているんだろう…	회복하는 거겠지…
回復系のバーサークは\n1ゲージで使用できる。\nレベルアップによって\n覚えることができる。	회복 계열 버서크는\n1게이지로 쓸 수\n있다.레벨업을\n통해 익힐 수 있다.
回転砲台	회전포대
回転砲台準備	회전포대 준비
回転通路内部	회전 통로 내부
回転速度最大	회전속도 최대
国境地帯での戦に巻き込まれる。\n旧世紀の武器を使った戦は、今までの\nものとは全然違う。攻性生物のような\n乗り物が無数に空を飛び交い、それを\n撃ち落とそうとして、様々な色の光が\n天に放たれる。	국경 지대에서의 전투에\n휘말린다.구세기의 무기를 쓴\n전투는,지금까지의 것과는 전혀\n다르다.공성생물 같은 탈것이\n무수히 하늘을 날아다니고,그것을\n격추하려고,다양한 색의 빛이\n하늘에 뿜어진다.
地上に残った人間のために遣わされたんだ	지상에 남은 인간을 위해 보내졌어
地上の入□が、かろうじて生きてるだけさ	지상의 입구가,겨우 살아있을 뿐이야
地上へのゲート	지상으로 가는 게이트
地上へ直接出られるエレベーターがある…	지상행 엘리베이터가 있어…
地下1階	지하 1층
地下2階	지하 2층
地下2階 へのゲート	지하2층 게이트
地下3階 東	지하 3층 동
地下3階 西	지하 3층 서
地下3階 西へのゲート	지하3층 서쪽 문
地下4階	지하 4층
地下4階だ…	지하 4층이다…
地下5階	지하 5층
地下から行く道が、封印されてたんだ	지하로 가는 길이,봉인되어 있었어
地下での戦闘と同じ要領だ	지하 전투와 같은 요령이다
地下にある、ばかでかい遣跡の跡だ	지하에 있는 거대한 유적의 흔적이다
地下には来たけど…	지하까지는 왔지만…
地下の施設の封印を\n解除したときに復活した\nウルのガーディアン。\n分離や合体をしながら、\n雷を使った様々な攻撃を\nしかけてきた。	지하 시설의 봉인을\n해제했을 때 부활한\n우르의\n가디언.분리와\n합체를\n하면서,번개를 쓴\n다양한 공격을\n걸어왔다.
地下の施設を3つのキーで封印した…	지하 시설을 세 열쇠로 봉인했다…
地下の水脈が、そのまま通り道になるのさ	지하 수맥이 그대로 통로가 돼
地下を掘り進んだ跡が、通り道になるのさ	땅을 파고 나아간 흔적이 통로가 돼
地下を通るって…どうやって？	지하를 지나간다니…어떻게？
地下ドーム	지하 돔
地下通路	지하 통로
地下遣跡への入□が砂でふさがれてる	지하 유적 입구가 모래로 막혀 있다
地下？階	지하？층
地下？？階	지하？？층
地下？？階への入り□	지하？？층으로 가는 입구
地図入手	지도 입수
地面に降りたら、すぐ直っちまったよ	땅에 내려오니,바로 나아버렸어
基地を警備した時の指示書ならあるぜ	기지 경비 때의 지시서라면 있어
基本能力には相関関係があり、\n攻撃力を上げると心技力が下がる。\n心技力を上げると攻撃力が下がる。\n防御力を上げると機動力が下がる。\n機動力を上げると防御力が下がる。	기본 능력은 서로 얽혀 있다.\n공격력과 심기력,방어력과\n기동력은 한쪽을 올리면\n다른 쪽이 내려간다.
場所：	장소：
塔 7階 南	탑7층 남쪽
塔 7階 東	탑 7층 동
塔 8階 北	탑 8층 북
塔 8階 東	탑 8층 동
塔 8階 西	탑 8층 서
塔 中間層(回転通路内部)	탑 중간층(회전 통로 내부)
塔15階 東2	탑15층 동2
塔1クリア	탑1 클리어
塔1ボス戦(バリオー)	탑1 보스전(바리오)
塔1進入可	탑1 진입
塔2クリア	탑2 클리어
塔2中ボス戦A	탑2 중보스전A
塔2中ボス戦B	탑2 중보스전B
塔2進入可	탑2 진입
塔、だと…？	탑,이라고…？
塔から生まれ出た純血種が\nゾアの森に根づいたもの。\n森の上空に出ている部分を\n攻撃しても、力の源である\n根が活動している限り\n効きめがない。	탑에서 난 순혈종이\n조아의 숲에 뿌리내렸다\n숲 상공의 부분을 쳐도\n힘의 근원인 뿌리가\n살아 있는 한\n효과가 없다.
塔が…	탑이…
塔が目覚めた以上、戦いはさけられません	탑이 깨어난 이상 싸움은 못 피해
塔が起動したせいで	탑이 가동한 탓에
塔とか、管理者とか…	탑이라든가,관리자라든가…
塔とセストレン	탑과 세스트렌
塔と同調するための、特別製	탑과 동조하는 특별 제작품
塔には、すごい力があるらしいんだ	탑에는,굉장한 힘이 있는 모양이야
塔による被害と新防衛構想	탑으로 인한 피해와 신방위구상
塔に行けるっていうんで、調べてたんだ	탑에 갈 수 있대서 조사하고 있었어
塔のせいで、死んでしまったわ	탑 때문에,죽어버렸어
塔の上空	탑 상공
塔の休眠状態を破るため、第2機甲\n連隊の全空中戦艦のエンジンから\n動力を引き出し、外部刺激として\n使用した。\n塔が起動準備状態に移行し、完全に\n浮上するまでには、12日間の連続\n稼動を要した。	탑의 휴면 상태를 깨기 위해,\n제2기갑 연대의 전 공중전함\n엔진에서 동력을 끌어내어,외부\n자극으로서 썼다.탑이 기동\n준비 상태로 이행하여,완전히\n부상하기까지는,12일간의 연속\n가동이 필요했다.
塔の外へ出て、体勢を整えることも可能よ	탑 밖에서 태세를 정비할 수도 있어
塔の守護者として創造された存在だ	탑의 수호자로서 창조된 존재다
塔の底部から高速飛行物体接近中	탑 하부에서 고속 비행체 접근 중
塔の引き上げ成功を機に、本格的な\n調査が開始されたが、起動に必要な\n要素の解明は困難を極めた。\n外部刺激実験も引き続き行われたが、\n浮上以後、明確な反応は確認できなく\nなっていた。	탑의 인양 성공을 계기로,본격적\n인 조사가 시작되었지만,기동에\n필요한 요소의 규명은 극히 곤란\n했다.외부 자극 실험도 계속\n이루어졌지만,부상 이후,명확한\n반응은 확인할 수 없게 되어\n있었다.
塔の探索	탑 탐색
塔の最上層で襲ってきた。\n空中機雷や対空誘導弾など\n驚くほどたくさんの武器を\n持っていたが、こいつは\nただの囮だった。	탑의 최상층에서\n습격해왔다.공중\n기뢰나 대공 유도탄\n등 놀랄 만큼 많은\n무기를 가지고\n있었지만,이 녀석은\n그저 미끼였다.
塔の最下層を占拠したそうです	탑의 최하층을 점거했다고 합니다
塔の機能	탑의 기능
塔の機能に関する記録	탑의 기능에 관한 기록
塔の機能を止めるためには	탑의 기능을 멈추기 위해서는
塔の破壊を目指す、唯一の個体なのだ	탑 파괴를 노리는 유일한 개체다
塔の総入手	탑 총 입수
塔の話だよ	탑 얘기야
塔の起動と自爆	탑의 기동과 자폭
塔の防衛システムは、	탑의 방위 시스템은,
塔の防衛システムも大分無力化してるわ	탑의 방위 시스템도 꽤 무력화됐어
塔は…セストレンはどうするんだ？	탑은…세스트렌은 어떻게 할 거지？
塔は、セストレンに通じる道でもある	탑은 세스트렌으로 통하는 길이다
塔は、大気・水・土壌などを浄化して\n生存に適した環境を拡大する一方、\n再生した環境を斉かす要素、すなわち\n人間を排除するため、内部で生産した\n攻性生物を使役している。	탑은,대기・물・토양 등을\n정화하여 생존에 적합한 환경을\n확대하는 한편,재생한 환경을\n어지럽히는 요소,즉 인간을\n배제하기 위해,내부에서 생산한\n공성생물을 사역한다.
塔への道を教えてくれるのならな	탑으로 가는 길을 알려준다면야
塔や攻性生物を含む、この世界の全てが…	탑도 공성생물도,이 세계 전부가…
塔をめぐる、でかい戦がな	탑을 둘러싼 큰 싸움이
塔をめぐる戦…	탑의 싸움…
塔を外部から破壊する事は難しい	탑을 외부에서 파괴하는 것은 어렵다
塔を探してる奴がいるとは聞いてたが…	탑을 찾는 놈이 있다곤 들었지만…
塔を破壊！？	탑을 파괴！？
塔中間層(回転通路内部)	탑 중간층(회전 통로 내부)
塔内部には、ローター・パイルと\n呼ばれる動力装置が6基存在する。\nこれが起動すると、層内の移動が\n阻まれるが、外周部にある制御装置で\n停止させることが可能である。\n制御装置の場所は以下の通りである。	탑 내부에는,로터 파일이라\n불리는 동력 장치가 6기\n존재한다.이것이 가동하면,층\n내 이동이 저지되지만,외주부에\n있는 제어 장치로 정지시키는\n것이 가능하다.제어 장치의\n위치는 다음과 같다.
塔内部の対侵入者システムも	탑 내부의 대침입자 시스템도
塔内部の移動経路	탑 내부 이동 경로
塔内部は5つの層に分かれているが、\nそれぞれは断絶しており、各々の層を\n行き来するためには、15階から成る\n外周部を通らなければならない。\n塔内部の移動経路は、以下のように\nなっている。	탑 내부는 5개의 층으로 나뉘어\n있지만,각각은 단절돼 있어,각\n층을 오가기 위해서는,15층으로\n이루어진 외주부를 통과해야만\n한다.탑 내부의 이동\n경로는,다음과 같이 돼 있다.
増強粉	증강분
壁を越える道は、まだ見つかっていない…	벽을 넘는 길은,아직 찾지 못했다…
壊れた掘削機の部品\n店で売れば金になる	부서진 굴착기부품\n팔면 돈이 된다
売却できないアイテムのリストを表示	팔 수 없는 아이템 목록을 표시
売却できるアイテムのリストを表示	팔 수 있는 아이템 목록을 표시
変な目で見るんじゃねえよ	이상한 눈으로 보지 마
変な霧に邪魔されて行けないんだよ	이상한 안개에 막혀서 갈 수가 없어
変わった…名前だな	특이한…이름이군
変わらぬ守護と恵みに、感謝を捧げます…	변함없는 수호와 은혜에 감사드립니다
変異種型攻性生物だ	변이종형 공성생물이다
変異種！？	변이종！？
変種の子には、ラギと名づけた。\n儀がなぜこいつを育てる気になったか\n聞いたら、みんな、きっと儀のことを\n笑うだろう。\n村の言い伝えや写本には、決まって\nドラゴンが出てくる。そして、ラギの\n姿は、そのドラゴンを思わせるのだ。	변종의 아이에게 라기라 이름\n붙였다.내가 왜 이 녀석을\n죽이지 못했는지 모르겠다.그저\n이 작은 생명이 가엾었을\n뿐인지도 모른다.어쨌든 나는\n규율을 어겼다.
変種は生まれ次第撃ち殺す。それが\n村の掟だ。変種は人になつかず\n売り物にならない。そして何より、\n不吉の象徴だった。\n…大人たちの間では。	변종은 태어나는 즉시 쏘아\n죽인다.그것이 마을의\n규율이다.지금까지 몇 마리나\n그렇게 처리해 왔다.\n그런데도.
外との交流は不幸しか生まん	밖과의 교류는 불행만 낳는다
外との取り引きが正式に認められたそうだ	밖과의 거래가 정식 인정됐다고 한다
外には、あんな化け物がいるのかよ	밖에는,저런 괴물이 있는 거냐
外には、戦艦の残骸が落ちてるんだろ？	밖엔 전함 잔해가 널렸다는 거지？
外に分け与えるなど、神の意思に反する	밖에 나눠주다니,신의 뜻에 반한다
外の世界って、物騒だろ	바깥세상은,위험하잖아
外の世界も、もう恐くなくなりました	바깥 세상도 이젠 안 무서워요
外の世界よりドラゴンに導かれた者…	바깥세상보다 드래곤에게 이끌린 자…
外の世界を見てみたいんだとよ	바깥세상을 보고 싶다더라
外の子供と一緒にされては困る	바깥 애처럼 다루면 곤란
外周部に出れば	외주부로 나가면
外周部へ移りましょう	외주부로 이동합시다
外界との交易は、必要悪だと思いますが	외부와의 교역은 필요악이라 봅니다
外界との取り引きの事だが…キトール、	외부 세계와의 거래 말인데…키톨,
外部防壁内の戦力が著しく消耗し、\n内部防壁内の戦力投入が不可欠と\n判断された時点で、第2種警戒態勢が\n発令される。\nただし、内部防壁の開放は、同時に\n司令塔への侵入を許すことになるので\n戦力運用は慎重に行わねばならない。	외부 방벽 내 전력이 현저히\n소모되어 내부 방벽 내 전력\n투입이 불가결하다고 판단된\n시점에 제2종 경계 태세가\n발령된다.다만 내부 방벽 개방은\n사령탑 침입을 허용하게 되므로\n전력 운용은 신중해야 한다.
多くの同胞が、森の奥に探索に出たが…	많은 동포가 숲 깊이 나갔지만…
多数の巨大生物を撃退し	다수의 거대 생물을 격퇴하고
多数の風の刃      <03><01>2ゲージ<03>	다수의 바람 칼날 <03><01>2게이지<03>
夜が明けたら、こっちに出てくるだろうぜ	날이 밝으면,이쪽으로 나올 거야
夜になったら、またいらっしゃい	밤이 되면,또 오렴
夜になると街を照らす光のことさ	밤이 되면 거리를 비추는 빛 말이야
夜の間は、この門の向こう側さ	밤 동안은,이 문 저편이야
夢を見るのが初めてみたいな□ぶりだな…	꿈꾸는 게 처음인 듯한 반응이군…
大きな街もあるって話だよ	큰 거리도 있다는 얘기
大丈夫、いつかはいい土地が見つかるよ	괜찮아,언젠간 좋은 땅을 찾는다
大丈夫、消耗しただけだから	괜찮아,그냥 지쳤을 뿐이니까
大丈夫、香石は夜まで充分もつよ	괜찮아,향석은 밤까지 충분해
大丈夫か、エッジ	괜찮아,엣지
大丈夫か！	괜찮아！
大丈夫か？	괜찮아？
大丈夫だ、今度はドラゴンがいる！	괜찮아,이번엔 드래곤이 있어！
大丈夫だよ、神様が守ってくださるからさ	괜찮아,신께서 지켜주실 테니까
大事な話なんだ、見てわからんのか？	중요한 이야기야,보면 모르겠어？
大事にしておあげ	소중히 여겨줘
大広間への鍵入手	대회당 열쇠 입수
大気を焦がす大火球   <03><01>2ゲージ<03>	대기를 태우는 대화구 <03><01>2게이지<03>
大陸一帯の地図	대륙 일대의 지도
天からドラゴンがやって来るって	하늘에서 드래곤이 온다고
天から降り注ぐ光の柱  <03><01>2ゲージ<03>	하늘에서 쏟아지는 빛 <03><01>2게이지<03>
天に帰る前に…	죽기 전에…
天地を切り裂く電撃   <03><01>2ゲージ<03>	천지를 가르는 전격 <03><01>2게이지<03>
奇跡的に生還した士官の証言によれば\nここでも全滅直前にドラゴンの姿が\n目撃されている。しかし、その外見は\n第1次捕獲部隊の報告にあるそれとは\n著しく異なっており、誤認ではないか\nとの見方もある。	기적적으로 생환한 사관의 증언에\n따르면 이곳에서도 전멸 직전에\n드래곤의 모습이\n목격되었다.그러나,그 외견은\n제1차 포획부대의 보고에 있는\n것과는 현저히 달라서,오인이\n아니냐는 견해도 있다.
女がいた	여자였다
女房が、なんか言ってただろ	마누라가,뭔가 말했었잖아
奴が塔にたどり着く前に粉砕せよ	놈이 탑에 도달하기 전에 분쇄하라
奴のテントに行ってみるといい	그 녀석 텐트에 가보면 돼
奴はまだ死んでない	그놈은 아직 안 죽음
奴は仲間を成長させる	그놈은 동료를 성장시킨다
奴は撃った方向に確実に反撃してくるぞ	그놈은 쏜 방향으로 꼭 반격해 온다
奴は背中が弱点だ！ よく狙えよ！	그놈은 등이 약점이다！잘 노려라！
奴は薄汚い裏切り者だ！	그놈은 더러운 배신자다！
奴ら…	그놈들…
奴ら、何度も手痛い目にあってるからな	그놈들,몇 번이나 호되게 당했으니까
奴ら、撃つとこっちを向くぜ	그놈들,쏘면 이쪽을 향해 와
奴ら、逃げ出したぞ！	그놈들,도망쳤다！
奴らには目も耳もない	그놈들은 눈도 귀도 없다
奴らの本隊まで、あとどのくらいだ！	그놈들 본대까지 얼마나 남았지！
奴らの武器は旧世紀の物だ…	그놈들의 무기는 구세기의 물건이다…
奴らはここで突然変異した	그놈들은 여기서 돌연변이했다
奴らは危害を加えなきゃおとなしいもんだ	건드리지 않으면 얌전한 편이다
奴らは巣からは離れない	그놈들은 둥지를 안 떠난다
奴らは谷にそって…北へ向かってる…	그놈들은 계곡을 따라 북으로 간다
奴らは遣跡が目当てなんだからな	저놈들은 유적이 목적이니까
姿も大きさも全然違うが、\nハイシュとハイガは、同じ\n種のオスとメスにあたる。\nこの時のハイガはほとんど\n攻撃力を持たないが、\nオスであるハイシュを食う\nことで、機動形態へと姿を\n変える。	모습도 크기도 다르나\n하이슈와 하이가는\n같은 종의 수컷과\n암컷이다.이때의\n하이가는 거의\n공격력이 없지만\n수컷 하이슈를 먹어\n기동형태로 변한다.
威力	위력
娘が悪い事を覚えると、困るんだがね	딸이 나쁜 걸 배우면 곤란해
嬉しい…	기뻐요…
子供が戻ってきたら、巣を飛び立って	아이가 돌아오면,둥지를 떠나서
子供を放し飼いにしとくんだ	아이를 자유롭게 놔두는 거야
子供達を養わなくちゃいけないんでね	아이들을 먹여 살려야 하니까 말이야
守られているのだ	지켜지고 있는 것이다
守るだって！？	지킨다고!?
守護地に生まれた人は、\n司祭によって定められた夜に、\n神への祈りを捧げなければならない。\n\nまず、祈りの夜の来る日には、\n清められたわき水のほかには、\n何も□にしてはならない。	수호지에서 태어난 자는,\n사제가 정한 밤에,\n신께 기도를 올려야 한다.\n\n우선,기도의 밤이 오는 날에는,\n정화된 샘물 외에는,\n아무것도 먹어서는 안 된다.
守護地に生まれた人よ、心せよ。\nあなたの血は、さばきを経て選ばれた\nよき人につらなる。\nあなたの血は、終息日において、\n新たな創造の手となる人に流れる。	수호지에서 태어난\n자여,명심하라.그대의\n피는,심판을 거쳐 선택된 선한\n자에게 이어진다.그대의\n피는,종식일에,새로운 창조의\n손이 될 자에게 흐른다.
守護地に生まれた人よ、忘れるな。\nあなたの上に降る「護り火」は、\n掟と引きかえであることを。\nその光は、終息日まで、\n絶えることがあってはならない。	수호지에서 태어난 자여,잊지\n마라.그대 위에 내리는\n「수호의 불」은,계율과\n맞바꾼 것임을.그\n빛은,종식일까지,끊어져서는\n안 된다.
安くしとくぜ…どうだ、こんなもんで？	싸게 해 줄게…어때,이 정도면?
安全装置解除、行くぞ！	안전장치 해제,간다!
完全に消滅しました	완전히 소멸했습니다
完全に独立しているみたい…	완전히 독립된 듯해…
完全に破壊するしかない、できるか？	완전히 부수는 수밖에,되겠나?
完全に街を牛耳った気でいやがる	완전히 마을을 손에 넣은 기분이겠지
完全形態	완전형태
宙に浮かぶ旧世紀の機械に向けて、\nラギが放ったもの…それはドラゴンの\n「光の矢」だった。\n \n儀の夢想は、現実になってしまった。\n今まで儀のまわりにあった、全ての\n現実を代償にして。	하늘에 떠 있는 구세기 기계를\n향해,라기가 쏜 것…그것은\n드래곤의 「빛의 화살」이었다.\n나의 몽상은,현실이 되고\n말았다.지금까지 내 주변에\n있던,모든 현실을 대가로\n삼아서.
実はな…	실은…
実を言うとさ…	실을 말하자면…
実を言うとな…	사실을 말하자면…
実際は、旧世紀の防衛装置なんだ	사실은,구세기의 방위 장치인 거야
実際はどうだか、わかったもんじゃねえ	실제로는 어떨지,알 게 뭐야
寄生されないように気をつけないと	기생당하지 않도록 조심해야지
対攻性生物戦	대공성생물전
対攻性生物戦用にガス弾を\n装備した戦闘機。\n後ろをとらなければろくに\n攻撃が当たらないうえ、\nガスをくらうと、こちらの\n行動がほとんど封じされて\nしまう。	대공성생물전용\n가스탄을 장비한\n전투기.\n뒤를 잡지 않으면\n제대로 안 맞는 데다\n가스를 맞으면\n행동이 거의 봉쇄된다.
対攻性生物用の攻撃機。\n攻撃力や防御力を下げる\n特殊な弾を撃ってくるが、\n強力な武器を積むために\n耐久力を犠牲にしている。	대공성생물용\n공격기.공격력이나\n방어력을 낮추는\n특수한 탄을\n쏘지만,강력한 무기를\n탑재하기 위해\n내구력을 희생한다.
対攻性生物用の攻撃機。\n神経弾や対攻性生物弾を\n積んでいる。護衛機を\n従えていることも多い。\nこちらの動きを追って砲を\n向けてくるが、落ち着いて\n逃げれば大丈夫だろう。	대공성생물용 공격기.\n신경탄이나\n대공성생물탄을\n탑재한다.호위기를\n거느리고 있는 경우도\n많다.이쪽의 움직임을\n쫓아 포를\n겨누지만,침착하게\n도망치면 괜찮을\n것이다.
対物センサー始動…	대물 센서 기동…
対空誘導レーダー停止しました！！	대공 유도 레이더 정지했습니다!!
対空誘導弾発射！	대공 유도탄 발사!
対空迎撃戦闘モード、高速射撃開始！	대공 요격 모드,고속 사격 개시!
対空迎撃戦闘開始！	대공 요격 전투 개시!
対空迎撃準備完了	대공요격 준비 완료
封印の解き方が、まだわかんないからね	봉인을 푸는 방법을,아직 모르니까
封印を解除すること…	봉인을 해제하는 것…
封印？	봉인?
尋うか、焼き払うか、だ	캐물을지,태워버릴지다
小動物・カゼノメのエサ\n木の実を細かく砕いたもの	소동물・카제노메의 먹이\n잘게 부순 나무 열매
小金目当てに体を張るバカはいねえよ	푼돈 때문에 목숨 거는 바보는 없어
少し、出力上げといたからな	조금,출력을 올려놨으니까
少しは…役に立てるかと思ったけど…	조금은…도움이 될 거라 생각했는데…
少しは将来のことを考えろ、とな	조금은 장래를 생각하라고 말이지
少ないが、とっといてくれ	적지만,받아 둬
少なくとも、外よりはずっとマシさ	적어도,밖보다는 훨씬 나아
少年、エッジの心に宿りし者よ	소년,엣지에 깃든 자여
少年がひとり乗っとったが…	소년이 한 명 타고 있었는데…
岩の壁を越えたけりゃ、抜け道を探しな	바위벽을 넘으려면 샛길을 찾아봐
巣の中で固まった分泌物が必要なんだ	둥지 안에서 굳어진 분비물이 필요해
巣を破壊されて怒っているのだろう	둥지가 파괴되어 화가 난 거겠지
左右	좌우
左腕マヒ	왼팔 마비
左舷に敵影確認	좌현 적함 확인
左舷動力停止	좌현 동력정지
左舷護衛艦隊壊滅	좌현 호위대 궤멸
巨大な生物の実験場だったのだ…	거대한 생물의 실험장이었던 것이다…
差出人の名がない手紙	보낸이 이름이 없는 편지
帝国がここに来た目的…	제국이 이곳에 온 목적…
帝国がここを占領したら…	제국이 이곳을 점령하면…
帝国がそう簡単に引きさがるもんか	제국이 그렇게 쉽게 물러날 리가
帝国がやばい物を発掘したっていうから	제국이 위험한 물건을 발굴했다니까
帝国がらみなんだろ、どうせ	어차피 제국과 관련된 거겠지
帝国が二度と来ないという保証はない	제국이 안 온다는 보장은 없다
帝国が塔と呼び追い求め、	제국이 탑이라 부르며 좇던,
帝国が攻めてきたら、おしまいだ	제국이 쳐들어오면,끝장이다
帝国が攻めてきた方がよかったのか？	제국이 쳐들어온 편이 나았을까?
帝国ってのは、そういう連中なんだよ	제국이란 건,그런 놈들이야
帝国ってのはひどい奴らだね、まったく	제국이란 놈들은 정말 지독하군
帝国って言や、聞いたか？	제국이라 하면,들었나?
帝国と同じく旧世紀の力を手に入れた	제국처럼 구세기의 힘을 손에 넣었다
帝国と関わりがあったなんて知れたら…	제국과 관련됐다는 게 알려지면…
帝国なんかより、ずっとな	제국 따위보다,훨씬
帝国に売ろうってのか？	제국에 팔겠다는 거냐?
帝国に焼かれてしまったんだ！	제국에 의해 불타버렸어!
帝国の事に詳しい人を探してるんだ	제국을 잘 아는 사람을 찾고 있어
帝国の体制は崩れつつあります	제국의 체제는 무너져 가고 있습니다
帝国の前線基地の警備兵に対して\n基地の構造を解説した書類	제국 전선기지 경비병용\n기지 구조 해설 서류
帝国の基地がつぶされたんだってよ	제국의 기지가 박살났다더군
帝国の基地のあちこちで\n見かける機体。\n武装がないぶん動きが早く\n攻撃が当たりにくいうえ、\nこちらを発見すると援軍を\n呼ぶ厄介な敵だ。	제국 기지 곳곳에서\n보이는 기체.\n무장이 없어 빠르고\n공격이 잘 안 맞는데\n이쪽을 보면 원군을\n부르는 성가신 적.
帝国の基地の事、知りたいんだけど	제국의 기지에 대해,알고 싶은데
帝国の基地の防衛線近くで\n戦った。\n大きな砲身が狙いをつけて\nくるが、砲台の旋回が遅い\nので、こちらが動き続けて\nいれば、まず大丈夫だ。	제국 기지 방위선\n근처에서 싸웠다.\n큰 포신이 조준해\n오지만 포대 선회가\n느려 계속 움직이면\n우선 괜찮다.
帝国の基地は全滅だとよ	제국의 기지는 전멸이라더군
帝国の基地を守っていた\n初めて見る型の戦艦。\n帝国軍では、特殊な武器や\nエンジンが発掘されると、\nそれに合わせた試作艦が\n作られると聞いたことが\nある。たぶん、この艦も\nそのひとつだろう。	제국의 기지를 지키고\n있던 처음 보는 형태의\n전함.\n제국군에서는,특수한\n무기나 엔진이\n발굴되면,그에 맞춘\n시작함이 만들어진다고\n들은 적이\n있다.아마,이 함도\n그중 하나일 것이다.
帝国の基地を守っている\n機体。\n爆雷を積んでいるが、\n前方にしか撃つことが\nできないらしい。ただし\n見かけのわりにすばやく、\n油断していると後ろを\nとられてしまう。	제국 기지를 지키는\n기체.\n폭뢰를 싣고 있지만\n전방으로만 쏠 수\n있다고 한다.다만\n겉보기와 달리 재빨라\n방심하면 뒤를\n잡히고 만다.
帝国の影がある土地には留まれんよ	제국 그림자가 있는 땅엔 못 머물러
帝国の手によって発掘された	제국의 손에 의해 발굴되었다
帝国の特務部隊…	제국의 특무부대…
帝国の狙いは「護り火」だよ、きっと	제국의 노림수는 「수호의 불」이야
帝国の連中があわてるわけだ	제국 놈들이 당황할 만하지
帝国の連中だって、似たようなもんさ	제국 놈들도,비슷한 거야
帝国の連中は、たぶんその向こうにいるぞ	제국 놈들은 그 너머에 있을 거야
帝国の金なんか、こっちからお断りだよ	제국의 돈 따위,이쪽에서 사양이야
帝国は、逆に目の仇にしてるがな	제국은 오히려 눈엣가시로 여기지만
帝国は旧世紀の遣跡の発掘を	제국은 구세기 유적의 발굴을
帝国も攻めてくるしさ	제국도 쳐들어오고 말이야
帝国戦艦ってのは	제국 전함이란 건
帝国暦71年6の月10日未明、\n全長2100リオンに及ぶ直方体の\n飛行物体が、攻性生物や戦艦を伴って\n国境方面に進行中であることを、\nメッカニア連邦領土内に侵入していた\n探索部隊が確認した。	제국력 71년 6월 10일 새벽\n,전장 2100리온에 달하는\n직육면체의 비행물체가,공성생물이\n나 전함을 동반하고 국경 방면으\n로 진행 중임을,메카니아 연방\n영토 내에 침입해 있던 탐색\n부대가 확인했다.
帝国暦89年2の月18日、\n帝都近海の海底に、微弱な動力反応が\n探知された。\n予備調査の結果、これは休眠状態の\n遣跡のもので、起動時の動力指数は\n帝国の保有するあらゆる遣跡のそれを\n凌駕しうると試算された。	제국력 89년 2월 18일,제도\n근해 해저에서 미약한 동력\n반응이 탐지되었다.예비 조사\n결과 이는 휴면 상태 유적의\n것으로,기동 시 동력 지수는\n제국이 보유한 모든 유적을\n능가한다고 시산되었다.
帝国暦89年の『塔』起動実験に\nおいて、2頭のドラゴンがまったく\n相反する行動をとったことが\n解釈の混乱を招いているのだが、\nこれに関しては、いまだ情報不足で\nあると言わざるを得ない。	제국력 89년의 『탑』기동\n실험에 있어서,두 마리의\n드래곤이 완전히 상반된 행동을\n취한 것이 해석의 혼란을\n초래하는데,이에 관해서는,아직\n정보 부족이라고 말할 수밖에.
帝国空中戦艦の通信記録\nクレイメン艦隊と戦った時のもの	제국 공중전함의 통신기록\n크레이멘 함대와 싸운 것
帝国軍が、あわてて調べに行ったらしいぜ	제국군이,허둥지둥 조사하러 갔다더군
帝国軍が、ゾアの街を\n焼きつくそうとして使った\n兵器。自ら飛行する巨大な\n砲弾のようなものだ。\n着弾する前に破壊して\nいなければ、儀らも爆発に\n巻き込まれていただろう。	제국군이 조아\n거리를 불태우려고\n쓴 병기.스스로 나는\n거대한 포탄 같은 것.\n착탄 전에 부수지\n않았다면 우리도\n폭발에 휘말렸으리라.
帝国軍がゲオルギウスで\n発掘していたドラゴンが\nよみがえった姿。\n旧世紀の船を守るのが、\nその使命だったらしい。	제국군이\n게오르기우스에서\n발굴하고 있던\n드래곤이 되살아난\n모습.구세기의\n배를 지키는 것이,\n그 사명이었던\n듯하다.
帝国軍が仲間割れしてるらしいぜ	제국군이 내분을 일으키는 모양이야
帝国軍が仲間割れしてるんだってな	제국군이 내분을 일으키고 있다더군
帝国軍が地方出身の新兵に\n配布している冊子	제국군이 지방 출신\n신병에게 배포하는 책자
帝国軍が行っちまうまで待つだけさ	제국군이 떠날 때까지 기다릴 뿐이야
帝国軍が逃げたという知らせがあったが…	제국군이 도망쳤다는 소식이…
帝国軍と戦っているらしい	제국군과 싸우고 있는 듯
帝国軍に見つからなかった？	제국군에게 들키지 않았어?
帝国軍のこと、心配してるのかい？	제국군에 대해,걱정하는 거야?
帝国軍の主力空中戦艦。\n今までに100隻以上も\n建造されているらしい。\nこれは輸送型で、武装の\n一部を取り外してある。	제국군 주력 공중전함\n지금까지 100척\n이상 건조됐다 한다.\n이건 수송형으로\n무장 일부를 뗐다.
帝国軍の基地の噂、聞いたか？	제국군 기지의 소문,들었나?
帝国軍の士官が言ってた	제국군 장교가 말했었어
帝国軍の存在は、住民の安全に関わる	제국군 존재는 주민 안전과 관련된다
帝国軍の技術って、進んでるんだろうな	제국군의 기술은,앞서 있겠지
帝国軍の書類だ	제국군의 서류다
帝国軍の最後の切り札、	제국군의 마지막 패,
帝国軍の送り火ってところさ	제국군의 송별 불꽃이라고나 할까
帝国軍はすでに塔の上層部を制圧した	제국군은 이미 탑 상층부를 제압
帝国軍も、ドラゴンを欲しがってたのか	제국군도 드래곤을 원했던 건가
帝国軍人心得	제국 군인 수칙
帝国軍旗艦グリグオリグに\n攻性生物がとりついた姿。\n皇帝砲はまだ生きていたが\n人間が操っているわけでは\nなく、ただやみくもに\n撃っているだけだった。	제국군 기함\n그리그오리그에\n공성생물이 달라붙은\n모습.황제포는 아직\n살아있었지만 인간이\n조종하는 것은\n아니고,그저\n마구잡이로 쏘고 있을\n뿐이었다.
帝国軍空中艦隊の旗艦。\n皇帝の乗艦でもあるが、\nむしろ王宮そのものが空に\n浮いていると言った方が\nいいかもしれない。\n最大の武器は、皇帝砲と\n名づけられた雷撃兵器。\nゾアの街は、これ一発で\n吹き飛ばされてしまった。	제국군 공중함대의\n기함.황제의 승함\n이기도 하나 오히려\n왕궁이 하늘에 떠\n있다는 편이 맞다.\n최대 무기는 황제포라\n이름 붙은 뇌격병기.\n조아 거리는 한 방에\n날아가 버렸다.
帝国軍空中艦隊クリア	제국군 공중함대 클리어
帝国軍空中艦隊ボス戦(ソーマ)	제국군 공중함대 보스전(소마)
帝国軍空中艦隊中ボス戦(グリグオリグ)	제국군 공중함대 중간보스전(그리그오리그)
帝国軍空中艦隊駐屯地クリア	제국군 공중함대 주둔지 클리어
帝国軍空中艦隊駐屯地ボス戦(噴進弾)	제국군 공중함대 주둔지 보스전(분진탄)
帝国軍空中艦隊駐屯地中ボス戦(ヴリトラ)	제국군 공중함대 주둔지 중간보스전(브리트라)
帝国軍空中艦隊駐屯地進入可	제국군 공중함대 주둔지 진입
帝国軍艦隊進軍状況	제국군 함대 진군상황
帝国軍！	제국군!
帝国軍！？	제국군!?
帝国軍？	제국군?
帝国領で使われている通貨	제국령에서 쓰이는 통화
帝都	제도
帝都に大規模な研究機関を設け	제도에 대규모 연구기관을 설치하고
帝都の仕掛けもそろそろ作動する	제도의 장치도 슬슬 작동한다
帝都の作戦も順調に進行中です…しかし	제도 작전도 순조로이 진행 중이나
帝都の半分が焼けちまった事もあるそうだ	제도 절반이 불탄 적도 있다고 한다
帝都を中心とした半径1万リオン、	제도를 중심으로 반경 1만 리온,
帝都上空を周回するグリグオリグは、\nそれ自体が宙に浮かぶ王宮である。\nこれが完成した暁には、たとえ\nドラゴンといえども、皇帝陛下に\n危害を加えることは不可能であろう。	제도 상공을 선회하는\n그리그오리그는,그 자체가\n하늘에 뜬 왕궁이다.이것이\n완성되는 날에는,설령 드래곤이라\n할지라도,황제 폐하에게 위해를\n가하는 것은 불가능할 것이다.
帝都内におけるドラゴン同士の戦闘、\n海中から出現した攻性生物の攻撃、\nさらには塔の自爆によって、帝都の\n約6割の地域が壊滅的打撃を受けた。	제도 내에서 벌어진 드래곤들\n간의 전투,바닷속에서 출현한\n공성생물의 공격,게다가 탑의\n자폭에 의해,제도의 약 6할에\n달하는 지역이 괴멸적 타격을\n입었다.
帰ってから必ずつけてやる	돌아가서 반드시 갚아주마
帰ってこられる保証はどこにもないわ	돌아온다는 보장은 어디에도 없어
帰って来たら、あそこで再会しよう	돌아오면,그곳에서 다시 만나자
年月は、全てを風化させてしまう	세월은,모든 것을 풍화시키고 만다
幸い、王宮とアカデミーの被害は\n軽微なものであったが、これを機に\n帝都(特に王宮)の防衛構想が大幅に\n見直されることとなった。その結果、\n超大型空中戦艦「グリグオリグ」の\n建造が開始されたのである。	다행히,왕궁과 아카데미의 피해는\n경미한 것이었으나,이를 계기로\n제도(특히 왕궁)의 방위 구상이\n대폭 재검토되게 되었다.그\n결과,초대형 공중전함\n「그리그오리그」의 건조가 시작된\n것이다.
幼体放出	유체방출
幼生体	유생체
広範囲に威力のある手投げ爆弾	넓은 범위에 위력이 있는 수류탄
度がすぎると、司祭様ににらまれるよ	도가 지나치면,사제님께 미움 받아
度が過ぎると、司祭様ににらまれるよ	도가 지나치면,사제님께 미움 받아
度胸あるのね、あんた	배짱이 있네,당신
廃来して次の居場所を探す…	떠돌며 다음 거처를 찾는다…
弱点がどこかに隠されてる	약점이 어딘가에 숨겨져 있다
弱点に当ると威力増大	약점에 맞으면 위력증대
弱点を尻尾で守ってやがる！	약점을 꼬리로 지키고 있어!
強力な追尾貫通レーザー <03><01>2ゲージ<03>	강력 추적관통 레이저 <03><01>2게이지<03>
強引に進める一方で	강행하는 한편
弾が近い敵3体に分散する	탄이 가까운 적 3체 분산
弾種変更、対攻性生物弾だ！	탄종 변경,대공성생물탄이다!
弾頭信管作動	탄두신관작동
当たりづらいが威力大	맞히기 어렵지만 위력 큼
当り前じゃないか、バカだね	당연하지,바보 같긴
当分、酒代はまけといてやるぜ	당분간,술값은 깎아 주지
当然、メル=カヴァを落とすためには\nそのエンジンを壊せばいいわけだが、\nそこまでの道は「死の光を放つ番人」\n(これも言い伝えにある呼び方だ)に\nふさがれている。たぶん、自律型の\n砲台みたいなものだろう。	당연히,멜=카바를 격추하기 위해\n서는 그 엔진을 파괴하면 되는\n것이지만,그곳까지의 길은 「죽\n음의 빛을 뿜는 파수꾼」(이것\n도 전해지는 이야기 속 호칭이다\n)에게 가로막혀 있다.아마,자율\n형 포대 같은 것일 것이다.
当然さ！	당연하지!
当階の警戒態勢を解除します…	이 층의 경계태세를 해제합니다…
役に立たなかったら、突っ返すんだよ	쓸모없으면 돌려주게
役目だからじゃないわ	임무이기 때문이 아니야
役立ちそうな物は、何も残ってなかったよ	쓸 만한 물건은 아무것도 안 남았어
役者がそろったようだな	배우들이 다 모인 모양이군
彼がなぜ異端の誕生を遂げたのか、\nそれは定かではない。彼が私のもとで\n幼き日を過ごしたのも、単なる偶然で\nしかなかったのかもしれない。\nしかし、彼は私を乗り手に選び、\n塔によって故郷を滅ぼされた私もまた\n彼の翼と力を欲した。	그가 왜 이단으로 태어났는지는\n확실치 않다.그가 내 곁에서\n어린 시절을 보낸 것도 단순한\n우연이었을지 모른다.하지만 그는\n나를 탑승자로 택했고,탑에\n고향을 잃은 나 역시 그의\n날개와 힘을 원했다.
彼と同じ、ドラゴン乗りの君にな	그와 같은 드래곤 라이더인 너에게
彼には「調整士」の素質がありそうだ	그에겐 「조정사」소질이 있는 듯
彼は、この里を率いたシーカーであり…	그는,이 마을을 이끈 시커였으며…
彼は、その力を私に与えてくれる	그는,그 힘을 나에게 주었다
彼は『塔』の力を使い、再びこの世界を	그는 『탑』의 힘으로 이 세계를
彼らが行ってきたのは	그들이 해온 것은
彼らが食料を持ち帰れば、万事解決します	식량을 갖고 오면 다 해결됩니다
彼らは帝国を興し、国力を増強したが…	그들은 제국을 세워 국력을 키웠지만
彼らは手に入る力	그들이 얻은 힘
彼らは欲を満たすために行ったのではない	그들은 욕망 때문에 한 게 아니다
彼らは生態系の管理者なのだよ	그들은 생태계의 관리자인 거야
彼女が、ドラゴンをセストレンに導き	그녀가,드래곤을 세스트렌으로 이끌고
彼女が協力してくれるのか？	그녀가 협력해 줄까?
彼女になら、それができるはずだ	그녀라면,그것이 가능할 것이다
彼女には、ここに残ってもらいます	그녀에겐 여기 남아 달라 하겠습니다
彼女に何かあったのか？	그녀에게 무슨 일이?
彼女の力は、災いにもつながりますが…	그녀의 힘은 재앙으로도 이어집니다
彼女の力を使えば、おそらく…	그녀의 힘을 사용하면,아마도…
彼女は、なんとしても守らねばならん	그녀는 어떻게든 지켜야 한다
彼女は、俺達にまかせてくれ	그녀는,우리에게 맡겨줘
彼女を傷つけずにアトルムだけを狙う…	그녀는 안 다치게 아트룸만 노린다
彼女？	그녀?
待ってくれ…味方だ、俺達味方だ	기다려…아군이다,우리는 아군이야
待ってくれ！ アゼル！！	기다려!아젤!!
待ってエッジ、	기다려 엣지,
待て…これを見ろ	기다려…이걸 봐
待て…水の、流れる音がする…	기다려…물이,흐르는 소리가 난다…
待てよ、儀達のドラゴンはどうするんだ	잠깐,우리 드래곤은 어떻게 할 거야
後左右	뒤좌우
後方	후방
後続隊、後は頼む…	후속대,뒤는 부탁한다…
後部安定尾翼投来	후부 안정미익 투기
得体が知れない	정체 불명
得体の知れねえ連中だぜ	정체를 알 수 없는 놈들이야
復旧急げ！	복구 서둘러!
復活させてくれるとはな！！	부활시켜 주다니!!
徹底した実験が必要だ	철저한 실험이 필요하다
心当たり、あるのか？	짚이는 데,있어?
心技力	심기력
心技力を高めて戦っていると\n心技系統バーサークが\n早めに得られる。\n全体大ダメージのバーサーク。\nSKILL CLASS。	심기력을 높여서 싸우면\n심기계열 버서크를\n일찍 얻을 수 있다.\n전체 대미지 버서크.\nSKILL CLASS.
心技型	심기형
心技型で長く戦っていると\nレベルアップした時に\n最大BPが上がりやすい。また、\nSPIRITUAL CLASSの\nバーサークを覚えやすい。	심기형으로 오래 싸우면 레벨업\n할 때 최대 BP가 오르기\n쉽다.또한,SPIRITUAL\nCLASS의 버서크를 익히기\n쉽다.
心技型で長く戦っていると\n最大BPが上がりやすい。\nまた、\nSPIRITUAL CLASSの\nバーサークを覚えやすい。	심기형으로 오래 싸우면\n최대 BP가 오르기 쉽다.\n또한,\nSPIRITUAL CLASS의\n버서크를 익히기 쉽다.
心配しないで	걱정하지 마
心配ない	걱정 없다
必ず…必ず帰ってくる！	반드시…반드시 돌아온다!
必ず、ウンブラとともに\n行動している。それぞれ、\n左右と前後に対する攻撃を\n無効化する力があるうえ、\nこちらに反応して動くのが\n厄介だ。効率よく倒すには\n少し頭を使う必要がある。	반드시 움브라와 함께\n행동한다.각각\n좌우와 전후의 공격을\n무효화하는 힘이 있고\n이쪽에 반응해 움직여\n성가시다.잘 잡으려면\n머리를 좀 써야 한다.
必ず、フォスとともに\n行動している。それぞれ、\n左右と前後に対する攻撃を\n無効化する力があるうえ、\nこちらに反応して動くのが\n厄介だ。効率よく倒すには\n少し頭を使う必要がある。	반드시 포스와 함께\n행동한다.각각\n좌우와 전후의 공격을\n무효화하는 힘이 있고\n이쪽에 반응해 움직여\n성가시다.잘 잡으려면\n머리를 좀 써야 한다.
必ず、帰ってきてください…	꼭,돌아와 주세요…
必要以上の詮索は無用、	쓸데없이 캐묻지 마라,
怒り	분노
思い出したぜ	생각났다
思い切って、街の外に出たかいがあったぜ	마을 밖으로 나온 보람이 있었어
思ったよりねばる…	생각보다 끈질기네…
思わせてるがな	그리 여기게 두지만
思わない…	그렇진 않다…
思考器官の複雑さゆえに、生産数は\n微々たるものであり、重要度の高い\n生産施設の統括用として、優先的に\n配備されている。\nまた、高機能攻性生物の頭脳として\n利用する計画も進行中である。	사고기관의 복잡함 때문에,생산\n수는 미미한 편이며,중요도가\n높은 생산 시설의\n통괄용으로,우선적으로 배치되고\n있다.또한,고기능 공성생물의\n두뇌로 이용할 계획도 진행\n중이다.
急いで隊長の所に戻ろう	서둘러 대장에게 돌아가자
急ぐぞ！！	서두르자!!
急げよ、エッジ君	서둘러,엣지 군
急げよ！ 時間がない！！	서둘러!시간이 없어!!
急げ！ 『帝国軍』が来る	서둘러!『제국군』이 온다
性能を見る        	성능을 본다
恐くなっちまったんだよ、戦うのが…	무서워져 버렸어,싸우는 게…
恐ろしい	두렵다
息をつく間を与えるな、畳みかける！	틈을 주지 마라,몰아붙여라!
息子が助かったのが、せめてもの救いだ	아들이 살아남은 게 그나마 위안이다
息子が助かったのは、あんたのおかげだよ	아들이 살아남은 것은,당신 덕분이야
息子の死に目には会えたんだもの	아들의 임종은 지켰으니까
息子も死んでしまった	아들도 죽고 말았다
息子を甘やかすわけではないが…	아들을 응석받이로 키울 맘은 없어
悪いが、もう一晩だけつきあってくれ	미안하지만,하룻밤만 더 함께해 줘
悪いな、商談中なんだ	미안,상담 중이야
悪いようにはしない	나쁘게는 하지 않아
悪いようにはしやしないさ	나쁘게는 하지 않을 거야
悪い悪い、空飛んだの初めてだからさ	미안 미안,하늘 나는 게 처음이라서
悪い話じゃないだろ？	나쁜 얘긴 아니지?
悪い話ではなかろう	나쁜 얘기는 아닐 거다
悪かったな、変な事言い出して	미안했다,이상한 소리를 꺼내서
情報をつかんでいるようだ	정보를 잡고 있는 듯
情報を伝える術を知ってる	정보를 전할 방법을 안다
情報系構造体に関する記録	정보계 구조체에 관한 기록
意外だったか	의외였나
意外と隠れ場所があってな、	의외로 숨을 곳이 있어서 말이지,
意識融合体	의식융합체
意識融合体シェルクーフ	의식융합체 셸쿠프
意識融合体ヌリシンハ	의식융합체 누리신하
意識融合体ヌース	의식융합체 누스
意識融合体ハヌマン	의식융합체 하누만
意識融合体プロトタイプD	의식융합체 프로토타입 D
意識融合体メル=カヴァ	의식융합체 멜=카바
意識融合体ランドドーラ	의식융합체 란도도라
愚かな事だ	어리석은 짓
愚か者め…私は囮にすぎん…	어리석은 놈…난 미끼일 뿐
感謝の心は、教会への寄付で示せばよい	감사는 교회 기부로 나타내면 된다
慣例に基づき、予備調査によって得た\n情報を皇室伝承と比較したところ、\n当該遣跡は、旧世紀の禁断兵器\n『塔』のひとつであることが判明。\n皇帝陛下の動命により、全ての発掘\n作業は中断され、塔の再起動に全力が\n注がれることとなった。	관례에 따라 예비 조사로 얻은\n정보를 황실 전승과 비교한\n결과,해당 유적은 구세기의 금단\n병기 『탑』중 하나로\n판명되었다.황제 폐하의 명으로\n모든 발굴은 중단되고 탑의\n재기동에 전력이 기울여졌다.
慣性飛行段階	관성비행단계
憤怒	분노
成長光	성장광
我々が君を監視していたのも、そのためだ	널 감시한 것도 그 때문이다
我々が思っている以上に	우리가 생각하는 이상으로
我々に残された「遣産」、すなわち…	우리에게 남겨진 「유산」,즉…
我々の世代になってからのことだ	우리 세대가 되고 나서의 일이다
我々の役目…	우리의 임무…
我々の旅は、空の塔・シェルクーフを\nゲオルギウスに沈めることで終わり、\n力を使い果たした我が友は、肉体を\n捨てて深い眠りについた。\nそれが、再び生ある身体に目覚め、\n新たな乗り手として君を選んだという\nわけだ。	우리의 여행은 하늘의\n탑・셸쿠프를 게오르기우스에\n가라앉힘으로써 끝났고,힘을 다\n쓴 나의 벗은 육체를 버리고\n깊은 잠에 들었다.그것이 다시\n눈을 떠 새 탑승자로 너를\n택했다는 것이다.
我々の自給もおぼつかなくなるのだぞ	우리의 자급도 위태로워지는 것이다
我々は、また同じ過ちを犯してしまう…	우리는 또 같은 잘못을 저지른다…
我々は目に見えない旧世紀の力によって	우리는 보이지 않는 구세기의 힘에
我々は自分の首を絞め続ける	우리는 스스로 목을 계속 조른다
我々も、ここを守るため出発します	우리도 이곳을 지키러 출발합니다
我々シーカーが、塔とセストレンに\nよる管理システムの存在を知ることが\nできたのも、情報系構造体の再起動に\n成功したからだが、この種の構造体の\n一部には、情報の記録以外にも重要な\n機能が存在することがわかった。	우리 시커가,탑과 세스트렌에\n의한 관리 시스템의 존재를 알\n수 있었던 것도,정보계 구조체의\n재기동에 성공했기 때문인데,이런\n종류의 구조체 일부에는,정보\n기록 외에도 중요한 기능이\n존재한다는 것을 알게 되었다.
我々人類の輝かしい未来への扉をな！	우리 인류의 빛나는 미래의 문을!
我々人類はそれをあっという間に	우리 인류는 그것을 순식간에
我が軍の最大の目的は、旧世紀の禁断\n兵器『塔』を手中にすることにある。\n皇室伝承によれば、各地に点在する\n塔のそれぞれに、全世界を破壊して\nなお余りある能力が与えられていると\nいう。	우리 군의 최대 목적은,구세기의\n금단 병기 『탑』을 손에 넣는\n것에 있다.황실 전승에\n따르면,각지에 흩어져 있는 탑\n각각에는,전 세계를 파괴하고도\n남을 능력이 부여돼 있다고\n한다.
我らの目に映るものは、ただひとつを\nのぞいて、この時に創造された。\n水や草や獣は、人の糧として、\n遣跡は、人と神の家として、\n攻性生物は、人のしもべとして、\nそれぞれの役割を果たした。	우리의 눈에 비치는 것은,단\n하나를 제외하고,이때\n창조되었다.물과 풀과\n짐승은,사람의 양식으로서,\n유적은,사람과 신의 집으로서,\n공성생물은,사람의 종으로서,\n각자의 역할을 다했다.
我らは、このような里を各地に持っている	우리는,이런 마을을 각지에 가진다
我らは、打ち捨てられた人の世にて、\n生の苦役をつとめねばならない。\nそれは、我らにつらなる人の犯した\nあやまちゆえである。\n再び神の栄光を求めるならば、\n死に至るまでの道をもって、\nさばきを受けねばならない。	우리는,버림받은 인간의\n세상에서,삶의 고역을 감당해야\n한다.그것은,우리와 이어진\n사람이 저지른 잘못 때문이다.\n다시 신의 영광을 구하려\n한다면,죽음에 이르는 길로써,\n심판을 받아야 한다.
戦いが終わった時、我が友であった\nドラゴンは、自らの存在の秘密を\n私に託して去っていった。\nのちにシーカーの一冥となった私は、\n「編み人」達の協力を得て、それを\n読み解こうとしてきたが、全てを解明\nするには至らなかった。	싸움이 끝났을 때 나의 벗이었던\n드래곤은 자신의 존재의 비밀을\n내게 맡기고 떠나갔다.훗날\n시커가 된 나는 「엮는 자」들의\n협력을 얻어 그것을 풀어내려\n해왔지만,모두 밝히지는 못했다.
戦いにまぎれて、彼女は姿を消した	싸움에 섞여 그녀는 모습을 감췄다
戦いに巻き込まれるのがいやだったんだな	싸움에 휘말리는 게 싫었던 거구나
戦いに巻き込まれるのは、もういやだ！	싸움에 휘말리는 건 지긋지긋해!
戦いに役立ちそうな物	싸움에 도움이 될 것 같은 물건
戦いのためだけに費やされて…	싸움만을 위해 소비되어…
戦いを見るの初めてだろ、あいつ	싸움 보는 게 처음이잖아,걘
戦うのは、ドラゴンだけでいいじゃないか	싸우는 건,드래곤만으로 충분하잖아
戦っている間、儀はラギと一体に\nなったようだった。恐れは消え去り、\n自信と使命感が全身にあふれていた。\nあれは儀自身の意思なのか…それとも\nドラゴンとしてのラギの意思が、儀を\n突き動かしていただけなのか。	싸우는 동안,나는 라기와 하나가\n된 것 같았다.두려움은 사라지고\n,자신감과 사명감이 온몸에 넘\n쳐흘렀다.그것은 나 자신의 의\n지였을까…아니면 드래곤으로서의\n라기의 의지가,나를 움직이게 했\n을 뿐이었을까.
戦はどうなっちまったんだ？	전쟁은 어떻게 된 거야?
戦績評価	전적 평가
戦闘に勝利すると\n戦い方が5段階で評価される。\nこの評価が高いほど\n経験値やアイテムが得やすくなる。	전투에 승리하면 전투 방식이\n5단계로 평가된다.이 평가가\n높을수록 경험치나 아이템을\n얻기 쉬워진다.
戦闘システム説明	전투 시스템 설명
戦闘レーダー内の各方向の色は\nその方向に対する\n敵の攻撃の危険度を表している。	전투 레이더의 방향별 색은\n그 방향에 대한\n적 공격의 위험도를 뜻한다.
戦闘中のドラゴンとエッジは\n行動エネルギーを共有している。\nそれが<03>\nシンクロナスゲージ<03>	전투 중 드래곤과 엣지는\n행동 에너지를 함께 쓴다.\n그것이<03>\n싱크로너스 게이지<03>
戦闘時操作系	전투시 조작계
戦闘装備…作動	전투장비…작동
戻って来たのか…	돌아온 건가…
戻って来たら、すぐにあとを追うよ	돌아오면,바로 뒤따라갈게
所属と形式を明らかにせよ…	소속과 형식을 밝혀라…
所有アイテム	소유 아이템
扉を開きます	문을 엽니다
手がかりを探しましょう	단서를 찾아봅시다
手ごわい相手だった…	만만치 않은 상대였다…
手すきの者は消火にあたれ！	손 비는 자는 소화에 임하라!
手伝いだったら、昔からやってたけど…	도와주는 거라면,예전부터 해왔지만…
手伝いならお断りだぜ	도와주는 거라면 사양이야
手当たりしだいに掘り返してるだけだ	닥치는 대로 파헤치고 있을 뿐이다
手当たりしだいに攻撃している	닥치는 대로 공격한다
手柄をあげるぞ、迎撃戦闘開始！	공을 세우겠다,요격 전투 개시!
手紙…誰からだ？	편지…누구한테서지?
打ち捨てられぬ人の手によって\nけがれなき世界が創造された日が\n原初日のよみがえりとなる。\n神は再び世界の上に立ち、\n栄光と幸いを世界にもたらす。\nそれは、終わりのない一日であり、\n我らに約された救済である。	버림받지 않은 인간의 손에 의\n해 더러움 없는 세계가 창조된\n날이 태초일의 재현이 된다.\n신은 다시 세계 위에 서서,\n영광과 축복을 세계에 가져온다\n.그것은,끝없는 하루이며,\n우리에게 약속된 구원이다.
投下	투하
折り入って話があるんだけどね	실은 할 얘기가 있는데
抜け穴って？	빠질 굴이라니?
拡張メモリーからロードします	확장 메모리에서 불러옵니다
拡張メモリーにセーブします	확장 메모리에 저장합니다
拾ってきたんだろうが	주워온 거잖아
持ち主の死体も一緒だった	주인의 시체도 함께 있었다
持ってけよ、金はいらねえ	가져가,돈은 필요 없어
指揮艦の存在を確認した	지휘함의 존재를 확인했다
捕獲部隊全滅の経緯	포획부대 전멸의 경위
排気	배기
排除する…あの時と同じに	배제한다…그때와 마찬가지로
排除する…誤った意志も…	배제한다…잘못된 의지도…
掟なんかなくてさ	규율도 없고
掟を破るつもりはなかった。\nただ、殺せなかった。\nこいつの肩から生えている小さな翼が\n儀の心を捉えてしまったから。\n \nそう、こいつには翼があったのだ。	규율을 어길 생각은 없었다.\n다만,죽일 수 없었다.이\n녀석의 어깨에서 돋아난 작은\n날개가 내 마음을 사로잡아\n버렸기 때문에.그래,이\n녀석에게는 날개가 있었던\n것이다.
探してどうする？	찾아서 어쩌게?
撃つな	쏘지 마
撃つな！！	쏘지 마!!
撃て、分離した時のあれが弱点だ	쏴라,분리됐을 때 그게 약점이다
撃てぃっ！	쏴라!
撃てぃ！	쏴!
撃てぇ！ 撃ちまくれ！！	쏴!마구 쏴라!!
撃てば赤く光るはずだ	쏘면 붉게 빛날 것이다
撃て！	쏴라!
撃墜に失敗、これより帰投する	격추 실패,지금부터 귀환한다
撤退した残存部隊の報告に基づいて\n編成された第2次捕獲部隊は、\nゲオルギウス付近でシェルクーフに\n遭遇、接触を図ったが、その表面に\n設置されていた雷撃兵器の集中攻撃を\n受け、全滅に至った。	철퇴한 잔존부대의 보고에\n근거하여 편성된 제2차\n포획부대는,게오르기우스\n부근에서 셸쿠프와 조우,접촉을\n시도했으나,그 표면에 설치되어\n있던 뇌격 병기의 집중 공격을\n받아,전멸에 이르렀다.
操作はコマンドアイコンで行なうが\nレーザーと銃はアイコンを出さずに\nボタン一つでも発射できる。\n押したままで使用することも可能。	조작은 커맨드 아이콘으로 하나\n레이저와 총은 아이콘 없이\n버튼 하나로도 쏜다.\n누른 채로 쓸 수도 있다.
操作系を変更	조작계 변경
攻性生物…あの化け物どもさ	공성생물…그 괴물들 말이야
攻性生物かなんかに	공성생물인가 뭔가에게
攻性生物から、人間の生きる場所を守る…	공성생물에게서 터전을 지킨다…
攻性生物が体内で作る宝石\n高値で売れる	공성생물이 체내에 만든\n보석 비싸게 팔린다
攻性生物が全然いないんだ	공성생물이 전혀 없어
攻性生物が寄ってくる	공성생물이 다가온다
攻性生物が近づいてるんだってね	공성생물이 다가오고 있다더군
攻性生物が造られた時代よ	공성생물이 만들어진 시대야
攻性生物でも、食べればうまいもんさ	공성생물도 먹으면 맛있다고
攻性生物と…グリグオリグ、両方です	공성생물과…그리그오리그,둘 다
攻性生物とはわけが違うんだ	공성생물과는 차원이 달라
攻性生物と交戦中との報告あり	공성생물과 교전 중이라는 보고
攻性生物どもから、この一帯を守っとる	공성생물에게서 이 일대를 지킨다
攻性生物なんざほっときゃいいのによ	공성생물 따위 내버려 두면 될 텐데
攻性生物のいない森なんて、初めて見たよ	공성생물이 없는 숲은,처음 봤어
攻性生物のいねえ森ってのはいいもんだぜ	공성생물 없는 숲은 좋은 거야
攻性生物の仲間？	공성생물의 동료?
攻性生物の体の一部	공성생물의 몸 일부
攻性生物の体の中に入っとる	공성생물의 몸 속에 들어가 있다
攻性生物の体液\n店で売れば金になる	공성생물의 체액\n팔면 돈이 된다
攻性生物の光学器官を磨き込んだもの\n高値で売れる	공성생물의 광학기관을 갈아낸 것\n비싸게 팔린다
攻性生物の動きがおかしいそうだ	공성생물의 움직임이 이상하다고 한다
攻性生物の感覚器官\n高値で売れる	공성생물의 감각기\n관 비싸게 팔린다
攻性生物の攻撃器官\n高値で売れる	공성생물의 공격기\n관 비싸게 팔린다
攻性生物の方にずっと近い	공성생물 쪽에 훨씬 가깝다
攻性生物の特殊装甲\n店で売れば金になる	공성생물 특수장갑\n팔면 돈이 된다
攻性生物の甲皮\n店で売れば金になる	공성생물의 껍질\n팔면 돈이 된다
攻性生物の眼球\n店で売れば金になる	공성생물의 안구\n팔면 돈이 된다
攻性生物の群れと出くわしちまって	공성생물 무리와 마주쳐서
攻性生物の肉塊\n高値で売れる	공성생물 고기\n비싸게 팔린다
攻性生物の運動器官\n高値で売れる	공성생물의 운동기\n관 비싸게 팔린다
攻性生物は、いわば塔のしもべだ	공성생물은,말하자면 탑의 종이다
攻性生物は減ったが、嵐が激しい	공성생물은 줄었지만,폭풍이 거세다
攻性生物も、帝国軍の武器も	공성생물도,제국군의 무기도
攻性生物よけの風網か！	공성생물 막는 바람그물인가!
攻性生物らしき影を見たとの報告あり	공성생물 그림자를 봤다는 보고
攻性生物を倒した後、儀は初めて\n旧世紀の遣跡に入った。\n遣跡の中は、想像とはまるで違った。\n番人のように襲ってくる攻性生物の\n群れ、大陸全てが潤うほどの湖、\n奇妙な機械が眠り続ける迷宮。\nそこには、死の匂いだけがあった。	공성생물을 쓰러뜨린 뒤 나는\n처음으로 구세기의 유적에\n들어갔다.유적 안은 상상과 전혀\n달랐다.파수꾼처럼 덮쳐오는\n공성생물의 무리,대륙을 적실\n만한 호수,기묘한 기계가 잠든\n미궁.죽음의 냄새뿐이었다.
攻性生物を召喚する   <03><01>2ゲージ<03>	공성생물을 소환한다 <03><01>2게이지<03>
攻性生物を引きつけられる	공성생물을 끌어들일 수 있다
攻性生物を発見した	공성생물을 발견했다
攻性生物を見たことなかったのか？	공성생물을 본 적이 없었던 거야?
攻性生物ハヌマンのポッド\n店で売れば金になる	공성생물 하누만의 포드\n가게에 팔면 돈이 된다
攻性生物ハヌマンの尻尾\n店で売れば金になる	공성생물하누만 꼬리\n팔면 돈이 된다
攻性生物ハヌマンの爪\n店で売れば金になる	공성생물하누만 발톱\n팔면 돈이 된다
攻性生物ハヌマンの甲皮\n店で売れば金になる	공성생물하누만 껍질\n팔면 돈이 된다
攻性生物接近、人間が乗っています！	공성생물 접근,인간이 탔습니다!
攻性生物接近、例のドラゴン型です	공성생물 접근,그 드래곤형입니다
攻性生物接近！砲台旋回！	공성생물 접근!포대 선회!
攻性生物発見！	공성생물 발견!
攻撃が…効かない！？	공격이…통하지 않는다!?
攻撃が全てあのバリアにはじかれてしまう	공격이 전부 저 배리어에 튕겨난다
攻撃が効かない！？ 跳ね返してる！	공격이 안 통한다!?튕겨낸다!
攻撃の種類とその効果	공격의 종류와 그 효과
攻撃を受けたんだろうな	공격을 받았겠지
攻撃力	공격력
攻撃力や防御力、さらに\nすばやさも上がった\n最後の形態。\nこいつを倒すと同時に\n<01><01>も\n変形能力を手に入れた。\n単なる偶然だろうか？	공격력과 방어력,\n민첩성도 오른\n마지막 형태.\n이놈을 쓰러뜨리자\n<01><01>도\n변형 능력을 얻었다.\n단순한 우연일까?
攻撃力を高めて戦っていると\n攻撃系統バーサークが\n早めに得られる。\n光学属性のバーサーク。\nATTACK CLASSと呼称。	공격력을 높여 싸우면 공격계\n버서크를 일찍 얻는다.광학\n속성 버서크.ATTACK\nCLASS라 한다.
攻撃型	공격형
攻撃型で長く戦っていると\nレベルアップした時に\nレーザーの威力が上がりやすい。\nまた、ATTACK CLASSの\nバーサークを覚えやすい。	공격형으로 오래 싸우면\n레벨업할 때\n레이저의 위력이 오르기 쉽다.\n또한,ATTACK CLASS의\n버서크를 익히기 쉽다.
攻撃型で長く戦っていると\nレーザーの威力が上がりやすい。\nまた、ATTACK CLASSの\nバーサークを覚えやすい。	공격형으로 오래 싸우면\n레이저의 위력이 오르기 쉽다.\n또한,ATTACK CLASS의\n버서크를 익히기 쉽다.
攻撃方向	공격방향
放っておく	내버려 둔다
放出□閉鎖	방출구폐쇄
放熱モード	방열 모드
放熱モード終了	방열모드 종료
故郷の村を思い出すよ	고향 마을이 생각나
救助信号を発信しろ	구조 신호를 발신하라
教えればいいんだな…	가르쳐 주면 되는 거지…
教会に行っているひまなどない	교회에 갈 여유 따위 없다
教会の入□の脇に、通路があるんだとよ	교회 입구 옆에,통로가 있다더군
教会の脇の通路を通って…	교회 옆 통로를 지나서…
教会の鍵	교회열쇠
教会は、その左側だそうです	교회는,그 왼쪽이라고 합니다
数値の割り振りの度合いにより\n標準型・攻撃型・心技型・防御型\n機動型の5つに\nタイプは分けられる。	수치 배분의 정도에 따라\n표준형・공격형・심기형・방어형\n기동형의 5가지로\n타입이 나뉜다.
数千年間、いた場所だ	수천 년간 있던 곳이다
数百年以上の時を要するだろう	수백 년 넘는 시간이 필요하겠지
数種の攻性生物が共生する\n群体のような奴だ。\nわれを忘れて、地上まで\n追って来たところを見ると\n地下にいた攻性生物たちの\n産みの親のような存在\nだったのかもしれない。	몇 종류의 공성생물이\n공생하는 군체 같은\n놈이다.정신없이,지상까\n지 쫓아온 것을 보면\n지하에 있던\n공성생물들의 어미\n같은 존재 였을지도\n모른다.
敵からの攻撃に対処するために\nドラゴンは敵の前後左右4方向に\n移動することができる。\nこれを<03>\n位置取り<03>	적의 공격에 대처하려\n드래곤은 적의 전후좌우로\n이동할 수 있다.\n이것을<03>\n포지셔닝<03>
敵が来た時の処理はまかせる	적이 왔을 때 처리는 맡겨둬
敵だったんでしょ、あなたの	적이었던 거지,당신이
敵とドラゴンの位置関係は\n<03>\n戦闘レーダー<03>	적과 드래곤의 위치는\n<03>\n전투 레이더<03>
敵に大きなダメージを与えるには\n弱点を狙って攻撃すればよい。\n弱点には<03>\nWEAK<03>	적에게 큰 데미지를 주려면\n약점을 노려 공격하면 된다.\n약점에는<03>\nWEAK<03>
敵の弱点や、集団の中の特定の敵を\n集中して攻撃できる。	적의 약점이나 무리 속 적을\n집중 공격한다.
敵の攻撃を一定時間防ぐ	적 공격을 일정시간 막는다
敵の攻撃を一定時間防ぐ <03><01>2ゲージ<03>	공격을 일정시간 방어 <03><01>2게이지<03>
敵の数が増えるだけだ	적의 수가 늘어날 뿐이다
敵の数が多くても、1体あたりの\nダメージは変わらないので\n一度に多くの敵と戦う場合に有効。\nレベルアップによって\n覚えることができる。	적의 수가 많아도 1체당\n데미지는 변하지 않으므로 한\n번에 많은 적과 싸울 때\n유효.레벨업으로 익힐 수\n있다.
敵の数が多くても少なくても\n総攻撃回数は変わらないので\n少数の敵に対して使った方が有効。\nレベルアップによって\n覚えることができる。	적의 수가 많든 적든 총공격\n횟수는 변하지 않으므로\n소수의 적에게 쓰는 편이\n유효.레벨업으로 익힐 수\n있다.
敵の機動部隊が君のところに向かうまで	적의 기동부대가 네게 향할 때까지
敵の目をくらませて戦闘から逃げる	적의 눈을 속여 전투에서 도망친다
敵の目をくらませ逃げる <03><01>2ゲージ<03>	적의 눈을 속여 도망 <03><01>2게이지<03>
敵の行動は\nドラゴンが敵に対して\nどの方向にいるかによって\n変わってくる。	적의 행동은\n드래곤이 적을 기준으로\n어느 방향에 있느냐로\n달라진다.
敵の防御力は\n方向によって異なるので\nどの方向から攻撃するかによって\n与えるダメージが違ってくる。	적의 방어력은\n방향마다 다르므로\n어느 방향에서 치느냐로\n주는 피해가 달라진다.
敵を倒すまでの時間が短く\n敵から受けたダメージが小さいほど\n高い評価を得ることができる。\n評価は、高い順に以下のとおり。	적을 쓰러뜨리는 시간이 짧고\n적에게 받은 데미지가\n작을수록 높은 평가를 받을\n수 있다.평가는 높은 순으로\n다음과 같다.
敵を倒せばすむってもんじゃなかった	적만 쓰러뜨리면 끝나는 게 아니었어
敵を切り裂く風の刃   <03><01>2ゲージ<03>	적을 베는 바람 칼날 <03><01>2게이지<03>
敵影を確認、援軍求む	적 발견,지원군 요청
敵影を確認！	적 발견!
敵？	적?
文明の力ってやつをな	문명의 힘이란 걸
料理の仕方にコツがいるけどね	요리엔 요령이 필요하지만
新しい司祭様の方針だと聞きましたが…	새 사제님의 방침이라고 들었는데…
新しい品が入ったよ	새 물건이 들어왔어
新たな乗り手へ	새로운 라이더에게
新たな実りを探しているのでしょう？	새로운 결실을 찾고 있는 거겠지?
新たな恵みが見つかる保証はないのだ	새로운 은혜를 찾는다는 보장은 없다
新たな目的を与えるためにな…	새로운 목적을 주기 위해서지…
新入りが増えると、気が楽だよ	신참이 늘면 마음이 편해
新手か！！	새 놈인가!!
新顔のハンターがあっさり神聖区入りして	신입 헌터가 쉽게 신성구에 들어와
方位07、2500リオン、	방위 07,2500리온,
方法は色々あるぜ	방법은 여러 가지야
施設へ進入する際には…	시설에 진입할 때는…
旅に出てから3日目。キャラバンから\n水と食料を分けてもらう。\n例の旧世紀の機械(みんな「フネ」と\n呼んでいるようだ。メッカニアが発掘\nしたものだという)の行方も聞いた。\nどうやら帝国との国境地帯に向かって\nいるらしい。	여행을 떠난 지 3일째.카라반에\n게 물과 식량을 나눠 받는다.\n그 구세기 기계(다들 「배」라고\n부르는 듯하다.메카니아가 발굴\n했다고 한다)의 행방도 들었다.\n아무래도 제국과의 국경지대로 향\n하는 듯.
旅に必要な最低限の荷物が入っている	여행에 필요한 최소한의 짐이 들었다
旅の荷物とか、ここに隠してあるんだ	여행 짐 같은 건 여기 숨겨뒀어
旅をする事になったのか	여행을 떠나게 된 건가
旗艦『グリグオリグ』だ	기함 『그리고리그』다
旦那が戻ってすぐ、ぼうずは死んじまった	남편이 오자마자 아들놈은 죽어버렸어
旧世紀か…	구세기라…
旧世紀がそうやって滅びたようにね…	구세기가 그리 멸망한 것처럼 말이지
旧世紀が残した化け物どもさ	구세기가 남긴 괴물들이지
旧世紀が神の時代だって話だよ	구세기가 신의 시대였다는 얘기야
旧世紀って、なんで滅んじまったのかな	구세기는 왜 멸망해버린 걸까
旧世紀において、塔は\n「アレル・セストレン」すなわち\n「セストレンの下儀」と呼ばれた。\nすべての塔は、セストレンがこの世に\n力を及ぼすための道具にすぎず、\nセストレンが破壊されたとき、\n塔は二度と目覚めぬ眠りにつく。	구세기에서 탑은 「아렐 세스트렌\n」,즉 「세스트렌의 하의」라 불\n렸다.모든 탑은 세스트렌이 이\n세상에 힘을 미치기 위한 도구에\n불과하며,세스트렌이 파괴되었을\n때 탑은 두 번 다시 깨어나지\n않는 잠에 든다.
旧世紀に使われていた銃\nパーツを装着すれば攻撃力が上がる	구세기에 쓰이던 총 부품을\n장착하면 공격력이 오른다
旧世紀のでかい建物…いや、機械かな	구세기의 커다란 건물…아니,기계인가
旧世紀のエンジン\n高値で売れる	구세기의 엔진\n비싸게 팔린다
旧世紀のガラクタいじりなんて	구세기의 고물 만지는 거 따위
旧世紀のフネの残骸を見つけた。\n内部は、死んだように静まりかえって\nいた。攻性生物もみんな死んでいた。\nラギが、秘められた力を使って、\nフネの命を封じ込めたのだ。	구세기 배의 잔해를 발견했다.\n내부는 죽은 듯이 고요했다.\n공성생물도 모두 죽어 있었다.\n라기가 숨겨진 힘을 써\n배의 명을 봉인한 것이다.
旧世紀の事なんて、俺達には関係ないよ！	구세기 일 따위 우리와는 상관없어!
旧世紀の事にも妙に詳しいし…	구세기 일에도 묘하게 밝고…
旧世紀の人型創造物に関する\nシーカーの研究書	구세기 인간형 창조물에\n관한 시커의 연구서
旧世紀の人達は、どうして私を	구세기 사람들은 어째서 나를
旧世紀の力で、無敵の軍隊を作りやがった	구세기 힘으로 무적 군대를 만들었어
旧世紀の力に人間がかなうわけないだろ！	구세기 힘을 인간이 당하겠나!
旧世紀の力の本質が、理解できないのさ	구세기 힘의 본질을 이해할 수 없어
旧世紀の力は、神の力だ	구세기의 힘은 신의 힘이다
旧世紀の力を相手に戦うなんて…	구세기의 힘을 상대로 싸우다니…
旧世紀の呪縛を解き、	구세기의 저주를 풀고,
旧世紀の子は、みんなああなのかい？	구세기 아이들은 다들 저런가?
旧世紀の意志は、滅びたわけではない	구세기의 의지는 사라진 게 아니다
旧世紀の技術には、すごい力があるんだぜ	구세기 기술에는 굉장한 힘이 있다고
旧世紀の技術の塊だよ	구세기 기술의 결정체야
旧世紀の技術を持たぬ辺境の民は、\n我が軍にとって斉威とはなり得ない。\n真の斉威は、我が軍と同じく旧世紀の\n力を有するもの、すなわち攻性生物で\nある。生物兵器として強大な戦闘力を\n与えられた彼らは、生身の人間では\n到底対抗し得ない外敵である。	구세기의 기술이 없는 변방\n백성은 우리 군에게 위협이 못\n된다.진정한 위협은 우리처럼\n구세기의 힘을 지닌 것,즉\n공성생물이다.생물병기로서 강대한\n전투력을 지닌 그들은 맨몸의\n인간으로는 못 당할 외적이다.
旧世紀の残した遣跡、	구세기가 남긴 유적,
旧世紀の沈没船か…	구세기의 침몰선인가…
旧世紀の発掘物で作られた大型銃\n弾は撃ちつくされている	구세기 발굴물로 만들어진\n대형총 탄은 다 써버렸다
旧世紀の研究を続けている	구세기 연구를 계속한다
旧世紀の研究を行っている	구세기 연구를 한다
旧世紀の硬貨と言われているもの\n店で売ればわずかだが金になる	구세기의 경화라는 것\n팔면 약간의 돈이 된다
旧世紀の空飛ぶ船を直してるって話だぜ	구세기 비행선을 고치고 있다던데
旧世紀の管理からの解放という我々の\n目的は、すべての塔の破壊もしくは\n無力化と言い換えてもよい。\n以下に記すのは、多くの「編み人」\nたちが積み重ねてきた、塔に関する\n研究をまとめたものである。	구세기의 관리로부터의\n해방이라는 우리의 목적은\n모든 탑의 파괴 혹은 무력화라\n바꿔 말해도 좋다.\n아래는 「엮는 자」들이\n쌓아온 연구다.
旧世紀の素材で作られた腕輪\n高値で売れる	구세기 소재로 만들어진\n팔찌 비싸게 팔린다
旧世紀の船に関する\n帝国軍の報告書	구세기의 배에 관\n한 제국군 보고서
旧世紀の記録に、そう記されている場所だ	구세기 기록에 그렇게 적힌 장소다
旧世紀の記録には、そう書いてある	구세기 기록에는 그렇게 쓰여 있다
旧世紀の記録によれば、ドラゴンと\n禁断兵器『塔』は、何らかの形で同調\nしているという。\nこの解釈として、アカデミーでは\n「ドラゴン=塔の守護者」説と\n「ドラゴン=塔の破壊者」説の2つが\nほぼ同等の支持を得ている。	구세기 기록에 따르면 드래곤과\n금단병기 『탑』은 어떤 형태로든\n동조 한다고 한다.이 해석으로\n아카데미에서는 「드래곤=탑의\n수호자」설과 「드래곤=탑의\n파괴자」설,두 가지가 거의\n대등한 지지를 얻고 있다.
旧世紀の記録機械に関する\nシーカーの研究書	구세기 기록기계에 관한\n시커의 연구서
旧世紀の記録機械の一種\n戦った相手の情報を分析・記録する	구세기 기록기계의 일종 싸운\n상대의 정보를 분석・기록한다
旧世紀の記録機械の一種\n音声情報が収められている	구세기 기록기계의 일종\n음성 정보가 담겨 있다
旧世紀の連中ってさ…	구세기 놈들이란 게 말이지…
旧世紀の遣物にふさがれてるな	구세기 유물에 가로막혀 있군
旧世紀の？	구세기의?
旧世紀を滅ぼした悪魔だとよ	구세기를 멸망시킨 악마라던데
旧世紀を滅ぼした遣跡だって	구세기를 멸망시킨 유적이라던데
旧世紀兵器の取り扱い	구세기 병기 취급법
旧世紀兵器の外装甲\n店で売れば金になる	구세기병기 외장갑\n팔면 돈이 된다
旧世紀兵器の残骸\n店で売れば金になる	구세기병기 잔해\n팔면 돈이 된다
旧世紀文明の力は、地上にはびこる\n攻性生物を駆逐し、再び人類を世界の\n主人とするために行使される。\n帝国の領土拡大は、より多くの遣跡や\nエンジンを確保するためであり、\nそれらは全て、攻性生物から人民を\n守るために有効利用されるのである。	구세기 문명의 힘은 지상에 창궐\n하는 공성생물을 몰아내고 인류를\n다시 세계의 주인으로 만들기\n위해 쓰인다.제국의 영토 확장은\n더 많은 유적과 엔진을 얻기 위\n함이며,모두 공성생물로부터 인\n민을 지키는 데 쓰인다.
早いとこ、薬が見つからないもんかねえ…	빨리 약을 찾을 수 없으려나…
早く、ドラゴンへ…	빨리,드래곤에게…
早くここから出るんだ	빨리 여기서 나가야 해
早く一人前になって、戦いに出たいなあ…	빨리 제 몫을 해서 싸우러 나가고파
早く上に戻らないと…隊長達が…	빨리 위로 돌아가야…대장들이…
早く修理をすませなくちゃ…	빨리 수리를 마쳐야 하는데…
早く叩き落とせ！	빨리 떨어뜨려!
早く発掘所に戻らないと…	빨리 발굴소로 돌아가야…
早く行け！	빨리 가라!
早く起きないかな…	빨리 일어나려나…
早めにここを離れた方がいいかもしれんぞ	빨리 여길 떠나는 게 좋을지도 몰라
明日、もう一度来いって	내일 또 오라던데
明朝、ここを出る	내일 아침 떠난다
昔は、クーリアもいっぱいいたんです	옛날엔 쿠리아도 많이 있었어요
昔？ どのくらい？	옛날?얼마나?
昨日、儀は帰る場所を失った。\n住んでいた家も、村のみんなも、\nあの光とともに消えてしまった。\n突然現れた、旧世紀の巨大な機械。\nその機械が放った一条の光は、儀の\n生まれた村を、黒焦げの廃虚に変えて\nしまった。	어제,나는 돌아갈 곳을 잃었다.\n살던 집도,마을 사람들도 그\n빛과 함께 사라져버렸다.갑자기\n나타난 구세기의 거대한 기계.\n그 기계가 쏜 한 줄기 빛은\n내가 태어난 마을을 새까맣게 탄\n폐허로 바꿔버렸다.
昼間から、なんか怪しいと思ってたんだ	낮부터 뭔가 수상하다고 생각했어
昼間は、たいていあそこにいるはずだよ	낮에는 대개 저기 있을 거야
時を同じくして、帝都東方97000\nリオンの地点にて、2頭のドラゴンが\n発見された。\n第9発掘所方面へ飛行中のドラゴンを\n捕獲するため、ただちに国境付近に\n捕獲部隊が展開された。	같은 시각,제도 동쪽 97000\n리온 지점에서 드래곤 두 마리가\n발견되었다.제9발굴소 방면으로\n비행 중인 드래곤을 포획하기\n위해 즉시 국경 부근에\n포획부대가 전개되었다.
時間だ	시간이다
普通に乗ってるだけさ	그냥 타고 있을 뿐이야
普通の人間じゃあるまい	보통 인간이 아닐 거야
普通の子供があれに乗ってたなんてなあ…	평범한 아이가 저걸 타고 있었다니…
最下層よ…	최하층이야…
最初は、攻性生物相手に戦ってたんだが…	처음엔 공성생물을 상대로 싸웠는데…
最初はそう思ってたけど…	처음엔 그렇게 생각했는데…
最大出力で加速！	최대 출력으로 가속
最大戦速、15分で到着すると伝えろ！	최대 전속,15분 후 도착이라 전해
最強の手投げ爆弾	최강의 수류탄
最短ルートのゲートはすでに開けてある	최단 루트 게이트는 이미 열려 있다
最近、やけに変種が生まれる…	요즘 이상하게 변종이 태어나…
最近、よそ者とやけに親しいようだな	요즘 이방인과 유난히 친한 듯하군
最近、ガラクタ集めの仕事がねえな	요즘 고물 모으는 일이 없네
最近、ドラゴンの噂をよく聞くな	요즘 드래곤 소문을 자주 듣는군
最近、帝国軍を全然見かけねえな…	요즘 제국군을 전혀 못 봤는데…
最近は、評議会の目が厳しくてな	요즘은 평의회의 눈이 엄해서 말이지
最近は、買い手が増えてますので…	요즘은 구매자가 늘고 있어서…
最近は仕事が少なくて困るぜ	요즘은 일이 적어서 곤란해
有事の際は、私の命令に従ってもらうぞ	유사시에는 내 명령에 따라야 한다
朝になるまで出てこねえよ、あいつは	아침이 될 때까지 안 나와,그놈은
期待している…	기대하고 있어…
未来の神聖区民に向かってよ	미래의 신성구민을 향해서 말이야
末端誘導段階	말단유도단계
本体RAMからロードします	본체 RAM에서 로드합니다
本体RAMにセーブします	본체 RAM에 저장합니다
本当にやばいと思ってたら	정말 위험하다고 생각했으면
本当に安全になるまではな	정말 안전해질 때까지는 말이지
本当に生き残りはいなかったのか？	정말 생존자는 없었던 건가?
本当のところはわからんよ	정말인지는 나도 몰라
本当のウルは、岩の壁で隠されているんだ	진짜 울은 바위벽 뒤에 숨겨졌어
本当は…	사실은…
本当は、それが普通なの	사실은 그게 평범한 거야
本当は、触れてはいけない物なんだ	사실은 건드려서는 안 되는 물건이다
本当は何も変わらないのに…	사실 아무것도 변하지 않았는데…
本来の目的は、徐々に忘れられていった	본래 목적은 서서히 잊혀갔다
本物の帝国軍が来る前に…	진짜 제국군이 오기 전에…
本隊からの情報通りだな…迎撃開始！	본대 정보 그대로군…요격 개시!
本隊へ、我が隊は全滅、敵は例のドラゴ…	본대,응답하라.아군 전멸,적은…
本隊より入電、	본대로부터 입전,
村にいた頃がなつかしいわ	마을에 있던 때가 그립네
村に着いた時には、焼け跡しかなかった	마을에 도착했을 땐 잿더미뿐이었다
村を帝国に売った、裏切り者だからな	마을을 제국에 팔아넘긴 배신자니까
来たか	왔나
来たか、やつを足止めする	왔나,그놈을 발 묶어두마
東の方って、なにがあるんだろう？	동쪽에는 뭐가 있을까?
栄華を誇った文明が滅んで数千年	번영하던 문명이 망한 지 수천년
森からは、作物がたくさんとれるんだ	숲에서는 작물이 많이 나
森から接近するしかないだろう	숲을 통해 접근할 수밖에 없겠지
森での中ボスの説明用	숲 중간보스 설명용
森の上で、また帝国軍と出くわす。\nその武器や規模より、彼らが人間で\nあるという事実の方が恐ろしかった。\n彼らと正面から戦っていたら、また\n無数の兵士の命を尋っていたはずだ。	숲 위에서 다시 제국군과\n마주쳤다.그들의 무기나\n규모보다 그들이 인간이라는\n사실이 더 두려웠다.그들과\n정면으로 싸웠다면 또다시 수많은\n병사의 목숨을 앗아갔을 것이다.
森の各所には、マサーンが根を張っている	숲 곳곳에 마산이 뿌리를 내린다
森の向こうにあるっていう遣跡よ	숲 너머에 있다는 유적이야
森の恵みは、我々に与えられたものだ	숲의 은혜는 우리에게 주어진 것이다
森の恵みは、我々神聖区民だけのものだ	숲의 은혜는 신성구민만의 것이다
森の恵みをやたらにつみ取れば	숲의 은혜를 마구잡이로 거두면
森の炎は、当分消えないだろう	숲의 불은 당분간 안 꺼진다
森は、月が変わるまで燃えてるだろうね	숲은 달이 바뀔 때까지 타고 있겠지
森を焼いたのは帝国だぜ	숲을 태운 건 제국이야
森を焼いたのは帝国らしいな	숲을 태운 건 제국인 듯하군
構わないけど…	상관없지만…
構造体の生命形態、判別不能…	구조체의 생명 형태,판별 불능
様々な用途で使用される油\n店で売れば金になる	여러 용도로 쓰는 기름\n팔면 돈이 된다
様子は？	상황은?
標準型で長く戦っていると\nレベルアップした時に\n各能力が平均的に上がる。\nまた、各クラスのバーサークを\n平均的に覚えていく。	표준형으로 오래 싸우고\n있으면 레벨업했을 때 각\n능력이 평균적으로 오른다.\n또한 각 클래스의 버서크를\n평균적으로 익혀간다.
標準型で長く戦っていると\n各能力が平均的に上がる。\nまた、各クラスのバーサークを\n平均的に覚えていく。	표준형으로 오래 싸우고\n있으면 각 능력이\n평균적으로 오른다.또한\n각 클래스의 버서크를\n평균적으로 익혀간다.
標準型：徐々にHP回復\n攻撃型：一定確率で反撃\n心技型：徐々にBP回復\n防御型：防御力2倍\n機動型：ステータス異常自動解除	표준형:서서히 HP회복\n공격형:일정확률 반격\n심기형:서서히 BP회복\n방어형:방어력 2배\n기동형:상태이상 해제
機動力	기동력
機動力を高めて戦っていると\n機動系統バーサークが\n早めに得られる。\n補助と物理属性のバーサーク。\nAGIRITY CLASS。	기동력을 높여 싸우면\n기동계 버서크를\n일찍 얻는다.\n보조·물리 속성 버서크.\nAGIRITY CLASS.
機動型	기동형
機動型で長く戦っていると\nレベルアップした時に\n銃の威力が上がりやすい。また、\nAGILITY CLASSの\nバーサークを覚えやすい。	기동형으로 오래 싸우고\n있으면 레벨업했을 때 총의\n위력이 오르기 쉽다.또한\nAGILITY CLASS의\n버서크를 익히기 쉽다.
機動型で長く戦っていると\n銃の威力が上がりやすい。\nまた、\nAGILITY CLASSの\nバーサークを覚えやすい。	기동형으로 오래 싸우고\n있으면 총의 위력이 오르기\n쉽다.또한 AGILITY\nCLASS의 버서크를 익히\n기 쉽다.
機動形態	기동형태
機能低下	기능저하
機能異常	기능이상
機銃掃射	기총 소사
機関部、第2エンジン接続完了	기관부,제2엔진 접속 완료
機関部損傷、これ以上もちません！	기관부 손상,더는 못 버팁니다!
機関部異常なし	기관부 이상 없음
機関部破損、被害甚大！	기관부 파손,피해 심대!
機関部破損、被害軽微！	기관부 파손,피해 경미!
機関部被弾、戦闘維続不能です！	기관부 피탄,전투 지속 불가합니다!
次々と襲ってくるわよ	계속 습격해 온다구
次の作戦に移るぞ	다음 작전으로 간다
次の司祭の話、聞いたか？	다음 사제 이야기 들었나?
次の部隊がそこに向かっているぞ…	다음 부대가 그쪽으로 향하고 있어…
次は、みんなと一緒に行けるかもね	다음엔 다 같이 갈 수 있을지
欲望は戦乱を生む	욕망이 부르는 전란
止められるようになったわ	멈출 수 있게 됐어
止めるスイッチがあるかもしれない	멈추는 스위치가 있을지도 몰라
正しいデータではありません	올바른 데이터가 아닙니다
正しく記録できません	제대로 기록할 수 없습니다
正直、わからなくなったんだ	솔직히 잘 모르게 됐어
正直言って、恐かったよ	솔직히 무서웠어
正直言って驚いたよ…	솔직히 놀랐어…
正確には人間ではないが…まあ、そうだ	정확히는 인간이 아니지만…뭐,그래
正義は俺達にないかもしれん	정의는 우리에게 없을지도 몰라
正面に壁が見えるはずです	정면에 벽이 보일 겁니다
武器なんかもあるから、見てってくれよ	무기 같은 것도 있으니 구경하고 가
武器もひととおり買ってあるんだ	무기도 한 벌 사뒀어
武器や薬がなけりゃ戦えない…	무기나 약이 없으면 못 싸워…
死にたくないならな	죽고 싶지 않다면 말이지
死ぬわけじゃないわ…	죽는 건 아니야…
死んだみんなにとっては、おんなじことさ	죽은 모두에게는 마찬가지 일이야
死んだよ	죽었어
死んだ子を天に帰す準備だよ	죽은 아이를 하늘로 보낼 준비야
死んだ遣跡の跡が、空洞になってるのさ	죽은 유적의 흔적이 공동이 된 거야
残った一方が、船を封印したそうだ	남은 한쪽이 배를 봉인했다더군
残った俺達を思ってのことだろうな…	남은 우리를 생각해서겠지…
残念だが、よそ者の居場所などないよ	안됐지만 이방인이 있을 곳은 없어
気づかなかったか？	눈치 못 챘나?
気の毒にな…その金、絶対返ってこねえよ	딱하게 됐군…그 돈은 못 돌려받아
気をつけな	조심해
気をつけろ！	조심해!
気を抜くと命を落とすぞ	방심하면 목숨을 잃어
気を抜くなよ、エッジ	방심하지 마,엣지
気楽でいいな、子供は	편해서 좋겠어,애들은
気楽でうらやましいね	편해서 부럽네
気楽に行こうぜ	편하게 가자고
気絶	기절
水や草や獣は、人からその姿を隠し、\n遣跡は、人に扉を閉ざし、\n攻性生物は、人を喰い続けた。\nかくして、\n神は、人の世とともになく、\n我らは、神の栄光からへだたり、\n万象は、我らに災いをなす。	물과 풀과 짐승은 사람에게서 그\n모습을 감추고 유적은 사람에게\n문을 닫고 공성생물은 사람을\n계속 잡아먹었다.그리하여 신은\n사람의 세상과 함께하지 않고\n우리는 신의 영광에서 멀어지고\n만상은 우리에게 재앙을 내린다.
水平尾翼投来	수평미익 투래
水源、森…それと遣跡の近くだな	수원,숲…그리고 유적 근처겠지
水？	물?
永かった…	오래 걸렸다
永遠にな	영원히
永遠の闇から呼び戻してくれた	영원한 어둠에서 불러내줬다
汚い仕事だけど、給金はよかったからな	더러운 일이지만 벌이는 좋았으니까
決まったわけじゃない	정해진 건 아니야
沈没船	침몰선
沈没船下の隠れ穴	침몰선 밑 굴
泣いてばかりじゃ、生きていけませんから	울고만 있어선 살아갈 수 없으니까요
注意しろ	주의해라
注意しろって…	주의하라니…
消費してしまう	소비해버린다
深刻化の一途をたどった	심각해지는 일로였다
深追いする必要はない	깊이 쫓을 필요 없다
渓谷で見つけたんだ	협곡에서 찾았어
渓谷で見つけたんだ…	협곡에서 찾았어…
渓谷に落ちてたんだ	협곡에 떨어져 있었어
渓谷地帯で戦った。\n2匹が一緒に行動している\nことが多い。\n後ろに回り込めば安全だが\n動きがすばやいのでかなり\n難しい。逆に回り込まれて\n大アゴに襲われないように\n気をつける必要がある。	계곡 지대에서 싸웠다.\n2마리가 함께\n행동할 때가 많다.\n뒤로 돌아들면\n안전하지만 움직임이\n빨라 꽤 어렵다.\n반대로 잡혀 큰턱에\n당하지 않게 주의.
渓谷地帯で戦った。\nこちらを追うようにして\n向きを変えてくるが、回り\n込んで危険方向をさければ\n無傷で倒せる相手だ。\nただし、複数いる場合は、\nそれぞれの向きに注意する\n必要がある。	계곡 지대에서 싸웠다.\n이쪽을 쫓듯이\n방향을 바꿔 오지만\n돌아들어 위험 방향을\n피하면 무상으로\n쓰러뜨릴 수 있다.\n다만 여럿일 때는\n각각의 방향에 주의.
渓谷地帯で戦った。\nメラコラとの違いは、頭の\n飾りと特殊攻撃だ。\nたくさんの針を集中して\n撃ってくるので危険だが、\n前に回り込んで、針を出す\n□を攻撃すれば、大きな\nダメージを与えることが\nできる。	계곡 지대에서 싸웠다.\n메라콜라와의 차이는\n머리 장식과 특수 공격\n많은 바늘을 집중해\n쏘므로 위험하지만\n앞으로 돌아들어\n바늘 내는 곳을 치면\n큰 피해를 줄 수 있다
渓谷地帯で戦った。\n体力を回復する力を持つ\n厄介な敵だ。\n仲間の体力も回復して\nしまうので、群れの中に\nこいつがいる時は、\n狙いをつけて先に倒した\n方がいい。	계곡 지대에서\n싸웠다.체력을\n회복하는 힘을 가진\n성가신 적이다.\n동료 체력도 회복\n시키므로 무리 속에\n이놈이 있으면\n먼저 잡는 게 좋다.
渓谷地帯で戦った。\n尻尾の先にある袋の力で\n空を飛んでいるらしい。\n頭部は、衝撃を吸収する\n皮膚でおおわれているので\n攻撃を受けつけない。\nだが、知能の方は、あまり\n高くはないようだ。	협곡지대에서 싸웠다.꼬\n리 끝에 있는 주머니의\n힘으로 하늘을 나는 듯\n하다.머리 부분은 충격\n을 흡수하는 피부로\n덮여 있어서 공격이\n통하 지 않는다.하지만\n지능 쪽은 그리 높지\n않은 듯하다.
渓谷地帯で戦った。\n発掘所のどこかにいると\n噂されていた奴だ。確実に\n弱点を狙っていかないと、\n長期戦になるだろう。\nシャプリの幼体が際限なく\n出てくるのも厄介だ。	계곡 지대에서 싸웠다.\n발굴소 어딘가 있다고\n소문나던 놈이다.\n확실히 약점을 노려야\n장기전을 피한다.\n샤프리 유체가 끝없이\n나오는 것도 성가시다.
渓谷地帯で戦った。\n背中を見せない限り襲って\nこないし、動きも遅い。\n油断さえしなければ確実に\n倒せる敵だ。	협곡지대에서\n싸웠다.등을 보이지\n않는 한 덤벼 오지\n않고 움직임도\n느리다.방심만 안\n하면 확실히 쓰러뜨릴\n수 있는 적이다
渓谷地帯にいない攻性生物は？	협곡지대에 없는 공성생물은?
渓谷地帯クリア	협곡지대 클리어
渓谷地帯ボス戦(ガケオコリ)	협곡지대 보스전(가케오코리)
渓谷地帯中ボス戦(ヘビムシの巣A)	협곡지대 중보스전(뱀벌레 둥지A)
渓谷地帯中ボス戦(ヘビムシの巣B)	협곡지대 중보스전(뱀벌레 둥지B)
渓谷地帯進入可	협곡지대 진입
渡ってたらって考えると、ぞっとするな…	건넜다면 어땠을까 생각하면 오싹해
準備を…始めてくれ	준비를…시작해줘
滅ぼそうと考えている男なのだ	멸망시키려고 생각하는 남자다
滑走用レール浮上、緊急発進準備完了	활주 레일 부상,긴급 발진 완료
滝に近い方が、監視台に通じてるのさ	폭포 쪽이 감시대로 이어져 있어
滝裏の洞穴	폭포뒤굴
火力を集中しろ！	화력을 집중해라!
炉心内温度上昇、冷却装置作動します	노심 온도 상승,냉각장치 작동합니다
点滅しはじめた…	점멸하기 시작했다…
無事だったのか	무사했던 건가
無数の光の矢を解き放つ <03><01>2ゲージ<03>	무수한 빛의 화살 <03><01>2게이지<03>
無数の風の刃      <03><01>2ゲージ<03>	무수한 바람의 칼날 <03><01>2게이지<03>
無理が効くのは、若いうちだけなんだから	무리가 통하는 건 젊을 때뿐이니까
無礼な□をきいて…	무례한 말을 하고…
無秩序なよそ者とは違うのだ	무질서한 이방인과는 다르다
焼いたと言われる『塔』…	불태웠다는 그 『탑』…
照明弾	조명탄
熱量過多	열량과다
熱隔離壁から異音発生、危険です！	열격리벽에서 이음 발생,위험합니다!
燃料気化榴弾	연료기화탄
燃料気化榴弾発射！	연료기화탄 발사!
爆雷にて撃墜を試みる	폭뢰로 격추를 시도한다
父が言ってました	아버지 말로는
父ちゃんがやっつけたんだぜ！	아빠가 해치웠다구!
父ちゃんたちがひろってきたんだ！	아빠들이 주워왔어!
父ちゃんに聞いても、教えてくれないんだ	아빠한테 물어봐도 안 가르쳐줘
父ちゃんの話、聞いてるんだからさ	아빠 얘기 듣고 있으니까 말이야
爺さんが死んだのは、俺の責任じゃないよ	할아버지 죽음은 내 책임이 아니야
物理攻撃構造体	물리공격 구조체
物理攻撃構造体1	물리공격 구조체1
物理攻撃構造体2	물리공격 구조체2
物理耐性の敵には効果が弱い。\n物理耐性の敵に銃を向けると\n<03>\nANTI SHOT\n(アンチ ショット)<03>	물리 내성 적엔 효과가\n약하다.물리 내성 적에\n총을 대면 <03> ANTI\nSHOT (안티 샷)<03>
物資が調達できないと困るだろ？	물자를 못 구하면 곤란하지?
特に、おまえのような物知らずはな	특히 너 같은 무지렁이는 말이지
特に、それが攻性生物ならばな	특히 그게 공성생물이라면 말이지
特に数が多い場所は…	특히 수가 많은 곳은…
特別な薬を飲ませないと助からないって…	특별한 약을 먹여야 산다고…
特務部隊の指揮官なんだ	특무부대의 지휘관이야
特定方向からの攻撃に対して\n回避や反撃を行う敵や\n特定方向からのみ狙える敵もいる。	특정 방향 공격에 회피나\n반격을 하는 적,특정 방향만\n노리는 적도 있다.
特殊攻撃	특수공격
狙い	조준
狩りに出るのって、命がけなんですね	사냥은 목숨 거는 일이군요
狩りの無事を祈るお守り\n攻性生物の外殻で作られている	사냥의 무사를 비는 부적\n공성생물 외각으로 제작
独力で空中船を組み上げたそうだな	혼자서 공중선을 조립했다더군
独自に旧世紀の研究も進めてるらしい	독자적으로 구세기 연구도 한다던데
珍しい種類の食用植物\n高値で売れる	희귀한 식용 식물\n비싸게 팔린다
珍しい銃だから、つい…	희귀한 총이라서,그만…
現れました！	나타났다!
現在のタイプでは使用できない	현재 타입으로는 쓸 수 없다
現在までに倒したクレイメン艦隊兵装	지금까지 쓰러뜨린 크레이멘 함대 병장
現在までに倒した帝国軍兵装	지금까지 쓰러뜨린 제국군 병장
現在までに倒した攻性生物(変異種)\n旧世紀の姿と性能を失い、野生化した種	쓰러뜨린 공성생물(변이종)\n구세기 모습과 성능을 잃은 종
現在までに倒した攻性生物(純血種)\n旧世紀の姿と性能を今も維持している種	쓰러뜨린 공성생물(순혈종)\n구세기 모습과 성능을 유지한 종
現在アクセス中の構造体に警告…	현재 접속 중인 구조체에 경고…
現在交戦中、援軍求む	교전 중,지원군 요청
現在装着中	현재장착중
現役のハンター様にゃ、わかんねえよな	현역 헌터님한테는 모를 얘기지
現状を報告しろ！	현황을 보고해라!
生かされてるだけだ	그저 살려지고 있을 뿐
生かされ続けるのは、もうごめんだ！	계속 살려지는 건 이제 지긋지긋해!
生きてたのか…よく無事で…	살아 있었나…무사해서 다행이군…
生きのびさえすれば、また戦える時が来る	살아남기만 하면 또 싸울 때가 온다
生きのびる方法？ どういう意味だ？	살아남는 방법?그게 무슨 뜻이지?
生きるためか…	살기 위해서인가…
生きるためにはな…	살기 위해서지…
生きるためにやってることなんだから	살기 위해 하는 일이니까
生き残りがいる事を知らせてどうする	생존자가 있다는 걸 알려서 어쩌려고
生き残りって人が、見つからなかったら？	생존자란 사람이 발견되지 않는다면?
生き残りなんだ…	생존자다…
生まれたんじゃない…	태어난 게 아니야…
生まれる場所間違ったかなあ、俺…	태어날 곳을 잘못 골랐나,나…
生体兵器実験棟	생체병기 실험동
生体兵器実験棟へのゲート	생체병기 실험동 게이트
生体兵装での侵入を禁止します…	생체병장으로의 침입을 금지합니다…
生物兵器に斉かされつつ	생물병기에 위협받으며
生産・稼動状況	생산·가동 현황
用がすんだら、早々に立ち去ることだ	볼일 끝났으면 빨리 떠나라
由縁があるんだろ？	인연이 있는 거지?
甲板に脱出するんだ	갑판으로 탈출해라
申しわけないが、席を外してもらえんかな	미안하지만 자리를 좀 비켜주겠나
申し遅れたが、ワシの名はアンユウだ	소개가 늦었는데,내 이름은 안유다
男どもは、さっさと発ちたがってるけど…	사내들은 얼른 떠나고 싶어 하지만…
画面には表示されないが\n敵もゲージを持っており\n一定間隔で行動する。\nゲージのたまる速さは\n敵によって異なる。	화면에 뜨지 않지만\n적도 게이지를 지녀\n일정 간격으로 행동한\n다.게이지 차는 속\n도는 적마다 다르다
留守の間に、出て行っちまったそうだ	비운 사이에 나가 버렸다더군
畜生、待…て…	빌어먹을,기다…려…
異端のドラゴン	이단의 드래곤
疲れるのを待つ	지치기를 기다린다
病気だったのがうそみたい…	아팠던 게 거짓말 같아…
発射弾数が上昇する	발사 탄수가 상승한다
発掘品なら、少しばかり取って来たぜ	발굴품이라면 조금 가져왔어
発掘品ひとつのために、街をつぶす…	발굴품 하나로 도시를 부순다니…
発掘品を毎日いじり回してる変人よ	발굴품을 매일 만지작거리는 괴짜야
発掘所<05>上空	발굴소<05>상공
発掘所で掘り出された石のクズ\n店で売ればわずかだが金になる	발굴장에서 캐낸 돌부스러기\n팔면 약간의 돈이 된다
発掘所の地下の遣跡で、\n初めて出会った時の姿。\nすべては、あの時から\n始まったんだ。	발굴소 지하 유적에서\n처음 만났을 때 모습\n모든 건 그때부터\n시작됐다.
発掘所を出る	발굴소 나간다
発掘所を破壊したドラゴンが、帝都\n防衛線に接近した時点で、軍司令部は\nドラゴンの捕獲を断念。\n残存部隊をもって迎撃にあたったが、\n撃滅は不可能であった。	발굴소를 파괴한 드래곤이 제도\n방위선에 접근한 시점에서\n군사령부는 드래곤 포획을 단념.\n잔존부대로 요격에 나섰으나\n격멸은 불가능했다.
発掘所上空クリア	발굴소 상공 클리어
発掘所上空進入可	발굴소 상공 진입
発掘所進入可	발굴소 진입
登るの、速いじゃないか	오르는 게 빠르네
白い船と黒い船が、撃ちあってたんだとよ	흰 배와 검은 배가 서로 쐈다던데
皇帝たる私に銃を向けるとは、クレイメン	황제인 내게 총을 겨누다니,크레이멘
皇帝はそれを知り、彼女を探した	황제는 그것을 알고 그녀를 찾았다
皇帝は死に、旗艦艦隊も全滅した	황제는 죽고 기함함대도 전멸했다
皇帝砲、次弾装填完了！	황제포,다음 탄 장전!
皇帝砲発射準備まだか！	황제포 발사 준비 아직인가
皇帝砲発射準備整いました	황제포 발사 준비 됐습니다
皇帝陛下、ご指示を	황제 폐하,지시를
皇帝陛下の動命により、当該飛行物体\n(現地語に基づき「シェルクーフ」と\n呼称)の追跡が開始されたが、探索\n部隊と合流する時点で、メッカニア\n連邦軍と衝突。全面戦争に発展する\n結果となった。	황제 폐하의 명에 따라 해당\n비행물체 (현지어에 따라\n「셰르쿠프」라 칭함)의 추적이\n개시되었으나 수색 부대와\n합류하는 시점에서 메카니아\n연방군과 충돌.전면전쟁으로\n번지는 결과가 되었다.
盗っ人呼ばわりしたけりゃ、かまわんぜ	도둑 취급하고 싶으면 마음대로 해
監視をつけとくべきだったよ	감시를 붙였어야 했어
監視台なんてめったに使わないんだけど…	감시대 같은 건 좀처럼 안 쓰는데…
目の前で食われていく、仲間の姿がよ！	눈앞에서 잡아먹히는 동료를 봤어!
目を覚まさないんです	눈을 뜨질 않아요
目標、グリグオリグに接近中	목표,그리고리그에 접근 중
目標、ゾア！	목표,조아!
目標、ゾア！ 全てを灰にしてやる！	목표,조아!전부 재로 만들어주마!
目標、側面に移動！ 砲旋回まだか！	목표 측면 이동!포 선회 아직!
目標を捕捉	목표 포착
目標を確認、ドラゴンです	목표 확인,드래곤입니다
目標発見、対空誘導弾発射準備	목표 발견,대공유도탄 발사 준비
目標破壊可能ライン到達まで5分です	목표 파괴가능 라인까지 5분입니다
目標破壊可能ライン到達まで7分です	목표 파괴가능 라인까지 7분입니다
目的のない旅…か	목적 없는 여행…인가
目的地4番発掘所まで、あと30分	목적지 4번 발굴소까지 30분
目覚めさせるための処置をするだけだ	깨우기 위한 처치를 할 뿐이다
目覚めたばかりのころ…	막 깨어났을 무렵…
目覚めた時は違ったかもしれない、でも	깨어났을 땐 달랐을지 모르지만
目覚めた遣跡は、何をするかわからん	깨어난 유적은 뭘 할지 모른다
直接アクセスして、	직접 접속해서,
直衛編隊、連携で行くぞ！	직위편대,연계로 간다!
直通エレベーターが使えるかもしれない…	직통 엘리베이터를 쓸 수 있을지도…
相変わらずだなあ、あいつも	여전하네,그 녀석도
相棒が待ってる、おまえのな	동료가 기다려,네 동료가
相棒にもそう言っといてくれ	상대한테도 그리 전해 줘
真に恐ろしいのは、統制された集団なのだ	진짜 두려운 건 통제된 집단이다
眠った遣跡が目覚めちまうんだよ	잠든 유적이 깨어나 버려
眠気をこらえるのにもひと苦労さ	졸음을 참는 것도 보통 일이 아니야
知ってるってことになっちゃって…	알고 있는 걸로 돼버려서…
知ってるのか？	알고 있어?
知ってるよ…一度、戦ったから	알고 있어…한 번 싸웠으니까
知ってるよ、それ	알고 있어,그거
知りたくないのか？	알고 싶지 않은 거야?
砂の海を移動する島としか\n言いようのない奴だ。\n空中戦艦でもなければ、\nこいつと対等に戦うことは\nできないだろう。\nガッシュが倒し方を教えて\nくれなかったら、儀らも\nどうなっていたことか…。	사막의 바다를 이동하는\n섬이라고밖에 할 수\n없는 놈이다.\n공중전함이라도 아니면\n이놈과 대등하게 싸우는\n건 불가능할 거다.\n가슈가 쓰러뜨리는 법을\n가르쳐 주지 않았다면\n우리도 어떻게 됐을지…
砂をどける事ができるぞ	모래를 치울 수 있어
砂漠<05>抜け穴	사막<05>빠질굴
砂漠<05>枯れたオアシス	사막<05>말라붙은 오아시스
砂漠のあちこちに開いてるぜ	사막 여기저기에 뚫려 있어
砂漠のオアシスも、たいてい遣跡がらみだ	사막 오아시스도 대개 유적과 관련돼
砂漠の攻性生物は、地上に住んでるからな	사막 공성생물은 지상에 사니까
砂漠の攻性生物はわりと手ごわいんだが…	사막의 공성생물은 꽤 만만찮은데…
砂漠は地下を通って越える…	사막은 지하를 통해 건넌다…
砂漠越えも終わりってわけだ	사막을 건너는 것도 끝이라는 거군
砂潜り	모래잠수
研究材料にはもってこいだからな	연구 재료로는 안성맞춤이니까
砲台、なにをしている、側方だ	포대,뭐 하는 거야,측면이다
砲台、旋回	포대,선회
砲台動力部温度上昇、危険です！	포대 동력부 온도 상승,위험합니다!
砲塔部、リアクター順調作動中	포탑부,리액터 순조 작동 중
砲塔部異常なし	포탑부 이상 없음
砲手、旋回急げ！	포수,선회 서둘러!
破壊	파괴
破壊しちまったぜ！？	부숴버렸잖아!?
破壊力を強化した手投げ爆弾	파괴력을 강화한 수류탄
確か、おまえはバイマンに恩があったな	보니 넌 바이만에게 빚이 있지
確か、もう1体下の層に…	분명 한 마리 더 아래층에…
確かに、何かを感じたんだけど…	분명 뭔가 느꼈는데…
確かに、奴の言う通りこれは世界を	분명 그놈 말대로 이건 세계를
確認できません！	확인할 수 없습니다!
礼を言うぜ	고맙다
祈りの前に食物を□にした者、\n祈りの前に身を清めなかった者、\n日々の営みのけがれをまとったまま\n祈りを捧げた者、地上の燈火によって\n「護り火」をけがした者は、\nただちに守護地を去らねばならない。	기도 전에 음식을 먹은\n자,기도 전에 몸을 정결히\n하지 않은 자,하루하루의\n더러움을 두른 채 기도를 올린\n자,지상의 등불로 「수호의\n불」을 더럽힌 자는 즉시\n수호지를 떠나야 한다.
祈りの掟	기도 계율
神から盗んだ品を売りつけようとはな	신에게서 훔친 물건을 팔아넘기다니
神に仕える資質を認められたんですよ	신을 섬길 자질을 인정받았다더군요
神に見捨てられて、なお祈りに来たのか？	신에게 버림받고도 기도하러 왔나?
神の使いのくせに…	신의 사자인 주제에…
神の使いは、神の街を守るべきだろう？	신의 사자라면 신의 도시를 지켜야 하지 않나?
神の守護、ねえ…	신의 수호,라…
神の守護が、それだけ偉大だということだ	신의 수호가 그만큼 위대하다는 뜻
神の守護を裏切ることになるからな	신의 수호를 저버리는 셈이 되니까
神の遣産だとか、悪魔の巣だとかな	신의 유산이니 악마의 소굴이니
神の領域を荒らす罰当たりってわけさ	신의 영역을 어지럽히는 짓
神をも恐れぬってのは、奴らのことだな	신조차 안 두려워하는 게 그놈들이다
神様に守ってもらうんじゃなくてさ	신께 지켜달라고 할 게 아니라
神様の力で守られてるのさ	신의 힘으로 지켜진다
神聖区じゃ、司祭の次ぐらいに偉いんだぜ	신성구에선 사제 다음으로 높다고
神聖区に入ると、正面に倉庫があります	신성구에 들면 정면에 창고가 있어요
神聖区に入れてもらえねえんで	신성구에 못 들어가게 해서 말이야
神聖区に雇われて、はした金稼いでも…	신성구에 고용돼서 푼돈 벌어봤자…
神聖区のお坊ちゃんの言いそうなこった	신성구 도련님이나 할 법한 소리군
神聖区の下働きなどしちゃいかんぞ	신성구의 잡일 따위 해선 안 돼
神聖区の奴がいると、酒がまずくなるぜ	신성구 놈이 있으면 술맛이 떨어져
神聖区の通行証だ	신성구 통행증이다
神聖区の連中、ケチくせえからなあ	신성구 놈들,다들 어찌나 인색한지
神聖区の連中は、それがわかってないのさ	신성구 놈들은 그걸 모르는 거야
神聖区の連中は、外の世界がこわいんだ	신성구 놈들은 바깥이 무서워
神聖区への許可証入手	신성구 허가증 입수
神聖区入りを推薦してもらったはずだが…	신성구 입성을 추천받았을 텐데…
神聖区民になるには、下積みがいるのさ	신성구민이 되려면 밑바닥부터야
神聖区民になるには、勉強も必要なのさ	신성구민이 되려면 공부도 필요하지
神聖区民を相手に値切る気か？	신성구민을 상대로 값을 깎겠다고?
禁止区域で戦った。\nこのドラゴンも、伝説と\n同じく、敵を追う光の矢を\n武器にしている。一度に\n数十本もの光の矢を放つ\n攻撃が、特に危険だ。	금지구역에서\n싸웠다.이 드래곤도\n전설과 마찬가지로\n적을 쫓는 빛의\n화살을 무기로\n쓴다.한 번에 수십\n발의 빛의 화살을\n쏘는 공격이 특히\n위험하다.
禁止区域に、ドラゴンが出たんだってな	금지구역에 드래곤이 나타났다더군
禁止区域に行くって…本気かい？	금지구역에 간다고…진심이야?
禁止区域の遣跡には気をつけな	금지구역의 유적은 조심해
禁止区域の遣跡は、重力を操るそうだ	금지구역 유적은 중력을 조종한대
禁止区域クリア	금지구역 클리어
禁止区域ボス戦(AD＃1)	금지구역 보스전(AD＃1)
禁止区域中ボス戦(クレイメン艦)	금지구역 중간보스전(크레이멘함)
禁止区域近辺で出会う。\n編隊を組んで飛ぶ姿は、\n帝国軍の戦闘機のようだ。\n後方への攻撃ができない\nかわりに、レーザーを回避\nする能力がある。それさえ\n何とかすれば楽に倒せる。	금지구역 근처에서\n만난다.편대를 짜서\n나는 모습은 제국군\n전투기 같다.후방\n공격은 못 하나 대신\n레이저를 회피한다.\n그것만 해결하면 된다.
禁止区域近辺で戦った。\n水に潜っている間は攻撃を\n受けつけない。\nヴェロクスと同じように、\n他と姿が違うやつが群れに\n混じっている。これも、\n指揮をとる個体だろう。	금지구역 근처에서\n싸웠다.물에 잠긴\n동안은 공격이 안 통해\n베록스와 마찬가지로\n모습이 다른 놈이\n무리에 섞여 있다.\n이것도 지휘 개체다.
禁止区域近辺で戦った。\n水に潜っている間は攻撃を\n受けつけない。\n短い光の矢を放つ攻撃が\n危険だが、よく見ればその\n前兆がわかる。	금지구역 근처에서\n싸웠다.물에 잠긴\n동안은 공격이 안 통해\n짧은 빛 화살 공격이\n위험하나 잘 보면\n전조를 안다.
禁止区域近辺で戦った。\n編隊を組んで飛ぶ姿は、\n帝国軍の戦闘機のようだ。\n角の長いやつが、指揮を\nとっているらしい。	금지구역 근처에서\n싸웠다.편대를 짜서\n나는 모습은 제국군\n전투기 같다.\n뿔 긴 놈이 지휘한다.
禁止区域進入可	금지구역 진입
私…待ってますから…	저…기다릴 테니까…
私が…	내가…
私が、私であるために…	내가,나이기 위해서는…
私がここまで来られたのはあなたのおかげ	내가 여기까지 온 건 당신 덕분이야
私が眠ってたベッドに、そう記されていた	내가 잠든 침대에 그리 적혀 있었다
私が船をコントロールする	내가 배를 조종하겠다
私が行って、彼とドラゴンを	내가 가서,그와 드래곤을
私が開放区にいたことは、黙っててくれよ	개방구에 있던 건 비밀로 해줘
私じゃダメだわ…	나로선 안 되겠어…
私たちの村も、こんな感じの所でした	우리 마을도 이런 느낌이었어요
私たちを完全に外敵とみなしているのよ	우리를 완전히 외적으로 보는 거야
私としても不本意だがな	나로서도 본의는 아니지만
私に、守られる理由なんてないのに…	내가 지켜질 이유 같은 건 없는데…
私にとって、いや、君にとって納得の\nできる終幕を始めよう。\nアゼルと共に塔に来るがいい。\n君たちの侵入コースを開けておく。\n \n        K．F．クレイメン	나에게,아니,너에게 납득이 가는\n종막을 시작하자.아젤과 함께\n탑으로 오도록.너희들의 침입\n경로는 열어 두마.\nK．F．크레이멘
私にとっては、大切なひとだったの	나에게는 소중한 사람이었어
私に与えられた使命は、もう無意味だって	내 사명은 이제 무의미하다니
私に礼を言う事はない	나한테 고마워 마라
私のせいで…	나 때문에…
私のためだけに用意された、	오직 나만을 위해 준비된,
私の役目は、塔の制御だけだったから…	내 역할은 탑 제어뿐이었으니까…
私の提案を受ける気になったかね？	내 제안을 받아들일 마음이 생겼나?
私の身体は、地上の糧を受けつけないの	내 몸은 지상 양식을 못 받아들여
私は、ただありのままを話しただけだ	나는 그저 있는 그대로를 말했을 뿐
私は、よそ者と取り引きする気はない	나는 낯선 자와 거래할 생각 없다
私は、地の底で何千年も眠っていたわ	난 땅속에서 몇천 년을 잠들었어
私は「探索兵」シメオンです	나는 「탐색병」시메온입니다
私は「編み人」ザドクだ	나는 「엮는 자」자독이다
私は『絶対の客人』を導く存在にすぎない	나는 『절대의 손님』을 인도할 뿐
私はここに残るわ	나는 여기 남겠어
私はそれを知り、彼女を強尋した	나는 그걸 알고 그녀를 다그쳤다
私はキトールという者だ	나는 키톨이라는 자다
私は色々忙しいのだ	나는 이래저래 바쁘다
私も…君が無事に帰って来ることを	나도…네가 무사히 돌아오기를
私も、この足だからな	나도,이 다리라서 말이지
私も、そう思っていた…	나도,그렇게 생각하고 있었어…
私も行くわ	나도 갈게
私自身…	나 자신이…
私達の居場所は、もうないんでしょうか？	우리 있을 곳은 이제 없는 걸까요?
秘めたる潜在能力を発動 <03><01>2ゲージ<03>	숨겨진 잠재능력 발동 <03><01>2게이지<03>
稲妻放出	전격 방출
空から塔に行く方法が見つかったんでな	하늘에서 탑으로 갈 방법을 찾았어
空中から塔へ行こうとしても	공중에서 탑으로 가려 해도
空中戦艦が、東の方に飛んで行ったけど	공중전함이 동쪽으로 날아갔는데
空中戦艦と戦うはめになるとはなあ…	공중전함과 싸우게 될 줄이야…
空中戦艦の方がずっと早かった	공중전함이 훨씬 빨랐다
空中機雷放出！	공중기뢰 방출!
空中船のある広場にて待つ。\n日が落ちたら来い。    	공중선이 있는 광장에서\n기다린다.해가 지면\n오도록.
立てるか？	설 수 있나?
竜の書	용의 서
竜巻を起こすスイッチになってるはずだ	회오리를 일으키는 스위치일 거다
第1、第2ブロック、機能停止しました！	제1,제2블록,기능 정지했습니다!
第1、第2ブロック、機能回復！	제1,제2블록,기능 회복!
第1回転砲台準備	제1회전포대 준비
第1排気□開放	제1배기구 개방
第2回転砲台準備	제2회전포대 준비
第2排気□開放	제2배기구 개방
第2次防衛線までは放来させろ！	제2방위선까지는 물러나게 해라!
第2編隊、応答ありません	제2편대,응답 없습니다
第2編隊長からグリグオリグ	제2편대장으로부터 그리그오리그
第3ブロック、消失しました！	제3블록,소실했습니다!
第3回転砲台準備	제3회전포대 준비
第3排気□開放	제3배기구 개방
第4回転砲台準備	제4회전포대 준비
第6編隊、迎撃に向かって下さい	제6편대,요격하러 가주십시오
答える必要はない	대답할 필요 없다
粒子が止められない場合は、なんとか\n当たらないようにするしかない。\n特にエンジンからは、絶え間なく\n粒子が降り注いでいるので面倒だが、\nそれから身を守るための仕掛けも\nどこかにあるはずだ。	입자를 멈출 수 없다면,어떻게든\n맞지 않도록 하는 수밖에.특히\n엔진에서는 끊임없이 입자가\n쏟아지고 있어 성가시지만,\n그로부터 몸을 지킬 장치도\n어딘가에 있을 것이다.
粒子の噴出□を壊しておくのが、一番\nいいやり方だろう。\n中には、噴出□を全部壊さないと\n先に進めないところもあるらしいから\nせいぜい景気よくやってくれ。	입자 분출구를 부숴 두는 것이\n가장 좋은 방법일 것이다.곳에\n따라서는 분출구를 전부 부수지\n않으면 앞으로 나아갈 수 없는\n곳도 있는 모양이니 부디\n힘내서 해주기 바란다.
系統別に効果が多少異なる。\n<03>\nATTACK系<03>	계통마다 효과가 다름\n<03>\nATTACK계<03>
純血種ほど、その指令に忠実に動く	순혈종일수록 명령에 충실하다
索敵モード2に移行しろ！	색적 모드 2로 이행하라!
終りない資源の浪費と戦争だけだ	끝없는 자원 낭비와 전쟁뿐이다
終息日の書	종식일의 서
終焉する時が来たのだ	종언의 때가 왔다
組織化された集団だ	조직화된 집단이다
経験から言うと、帝国に首を突っ込むと	경험상 말하자면,제국에 발을 들이면
経験を積めば、いいハンターになれるぞ	경험을 쌓으면 좋은 헌터가 될 거다
経験値	경험치
経験値がたまるとレベルアップし\nドラゴンと銃の基本性能が上昇、\nタイプセレクトでどう調整して\n戦っているかが\nその上昇具合に影響する。	경험치가 차면 레벨업하고\n드래곤과 총의 기본 성능이\n올라,타입 셀렉트로\n어떻게 조정해 싸웠는가가\n그 상승폭에 영향을 줌
結局、こんな仕事しかできなかったんだ	결국 이런 일밖에 못 했구나
結局、みんな何もしなかった…	결국 다들 아무것도 하지 않았어…
結局、みんな連中と取り引きしてるんだ	결국 다들 그놈들과 거래하고 있어
結局、アンユウは途中で帰ってきたんだ	결국 안유는 도중에 돌아왔구나
結局、ワシは薬を持ち帰れなかった	결국 나는 약을 가져오지 못했다
結局、俺も奴らと同類なのかな	결국 나도 그놈들과 같은 부류인가
結局、帝国軍も神様には勝てないのよ	결국 제국군도 신에겐 못 이겨
結局、旦那は薬を取ってこれなかったんだ	결국 그이는 약을 가져오지 못했구나
結局、船を守ってた方が戦いに敗れて…	결국 배를 지키던 쪽이 졌고…
結局、街はもとどおりか…	결국 마을은 원래대로인가…
結構面白かったよ	꽤 재밌었어
統治者として帝国と交渉することになるな	통치자로서 제국과 교섭하는 건가
絶対、あの4つの遣跡が怪しいって	분명 그 네 유적이 수상하다니까
絶対の客人…？	절대의 손님…?
絶対の客人？ それってドラゴンの…	절대의 손님?그게 드래곤의…
続いてヴァルナ級戦艦が会敵します	이어서 바루나급 전함이 조우합니다
緊急活動時のエネルギーを供給してるの	긴급 활동 시 에너지를 공급해
総冥退艦せよ、艦を放来する！	전원 퇴함하라,함을 포기한다!
総冥退避！	전원 퇴피!
総重量	총중량
緑の方向は\n敵がその方向に攻撃できないことを\n示している。\nそのため安全地帯となる。	초록 방향은\n적이 그쪽으로 공격 못 함을\n뜻한다.\n그래서 안전지대다.
置いといても邪魔になるだけさ	두고 다녀봤자 방해만 될 뿐이야
美しい	아름답다
群れが合体する	무리가 합체한다
羽化	우화
考えてもみろ	생각해봐
耐性変化	내성변화
聖なる方々の聖なるねぐらさ	성스러운 이들의 성스러운 둥지지
聞いたか、黒い船の話！	들었어?검은 배 이야기!
聞いたか？ ドラゴンが降臨するそうだ	들었어?드래곤이 강림한다더군
聞いてどうする？	들어서 어쩌게?
聞く方法はいくらでもある	물어볼 방법은 얼마든지 있다
聞こえるだろう？	들리지?
背に腹はかえられんってとこだな	배보다 배꼽이 클 수는 없다는 거지
胸の…ポケット……	가슴의…주머니……
能力を得た。\nタイプセレクトとは\nドラゴンの形態を自由に\n変化させられる能力である。	능력을 얻었다.\n타입 셀렉트란\n드래곤의 형태를 자유로이\n바꾸는 능력이다.
能力変化、レベルアップでの\n能力上昇・バーサークの獲得は\n微妙な調整に対応しているが\nその他に「<03>\nタイプ<03>	능력 변화,레벨업의\n능력 상승・버서크 습득은\n미세 조정에 대응하나\n그 밖에「<03>\n타입<03>
脱出装置が！ うわぁぁぁ…	탈출 장치가!으아아악…
腰を落ちつけるのは、当分おあずけだねえ	자리 잡는 건 당분간 미뤄야겠어
自らが生み出した遣伝子改造による	스스로 만들어낸 유전자 개조에 의해
自らの優勢を保つため	스스로의 우위를 지키기 위해
自分があそこで何をしたかも	자신이 거기서 무엇을 했는지도
自分が呼ばれるのを待っていたのよ…	제가 불릴 순간을 기다린 거야…
自分が生きた証としてな	자신이 살았다는 증거로
自分だけ特別扱いか？	나만 특별 취급인가?
自分でも、子供じみた考えだと思う。\nそれでも儀は、ラギの成長した姿を\n見てみたい。そして、一度でいいから\nあの翼で飛んでみたい。\n小さい頃に聞いたおとぎ話に出てきた\nドラゴン乗りのように。	나 스스로도 유치한 생각이라\n여긴다.그래도 나는 라기가\n자란 모습을 보고 싶다.그리고\n단 한 번이라도 그 날개로\n날아보고 싶다.어릴 적 들었던\n옛이야기에 나오던 드래곤\n라이더처럼.
自分で歩きはじめる為には…	스스로 걷기 시작하기 위해서는…
自分にしかできないことをしたいの	나밖에 할 수 없는 일을 하고 싶어
自分のパートナーを信用したらどうだ	네 파트너를 믿어보는 게 어때
自分の主張通り、	자신의 주장대로,
自分の立場がまだ理解できんらしいな…	아직 제 입장을 이해 못 하나…
自分はそこで高みの見物というわけか	자기는 거기서 구경만 하겠다는 건가
自律ができなくなってる	자율이 안 되고 있어
自我発生による障害	자아 발생에 의한 장애
自我発生症状をきたしたドローンは、\n以下の障害を併発する。\n\n1)同調機能障害\n2)論理パターン混乱\n3)命令認識障害	자아 발생 증상을 보인 드론은\n다음의 장애를 병발한다.\n\n1)동조 기능 장애\n2)논리 패턴 혼란\n3)명령 인식 장애
自然に回復するわ	자연히 회복될 거야
自走砲ランカー	자주포 랑카
自走砲ランカー＆護衛艇	자주포 랑카＆호위정
船体強度低下、危険です！	선체 강도 저하,위험합니다!
船内に拘留しておけ、出航が近い	배 안에 가둬둬라,곧 출항이다
艦橋部損傷！	함교부 손상!
艦長！ ダメです、もちません！	함장!안 됩니다,못 버팁니다!
艦隊…って、じゃあ、やっぱり	함대…그럼,역시
艦隊も、ここを通って行く時に	함대도 여기를 지나갈 때
色々考えたんだけど…	이런저런 생각을 했는데…
色んな物があんなに小さく見える…	온갖 것들이 저렇게나 작게 보여…
花粉を受粉させてできた黄金の実\n最高速度を上げる効果がある	수분시켜 맺힌 황금 열매\n최고속도를 올려준다
若いうちは、とにかく場数を踏むことだ	젊을 땐 어쨌든 경험을 쌓아야지
若いうちは、一人旅もいいだろう	젊을 땐 혼자 여행도 좋겠지
若いのに冷静なんだな	젊은데 침착하군
若い人の気持ちはわからないねえ…	젊은 사람 마음은 모르겠어…
若造にしては、なかなかやるな	애송이치고 제법이군
落ちる！！ しっかりつかまってろ！	떨어진다!!단단히 붙잡아!
落ち合う場所を、忘れるなよ	만날 장소,잊지 마
薬を、ありがとうございました…	약,고마웠습니다…
融通の効く生き物じゃないのよ…	융통성 있는 생물이 아니야…
血統書つきだ	혈통서까지 있다고
行きましょう、エッジ	가자,엣지
行くあてがないんなら、仲間になりなよ	갈 곳 없으면 동료가 되지 그래
行くあてはあるのか？	갈 곳은 있는 거야?
行くって…どこに？	간다니…어디로?
行くよ！！	간다!!
行こう、たぶん下に抜けられる	가자,아마 아래로 빠질 수 있어
行っちまったよ、あの子は…	가버렸어,그 애는…
街から来た、パエットという男だが…	마을에서 온,파에트라는 남자인데…
街が湖にしずんじゃったんだよね	마을이 호수에 가라앉아버렸잖아
街の人間に自慢してたら、俺が塔のことを	사람들에게 자랑했더니 내가 탑에
街の入□の横にある階段を越えると	마을 입구 옆 계단을 넘으면
街の安全と引き換えにドラゴンの情報を…	마을 안전과 맞바꿔 드래곤 정보를…
街の焼け跡に、掘り返した跡があった	잿더미에 파헤친 흔적이 있었다
街の言い伝えに出てくる「神の車」さ	마을 전설에 나오는 「신의 수레」야
街を出たら、ハンターになろうかな	마을을 떠나면 헌터가 되어볼까
街を出る？	마을을 나가?
街を捨てて逃げ出してるよ、あいつは！	마을을 버리고 도망친 거야,그놈은!
衝撃反応エネルギー球  <03><01>2ゲージ<03>	충격반응 에너지 구체 <03><01>2게이지<03>
衝撃吸収	충격 흡수
被害状況を報告しろ！	피해 상황을 보고해!
被害軽微、問題ありません	피해 경미,문제없습니다
装備を変更	장비 변경
装甲が外れた…あと少しだ！	장갑이 벗겨졌다…조금만 더
装甲大破、もちません！	장갑 대파,못 버팁니다!
装着	장착
装着中	장착중
裏側に起動スイッチがある	뒤편에 기동 스위치가 있다
見かけねえ顔だな…	낯선 얼굴이군…
見かけのわりには大丈夫そうだな	겉보기와 달리 괜찮아 보이는군
見たところ、旅をしているようだな	보아하니 여행 중인 모양이군
見たのか？	봤나?
見たまえ	보게
見た目は人間に近いが、	겉모습은 인간에 가깝지만,
見つかったら、捨てられちゃうからね	걸리면 버려질 테니까
見つけたんだよ、村の焼け跡で	찾아냈어,마을 잿더미에서
見つけた時には、もう手遅れだったよ	발견했을 때는 이미 늦었어
見ておきたいものがある	봐두고 싶은 게 있다
見てみろ、腕が動かなくなっているぞ。	봐,팔이 움직이지 않게 됐잖아.
見てればわかる…来るぞ！	보면 알아…온다!
見ろよ、この発掘品の山…	봐라,이 발굴품 더미를…
見張りも大切な仕事だ	망보기도 중요한 일
見捨てられただって？	버림받았다고?
規格外品の思考は、人間に近いの	규격외품의 사고는 인간에 가까워
規格外？	규격외?
覚えているはずだ！！	기억하고 있을 거다!!
覚えてないわ	기억 안 나
親のあたしが言うのもなんだけど…	부모인 내가 말하긴 뭣하지만…
親父さん、結構話がわかるんだな	아저씨,제법 말이 통하는군
親父ならこの中だぜ	아버지라면 이 안에 있어
親父の仕事、本当にやるのか？	아버지 일,진짜로 할 거야?
親父の奴、すっかり調子に乗っちまってさ	아버지 녀석,완전히 우쭐해져서는
親父の話なんかするなよ、胸くそ悪いぜ	아버지 얘긴 마,기분 나빠지니까
角がある奴に注意しろ	뿔 달린 놈을 조심해
角のあるアシュティの武器は？	뿔 달린 아슈티의 무기는?
解除を承認します…	해제를 승인합니다…
言いたくなければそれでもいいがね	말하기 싫으면 그래도 상관없다만
言う事を聞いてくれるんだろう	말을 들어줄 거지
訓練の方は、どんな調子だ？	훈련 쪽은 어떤가?
訓練通りにいくぞ！	훈련한 대로 하는 거다!
設定を元に戻す	설정을 되돌린다
評議会でうまく立ち回りたいだけだよ	평의회에서 잘 처신하고 싶을 뿐이야
評議会の対応しだいじゃ戦になっちまうな	평의회 대응에 따라 전쟁이 날 수도
評議会の発表、聞いたかい？	평의회 발표,들었어?
評議会も、少し考えてほしいものだ	평의회도 좀 생각해줬으면 좋겠군
試作段階とはいえ、このヴリトラまで…	시작 단계라더니,이 브리트라까지…
話があるから、神聖区まで来いってよ	얘기가 있으니 신성구로 오라더군
話しておきたい事がある…	얘기해두고 싶은 게 있다…
話なら、あとでな	얘기는 나중에
話なら、後にしてくれよ	얘기라면 나중에 해줘
話はあとだ、帝国戦艦が来るぞ！！	얘긴 나중이다,제국 전함이 온다!!
話を聞いてくれ	얘기 좀 들어봐
該当するマップが無い	해당하는 맵이 없다
詳しいことは、パエットにでも聞きな	자세한 건 파에트한테라도 물어봐
詳しい事は知らないが、よくやってくれた	자세한 사정은 모르지만 잘해줬다
詳しい奴に話を聞いた方がいいかもな	잘 아는 놈한테 듣는 게 나을지도
詳しい資料が街のどこかにあるはずなんだ	자료가 마을 어딘가 있을 거야
詳しくは「編み人」のザドクが知っている	자세한 건 「엮는 자」자독이 안다
誘導爆雷、いけるか？	유도폭뢰,되겠나?
誘導爆雷、全て撃ち尽くしました	유도폭뢰,전부 다 썼습니다
誘導爆雷再装填、急げ！	유도폭뢰 재장전,서둘러!
読みふるしたやつなら持ってっていいぜ	다 읽은 거라면 가져가도 돼
誰かが…そう、	누군가가…그래,
誰だって、あれには圧倒されるさ	누구든 그건 압도당할 수밖에 없어
誰だって、旧世紀の力と戦ってるんだ	누구든 구세기 힘과 싸우고 있어
誰だって腰抜けになっちまうさ	누구든 겁쟁이가 되고 말지
誰だ！	누구냐!
誰なんです、そいつは！？	누구예요,그놈은!?
誰に許可をもらったんだ？	누구 허락을 받은 거지?
誰の許しをもらったのか知らないけど	누구 허락을 받았는지는 모르지만
誰の許しを得て、ここに入ってきた！	누구 허락을 받고 들어온 거냐!
誰もこんな人間がリーダーだとは	누구도 이런 인간이 리더일 줄은
諸君、よくやった、我々の囮作戦は成功だ	제군,잘했다,미끼 작전은 성공이다
警戒レベルを1に移行します	경계 레벨을 1로 이행합니다
警戒態勢を解かないと	경계 태세를 풀지 않으면
護衛艦、撃沈！	호위함,격침!
貴様も、神の怒りを受けるがよいわ！	네놈도 신의 분노를 받아라!
赤いワームか、珍しいな	붉은 웜이라니,희귀하네
赤い方向は\nダメージの大きい攻撃や\nステータス異常攻撃など\n危険度の高い攻撃が行われる\n方向であることを示している。	빨간 방향은 피해가 큰\n공격이나 상태이상 공격\n등 위험도가 높은 공격이\n행해지는 방향임을\n나타낸다.
赤子のようなものだ	갓난아기 같은 존재다
起動！	기동!
超バーサーク	초버서크
足場だ！	발판이다!
足場を狙え！	발판을 노려라
身体の方、何ともないのか？	몸은,괜찮은 거야?
輪形陣に穴が開きました	윤형진에 구멍이 뚫렸다
辺境じゃ、それが金の代わりになるわけだ	변경에선 그게 돈 대신이 되는 거야
辺境じゃ、神の時代だなんて言われてるが	변경에선 신의 시대라고들 하지만
辺境じゃ、神様の使いって事になってるぜ	변경에선 신의 사자로 돼 있다고
辺境での作戦行動	변경에서의 작전행동
辺境では、ドラゴンが神の使いと\n崇められているが、それは根拠なき\n迷信である。\nドラゴンもまた攻性生物であり、その\n驚異的な戦闘力は、我が軍に幾多の\n被害を及ぼしている。	변경에서는 드래곤이 신의 사자로\n숭배받고 있으나,그것은 근거\n없는 미신이다.드래곤 역시\n공성생물이며,그 경이적인\n전투력은 아군에게 수많은 피해를\n입히고 있다.
辺境で流布している書物\nドラゴンに関する伝承が記されている	변경에 퍼져 있는 서적\n드래곤에 관한 전승이 적혀 있다
辺境で流布している書物\n創世に関する伝承が記されている	변경에 퍼져 있는 서적 창세\n에 관한 전승이 적혀 있다
辺境で流布している書物\n終末に関する伝承が記されている	변경에 퍼져 있는 서적 종말\n에 관한 전승이 적혀 있다
辺境のある地域を制圧する命令が出た	변경 한 지역을 제압하란 명령이다
辺境の旅は…	변경의 여행은
辺境部族の中には、帝国の財産である\n遣跡を、盗掘の目的で荒し回る一団が\n存在する。\n彼らはシーカーと呼称され、辺境では\n一応の認知を得ているが、その行為は\n帝国に対する反逆であり、発見しだい\nせん滅せねばならない。	변경 부족 중에는 제국의 재산인\n유적을 도굴 목적으로 마구 파헤\n치는 무리가 존재한다.그들은\n시커라 불리며,변경에서는 어느\n정도 인지도를 얻고 있으나,그\n행위는 제국에 대한 반역이므로\n발견 즉시 섬멸해야 한다.
迎撃急げ！	요격 서둘러!
迎撃機発進完了	요격기 발진
近いぞ！	가깝다!
近寄ることもできないよ	가까이 갈 수조차 없어
近接光学砲	근접광학포
近接光学砲発射！	근접광학포 발사!
近接対空防御装置作動	근접대공방어장치 작동
迷わないよう、注意して進んでくれ…	길 잃지 않도록 조심해서 나아가줘…
追ってきた	쫓아왔다
追尾貫通エネルギー波  <03><01>2ゲージ<03>	추적관통 에너지 파동 <03><01>2게이지<03>
追尾貫通レーザー    <03><01>2ゲージ<03>	추적관통 레이저 <03><01>2게이지<03>
送っているみたいだ	보내고 있는 듯
逃げられそうにないな…	도망칠 수 없을 듯해…
逃げることができない	도망칠 수 없다
逃げろ！	도망쳐!
逃亡	도망
逃走	도주
逆に奴らを本気で怒らせたかもしれない	오히려 그놈들만 화나게 했을지도
逆？	반대?
途中で、戦いになるかもしれない	도중에 싸움이 될지도 몰라
通常攻撃	통상공격
通行証なら持ってるよ	통행증이라면 가지고 있어
通行証を発行されたということは	통행증을 발급받았다는 건
通路なら、ジューバの店の隣にあるぜ	통로라면 주바 가게 옆에 있어
通路を抜けると、正面に壁があるからよ	통로를 지나면 정면에 벽이 있으니까
通路を抜けると、正面に壁が見えるから	통로를 지나면 정면에 벽이 보이니까
連中、よく平気で遣跡に入れるもんだ	태연히 유적에 잘도 들어가는군
連中、一体何をやらかそうってんだ？	저놈들,대체 뭘 벌이려는 거야?
連中、本格的に黒い艦隊を追い始めたぜ	그놈들이 검은 함대를 쫓기 시작했어
連中のやり方はいつも同じさ	그놈들 수법은 늘 똑같아
連中もドラゴンを掘り出したらしいからな	그놈들도 드래곤을 파냈다더군
連中より先に、ここを見つけてりゃなあ	저놈들보다 먼저 여기를 찾았더라면
連中ドラゴンにはやられっぱなしだからな	그놈들 드래곤한테 당하기만 하니까
進む気でいるんだろ？	갈 생각인 거지?
遂にこの噴進弾を実戦投入する時が来たか	드디어 분사탄을 실전 투입할 때인가
過去に全てドラゴンによって	과거에 모두 드래곤에 의해
違うな…	아니야…
違うの	아니야
遠くの遣跡まで足をのばせってのか	멀리 있는 유적까지 가라는 건가
遠慮するな、派手にやれ！	사양 말고 화끈하게 해!
遠慮せんでいい、持っていけ	사양 말고 가져가
遠慮はいらないからね	사양할 것 없으니까
遣跡	유적
遣跡からわく水で、年中潤ってたもんさ	유적 물로 사시사철 윤택했었지
遣跡に興味持ってるって聞いたんでね	유적에 관심 있다고 들었는데
遣跡の事がわかる奴なんていねえよ	유적에 대해 아는 놈은 없어
遣跡の事は、よく知らないんだ	유적에 대해서는 잘 몰라
遣跡の奥から取って来た永久発光体だぜ	유적 안쪽에서 가져온 영구 발광체야
遣跡の役目なのだよ	유적의 역할인 거다
遣跡の見方は、土地によっていろいろだ	유적 보는 눈은 지역마다 달라
遣跡の近くには、水がある事が多い	유적 근처엔 물이 있는 경우가 많아
遣跡は、岩の壁に守られてるからな	유적은 바위벽으로 보호받고 있으니까
遣跡やエンジン、そして…	유적이랑 엔진,그리고…
遣跡？ 危険じゃないのか？	유적?위험한 거 아니야?
適当にごまかしといてくれ	적당히 얼버무려 줘
選ばれた民として、生活が保証されるのだ	선택받은 백성으로서 생활이 보장된다
選り好みなどしちゃおれんよ	가릴 처지가 아니야
選択肢は残されているのよ	선택지는 남은 거야
部下達が監視してる	부하들이 감시한다
部下？	부하?
里は、遣跡探索の拠点なのだ	마을은 유적 탐색의 거점이다
里を率いる者に与えられる名前だ	마을을 이끄는 자에게 주는 이름이다
重力の…道？	중력의…길?
重散弾砲	중산탄포
重散弾砲、旋回停止	중산탄포,선회 정지
重散弾砲、旋回開始	중산탄포,선회 개시
重散弾砲、限界です！	중산탄포,한계입니다!
重散弾砲で叩き落とすぞ	중산탄포로 떨궈버리겠다
重散弾砲充填完了、出力開放します	중산탄포 충전 완료,출력 개방
重散弾砲出力低下、充填に入ります	중산탄포 출력 저하,충전합니다
重散弾砲起動	중산탄포 기동
野性化した攻性生物は、確かに強力だ	야생화한 공성생물은 확실히 강력해
野放しにはできないんでな	방치할 순 없거든
金が欲しいなら、そう言えばよかったのに	돈을 원하면 그렇게 말하지 그랬어
金さえ払ってくれりゃな	돈만 준다면야
金ならそのうち返すって、せっつくなよ	돈이라면 곧 갚는다니까,재촉하지 마
金に困ったら、私に言ってくれ	돈에 쪼들리면 나한테 말해
鈴	종
銃だけを使って攻撃	총만 써서 공격
銃の基本性能が\nドラゴンの機動力の影響を受けて\n成長することに注意。	총의 기본 성능이\n드래곤 기동력 영향을 받아\n자라는 데 주의.
銃の威力が上がる	총의 위력이 오른다
銃の威力が倍になる	총의 위력이 배가 됨
銃を下ろすかどうかはそれから決める	총을 내릴지는 그다음에 정하겠다
銃を下ろせ	총을 내려라
銃パーツ無しを示すダミーナンバー	총 부품 없음을 나타내는 더미 번호
銃入手	총 입수
長居してると、俺みたいになっちまうぜ	오래 있으면 나처럼 되고 만다
長居をしては奴らに感づかれる	오래 머물면 놈들에게 들킨다
長年、生死をともにした連中だったが…	오래 생사를 함께한 녀석들인데…
長旅で疲れてるんです、この子も…	긴 여행에 지쳤어요,이 애도…
門番じゃ、大した事はできませんからね	문지기 따위,대단한 일은 못 합니다
門番ってのは、退屈な仕事だぜ	문지기라는 건,지루한 일이야
門番は何してるのかねえ	문지기는 뭘 하는 걸까
開放区に住んでる爺さんなんだけど…	개방구에 사는 할아버지인데…
開放区の奴に拾いに行かせようかな…	개방구 놈한테 주우러 가라 할까…
開放区は、そうやってできたんだからな	개방구는 그렇게 해서 생긴 거니까
開放区まで来ないと、酒が飲めんとは…	개방구까지 와야 술을 마신다니…
間に合いません！！	시간이 없습니다!!
間に合うのか…	시간에 맞을까…
間引かれて死んだんだからな	솎아져서 죽은 거니까
間違いない	맞다
関係ないよ…儀はただの人間だ	상관없어…나는 그저 인간이다
閣下は今ごろ『塔』に…	각하는 지금쯤 『탑』에…
防がれない光の矢と、\n貫かれない殻と、\n力尽きない翼が、\nすなわち、ドラゴンの力である。\n人の世のいかなるものも、\nドラゴンの前には無力である。	막을 수 없는 빛의 화살과,\n뚫리지 않는 껍질과,\n다하지 않는 날개가,\n바로 드래곤의 힘이다.\n인간 세상의 그 무엇도\n드래곤 앞에서는 무력하다.
防御	방어
防御しているぞ！ あの腕が邪魔なんだが…	방어하고 있어!저 팔이 방해다…
防御力	방어력
防御力の高い敵に有効だが\n弱点に命中しても\n威力は変わらない。\nドラゴンの回復や、戦闘を補助する\n効果のバーサークもある。	방어력 높은 적에게 유효하나\n약점에 맞아도\n위력은 그대로다.\n드래곤 회복이나 전투를 돕는\n버서크도 있다.
防御力を高めて戦っていると\n防御系統バーサークが\n早めに得られる。\n回復と防御のバーサーク。\nDEFFENCE CLASS。	방어력을 높여 싸우면\n방어계 버서크를\n일찍 얻는다.\n회복·방어 버서크.\nDEFFENCE CLASS.
防御力上昇	방어력 상승
防御力上昇   防御型 <03><01>3ゲージ<03>	방어력 상승 방어형 <03><01>3게이지<03>
防御型	방어형
防御型で長く戦っていると\nレベルアップした時に\n最大HPが上がりやすい。また、\nDEFENSE CLASSの\nバーサークを覚えやすい。	방어형으로 오래 싸우면\n레벨업했을 때 최대 HP가\n오르기 쉽다.또한,\nDEFENSE CLASS의\n버서크를 익히기 쉽다.
防御型で長く戦っていると\n最大HPが上がりやすい。\nまた、\nDEFENSE CLASSの\nバーサークを覚えやすい。	방어형으로 오래 싸우면\n최대 HP가 오르기 쉽다.\n또한,\nDEFENSE CLASS의\n버서크를 익히기 쉽다.
防御形態	방어형태
防衛システムのコントロールは、	방위 시스템 제어는,
防衛線を突破した2頭のドラゴンは、\n戦闘を行いつつ、帝都を経由して塔に\n接近。これと前後して、塔の活動に\n変化が生じ始めた。	방위선을 돌파한 두 마리의\n드래곤은 전투를 벌이며 제도를\n경유해 탑으로 접근한다.이와\n전후해 탑의 활동에 변화가\n생기기 시작했다.
防護システム04起動	방호 시스템 04 기동
防護システム09起動	방호 시스템 09 기동
防護システム13起動	방호 시스템 13 기동
限られた恵みで命をつなぐための掟だ	한정된 은혜로 목숨을 잇는 계율이다
陛下の御前で醜態をさらすわけにはいかん	폐하 앞에서 추태를 보일 수는 없다
隊長、これは…	대장,이건…
隊長からそう聞いてたんで、つい…	대장한테 그렇게 들어서,그만…
隊長が持っていた帳面	대장이 가지고 있던 수첩
隊長には、クレイメンを追えって言われた	대장에겐 크레이멘을 쫓으란 명이
隊長の日記	대장의 일기
隊長やみんなの仇を討ちたい…	대장과 모두의 원수를 갚고 싶어
隊長達を殺したんだ！！	대장님들을 죽였다고！！
隊長！！	대장님！！
隊長？	대장님？
階段をふさいじまってるんでね	계단이 막혀 버려서 말이지
隠れている弱点を探す	숨어 있는 약점을 찾는다
雇われハンター・ラウルから託された笛	고용된 헌터・라울에게서 받은 피리
離脱	이탈
雷撃兵器に使用される光学器官\n店で売れば金になる	뇌격 병기에 쓰이는 광학기\n관 가게에 팔면 돈이 된다
雷針	뇌침
電磁発振砲、充電局面に入ります	전자발진포,충전 단계에 들어갑니다
電磁発振砲の射角にとらえました	전자발진포 사정권에 포착했습니다
震動探知	진동 탐지
震動探知システム作動	진동 탐지 시스템 작동
青い二本柱が目印だとか…	파란 기둥 둘이 표식이래
青い扉が目印だからね	파란 문이 표식이니까
青い扉が目印だぜ	파란 문이 표식
青い扉が見えるはずです	파란 문이 보일 겁니다
青い柱が、入□の両脇に立ってるそうだぜ	파란 기둥이 입구 양옆에 섰다더라
面白い	재밌군
音声の設定を変更	음성 설정을 변경
音声出力の設定	음성출력 설정
預った物も渡してきた	맡아둔 물건도 건네줬어
頭だ！ 頭を狙って、動きを止めろ！	머리다！머리를 노려 멈춰라！
頭への攻撃が一番効果ありそうだな	머리 공격이 제일 효과적일 듯하군
頼まれてた物、持ってきたよ	부탁받은 물건,가져왔어
頼まれてた部品、取ってこれなかった！	부탁받은 부품,못 구해왔어！
頼む	부탁해
頼む、一度でいいんだ！	부탁이야,한 번이면 돼！
頼んだぞ、エッジ！！	부탁한다,엣지！！
頼んだぞ、礼ははずむからな	부탁한다,사례는 두둑이 할 테니
頼んだ物はまだか？ 早く持って来てくれ	부탁한 물건은 아직이야？빨리 가져와
風網のファン\n旧世紀の材質なので高値で売れる	풍망의 팬 구세기 재질이라\n비싸게 팔린다
風網制御板	풍망 제어판
飛ぶ練習をするために、村の外に\n出ていた儀らだけが助かった。\n不思議と涙は出なかった。目の前で\n村が燃えているのに、なにか悪い夢の\nように思えて仕方なかった。\nむしろ、その後に起きたラギの異変が\n儀を恐れさせた。	날아오르는 연습을 하려고 마을\n밖에 나가 있던 나만 살아남았다\n.이상하게 눈물은 나오지 않았\n다.눈앞에서 마을이 불타는데도\n그저 나쁜 꿈 같았다.오히려 그\n뒤 일어난 라기의 이변이 나를\n두렵게 했다.
飛行甲板、換装完了	비행갑판 교체완료
飛行甲板異常なし	비행갑판 이상 없음
食うか？	먹을래？
食べ物と水の減り具合だけだよ	먹을 것과 물이 주는 것뿐
食料の買いつけじゃなさそうだが	식량을 사러 온 건 아닌 듯한데
食虫植物の赤い花粉\n飛行速度を保持する効果がある	식충식물의 붉은 꽃가루\n비행속도를 유지하는 효과
首尾はどうだった？ 塔には行けたのか？	결과는 어땠어？탑엔 갔나？
香石のかけら\n持つと敵の状況をナビゲータに表示する	향석 조각 지니면 적 상황을\n내비게이터에 표시
馬鹿な！？私の船が…	말도 안 돼！？내 배가…
駆動部温度上昇	구동부 온도 상승
駆動部温度安定	구동부 온도 안정
駆逐艦ヴァジュラ＆護衛艇	구축함 바즈라＆호위정
駐屯地、本読んでの台詞変化	주둔지,책 읽은 뒤 대사변화
高く買い取るぜ	비싸게 사줄게
高出力分散型レーザー  <03><01>2ゲージ<03>	고출력 분산형 레이저 <03><01>2게이지<03>
高出力集中型レーザー  <03><01>2ゲージ<03>	고출력 집중형 레이저 <03><01>2게이지<03>
高周波振動の衝撃波   <03><01>2ゲージ<03>	고주파 진동의 충격파 <03><01>2게이지<03>
高熱の火球を発生させる <03><01>2ゲージ<03>	고열의 화구를 발생 <03><01>2게이지<03>
高速射撃砲	고속사격포
鱗粉	인분
黄昏の時代を過ごしていた	황혼의 시대를 보내고 있었다
黒い空中戦艦の話！	검은 공중전함 이야기！
黒い船！？ この近くにいるのか！	검은 배！？이 근처에 있는 건가！
黒い艦隊か…	검은 함대…
黒い艦隊と一戦まじえるためだろ	검은 함대와 한판 붙으려는 거겠지
黒い艦隊を指揮してるって言ったな	검은 함대를 지휘한다고 했었지
黒い艦隊を率いる男の話を聞いた事がある	검은 함대를 이끄는 자 얘길 들었다
黙ってて悪かったな	숨겨서 미안했네
％	％
（帝国）が出現した時から	（제국）이 나타났을 때부터
（旧世紀）の兵器は	（구세기）의 병기는
＋	＋
．	．
：1ゲージ化	：게이지1개
：ゲージ低速化\n<03>\nSTOP(ストップ)<03>	：다수의 적
：多数の敵に\n<03>\nAGILITY系<03>	：다수의 적\n<03>\nAGILITY계<03>
：守り重視に	：수비 중시
：少数の敵に\n<03>\nDEFENSE系<03>	：소수의 적\n<03>\nDEFENSE계<03>
：攻撃防御低下\n<03>\nBIND(バインド)<03>	：공방 저하\n<03>\nBIND(바인드)<03>
：毒\n<03>\nSLOW(スロウ)<03>	：독\n<03>\nSLOW(슬로우)<03>
：移動不可\n<03>\nPAIN(ペイン)<03>	：이동불가\n<03>\nPAIN(페인)<03>
：近い順に威力大\n<03>\nSPIRITUAL系<03>	：가까울수록강함\n<03>\nSPIRITUAL계<03>
？ …行き止まり？	？…막다른 길？
？)	？)
？な	？군
あ、あの、これ…	저,저기,이거…
…うん…	…응…
あれ？	어라?
…ああ…	…아아…
               記録	               기록
<0C>録機械	<0C>기계
ドラゴン	드래곤
