id	src	module	fnt	offset	budget	kind
0	PRG	TWN_CAMP	EVTCAMP	00BCEF	23	slot
0	PRG	TWN_CAMP	EVTCAMP	00BD9B	23	slot
0	PRG	TWN_CAMP	EVTCAMP	00C12F	19	slot
0	PRG	TWN_CAMP	EVTCAMP	00C241	25	slot
0	PRG	TWN_CAMP	EVTCAMP	00C331	19	slot
0	PRG	TWN_CAMP	EVTCAMP	00C4AF	37	slot
0	PRG	TWN_CAMP	EVTCAMP	00C552	19	slot
0	PRG	TWN_CAMP	EVTCAMP	00C6D0	37	slot
0	PRG	TWN_CAMP	EVTCAMP	00CA1E	27	slot
0	PRG	TWN_CAMP	EVTCAMP	00CA5F	11	dialog
0	PRG	TWN_CAMP	EVTCAMP	00EE9C	25	slot
0	PRG	TWN_CAMP	EVTCAMP	00EEE4	11	dialog
0	PRG	TWN_SEEK	EVTSEEK	0128EC	29	slot
0	PRG	TWN_SEEK	EVTSEEK	012A70	29	slot
0	PRG	TWN_SEEK	EVTSEEK	012BF4	29	slot
0	PRG	TWN_SEEK	EVTSEEK	012D5B	29	slot
0	PRG	TWN_SEEK	EVTSEEK	012EDF	29	slot
0	PRG	TWN_SEEK	EVTSEEK	013046	29	slot
0	PRG	TWN_SEEK	EVTSEEK	0131AD	29	slot
0	PRG	TWN_SEEK	EVTSEEK	0132F7	29	slot
0	PRG	TWN_SEEK	EVTSEEK	01347B	29	slot
0	PRG	TWN_SEEK	EVTSEEK	0135E2	29	slot
0	PRG	TWN_SEEK	EVTSEEK	013749	29	slot
0	PRG	TWN_SEEK	EVTSEEK	013893	29	slot
0	PRG	TWN_SEEK	EVTSEEK	0139FA	29	slot
0	PRG	TWN_SEEK	EVTSEEK	013B44	29	slot
0	PRG	TWN_SEEK	EVTSEEK	013C8E	29	slot
0	PRG	TWN_SEEK	EVTSEEK	013DBB	29	slot
0	PRG	TWN_SEEK	EVTSEEK	013F22	29	slot
0	PRG	TWN_SEEK	EVTSEEK	01406C	29	slot
0	PRG	TWN_SEEK	EVTSEEK	0141B6	29	slot
0	PRG	TWN_SEEK	EVTSEEK	0142E3	29	slot
0	PRG	TWN_SEEK	EVTSEEK	01442D	29	slot
0	PRG	TWN_SEEK	EVTSEEK	01455A	29	slot
0	PRG	TWN_SEEK	EVTSEEK	014687	29	slot
0	PRG	TWN_SEEK	EVTSEEK	014797	29	slot
0	PRG	TWN_SEEK	EVTSEEK	0148FE	29	slot
0	PRG	TWN_SEEK	EVTSEEK	014A48	29	slot
0	PRG	TWN_SEEK	EVTSEEK	014B92	29	slot
0	PRG	TWN_SEEK	EVTSEEK	014CBF	29	slot
0	PRG	TWN_SEEK	EVTSEEK	014E09	29	slot
0	PRG	TWN_SEEK	EVTSEEK	014F36	29	slot
0	PRG	TWN_SEEK	EVTSEEK	015063	29	slot
0	PRG	TWN_SEEK	EVTSEEK	015173	29	slot
0	PRG	TWN_ZOAH	EVTZOAH	013E8D	11	dialog
0	PRG	TWN_ZOAH	EVTZOAH	013EEB	11	dialog
0	PRG	TWN_ZOAH	EVTZOAH	013F49	11	dialog
0	PRG	TWN_ZOAH	EVTZOAH	013F9C	11	dialog
0	PRG	TWN_ZOAH	EVTZOAH	013FF2	11	dialog
0	PRG	TWN_ZOAH	EVTZOAH	01403D	11	dialog
0	PRG	TWN_ZOAH	EVTZOAH	014088	11	dialog
0	PRG	TWN_ZOAH	EVTZOAH	0140C8	11	dialog
0	PRG	TWN_ZOAH	EVTZOAH	014120	11	dialog
0	PRG	TWN_ZOAH	EVTZOAH	01416D	11	dialog
0	PRG	TWN_ZOAH	EVTZOAH	0141BA	11	dialog
0	PRG	TWN_ZOAH	EVTZOAH	0141FC	11	dialog
0	PRG	TWN_ZOAH	EVTZOAH	014241	11	dialog
0	PRG	TWN_ZOAH	EVTZOAH	01427B	11	dialog
0	PRG	TWN_ZOAH	EVTZOAH	0142B5	11	dialog
0	PRG	TWN_ZOAH	EVTZOAH	0142E4	11	dialog
0	PRG	TWN_ZOAH	EVTZOAH	01433C	11	dialog
0	PRG	TWN_ZOAH	EVTZOAH	014389	11	dialog
0	PRG	TWN_ZOAH	EVTZOAH	0143D6	11	dialog
0	PRG	TWN_ZOAH	EVTZOAH	014418	11	dialog
0	PRG	TWN_ZOAH	EVTZOAH	01445D	11	dialog
0	PRG	TWN_ZOAH	EVTZOAH	014497	11	dialog
0	PRG	TWN_ZOAH	EVTZOAH	0144D1	11	dialog
0	PRG	TWN_ZOAH	EVTZOAH	014500	11	dialog
0	PRG	TWN_ZOAH	EVTZOAH	014547	11	dialog
0	PRG	TWN_ZOAH	EVTZOAH	014583	11	dialog
0	PRG	TWN_ZOAH	EVTZOAH	0145BF	11	dialog
0	PRG	TWN_ZOAH	EVTZOAH	0145F0	11	dialog
0	PRG	TWN_ZOAH	EVTZOAH	014624	11	dialog
0	PRG	TWN_ZOAH	EVTZOAH	01464D	11	dialog
0	PRG	TWN_ZOAH	EVTZOAH	014676	11	dialog
0	PRG	TWN_ZOAH	EVTZOAH	014694	11	dialog
0	PRG	TWN_ZOAH	EVTZOAH	0146EC	11	dialog
0	PRG	TWN_ZOAH	EVTZOAH	014739	11	dialog
0	PRG	TWN_ZOAH	EVTZOAH	014786	11	dialog
0	PRG	TWN_ZOAH	EVTZOAH	0147C8	11	dialog
0	PRG	TWN_ZOAH	EVTZOAH	01480D	11	dialog
0	PRG	TWN_ZOAH	EVTZOAH	014847	11	dialog
0	PRG	TWN_ZOAH	EVTZOAH	014881	11	dialog
0	PRG	TWN_ZOAH	EVTZOAH	0148B0	11	dialog
0	PRG	TWN_ZOAH	EVTZOAH	0148F7	11	dialog
0	PRG	TWN_ZOAH	EVTZOAH	014933	11	dialog
0	PRG	TWN_ZOAH	EVTZOAH	01496F	11	dialog
0	PRG	TWN_ZOAH	EVTZOAH	0149A0	11	dialog
0	PRG	TWN_ZOAH	EVTZOAH	0149D4	11	dialog
0	PRG	TWN_ZOAH	EVTZOAH	0149FD	11	dialog
0	PRG	TWN_ZOAH	EVTZOAH	014A26	11	dialog
0	PRG	TWN_ZOAH	EVTZOAH	014A44	11	dialog
0	PRG	TWN_ZOAH	EVTZOAH	014A89	11	dialog
0	PRG	TWN_ZOAH	EVTZOAH	014AC3	11	dialog
0	PRG	TWN_ZOAH	EVTZOAH	014AFD	11	dialog
0	PRG	TWN_ZOAH	EVTZOAH	014B2C	11	dialog
0	PRG	TWN_ZOAH	EVTZOAH	014B5E	11	dialog
0	PRG	TWN_ZOAH	EVTZOAH	014B85	11	dialog
0	PRG	TWN_ZOAH	EVTZOAH	014BAC	11	dialog
0	PRG	TWN_ZOAH	EVTZOAH	014BC8	11	dialog
0	PRG	TWN_ZOAH	EVTZOAH	014BFC	11	dialog
0	PRG	TWN_ZOAH	EVTZOAH	014C25	11	dialog
0	PRG	TWN_ZOAH	EVTZOAH	014C4E	11	dialog
0	PRG	TWN_ZOAH	EVTZOAH	014C6C	11	dialog
0	PRG	TWN_ZOAH	EVTZOAH	014C8D	11	dialog
0	PRG	TWN_ZOAH	EVTZOAH	014CA3	11	dialog
0	PRG	TWN_ZOAH	EVTZOAH	014CB9	11	dialog
0	PRG	TWN_ZOAH	EVTZOAH	023F46	31	slot
0	PRG	TWN_ZOAH	EVTZOAH	024073	31	slot
0	PRG	TWN_ZOAH	EVTZOAH	0241A0	31	slot
0	PRG	TWN_ZOAH	EVTZOAH	0242AE	31	slot
0	PRG	TWN_ZOAH	EVTZOAH	0243DB	31	slot
0	PRG	TWN_ZOAH	EVTZOAH	0244E9	31	slot
0	PRG	TWN_ZOAH	EVTZOAH	0245F7	31	slot
0	PRG	TWN_ZOAH	EVTZOAH	0246E6	31	slot
0	PRG	TWN_ZOAH	EVTZOAH	024813	31	slot
0	PRG	TWN_ZOAH	EVTZOAH	024921	31	slot
0	PRG	TWN_ZOAH	EVTZOAH	024A2F	31	slot
0	PRG	TWN_ZOAH	EVTZOAH	024B1E	31	slot
0	PRG	TWN_ZOAH	EVTZOAH	024C2C	31	slot
0	PRG	TWN_ZOAH	EVTZOAH	024D1B	31	slot
0	PRG	TWN_ZOAH	EVTZOAH	024E0A	31	slot
0	PRG	TWN_ZOAH	EVTZOAH	024EDA	31	slot
0	PRG	TWN_ZOAH	EVTZOAH	025007	31	slot
0	PRG	TWN_ZOAH	EVTZOAH	025115	31	slot
0	PRG	TWN_ZOAH	EVTZOAH	025223	31	slot
0	PRG	TWN_ZOAH	EVTZOAH	025312	31	slot
0	PRG	TWN_ZOAH	EVTZOAH	025420	31	slot
0	PRG	TWN_ZOAH	EVTZOAH	02550F	31	slot
0	PRG	TWN_ZOAH	EVTZOAH	0255FE	31	slot
0	PRG	TWN_ZOAH	EVTZOAH	0256CE	31	slot
0	PRG	TWN_ZOAH	EVTZOAH	0257DC	31	slot
0	PRG	TWN_ZOAH	EVTZOAH	0258CB	31	slot
0	PRG	TWN_ZOAH	EVTZOAH	0259BA	31	slot
0	PRG	TWN_ZOAH	EVTZOAH	025A8A	31	slot
0	PRG	TWN_ZOAH	EVTZOAH	025B79	31	slot
0	PRG	TWN_ZOAH	EVTZOAH	025C49	31	slot
0	PRG	TWN_ZOAH	EVTZOAH	025D19	31	slot
0	PRG	TWN_ZOAH	EVTZOAH	025DCA	31	slot
0	PRG	TWN_ZOAH	EVTZOAH	025EF7	31	slot
0	PRG	TWN_ZOAH	EVTZOAH	026005	31	slot
0	PRG	TWN_ZOAH	EVTZOAH	026113	31	slot
0	PRG	TWN_ZOAH	EVTZOAH	026202	31	slot
0	PRG	TWN_ZOAH	EVTZOAH	026310	31	slot
0	PRG	TWN_ZOAH	EVTZOAH	0263FF	31	slot
0	PRG	TWN_ZOAH	EVTZOAH	0264EE	31	slot
0	PRG	TWN_ZOAH	EVTZOAH	0265BE	31	slot
0	PRG	TWN_ZOAH	EVTZOAH	0266CC	31	slot
0	PRG	TWN_ZOAH	EVTZOAH	0267BB	31	slot
0	PRG	TWN_ZOAH	EVTZOAH	0268AA	31	slot
0	PRG	TWN_ZOAH	EVTZOAH	02697A	31	slot
0	PRG	TWN_ZOAH	EVTZOAH	026A69	31	slot
0	PRG	TWN_ZOAH	EVTZOAH	026B39	31	slot
0	PRG	TWN_ZOAH	EVTZOAH	026C09	31	slot
0	PRG	TWN_ZOAH	EVTZOAH	026CBA	31	slot
0	PRG	TWN_ZOAH	EVTZOAH	026DC8	31	slot
0	PRG	TWN_ZOAH	EVTZOAH	026EB7	31	slot
0	PRG	TWN_ZOAH	EVTZOAH	026FA6	31	slot
0	PRG	TWN_ZOAH	EVTZOAH	027076	31	slot
0	PRG	TWN_ZOAH	EVTZOAH	027165	31	slot
0	PRG	TWN_ZOAH	EVTZOAH	027235	31	slot
0	PRG	TWN_ZOAH	EVTZOAH	027305	31	slot
0	PRG	TWN_ZOAH	EVTZOAH	0273B6	31	slot
0	PRG	TWN_ZOAH	EVTZOAH	0274A5	31	slot
0	PRG	TWN_ZOAH	EVTZOAH	027575	31	slot
0	PRG	TWN_ZOAH	EVTZOAH	027645	31	slot
0	PRG	TWN_ZOAH	EVTZOAH	0276F6	31	slot
0	PRG	TWN_ZOAH	EVTZOAH	0277C6	31	slot
0	PRG	TWN_ZOAH	EVTZOAH	027877	31	slot
0	PRG	TWN_ZOAH	EVTZOAH	027928	31	slot
0	PRG	TWN_ZOAH	EVTZOAH	0279BA	31	slot
0	PRG	TWN_ZOAH	EVTZOAH	037885	11	dialog
0	PRG	TWN_ZOAH	EVTZOAH	0378E3	11	dialog
0	PRG	TWN_ZOAH	EVTZOAH	037941	11	dialog
0	PRG	TWN_ZOAH	EVTZOAH	037994	11	dialog
0	PRG	TWN_ZOAH	EVTZOAH	0379EA	11	dialog
0	PRG	TWN_ZOAH	EVTZOAH	037A35	11	dialog
0	PRG	TWN_ZOAH	EVTZOAH	037A80	11	dialog
0	PRG	TWN_ZOAH	EVTZOAH	037AC0	11	dialog
0	PRG	TWN_ZOAH	EVTZOAH	037B18	11	dialog
0	PRG	TWN_ZOAH	EVTZOAH	037B65	11	dialog
0	PRG	TWN_ZOAH	EVTZOAH	037BB2	11	dialog
0	PRG	TWN_ZOAH	EVTZOAH	037BF4	11	dialog
0	PRG	TWN_ZOAH	EVTZOAH	037C39	11	dialog
0	PRG	TWN_ZOAH	EVTZOAH	037C73	11	dialog
0	PRG	TWN_ZOAH	EVTZOAH	037CAD	11	dialog
0	PRG	TWN_ZOAH	EVTZOAH	037CDC	11	dialog
0	PRG	TWN_ZOAH	EVTZOAH	037D34	11	dialog
0	PRG	TWN_ZOAH	EVTZOAH	037D81	11	dialog
0	PRG	TWN_ZOAH	EVTZOAH	037DCE	11	dialog
0	PRG	TWN_ZOAH	EVTZOAH	037E10	11	dialog
0	PRG	TWN_ZOAH	EVTZOAH	037E55	11	dialog
0	PRG	TWN_ZOAH	EVTZOAH	037E8F	11	dialog
0	PRG	TWN_ZOAH	EVTZOAH	037EC9	11	dialog
0	PRG	TWN_ZOAH	EVTZOAH	037EF8	11	dialog
0	PRG	TWN_ZOAH	EVTZOAH	037F3F	11	dialog
0	PRG	TWN_ZOAH	EVTZOAH	037F7B	11	dialog
0	PRG	TWN_ZOAH	EVTZOAH	037FB7	11	dialog
0	PRG	TWN_ZOAH	EVTZOAH	037FE8	11	dialog
0	PRG	TWN_ZOAH	EVTZOAH	03801C	11	dialog
0	PRG	TWN_ZOAH	EVTZOAH	038045	11	dialog
0	PRG	TWN_ZOAH	EVTZOAH	03806E	11	dialog
0	PRG	TWN_ZOAH	EVTZOAH	03808C	11	dialog
0	PRG	TWN_ZOAH	EVTZOAH	0380E4	11	dialog
0	PRG	TWN_ZOAH	EVTZOAH	038131	11	dialog
0	PRG	TWN_ZOAH	EVTZOAH	03817E	11	dialog
0	PRG	TWN_ZOAH	EVTZOAH	0381C0	11	dialog
0	PRG	TWN_ZOAH	EVTZOAH	038205	11	dialog
0	PRG	TWN_ZOAH	EVTZOAH	03823F	11	dialog
0	PRG	TWN_ZOAH	EVTZOAH	038279	11	dialog
0	PRG	TWN_ZOAH	EVTZOAH	0382A8	11	dialog
0	PRG	TWN_ZOAH	EVTZOAH	0382EF	11	dialog
0	PRG	TWN_ZOAH	EVTZOAH	03832B	11	dialog
0	PRG	TWN_ZOAH	EVTZOAH	038367	11	dialog
0	PRG	TWN_ZOAH	EVTZOAH	038398	11	dialog
0	PRG	TWN_ZOAH	EVTZOAH	0383CC	11	dialog
0	PRG	TWN_ZOAH	EVTZOAH	0383F5	11	dialog
0	PRG	TWN_ZOAH	EVTZOAH	03841E	11	dialog
0	PRG	TWN_ZOAH	EVTZOAH	03843C	11	dialog
0	PRG	TWN_ZOAH	EVTZOAH	038481	11	dialog
0	PRG	TWN_ZOAH	EVTZOAH	0384BB	11	dialog
0	PRG	TWN_ZOAH	EVTZOAH	0384F5	11	dialog
0	PRG	TWN_ZOAH	EVTZOAH	038524	11	dialog
0	PRG	TWN_ZOAH	EVTZOAH	038556	11	dialog
0	PRG	TWN_ZOAH	EVTZOAH	03857D	11	dialog
0	PRG	TWN_ZOAH	EVTZOAH	0385A4	11	dialog
0	PRG	TWN_ZOAH	EVTZOAH	0385C0	11	dialog
0	PRG	TWN_ZOAH	EVTZOAH	0385F4	11	dialog
0	PRG	TWN_ZOAH	EVTZOAH	03861D	11	dialog
0	PRG	TWN_ZOAH	EVTZOAH	038646	11	dialog
0	PRG	TWN_ZOAH	EVTZOAH	038664	11	dialog
0	PRG	TWN_ZOAH	EVTZOAH	038685	11	dialog
0	PRG	TWN_ZOAH	EVTZOAH	03869B	11	dialog
0	PRG	TWN_ZOAH	EVTZOAH	0386B1	11	dialog
1	PRG	FLD_C8	FLD_T0	01513B	2	dialog
1	PRG	FLD_C8	FLD_T0	01519E	2	dialog
1	PRG	FLD_C8	FLD_T0	0151B9	2	dialog
1	PRG	FLD_C8	FLD_T0	0151DF	2	dialog
1	PRG	FLD_C8	FLD_T0	0151FA	2	dialog
1	PRG	FLD_C8	FLD_T0	015215	2	dialog
1	PRG	FLD_C8	FLD_T0	015230	2	dialog
1	PRG	FLD_C8	FLD_T0	01524B	2	dialog
1	PRG	TWN_CAMP	EVTCAMP	00F1E0	2	dialog
1	PRG	TWN_CAMP	EVTCAMP	013044	3	dialog
1	PRG	TWN_CAMP	EVTCAMP	013061	3	dialog
1	PRG	TWN_CAMP	EVTCAMP	01307E	3	dialog
1	PRG	TWN_CAMP	EVTCAMP	01309B	3	dialog
1	PRG	TWN_CAMP	EVTCAMP	0130B8	3	dialog
1	PRG	TWN_CAMP	EVTCAMP	0130D5	3	dialog
1	PRG	TWN_CAMP	EVTCAMP	0130F2	3	dialog
1	PRG	TWN_CAMP	EVTCAMP	01310F	3	dialog
1	PRG	TWN_CAMP	EVTCAMP	01312C	3	dialog
1	PRG	TWN_CAMP	EVTCAMP	013147	3	dialog
1	PRG	TWN_CAMP	EVTCAMP	013164	3	dialog
1	PRG	TWN_CAMP	EVTCAMP	013181	3	dialog
1	PRG	TWN_CAMP	EVTCAMP	01319E	3	dialog
1	PRG	TWN_CAMP	EVTCAMP	0131BB	3	dialog
1	PRG	TWN_CAMP	EVTCAMP	0131D8	3	dialog
1	PRG	TWN_CAMP	EVTCAMP	0131F5	3	dialog
1	PRG	TWN_CAMP	EVTCAMP	013212	3	dialog
1	PRG	TWN_CAMP	EVTCAMP	01322F	3	dialog
1	PRG	TWN_CAMP	EVTCAMP	01324A	3	dialog
1	PRG	TWN_CAMP	EVTCAMP	013265	3	dialog
1	PRG	TWN_CAMP	EVTCAMP	013282	3	dialog
1	PRG	TWN_CAMP	EVTCAMP	01329F	3	dialog
1	PRG	TWN_CAMP	EVTCAMP	0132BC	3	dialog
1	PRG	TWN_CAMP	EVTCAMP	0132D9	3	dialog
1	PRG	TWN_CAMP	EVTCAMP	0132F6	3	dialog
1	PRG	TWN_CAMP	EVTCAMP	013313	3	dialog
1	PRG	TWN_CAMP	EVTCAMP	013330	3	dialog
1	PRG	TWN_CAMP	EVTCAMP	01334D	3	dialog
1	PRG	TWN_CAMP	EVTCAMP	013368	3	dialog
1	PRG	TWN_CAMP	EVTCAMP	013385	3	dialog
1	PRG	TWN_CAMP	EVTCAMP	0133A2	3	dialog
1	PRG	TWN_CAMP	EVTCAMP	0133BF	3	dialog
1	PRG	TWN_CAMP	EVTCAMP	0133DC	3	dialog
1	PRG	TWN_CAMP	EVTCAMP	0133F9	3	dialog
1	PRG	TWN_CAMP	EVTCAMP	013416	3	dialog
1	PRG	TWN_CAMP	EVTCAMP	013433	3	dialog
1	PRG	TWN_CAMP	EVTCAMP	013450	3	dialog
1	PRG	TWN_CAMP	EVTCAMP	01346B	3	dialog
1	PRG	TWN_CAMP	EVTCAMP	013486	3	dialog
1	PRG	TWN_CAMP	EVTCAMP	0134A3	3	dialog
1	PRG	TWN_CAMP	EVTCAMP	0134C0	3	dialog
1	PRG	TWN_CAMP	EVTCAMP	0134DD	3	dialog
1	PRG	TWN_CAMP	EVTCAMP	0134FA	3	dialog
1	PRG	TWN_CAMP	EVTCAMP	013517	3	dialog
1	PRG	TWN_CAMP	EVTCAMP	013534	3	dialog
1	PRG	TWN_CAMP	EVTCAMP	013551	3	dialog
1	PRG	TWN_CAMP	EVTCAMP	01356E	3	dialog
1	PRG	TWN_CAMP	EVTCAMP	013589	3	dialog
1	PRG	TWN_CAMP	EVTCAMP	0135A6	3	dialog
1	PRG	TWN_CAMP	EVTCAMP	0135C3	3	dialog
1	PRG	TWN_CAMP	EVTCAMP	0135E0	3	dialog
1	PRG	TWN_CAMP	EVTCAMP	0135FD	3	dialog
1	PRG	TWN_CAMP	EVTCAMP	01361A	3	dialog
1	PRG	TWN_CAMP	EVTCAMP	013637	3	dialog
1	PRG	TWN_CAMP	EVTCAMP	013654	3	dialog
1	PRG	TWN_CAMP	EVTCAMP	013671	3	dialog
1	PRG	TWN_CAMP	EVTCAMP	01368C	3	dialog
1	PRG	TWN_CAMP	EVTCAMP	0136A7	3	dialog
1	PRG	TWN_CAMP	EVTCAMP	0136C4	3	dialog
1	PRG	TWN_CAMP	EVTCAMP	0136E1	3	dialog
1	PRG	TWN_CAMP	EVTCAMP	0136FE	3	dialog
1	PRG	TWN_CAMP	EVTCAMP	01371B	3	dialog
1	PRG	TWN_CAMP	EVTCAMP	013738	3	dialog
1	PRG	TWN_CAMP	EVTCAMP	013755	3	dialog
1	PRG	TWN_CAMP	EVTCAMP	013772	3	dialog
1	PRG	TWN_CAMP	EVTCAMP	01378F	3	dialog
1	PRG	TWN_CAMP	EVTCAMP	0137AA	3	dialog
1	PRG	TWN_CAMP	EVTCAMP	0137C7	3	dialog
1	PRG	TWN_CAMP	EVTCAMP	0137E4	3	dialog
1	PRG	TWN_CAMP	EVTCAMP	013801	3	dialog
1	PRG	TWN_CAMP	EVTCAMP	01381E	3	dialog
1	PRG	TWN_CAMP	EVTCAMP	01383B	3	dialog
1	PRG	TWN_CAMP	EVTCAMP	013858	3	dialog
1	PRG	TWN_CAMP	EVTCAMP	013875	3	dialog
1	PRG	TWN_CAMP	EVTCAMP	013892	3	dialog
1	PRG	TWN_CAMP	EVTCAMP	0138AD	3	dialog
1	PRG	TWN_CAMP	EVTCAMP	013DFE	3	dialog
1	PRG	TWN_CAMP	EVTCAMP	013E19	3	dialog
1	PRG	TWN_CAMP	EVTCAMP	013E34	3	dialog
1	PRG	TWN_CAMP	EVTCAMP	013E4F	3	dialog
1	PRG	TWN_CAMP	EVTCAMP	013E6A	3	dialog
1	PRG	TWN_CAMP	EVTCAMP	013E85	3	dialog
1	PRG	TWN_CAMP	EVTCAMP	013EA0	3	dialog
1	PRG	TWN_CAMP	EVTCAMP	013EBB	3	dialog
1	PRG	TWN_CAMP	EVTCAMP	013ED6	3	dialog
1	PRG	TWN_CAMP	EVTCAMP	013EF1	3	dialog
1	PRG	TWN_CAMP	EVTCAMP	013F0C	3	dialog
1	PRG	TWN_CAMP	EVTCAMP	013F27	3	dialog
1	PRG	TWN_CAMP	EVTCAMP	013F42	3	dialog
1	PRG	TWN_CAMP	EVTCAMP	013F5D	3	dialog
1	PRG	TWN_CAMP	EVTCAMP	013F78	3	dialog
1	PRG	TWN_CAMP	EVTCAMP	013F93	3	dialog
1	PRG	TWN_CAMP	EVTCAMP	013FAE	3	dialog
1	PRG	TWN_CAMP	EVTCAMP	013FC9	3	dialog
1	PRG	TWN_CAMP	EVTCAMP	013FE4	3	dialog
1	PRG	TWN_CAMP	EVTCAMP	013FFF	3	dialog
1	PRG	TWN_CAMP	EVTCAMP	01401A	3	dialog
1	PRG	TWN_CAMP	EVTCAMP	014035	3	dialog
1	PRG	TWN_CAMP	EVTCAMP	014050	3	dialog
1	PRG	TWN_CAMP	EVTCAMP	01406B	3	dialog
1	PRG	TWN_CAMP	EVTCAMP	014086	3	dialog
1	PRG	TWN_CAMP	EVTCAMP	0140A1	3	dialog
1	PRG	TWN_CAMP	EVTCAMP	0140BC	3	dialog
1	PRG	TWN_CAMP	EVTCAMP	0140D9	3	dialog
1	PRG	TWN_CAMP	EVTCAMP	0140F6	3	dialog
1	PRG	TWN_CAMP	EVTCAMP	014113	3	dialog
1	PRG	TWN_CAMP	EVTCAMP	014130	3	dialog
1	PRG	TWN_CAMP	EVTCAMP	01414D	3	dialog
1	PRG	TWN_CAMP	EVTCAMP	01416A	3	dialog
1	PRG	TWN_CAMP	EVTCAMP	014187	3	dialog
1	PRG	TWN_CAMP	EVTCAMP	0141A4	3	dialog
1	PRG	TWN_CAMP	EVTCAMP	0141BF	3	dialog
1	PRG	TWN_CAMP	EVTCAMP	0141DC	3	dialog
1	PRG	TWN_CAMP	EVTCAMP	0141F9	3	dialog
1	PRG	TWN_CAMP	EVTCAMP	014216	3	dialog
1	PRG	TWN_CAMP	EVTCAMP	014233	3	dialog
1	PRG	TWN_CAMP	EVTCAMP	014250	3	dialog
1	PRG	TWN_CAMP	EVTCAMP	01426D	3	dialog
1	PRG	TWN_CAMP	EVTCAMP	01428A	3	dialog
1	PRG	TWN_CAMP	EVTCAMP	0142A7	3	dialog
1	PRG	TWN_CAMP	EVTCAMP	0142C2	3	dialog
1	PRG	TWN_CAMP	EVTCAMP	0142DF	3	dialog
1	PRG	TWN_CAMP	EVTCAMP	0142FC	3	dialog
1	PRG	TWN_CAMP	EVTCAMP	014319	3	dialog
1	PRG	TWN_CAMP	EVTCAMP	014336	3	dialog
1	PRG	TWN_CAMP	EVTCAMP	014353	3	dialog
1	PRG	TWN_CAMP	EVTCAMP	014370	3	dialog
1	PRG	TWN_CAMP	EVTCAMP	01438D	3	dialog
1	PRG	TWN_CAMP	EVTCAMP	0143AA	3	dialog
1	PRG	TWN_CAMP	EVTCAMP	0143C5	3	dialog
1	PRG	TWN_CAMP	EVTCAMP	0143E2	3	dialog
1	PRG	TWN_CAMP	EVTCAMP	0143FF	3	dialog
1	PRG	TWN_CAMP	EVTCAMP	01441C	3	dialog
1	PRG	TWN_CAMP	EVTCAMP	014439	3	dialog
1	PRG	TWN_CAMP	EVTCAMP	014456	3	dialog
1	PRG	TWN_CAMP	EVTCAMP	014473	3	dialog
1	PRG	TWN_CAMP	EVTCAMP	014490	3	dialog
1	PRG	TWN_CAMP	EVTCAMP	0144AD	3	dialog
1	PRG	TWN_CAMP	EVTCAMP	0144C8	3	dialog
1	PRG	TWN_CAMP	EVTCAMP	0144E3	3	dialog
1	PRG	TWN_CAMP	EVTCAMP	014500	3	dialog
1	PRG	TWN_CAMP	EVTCAMP	01451D	3	dialog
1	PRG	TWN_CAMP	EVTCAMP	01453A	3	dialog
1	PRG	TWN_CAMP	EVTCAMP	014557	3	dialog
1	PRG	TWN_CAMP	EVTCAMP	014574	3	dialog
1	PRG	TWN_CAMP	EVTCAMP	014591	3	dialog
1	PRG	TWN_CAMP	EVTCAMP	0145AE	3	dialog
1	PRG	TWN_CAMP	EVTCAMP	0145CB	3	dialog
1	PRG	TWN_CAMP	EVTCAMP	0145E6	3	dialog
1	PRG	TWN_CAMP	EVTCAMP	014603	3	dialog
1	PRG	TWN_CAMP	EVTCAMP	014620	3	dialog
1	PRG	TWN_CAMP	EVTCAMP	01463D	3	dialog
1	PRG	TWN_CAMP	EVTCAMP	01465A	3	dialog
1	PRG	TWN_CAMP	EVTCAMP	014677	3	dialog
1	PRG	TWN_CAMP	EVTCAMP	014694	3	dialog
1	PRG	TWN_CAMP	EVTCAMP	0146B1	3	dialog
1	PRG	TWN_CAMP	EVTCAMP	0146CE	3	dialog
1	PRG	TWN_CAMP	EVTCAMP	0146E9	3	dialog
1	PRG	TWN_CAMP	EVTCAMP	014706	3	dialog
1	PRG	TWN_CAMP	EVTCAMP	014723	3	dialog
1	PRG	TWN_CAMP	EVTCAMP	014740	3	dialog
1	PRG	TWN_CAMP	EVTCAMP	01475D	3	dialog
1	PRG	TWN_CAMP	EVTCAMP	01477A	3	dialog
1	PRG	TWN_CAMP	EVTCAMP	014797	3	dialog
1	PRG	TWN_CAMP	EVTCAMP	0147B4	3	dialog
1	PRG	TWN_CAMP	EVTCAMP	0147D1	3	dialog
1	PRG	TWN_CAMP	EVTCAMP	0147EC	3	dialog
1	PRG	TWN_CAMP	EVTCAMP	014809	3	dialog
1	PRG	TWN_CAMP	EVTCAMP	014826	3	dialog
1	PRG	TWN_CAMP	EVTCAMP	014843	3	dialog
1	PRG	TWN_CAMP	EVTCAMP	014860	3	dialog
1	PRG	TWN_CAMP	EVTCAMP	01487D	3	dialog
1	PRG	TWN_CAMP	EVTCAMP	01489A	3	dialog
1	PRG	TWN_CAMP	EVTCAMP	0148B7	3	dialog
1	PRG	TWN_CAMP	EVTCAMP	0148D4	3	dialog
1	PRG	TWN_CARA	EVTCARA	0130A7	2	dialog
1	PRG	TWN_SEEK	EVTSEEK	00863F	2	dialog
1	PRG	TWN_ZOAH	EVTZOAH	00C663	2	dialog
1	PRG	TWN_ZOAH	EVTZOAH	00C7CE	2	dialog
1	PRG	TWN_ZOAH	EVTZOAH	00D8C3	2	dialog
1	PRG	TWN_ZOAH	EVTZOAH	00D8E8	2	dialog
1	PRG	TWN_ZOAH	EVTZOAH	01381A	2	dialog
1	PRG	TWN_ZOAH	EVTZOAH	0139F7	2	dialog
1	PRG	TWN_ZOAH	EVTZOAH	018784	2	dialog
1	PRG	TWN_ZOAH	EVTZOAH	018A34	2	dialog
1	PRG	TWN_ZOAH	EVTZOAH	018B21	2	dialog
1	PRG	TWN_ZOAH	EVTZOAH	018E50	2	dialog
1	PRG	TWN_ZOAH	EVTZOAH	0229B3	2	dialog
1	PRG	TWN_ZOAH	EVTZOAH	0229D2	2	dialog
1	PRG	TWN_ZOAH	EVTZOAH	022A47	2	dialog
1	PRG	TWN_ZOAH	EVTZOAH	02B346	2	dialog
1	PRG	TWN_ZOAH	EVTZOAH	02EF9B	2	dialog
1	PRG	TWN_ZOAH	EVTZOAH	0338B3	2	dialog
1	PRG	TWN_ZOAH	EVTZOAH	0338FB	2	dialog
1	PRG	TWN_ZOAH	EVTZOAH	039CDC	2	dialog
2	PRG	TWN_CAMP	EVTCAMP	00BC65	23	slot
2	PRG	TWN_CAMP	EVTCAMP	00BD11	23	slot
2	PRG	TWN_CAMP	EVTCAMP	00C0BD	19	slot
2	PRG	TWN_CAMP	EVTCAMP	00C1AB	25	slot
2	PRG	TWN_CAMP	EVTCAMP	00C2BF	19	slot
2	PRG	TWN_CAMP	EVTCAMP	00C3D1	37	slot
2	PRG	TWN_CAMP	EVTCAMP	00C4E0	19	slot
2	PRG	TWN_CAMP	EVTCAMP	00C5F2	37	slot
2	PRG	TWN_CAMP	EVTCAMP	00CA03	27	slot
2	PRG	TWN_CAMP	EVTCAMP	00CA44	9	dialog
2	PRG	TWN_SEEK	EVTSEEK	012878	29	slot
2	PRG	TWN_SEEK	EVTSEEK	0129FC	29	slot
2	PRG	TWN_SEEK	EVTSEEK	012B80	29	slot
2	PRG	TWN_SEEK	EVTSEEK	012CE7	29	slot
2	PRG	TWN_SEEK	EVTSEEK	012E6B	29	slot
2	PRG	TWN_SEEK	EVTSEEK	012FD2	29	slot
2	PRG	TWN_SEEK	EVTSEEK	013139	29	slot
2	PRG	TWN_SEEK	EVTSEEK	013283	29	slot
2	PRG	TWN_SEEK	EVTSEEK	013407	29	slot
2	PRG	TWN_SEEK	EVTSEEK	01356E	29	slot
2	PRG	TWN_SEEK	EVTSEEK	0136D5	29	slot
2	PRG	TWN_SEEK	EVTSEEK	01381F	29	slot
2	PRG	TWN_SEEK	EVTSEEK	013986	29	slot
2	PRG	TWN_SEEK	EVTSEEK	013AD0	29	slot
2	PRG	TWN_SEEK	EVTSEEK	013C1A	29	slot
2	PRG	TWN_SEEK	EVTSEEK	013D47	29	slot
2	PRG	TWN_SEEK	EVTSEEK	013EAE	29	slot
2	PRG	TWN_SEEK	EVTSEEK	013FF8	29	slot
2	PRG	TWN_SEEK	EVTSEEK	014142	29	slot
2	PRG	TWN_SEEK	EVTSEEK	01426F	29	slot
2	PRG	TWN_SEEK	EVTSEEK	0143B9	29	slot
2	PRG	TWN_SEEK	EVTSEEK	0144E6	29	slot
2	PRG	TWN_SEEK	EVTSEEK	014613	29	slot
2	PRG	TWN_SEEK	EVTSEEK	014723	29	slot
2	PRG	TWN_SEEK	EVTSEEK	01488A	29	slot
2	PRG	TWN_SEEK	EVTSEEK	0149D4	29	slot
2	PRG	TWN_SEEK	EVTSEEK	014B1E	29	slot
2	PRG	TWN_SEEK	EVTSEEK	014C4B	29	slot
2	PRG	TWN_SEEK	EVTSEEK	014D95	29	slot
2	PRG	TWN_SEEK	EVTSEEK	014EC2	29	slot
2	PRG	TWN_SEEK	EVTSEEK	014FEF	29	slot
2	PRG	TWN_SEEK	EVTSEEK	0150FF	29	slot
2	PRG	TWN_ZOAH	EVTZOAH	023DF1	31	slot
2	PRG	TWN_ZOAH	EVTZOAH	023F51	9	dialog
2	PRG	TWN_ZOAH	EVTZOAH	02407E	9	dialog
2	PRG	TWN_ZOAH	EVTZOAH	0241AB	9	dialog
2	PRG	TWN_ZOAH	EVTZOAH	0242B9	9	dialog
2	PRG	TWN_ZOAH	EVTZOAH	0243E6	9	dialog
2	PRG	TWN_ZOAH	EVTZOAH	0244F4	9	dialog
2	PRG	TWN_ZOAH	EVTZOAH	024602	9	dialog
2	PRG	TWN_ZOAH	EVTZOAH	0246F1	9	dialog
2	PRG	TWN_ZOAH	EVTZOAH	02481E	9	dialog
2	PRG	TWN_ZOAH	EVTZOAH	02492C	9	dialog
2	PRG	TWN_ZOAH	EVTZOAH	024A3A	9	dialog
2	PRG	TWN_ZOAH	EVTZOAH	024B29	9	dialog
2	PRG	TWN_ZOAH	EVTZOAH	024C37	9	dialog
2	PRG	TWN_ZOAH	EVTZOAH	024D26	9	dialog
2	PRG	TWN_ZOAH	EVTZOAH	024E15	9	dialog
2	PRG	TWN_ZOAH	EVTZOAH	024EE5	9	dialog
2	PRG	TWN_ZOAH	EVTZOAH	025012	9	dialog
2	PRG	TWN_ZOAH	EVTZOAH	025120	9	dialog
2	PRG	TWN_ZOAH	EVTZOAH	02522E	9	dialog
2	PRG	TWN_ZOAH	EVTZOAH	02531D	9	dialog
2	PRG	TWN_ZOAH	EVTZOAH	02542B	9	dialog
2	PRG	TWN_ZOAH	EVTZOAH	02551A	9	dialog
2	PRG	TWN_ZOAH	EVTZOAH	025609	9	dialog
2	PRG	TWN_ZOAH	EVTZOAH	0256D9	9	dialog
2	PRG	TWN_ZOAH	EVTZOAH	0257E7	9	dialog
2	PRG	TWN_ZOAH	EVTZOAH	0258D6	9	dialog
2	PRG	TWN_ZOAH	EVTZOAH	0259C5	9	dialog
2	PRG	TWN_ZOAH	EVTZOAH	025A95	9	dialog
2	PRG	TWN_ZOAH	EVTZOAH	025B84	9	dialog
2	PRG	TWN_ZOAH	EVTZOAH	025C54	9	dialog
2	PRG	TWN_ZOAH	EVTZOAH	025D24	9	dialog
2	PRG	TWN_ZOAH	EVTZOAH	025DD5	9	dialog
2	PRG	TWN_ZOAH	EVTZOAH	025F02	9	dialog
2	PRG	TWN_ZOAH	EVTZOAH	026010	9	dialog
2	PRG	TWN_ZOAH	EVTZOAH	02611E	9	dialog
2	PRG	TWN_ZOAH	EVTZOAH	02620D	9	dialog
2	PRG	TWN_ZOAH	EVTZOAH	02631B	9	dialog
2	PRG	TWN_ZOAH	EVTZOAH	02640A	9	dialog
2	PRG	TWN_ZOAH	EVTZOAH	0264F9	9	dialog
2	PRG	TWN_ZOAH	EVTZOAH	0265C9	9	dialog
2	PRG	TWN_ZOAH	EVTZOAH	0266D7	9	dialog
2	PRG	TWN_ZOAH	EVTZOAH	0267C6	9	dialog
2	PRG	TWN_ZOAH	EVTZOAH	0268B5	9	dialog
2	PRG	TWN_ZOAH	EVTZOAH	026985	9	dialog
2	PRG	TWN_ZOAH	EVTZOAH	026A74	9	dialog
2	PRG	TWN_ZOAH	EVTZOAH	026B44	9	dialog
2	PRG	TWN_ZOAH	EVTZOAH	026C14	9	dialog
2	PRG	TWN_ZOAH	EVTZOAH	026CC5	9	dialog
2	PRG	TWN_ZOAH	EVTZOAH	026DD3	9	dialog
2	PRG	TWN_ZOAH	EVTZOAH	026EC2	9	dialog
2	PRG	TWN_ZOAH	EVTZOAH	026FB1	9	dialog
2	PRG	TWN_ZOAH	EVTZOAH	027081	9	dialog
2	PRG	TWN_ZOAH	EVTZOAH	027170	9	dialog
2	PRG	TWN_ZOAH	EVTZOAH	027240	9	dialog
2	PRG	TWN_ZOAH	EVTZOAH	027310	9	dialog
2	PRG	TWN_ZOAH	EVTZOAH	0273C1	9	dialog
2	PRG	TWN_ZOAH	EVTZOAH	0274B0	9	dialog
2	PRG	TWN_ZOAH	EVTZOAH	027580	9	dialog
2	PRG	TWN_ZOAH	EVTZOAH	027650	9	dialog
2	PRG	TWN_ZOAH	EVTZOAH	027701	9	dialog
2	PRG	TWN_ZOAH	EVTZOAH	0277D1	9	dialog
2	PRG	TWN_ZOAH	EVTZOAH	027882	9	dialog
2	PRG	TWN_ZOAH	EVTZOAH	027933	9	dialog
3	PRG	TWN_CAMP	EVTCAMP	00BCD8	23	slot
3	PRG	TWN_CAMP	EVTCAMP	00BD84	23	slot
3	PRG	TWN_CAMP	EVTCAMP	00C11C	19	slot
3	PRG	TWN_CAMP	EVTCAMP	00C228	25	slot
3	PRG	TWN_CAMP	EVTCAMP	00C31E	19	slot
3	PRG	TWN_CAMP	EVTCAMP	00C48A	37	slot
3	PRG	TWN_CAMP	EVTCAMP	00C53F	19	slot
3	PRG	TWN_CAMP	EVTCAMP	00C6AB	37	slot
3	PRG	TWN_SEEK	EVTSEEK	012895	29	slot
3	PRG	TWN_SEEK	EVTSEEK	012A19	29	slot
3	PRG	TWN_SEEK	EVTSEEK	012B9D	29	slot
3	PRG	TWN_SEEK	EVTSEEK	012D04	29	slot
3	PRG	TWN_SEEK	EVTSEEK	012E88	29	slot
3	PRG	TWN_SEEK	EVTSEEK	012FEF	29	slot
3	PRG	TWN_SEEK	EVTSEEK	013156	29	slot
3	PRG	TWN_SEEK	EVTSEEK	0132A0	29	slot
3	PRG	TWN_SEEK	EVTSEEK	013424	29	slot
3	PRG	TWN_SEEK	EVTSEEK	01358B	29	slot
3	PRG	TWN_SEEK	EVTSEEK	0136F2	29	slot
3	PRG	TWN_SEEK	EVTSEEK	01383C	29	slot
3	PRG	TWN_SEEK	EVTSEEK	0139A3	29	slot
3	PRG	TWN_SEEK	EVTSEEK	013AED	29	slot
3	PRG	TWN_SEEK	EVTSEEK	013C37	29	slot
3	PRG	TWN_SEEK	EVTSEEK	013D64	29	slot
3	PRG	TWN_SEEK	EVTSEEK	013ECB	29	slot
3	PRG	TWN_SEEK	EVTSEEK	014015	29	slot
3	PRG	TWN_SEEK	EVTSEEK	01415F	29	slot
3	PRG	TWN_SEEK	EVTSEEK	01428C	29	slot
3	PRG	TWN_SEEK	EVTSEEK	0143D6	29	slot
3	PRG	TWN_SEEK	EVTSEEK	014503	29	slot
3	PRG	TWN_SEEK	EVTSEEK	014630	29	slot
3	PRG	TWN_SEEK	EVTSEEK	014740	29	slot
3	PRG	TWN_SEEK	EVTSEEK	0148A7	29	slot
3	PRG	TWN_SEEK	EVTSEEK	0149F1	29	slot
3	PRG	TWN_SEEK	EVTSEEK	014B3B	29	slot
3	PRG	TWN_SEEK	EVTSEEK	014C68	29	slot
3	PRG	TWN_SEEK	EVTSEEK	014DB2	29	slot
3	PRG	TWN_SEEK	EVTSEEK	014EDF	29	slot
3	PRG	TWN_SEEK	EVTSEEK	01500C	29	slot
3	PRG	TWN_SEEK	EVTSEEK	01511C	29	slot
3	PRG	TWN_ZOAH	EVTZOAH	023EE9	31	slot
3	PRG	TWN_ZOAH	EVTZOAH	024035	31	slot
3	PRG	TWN_ZOAH	EVTZOAH	024162	31	slot
3	PRG	TWN_ZOAH	EVTZOAH	02428F	31	slot
3	PRG	TWN_ZOAH	EVTZOAH	02437E	31	slot
3	PRG	TWN_ZOAH	EVTZOAH	0244AB	31	slot
3	PRG	TWN_ZOAH	EVTZOAH	0245B9	31	slot
3	PRG	TWN_ZOAH	EVTZOAH	0246C7	31	slot
3	PRG	TWN_ZOAH	EVTZOAH	0247B6	31	slot
3	PRG	TWN_ZOAH	EVTZOAH	0248E3	31	slot
3	PRG	TWN_ZOAH	EVTZOAH	0249F1	31	slot
3	PRG	TWN_ZOAH	EVTZOAH	024AFF	31	slot
3	PRG	TWN_ZOAH	EVTZOAH	024BCF	31	slot
3	PRG	TWN_ZOAH	EVTZOAH	024CDD	31	slot
3	PRG	TWN_ZOAH	EVTZOAH	024DCC	31	slot
3	PRG	TWN_ZOAH	EVTZOAH	024EBB	31	slot
3	PRG	TWN_ZOAH	EVTZOAH	024FAA	31	slot
3	PRG	TWN_ZOAH	EVTZOAH	0250D7	31	slot
3	PRG	TWN_ZOAH	EVTZOAH	0251E5	31	slot
3	PRG	TWN_ZOAH	EVTZOAH	0252F3	31	slot
3	PRG	TWN_ZOAH	EVTZOAH	0253C3	31	slot
3	PRG	TWN_ZOAH	EVTZOAH	0254D1	31	slot
3	PRG	TWN_ZOAH	EVTZOAH	0255C0	31	slot
3	PRG	TWN_ZOAH	EVTZOAH	0256AF	31	slot
3	PRG	TWN_ZOAH	EVTZOAH	02577F	31	slot
3	PRG	TWN_ZOAH	EVTZOAH	02588D	31	slot
3	PRG	TWN_ZOAH	EVTZOAH	02597C	31	slot
3	PRG	TWN_ZOAH	EVTZOAH	025A6B	31	slot
3	PRG	TWN_ZOAH	EVTZOAH	025B1C	31	slot
3	PRG	TWN_ZOAH	EVTZOAH	025C0B	31	slot
3	PRG	TWN_ZOAH	EVTZOAH	025CDB	31	slot
3	PRG	TWN_ZOAH	EVTZOAH	025DAB	31	slot
3	PRG	TWN_ZOAH	EVTZOAH	025E9A	31	slot
3	PRG	TWN_ZOAH	EVTZOAH	025FC7	31	slot
3	PRG	TWN_ZOAH	EVTZOAH	0260D5	31	slot
3	PRG	TWN_ZOAH	EVTZOAH	0261E3	31	slot
3	PRG	TWN_ZOAH	EVTZOAH	0262B3	31	slot
3	PRG	TWN_ZOAH	EVTZOAH	0263C1	31	slot
3	PRG	TWN_ZOAH	EVTZOAH	0264B0	31	slot
3	PRG	TWN_ZOAH	EVTZOAH	02659F	31	slot
3	PRG	TWN_ZOAH	EVTZOAH	02666F	31	slot
3	PRG	TWN_ZOAH	EVTZOAH	02677D	31	slot
3	PRG	TWN_ZOAH	EVTZOAH	02686C	31	slot
3	PRG	TWN_ZOAH	EVTZOAH	02695B	31	slot
3	PRG	TWN_ZOAH	EVTZOAH	026A0C	31	slot
3	PRG	TWN_ZOAH	EVTZOAH	026AFB	31	slot
3	PRG	TWN_ZOAH	EVTZOAH	026BCB	31	slot
3	PRG	TWN_ZOAH	EVTZOAH	026C9B	31	slot
3	PRG	TWN_ZOAH	EVTZOAH	026D6B	31	slot
3	PRG	TWN_ZOAH	EVTZOAH	026E79	31	slot
3	PRG	TWN_ZOAH	EVTZOAH	026F68	31	slot
3	PRG	TWN_ZOAH	EVTZOAH	027057	31	slot
3	PRG	TWN_ZOAH	EVTZOAH	027108	31	slot
3	PRG	TWN_ZOAH	EVTZOAH	0271F7	31	slot
3	PRG	TWN_ZOAH	EVTZOAH	0272C7	31	slot
3	PRG	TWN_ZOAH	EVTZOAH	027397	31	slot
3	PRG	TWN_ZOAH	EVTZOAH	027448	31	slot
3	PRG	TWN_ZOAH	EVTZOAH	027537	31	slot
3	PRG	TWN_ZOAH	EVTZOAH	027607	31	slot
3	PRG	TWN_ZOAH	EVTZOAH	0276D7	31	slot
3	PRG	TWN_ZOAH	EVTZOAH	027769	31	slot
3	PRG	TWN_ZOAH	EVTZOAH	027839	31	slot
3	PRG	TWN_ZOAH	EVTZOAH	0278EA	31	slot
3	PRG	TWN_ZOAH	EVTZOAH	02799B	31	slot
4	PRG	TWN_ZOAH	EVTZOAH	013E2F	19	dialog
4	PRG	TWN_ZOAH	EVTZOAH	013E98	19	dialog
4	PRG	TWN_ZOAH	EVTZOAH	013EF6	19	dialog
4	PRG	TWN_ZOAH	EVTZOAH	013F54	19	dialog
4	PRG	TWN_ZOAH	EVTZOAH	013FA7	19	dialog
4	PRG	TWN_ZOAH	EVTZOAH	013FFD	19	dialog
4	PRG	TWN_ZOAH	EVTZOAH	014048	19	dialog
4	PRG	TWN_ZOAH	EVTZOAH	014093	19	dialog
4	PRG	TWN_ZOAH	EVTZOAH	0140D3	19	dialog
4	PRG	TWN_ZOAH	EVTZOAH	01412B	19	dialog
4	PRG	TWN_ZOAH	EVTZOAH	014178	19	dialog
4	PRG	TWN_ZOAH	EVTZOAH	0141C5	19	dialog
4	PRG	TWN_ZOAH	EVTZOAH	014207	19	dialog
4	PRG	TWN_ZOAH	EVTZOAH	01424C	19	dialog
4	PRG	TWN_ZOAH	EVTZOAH	014286	19	dialog
4	PRG	TWN_ZOAH	EVTZOAH	0142C0	19	dialog
4	PRG	TWN_ZOAH	EVTZOAH	0142EF	19	dialog
4	PRG	TWN_ZOAH	EVTZOAH	014347	19	dialog
4	PRG	TWN_ZOAH	EVTZOAH	014394	19	dialog
4	PRG	TWN_ZOAH	EVTZOAH	0143E1	19	dialog
4	PRG	TWN_ZOAH	EVTZOAH	014423	19	dialog
4	PRG	TWN_ZOAH	EVTZOAH	014468	19	dialog
4	PRG	TWN_ZOAH	EVTZOAH	0144A2	19	dialog
4	PRG	TWN_ZOAH	EVTZOAH	0144DC	19	dialog
4	PRG	TWN_ZOAH	EVTZOAH	01450B	19	dialog
4	PRG	TWN_ZOAH	EVTZOAH	014552	19	dialog
4	PRG	TWN_ZOAH	EVTZOAH	01458E	19	dialog
4	PRG	TWN_ZOAH	EVTZOAH	0145CA	19	dialog
4	PRG	TWN_ZOAH	EVTZOAH	0145FB	19	dialog
4	PRG	TWN_ZOAH	EVTZOAH	01462F	19	dialog
4	PRG	TWN_ZOAH	EVTZOAH	014658	19	dialog
4	PRG	TWN_ZOAH	EVTZOAH	014681	19	dialog
4	PRG	TWN_ZOAH	EVTZOAH	01469F	19	dialog
4	PRG	TWN_ZOAH	EVTZOAH	0146F7	19	dialog
4	PRG	TWN_ZOAH	EVTZOAH	014744	19	dialog
4	PRG	TWN_ZOAH	EVTZOAH	014791	19	dialog
4	PRG	TWN_ZOAH	EVTZOAH	0147D3	19	dialog
4	PRG	TWN_ZOAH	EVTZOAH	014818	19	dialog
4	PRG	TWN_ZOAH	EVTZOAH	014852	19	dialog
4	PRG	TWN_ZOAH	EVTZOAH	01488C	19	dialog
4	PRG	TWN_ZOAH	EVTZOAH	0148BB	19	dialog
4	PRG	TWN_ZOAH	EVTZOAH	014902	19	dialog
4	PRG	TWN_ZOAH	EVTZOAH	01493E	19	dialog
4	PRG	TWN_ZOAH	EVTZOAH	01497A	19	dialog
4	PRG	TWN_ZOAH	EVTZOAH	0149AB	19	dialog
4	PRG	TWN_ZOAH	EVTZOAH	0149DF	19	dialog
4	PRG	TWN_ZOAH	EVTZOAH	014A08	19	dialog
4	PRG	TWN_ZOAH	EVTZOAH	014A31	19	dialog
4	PRG	TWN_ZOAH	EVTZOAH	037827	19	dialog
4	PRG	TWN_ZOAH	EVTZOAH	037890	19	dialog
4	PRG	TWN_ZOAH	EVTZOAH	0378EE	19	dialog
4	PRG	TWN_ZOAH	EVTZOAH	03794C	19	dialog
4	PRG	TWN_ZOAH	EVTZOAH	03799F	19	dialog
4	PRG	TWN_ZOAH	EVTZOAH	0379F5	19	dialog
4	PRG	TWN_ZOAH	EVTZOAH	037A40	19	dialog
4	PRG	TWN_ZOAH	EVTZOAH	037A8B	19	dialog
4	PRG	TWN_ZOAH	EVTZOAH	037ACB	19	dialog
4	PRG	TWN_ZOAH	EVTZOAH	037B23	19	dialog
4	PRG	TWN_ZOAH	EVTZOAH	037B70	19	dialog
4	PRG	TWN_ZOAH	EVTZOAH	037BBD	19	dialog
4	PRG	TWN_ZOAH	EVTZOAH	037BFF	19	dialog
4	PRG	TWN_ZOAH	EVTZOAH	037C44	19	dialog
4	PRG	TWN_ZOAH	EVTZOAH	037C7E	19	dialog
4	PRG	TWN_ZOAH	EVTZOAH	037CB8	19	dialog
4	PRG	TWN_ZOAH	EVTZOAH	037CE7	19	dialog
4	PRG	TWN_ZOAH	EVTZOAH	037D3F	19	dialog
4	PRG	TWN_ZOAH	EVTZOAH	037D8C	19	dialog
4	PRG	TWN_ZOAH	EVTZOAH	037DD9	19	dialog
4	PRG	TWN_ZOAH	EVTZOAH	037E1B	19	dialog
4	PRG	TWN_ZOAH	EVTZOAH	037E60	19	dialog
4	PRG	TWN_ZOAH	EVTZOAH	037E9A	19	dialog
4	PRG	TWN_ZOAH	EVTZOAH	037ED4	19	dialog
4	PRG	TWN_ZOAH	EVTZOAH	037F03	19	dialog
4	PRG	TWN_ZOAH	EVTZOAH	037F4A	19	dialog
4	PRG	TWN_ZOAH	EVTZOAH	037F86	19	dialog
4	PRG	TWN_ZOAH	EVTZOAH	037FC2	19	dialog
4	PRG	TWN_ZOAH	EVTZOAH	037FF3	19	dialog
4	PRG	TWN_ZOAH	EVTZOAH	038027	19	dialog
4	PRG	TWN_ZOAH	EVTZOAH	038050	19	dialog
4	PRG	TWN_ZOAH	EVTZOAH	038079	19	dialog
4	PRG	TWN_ZOAH	EVTZOAH	038097	19	dialog
4	PRG	TWN_ZOAH	EVTZOAH	0380EF	19	dialog
4	PRG	TWN_ZOAH	EVTZOAH	03813C	19	dialog
4	PRG	TWN_ZOAH	EVTZOAH	038189	19	dialog
4	PRG	TWN_ZOAH	EVTZOAH	0381CB	19	dialog
4	PRG	TWN_ZOAH	EVTZOAH	038210	19	dialog
4	PRG	TWN_ZOAH	EVTZOAH	03824A	19	dialog
4	PRG	TWN_ZOAH	EVTZOAH	038284	19	dialog
4	PRG	TWN_ZOAH	EVTZOAH	0382B3	19	dialog
4	PRG	TWN_ZOAH	EVTZOAH	0382FA	19	dialog
4	PRG	TWN_ZOAH	EVTZOAH	038336	19	dialog
4	PRG	TWN_ZOAH	EVTZOAH	038372	19	dialog
4	PRG	TWN_ZOAH	EVTZOAH	0383A3	19	dialog
4	PRG	TWN_ZOAH	EVTZOAH	0383D7	19	dialog
4	PRG	TWN_ZOAH	EVTZOAH	038400	19	dialog
4	PRG	TWN_ZOAH	EVTZOAH	038429	19	dialog
5	PRG	TWN_SEEK	EVTSEEK	0128CF	29	slot
5	PRG	TWN_SEEK	EVTSEEK	012A53	29	slot
5	PRG	TWN_SEEK	EVTSEEK	012BD7	29	slot
5	PRG	TWN_SEEK	EVTSEEK	012D3E	29	slot
5	PRG	TWN_SEEK	EVTSEEK	012EC2	29	slot
5	PRG	TWN_SEEK	EVTSEEK	013029	29	slot
5	PRG	TWN_SEEK	EVTSEEK	013190	29	slot
5	PRG	TWN_SEEK	EVTSEEK	0132DA	29	slot
5	PRG	TWN_SEEK	EVTSEEK	01345E	29	slot
5	PRG	TWN_SEEK	EVTSEEK	0135C5	29	slot
5	PRG	TWN_SEEK	EVTSEEK	01372C	29	slot
5	PRG	TWN_SEEK	EVTSEEK	013876	29	slot
5	PRG	TWN_SEEK	EVTSEEK	0139DD	29	slot
5	PRG	TWN_SEEK	EVTSEEK	013B27	29	slot
5	PRG	TWN_SEEK	EVTSEEK	013C71	29	slot
5	PRG	TWN_SEEK	EVTSEEK	013D9E	29	slot
5	PRG	TWN_SEEK	EVTSEEK	013F05	29	slot
5	PRG	TWN_SEEK	EVTSEEK	01404F	29	slot
5	PRG	TWN_SEEK	EVTSEEK	014199	29	slot
5	PRG	TWN_SEEK	EVTSEEK	0142C6	29	slot
5	PRG	TWN_SEEK	EVTSEEK	014410	29	slot
5	PRG	TWN_SEEK	EVTSEEK	01453D	29	slot
5	PRG	TWN_SEEK	EVTSEEK	01466A	29	slot
5	PRG	TWN_SEEK	EVTSEEK	01477A	29	slot
5	PRG	TWN_SEEK	EVTSEEK	0148E1	29	slot
5	PRG	TWN_SEEK	EVTSEEK	014A2B	29	slot
5	PRG	TWN_SEEK	EVTSEEK	014B75	29	slot
5	PRG	TWN_SEEK	EVTSEEK	014CA2	29	slot
5	PRG	TWN_SEEK	EVTSEEK	014DEC	29	slot
5	PRG	TWN_SEEK	EVTSEEK	014F19	29	slot
5	PRG	TWN_SEEK	EVTSEEK	015046	29	slot
5	PRG	TWN_SEEK	EVTSEEK	015156	29	slot
5	PRG	TWN_ZOAH	EVTZOAH	023E2F	31	slot
5	PRG	TWN_ZOAH	EVTZOAH	023F7B	31	slot
5	PRG	TWN_ZOAH	EVTZOAH	0240A8	31	slot
5	PRG	TWN_ZOAH	EVTZOAH	0241D5	31	slot
5	PRG	TWN_ZOAH	EVTZOAH	0242E3	31	slot
5	PRG	TWN_ZOAH	EVTZOAH	024410	31	slot
5	PRG	TWN_ZOAH	EVTZOAH	02451E	31	slot
5	PRG	TWN_ZOAH	EVTZOAH	02462C	31	slot
5	PRG	TWN_ZOAH	EVTZOAH	02471B	31	slot
5	PRG	TWN_ZOAH	EVTZOAH	024848	31	slot
5	PRG	TWN_ZOAH	EVTZOAH	024956	31	slot
5	PRG	TWN_ZOAH	EVTZOAH	024A64	31	slot
5	PRG	TWN_ZOAH	EVTZOAH	024B53	31	slot
5	PRG	TWN_ZOAH	EVTZOAH	024C61	31	slot
5	PRG	TWN_ZOAH	EVTZOAH	024D50	31	slot
5	PRG	TWN_ZOAH	EVTZOAH	024E3F	31	slot
5	PRG	TWN_ZOAH	EVTZOAH	024F0F	31	slot
5	PRG	TWN_ZOAH	EVTZOAH	02503C	31	slot
5	PRG	TWN_ZOAH	EVTZOAH	02514A	31	slot
5	PRG	TWN_ZOAH	EVTZOAH	025258	31	slot
5	PRG	TWN_ZOAH	EVTZOAH	025347	31	slot
5	PRG	TWN_ZOAH	EVTZOAH	025455	31	slot
5	PRG	TWN_ZOAH	EVTZOAH	025544	31	slot
5	PRG	TWN_ZOAH	EVTZOAH	025633	31	slot
5	PRG	TWN_ZOAH	EVTZOAH	025703	31	slot
5	PRG	TWN_ZOAH	EVTZOAH	025811	31	slot
5	PRG	TWN_ZOAH	EVTZOAH	025900	31	slot
5	PRG	TWN_ZOAH	EVTZOAH	0259EF	31	slot
5	PRG	TWN_ZOAH	EVTZOAH	025ABF	31	slot
5	PRG	TWN_ZOAH	EVTZOAH	025BAE	31	slot
5	PRG	TWN_ZOAH	EVTZOAH	025C7E	31	slot
5	PRG	TWN_ZOAH	EVTZOAH	025D4E	31	slot
5	PRG	TWN_ZOAH	EVTZOAH	025DE0	31	slot
5	PRG	TWN_ZOAH	EVTZOAH	025F0D	31	slot
5	PRG	TWN_ZOAH	EVTZOAH	02601B	31	slot
5	PRG	TWN_ZOAH	EVTZOAH	026129	31	slot
5	PRG	TWN_ZOAH	EVTZOAH	026218	31	slot
5	PRG	TWN_ZOAH	EVTZOAH	026326	31	slot
5	PRG	TWN_ZOAH	EVTZOAH	026415	31	slot
5	PRG	TWN_ZOAH	EVTZOAH	026504	31	slot
5	PRG	TWN_ZOAH	EVTZOAH	0265D4	31	slot
5	PRG	TWN_ZOAH	EVTZOAH	0266E2	31	slot
5	PRG	TWN_ZOAH	EVTZOAH	0267D1	31	slot
5	PRG	TWN_ZOAH	EVTZOAH	0268C0	31	slot
5	PRG	TWN_ZOAH	EVTZOAH	026990	31	slot
5	PRG	TWN_ZOAH	EVTZOAH	026A7F	31	slot
5	PRG	TWN_ZOAH	EVTZOAH	026B4F	31	slot
5	PRG	TWN_ZOAH	EVTZOAH	026C1F	31	slot
5	PRG	TWN_ZOAH	EVTZOAH	026CD0	31	slot
5	PRG	TWN_ZOAH	EVTZOAH	026DDE	31	slot
5	PRG	TWN_ZOAH	EVTZOAH	026ECD	31	slot
5	PRG	TWN_ZOAH	EVTZOAH	026FBC	31	slot
5	PRG	TWN_ZOAH	EVTZOAH	02708C	31	slot
5	PRG	TWN_ZOAH	EVTZOAH	02717B	31	slot
5	PRG	TWN_ZOAH	EVTZOAH	02724B	31	slot
5	PRG	TWN_ZOAH	EVTZOAH	02731B	31	slot
5	PRG	TWN_ZOAH	EVTZOAH	0273CC	31	slot
5	PRG	TWN_ZOAH	EVTZOAH	0274BB	31	slot
5	PRG	TWN_ZOAH	EVTZOAH	02758B	31	slot
5	PRG	TWN_ZOAH	EVTZOAH	02765B	31	slot
5	PRG	TWN_ZOAH	EVTZOAH	02770C	31	slot
5	PRG	TWN_ZOAH	EVTZOAH	0277DC	31	slot
5	PRG	TWN_ZOAH	EVTZOAH	02788D	31	slot
5	PRG	TWN_ZOAH	EVTZOAH	02793E	31	slot
6	PRG	TWN_CAMP	EVTCAMP	00FCF8	7	dialog
6	PRG	TWN_CAMP	EVTCAMP	00FD19	7	dialog
6	PRG	TWN_CAMP	EVTCAMP	00FD3A	7	dialog
6	PRG	TWN_CAMP	EVTCAMP	00FD63	7	dialog
6	PRG	TWN_CAMP	EVTCAMP	00FD97	7	dialog
6	PRG	TWN_CAMP	EVTCAMP	00FDCB	7	dialog
6	PRG	TWN_CAMP	EVTCAMP	01012B	7	dialog
6	PRG	TWN_CARA	EVTCARA	00390E	7	dialog
6	PRG	TWN_CARA	EVTCARA	003931	7	dialog
6	PRG	TWN_CARA	EVTCARA	003954	7	dialog
6	PRG	TWN_CARA	EVTCARA	003977	7	dialog
6	PRG	TWN_CARA	EVTCARA	00398F	7	dialog
6	PRG	TWN_CARA	EVTCARA	00399F	7	dialog
6	PRG	TWN_CARA	EVTCARA	0039CE	7	dialog
6	PRG	TWN_CARA	EVTCARA	0039FD	7	dialog
6	PRG	TWN_CARA	EVTCARA	003CF2	7	dialog
6	PRG	TWN_CARA	EVTCARA	003E46	7	dialog
6	PRG	TWN_CARA	EVTCARA	004014	7	dialog
6	PRG	TWN_CARA	EVTCARA	00B050	7	dialog
6	PRG	TWN_CARA	EVTCARA	00B087	7	dialog
6	PRG	TWN_CARA	EVTCARA	00B0C0	7	dialog
6	PRG	TWN_CARA	EVTCARA	00F14C	7	dialog
6	PRG	TWN_CARA	EVTCARA	00F1A0	7	dialog
6	PRG	TWN_CARA	EVTCARA	00F1F4	7	dialog
6	PRG	TWN_CARA	EVTCARA	00F233	7	dialog
6	PRG	TWN_CARA	EVTCARA	00F285	7	dialog
6	PRG	TWN_CARA	EVTCARA	00F2C2	7	dialog
6	PRG	TWN_CARA	EVTCARA	00F2FF	7	dialog
6	PRG	TWN_EXCA	EVTEXCA	000CE4	7	dialog
6	PRG	TWN_RUIN	EVTRUIN	000965	7	dialog
6	PRG	TWN_RUIN	EVTRUIN	000B2E	7	dialog
6	PRG	TWN_SEEK	EVTSEEK	0041D2	7	dialog
6	PRG	TWN_SEEK	EVTSEEK	0041E2	7	dialog
6	PRG	TWN_SEEK	EVTSEEK	004210	7	dialog
6	PRG	TWN_SEEK	EVTSEEK	00423E	7	dialog
6	PRG	TWN_SEEK	EVTSEEK	004261	7	dialog
6	PRG	TWN_SEEK	EVTSEEK	00428A	7	dialog
6	PRG	TWN_SEEK	EVTSEEK	0042B3	7	dialog
6	PRG	TWN_SEEK	EVTSEEK	0042F5	7	dialog
6	PRG	TWN_SEEK	EVTSEEK	004305	7	dialog
6	PRG	TWN_SEEK	EVTSEEK	004315	7	dialog
6	PRG	TWN_SEEK	EVTSEEK	004325	7	dialog
6	PRG	TWN_SEEK	EVTSEEK	004335	7	dialog
6	PRG	TWN_SEEK	EVTSEEK	004345	7	dialog
6	PRG	TWN_SEEK	EVTSEEK	004355	7	dialog
6	PRG	TWN_SEEK	EVTSEEK	004365	7	dialog
6	PRG	TWN_SEEK	EVTSEEK	004375	7	dialog
6	PRG	TWN_SEEK	EVTSEEK	004385	7	dialog
6	PRG	TWN_SEEK	EVTSEEK	004395	7	dialog
6	PRG	TWN_SEEK	EVTSEEK	0044F8	7	dialog
6	PRG	TWN_SEEK	EVTSEEK	004766	7	dialog
6	PRG	TWN_SEEK	EVTSEEK	0048C0	7	dialog
6	PRG	TWN_SEEK	EVTSEEK	004B6F	7	dialog
6	PRG	TWN_SEEK	EVTSEEK	004CBF	7	dialog
6	PRG	TWN_SEEK	EVTSEEK	004ECF	7	dialog
6	PRG	TWN_SEEK	EVTSEEK	00511E	7	dialog
6	PRG	TWN_SEEK	EVTSEEK	0052AD	7	dialog
6	PRG	TWN_SEEK	EVTSEEK	0054CA	7	dialog
6	PRG	TWN_ZOAH	EVTZOAH	00B338	7	dialog
6	PRG	TWN_ZOAH	EVTZOAH	00B353	7	dialog
6	PRG	TWN_ZOAH	EVTZOAH	00B363	7	dialog
6	PRG	TWN_ZOAH	EVTZOAH	00B3A2	7	dialog
6	PRG	TWN_ZOAH	EVTZOAH	00B3C1	7	dialog
6	PRG	TWN_ZOAH	EVTZOAH	00B3D5	7	dialog
6	PRG	TWN_ZOAH	EVTZOAH	00B4CB	7	dialog
6	PRG	TWN_ZOAH	EVTZOAH	00B547	7	dialog
6	PRG	TWN_ZOAH	EVTZOAH	00B589	7	dialog
6	PRG	TWN_ZOAH	EVTZOAH	00B599	7	dialog
6	PRG	TWN_ZOAH	EVTZOAH	00B5DB	7	dialog
6	PRG	TWN_ZOAH	EVTZOAH	00B61D	7	dialog
6	PRG	TWN_ZOAH	EVTZOAH	00B691	7	dialog
6	PRG	TWN_ZOAH	EVTZOAH	00BAA8	7	dialog
6	PRG	TWN_ZOAH	EVTZOAH	00BAC7	7	dialog
6	PRG	TWN_ZOAH	EVTZOAH	00BADB	7	dialog
6	PRG	TWN_ZOAH	EVTZOAH	00BDB7	7	dialog
6	PRG	TWN_ZOAH	EVTZOAH	00BE06	7	dialog
6	PRG	TWN_ZOAH	EVTZOAH	00BE84	7	dialog
6	PRG	TWN_ZOAH	EVTZOAH	00BEC6	7	dialog
6	PRG	TWN_ZOAH	EVTZOAH	00C4A7	7	dialog
6	PRG	TWN_ZOAH	EVTZOAH	00C4B7	7	dialog
6	PRG	TWN_ZOAH	EVTZOAH	00CB53	7	dialog
6	PRG	TWN_ZOAH	EVTZOAH	00D35E	7	dialog
6	PRG	TWN_ZOAH	EVTZOAH	00DCDE	7	dialog
6	PRG	TWN_ZOAH	EVTZOAH	00DCEE	7	dialog
6	PRG	TWN_ZOAH	EVTZOAH	00DED2	7	dialog
6	PRG	TWN_ZOAH	EVTZOAH	00E5F1	7	dialog
6	PRG	TWN_ZOAH	EVTZOAH	00EA98	7	dialog
6	PRG	TWN_ZOAH	EVTZOAH	00EAA8	7	dialog
6	PRG	TWN_ZOAH	EVTZOAH	00F028	7	dialog
6	PRG	TWN_ZOAH	EVTZOAH	00F038	7	dialog
6	PRG	TWN_ZOAH	EVTZOAH	00F472	7	dialog
6	PRG	TWN_ZOAH	EVTZOAH	00F81C	7	dialog
6	PRG	TWN_ZOAH	EVTZOAH	00FC38	7	dialog
6	PRG	TWN_ZOAH	EVTZOAH	00FD6D	7	dialog
7	PRG	TWN_CAMP	EVTCAMP	00BC7C	23	slot
7	PRG	TWN_CAMP	EVTCAMP	00BD28	23	slot
7	PRG	TWN_CAMP	EVTCAMP	00C0D0	19	slot
7	PRG	TWN_CAMP	EVTCAMP	00C1C4	25	slot
7	PRG	TWN_CAMP	EVTCAMP	00C2D2	19	slot
7	PRG	TWN_CAMP	EVTCAMP	00C3F6	37	slot
7	PRG	TWN_CAMP	EVTCAMP	00C4F3	19	slot
7	PRG	TWN_CAMP	EVTCAMP	00C617	37	slot
7	PRG	TWN_CAMP	EVTCAMP	00EE83	25	slot
7	PRG	TWN_SEEK	EVTSEEK	0127CA	29	slot
7	PRG	TWN_SEEK	EVTSEEK	01296B	29	slot
7	PRG	TWN_SEEK	EVTSEEK	012AEF	29	slot
7	PRG	TWN_SEEK	EVTSEEK	012C73	29	slot
7	PRG	TWN_SEEK	EVTSEEK	012DBD	29	slot
7	PRG	TWN_SEEK	EVTSEEK	012F41	29	slot
7	PRG	TWN_SEEK	EVTSEEK	0130A8	29	slot
7	PRG	TWN_SEEK	EVTSEEK	01320F	29	slot
7	PRG	TWN_SEEK	EVTSEEK	013359	29	slot
7	PRG	TWN_SEEK	EVTSEEK	0134DD	29	slot
7	PRG	TWN_SEEK	EVTSEEK	013644	29	slot
7	PRG	TWN_SEEK	EVTSEEK	0137AB	29	slot
7	PRG	TWN_SEEK	EVTSEEK	0138D8	29	slot
7	PRG	TWN_SEEK	EVTSEEK	013A3F	29	slot
7	PRG	TWN_SEEK	EVTSEEK	013B89	29	slot
7	PRG	TWN_SEEK	EVTSEEK	013CD3	29	slot
7	PRG	TWN_SEEK	EVTSEEK	013E00	29	slot
7	PRG	TWN_SEEK	EVTSEEK	013F67	29	slot
7	PRG	TWN_SEEK	EVTSEEK	0140B1	29	slot
7	PRG	TWN_SEEK	EVTSEEK	0141FB	29	slot
7	PRG	TWN_SEEK	EVTSEEK	01430B	29	slot
7	PRG	TWN_SEEK	EVTSEEK	014455	29	slot
7	PRG	TWN_SEEK	EVTSEEK	014582	29	slot
7	PRG	TWN_SEEK	EVTSEEK	0146AF	29	slot
7	PRG	TWN_SEEK	EVTSEEK	0147DC	29	slot
7	PRG	TWN_SEEK	EVTSEEK	014943	29	slot
7	PRG	TWN_SEEK	EVTSEEK	014A8D	29	slot
7	PRG	TWN_SEEK	EVTSEEK	014BD7	29	slot
7	PRG	TWN_SEEK	EVTSEEK	014CE7	29	slot
7	PRG	TWN_SEEK	EVTSEEK	014E31	29	slot
7	PRG	TWN_SEEK	EVTSEEK	014F5E	29	slot
7	PRG	TWN_SEEK	EVTSEEK	01508B	29	slot
7	PRG	TWN_ZOAH	EVTZOAH	023E10	31	slot
7	PRG	TWN_ZOAH	EVTZOAH	023F5C	31	slot
7	PRG	TWN_ZOAH	EVTZOAH	024089	31	slot
7	PRG	TWN_ZOAH	EVTZOAH	0241B6	31	slot
7	PRG	TWN_ZOAH	EVTZOAH	0242C4	31	slot
7	PRG	TWN_ZOAH	EVTZOAH	0243F1	31	slot
7	PRG	TWN_ZOAH	EVTZOAH	0244FF	31	slot
7	PRG	TWN_ZOAH	EVTZOAH	02460D	31	slot
7	PRG	TWN_ZOAH	EVTZOAH	0246FC	31	slot
7	PRG	TWN_ZOAH	EVTZOAH	024829	31	slot
7	PRG	TWN_ZOAH	EVTZOAH	024937	31	slot
7	PRG	TWN_ZOAH	EVTZOAH	024A45	31	slot
7	PRG	TWN_ZOAH	EVTZOAH	024B34	31	slot
7	PRG	TWN_ZOAH	EVTZOAH	024C42	31	slot
7	PRG	TWN_ZOAH	EVTZOAH	024D31	31	slot
7	PRG	TWN_ZOAH	EVTZOAH	024E20	31	slot
7	PRG	TWN_ZOAH	EVTZOAH	024EF0	31	slot
7	PRG	TWN_ZOAH	EVTZOAH	02501D	31	slot
7	PRG	TWN_ZOAH	EVTZOAH	02512B	31	slot
7	PRG	TWN_ZOAH	EVTZOAH	025239	31	slot
7	PRG	TWN_ZOAH	EVTZOAH	025328	31	slot
7	PRG	TWN_ZOAH	EVTZOAH	025436	31	slot
7	PRG	TWN_ZOAH	EVTZOAH	025525	31	slot
7	PRG	TWN_ZOAH	EVTZOAH	025614	31	slot
7	PRG	TWN_ZOAH	EVTZOAH	0256E4	31	slot
7	PRG	TWN_ZOAH	EVTZOAH	0257F2	31	slot
7	PRG	TWN_ZOAH	EVTZOAH	0258E1	31	slot
7	PRG	TWN_ZOAH	EVTZOAH	0259D0	31	slot
7	PRG	TWN_ZOAH	EVTZOAH	025AA0	31	slot
7	PRG	TWN_ZOAH	EVTZOAH	025B8F	31	slot
7	PRG	TWN_ZOAH	EVTZOAH	025C5F	31	slot
7	PRG	TWN_ZOAH	EVTZOAH	025D2F	31	slot
8	PRG	FLD_B6	FLD_B6	00AF90	2	dialog
8	PRG	FLD_C8	FLD_T0	0134CD	2	dialog
8	PRG	TWN_CAMP	EVTCAMP	00D461	2	dialog
8	PRG	TWN_CARA	EVTCARA	00A3C9	2	dialog
8	PRG	TWN_CARA	EVTCARA	017E74	2	dialog
8	PRG	TWN_ZOAH	EVTZOAH	01C60D	2	dialog
8	PRG	TWN_ZOAH	EVTZOAH	01C662	2	dialog
8	PRG	TWN_ZOAH	EVTZOAH	023F5A	2	dialog
8	PRG	TWN_ZOAH	EVTZOAH	024087	2	dialog
8	PRG	TWN_ZOAH	EVTZOAH	0241B4	2	dialog
8	PRG	TWN_ZOAH	EVTZOAH	0242C2	2	dialog
8	PRG	TWN_ZOAH	EVTZOAH	0243EF	2	dialog
8	PRG	TWN_ZOAH	EVTZOAH	0244FD	2	dialog
8	PRG	TWN_ZOAH	EVTZOAH	02460B	2	dialog
8	PRG	TWN_ZOAH	EVTZOAH	0246FA	2	dialog
8	PRG	TWN_ZOAH	EVTZOAH	024827	2	dialog
8	PRG	TWN_ZOAH	EVTZOAH	024935	2	dialog
8	PRG	TWN_ZOAH	EVTZOAH	024A43	2	dialog
8	PRG	TWN_ZOAH	EVTZOAH	024B32	2	dialog
8	PRG	TWN_ZOAH	EVTZOAH	024C40	2	dialog
8	PRG	TWN_ZOAH	EVTZOAH	024D2F	2	dialog
8	PRG	TWN_ZOAH	EVTZOAH	024E1E	2	dialog
8	PRG	TWN_ZOAH	EVTZOAH	024EEE	2	dialog
8	PRG	TWN_ZOAH	EVTZOAH	02501B	2	dialog
8	PRG	TWN_ZOAH	EVTZOAH	025129	2	dialog
8	PRG	TWN_ZOAH	EVTZOAH	025237	2	dialog
8	PRG	TWN_ZOAH	EVTZOAH	025326	2	dialog
8	PRG	TWN_ZOAH	EVTZOAH	025434	2	dialog
8	PRG	TWN_ZOAH	EVTZOAH	025523	2	dialog
8	PRG	TWN_ZOAH	EVTZOAH	025612	2	dialog
8	PRG	TWN_ZOAH	EVTZOAH	0256E2	2	dialog
8	PRG	TWN_ZOAH	EVTZOAH	0257F0	2	dialog
8	PRG	TWN_ZOAH	EVTZOAH	0258DF	2	dialog
8	PRG	TWN_ZOAH	EVTZOAH	0259CE	2	dialog
8	PRG	TWN_ZOAH	EVTZOAH	025A9E	2	dialog
8	PRG	TWN_ZOAH	EVTZOAH	025B8D	2	dialog
8	PRG	TWN_ZOAH	EVTZOAH	025C5D	2	dialog
8	PRG	TWN_ZOAH	EVTZOAH	025D2D	2	dialog
8	PRG	TWN_ZOAH	EVTZOAH	025DDE	2	dialog
8	PRG	TWN_ZOAH	EVTZOAH	025F0B	2	dialog
8	PRG	TWN_ZOAH	EVTZOAH	026019	2	dialog
8	PRG	TWN_ZOAH	EVTZOAH	026127	2	dialog
8	PRG	TWN_ZOAH	EVTZOAH	026216	2	dialog
8	PRG	TWN_ZOAH	EVTZOAH	026324	2	dialog
8	PRG	TWN_ZOAH	EVTZOAH	026413	2	dialog
8	PRG	TWN_ZOAH	EVTZOAH	026502	2	dialog
8	PRG	TWN_ZOAH	EVTZOAH	0265D2	2	dialog
8	PRG	TWN_ZOAH	EVTZOAH	0266E0	2	dialog
8	PRG	TWN_ZOAH	EVTZOAH	0267CF	2	dialog
8	PRG	TWN_ZOAH	EVTZOAH	0268BE	2	dialog
8	PRG	TWN_ZOAH	EVTZOAH	02698E	2	dialog
8	PRG	TWN_ZOAH	EVTZOAH	026A7D	2	dialog
8	PRG	TWN_ZOAH	EVTZOAH	026B4D	2	dialog
8	PRG	TWN_ZOAH	EVTZOAH	026C1D	2	dialog
8	PRG	TWN_ZOAH	EVTZOAH	026CCE	2	dialog
8	PRG	TWN_ZOAH	EVTZOAH	026DDC	2	dialog
8	PRG	TWN_ZOAH	EVTZOAH	026ECB	2	dialog
8	PRG	TWN_ZOAH	EVTZOAH	026FBA	2	dialog
8	PRG	TWN_ZOAH	EVTZOAH	02708A	2	dialog
8	PRG	TWN_ZOAH	EVTZOAH	027179	2	dialog
8	PRG	TWN_ZOAH	EVTZOAH	027249	2	dialog
8	PRG	TWN_ZOAH	EVTZOAH	027319	2	dialog
8	PRG	TWN_ZOAH	EVTZOAH	0273CA	2	dialog
8	PRG	TWN_ZOAH	EVTZOAH	0274B9	2	dialog
8	PRG	TWN_ZOAH	EVTZOAH	027589	2	dialog
8	PRG	TWN_ZOAH	EVTZOAH	027659	2	dialog
8	PRG	TWN_ZOAH	EVTZOAH	02770A	2	dialog
8	PRG	TWN_ZOAH	EVTZOAH	0277DA	2	dialog
8	PRG	TWN_ZOAH	EVTZOAH	02788B	2	dialog
8	PRG	TWN_ZOAH	EVTZOAH	02793C	2	dialog
9	PRG	TWN_ZOAH	EVTZOAH	013E64	19	dialog
9	PRG	TWN_ZOAH	EVTZOAH	013ECD	19	dialog
9	PRG	TWN_ZOAH	EVTZOAH	013F2B	19	dialog
9	PRG	TWN_ZOAH	EVTZOAH	013F89	19	dialog
9	PRG	TWN_ZOAH	EVTZOAH	0140F7	19	dialog
9	PRG	TWN_ZOAH	EVTZOAH	01414F	19	dialog
9	PRG	TWN_ZOAH	EVTZOAH	01419C	19	dialog
9	PRG	TWN_ZOAH	EVTZOAH	0141E9	19	dialog
9	PRG	TWN_ZOAH	EVTZOAH	014313	19	dialog
9	PRG	TWN_ZOAH	EVTZOAH	01436B	19	dialog
9	PRG	TWN_ZOAH	EVTZOAH	0143B8	19	dialog
9	PRG	TWN_ZOAH	EVTZOAH	014405	19	dialog
9	PRG	TWN_ZOAH	EVTZOAH	01451E	19	dialog
9	PRG	TWN_ZOAH	EVTZOAH	014565	19	dialog
9	PRG	TWN_ZOAH	EVTZOAH	0145A1	19	dialog
9	PRG	TWN_ZOAH	EVTZOAH	0145DD	19	dialog
9	PRG	TWN_ZOAH	EVTZOAH	0146C3	19	dialog
9	PRG	TWN_ZOAH	EVTZOAH	01471B	19	dialog
9	PRG	TWN_ZOAH	EVTZOAH	014768	19	dialog
9	PRG	TWN_ZOAH	EVTZOAH	0147B5	19	dialog
9	PRG	TWN_ZOAH	EVTZOAH	0148CE	19	dialog
9	PRG	TWN_ZOAH	EVTZOAH	014915	19	dialog
9	PRG	TWN_ZOAH	EVTZOAH	014951	19	dialog
9	PRG	TWN_ZOAH	EVTZOAH	01498D	19	dialog
9	PRG	TWN_ZOAH	EVTZOAH	014A60	19	dialog
9	PRG	TWN_ZOAH	EVTZOAH	014AA5	19	dialog
9	PRG	TWN_ZOAH	EVTZOAH	014ADF	19	dialog
9	PRG	TWN_ZOAH	EVTZOAH	014B19	19	dialog
9	PRG	TWN_ZOAH	EVTZOAH	014BD3	19	dialog
9	PRG	TWN_ZOAH	EVTZOAH	014C07	19	dialog
9	PRG	TWN_ZOAH	EVTZOAH	014C30	19	dialog
9	PRG	TWN_ZOAH	EVTZOAH	014C59	19	dialog
9	PRG	TWN_ZOAH	EVTZOAH	03785C	19	dialog
9	PRG	TWN_ZOAH	EVTZOAH	0378C5	19	dialog
9	PRG	TWN_ZOAH	EVTZOAH	037923	19	dialog
9	PRG	TWN_ZOAH	EVTZOAH	037981	19	dialog
9	PRG	TWN_ZOAH	EVTZOAH	037AEF	19	dialog
9	PRG	TWN_ZOAH	EVTZOAH	037B47	19	dialog
9	PRG	TWN_ZOAH	EVTZOAH	037B94	19	dialog
9	PRG	TWN_ZOAH	EVTZOAH	037BE1	19	dialog
9	PRG	TWN_ZOAH	EVTZOAH	037D0B	19	dialog
9	PRG	TWN_ZOAH	EVTZOAH	037D63	19	dialog
9	PRG	TWN_ZOAH	EVTZOAH	037DB0	19	dialog
9	PRG	TWN_ZOAH	EVTZOAH	037DFD	19	dialog
9	PRG	TWN_ZOAH	EVTZOAH	037F16	19	dialog
9	PRG	TWN_ZOAH	EVTZOAH	037F5D	19	dialog
9	PRG	TWN_ZOAH	EVTZOAH	037F99	19	dialog
9	PRG	TWN_ZOAH	EVTZOAH	037FD5	19	dialog
9	PRG	TWN_ZOAH	EVTZOAH	0380BB	19	dialog
9	PRG	TWN_ZOAH	EVTZOAH	038113	19	dialog
9	PRG	TWN_ZOAH	EVTZOAH	038160	19	dialog
9	PRG	TWN_ZOAH	EVTZOAH	0381AD	19	dialog
9	PRG	TWN_ZOAH	EVTZOAH	0382C6	19	dialog
9	PRG	TWN_ZOAH	EVTZOAH	03830D	19	dialog
9	PRG	TWN_ZOAH	EVTZOAH	038349	19	dialog
9	PRG	TWN_ZOAH	EVTZOAH	038385	19	dialog
9	PRG	TWN_ZOAH	EVTZOAH	038458	19	dialog
9	PRG	TWN_ZOAH	EVTZOAH	03849D	19	dialog
9	PRG	TWN_ZOAH	EVTZOAH	0384D7	19	dialog
9	PRG	TWN_ZOAH	EVTZOAH	038511	19	dialog
9	PRG	TWN_ZOAH	EVTZOAH	0385CB	19	dialog
9	PRG	TWN_ZOAH	EVTZOAH	0385FF	19	dialog
9	PRG	TWN_ZOAH	EVTZOAH	038628	19	dialog
9	PRG	TWN_ZOAH	EVTZOAH	038651	19	dialog
10	PRG	TWN_ZOAH	EVTZOAH	013E77	11	dialog
10	PRG	TWN_ZOAH	EVTZOAH	013EE0	11	dialog
10	PRG	TWN_ZOAH	EVTZOAH	013FDC	11	dialog
10	PRG	TWN_ZOAH	EVTZOAH	014032	11	dialog
10	PRG	TWN_ZOAH	EVTZOAH	01410A	11	dialog
10	PRG	TWN_ZOAH	EVTZOAH	014162	11	dialog
10	PRG	TWN_ZOAH	EVTZOAH	01422B	11	dialog
10	PRG	TWN_ZOAH	EVTZOAH	014270	11	dialog
10	PRG	TWN_ZOAH	EVTZOAH	014326	11	dialog
10	PRG	TWN_ZOAH	EVTZOAH	01437E	11	dialog
10	PRG	TWN_ZOAH	EVTZOAH	014447	11	dialog
10	PRG	TWN_ZOAH	EVTZOAH	01448C	11	dialog
10	PRG	TWN_ZOAH	EVTZOAH	014531	11	dialog
10	PRG	TWN_ZOAH	EVTZOAH	014578	11	dialog
10	PRG	TWN_ZOAH	EVTZOAH	01460E	11	dialog
10	PRG	TWN_ZOAH	EVTZOAH	014642	11	dialog
10	PRG	TWN_ZOAH	EVTZOAH	0146D6	11	dialog
10	PRG	TWN_ZOAH	EVTZOAH	01472E	11	dialog
10	PRG	TWN_ZOAH	EVTZOAH	0147F7	11	dialog
10	PRG	TWN_ZOAH	EVTZOAH	01483C	11	dialog
10	PRG	TWN_ZOAH	EVTZOAH	0148E1	11	dialog
10	PRG	TWN_ZOAH	EVTZOAH	014928	11	dialog
10	PRG	TWN_ZOAH	EVTZOAH	0149BE	11	dialog
10	PRG	TWN_ZOAH	EVTZOAH	0149F2	11	dialog
10	PRG	TWN_ZOAH	EVTZOAH	014A73	11	dialog
10	PRG	TWN_ZOAH	EVTZOAH	014AB8	11	dialog
10	PRG	TWN_ZOAH	EVTZOAH	014B48	11	dialog
10	PRG	TWN_ZOAH	EVTZOAH	014B7A	11	dialog
10	PRG	TWN_ZOAH	EVTZOAH	014BE6	11	dialog
10	PRG	TWN_ZOAH	EVTZOAH	014C1A	11	dialog
10	PRG	TWN_ZOAH	EVTZOAH	014C77	11	dialog
10	PRG	TWN_ZOAH	EVTZOAH	014C98	11	dialog
10	PRG	TWN_ZOAH	EVTZOAH	03786F	11	dialog
10	PRG	TWN_ZOAH	EVTZOAH	0378D8	11	dialog
10	PRG	TWN_ZOAH	EVTZOAH	0379D4	11	dialog
10	PRG	TWN_ZOAH	EVTZOAH	037A2A	11	dialog
10	PRG	TWN_ZOAH	EVTZOAH	037B02	11	dialog
10	PRG	TWN_ZOAH	EVTZOAH	037B5A	11	dialog
10	PRG	TWN_ZOAH	EVTZOAH	037C23	11	dialog
10	PRG	TWN_ZOAH	EVTZOAH	037C68	11	dialog
10	PRG	TWN_ZOAH	EVTZOAH	037D1E	11	dialog
10	PRG	TWN_ZOAH	EVTZOAH	037D76	11	dialog
10	PRG	TWN_ZOAH	EVTZOAH	037E3F	11	dialog
10	PRG	TWN_ZOAH	EVTZOAH	037E84	11	dialog
10	PRG	TWN_ZOAH	EVTZOAH	037F29	11	dialog
10	PRG	TWN_ZOAH	EVTZOAH	037F70	11	dialog
10	PRG	TWN_ZOAH	EVTZOAH	038006	11	dialog
10	PRG	TWN_ZOAH	EVTZOAH	03803A	11	dialog
10	PRG	TWN_ZOAH	EVTZOAH	0380CE	11	dialog
10	PRG	TWN_ZOAH	EVTZOAH	038126	11	dialog
10	PRG	TWN_ZOAH	EVTZOAH	0381EF	11	dialog
10	PRG	TWN_ZOAH	EVTZOAH	038234	11	dialog
10	PRG	TWN_ZOAH	EVTZOAH	0382D9	11	dialog
10	PRG	TWN_ZOAH	EVTZOAH	038320	11	dialog
10	PRG	TWN_ZOAH	EVTZOAH	0383B6	11	dialog
10	PRG	TWN_ZOAH	EVTZOAH	0383EA	11	dialog
10	PRG	TWN_ZOAH	EVTZOAH	03846B	11	dialog
10	PRG	TWN_ZOAH	EVTZOAH	0384B0	11	dialog
10	PRG	TWN_ZOAH	EVTZOAH	038540	11	dialog
10	PRG	TWN_ZOAH	EVTZOAH	038572	11	dialog
10	PRG	TWN_ZOAH	EVTZOAH	0385DE	11	dialog
10	PRG	TWN_ZOAH	EVTZOAH	038612	11	dialog
10	PRG	TWN_ZOAH	EVTZOAH	03866F	11	dialog
10	PRG	TWN_ZOAH	EVTZOAH	038690	11	dialog
11	PRG	TWN_ZOAH	EVTZOAH	013E53	17	dialog
11	PRG	TWN_ZOAH	EVTZOAH	013EBC	17	dialog
11	PRG	TWN_ZOAH	EVTZOAH	013F1A	17	dialog
11	PRG	TWN_ZOAH	EVTZOAH	013F78	17	dialog
11	PRG	TWN_ZOAH	EVTZOAH	013FCB	17	dialog
11	PRG	TWN_ZOAH	EVTZOAH	014021	17	dialog
11	PRG	TWN_ZOAH	EVTZOAH	01406C	17	dialog
11	PRG	TWN_ZOAH	EVTZOAH	0140B7	17	dialog
11	PRG	TWN_ZOAH	EVTZOAH	014302	17	dialog
11	PRG	TWN_ZOAH	EVTZOAH	01435A	17	dialog
11	PRG	TWN_ZOAH	EVTZOAH	0143A7	17	dialog
11	PRG	TWN_ZOAH	EVTZOAH	0143F4	17	dialog
11	PRG	TWN_ZOAH	EVTZOAH	014436	17	dialog
11	PRG	TWN_ZOAH	EVTZOAH	01447B	17	dialog
11	PRG	TWN_ZOAH	EVTZOAH	0144B5	17	dialog
11	PRG	TWN_ZOAH	EVTZOAH	0144EF	17	dialog
11	PRG	TWN_ZOAH	EVTZOAH	0146B2	17	dialog
11	PRG	TWN_ZOAH	EVTZOAH	01470A	17	dialog
11	PRG	TWN_ZOAH	EVTZOAH	014757	17	dialog
11	PRG	TWN_ZOAH	EVTZOAH	0147A4	17	dialog
11	PRG	TWN_ZOAH	EVTZOAH	0147E6	17	dialog
11	PRG	TWN_ZOAH	EVTZOAH	01482B	17	dialog
11	PRG	TWN_ZOAH	EVTZOAH	014865	17	dialog
11	PRG	TWN_ZOAH	EVTZOAH	01489F	17	dialog
11	PRG	TWN_ZOAH	EVTZOAH	014A4F	17	dialog
11	PRG	TWN_ZOAH	EVTZOAH	014A94	17	dialog
11	PRG	TWN_ZOAH	EVTZOAH	014ACE	17	dialog
11	PRG	TWN_ZOAH	EVTZOAH	014B08	17	dialog
11	PRG	TWN_ZOAH	EVTZOAH	014B37	17	dialog
11	PRG	TWN_ZOAH	EVTZOAH	014B69	17	dialog
11	PRG	TWN_ZOAH	EVTZOAH	014B90	17	dialog
11	PRG	TWN_ZOAH	EVTZOAH	014BB7	17	dialog
11	PRG	TWN_ZOAH	EVTZOAH	03784B	17	dialog
11	PRG	TWN_ZOAH	EVTZOAH	0378B4	17	dialog
11	PRG	TWN_ZOAH	EVTZOAH	037912	17	dialog
11	PRG	TWN_ZOAH	EVTZOAH	037970	17	dialog
11	PRG	TWN_ZOAH	EVTZOAH	0379C3	17	dialog
11	PRG	TWN_ZOAH	EVTZOAH	037A19	17	dialog
11	PRG	TWN_ZOAH	EVTZOAH	037A64	17	dialog
11	PRG	TWN_ZOAH	EVTZOAH	037AAF	17	dialog
11	PRG	TWN_ZOAH	EVTZOAH	037CFA	17	dialog
11	PRG	TWN_ZOAH	EVTZOAH	037D52	17	dialog
11	PRG	TWN_ZOAH	EVTZOAH	037D9F	17	dialog
11	PRG	TWN_ZOAH	EVTZOAH	037DEC	17	dialog
11	PRG	TWN_ZOAH	EVTZOAH	037E2E	17	dialog
11	PRG	TWN_ZOAH	EVTZOAH	037E73	17	dialog
11	PRG	TWN_ZOAH	EVTZOAH	037EAD	17	dialog
11	PRG	TWN_ZOAH	EVTZOAH	037EE7	17	dialog
11	PRG	TWN_ZOAH	EVTZOAH	0380AA	17	dialog
11	PRG	TWN_ZOAH	EVTZOAH	038102	17	dialog
11	PRG	TWN_ZOAH	EVTZOAH	03814F	17	dialog
11	PRG	TWN_ZOAH	EVTZOAH	03819C	17	dialog
11	PRG	TWN_ZOAH	EVTZOAH	0381DE	17	dialog
11	PRG	TWN_ZOAH	EVTZOAH	038223	17	dialog
11	PRG	TWN_ZOAH	EVTZOAH	03825D	17	dialog
11	PRG	TWN_ZOAH	EVTZOAH	038297	17	dialog
11	PRG	TWN_ZOAH	EVTZOAH	038447	17	dialog
11	PRG	TWN_ZOAH	EVTZOAH	03848C	17	dialog
11	PRG	TWN_ZOAH	EVTZOAH	0384C6	17	dialog
11	PRG	TWN_ZOAH	EVTZOAH	038500	17	dialog
11	PRG	TWN_ZOAH	EVTZOAH	03852F	17	dialog
11	PRG	TWN_ZOAH	EVTZOAH	038561	17	dialog
11	PRG	TWN_ZOAH	EVTZOAH	038588	17	dialog
11	PRG	TWN_ZOAH	EVTZOAH	0385AF	17	dialog
12	PRG	TWN_ZOAH	EVTZOAH	013E82	11	dialog
12	PRG	TWN_ZOAH	EVTZOAH	013F3E	11	dialog
12	PRG	TWN_ZOAH	EVTZOAH	013FE7	11	dialog
12	PRG	TWN_ZOAH	EVTZOAH	01407D	11	dialog
12	PRG	TWN_ZOAH	EVTZOAH	014115	11	dialog
12	PRG	TWN_ZOAH	EVTZOAH	0141AF	11	dialog
12	PRG	TWN_ZOAH	EVTZOAH	014236	11	dialog
12	PRG	TWN_ZOAH	EVTZOAH	0142AA	11	dialog
12	PRG	TWN_ZOAH	EVTZOAH	014331	11	dialog
12	PRG	TWN_ZOAH	EVTZOAH	0143CB	11	dialog
12	PRG	TWN_ZOAH	EVTZOAH	014452	11	dialog
12	PRG	TWN_ZOAH	EVTZOAH	0144C6	11	dialog
12	PRG	TWN_ZOAH	EVTZOAH	01453C	11	dialog
12	PRG	TWN_ZOAH	EVTZOAH	0145B4	11	dialog
12	PRG	TWN_ZOAH	EVTZOAH	014619	11	dialog
12	PRG	TWN_ZOAH	EVTZOAH	01466B	11	dialog
12	PRG	TWN_ZOAH	EVTZOAH	0146E1	11	dialog
12	PRG	TWN_ZOAH	EVTZOAH	01477B	11	dialog
12	PRG	TWN_ZOAH	EVTZOAH	014802	11	dialog
12	PRG	TWN_ZOAH	EVTZOAH	014876	11	dialog
12	PRG	TWN_ZOAH	EVTZOAH	0148EC	11	dialog
12	PRG	TWN_ZOAH	EVTZOAH	014964	11	dialog
12	PRG	TWN_ZOAH	EVTZOAH	0149C9	11	dialog
12	PRG	TWN_ZOAH	EVTZOAH	014A1B	11	dialog
12	PRG	TWN_ZOAH	EVTZOAH	014A7E	11	dialog
12	PRG	TWN_ZOAH	EVTZOAH	014AF2	11	dialog
12	PRG	TWN_ZOAH	EVTZOAH	014B53	11	dialog
12	PRG	TWN_ZOAH	EVTZOAH	014BA1	11	dialog
12	PRG	TWN_ZOAH	EVTZOAH	014BF1	11	dialog
12	PRG	TWN_ZOAH	EVTZOAH	014C43	11	dialog
12	PRG	TWN_ZOAH	EVTZOAH	014C82	11	dialog
12	PRG	TWN_ZOAH	EVTZOAH	014CAE	11	dialog
12	PRG	TWN_ZOAH	EVTZOAH	03787A	11	dialog
12	PRG	TWN_ZOAH	EVTZOAH	037936	11	dialog
12	PRG	TWN_ZOAH	EVTZOAH	0379DF	11	dialog
12	PRG	TWN_ZOAH	EVTZOAH	037A75	11	dialog
12	PRG	TWN_ZOAH	EVTZOAH	037B0D	11	dialog
12	PRG	TWN_ZOAH	EVTZOAH	037BA7	11	dialog
12	PRG	TWN_ZOAH	EVTZOAH	037C2E	11	dialog
12	PRG	TWN_ZOAH	EVTZOAH	037CA2	11	dialog
12	PRG	TWN_ZOAH	EVTZOAH	037D29	11	dialog
12	PRG	TWN_ZOAH	EVTZOAH	037DC3	11	dialog
12	PRG	TWN_ZOAH	EVTZOAH	037E4A	11	dialog
12	PRG	TWN_ZOAH	EVTZOAH	037EBE	11	dialog
12	PRG	TWN_ZOAH	EVTZOAH	037F34	11	dialog
12	PRG	TWN_ZOAH	EVTZOAH	037FAC	11	dialog
12	PRG	TWN_ZOAH	EVTZOAH	038011	11	dialog
12	PRG	TWN_ZOAH	EVTZOAH	038063	11	dialog
12	PRG	TWN_ZOAH	EVTZOAH	0380D9	11	dialog
12	PRG	TWN_ZOAH	EVTZOAH	038173	11	dialog
12	PRG	TWN_ZOAH	EVTZOAH	0381FA	11	dialog
12	PRG	TWN_ZOAH	EVTZOAH	03826E	11	dialog
12	PRG	TWN_ZOAH	EVTZOAH	0382E4	11	dialog
12	PRG	TWN_ZOAH	EVTZOAH	03835C	11	dialog
12	PRG	TWN_ZOAH	EVTZOAH	0383C1	11	dialog
12	PRG	TWN_ZOAH	EVTZOAH	038413	11	dialog
12	PRG	TWN_ZOAH	EVTZOAH	038476	11	dialog
12	PRG	TWN_ZOAH	EVTZOAH	0384EA	11	dialog
12	PRG	TWN_ZOAH	EVTZOAH	03854B	11	dialog
12	PRG	TWN_ZOAH	EVTZOAH	038599	11	dialog
12	PRG	TWN_ZOAH	EVTZOAH	0385E9	11	dialog
12	PRG	TWN_ZOAH	EVTZOAH	03863B	11	dialog
12	PRG	TWN_ZOAH	EVTZOAH	03867A	11	dialog
12	PRG	TWN_ZOAH	EVTZOAH	0386A6	11	dialog
13	PRG	TWN_ZOAH	EVTZOAH	023E6D	31	slot
13	PRG	TWN_ZOAH	EVTZOAH	023FB9	31	slot
13	PRG	TWN_ZOAH	EVTZOAH	0240E6	31	slot
13	PRG	TWN_ZOAH	EVTZOAH	024213	31	slot
13	PRG	TWN_ZOAH	EVTZOAH	024321	31	slot
13	PRG	TWN_ZOAH	EVTZOAH	02444E	31	slot
13	PRG	TWN_ZOAH	EVTZOAH	02455C	31	slot
13	PRG	TWN_ZOAH	EVTZOAH	02466A	31	slot
13	PRG	TWN_ZOAH	EVTZOAH	024759	31	slot
13	PRG	TWN_ZOAH	EVTZOAH	024886	31	slot
13	PRG	TWN_ZOAH	EVTZOAH	024994	31	slot
13	PRG	TWN_ZOAH	EVTZOAH	024AA2	31	slot
13	PRG	TWN_ZOAH	EVTZOAH	024B91	31	slot
13	PRG	TWN_ZOAH	EVTZOAH	024C9F	31	slot
13	PRG	TWN_ZOAH	EVTZOAH	024D8E	31	slot
13	PRG	TWN_ZOAH	EVTZOAH	024E7D	31	slot
13	PRG	TWN_ZOAH	EVTZOAH	024F4D	31	slot
13	PRG	TWN_ZOAH	EVTZOAH	02507A	31	slot
13	PRG	TWN_ZOAH	EVTZOAH	025188	31	slot
13	PRG	TWN_ZOAH	EVTZOAH	025296	31	slot
13	PRG	TWN_ZOAH	EVTZOAH	025385	31	slot
13	PRG	TWN_ZOAH	EVTZOAH	025493	31	slot
13	PRG	TWN_ZOAH	EVTZOAH	025582	31	slot
13	PRG	TWN_ZOAH	EVTZOAH	025671	31	slot
13	PRG	TWN_ZOAH	EVTZOAH	025741	31	slot
13	PRG	TWN_ZOAH	EVTZOAH	02584F	31	slot
13	PRG	TWN_ZOAH	EVTZOAH	02593E	31	slot
13	PRG	TWN_ZOAH	EVTZOAH	025A2D	31	slot
13	PRG	TWN_ZOAH	EVTZOAH	025AFD	31	slot
13	PRG	TWN_ZOAH	EVTZOAH	025BEC	31	slot
13	PRG	TWN_ZOAH	EVTZOAH	025CBC	31	slot
13	PRG	TWN_ZOAH	EVTZOAH	025D8C	31	slot
13	PRG	TWN_ZOAH	EVTZOAH	025E1E	31	slot
13	PRG	TWN_ZOAH	EVTZOAH	025F4B	31	slot
13	PRG	TWN_ZOAH	EVTZOAH	026059	31	slot
13	PRG	TWN_ZOAH	EVTZOAH	026167	31	slot
13	PRG	TWN_ZOAH	EVTZOAH	026256	31	slot
13	PRG	TWN_ZOAH	EVTZOAH	026364	31	slot
13	PRG	TWN_ZOAH	EVTZOAH	026453	31	slot
13	PRG	TWN_ZOAH	EVTZOAH	026542	31	slot
13	PRG	TWN_ZOAH	EVTZOAH	026612	31	slot
13	PRG	TWN_ZOAH	EVTZOAH	026720	31	slot
13	PRG	TWN_ZOAH	EVTZOAH	02680F	31	slot
13	PRG	TWN_ZOAH	EVTZOAH	0268FE	31	slot
13	PRG	TWN_ZOAH	EVTZOAH	0269CE	31	slot
13	PRG	TWN_ZOAH	EVTZOAH	026ABD	31	slot
13	PRG	TWN_ZOAH	EVTZOAH	026B8D	31	slot
13	PRG	TWN_ZOAH	EVTZOAH	026C5D	31	slot
13	PRG	TWN_ZOAH	EVTZOAH	026D0E	31	slot
13	PRG	TWN_ZOAH	EVTZOAH	026E1C	31	slot
13	PRG	TWN_ZOAH	EVTZOAH	026F0B	31	slot
13	PRG	TWN_ZOAH	EVTZOAH	026FFA	31	slot
13	PRG	TWN_ZOAH	EVTZOAH	0270CA	31	slot
13	PRG	TWN_ZOAH	EVTZOAH	0271B9	31	slot
13	PRG	TWN_ZOAH	EVTZOAH	027289	31	slot
13	PRG	TWN_ZOAH	EVTZOAH	027359	31	slot
13	PRG	TWN_ZOAH	EVTZOAH	02740A	31	slot
13	PRG	TWN_ZOAH	EVTZOAH	0274F9	31	slot
13	PRG	TWN_ZOAH	EVTZOAH	0275C9	31	slot
13	PRG	TWN_ZOAH	EVTZOAH	027699	31	slot
13	PRG	TWN_ZOAH	EVTZOAH	02774A	31	slot
13	PRG	TWN_ZOAH	EVTZOAH	02781A	31	slot
13	PRG	TWN_ZOAH	EVTZOAH	0278CB	31	slot
13	PRG	TWN_ZOAH	EVTZOAH	02797C	31	slot
14	PRG	TWN_ZOAH	EVTZOAH	023E4E	31	slot
14	PRG	TWN_ZOAH	EVTZOAH	023F9A	31	slot
14	PRG	TWN_ZOAH	EVTZOAH	0240C7	31	slot
14	PRG	TWN_ZOAH	EVTZOAH	0241F4	31	slot
14	PRG	TWN_ZOAH	EVTZOAH	024302	31	slot
14	PRG	TWN_ZOAH	EVTZOAH	02442F	31	slot
14	PRG	TWN_ZOAH	EVTZOAH	02453D	31	slot
14	PRG	TWN_ZOAH	EVTZOAH	02464B	31	slot
14	PRG	TWN_ZOAH	EVTZOAH	02473A	31	slot
14	PRG	TWN_ZOAH	EVTZOAH	024867	31	slot
14	PRG	TWN_ZOAH	EVTZOAH	024975	31	slot
14	PRG	TWN_ZOAH	EVTZOAH	024A83	31	slot
14	PRG	TWN_ZOAH	EVTZOAH	024B72	31	slot
14	PRG	TWN_ZOAH	EVTZOAH	024C80	31	slot
14	PRG	TWN_ZOAH	EVTZOAH	024D6F	31	slot
14	PRG	TWN_ZOAH	EVTZOAH	024E5E	31	slot
14	PRG	TWN_ZOAH	EVTZOAH	024F2E	31	slot
14	PRG	TWN_ZOAH	EVTZOAH	02505B	31	slot
14	PRG	TWN_ZOAH	EVTZOAH	025169	31	slot
14	PRG	TWN_ZOAH	EVTZOAH	025277	31	slot
14	PRG	TWN_ZOAH	EVTZOAH	025366	31	slot
14	PRG	TWN_ZOAH	EVTZOAH	025474	31	slot
14	PRG	TWN_ZOAH	EVTZOAH	025563	31	slot
14	PRG	TWN_ZOAH	EVTZOAH	025652	31	slot
14	PRG	TWN_ZOAH	EVTZOAH	025722	31	slot
14	PRG	TWN_ZOAH	EVTZOAH	025830	31	slot
14	PRG	TWN_ZOAH	EVTZOAH	02591F	31	slot
14	PRG	TWN_ZOAH	EVTZOAH	025A0E	31	slot
14	PRG	TWN_ZOAH	EVTZOAH	025ADE	31	slot
14	PRG	TWN_ZOAH	EVTZOAH	025BCD	31	slot
14	PRG	TWN_ZOAH	EVTZOAH	025C9D	31	slot
14	PRG	TWN_ZOAH	EVTZOAH	025D6D	31	slot
14	PRG	TWN_ZOAH	EVTZOAH	025DFF	31	slot
14	PRG	TWN_ZOAH	EVTZOAH	025F2C	31	slot
14	PRG	TWN_ZOAH	EVTZOAH	02603A	31	slot
14	PRG	TWN_ZOAH	EVTZOAH	026148	31	slot
14	PRG	TWN_ZOAH	EVTZOAH	026237	31	slot
14	PRG	TWN_ZOAH	EVTZOAH	026345	31	slot
14	PRG	TWN_ZOAH	EVTZOAH	026434	31	slot
14	PRG	TWN_ZOAH	EVTZOAH	026523	31	slot
14	PRG	TWN_ZOAH	EVTZOAH	0265F3	31	slot
14	PRG	TWN_ZOAH	EVTZOAH	026701	31	slot
14	PRG	TWN_ZOAH	EVTZOAH	0267F0	31	slot
14	PRG	TWN_ZOAH	EVTZOAH	0268DF	31	slot
14	PRG	TWN_ZOAH	EVTZOAH	0269AF	31	slot
14	PRG	TWN_ZOAH	EVTZOAH	026A9E	31	slot
14	PRG	TWN_ZOAH	EVTZOAH	026B6E	31	slot
14	PRG	TWN_ZOAH	EVTZOAH	026C3E	31	slot
14	PRG	TWN_ZOAH	EVTZOAH	026CEF	31	slot
14	PRG	TWN_ZOAH	EVTZOAH	026DFD	31	slot
14	PRG	TWN_ZOAH	EVTZOAH	026EEC	31	slot
14	PRG	TWN_ZOAH	EVTZOAH	026FDB	31	slot
14	PRG	TWN_ZOAH	EVTZOAH	0270AB	31	slot
14	PRG	TWN_ZOAH	EVTZOAH	02719A	31	slot
14	PRG	TWN_ZOAH	EVTZOAH	02726A	31	slot
14	PRG	TWN_ZOAH	EVTZOAH	02733A	31	slot
14	PRG	TWN_ZOAH	EVTZOAH	0273EB	31	slot
14	PRG	TWN_ZOAH	EVTZOAH	0274DA	31	slot
14	PRG	TWN_ZOAH	EVTZOAH	0275AA	31	slot
14	PRG	TWN_ZOAH	EVTZOAH	02767A	31	slot
14	PRG	TWN_ZOAH	EVTZOAH	02772B	31	slot
14	PRG	TWN_ZOAH	EVTZOAH	0277FB	31	slot
14	PRG	TWN_ZOAH	EVTZOAH	0278AC	31	slot
14	PRG	TWN_ZOAH	EVTZOAH	02795D	31	slot
15	PRG	BTL_A3	BTL_A3	0574BB	9	dialog
15	PRG	BTL_A3_2	BTL_A32	057E0B	9	dialog
15	PRG	BTL_A5	BTL_A5	05F69B	9	dialog
15	PRG	BTL_A5_2	BTL_A52	05FAFF	9	dialog
15	PRG	BTL_A5_3	BTL_A53	0529FF	9	dialog
15	PRG	BTL_A7	BTL_A7	053BBE	9	dialog
15	PRG	BTL_A7	BTL_A7	053C92	9	dialog
15	PRG	BTL_A7	BTL_A7	053CB7	9	dialog
15	PRG	BTL_A7	BTL_A7	058E3B	9	dialog
15	PRG	BTL_A7_2	BTL_A72	053B73	9	dialog
15	PRG	BTL_B2	BTL_B2	04FD69	9	dialog
15	PRG	BTL_B2	BTL_B2	0534BF	9	dialog
15	PRG	BTL_B5	BTL_B5	05A2F7	9	dialog
15	PRG	BTL_B5_2	BTL_B52	05E4BB	9	dialog
15	PRG	BTL_B5_3	BTL_B53	0582DF	9	dialog
15	PRG	BTL_B6	BTL_B6	060DAB	9	dialog
15	PRG	BTL_B6_2	BTL_B62	05602F	9	dialog
15	PRG	BTL_C2	BTL_C2	05E02F	9	dialog
15	PRG	BTL_C2_2	BTL_C22	05AC8B	9	dialog
15	PRG	BTL_C4	BTL_C4	05414F	9	dialog
15	PRG	BTL_C4	BTL_C4	0541BA	9	dialog
15	PRG	BTL_C4	BTL_C4	058EA3	9	dialog
15	PRG	BTL_C5	BTL_C5	0556DF	9	dialog
15	PRG	BTL_C5_2	BTL_C52	053387	9	dialog
15	PRG	BTL_C8	BTL_C8	0523E3	9	dialog
15	PRG	BTL_C8_2	BTL_C82	052B67	9	dialog
15	PRG	BTL_D2	BTL_D2	052BAE	9	dialog
15	PRG	BTL_D2	BTL_D2	056A53	9	dialog
15	PRG	BTL_D2_2	BTL_D22	05451F	9	dialog
15	PRG	BTL_D4	BTL_D4	05341F	9	dialog
15	PRG	BTL_D5	BTL_D5	05AB4D	9	dialog
15	PRG	BTL_D5	BTL_D5	05AB78	9	dialog
15	PRG	BTL_D5	BTL_D5	05ABB3	9	dialog
15	PRG	BTL_D5	BTL_D5	05ABE5	9	dialog
15	PRG	BTL_D5	BTL_D5	05AEA9	9	dialog
15	PRG	BTL_D5	BTL_D5	0674CF	9	dialog
15	PRG	BTL_T0	BTL_T0	05374A	9	dialog
15	PRG	BTL_T0	BTL_T0	0599CF	9	dialog
15	PRG	BTL_X0	BTL_X0	05E0FD	9	dialog
15	PRG	BTL_X0	BTL_X0	05E23F	9	dialog
15	PRG	BTL_X0	BTL_X0	05E308	9	dialog
15	PRG	BTL_X0	BTL_X0	06634F	9	dialog
15	PRG	MENUEN	MENUEN	005420	9	ui
15	PRG	MENUEN	MENUEN	005532	9	ui
15	PRG	MENUEN	MENUEN	0059B9	9	ui
15	PRG	MENUEN	MENUEN	005AD2	9	ui
15	PRG	MENUEN	MENUEN	005D39	9	ui
15	PRG	MENUEN	MENUEN	005EA3	9	ui
15	PRG	MENUEN	MENUEN	00672D	9	ui
15	PRG	MENUEN	MENUEN	00687D	9	ui
15	PRG	MENUEN	MENUEN	007330	9	ui
15	PRG	MENUEN	MENUEN	007444	9	ui
15	PRG	MENUEN	MENUEN	007558	9	ui
15	PRG	MENUEN	MENUEN	00766C	9	ui
16	PRG	TWN_CAMP	EVTCAMP	00BCC1	23	slot
16	PRG	TWN_CAMP	EVTCAMP	00BD6D	23	slot
16	PRG	TWN_CAMP	EVTCAMP	00C109	19	slot
16	PRG	TWN_CAMP	EVTCAMP	00C20F	25	slot
16	PRG	TWN_CAMP	EVTCAMP	00C30B	19	slot
16	PRG	TWN_CAMP	EVTCAMP	00C465	37	slot
16	PRG	TWN_CAMP	EVTCAMP	00C52C	19	slot
16	PRG	TWN_CAMP	EVTCAMP	00C686	37	slot
16	PRG	TWN_SEEK	EVTSEEK	01285B	29	slot
16	PRG	TWN_SEEK	EVTSEEK	0129DF	29	slot
16	PRG	TWN_SEEK	EVTSEEK	012B63	29	slot
16	PRG	TWN_SEEK	EVTSEEK	012CCA	29	slot
16	PRG	TWN_SEEK	EVTSEEK	012E4E	29	slot
16	PRG	TWN_SEEK	EVTSEEK	012FB5	29	slot
16	PRG	TWN_SEEK	EVTSEEK	01311C	29	slot
16	PRG	TWN_SEEK	EVTSEEK	013266	29	slot
16	PRG	TWN_SEEK	EVTSEEK	0133EA	29	slot
16	PRG	TWN_SEEK	EVTSEEK	013551	29	slot
16	PRG	TWN_SEEK	EVTSEEK	0136B8	29	slot
16	PRG	TWN_SEEK	EVTSEEK	013802	29	slot
16	PRG	TWN_SEEK	EVTSEEK	013969	29	slot
16	PRG	TWN_SEEK	EVTSEEK	013AB3	29	slot
16	PRG	TWN_SEEK	EVTSEEK	013BFD	29	slot
16	PRG	TWN_SEEK	EVTSEEK	013D2A	29	slot
16	PRG	TWN_SEEK	EVTSEEK	013E91	29	slot
16	PRG	TWN_SEEK	EVTSEEK	013FDB	29	slot
16	PRG	TWN_SEEK	EVTSEEK	014125	29	slot
16	PRG	TWN_SEEK	EVTSEEK	014252	29	slot
16	PRG	TWN_SEEK	EVTSEEK	01439C	29	slot
16	PRG	TWN_SEEK	EVTSEEK	0144C9	29	slot
16	PRG	TWN_SEEK	EVTSEEK	0145F6	29	slot
16	PRG	TWN_SEEK	EVTSEEK	014706	29	slot
16	PRG	TWN_SEEK	EVTSEEK	01486D	29	slot
16	PRG	TWN_SEEK	EVTSEEK	0149B7	29	slot
16	PRG	TWN_SEEK	EVTSEEK	014B01	29	slot
16	PRG	TWN_SEEK	EVTSEEK	014C2E	29	slot
16	PRG	TWN_SEEK	EVTSEEK	014D78	29	slot
16	PRG	TWN_SEEK	EVTSEEK	014EA5	29	slot
16	PRG	TWN_SEEK	EVTSEEK	014FD2	29	slot
16	PRG	TWN_SEEK	EVTSEEK	0150E2	29	slot
17	PRG	TWN_CAMP	EVTCAMP	00BC93	23	slot
17	PRG	TWN_CAMP	EVTCAMP	00BD3F	23	slot
17	PRG	TWN_CAMP	EVTCAMP	00C0E3	19	slot
17	PRG	TWN_CAMP	EVTCAMP	00C1DD	25	slot
17	PRG	TWN_CAMP	EVTCAMP	00C2E5	19	slot
17	PRG	TWN_CAMP	EVTCAMP	00C41B	37	slot
17	PRG	TWN_CAMP	EVTCAMP	00C506	19	slot
17	PRG	TWN_CAMP	EVTCAMP	00C63C	37	slot
17	PRG	TWN_SEEK	EVTSEEK	01283E	29	slot
17	PRG	TWN_SEEK	EVTSEEK	0129C2	29	slot
17	PRG	TWN_SEEK	EVTSEEK	012B46	29	slot
17	PRG	TWN_SEEK	EVTSEEK	012CAD	29	slot
17	PRG	TWN_SEEK	EVTSEEK	012E31	29	slot
17	PRG	TWN_SEEK	EVTSEEK	012F98	29	slot
17	PRG	TWN_SEEK	EVTSEEK	0130FF	29	slot
17	PRG	TWN_SEEK	EVTSEEK	013249	29	slot
17	PRG	TWN_SEEK	EVTSEEK	0133CD	29	slot
17	PRG	TWN_SEEK	EVTSEEK	013534	29	slot
17	PRG	TWN_SEEK	EVTSEEK	01369B	29	slot
17	PRG	TWN_SEEK	EVTSEEK	0137E5	29	slot
17	PRG	TWN_SEEK	EVTSEEK	01394C	29	slot
17	PRG	TWN_SEEK	EVTSEEK	013A96	29	slot
17	PRG	TWN_SEEK	EVTSEEK	013BE0	29	slot
17	PRG	TWN_SEEK	EVTSEEK	013D0D	29	slot
17	PRG	TWN_SEEK	EVTSEEK	013E74	29	slot
17	PRG	TWN_SEEK	EVTSEEK	013FBE	29	slot
17	PRG	TWN_SEEK	EVTSEEK	014108	29	slot
17	PRG	TWN_SEEK	EVTSEEK	014235	29	slot
17	PRG	TWN_SEEK	EVTSEEK	01437F	29	slot
17	PRG	TWN_SEEK	EVTSEEK	0144AC	29	slot
17	PRG	TWN_SEEK	EVTSEEK	0145D9	29	slot
17	PRG	TWN_SEEK	EVTSEEK	0146E9	29	slot
17	PRG	TWN_SEEK	EVTSEEK	014850	29	slot
17	PRG	TWN_SEEK	EVTSEEK	01499A	29	slot
17	PRG	TWN_SEEK	EVTSEEK	014AE4	29	slot
17	PRG	TWN_SEEK	EVTSEEK	014C11	29	slot
17	PRG	TWN_SEEK	EVTSEEK	014D5B	29	slot
17	PRG	TWN_SEEK	EVTSEEK	014E88	29	slot
17	PRG	TWN_SEEK	EVTSEEK	014FB5	29	slot
17	PRG	TWN_SEEK	EVTSEEK	0150C5	29	slot
18	PRG	TWN_SEEK	EVTSEEK	004268	25	narration
18	PRG	TWN_SEEK	EVTSEEK	004291	25	narration
18	PRG	TWN_SEEK	EVTSEEK	0042BA	25	narration
18	PRG	TWN_SEEK	EVTSEEK	0042D3	25	narration
18	PRG	TWN_ZOAH	EVTZOAH	00B3DC	25	narration
18	PRG	TWN_ZOAH	EVTZOAH	00B54E	25	narration
18	PRG	TWN_ZOAH	EVTZOAH	00B567	25	narration
18	PRG	TWN_ZOAH	EVTZOAH	00B5A0	25	narration
18	PRG	TWN_ZOAH	EVTZOAH	00B5B9	25	narration
18	PRG	TWN_ZOAH	EVTZOAH	00B5E2	25	narration
18	PRG	TWN_ZOAH	EVTZOAH	00B5FB	25	narration
18	PRG	TWN_ZOAH	EVTZOAH	00B624	25	narration
18	PRG	TWN_ZOAH	EVTZOAH	00B63D	25	narration
18	PRG	TWN_ZOAH	EVTZOAH	00B656	25	narration
18	PRG	TWN_ZOAH	EVTZOAH	00B66F	25	narration
18	PRG	TWN_ZOAH	EVTZOAH	00BAE2	25	narration
18	PRG	TWN_ZOAH	EVTZOAH	00BE0D	25	narration
18	PRG	TWN_ZOAH	EVTZOAH	00BE26	25	narration
18	PRG	TWN_ZOAH	EVTZOAH	00BE3F	25	narration
18	PRG	TWN_ZOAH	EVTZOAH	00BE8B	25	narration
18	PRG	TWN_ZOAH	EVTZOAH	00BEA4	25	narration
18	PRG	TWN_ZOAH	EVTZOAH	00BECD	25	narration
18	PRG	TWN_ZOAH	EVTZOAH	00BEE6	25	narration
18	PRG	TWN_ZOAH	EVTZOAH	00BEFF	25	narration
18	PRG	TWN_ZOAH	EVTZOAH	00BF18	25	narration
18	PRG	TWN_ZOAH	EVTZOAH	00BF31	25	narration
18	PRG	TWN_ZOAH	EVTZOAH	00BF8A	25	narration
18	PRG	TWN_ZOAH	EVTZOAH	00BFA3	25	narration
18	PRG	TWN_ZOAH	EVTZOAH	00C198	25	narration
18	PRG	TWN_ZOAH	EVTZOAH	00C1B1	25	narration
18	PRG	TWN_ZOAH	EVTZOAH	00EAAF	25	narration
18	PRG	TWN_ZOAH	EVTZOAH	00EB23	25	narration
18	PRG	TWN_ZOAH	EVTZOAH	00EB3C	25	narration
19	PRG	TWN_CAMP	EVTCAMP	00EE6A	25	slot
19	PRG	TWN_SEEK	EVTSEEK	0127E7	29	slot
19	PRG	TWN_SEEK	EVTSEEK	012988	29	slot
19	PRG	TWN_SEEK	EVTSEEK	012B0C	29	slot
19	PRG	TWN_SEEK	EVTSEEK	012C90	29	slot
19	PRG	TWN_SEEK	EVTSEEK	012DDA	29	slot
19	PRG	TWN_SEEK	EVTSEEK	012F5E	29	slot
19	PRG	TWN_SEEK	EVTSEEK	0130C5	29	slot
19	PRG	TWN_SEEK	EVTSEEK	01322C	29	slot
19	PRG	TWN_SEEK	EVTSEEK	013376	29	slot
19	PRG	TWN_SEEK	EVTSEEK	0134FA	29	slot
19	PRG	TWN_SEEK	EVTSEEK	013661	29	slot
19	PRG	TWN_SEEK	EVTSEEK	0137C8	29	slot
19	PRG	TWN_SEEK	EVTSEEK	0138F5	29	slot
19	PRG	TWN_SEEK	EVTSEEK	013A5C	29	slot
19	PRG	TWN_SEEK	EVTSEEK	013BA6	29	slot
19	PRG	TWN_SEEK	EVTSEEK	013CF0	29	slot
19	PRG	TWN_SEEK	EVTSEEK	013E1D	29	slot
19	PRG	TWN_SEEK	EVTSEEK	013F84	29	slot
19	PRG	TWN_SEEK	EVTSEEK	0140CE	29	slot
19	PRG	TWN_SEEK	EVTSEEK	014218	29	slot
19	PRG	TWN_SEEK	EVTSEEK	014328	29	slot
19	PRG	TWN_SEEK	EVTSEEK	014472	29	slot
19	PRG	TWN_SEEK	EVTSEEK	01459F	29	slot
19	PRG	TWN_SEEK	EVTSEEK	0146CC	29	slot
19	PRG	TWN_SEEK	EVTSEEK	0147F9	29	slot
19	PRG	TWN_SEEK	EVTSEEK	014960	29	slot
19	PRG	TWN_SEEK	EVTSEEK	014AAA	29	slot
19	PRG	TWN_SEEK	EVTSEEK	014BF4	29	slot
19	PRG	TWN_SEEK	EVTSEEK	014D04	29	slot
19	PRG	TWN_SEEK	EVTSEEK	014E4E	29	slot
19	PRG	TWN_SEEK	EVTSEEK	014F7B	29	slot
19	PRG	TWN_SEEK	EVTSEEK	0150A8	29	slot
20	PRG	BTL_A3	BTL_A3	0574C4	5	dialog
20	PRG	BTL_A3_2	BTL_A32	057E14	5	dialog
20	PRG	BTL_A5	BTL_A5	05F6A4	5	dialog
20	PRG	BTL_A5_2	BTL_A52	05FB08	5	dialog
20	PRG	BTL_A5_3	BTL_A53	052A08	5	dialog
20	PRG	BTL_A7	BTL_A7	058E44	5	dialog
20	PRG	BTL_A7_2	BTL_A72	053B7C	5	dialog
20	PRG	BTL_B2	BTL_B2	0534C8	5	dialog
20	PRG	BTL_B5	BTL_B5	05A300	5	dialog
20	PRG	BTL_B5_2	BTL_B52	05E4C4	5	dialog
20	PRG	BTL_B5_3	BTL_B53	0582E8	5	dialog
20	PRG	BTL_B6	BTL_B6	05B1D3	5	dialog
20	PRG	BTL_B6	BTL_B6	05B21C	5	dialog
20	PRG	BTL_B6	BTL_B6	060DB4	5	dialog
20	PRG	BTL_B6_2	BTL_B62	053B31	5	dialog
20	PRG	BTL_B6_2	BTL_B62	056038	5	dialog
20	PRG	BTL_C2	BTL_C2	05E038	5	dialog
20	PRG	BTL_C2_2	BTL_C22	05AC94	5	dialog
20	PRG	BTL_C4	BTL_C4	058EAC	5	dialog
20	PRG	BTL_C5	BTL_C5	0556E8	5	dialog
20	PRG	BTL_C5_2	BTL_C52	053390	5	dialog
20	PRG	BTL_C8	BTL_C8	0523EC	5	dialog
20	PRG	BTL_C8_2	BTL_C82	052B70	5	dialog
20	PRG	BTL_D2	BTL_D2	052B4D	5	dialog
20	PRG	BTL_D2	BTL_D2	056A5C	5	dialog
20	PRG	BTL_D2_2	BTL_D22	054528	5	dialog
20	PRG	BTL_D4	BTL_D4	053428	5	dialog
20	PRG	BTL_D5	BTL_D5	0674D8	5	dialog
20	PRG	BTL_T0	BTL_T0	0599D8	5	dialog
20	PRG	BTL_X0	BTL_X0	066358	5	dialog
20	PRG	MENUEN	MENUEN	004F61	5	ui
20	PRG	MENUEN	MENUEN	0052EF	5	ui
20	PRG	MENUEN	MENUEN	006D3A	5	ui
21	PRG	TWN_ZOAH	EVTZOAH	023EAB	31	slot
21	PRG	TWN_ZOAH	EVTZOAH	023FF7	31	slot
21	PRG	TWN_ZOAH	EVTZOAH	024124	31	slot
21	PRG	TWN_ZOAH	EVTZOAH	024251	31	slot
21	PRG	TWN_ZOAH	EVTZOAH	02435F	31	slot
21	PRG	TWN_ZOAH	EVTZOAH	02448C	31	slot
21	PRG	TWN_ZOAH	EVTZOAH	02459A	31	slot
21	PRG	TWN_ZOAH	EVTZOAH	0246A8	31	slot
21	PRG	TWN_ZOAH	EVTZOAH	024F6C	31	slot
21	PRG	TWN_ZOAH	EVTZOAH	025099	31	slot
21	PRG	TWN_ZOAH	EVTZOAH	0251A7	31	slot
21	PRG	TWN_ZOAH	EVTZOAH	0252B5	31	slot
21	PRG	TWN_ZOAH	EVTZOAH	0253A4	31	slot
21	PRG	TWN_ZOAH	EVTZOAH	0254B2	31	slot
21	PRG	TWN_ZOAH	EVTZOAH	0255A1	31	slot
21	PRG	TWN_ZOAH	EVTZOAH	025690	31	slot
21	PRG	TWN_ZOAH	EVTZOAH	025E5C	31	slot
21	PRG	TWN_ZOAH	EVTZOAH	025F89	31	slot
21	PRG	TWN_ZOAH	EVTZOAH	026097	31	slot
21	PRG	TWN_ZOAH	EVTZOAH	0261A5	31	slot
21	PRG	TWN_ZOAH	EVTZOAH	026294	31	slot
21	PRG	TWN_ZOAH	EVTZOAH	0263A2	31	slot
21	PRG	TWN_ZOAH	EVTZOAH	026491	31	slot
21	PRG	TWN_ZOAH	EVTZOAH	026580	31	slot
21	PRG	TWN_ZOAH	EVTZOAH	026D2D	31	slot
21	PRG	TWN_ZOAH	EVTZOAH	026E3B	31	slot
21	PRG	TWN_ZOAH	EVTZOAH	026F2A	31	slot
21	PRG	TWN_ZOAH	EVTZOAH	027019	31	slot
21	PRG	TWN_ZOAH	EVTZOAH	0270E9	31	slot
21	PRG	TWN_ZOAH	EVTZOAH	0271D8	31	slot
21	PRG	TWN_ZOAH	EVTZOAH	0272A8	31	slot
21	PRG	TWN_ZOAH	EVTZOAH	027378	31	slot
22	PRG	TWN_SEEK	EVTSEEK	0127AD	29	slot
22	PRG	TWN_SEEK	EVTSEEK	01294E	29	slot
22	PRG	TWN_SEEK	EVTSEEK	012AD2	29	slot
22	PRG	TWN_SEEK	EVTSEEK	012C56	29	slot
22	PRG	TWN_SEEK	EVTSEEK	012DA0	29	slot
22	PRG	TWN_SEEK	EVTSEEK	012F24	29	slot
22	PRG	TWN_SEEK	EVTSEEK	01308B	29	slot
22	PRG	TWN_SEEK	EVTSEEK	0131F2	29	slot
22	PRG	TWN_SEEK	EVTSEEK	01333C	29	slot
22	PRG	TWN_SEEK	EVTSEEK	0134C0	29	slot
22	PRG	TWN_SEEK	EVTSEEK	013627	29	slot
22	PRG	TWN_SEEK	EVTSEEK	01378E	29	slot
22	PRG	TWN_SEEK	EVTSEEK	0138BB	29	slot
22	PRG	TWN_SEEK	EVTSEEK	013A22	29	slot
22	PRG	TWN_SEEK	EVTSEEK	013B6C	29	slot
22	PRG	TWN_SEEK	EVTSEEK	013CB6	29	slot
22	PRG	TWN_SEEK	EVTSEEK	013DE3	29	slot
22	PRG	TWN_SEEK	EVTSEEK	013F4A	29	slot
22	PRG	TWN_SEEK	EVTSEEK	014094	29	slot
22	PRG	TWN_SEEK	EVTSEEK	0141DE	29	slot
22	PRG	TWN_SEEK	EVTSEEK	0142EE	29	slot
22	PRG	TWN_SEEK	EVTSEEK	014438	29	slot
22	PRG	TWN_SEEK	EVTSEEK	014565	29	slot
22	PRG	TWN_SEEK	EVTSEEK	014692	29	slot
22	PRG	TWN_SEEK	EVTSEEK	0147BF	29	slot
22	PRG	TWN_SEEK	EVTSEEK	014926	29	slot
22	PRG	TWN_SEEK	EVTSEEK	014A70	29	slot
22	PRG	TWN_SEEK	EVTSEEK	014BBA	29	slot
22	PRG	TWN_SEEK	EVTSEEK	014CCA	29	slot
22	PRG	TWN_SEEK	EVTSEEK	014E14	29	slot
22	PRG	TWN_SEEK	EVTSEEK	014F41	29	slot
22	PRG	TWN_SEEK	EVTSEEK	01506E	29	slot
23	PRG	TWN_ZOAH	EVTZOAH	023F08	31	slot
23	PRG	TWN_ZOAH	EVTZOAH	024054	31	slot
23	PRG	TWN_ZOAH	EVTZOAH	02439D	31	slot
23	PRG	TWN_ZOAH	EVTZOAH	0244CA	31	slot
23	PRG	TWN_ZOAH	EVTZOAH	0247D5	31	slot
23	PRG	TWN_ZOAH	EVTZOAH	024902	31	slot
23	PRG	TWN_ZOAH	EVTZOAH	024BEE	31	slot
23	PRG	TWN_ZOAH	EVTZOAH	024CFC	31	slot
23	PRG	TWN_ZOAH	EVTZOAH	024FC9	31	slot
23	PRG	TWN_ZOAH	EVTZOAH	0250F6	31	slot
23	PRG	TWN_ZOAH	EVTZOAH	0253E2	31	slot
23	PRG	TWN_ZOAH	EVTZOAH	0254F0	31	slot
23	PRG	TWN_ZOAH	EVTZOAH	02579E	31	slot
23	PRG	TWN_ZOAH	EVTZOAH	0258AC	31	slot
23	PRG	TWN_ZOAH	EVTZOAH	025B3B	31	slot
23	PRG	TWN_ZOAH	EVTZOAH	025C2A	31	slot
23	PRG	TWN_ZOAH	EVTZOAH	025EB9	31	slot
23	PRG	TWN_ZOAH	EVTZOAH	025FE6	31	slot
23	PRG	TWN_ZOAH	EVTZOAH	0262D2	31	slot
23	PRG	TWN_ZOAH	EVTZOAH	0263E0	31	slot
23	PRG	TWN_ZOAH	EVTZOAH	02668E	31	slot
23	PRG	TWN_ZOAH	EVTZOAH	02679C	31	slot
23	PRG	TWN_ZOAH	EVTZOAH	026A2B	31	slot
23	PRG	TWN_ZOAH	EVTZOAH	026B1A	31	slot
23	PRG	TWN_ZOAH	EVTZOAH	026D8A	31	slot
23	PRG	TWN_ZOAH	EVTZOAH	026E98	31	slot
23	PRG	TWN_ZOAH	EVTZOAH	027127	31	slot
23	PRG	TWN_ZOAH	EVTZOAH	027216	31	slot
23	PRG	TWN_ZOAH	EVTZOAH	027467	31	slot
23	PRG	TWN_ZOAH	EVTZOAH	027556	31	slot
23	PRG	TWN_ZOAH	EVTZOAH	027788	31	slot
23	PRG	TWN_ZOAH	EVTZOAH	027858	31	slot
24	PRG	TWN_SEEK	EVTSEEK	0128B2	29	slot
24	PRG	TWN_SEEK	EVTSEEK	012A36	29	slot
24	PRG	TWN_SEEK	EVTSEEK	012BBA	29	slot
24	PRG	TWN_SEEK	EVTSEEK	012D21	29	slot
24	PRG	TWN_SEEK	EVTSEEK	012EA5	29	slot
24	PRG	TWN_SEEK	EVTSEEK	01300C	29	slot
24	PRG	TWN_SEEK	EVTSEEK	013173	29	slot
24	PRG	TWN_SEEK	EVTSEEK	0132BD	29	slot
24	PRG	TWN_SEEK	EVTSEEK	013441	29	slot
24	PRG	TWN_SEEK	EVTSEEK	0135A8	29	slot
24	PRG	TWN_SEEK	EVTSEEK	01370F	29	slot
24	PRG	TWN_SEEK	EVTSEEK	013859	29	slot
24	PRG	TWN_SEEK	EVTSEEK	0139C0	29	slot
24	PRG	TWN_SEEK	EVTSEEK	013B0A	29	slot
24	PRG	TWN_SEEK	EVTSEEK	013C54	29	slot
24	PRG	TWN_SEEK	EVTSEEK	013D81	29	slot
24	PRG	TWN_SEEK	EVTSEEK	013EE8	29	slot
24	PRG	TWN_SEEK	EVTSEEK	014032	29	slot
24	PRG	TWN_SEEK	EVTSEEK	01417C	29	slot
24	PRG	TWN_SEEK	EVTSEEK	0142A9	29	slot
24	PRG	TWN_SEEK	EVTSEEK	0143F3	29	slot
24	PRG	TWN_SEEK	EVTSEEK	014520	29	slot
24	PRG	TWN_SEEK	EVTSEEK	01464D	29	slot
24	PRG	TWN_SEEK	EVTSEEK	01475D	29	slot
24	PRG	TWN_SEEK	EVTSEEK	0148C4	29	slot
24	PRG	TWN_SEEK	EVTSEEK	014A0E	29	slot
24	PRG	TWN_SEEK	EVTSEEK	014B58	29	slot
24	PRG	TWN_SEEK	EVTSEEK	014C85	29	slot
24	PRG	TWN_SEEK	EVTSEEK	014DCF	29	slot
24	PRG	TWN_SEEK	EVTSEEK	014EFC	29	slot
24	PRG	TWN_SEEK	EVTSEEK	015029	29	slot
24	PRG	TWN_SEEK	EVTSEEK	015139	29	slot
25	PRG	TWN_ZOAH	EVTZOAH	023F27	31	slot
25	PRG	TWN_ZOAH	EVTZOAH	024181	31	slot
25	PRG	TWN_ZOAH	EVTZOAH	0243BC	31	slot
25	PRG	TWN_ZOAH	EVTZOAH	0245D8	31	slot
25	PRG	TWN_ZOAH	EVTZOAH	0247F4	31	slot
25	PRG	TWN_ZOAH	EVTZOAH	024A10	31	slot
25	PRG	TWN_ZOAH	EVTZOAH	024C0D	31	slot
25	PRG	TWN_ZOAH	EVTZOAH	024DEB	31	slot
25	PRG	TWN_ZOAH	EVTZOAH	024FE8	31	slot
25	PRG	TWN_ZOAH	EVTZOAH	025204	31	slot
25	PRG	TWN_ZOAH	EVTZOAH	025401	31	slot
25	PRG	TWN_ZOAH	EVTZOAH	0255DF	31	slot
25	PRG	TWN_ZOAH	EVTZOAH	0257BD	31	slot
25	PRG	TWN_ZOAH	EVTZOAH	02599B	31	slot
25	PRG	TWN_ZOAH	EVTZOAH	025B5A	31	slot
25	PRG	TWN_ZOAH	EVTZOAH	025CFA	31	slot
25	PRG	TWN_ZOAH	EVTZOAH	025ED8	31	slot
25	PRG	TWN_ZOAH	EVTZOAH	0260F4	31	slot
25	PRG	TWN_ZOAH	EVTZOAH	0262F1	31	slot
25	PRG	TWN_ZOAH	EVTZOAH	0264CF	31	slot
25	PRG	TWN_ZOAH	EVTZOAH	0266AD	31	slot
25	PRG	TWN_ZOAH	EVTZOAH	02688B	31	slot
25	PRG	TWN_ZOAH	EVTZOAH	026A4A	31	slot
25	PRG	TWN_ZOAH	EVTZOAH	026BEA	31	slot
25	PRG	TWN_ZOAH	EVTZOAH	026DA9	31	slot
25	PRG	TWN_ZOAH	EVTZOAH	026F87	31	slot
25	PRG	TWN_ZOAH	EVTZOAH	027146	31	slot
25	PRG	TWN_ZOAH	EVTZOAH	0272E6	31	slot
25	PRG	TWN_ZOAH	EVTZOAH	027486	31	slot
25	PRG	TWN_ZOAH	EVTZOAH	027626	31	slot
25	PRG	TWN_ZOAH	EVTZOAH	0277A7	31	slot
25	PRG	TWN_ZOAH	EVTZOAH	027909	31	slot
26	PRG	TWN_ZOAH	EVTZOAH	013E42	17	dialog
26	PRG	TWN_ZOAH	EVTZOAH	013EAB	17	dialog
26	PRG	TWN_ZOAH	EVTZOAH	013F09	17	dialog
26	PRG	TWN_ZOAH	EVTZOAH	013F67	17	dialog
26	PRG	TWN_ZOAH	EVTZOAH	013FBA	17	dialog
26	PRG	TWN_ZOAH	EVTZOAH	014010	17	dialog
26	PRG	TWN_ZOAH	EVTZOAH	01405B	17	dialog
26	PRG	TWN_ZOAH	EVTZOAH	0140A6	17	dialog
26	PRG	TWN_ZOAH	EVTZOAH	0140E6	17	dialog
26	PRG	TWN_ZOAH	EVTZOAH	01413E	17	dialog
26	PRG	TWN_ZOAH	EVTZOAH	01418B	17	dialog
26	PRG	TWN_ZOAH	EVTZOAH	0141D8	17	dialog
26	PRG	TWN_ZOAH	EVTZOAH	01421A	17	dialog
26	PRG	TWN_ZOAH	EVTZOAH	01425F	17	dialog
26	PRG	TWN_ZOAH	EVTZOAH	014299	17	dialog
26	PRG	TWN_ZOAH	EVTZOAH	0142D3	17	dialog
26	PRG	TWN_ZOAH	EVTZOAH	03783A	17	dialog
26	PRG	TWN_ZOAH	EVTZOAH	0378A3	17	dialog
26	PRG	TWN_ZOAH	EVTZOAH	037901	17	dialog
26	PRG	TWN_ZOAH	EVTZOAH	03795F	17	dialog
26	PRG	TWN_ZOAH	EVTZOAH	0379B2	17	dialog
26	PRG	TWN_ZOAH	EVTZOAH	037A08	17	dialog
26	PRG	TWN_ZOAH	EVTZOAH	037A53	17	dialog
26	PRG	TWN_ZOAH	EVTZOAH	037A9E	17	dialog
26	PRG	TWN_ZOAH	EVTZOAH	037ADE	17	dialog
26	PRG	TWN_ZOAH	EVTZOAH	037B36	17	dialog
26	PRG	TWN_ZOAH	EVTZOAH	037B83	17	dialog
26	PRG	TWN_ZOAH	EVTZOAH	037BD0	17	dialog
26	PRG	TWN_ZOAH	EVTZOAH	037C12	17	dialog
26	PRG	TWN_ZOAH	EVTZOAH	037C57	17	dialog
26	PRG	TWN_ZOAH	EVTZOAH	037C91	17	dialog
26	PRG	TWN_ZOAH	EVTZOAH	037CCB	17	dialog
27	PRG	TWN_ZOAH	EVTZOAH	023ECA	31	slot
27	PRG	TWN_ZOAH	EVTZOAH	024016	31	slot
27	PRG	TWN_ZOAH	EVTZOAH	024143	31	slot
27	PRG	TWN_ZOAH	EVTZOAH	024270	31	slot
27	PRG	TWN_ZOAH	EVTZOAH	024797	31	slot
27	PRG	TWN_ZOAH	EVTZOAH	0248C4	31	slot
27	PRG	TWN_ZOAH	EVTZOAH	0249D2	31	slot
27	PRG	TWN_ZOAH	EVTZOAH	024AE0	31	slot
27	PRG	TWN_ZOAH	EVTZOAH	024F8B	31	slot
27	PRG	TWN_ZOAH	EVTZOAH	0250B8	31	slot
27	PRG	TWN_ZOAH	EVTZOAH	0251C6	31	slot
27	PRG	TWN_ZOAH	EVTZOAH	0252D4	31	slot
27	PRG	TWN_ZOAH	EVTZOAH	025760	31	slot
27	PRG	TWN_ZOAH	EVTZOAH	02586E	31	slot
27	PRG	TWN_ZOAH	EVTZOAH	02595D	31	slot
27	PRG	TWN_ZOAH	EVTZOAH	025A4C	31	slot
27	PRG	TWN_ZOAH	EVTZOAH	025E7B	31	slot
27	PRG	TWN_ZOAH	EVTZOAH	025FA8	31	slot
27	PRG	TWN_ZOAH	EVTZOAH	0260B6	31	slot
27	PRG	TWN_ZOAH	EVTZOAH	0261C4	31	slot
27	PRG	TWN_ZOAH	EVTZOAH	026650	31	slot
27	PRG	TWN_ZOAH	EVTZOAH	02675E	31	slot
27	PRG	TWN_ZOAH	EVTZOAH	02684D	31	slot
27	PRG	TWN_ZOAH	EVTZOAH	02693C	31	slot
27	PRG	TWN_ZOAH	EVTZOAH	026D4C	31	slot
27	PRG	TWN_ZOAH	EVTZOAH	026E5A	31	slot
27	PRG	TWN_ZOAH	EVTZOAH	026F49	31	slot
27	PRG	TWN_ZOAH	EVTZOAH	027038	31	slot
27	PRG	TWN_ZOAH	EVTZOAH	027429	31	slot
27	PRG	TWN_ZOAH	EVTZOAH	027518	31	slot
27	PRG	TWN_ZOAH	EVTZOAH	0275E8	31	slot
27	PRG	TWN_ZOAH	EVTZOAH	0276B8	31	slot
28	PRG	TWN_ZOAH	EVTZOAH	023E8C	31	slot
28	PRG	TWN_ZOAH	EVTZOAH	023FD8	31	slot
28	PRG	TWN_ZOAH	EVTZOAH	024105	31	slot
28	PRG	TWN_ZOAH	EVTZOAH	024232	31	slot
28	PRG	TWN_ZOAH	EVTZOAH	024340	31	slot
28	PRG	TWN_ZOAH	EVTZOAH	02446D	31	slot
28	PRG	TWN_ZOAH	EVTZOAH	02457B	31	slot
28	PRG	TWN_ZOAH	EVTZOAH	024689	31	slot
28	PRG	TWN_ZOAH	EVTZOAH	024778	31	slot
28	PRG	TWN_ZOAH	EVTZOAH	0248A5	31	slot
28	PRG	TWN_ZOAH	EVTZOAH	0249B3	31	slot
28	PRG	TWN_ZOAH	EVTZOAH	024AC1	31	slot
28	PRG	TWN_ZOAH	EVTZOAH	024BB0	31	slot
28	PRG	TWN_ZOAH	EVTZOAH	024CBE	31	slot
28	PRG	TWN_ZOAH	EVTZOAH	024DAD	31	slot
28	PRG	TWN_ZOAH	EVTZOAH	024E9C	31	slot
28	PRG	TWN_ZOAH	EVTZOAH	025E3D	31	slot
28	PRG	TWN_ZOAH	EVTZOAH	025F6A	31	slot
28	PRG	TWN_ZOAH	EVTZOAH	026078	31	slot
28	PRG	TWN_ZOAH	EVTZOAH	026186	31	slot
28	PRG	TWN_ZOAH	EVTZOAH	026275	31	slot
28	PRG	TWN_ZOAH	EVTZOAH	026383	31	slot
28	PRG	TWN_ZOAH	EVTZOAH	026472	31	slot
28	PRG	TWN_ZOAH	EVTZOAH	026561	31	slot
28	PRG	TWN_ZOAH	EVTZOAH	026631	31	slot
28	PRG	TWN_ZOAH	EVTZOAH	02673F	31	slot
28	PRG	TWN_ZOAH	EVTZOAH	02682E	31	slot
28	PRG	TWN_ZOAH	EVTZOAH	02691D	31	slot
28	PRG	TWN_ZOAH	EVTZOAH	0269ED	31	slot
28	PRG	TWN_ZOAH	EVTZOAH	026ADC	31	slot
28	PRG	TWN_ZOAH	EVTZOAH	026BAC	31	slot
28	PRG	TWN_ZOAH	EVTZOAH	026C7C	31	slot
29	PRG	TWN_CARA	EVTCARA	003CE9	9	dialog
29	PRG	TWN_CARA	EVTCARA	003E3D	9	dialog
29	PRG	TWN_CARA	EVTCARA	00400B	9	dialog
29	PRG	TWN_SEEK	EVTSEEK	0042AA	9	dialog
29	PRG	TWN_SEEK	EVTSEEK	00432C	9	dialog
29	PRG	TWN_SEEK	EVTSEEK	00437C	9	dialog
29	PRG	TWN_SEEK	EVTSEEK	00438C	9	dialog
29	PRG	TWN_SEEK	EVTSEEK	0044EF	9	dialog
29	PRG	TWN_SEEK	EVTSEEK	00475D	9	dialog
29	PRG	TWN_SEEK	EVTSEEK	0048B7	9	dialog
29	PRG	TWN_SEEK	EVTSEEK	004B66	9	dialog
29	PRG	TWN_SEEK	EVTSEEK	004CB6	9	dialog
29	PRG	TWN_SEEK	EVTSEEK	004EC6	9	dialog
29	PRG	TWN_SEEK	EVTSEEK	005115	9	dialog
29	PRG	TWN_SEEK	EVTSEEK	0052A4	9	dialog
29	PRG	TWN_SEEK	EVTSEEK	0054C1	9	dialog
29	PRG	TWN_ZOAH	EVTZOAH	00C4AE	9	dialog
29	PRG	TWN_ZOAH	EVTZOAH	00CB4A	9	dialog
29	PRG	TWN_ZOAH	EVTZOAH	00D355	9	dialog
29	PRG	TWN_ZOAH	EVTZOAH	00DCD5	9	dialog
29	PRG	TWN_ZOAH	EVTZOAH	00DCE5	9	dialog
29	PRG	TWN_ZOAH	EVTZOAH	00DEC9	9	dialog
29	PRG	TWN_ZOAH	EVTZOAH	00E5E8	9	dialog
29	PRG	TWN_ZOAH	EVTZOAH	00EA8F	9	dialog
29	PRG	TWN_ZOAH	EVTZOAH	00F01F	9	dialog
29	PRG	TWN_ZOAH	EVTZOAH	00F469	9	dialog
29	PRG	TWN_ZOAH	EVTZOAH	00F813	9	dialog
29	PRG	TWN_ZOAH	EVTZOAH	00FC2F	9	dialog
29	PRG	TWN_ZOAH	EVTZOAH	00FD64	9	dialog
30	PRG	TWN_CARA	EVTCARA	003996	9	dialog
30	PRG	TWN_CARA	EVTCARA	0039C5	9	dialog
30	PRG	TWN_CARA	EVTCARA	0039F4	9	dialog
30	PRG	TWN_SEEK	EVTSEEK	0041C9	9	dialog
30	PRG	TWN_SEEK	EVTSEEK	0041D9	9	dialog
30	PRG	TWN_SEEK	EVTSEEK	004281	9	dialog
30	PRG	TWN_SEEK	EVTSEEK	0042EC	9	dialog
30	PRG	TWN_SEEK	EVTSEEK	0042FC	9	dialog
30	PRG	TWN_SEEK	EVTSEEK	00430C	9	dialog
30	PRG	TWN_SEEK	EVTSEEK	00431C	9	dialog
30	PRG	TWN_SEEK	EVTSEEK	00433C	9	dialog
30	PRG	TWN_SEEK	EVTSEEK	00434C	9	dialog
30	PRG	TWN_SEEK	EVTSEEK	00435C	9	dialog
30	PRG	TWN_SEEK	EVTSEEK	00436C	9	dialog
30	PRG	TWN_ZOAH	EVTZOAH	00B4C2	9	dialog
30	PRG	TWN_ZOAH	EVTZOAH	00B53E	9	dialog
30	PRG	TWN_ZOAH	EVTZOAH	00B580	9	dialog
30	PRG	TWN_ZOAH	EVTZOAH	00B590	9	dialog
30	PRG	TWN_ZOAH	EVTZOAH	00B5D2	9	dialog
30	PRG	TWN_ZOAH	EVTZOAH	00B614	9	dialog
30	PRG	TWN_ZOAH	EVTZOAH	00B688	9	dialog
30	PRG	TWN_ZOAH	EVTZOAH	00BDAE	9	dialog
30	PRG	TWN_ZOAH	EVTZOAH	00BDFD	9	dialog
30	PRG	TWN_ZOAH	EVTZOAH	00BE7B	9	dialog
30	PRG	TWN_ZOAH	EVTZOAH	00BEBD	9	dialog
30	PRG	TWN_ZOAH	EVTZOAH	00C49E	9	dialog
30	PRG	TWN_ZOAH	EVTZOAH	00EA9F	9	dialog
30	PRG	TWN_ZOAH	EVTZOAH	00F02F	9	dialog
31	PRG	BTL_B6_2	BTL_B62	053C40	7	dialog
31	PRG	BTL_X0	BTL_X0	05E2B4	7	dialog
31	PRG	FLD_B6	FLD_B6	00AFD1	7	dialog
31	PRG	FLD_C8	FLD_T0	0133BF	7	dialog
31	PRG	FLD_C8	FLD_T0	014462	7	dialog
31	PRG	TWN_CAMP	EVTCAMP	00F3D2	7	dialog
31	PRG	TWN_CAMP	EVTCAMP	00F883	7	dialog
31	PRG	TWN_CAMP	EVTCAMP	00FAFC	7	dialog
31	PRG	TWN_CARA	EVTCARA	00F08C	7	dialog
31	PRG	TWN_CARA	EVTCARA	00F5C4	7	dialog
31	PRG	TWN_CARA	EVTCARA	00F681	7	dialog
31	PRG	TWN_CARA	EVTCARA	00F6C9	7	dialog
31	PRG	TWN_CARA	EVTCARA	00F711	7	dialog
31	PRG	TWN_CARA	EVTCARA	00F979	7	dialog
31	PRG	TWN_CARA	EVTCARA	00FA8F	7	dialog
31	PRG	TWN_CARA	EVTCARA	012DAF	7	dialog
31	PRG	TWN_CARA	EVTCARA	013228	7	dialog
31	PRG	TWN_CARA	EVTCARA	01337E	7	dialog
31	PRG	TWN_SEEK	EVTSEEK	00BDB6	7	dialog
31	PRG	TWN_SEEK	EVTSEEK	01239A	7	dialog
31	PRG	TWN_SEEK	EVTSEEK	017DD9	7	dialog
31	PRG	TWN_SEEK	EVTSEEK	017DE0	7	dialog
31	PRG	TWN_SEEK	EVTSEEK	017DFE	7	dialog
31	PRG	TWN_SEEK	EVTSEEK	017E52	7	dialog
31	PRG	TWN_SEEK	EVTSEEK	017EBA	7	dialog
31	PRG	TWN_SEEK	EVTSEEK	017EE3	7	dialog
31	PRG	TWN_ZOAH	EVTZOAH	018F8D	7	dialog
32	PRG	BTL_A3	BTL_A3	05750A	27	dialog
32	PRG	BTL_A3_2	BTL_A32	057E5A	27	dialog
32	PRG	BTL_A5	BTL_A5	05F6EA	27	dialog
32	PRG	BTL_A5_2	BTL_A52	05FB4E	27	dialog
32	PRG	BTL_A5_3	BTL_A53	052A4E	27	dialog
32	PRG	BTL_A7	BTL_A7	058E8A	27	dialog
32	PRG	BTL_A7_2	BTL_A72	053BC2	27	dialog
32	PRG	BTL_B2	BTL_B2	05350E	27	dialog
32	PRG	BTL_B5	BTL_B5	05A346	27	dialog
32	PRG	BTL_B5_2	BTL_B52	05E50A	27	dialog
32	PRG	BTL_B5_3	BTL_B53	05832E	27	dialog
32	PRG	BTL_B6	BTL_B6	060DFA	27	dialog
32	PRG	BTL_B6_2	BTL_B62	05607E	27	dialog
32	PRG	BTL_C2	BTL_C2	05E07E	27	dialog
32	PRG	BTL_C2_2	BTL_C22	05ACDA	27	dialog
32	PRG	BTL_C4	BTL_C4	058EF2	27	dialog
32	PRG	BTL_C5	BTL_C5	05572E	27	dialog
32	PRG	BTL_C5_2	BTL_C52	0533D6	27	dialog
32	PRG	BTL_C8	BTL_C8	052432	27	dialog
32	PRG	BTL_C8_2	BTL_C82	052BB6	27	dialog
32	PRG	BTL_D2	BTL_D2	056AA2	27	dialog
32	PRG	BTL_D2_2	BTL_D22	05456E	27	dialog
32	PRG	BTL_D4	BTL_D4	05346E	27	dialog
32	PRG	BTL_D5	BTL_D5	06751E	27	dialog
32	PRG	BTL_T0	BTL_T0	059A1E	27	dialog
32	PRG	BTL_X0	BTL_X0	06639E	27	dialog
32	COMMON	COMMON	MENU	00D0F4	27	ui
33	PRG	BTL_A3	BTL_A3	0574E0	25	dialog
33	PRG	BTL_A3_2	BTL_A32	057E30	25	dialog
33	PRG	BTL_A5	BTL_A5	05F6C0	25	dialog
33	PRG	BTL_A5_2	BTL_A52	05FB24	25	dialog
33	PRG	BTL_A5_3	BTL_A53	052A24	25	dialog
33	PRG	BTL_A7	BTL_A7	058E60	25	dialog
33	PRG	BTL_A7_2	BTL_A72	053B98	25	dialog
33	PRG	BTL_B2	BTL_B2	0534E4	25	dialog
33	PRG	BTL_B5	BTL_B5	05A31C	25	dialog
33	PRG	BTL_B5_2	BTL_B52	05E4E0	25	dialog
33	PRG	BTL_B5_3	BTL_B53	058304	25	dialog
33	PRG	BTL_B6	BTL_B6	060DD0	25	dialog
33	PRG	BTL_B6_2	BTL_B62	056054	25	dialog
33	PRG	BTL_C2	BTL_C2	05E054	25	dialog
33	PRG	BTL_C2_2	BTL_C22	05ACB0	25	dialog
33	PRG	BTL_C4	BTL_C4	058EC8	25	dialog
33	PRG	BTL_C5	BTL_C5	055704	25	dialog
33	PRG	BTL_C5_2	BTL_C52	0533AC	25	dialog
33	PRG	BTL_C8	BTL_C8	052408	25	dialog
33	PRG	BTL_C8_2	BTL_C82	052B8C	25	dialog
33	PRG	BTL_D2	BTL_D2	056A78	25	dialog
33	PRG	BTL_D2_2	BTL_D22	054544	25	dialog
33	PRG	BTL_D4	BTL_D4	053444	25	dialog
33	PRG	BTL_D5	BTL_D5	0674F4	25	dialog
33	PRG	BTL_T0	BTL_T0	0599F4	25	dialog
33	PRG	BTL_X0	BTL_X0	066374	25	dialog
33	COMMON	COMMON	MENU	00D1B2	25	ui
34	PRG	BTL_A3	BTL_A3	05763E	19	dialog
34	PRG	BTL_A3_2	BTL_A32	057F8E	19	dialog
34	PRG	BTL_A5	BTL_A5	05F81E	19	dialog
34	PRG	BTL_A5_2	BTL_A52	05FC82	19	dialog
34	PRG	BTL_A5_3	BTL_A53	052B82	19	dialog
34	PRG	BTL_A7	BTL_A7	058FBE	19	dialog
34	PRG	BTL_A7_2	BTL_A72	053CF6	19	dialog
34	PRG	BTL_B2	BTL_B2	053642	19	dialog
34	PRG	BTL_B5	BTL_B5	05A47A	19	dialog
34	PRG	BTL_B5_2	BTL_B52	05E63E	19	dialog
34	PRG	BTL_B5_3	BTL_B53	058462	19	dialog
34	PRG	BTL_B6	BTL_B6	060F2E	19	dialog
34	PRG	BTL_B6_2	BTL_B62	0561B2	19	dialog
34	PRG	BTL_C2	BTL_C2	05E1B2	19	dialog
34	PRG	BTL_C2_2	BTL_C22	05AE0E	19	dialog
34	PRG	BTL_C4	BTL_C4	059026	19	dialog
34	PRG	BTL_C5	BTL_C5	055862	19	dialog
34	PRG	BTL_C5_2	BTL_C52	05350A	19	dialog
34	PRG	BTL_C8	BTL_C8	052566	19	dialog
34	PRG	BTL_C8_2	BTL_C82	052CEA	19	dialog
34	PRG	BTL_D2	BTL_D2	056BD6	19	dialog
34	PRG	BTL_D2_2	BTL_D22	0546A2	19	dialog
34	PRG	BTL_D4	BTL_D4	0535A2	19	dialog
34	PRG	BTL_D5	BTL_D5	067652	19	dialog
34	PRG	BTL_T0	BTL_T0	059B52	19	dialog
34	PRG	BTL_X0	BTL_X0	0664D2	19	dialog
34	COMMON	COMMON	ITEM	00AF52	19	ui
35	PRG	BTL_A7_2	BTL_A72	050FCB	5	dialog
35	PRG	BTL_B2	BTL_B2	04FC68	5	dialog
35	PRG	BTL_B5	BTL_B5	051FCB	5	dialog
35	PRG	BTL_B5	BTL_B5	05205B	5	dialog
35	PRG	BTL_B5	BTL_B5	0521AF	5	dialog
35	PRG	BTL_B5	BTL_B5	0521F0	5	dialog
35	PRG	BTL_C2	BTL_C2	057848	5	dialog
35	PRG	BTL_C2	BTL_C2	0579FD	5	dialog
35	PRG	BTL_C5	BTL_C5	0521D6	5	dialog
35	PRG	BTL_C5	BTL_C5	05230F	5	dialog
35	PRG	BTL_C8	BTL_C8	04E976	5	dialog
35	PRG	BTL_C8	BTL_C8	04EA5A	5	dialog
35	PRG	BTL_C8	BTL_C8	04EAF2	5	dialog
35	PRG	BTL_T0	BTL_T0	05381D	5	dialog
35	PRG	MENUEN	MENUEN	007C90	5	ui
35	PRG	MENUEN	MENUEN	007DC9	5	ui
35	PRG	MENUEN	MENUEN	007F3B	5	ui
35	PRG	MENUEN	MENUEN	0083F8	5	ui
35	PRG	MENUEN	MENUEN	00885B	5	ui
35	PRG	MENUEN	MENUEN	008C51	5	ui
35	PRG	MENUEN	MENUEN	008DA1	5	ui
35	PRG	MENUEN	MENUEN	008F17	5	ui
35	PRG	MENUEN	MENUEN	009068	5	ui
35	PRG	MENUEN	MENUEN	0091C8	5	ui
35	PRG	MENUEN	MENUEN	0092EA	5	ui
35	PRG	MENUEN	MENUEN	009536	5	ui
35	PRG	MENUEN	MENUEN	009653	5	ui
36	PRG	BTL_A3	BTL_A3	0269BB	14	dialog
36	PRG	BTL_A3_2	BTL_A32	02A027	14	dialog
36	PRG	BTL_A5	BTL_A5	02D7AB	14	dialog
36	PRG	BTL_A5_2	BTL_A52	030653	14	dialog
36	PRG	BTL_A5_3	BTL_A53	025503	14	dialog
36	PRG	BTL_A7	BTL_A7	02976F	14	dialog
36	PRG	BTL_A7_2	BTL_A72	026287	14	dialog
36	PRG	BTL_B2	BTL_B2	0258E3	14	dialog
36	PRG	BTL_B5	BTL_B5	027B8F	14	dialog
36	PRG	BTL_B5_2	BTL_B52	02E8A3	14	dialog
36	PRG	BTL_B5_3	BTL_B53	02693F	14	dialog
36	PRG	BTL_B6	BTL_B6	030C0B	14	dialog
36	PRG	BTL_B6_2	BTL_B62	027DD3	14	dialog
36	PRG	BTL_C2	BTL_C2	027BDF	14	dialog
36	PRG	BTL_C2_2	BTL_C22	02AB77	14	dialog
36	PRG	BTL_C4	BTL_C4	0269A7	14	dialog
36	PRG	BTL_C5	BTL_C5	02700F	14	dialog
36	PRG	BTL_C5_2	BTL_C52	025457	14	dialog
36	PRG	BTL_C8	BTL_C8	022FD3	14	dialog
36	PRG	BTL_C8_2	BTL_C82	024CEB	14	dialog
36	PRG	BTL_D2	BTL_D2	025FCB	14	dialog
36	PRG	BTL_D2_2	BTL_D22	025ED3	14	dialog
36	PRG	BTL_D4	BTL_D4	023CBF	14	dialog
36	PRG	BTL_D5	BTL_D5	030657	14	dialog
36	PRG	BTL_T0	BTL_T0	02919F	14	dialog
36	PRG	BTL_X0	BTL_X0	033D8F	14	dialog
37	PRG	BTL_A3	BTL_A3	026951	11	dialog
37	PRG	BTL_A3_2	BTL_A32	029FBD	11	dialog
37	PRG	BTL_A5	BTL_A5	02D741	11	dialog
37	PRG	BTL_A5_2	BTL_A52	0305E9	11	dialog
37	PRG	BTL_A5_3	BTL_A53	025499	11	dialog
37	PRG	BTL_A7	BTL_A7	029705	11	dialog
37	PRG	BTL_A7_2	BTL_A72	02621D	11	dialog
37	PRG	BTL_B2	BTL_B2	025879	11	dialog
37	PRG	BTL_B5	BTL_B5	027B25	11	dialog
37	PRG	BTL_B5_2	BTL_B52	02E839	11	dialog
37	PRG	BTL_B5_3	BTL_B53	0268D5	11	dialog
37	PRG	BTL_B6	BTL_B6	030BA1	11	dialog
37	PRG	BTL_B6_2	BTL_B62	027D69	11	dialog
37	PRG	BTL_C2	BTL_C2	027B75	11	dialog
37	PRG	BTL_C2_2	BTL_C22	02AB0D	11	dialog
37	PRG	BTL_C4	BTL_C4	02693D	11	dialog
37	PRG	BTL_C5	BTL_C5	026FA5	11	dialog
37	PRG	BTL_C5_2	BTL_C52	0253ED	11	dialog
37	PRG	BTL_C8	BTL_C8	022F69	11	dialog
37	PRG	BTL_C8_2	BTL_C82	024C81	11	dialog
37	PRG	BTL_D2	BTL_D2	025F61	11	dialog
37	PRG	BTL_D2_2	BTL_D22	025E69	11	dialog
37	PRG	BTL_D4	BTL_D4	023C55	11	dialog
37	PRG	BTL_D5	BTL_D5	0305ED	11	dialog
37	PRG	BTL_T0	BTL_T0	029135	11	dialog
37	PRG	BTL_X0	BTL_X0	033D25	11	dialog
38	PRG	BTL_A3	BTL_A3	02699D	9	dialog
38	PRG	BTL_A3_2	BTL_A32	02A009	9	dialog
38	PRG	BTL_A5	BTL_A5	02D78D	9	dialog
38	PRG	BTL_A5_2	BTL_A52	030635	9	dialog
38	PRG	BTL_A5_3	BTL_A53	0254E5	9	dialog
38	PRG	BTL_A7	BTL_A7	029751	9	dialog
38	PRG	BTL_A7_2	BTL_A72	026269	9	dialog
38	PRG	BTL_B2	BTL_B2	0258C5	9	dialog
38	PRG	BTL_B5	BTL_B5	027B71	9	dialog
38	PRG	BTL_B5_2	BTL_B52	02E885	9	dialog
38	PRG	BTL_B5_3	BTL_B53	026921	9	dialog
38	PRG	BTL_B6	BTL_B6	030BED	9	dialog
38	PRG	BTL_B6_2	BTL_B62	027DB5	9	dialog
38	PRG	BTL_C2	BTL_C2	027BC1	9	dialog
38	PRG	BTL_C2_2	BTL_C22	02AB59	9	dialog
38	PRG	BTL_C4	BTL_C4	026989	9	dialog
38	PRG	BTL_C5	BTL_C5	026FF1	9	dialog
38	PRG	BTL_C5_2	BTL_C52	025439	9	dialog
38	PRG	BTL_C8	BTL_C8	022FB5	9	dialog
38	PRG	BTL_C8_2	BTL_C82	024CCD	9	dialog
38	PRG	BTL_D2	BTL_D2	025FAD	9	dialog
38	PRG	BTL_D2_2	BTL_D22	025EB5	9	dialog
38	PRG	BTL_D4	BTL_D4	023CA1	9	dialog
38	PRG	BTL_D5	BTL_D5	030639	9	dialog
38	PRG	BTL_T0	BTL_T0	029181	9	dialog
38	PRG	BTL_X0	BTL_X0	033D71	9	dialog
39	PRG	BTL_A3	BTL_A3	026947	10	dialog
39	PRG	BTL_A3_2	BTL_A32	029FB3	10	dialog
39	PRG	BTL_A5	BTL_A5	02D737	10	dialog
39	PRG	BTL_A5_2	BTL_A52	0305DF	10	dialog
39	PRG	BTL_A5_3	BTL_A53	02548F	10	dialog
39	PRG	BTL_A7	BTL_A7	0296FB	10	dialog
39	PRG	BTL_A7_2	BTL_A72	026213	10	dialog
39	PRG	BTL_B2	BTL_B2	02586F	10	dialog
39	PRG	BTL_B5	BTL_B5	027B1B	10	dialog
39	PRG	BTL_B5_2	BTL_B52	02E82F	10	dialog
39	PRG	BTL_B5_3	BTL_B53	0268CB	10	dialog
39	PRG	BTL_B6	BTL_B6	030B97	10	dialog
39	PRG	BTL_B6_2	BTL_B62	027D5F	10	dialog
39	PRG	BTL_C2	BTL_C2	027B6B	10	dialog
39	PRG	BTL_C2_2	BTL_C22	02AB03	10	dialog
39	PRG	BTL_C4	BTL_C4	026933	10	dialog
39	PRG	BTL_C5	BTL_C5	026F9B	10	dialog
39	PRG	BTL_C5_2	BTL_C52	0253E3	10	dialog
39	PRG	BTL_C8	BTL_C8	022F5F	10	dialog
39	PRG	BTL_C8_2	BTL_C82	024C77	10	dialog
39	PRG	BTL_D2	BTL_D2	025F57	10	dialog
39	PRG	BTL_D2_2	BTL_D22	025E5F	10	dialog
39	PRG	BTL_D4	BTL_D4	023C4B	10	dialog
39	PRG	BTL_D5	BTL_D5	0305E3	10	dialog
39	PRG	BTL_T0	BTL_T0	02912B	10	dialog
39	PRG	BTL_X0	BTL_X0	033D1B	10	dialog
40	PRG	BTL_A3	BTL_A3	05762B	19	dialog
40	PRG	BTL_A3_2	BTL_A32	057F7B	19	dialog
40	PRG	BTL_A5	BTL_A5	05F80B	19	dialog
40	PRG	BTL_A5_2	BTL_A52	05FC6F	19	dialog
40	PRG	BTL_A5_3	BTL_A53	052B6F	19	dialog
40	PRG	BTL_A7	BTL_A7	058FAB	19	dialog
40	PRG	BTL_A7_2	BTL_A72	053CE3	19	dialog
40	PRG	BTL_B2	BTL_B2	05362F	19	dialog
40	PRG	BTL_B5	BTL_B5	05A467	19	dialog
40	PRG	BTL_B5_2	BTL_B52	05E62B	19	dialog
40	PRG	BTL_B5_3	BTL_B53	05844F	19	dialog
40	PRG	BTL_B6	BTL_B6	060F1B	19	dialog
40	PRG	BTL_B6_2	BTL_B62	05619F	19	dialog
40	PRG	BTL_C2	BTL_C2	05E19F	19	dialog
40	PRG	BTL_C2_2	BTL_C22	05ADFB	19	dialog
40	PRG	BTL_C4	BTL_C4	059013	19	dialog
40	PRG	BTL_C5	BTL_C5	05584F	19	dialog
40	PRG	BTL_C5_2	BTL_C52	0534F7	19	dialog
40	PRG	BTL_C8	BTL_C8	052553	19	dialog
40	PRG	BTL_C8_2	BTL_C82	052CD7	19	dialog
40	PRG	BTL_D2	BTL_D2	056BC3	19	dialog
40	PRG	BTL_D2_2	BTL_D22	05468F	19	dialog
40	PRG	BTL_D4	BTL_D4	05358F	19	dialog
40	PRG	BTL_D5	BTL_D5	06763F	19	dialog
40	PRG	BTL_T0	BTL_T0	059B3F	19	dialog
40	PRG	BTL_X0	BTL_X0	0664BF	19	dialog
41	PRG	BTL_A3	BTL_A3	026968	30	dialog
41	PRG	BTL_A3_2	BTL_A32	029FD4	30	dialog
41	PRG	BTL_A5	BTL_A5	02D758	30	dialog
41	PRG	BTL_A5_2	BTL_A52	030600	30	dialog
41	PRG	BTL_A5_3	BTL_A53	0254B0	30	dialog
41	PRG	BTL_A7	BTL_A7	02971C	30	dialog
41	PRG	BTL_A7_2	BTL_A72	026234	30	dialog
41	PRG	BTL_B2	BTL_B2	025890	30	dialog
41	PRG	BTL_B5	BTL_B5	027B3C	30	dialog
41	PRG	BTL_B5_2	BTL_B52	02E850	30	dialog
41	PRG	BTL_B5_3	BTL_B53	0268EC	30	dialog
41	PRG	BTL_B6	BTL_B6	030BB8	30	dialog
41	PRG	BTL_B6_2	BTL_B62	027D80	30	dialog
41	PRG	BTL_C2	BTL_C2	027B8C	30	dialog
41	PRG	BTL_C2_2	BTL_C22	02AB24	30	dialog
41	PRG	BTL_C4	BTL_C4	026954	30	dialog
41	PRG	BTL_C5	BTL_C5	026FBC	30	dialog
41	PRG	BTL_C5_2	BTL_C52	025404	30	dialog
41	PRG	BTL_C8	BTL_C8	022F80	30	dialog
41	PRG	BTL_C8_2	BTL_C82	024C98	30	dialog
41	PRG	BTL_D2	BTL_D2	025F78	30	dialog
41	PRG	BTL_D2_2	BTL_D22	025E80	30	dialog
41	PRG	BTL_D4	BTL_D4	023C6C	30	dialog
41	PRG	BTL_D5	BTL_D5	030604	30	dialog
41	PRG	BTL_T0	BTL_T0	02914C	30	dialog
41	PRG	BTL_X0	BTL_X0	033D3C	30	dialog
42	PRG	BTL_A3	BTL_A3	02692E	25	dialog
42	PRG	BTL_A3_2	BTL_A32	029F9A	25	dialog
42	PRG	BTL_A5	BTL_A5	02D71E	25	dialog
42	PRG	BTL_A5_2	BTL_A52	0305C6	25	dialog
42	PRG	BTL_A5_3	BTL_A53	025476	25	dialog
42	PRG	BTL_A7	BTL_A7	0296E2	25	dialog
42	PRG	BTL_A7_2	BTL_A72	0261FA	25	dialog
42	PRG	BTL_B2	BTL_B2	025856	25	dialog
42	PRG	BTL_B5	BTL_B5	027B02	25	dialog
42	PRG	BTL_B5_2	BTL_B52	02E816	25	dialog
42	PRG	BTL_B5_3	BTL_B53	0268B2	25	dialog
42	PRG	BTL_B6	BTL_B6	030B7E	25	dialog
42	PRG	BTL_B6_2	BTL_B62	027D46	25	dialog
42	PRG	BTL_C2	BTL_C2	027B52	25	dialog
42	PRG	BTL_C2_2	BTL_C22	02AAEA	25	dialog
42	PRG	BTL_C4	BTL_C4	02691A	25	dialog
42	PRG	BTL_C5	BTL_C5	026F82	25	dialog
42	PRG	BTL_C5_2	BTL_C52	0253CA	25	dialog
42	PRG	BTL_C8	BTL_C8	022F46	25	dialog
42	PRG	BTL_C8_2	BTL_C82	024C5E	25	dialog
42	PRG	BTL_D2	BTL_D2	025F3E	25	dialog
42	PRG	BTL_D2_2	BTL_D22	025E46	25	dialog
42	PRG	BTL_D4	BTL_D4	023C32	25	dialog
42	PRG	BTL_D5	BTL_D5	0305CA	25	dialog
42	PRG	BTL_T0	BTL_T0	029112	25	dialog
42	PRG	BTL_X0	BTL_X0	033D02	25	dialog
43	PRG	BTL_A3	BTL_A3	026986	23	dialog
43	PRG	BTL_A3_2	BTL_A32	029FF2	23	dialog
43	PRG	BTL_A5	BTL_A5	02D776	23	dialog
43	PRG	BTL_A5_2	BTL_A52	03061E	23	dialog
43	PRG	BTL_A5_3	BTL_A53	0254CE	23	dialog
43	PRG	BTL_A7	BTL_A7	02973A	23	dialog
43	PRG	BTL_A7_2	BTL_A72	026252	23	dialog
43	PRG	BTL_B2	BTL_B2	0258AE	23	dialog
43	PRG	BTL_B5	BTL_B5	027B5A	23	dialog
43	PRG	BTL_B5_2	BTL_B52	02E86E	23	dialog
43	PRG	BTL_B5_3	BTL_B53	02690A	23	dialog
43	PRG	BTL_B6	BTL_B6	030BD6	23	dialog
43	PRG	BTL_B6_2	BTL_B62	027D9E	23	dialog
43	PRG	BTL_C2	BTL_C2	027BAA	23	dialog
43	PRG	BTL_C2_2	BTL_C22	02AB42	23	dialog
43	PRG	BTL_C4	BTL_C4	026972	23	dialog
43	PRG	BTL_C5	BTL_C5	026FDA	23	dialog
43	PRG	BTL_C5_2	BTL_C52	025422	23	dialog
43	PRG	BTL_C8	BTL_C8	022F9E	23	dialog
43	PRG	BTL_C8_2	BTL_C82	024CB6	23	dialog
43	PRG	BTL_D2	BTL_D2	025F96	23	dialog
43	PRG	BTL_D2_2	BTL_D22	025E9E	23	dialog
43	PRG	BTL_D4	BTL_D4	023C8A	23	dialog
43	PRG	BTL_D5	BTL_D5	030622	23	dialog
43	PRG	BTL_T0	BTL_T0	02916A	23	dialog
43	PRG	BTL_X0	BTL_X0	033D5A	23	dialog
44	PRG	BTL_A3	BTL_A3	0574C9	23	dialog
44	PRG	BTL_A3_2	BTL_A32	057E19	23	dialog
44	PRG	BTL_A5	BTL_A5	05F6A9	23	dialog
44	PRG	BTL_A5_2	BTL_A52	05FB0D	23	dialog
44	PRG	BTL_A5_3	BTL_A53	052A0D	23	dialog
44	PRG	BTL_A7	BTL_A7	058E49	23	dialog
44	PRG	BTL_A7_2	BTL_A72	053B81	23	dialog
44	PRG	BTL_B2	BTL_B2	0534CD	23	dialog
44	PRG	BTL_B5	BTL_B5	05A305	23	dialog
44	PRG	BTL_B5_2	BTL_B52	05E4C9	23	dialog
44	PRG	BTL_B5_3	BTL_B53	0582ED	23	dialog
44	PRG	BTL_B6	BTL_B6	060DB9	23	dialog
44	PRG	BTL_B6_2	BTL_B62	05603D	23	dialog
44	PRG	BTL_C2	BTL_C2	05E03D	23	dialog
44	PRG	BTL_C2_2	BTL_C22	05AC99	23	dialog
44	PRG	BTL_C4	BTL_C4	058EB1	23	dialog
44	PRG	BTL_C5	BTL_C5	0556ED	23	dialog
44	PRG	BTL_C5_2	BTL_C52	053395	23	dialog
44	PRG	BTL_C8	BTL_C8	0523F1	23	dialog
44	PRG	BTL_C8_2	BTL_C82	052B75	23	dialog
44	PRG	BTL_D2	BTL_D2	056A61	23	dialog
44	PRG	BTL_D2_2	BTL_D22	05452D	23	dialog
44	PRG	BTL_D4	BTL_D4	05342D	23	dialog
44	PRG	BTL_D5	BTL_D5	0674DD	23	dialog
44	PRG	BTL_T0	BTL_T0	0599DD	23	dialog
44	PRG	BTL_X0	BTL_X0	06635D	23	dialog
45	PRG	BTL_A3	BTL_A3	057561	23	dialog
45	PRG	BTL_A3_2	BTL_A32	057EB1	23	dialog
45	PRG	BTL_A5	BTL_A5	05F741	23	dialog
45	PRG	BTL_A5_2	BTL_A52	05FBA5	23	dialog
45	PRG	BTL_A5_3	BTL_A53	052AA5	23	dialog
45	PRG	BTL_A7	BTL_A7	058EE1	23	dialog
45	PRG	BTL_A7_2	BTL_A72	053C19	23	dialog
45	PRG	BTL_B2	BTL_B2	053565	23	dialog
45	PRG	BTL_B5	BTL_B5	05A39D	23	dialog
45	PRG	BTL_B5_2	BTL_B52	05E561	23	dialog
45	PRG	BTL_B5_3	BTL_B53	058385	23	dialog
45	PRG	BTL_B6	BTL_B6	060E51	23	dialog
45	PRG	BTL_B6_2	BTL_B62	0560D5	23	dialog
45	PRG	BTL_C2	BTL_C2	05E0D5	23	dialog
45	PRG	BTL_C2_2	BTL_C22	05AD31	23	dialog
45	PRG	BTL_C4	BTL_C4	058F49	23	dialog
45	PRG	BTL_C5	BTL_C5	055785	23	dialog
45	PRG	BTL_C5_2	BTL_C52	05342D	23	dialog
45	PRG	BTL_C8	BTL_C8	052489	23	dialog
45	PRG	BTL_C8_2	BTL_C82	052C0D	23	dialog
45	PRG	BTL_D2	BTL_D2	056AF9	23	dialog
45	PRG	BTL_D2_2	BTL_D22	0545C5	23	dialog
45	PRG	BTL_D4	BTL_D4	0534C5	23	dialog
45	PRG	BTL_D5	BTL_D5	067575	23	dialog
45	PRG	BTL_T0	BTL_T0	059A75	23	dialog
45	PRG	BTL_X0	BTL_X0	0663F5	23	dialog
46	PRG	BTL_A3	BTL_A3	05749C	11	dialog
46	PRG	BTL_A3_2	BTL_A32	057DEC	11	dialog
46	PRG	BTL_A5	BTL_A5	05F67C	11	dialog
46	PRG	BTL_A5_2	BTL_A52	05FAE0	11	dialog
46	PRG	BTL_A5_3	BTL_A53	0529E0	11	dialog
46	PRG	BTL_A7	BTL_A7	058E1C	11	dialog
46	PRG	BTL_A7_2	BTL_A72	053B54	11	dialog
46	PRG	BTL_B2	BTL_B2	0534A0	11	dialog
46	PRG	BTL_B5	BTL_B5	05A2D8	11	dialog
46	PRG	BTL_B5_2	BTL_B52	05E49C	11	dialog
46	PRG	BTL_B5_3	BTL_B53	0582C0	11	dialog
46	PRG	BTL_B6	BTL_B6	060D8C	11	dialog
46	PRG	BTL_B6_2	BTL_B62	056010	11	dialog
46	PRG	BTL_C2	BTL_C2	05E010	11	dialog
46	PRG	BTL_C2_2	BTL_C22	05AC6C	11	dialog
46	PRG	BTL_C4	BTL_C4	058E84	11	dialog
46	PRG	BTL_C5	BTL_C5	0556C0	11	dialog
46	PRG	BTL_C5_2	BTL_C52	053368	11	dialog
46	PRG	BTL_C8	BTL_C8	0523C4	11	dialog
46	PRG	BTL_C8_2	BTL_C82	052B48	11	dialog
46	PRG	BTL_D2	BTL_D2	056A34	11	dialog
46	PRG	BTL_D2_2	BTL_D22	054500	11	dialog
46	PRG	BTL_D4	BTL_D4	053400	11	dialog
46	PRG	BTL_D5	BTL_D5	0674B0	11	dialog
46	PRG	BTL_T0	BTL_T0	0599B0	11	dialog
46	PRG	BTL_X0	BTL_X0	066330	11	dialog
47	PRG	BTL_A3	BTL_A3	057407	13	dialog
47	PRG	BTL_A3_2	BTL_A32	057D57	13	dialog
47	PRG	BTL_A5	BTL_A5	05F5E7	13	dialog
47	PRG	BTL_A5_2	BTL_A52	05FA4B	13	dialog
47	PRG	BTL_A5_3	BTL_A53	05294B	13	dialog
47	PRG	BTL_A7	BTL_A7	058D87	13	dialog
47	PRG	BTL_A7_2	BTL_A72	053ABF	13	dialog
47	PRG	BTL_B2	BTL_B2	05340B	13	dialog
47	PRG	BTL_B5	BTL_B5	05A243	13	dialog
47	PRG	BTL_B5_2	BTL_B52	05E407	13	dialog
47	PRG	BTL_B5_3	BTL_B53	05822B	13	dialog
47	PRG	BTL_B6	BTL_B6	060CF7	13	dialog
47	PRG	BTL_B6_2	BTL_B62	055F7B	13	dialog
47	PRG	BTL_C2	BTL_C2	05DF7B	13	dialog
47	PRG	BTL_C2_2	BTL_C22	05ABD7	13	dialog
47	PRG	BTL_C4	BTL_C4	058DEF	13	dialog
47	PRG	BTL_C5	BTL_C5	05562B	13	dialog
47	PRG	BTL_C5_2	BTL_C52	0532D3	13	dialog
47	PRG	BTL_C8	BTL_C8	05232F	13	dialog
47	PRG	BTL_C8_2	BTL_C82	052AB3	13	dialog
47	PRG	BTL_D2	BTL_D2	05699F	13	dialog
47	PRG	BTL_D2_2	BTL_D22	05446B	13	dialog
47	PRG	BTL_D4	BTL_D4	05336B	13	dialog
47	PRG	BTL_D5	BTL_D5	06741B	13	dialog
47	PRG	BTL_T0	BTL_T0	05991B	13	dialog
47	PRG	BTL_X0	BTL_X0	06629B	13	dialog
48	PRG	BTL_A3	BTL_A3	057414	17	dialog
48	PRG	BTL_A3_2	BTL_A32	057D64	17	dialog
48	PRG	BTL_A5	BTL_A5	05F5F4	17	dialog
48	PRG	BTL_A5_2	BTL_A52	05FA58	17	dialog
48	PRG	BTL_A5_3	BTL_A53	052958	17	dialog
48	PRG	BTL_A7	BTL_A7	058D94	17	dialog
48	PRG	BTL_A7_2	BTL_A72	053ACC	17	dialog
48	PRG	BTL_B2	BTL_B2	053418	17	dialog
48	PRG	BTL_B5	BTL_B5	05A250	17	dialog
48	PRG	BTL_B5_2	BTL_B52	05E414	17	dialog
48	PRG	BTL_B5_3	BTL_B53	058238	17	dialog
48	PRG	BTL_B6	BTL_B6	060D04	17	dialog
48	PRG	BTL_B6_2	BTL_B62	055F88	17	dialog
48	PRG	BTL_C2	BTL_C2	05DF88	17	dialog
48	PRG	BTL_C2_2	BTL_C22	05ABE4	17	dialog
48	PRG	BTL_C4	BTL_C4	058DFC	17	dialog
48	PRG	BTL_C5	BTL_C5	055638	17	dialog
48	PRG	BTL_C5_2	BTL_C52	0532E0	17	dialog
48	PRG	BTL_C8	BTL_C8	05233C	17	dialog
48	PRG	BTL_C8_2	BTL_C82	052AC0	17	dialog
48	PRG	BTL_D2	BTL_D2	0569AC	17	dialog
48	PRG	BTL_D2_2	BTL_D22	054478	17	dialog
48	PRG	BTL_D4	BTL_D4	053378	17	dialog
48	PRG	BTL_D5	BTL_D5	067428	17	dialog
48	PRG	BTL_T0	BTL_T0	059928	17	dialog
48	PRG	BTL_X0	BTL_X0	0662A8	17	dialog
49	PRG	BTL_A3	BTL_A3	05743F	9	dialog
49	PRG	BTL_A3_2	BTL_A32	057D8F	9	dialog
49	PRG	BTL_A5	BTL_A5	05F61F	9	dialog
49	PRG	BTL_A5_2	BTL_A52	05FA83	9	dialog
49	PRG	BTL_A5_3	BTL_A53	052983	9	dialog
49	PRG	BTL_A7	BTL_A7	058DBF	9	dialog
49	PRG	BTL_A7_2	BTL_A72	053AF7	9	dialog
49	PRG	BTL_B2	BTL_B2	053443	9	dialog
49	PRG	BTL_B5	BTL_B5	05A27B	9	dialog
49	PRG	BTL_B5_2	BTL_B52	05E43F	9	dialog
49	PRG	BTL_B5_3	BTL_B53	058263	9	dialog
49	PRG	BTL_B6	BTL_B6	060D2F	9	dialog
49	PRG	BTL_B6_2	BTL_B62	055FB3	9	dialog
49	PRG	BTL_C2	BTL_C2	05DFB3	9	dialog
49	PRG	BTL_C2_2	BTL_C22	05AC0F	9	dialog
49	PRG	BTL_C4	BTL_C4	058E27	9	dialog
49	PRG	BTL_C5	BTL_C5	055663	9	dialog
49	PRG	BTL_C5_2	BTL_C52	05330B	9	dialog
49	PRG	BTL_C8	BTL_C8	052367	9	dialog
49	PRG	BTL_C8_2	BTL_C82	052AEB	9	dialog
49	PRG	BTL_D2	BTL_D2	0569D7	9	dialog
49	PRG	BTL_D2_2	BTL_D22	0544A3	9	dialog
49	PRG	BTL_D4	BTL_D4	0533A3	9	dialog
49	PRG	BTL_D5	BTL_D5	067453	9	dialog
49	PRG	BTL_T0	BTL_T0	059953	9	dialog
49	PRG	BTL_X0	BTL_X0	0662D3	9	dialog
50	PRG	BTL_A3	BTL_A3	0574B0	11	dialog
50	PRG	BTL_A3_2	BTL_A32	057E00	11	dialog
50	PRG	BTL_A5	BTL_A5	05F690	11	dialog
50	PRG	BTL_A5_2	BTL_A52	05FAF4	11	dialog
50	PRG	BTL_A5_3	BTL_A53	0529F4	11	dialog
50	PRG	BTL_A7	BTL_A7	058E30	11	dialog
50	PRG	BTL_A7_2	BTL_A72	053B68	11	dialog
50	PRG	BTL_B2	BTL_B2	0534B4	11	dialog
50	PRG	BTL_B5	BTL_B5	05A2EC	11	dialog
50	PRG	BTL_B5_2	BTL_B52	05E4B0	11	dialog
50	PRG	BTL_B5_3	BTL_B53	0582D4	11	dialog
50	PRG	BTL_B6	BTL_B6	060DA0	11	dialog
50	PRG	BTL_B6_2	BTL_B62	056024	11	dialog
50	PRG	BTL_C2	BTL_C2	05E024	11	dialog
50	PRG	BTL_C2_2	BTL_C22	05AC80	11	dialog
50	PRG	BTL_C4	BTL_C4	058E98	11	dialog
50	PRG	BTL_C5	BTL_C5	0556D4	11	dialog
50	PRG	BTL_C5_2	BTL_C52	05337C	11	dialog
50	PRG	BTL_C8	BTL_C8	0523D8	11	dialog
50	PRG	BTL_C8_2	BTL_C82	052B5C	11	dialog
50	PRG	BTL_D2	BTL_D2	056A48	11	dialog
50	PRG	BTL_D2_2	BTL_D22	054514	11	dialog
50	PRG	BTL_D4	BTL_D4	053414	11	dialog
50	PRG	BTL_D5	BTL_D5	0674C4	11	dialog
50	PRG	BTL_T0	BTL_T0	0599C4	11	dialog
50	PRG	BTL_X0	BTL_X0	066344	11	dialog
51	PRG	BTL_A3	BTL_A3	0573F8	15	dialog
51	PRG	BTL_A3_2	BTL_A32	057D48	15	dialog
51	PRG	BTL_A5	BTL_A5	05F5D8	15	dialog
51	PRG	BTL_A5_2	BTL_A52	05FA3C	15	dialog
51	PRG	BTL_A5_3	BTL_A53	05293C	15	dialog
51	PRG	BTL_A7	BTL_A7	058D78	15	dialog
51	PRG	BTL_A7_2	BTL_A72	053AB0	15	dialog
51	PRG	BTL_B2	BTL_B2	0533FC	15	dialog
51	PRG	BTL_B5	BTL_B5	05A234	15	dialog
51	PRG	BTL_B5_2	BTL_B52	05E3F8	15	dialog
51	PRG	BTL_B5_3	BTL_B53	05821C	15	dialog
51	PRG	BTL_B6	BTL_B6	060CE8	15	dialog
51	PRG	BTL_B6_2	BTL_B62	055F6C	15	dialog
51	PRG	BTL_C2	BTL_C2	05DF6C	15	dialog
51	PRG	BTL_C2_2	BTL_C22	05ABC8	15	dialog
51	PRG	BTL_C4	BTL_C4	058DE0	15	dialog
51	PRG	BTL_C5	BTL_C5	05561C	15	dialog
51	PRG	BTL_C5_2	BTL_C52	0532C4	15	dialog
51	PRG	BTL_C8	BTL_C8	052320	15	dialog
51	PRG	BTL_C8_2	BTL_C82	052AA4	15	dialog
51	PRG	BTL_D2	BTL_D2	056990	15	dialog
51	PRG	BTL_D2_2	BTL_D22	05445C	15	dialog
51	PRG	BTL_D4	BTL_D4	05335C	15	dialog
51	PRG	BTL_D5	BTL_D5	06740C	15	dialog
51	PRG	BTL_T0	BTL_T0	05990C	15	dialog
51	PRG	BTL_X0	BTL_X0	06628C	15	dialog
52	PRG	BTL_A3	BTL_A3	057482	9	dialog
52	PRG	BTL_A3_2	BTL_A32	057DD2	9	dialog
52	PRG	BTL_A5	BTL_A5	05F662	9	dialog
52	PRG	BTL_A5_2	BTL_A52	05FAC6	9	dialog
52	PRG	BTL_A5_3	BTL_A53	0529C6	9	dialog
52	PRG	BTL_A7	BTL_A7	058E02	9	dialog
52	PRG	BTL_A7_2	BTL_A72	053B3A	9	dialog
52	PRG	BTL_B2	BTL_B2	053486	9	dialog
52	PRG	BTL_B5	BTL_B5	05A2BE	9	dialog
52	PRG	BTL_B5_2	BTL_B52	05E482	9	dialog
52	PRG	BTL_B5_3	BTL_B53	0582A6	9	dialog
52	PRG	BTL_B6	BTL_B6	060D72	9	dialog
52	PRG	BTL_B6_2	BTL_B62	055FF6	9	dialog
52	PRG	BTL_C2	BTL_C2	05DFF6	9	dialog
52	PRG	BTL_C2_2	BTL_C22	05AC52	9	dialog
52	PRG	BTL_C4	BTL_C4	058E6A	9	dialog
52	PRG	BTL_C5	BTL_C5	0556A6	9	dialog
52	PRG	BTL_C5_2	BTL_C52	05334E	9	dialog
52	PRG	BTL_C8	BTL_C8	0523AA	9	dialog
52	PRG	BTL_C8_2	BTL_C82	052B2E	9	dialog
52	PRG	BTL_D2	BTL_D2	056A1A	9	dialog
52	PRG	BTL_D2_2	BTL_D22	0544E6	9	dialog
52	PRG	BTL_D4	BTL_D4	0533E6	9	dialog
52	PRG	BTL_D5	BTL_D5	067496	9	dialog
52	PRG	BTL_T0	BTL_T0	059996	9	dialog
52	PRG	BTL_X0	BTL_X0	066316	9	dialog
53	PRG	BTL_A3	BTL_A3	05748B	17	dialog
53	PRG	BTL_A3_2	BTL_A32	057DDB	17	dialog
53	PRG	BTL_A5	BTL_A5	05F66B	17	dialog
53	PRG	BTL_A5_2	BTL_A52	05FACF	17	dialog
53	PRG	BTL_A5_3	BTL_A53	0529CF	17	dialog
53	PRG	BTL_A7	BTL_A7	058E0B	17	dialog
53	PRG	BTL_A7_2	BTL_A72	053B43	17	dialog
53	PRG	BTL_B2	BTL_B2	05348F	17	dialog
53	PRG	BTL_B5	BTL_B5	05A2C7	17	dialog
53	PRG	BTL_B5_2	BTL_B52	05E48B	17	dialog
53	PRG	BTL_B5_3	BTL_B53	0582AF	17	dialog
53	PRG	BTL_B6	BTL_B6	060D7B	17	dialog
53	PRG	BTL_B6_2	BTL_B62	055FFF	17	dialog
53	PRG	BTL_C2	BTL_C2	05DFFF	17	dialog
53	PRG	BTL_C2_2	BTL_C22	05AC5B	17	dialog
53	PRG	BTL_C4	BTL_C4	058E73	17	dialog
53	PRG	BTL_C5	BTL_C5	0556AF	17	dialog
53	PRG	BTL_C5_2	BTL_C52	053357	17	dialog
53	PRG	BTL_C8	BTL_C8	0523B3	17	dialog
53	PRG	BTL_C8_2	BTL_C82	052B37	17	dialog
53	PRG	BTL_D2	BTL_D2	056A23	17	dialog
53	PRG	BTL_D2_2	BTL_D22	0544EF	17	dialog
53	PRG	BTL_D4	BTL_D4	0533EF	17	dialog
53	PRG	BTL_D5	BTL_D5	06749F	17	dialog
53	PRG	BTL_T0	BTL_T0	05999F	17	dialog
53	PRG	BTL_X0	BTL_X0	06631F	17	dialog
54	PRG	BTL_A3	BTL_A3	057436	9	dialog
54	PRG	BTL_A3_2	BTL_A32	057D86	9	dialog
54	PRG	BTL_A5	BTL_A5	05F616	9	dialog
54	PRG	BTL_A5_2	BTL_A52	05FA7A	9	dialog
54	PRG	BTL_A5_3	BTL_A53	05297A	9	dialog
54	PRG	BTL_A7	BTL_A7	058DB6	9	dialog
54	PRG	BTL_A7_2	BTL_A72	053AEE	9	dialog
54	PRG	BTL_B2	BTL_B2	05343A	9	dialog
54	PRG	BTL_B5	BTL_B5	05A272	9	dialog
54	PRG	BTL_B5_2	BTL_B52	05E436	9	dialog
54	PRG	BTL_B5_3	BTL_B53	05825A	9	dialog
54	PRG	BTL_B6	BTL_B6	060D26	9	dialog
54	PRG	BTL_B6_2	BTL_B62	055FAA	9	dialog
54	PRG	BTL_C2	BTL_C2	05DFAA	9	dialog
54	PRG	BTL_C2_2	BTL_C22	05AC06	9	dialog
54	PRG	BTL_C4	BTL_C4	058E1E	9	dialog
54	PRG	BTL_C5	BTL_C5	05565A	9	dialog
54	PRG	BTL_C5_2	BTL_C52	053302	9	dialog
54	PRG	BTL_C8	BTL_C8	05235E	9	dialog
54	PRG	BTL_C8_2	BTL_C82	052AE2	9	dialog
54	PRG	BTL_D2	BTL_D2	0569CE	9	dialog
54	PRG	BTL_D2_2	BTL_D22	05449A	9	dialog
54	PRG	BTL_D4	BTL_D4	05339A	9	dialog
54	PRG	BTL_D5	BTL_D5	06744A	9	dialog
54	PRG	BTL_T0	BTL_T0	05994A	9	dialog
54	PRG	BTL_X0	BTL_X0	0662CA	9	dialog
55	PRG	BTL_A3	BTL_A3	0574A7	9	dialog
55	PRG	BTL_A3_2	BTL_A32	057DF7	9	dialog
55	PRG	BTL_A5	BTL_A5	05F687	9	dialog
55	PRG	BTL_A5_2	BTL_A52	05FAEB	9	dialog
55	PRG	BTL_A5_3	BTL_A53	0529EB	9	dialog
55	PRG	BTL_A7	BTL_A7	058E27	9	dialog
55	PRG	BTL_A7_2	BTL_A72	053B5F	9	dialog
55	PRG	BTL_B2	BTL_B2	0534AB	9	dialog
55	PRG	BTL_B5	BTL_B5	05A2E3	9	dialog
55	PRG	BTL_B5_2	BTL_B52	05E4A7	9	dialog
55	PRG	BTL_B5_3	BTL_B53	0582CB	9	dialog
55	PRG	BTL_B6	BTL_B6	060D97	9	dialog
55	PRG	BTL_B6_2	BTL_B62	05601B	9	dialog
55	PRG	BTL_C2	BTL_C2	05E01B	9	dialog
55	PRG	BTL_C2_2	BTL_C22	05AC77	9	dialog
55	PRG	BTL_C4	BTL_C4	058E8F	9	dialog
55	PRG	BTL_C5	BTL_C5	0556CB	9	dialog
55	PRG	BTL_C5_2	BTL_C52	053373	9	dialog
55	PRG	BTL_C8	BTL_C8	0523CF	9	dialog
55	PRG	BTL_C8_2	BTL_C82	052B53	9	dialog
55	PRG	BTL_D2	BTL_D2	056A3F	9	dialog
55	PRG	BTL_D2_2	BTL_D22	05450B	9	dialog
55	PRG	BTL_D4	BTL_D4	05340B	9	dialog
55	PRG	BTL_D5	BTL_D5	0674BB	9	dialog
55	PRG	BTL_T0	BTL_T0	0599BB	9	dialog
55	PRG	BTL_X0	BTL_X0	06633B	9	dialog
56	PRG	BTL_A3	BTL_A3	057471	17	dialog
56	PRG	BTL_A3_2	BTL_A32	057DC1	17	dialog
56	PRG	BTL_A5	BTL_A5	05F651	17	dialog
56	PRG	BTL_A5_2	BTL_A52	05FAB5	17	dialog
56	PRG	BTL_A5_3	BTL_A53	0529B5	17	dialog
56	PRG	BTL_A7	BTL_A7	058DF1	17	dialog
56	PRG	BTL_A7_2	BTL_A72	053B29	17	dialog
56	PRG	BTL_B2	BTL_B2	053475	17	dialog
56	PRG	BTL_B5	BTL_B5	05A2AD	17	dialog
56	PRG	BTL_B5_2	BTL_B52	05E471	17	dialog
56	PRG	BTL_B5_3	BTL_B53	058295	17	dialog
56	PRG	BTL_B6	BTL_B6	060D61	17	dialog
56	PRG	BTL_B6_2	BTL_B62	055FE5	17	dialog
56	PRG	BTL_C2	BTL_C2	05DFE5	17	dialog
56	PRG	BTL_C2_2	BTL_C22	05AC41	17	dialog
56	PRG	BTL_C4	BTL_C4	058E59	17	dialog
56	PRG	BTL_C5	BTL_C5	055695	17	dialog
56	PRG	BTL_C5_2	BTL_C52	05333D	17	dialog
56	PRG	BTL_C8	BTL_C8	052399	17	dialog
56	PRG	BTL_C8_2	BTL_C82	052B1D	17	dialog
56	PRG	BTL_D2	BTL_D2	056A09	17	dialog
56	PRG	BTL_D2_2	BTL_D22	0544D5	17	dialog
56	PRG	BTL_D4	BTL_D4	0533D5	17	dialog
56	PRG	BTL_D5	BTL_D5	067485	17	dialog
56	PRG	BTL_T0	BTL_T0	059985	17	dialog
56	PRG	BTL_X0	BTL_X0	066305	17	dialog
57	PRG	BTL_A3	BTL_A3	057578	25	dialog
57	PRG	BTL_A3_2	BTL_A32	057EC8	25	dialog
57	PRG	BTL_A5	BTL_A5	05F758	25	dialog
57	PRG	BTL_A5_2	BTL_A52	05FBBC	25	dialog
57	PRG	BTL_A5_3	BTL_A53	052ABC	25	dialog
57	PRG	BTL_A7	BTL_A7	058EF8	25	dialog
57	PRG	BTL_A7_2	BTL_A72	053C30	25	dialog
57	PRG	BTL_B2	BTL_B2	05357C	25	dialog
57	PRG	BTL_B5	BTL_B5	05A3B4	25	dialog
57	PRG	BTL_B5_2	BTL_B52	05E578	25	dialog
57	PRG	BTL_B5_3	BTL_B53	05839C	25	dialog
57	PRG	BTL_B6	BTL_B6	060E68	25	dialog
57	PRG	BTL_B6_2	BTL_B62	0560EC	25	dialog
57	PRG	BTL_C2	BTL_C2	05E0EC	25	dialog
57	PRG	BTL_C2_2	BTL_C22	05AD48	25	dialog
57	PRG	BTL_C4	BTL_C4	058F60	25	dialog
57	PRG	BTL_C5	BTL_C5	05579C	25	dialog
57	PRG	BTL_C5_2	BTL_C52	053444	25	dialog
57	PRG	BTL_C8	BTL_C8	0524A0	25	dialog
57	PRG	BTL_C8_2	BTL_C82	052C24	25	dialog
57	PRG	BTL_D2	BTL_D2	056B10	25	dialog
57	PRG	BTL_D2_2	BTL_D22	0545DC	25	dialog
57	PRG	BTL_D4	BTL_D4	0534DC	25	dialog
57	PRG	BTL_D5	BTL_D5	06758C	25	dialog
57	PRG	BTL_T0	BTL_T0	059A8C	25	dialog
57	PRG	BTL_X0	BTL_X0	06640C	25	dialog
58	PRG	BTL_A3	BTL_A3	0575DC	29	dialog
58	PRG	BTL_A3_2	BTL_A32	057F2C	29	dialog
58	PRG	BTL_A5	BTL_A5	05F7BC	29	dialog
58	PRG	BTL_A5_2	BTL_A52	05FC20	29	dialog
58	PRG	BTL_A5_3	BTL_A53	052B20	29	dialog
58	PRG	BTL_A7	BTL_A7	058F5C	29	dialog
58	PRG	BTL_A7_2	BTL_A72	053C94	29	dialog
58	PRG	BTL_B2	BTL_B2	0535E0	29	dialog
58	PRG	BTL_B5	BTL_B5	05A418	29	dialog
58	PRG	BTL_B5_2	BTL_B52	05E5DC	29	dialog
58	PRG	BTL_B5_3	BTL_B53	058400	29	dialog
58	PRG	BTL_B6	BTL_B6	060ECC	29	dialog
58	PRG	BTL_B6_2	BTL_B62	056150	29	dialog
58	PRG	BTL_C2	BTL_C2	05E150	29	dialog
58	PRG	BTL_C2_2	BTL_C22	05ADAC	29	dialog
58	PRG	BTL_C4	BTL_C4	058FC4	29	dialog
58	PRG	BTL_C5	BTL_C5	055800	29	dialog
58	PRG	BTL_C5_2	BTL_C52	0534A8	29	dialog
58	PRG	BTL_C8	BTL_C8	052504	29	dialog
58	PRG	BTL_C8_2	BTL_C82	052C88	29	dialog
58	PRG	BTL_D2	BTL_D2	056B74	29	dialog
58	PRG	BTL_D2_2	BTL_D22	054640	29	dialog
58	PRG	BTL_D4	BTL_D4	053540	29	dialog
58	PRG	BTL_D5	BTL_D5	0675F0	29	dialog
58	PRG	BTL_T0	BTL_T0	059AF0	29	dialog
58	PRG	BTL_X0	BTL_X0	066470	29	dialog
59	PRG	BTL_A3	BTL_A3	057610	27	dialog
59	PRG	BTL_A3_2	BTL_A32	057F60	27	dialog
59	PRG	BTL_A5	BTL_A5	05F7F0	27	dialog
59	PRG	BTL_A5_2	BTL_A52	05FC54	27	dialog
59	PRG	BTL_A5_3	BTL_A53	052B54	27	dialog
59	PRG	BTL_A7	BTL_A7	058F90	27	dialog
59	PRG	BTL_A7_2	BTL_A72	053CC8	27	dialog
59	PRG	BTL_B2	BTL_B2	053614	27	dialog
59	PRG	BTL_B5	BTL_B5	05A44C	27	dialog
59	PRG	BTL_B5_2	BTL_B52	05E610	27	dialog
59	PRG	BTL_B5_3	BTL_B53	058434	27	dialog
59	PRG	BTL_B6	BTL_B6	060F00	27	dialog
59	PRG	BTL_B6_2	BTL_B62	056184	27	dialog
59	PRG	BTL_C2	BTL_C2	05E184	27	dialog
59	PRG	BTL_C2_2	BTL_C22	05ADE0	27	dialog
59	PRG	BTL_C4	BTL_C4	058FF8	27	dialog
59	PRG	BTL_C5	BTL_C5	055834	27	dialog
59	PRG	BTL_C5_2	BTL_C52	0534DC	27	dialog
59	PRG	BTL_C8	BTL_C8	052538	27	dialog
59	PRG	BTL_C8_2	BTL_C82	052CBC	27	dialog
59	PRG	BTL_D2	BTL_D2	056BA8	27	dialog
59	PRG	BTL_D2_2	BTL_D22	054674	27	dialog
59	PRG	BTL_D4	BTL_D4	053574	27	dialog
59	PRG	BTL_D5	BTL_D5	067624	27	dialog
59	PRG	BTL_T0	BTL_T0	059B24	27	dialog
59	PRG	BTL_X0	BTL_X0	0664A4	27	dialog
60	PRG	BTL_A3	BTL_A3	057448	13	dialog
60	PRG	BTL_A3_2	BTL_A32	057D98	13	dialog
60	PRG	BTL_A5	BTL_A5	05F628	13	dialog
60	PRG	BTL_A5_2	BTL_A52	05FA8C	13	dialog
60	PRG	BTL_A5_3	BTL_A53	05298C	13	dialog
60	PRG	BTL_A7	BTL_A7	058DC8	13	dialog
60	PRG	BTL_A7_2	BTL_A72	053B00	13	dialog
60	PRG	BTL_B2	BTL_B2	05344C	13	dialog
60	PRG	BTL_B5	BTL_B5	05A284	13	dialog
60	PRG	BTL_B5_2	BTL_B52	05E448	13	dialog
60	PRG	BTL_B5_3	BTL_B53	05826C	13	dialog
60	PRG	BTL_B6	BTL_B6	060D38	13	dialog
60	PRG	BTL_B6_2	BTL_B62	055FBC	13	dialog
60	PRG	BTL_C2	BTL_C2	05DFBC	13	dialog
60	PRG	BTL_C2_2	BTL_C22	05AC18	13	dialog
60	PRG	BTL_C4	BTL_C4	058E30	13	dialog
60	PRG	BTL_C5	BTL_C5	05566C	13	dialog
60	PRG	BTL_C5_2	BTL_C52	053314	13	dialog
60	PRG	BTL_C8	BTL_C8	052370	13	dialog
60	PRG	BTL_C8_2	BTL_C82	052AF4	13	dialog
60	PRG	BTL_D2	BTL_D2	0569E0	13	dialog
60	PRG	BTL_D2_2	BTL_D22	0544AC	13	dialog
60	PRG	BTL_D4	BTL_D4	0533AC	13	dialog
60	PRG	BTL_D5	BTL_D5	06745C	13	dialog
60	PRG	BTL_T0	BTL_T0	05995C	13	dialog
60	PRG	BTL_X0	BTL_X0	0662DC	13	dialog
61	PRG	BTL_A3	BTL_A3	057591	21	dialog
61	PRG	BTL_A3_2	BTL_A32	057EE1	21	dialog
61	PRG	BTL_A5	BTL_A5	05F771	21	dialog
61	PRG	BTL_A5_2	BTL_A52	05FBD5	21	dialog
61	PRG	BTL_A5_3	BTL_A53	052AD5	21	dialog
61	PRG	BTL_A7	BTL_A7	058F11	21	dialog
61	PRG	BTL_A7_2	BTL_A72	053C49	21	dialog
61	PRG	BTL_B2	BTL_B2	053595	21	dialog
61	PRG	BTL_B5	BTL_B5	05A3CD	21	dialog
61	PRG	BTL_B5_2	BTL_B52	05E591	21	dialog
61	PRG	BTL_B5_3	BTL_B53	0583B5	21	dialog
61	PRG	BTL_B6	BTL_B6	060E81	21	dialog
61	PRG	BTL_B6_2	BTL_B62	056105	21	dialog
61	PRG	BTL_C2	BTL_C2	05E105	21	dialog
61	PRG	BTL_C2_2	BTL_C22	05AD61	21	dialog
61	PRG	BTL_C4	BTL_C4	058F79	21	dialog
61	PRG	BTL_C5	BTL_C5	0557B5	21	dialog
61	PRG	BTL_C5_2	BTL_C52	05345D	21	dialog
61	PRG	BTL_C8	BTL_C8	0524B9	21	dialog
61	PRG	BTL_C8_2	BTL_C82	052C3D	21	dialog
61	PRG	BTL_D2	BTL_D2	056B29	21	dialog
61	PRG	BTL_D2_2	BTL_D22	0545F5	21	dialog
61	PRG	BTL_D4	BTL_D4	0534F5	21	dialog
61	PRG	BTL_D5	BTL_D5	0675A5	21	dialog
61	PRG	BTL_T0	BTL_T0	059AA5	21	dialog
61	PRG	BTL_X0	BTL_X0	066425	21	dialog
62	PRG	BTL_A3	BTL_A3	0575F9	23	dialog
62	PRG	BTL_A3_2	BTL_A32	057F49	23	dialog
62	PRG	BTL_A5	BTL_A5	05F7D9	23	dialog
62	PRG	BTL_A5_2	BTL_A52	05FC3D	23	dialog
62	PRG	BTL_A5_3	BTL_A53	052B3D	23	dialog
62	PRG	BTL_A7	BTL_A7	058F79	23	dialog
62	PRG	BTL_A7_2	BTL_A72	053CB1	23	dialog
62	PRG	BTL_B2	BTL_B2	0535FD	23	dialog
62	PRG	BTL_B5	BTL_B5	05A435	23	dialog
62	PRG	BTL_B5_2	BTL_B52	05E5F9	23	dialog
62	PRG	BTL_B5_3	BTL_B53	05841D	23	dialog
62	PRG	BTL_B6	BTL_B6	060EE9	23	dialog
62	PRG	BTL_B6_2	BTL_B62	05616D	23	dialog
62	PRG	BTL_C2	BTL_C2	05E16D	23	dialog
62	PRG	BTL_C2_2	BTL_C22	05ADC9	23	dialog
62	PRG	BTL_C4	BTL_C4	058FE1	23	dialog
62	PRG	BTL_C5	BTL_C5	05581D	23	dialog
62	PRG	BTL_C5_2	BTL_C52	0534C5	23	dialog
62	PRG	BTL_C8	BTL_C8	052521	23	dialog
62	PRG	BTL_C8_2	BTL_C82	052CA5	23	dialog
62	PRG	BTL_D2	BTL_D2	056B91	23	dialog
62	PRG	BTL_D2_2	BTL_D22	05465D	23	dialog
62	PRG	BTL_D4	BTL_D4	05355D	23	dialog
62	PRG	BTL_D5	BTL_D5	06760D	23	dialog
62	PRG	BTL_T0	BTL_T0	059B0D	23	dialog
62	PRG	BTL_X0	BTL_X0	06648D	23	dialog
63	PRG	BTL_A3	BTL_A3	057532	29	dialog
63	PRG	BTL_A3_2	BTL_A32	057E82	29	dialog
63	PRG	BTL_A5	BTL_A5	05F712	29	dialog
63	PRG	BTL_A5_2	BTL_A52	05FB76	29	dialog
63	PRG	BTL_A5_3	BTL_A53	052A76	29	dialog
63	PRG	BTL_A7	BTL_A7	058EB2	29	dialog
63	PRG	BTL_A7_2	BTL_A72	053BEA	29	dialog
63	PRG	BTL_B2	BTL_B2	053536	29	dialog
63	PRG	BTL_B5	BTL_B5	05A36E	29	dialog
63	PRG	BTL_B5_2	BTL_B52	05E532	29	dialog
63	PRG	BTL_B5_3	BTL_B53	058356	29	dialog
63	PRG	BTL_B6	BTL_B6	060E22	29	dialog
63	PRG	BTL_B6_2	BTL_B62	0560A6	29	dialog
63	PRG	BTL_C2	BTL_C2	05E0A6	29	dialog
63	PRG	BTL_C2_2	BTL_C22	05AD02	29	dialog
63	PRG	BTL_C4	BTL_C4	058F1A	29	dialog
63	PRG	BTL_C5	BTL_C5	055756	29	dialog
63	PRG	BTL_C5_2	BTL_C52	0533FE	29	dialog
63	PRG	BTL_C8	BTL_C8	05245A	29	dialog
63	PRG	BTL_C8_2	BTL_C82	052BDE	29	dialog
63	PRG	BTL_D2	BTL_D2	056ACA	29	dialog
63	PRG	BTL_D2_2	BTL_D22	054596	29	dialog
63	PRG	BTL_D4	BTL_D4	053496	29	dialog
63	PRG	BTL_D5	BTL_D5	067546	29	dialog
63	PRG	BTL_T0	BTL_T0	059A46	29	dialog
63	PRG	BTL_X0	BTL_X0	0663C6	29	dialog
64	PRG	BTL_A3	BTL_A3	057455	13	dialog
64	PRG	BTL_A3_2	BTL_A32	057DA5	13	dialog
64	PRG	BTL_A5	BTL_A5	05F635	13	dialog
64	PRG	BTL_A5_2	BTL_A52	05FA99	13	dialog
64	PRG	BTL_A5_3	BTL_A53	052999	13	dialog
64	PRG	BTL_A7	BTL_A7	058DD5	13	dialog
64	PRG	BTL_A7_2	BTL_A72	053B0D	13	dialog
64	PRG	BTL_B2	BTL_B2	053459	13	dialog
64	PRG	BTL_B5	BTL_B5	05A291	13	dialog
64	PRG	BTL_B5_2	BTL_B52	05E455	13	dialog
64	PRG	BTL_B5_3	BTL_B53	058279	13	dialog
64	PRG	BTL_B6	BTL_B6	060D45	13	dialog
64	PRG	BTL_B6_2	BTL_B62	055FC9	13	dialog
64	PRG	BTL_C2	BTL_C2	05DFC9	13	dialog
64	PRG	BTL_C2_2	BTL_C22	05AC25	13	dialog
64	PRG	BTL_C4	BTL_C4	058E3D	13	dialog
64	PRG	BTL_C5	BTL_C5	055679	13	dialog
64	PRG	BTL_C5_2	BTL_C52	053321	13	dialog
64	PRG	BTL_C8	BTL_C8	05237D	13	dialog
64	PRG	BTL_C8_2	BTL_C82	052B01	13	dialog
64	PRG	BTL_D2	BTL_D2	0569ED	13	dialog
64	PRG	BTL_D2_2	BTL_D22	0544B9	13	dialog
64	PRG	BTL_D4	BTL_D4	0533B9	13	dialog
64	PRG	BTL_D5	BTL_D5	067469	13	dialog
64	PRG	BTL_T0	BTL_T0	059969	13	dialog
64	PRG	BTL_X0	BTL_X0	0662E9	13	dialog
65	PRG	BTL_A3	BTL_A3	057462	15	dialog
65	PRG	BTL_A3_2	BTL_A32	057DB2	15	dialog
65	PRG	BTL_A5	BTL_A5	05F642	15	dialog
65	PRG	BTL_A5_2	BTL_A52	05FAA6	15	dialog
65	PRG	BTL_A5_3	BTL_A53	0529A6	15	dialog
65	PRG	BTL_A7	BTL_A7	058DE2	15	dialog
65	PRG	BTL_A7_2	BTL_A72	053B1A	15	dialog
65	PRG	BTL_B2	BTL_B2	053466	15	dialog
65	PRG	BTL_B5	BTL_B5	05A29E	15	dialog
65	PRG	BTL_B5_2	BTL_B52	05E462	15	dialog
65	PRG	BTL_B5_3	BTL_B53	058286	15	dialog
65	PRG	BTL_B6	BTL_B6	060D52	15	dialog
65	PRG	BTL_B6_2	BTL_B62	055FD6	15	dialog
65	PRG	BTL_C2	BTL_C2	05DFD6	15	dialog
65	PRG	BTL_C2_2	BTL_C22	05AC32	15	dialog
65	PRG	BTL_C4	BTL_C4	058E4A	15	dialog
65	PRG	BTL_C5	BTL_C5	055686	15	dialog
65	PRG	BTL_C5_2	BTL_C52	05332E	15	dialog
65	PRG	BTL_C8	BTL_C8	05238A	15	dialog
65	PRG	BTL_C8_2	BTL_C82	052B0E	15	dialog
65	PRG	BTL_D2	BTL_D2	0569FA	15	dialog
65	PRG	BTL_D2_2	BTL_D22	0544C6	15	dialog
65	PRG	BTL_D4	BTL_D4	0533C6	15	dialog
65	PRG	BTL_D5	BTL_D5	067476	15	dialog
65	PRG	BTL_T0	BTL_T0	059976	15	dialog
65	PRG	BTL_X0	BTL_X0	0662F6	15	dialog
66	PRG	BTL_A3	BTL_A3	057425	17	dialog
66	PRG	BTL_A3_2	BTL_A32	057D75	17	dialog
66	PRG	BTL_A5	BTL_A5	05F605	17	dialog
66	PRG	BTL_A5_2	BTL_A52	05FA69	17	dialog
66	PRG	BTL_A5_3	BTL_A53	052969	17	dialog
66	PRG	BTL_A7	BTL_A7	058DA5	17	dialog
66	PRG	BTL_A7_2	BTL_A72	053ADD	17	dialog
66	PRG	BTL_B2	BTL_B2	053429	17	dialog
66	PRG	BTL_B5	BTL_B5	05A261	17	dialog
66	PRG	BTL_B5_2	BTL_B52	05E425	17	dialog
66	PRG	BTL_B5_3	BTL_B53	058249	17	dialog
66	PRG	BTL_B6	BTL_B6	060D15	17	dialog
66	PRG	BTL_B6_2	BTL_B62	055F99	17	dialog
66	PRG	BTL_C2	BTL_C2	05DF99	17	dialog
66	PRG	BTL_C2_2	BTL_C22	05ABF5	17	dialog
66	PRG	BTL_C4	BTL_C4	058E0D	17	dialog
66	PRG	BTL_C5	BTL_C5	055649	17	dialog
66	PRG	BTL_C5_2	BTL_C52	0532F1	17	dialog
66	PRG	BTL_C8	BTL_C8	05234D	17	dialog
66	PRG	BTL_C8_2	BTL_C82	052AD1	17	dialog
66	PRG	BTL_D2	BTL_D2	0569BD	17	dialog
66	PRG	BTL_D2_2	BTL_D22	054489	17	dialog
66	PRG	BTL_D4	BTL_D4	053389	17	dialog
66	PRG	BTL_D5	BTL_D5	067439	17	dialog
66	PRG	BTL_T0	BTL_T0	059939	17	dialog
66	PRG	BTL_X0	BTL_X0	0662B9	17	dialog
67	PRG	BTL_A3	BTL_A3	02695C	12	dialog
67	PRG	BTL_A3_2	BTL_A32	029FC8	12	dialog
67	PRG	BTL_A5	BTL_A5	02D74C	12	dialog
67	PRG	BTL_A5_2	BTL_A52	0305F4	12	dialog
67	PRG	BTL_A5_3	BTL_A53	0254A4	12	dialog
67	PRG	BTL_A7	BTL_A7	029710	12	dialog
67	PRG	BTL_A7_2	BTL_A72	026228	12	dialog
67	PRG	BTL_B2	BTL_B2	025884	12	dialog
67	PRG	BTL_B5	BTL_B5	027B30	12	dialog
67	PRG	BTL_B5_2	BTL_B52	02E844	12	dialog
67	PRG	BTL_B5_3	BTL_B53	0268E0	12	dialog
67	PRG	BTL_B6	BTL_B6	030BAC	12	dialog
67	PRG	BTL_B6_2	BTL_B62	027D74	12	dialog
67	PRG	BTL_C2	BTL_C2	027B80	12	dialog
67	PRG	BTL_C2_2	BTL_C22	02AB18	12	dialog
67	PRG	BTL_C4	BTL_C4	026948	12	dialog
67	PRG	BTL_C5	BTL_C5	026FB0	12	dialog
67	PRG	BTL_C5_2	BTL_C52	0253F8	12	dialog
67	PRG	BTL_C8	BTL_C8	022F74	12	dialog
67	PRG	BTL_C8_2	BTL_C82	024C8C	12	dialog
67	PRG	BTL_D2	BTL_D2	025F6C	12	dialog
67	PRG	BTL_D2_2	BTL_D22	025E74	12	dialog
67	PRG	BTL_D4	BTL_D4	023C60	12	dialog
67	PRG	BTL_D5	BTL_D5	0305F8	12	dialog
67	PRG	BTL_T0	BTL_T0	029140	12	dialog
67	PRG	BTL_X0	BTL_X0	033D30	12	dialog
68	PRG	BTL_A3	BTL_A3	057556	11	dialog
68	PRG	BTL_A3_2	BTL_A32	057EA6	11	dialog
68	PRG	BTL_A5	BTL_A5	05F736	11	dialog
68	PRG	BTL_A5_2	BTL_A52	05FB9A	11	dialog
68	PRG	BTL_A5_3	BTL_A53	052A9A	11	dialog
68	PRG	BTL_A7	BTL_A7	058ED6	11	dialog
68	PRG	BTL_A7_2	BTL_A72	053C0E	11	dialog
68	PRG	BTL_B2	BTL_B2	05355A	11	dialog
68	PRG	BTL_B5	BTL_B5	05A392	11	dialog
68	PRG	BTL_B5_2	BTL_B52	05E556	11	dialog
68	PRG	BTL_B5_3	BTL_B53	05837A	11	dialog
68	PRG	BTL_B6	BTL_B6	060E46	11	dialog
68	PRG	BTL_B6_2	BTL_B62	0560CA	11	dialog
68	PRG	BTL_C2	BTL_C2	05E0CA	11	dialog
68	PRG	BTL_C2_2	BTL_C22	05AD26	11	dialog
68	PRG	BTL_C4	BTL_C4	058F3E	11	dialog
68	PRG	BTL_C5	BTL_C5	05577A	11	dialog
68	PRG	BTL_C5_2	BTL_C52	053422	11	dialog
68	PRG	BTL_C8	BTL_C8	05247E	11	dialog
68	PRG	BTL_C8_2	BTL_C82	052C02	11	dialog
68	PRG	BTL_D2	BTL_D2	056AEE	11	dialog
68	PRG	BTL_D2_2	BTL_D22	0545BA	11	dialog
68	PRG	BTL_D4	BTL_D4	0534BA	11	dialog
68	PRG	BTL_D5	BTL_D5	06756A	11	dialog
68	PRG	BTL_T0	BTL_T0	059A6A	11	dialog
68	PRG	BTL_X0	BTL_X0	0663EA	11	dialog
69	PRG	BTL_A3	BTL_A3	0575A6	33	dialog
69	PRG	BTL_A3_2	BTL_A32	057EF6	33	dialog
69	PRG	BTL_A5	BTL_A5	05F786	33	dialog
69	PRG	BTL_A5_2	BTL_A52	05FBEA	33	dialog
69	PRG	BTL_A5_3	BTL_A53	052AEA	33	dialog
69	PRG	BTL_A7	BTL_A7	058F26	33	dialog
69	PRG	BTL_A7_2	BTL_A72	053C5E	33	dialog
69	PRG	BTL_B2	BTL_B2	0535AA	33	dialog
69	PRG	BTL_B5	BTL_B5	05A3E2	33	dialog
69	PRG	BTL_B5_2	BTL_B52	05E5A6	33	dialog
69	PRG	BTL_B5_3	BTL_B53	0583CA	33	dialog
69	PRG	BTL_B6	BTL_B6	060E96	33	dialog
69	PRG	BTL_B6_2	BTL_B62	05611A	33	dialog
69	PRG	BTL_C2	BTL_C2	05E11A	33	dialog
69	PRG	BTL_C2_2	BTL_C22	05AD76	33	dialog
69	PRG	BTL_C4	BTL_C4	058F8E	33	dialog
69	PRG	BTL_C5	BTL_C5	0557CA	33	dialog
69	PRG	BTL_C5_2	BTL_C52	053472	33	dialog
69	PRG	BTL_C8	BTL_C8	0524CE	33	dialog
69	PRG	BTL_C8_2	BTL_C82	052C52	33	dialog
69	PRG	BTL_D2	BTL_D2	056B3E	33	dialog
69	PRG	BTL_D2_2	BTL_D22	05460A	33	dialog
69	PRG	BTL_D4	BTL_D4	05350A	33	dialog
69	PRG	BTL_D5	BTL_D5	0675BA	33	dialog
69	PRG	BTL_T0	BTL_T0	059ABA	33	dialog
69	PRG	BTL_X0	BTL_X0	06643A	33	dialog
70	PRG	BTL_A3	BTL_A3	0575C7	21	dialog
70	PRG	BTL_A3_2	BTL_A32	057F17	21	dialog
70	PRG	BTL_A5	BTL_A5	05F7A7	21	dialog
70	PRG	BTL_A5_2	BTL_A52	05FC0B	21	dialog
70	PRG	BTL_A5_3	BTL_A53	052B0B	21	dialog
70	PRG	BTL_A7	BTL_A7	058F47	21	dialog
70	PRG	BTL_A7_2	BTL_A72	053C7F	21	dialog
70	PRG	BTL_B2	BTL_B2	0535CB	21	dialog
70	PRG	BTL_B5	BTL_B5	05A403	21	dialog
70	PRG	BTL_B5_2	BTL_B52	05E5C7	21	dialog
70	PRG	BTL_B5_3	BTL_B53	0583EB	21	dialog
70	PRG	BTL_B6	BTL_B6	060EB7	21	dialog
70	PRG	BTL_B6_2	BTL_B62	05613B	21	dialog
70	PRG	BTL_C2	BTL_C2	05E13B	21	dialog
70	PRG	BTL_C2_2	BTL_C22	05AD97	21	dialog
70	PRG	BTL_C4	BTL_C4	058FAF	21	dialog
70	PRG	BTL_C5	BTL_C5	0557EB	21	dialog
70	PRG	BTL_C5_2	BTL_C52	053493	21	dialog
70	PRG	BTL_C8	BTL_C8	0524EF	21	dialog
70	PRG	BTL_C8_2	BTL_C82	052C73	21	dialog
70	PRG	BTL_D2	BTL_D2	056B5F	21	dialog
70	PRG	BTL_D2_2	BTL_D22	05462B	21	dialog
70	PRG	BTL_D4	BTL_D4	05352B	21	dialog
70	PRG	BTL_D5	BTL_D5	0675DB	21	dialog
70	PRG	BTL_T0	BTL_T0	059ADB	21	dialog
70	PRG	BTL_X0	BTL_X0	06645B	21	dialog
71	PRG	BTL_A3	BTL_A3	057525	13	dialog
71	PRG	BTL_A3_2	BTL_A32	057E75	13	dialog
71	PRG	BTL_A5	BTL_A5	05F705	13	dialog
71	PRG	BTL_A5_2	BTL_A52	05FB69	13	dialog
71	PRG	BTL_A5_3	BTL_A53	052A69	13	dialog
71	PRG	BTL_A7	BTL_A7	058EA5	13	dialog
71	PRG	BTL_A7_2	BTL_A72	053BDD	13	dialog
71	PRG	BTL_B2	BTL_B2	053529	13	dialog
71	PRG	BTL_B5	BTL_B5	05A361	13	dialog
71	PRG	BTL_B5_2	BTL_B52	05E525	13	dialog
71	PRG	BTL_B5_3	BTL_B53	058349	13	dialog
71	PRG	BTL_B6	BTL_B6	060E15	13	dialog
71	PRG	BTL_B6_2	BTL_B62	056099	13	dialog
71	PRG	BTL_C2	BTL_C2	05E099	13	dialog
71	PRG	BTL_C2_2	BTL_C22	05ACF5	13	dialog
71	PRG	BTL_C4	BTL_C4	058F0D	13	dialog
71	PRG	BTL_C5	BTL_C5	055749	13	dialog
71	PRG	BTL_C5_2	BTL_C52	0533F1	13	dialog
71	PRG	BTL_C8	BTL_C8	05244D	13	dialog
71	PRG	BTL_C8_2	BTL_C82	052BD1	13	dialog
71	PRG	BTL_D2	BTL_D2	056ABD	13	dialog
71	PRG	BTL_D2_2	BTL_D22	054589	13	dialog
71	PRG	BTL_D4	BTL_D4	053489	13	dialog
71	PRG	BTL_D5	BTL_D5	067539	13	dialog
71	PRG	BTL_T0	BTL_T0	059A39	13	dialog
71	PRG	BTL_X0	BTL_X0	0663B9	13	dialog
72	PRG	BTL_A3	BTL_A3	0574F9	17	dialog
72	PRG	BTL_A3_2	BTL_A32	057E49	17	dialog
72	PRG	BTL_A5	BTL_A5	05F6D9	17	dialog
72	PRG	BTL_A5_2	BTL_A52	05FB3D	17	dialog
72	PRG	BTL_A5_3	BTL_A53	052A3D	17	dialog
72	PRG	BTL_A7	BTL_A7	058E79	17	dialog
72	PRG	BTL_A7_2	BTL_A72	053BB1	17	dialog
72	PRG	BTL_B2	BTL_B2	0534FD	17	dialog
72	PRG	BTL_B5	BTL_B5	05A335	17	dialog
72	PRG	BTL_B5_2	BTL_B52	05E4F9	17	dialog
72	PRG	BTL_B5_3	BTL_B53	05831D	17	dialog
72	PRG	BTL_B6	BTL_B6	060DE9	17	dialog
72	PRG	BTL_B6_2	BTL_B62	05606D	17	dialog
72	PRG	BTL_C2	BTL_C2	05E06D	17	dialog
72	PRG	BTL_C2_2	BTL_C22	05ACC9	17	dialog
72	PRG	BTL_C4	BTL_C4	058EE1	17	dialog
72	PRG	BTL_C5	BTL_C5	05571D	17	dialog
72	PRG	BTL_C5_2	BTL_C52	0533C5	17	dialog
72	PRG	BTL_C8	BTL_C8	052421	17	dialog
72	PRG	BTL_C8_2	BTL_C82	052BA5	17	dialog
72	PRG	BTL_D2	BTL_D2	056A91	17	dialog
72	PRG	BTL_D2_2	BTL_D22	05455D	17	dialog
72	PRG	BTL_D4	BTL_D4	05345D	17	dialog
72	PRG	BTL_D5	BTL_D5	06750D	17	dialog
72	PRG	BTL_T0	BTL_T0	059A0D	17	dialog
72	PRG	BTL_X0	BTL_X0	06638D	17	dialog
73	PRG	BTL_A3	BTL_A3	05754F	7	dialog
73	PRG	BTL_A3_2	BTL_A32	057E9F	7	dialog
73	PRG	BTL_A5	BTL_A5	05F72F	7	dialog
73	PRG	BTL_A5_2	BTL_A52	05FB93	7	dialog
73	PRG	BTL_A5_3	BTL_A53	052A93	7	dialog
73	PRG	BTL_A7	BTL_A7	058ECF	7	dialog
73	PRG	BTL_A7_2	BTL_A72	053C07	7	dialog
73	PRG	BTL_B2	BTL_B2	053553	7	dialog
73	PRG	BTL_B5	BTL_B5	05A38B	7	dialog
73	PRG	BTL_B5_2	BTL_B52	05E54F	7	dialog
73	PRG	BTL_B5_3	BTL_B53	058373	7	dialog
73	PRG	BTL_B6	BTL_B6	060E3F	7	dialog
73	PRG	BTL_B6_2	BTL_B62	0560C3	7	dialog
73	PRG	BTL_C2	BTL_C2	05E0C3	7	dialog
73	PRG	BTL_C2_2	BTL_C22	05AD1F	7	dialog
73	PRG	BTL_C4	BTL_C4	058F37	7	dialog
73	PRG	BTL_C5	BTL_C5	055773	7	dialog
73	PRG	BTL_C5_2	BTL_C52	05341B	7	dialog
73	PRG	BTL_C8	BTL_C8	052477	7	dialog
73	PRG	BTL_C8_2	BTL_C82	052BFB	7	dialog
73	PRG	BTL_D2	BTL_D2	056AE7	7	dialog
73	PRG	BTL_D2_2	BTL_D22	0545B3	7	dialog
73	PRG	BTL_D4	BTL_D4	0534B3	7	dialog
73	PRG	BTL_D5	BTL_D5	067563	7	dialog
73	PRG	BTL_T0	BTL_T0	059A63	7	dialog
73	PRG	BTL_X0	BTL_X0	0663E3	7	dialog
74	PRG	FLD_A3	FLD_A3	040CC1	3	dialog
74	PRG	FLD_A3	FLD_A3	040D30	3	dialog
74	PRG	FLD_A5	FLD_A5	04A6A9	3	dialog
74	PRG	FLD_A5	FLD_A5	04A718	3	dialog
74	PRG	FLD_A7	FLD_A7	033F51	3	dialog
74	PRG	FLD_A7	FLD_A7	033FC0	3	dialog
74	PRG	FLD_B2	FLD_B2	03AB29	3	dialog
74	PRG	FLD_B2	FLD_B2	03AB98	3	dialog
74	PRG	FLD_B5	FLD_B5	043191	3	dialog
74	PRG	FLD_B5	FLD_B5	043200	3	dialog
74	PRG	FLD_B6	FLD_B6	04249D	3	dialog
74	PRG	FLD_B6	FLD_B6	04250C	3	dialog
74	PRG	FLD_C2	FLD_C2	03DB79	3	dialog
74	PRG	FLD_C2	FLD_C2	03DBE8	3	dialog
74	PRG	FLD_C4	FLD_C4	04A90D	3	dialog
74	PRG	FLD_C4	FLD_C4	04A97C	3	dialog
74	PRG	FLD_C8	FLD_T0	063229	3	dialog
74	PRG	FLD_C8	FLD_T0	063298	3	dialog
74	PRG	FLD_D2	FLD_D2	045D51	3	dialog
74	PRG	FLD_D2	FLD_D2	045DC0	3	dialog
74	PRG	FLD_D3	FLD_D3	0377E1	3	dialog
74	PRG	FLD_D3	FLD_D3	037850	3	dialog
74	PRG	FLD_D5	FLD_D5	027829	3	dialog
74	PRG	FLD_D5	FLD_D5	027898	3	dialog
75	PRG	FLD_A5	FLD_A5	00F080	4	dialog
75	PRG	FLD_A5	FLD_A5	00F0AC	4	dialog
75	PRG	FLD_A5	FLD_A5	00F0D8	4	dialog
75	PRG	FLD_A5	FLD_A5	00F104	4	dialog
75	PRG	FLD_A5	FLD_A5	00F130	4	dialog
75	PRG	FLD_A5	FLD_A5	00F15C	4	dialog
75	PRG	FLD_A5	FLD_A5	00F188	4	dialog
75	PRG	FLD_A5	FLD_A5	00F1B4	4	dialog
75	PRG	FLD_A5	FLD_A5	00F1E0	4	dialog
75	PRG	FLD_A5	FLD_A5	00F572	4	dialog
75	PRG	FLD_A5	FLD_A5	00F59E	4	dialog
75	PRG	FLD_A5	FLD_A5	00F5CA	4	dialog
75	PRG	FLD_A5	FLD_A5	00F5F6	4	dialog
75	PRG	FLD_A5	FLD_A5	00F622	4	dialog
75	PRG	FLD_A5	FLD_A5	00F64E	4	dialog
75	PRG	FLD_A5	FLD_A5	00F67A	4	dialog
75	PRG	FLD_A5	FLD_A5	00F6A6	4	dialog
75	PRG	FLD_A5	FLD_A5	00F6D2	4	dialog
75	PRG	FLD_A5	FLD_A5	00F6FE	4	dialog
75	PRG	FLD_A5	FLD_A5	00F72A	4	dialog
75	PRG	FLD_A5	FLD_A5	00F756	4	dialog
76	PRG	BTL_B5	BTL_B5	0523AE	3	dialog
76	PRG	FLD_A5	FLD_A5	00D640	2	dialog
76	PRG	FLD_B6	FLD_B6	00B10F	2	dialog
76	PRG	TWN_CAMP	EVTCAMP	00C7D8	2	dialog
76	PRG	TWN_CARA	EVTCARA	00660C	2	dialog
76	PRG	TWN_CARA	EVTCARA	009F5A	2	dialog
76	PRG	TWN_CARA	EVTCARA	013202	2	dialog
76	PRG	TWN_SEEK	EVTSEEK	009B70	2	dialog
76	PRG	TWN_SEEK	EVTSEEK	00BDB4	2	dialog
76	PRG	TWN_SEEK	EVTSEEK	00BDED	2	dialog
76	PRG	TWN_SEEK	EVTSEEK	00D669	2	dialog
76	PRG	TWN_SEEK	EVTSEEK	01520B	2	dialog
76	PRG	TWN_ZOAH	EVTZOAH	01C935	2	dialog
76	PRG	TWN_ZOAH	EVTZOAH	02369B	2	dialog
76	PRG	TWN_ZOAH	EVTZOAH	0236E6	2	dialog
76	PRG	TWN_ZOAH	EVTZOAH	023777	2	dialog
76	PRG	TWN_ZOAH	EVTZOAH	03084C	2	dialog
76	PRG	TWN_ZOAH	EVTZOAH	030873	2	dialog
76	PRG	TWN_ZOAH	EVTZOAH	037501	2	dialog
76	PRG	TWN_ZOAH	EVTZOAH	03B267	2	dialog
77	PRG	BTL_A7_2	BTL_A72	0508B4	2	dialog
77	PRG	FLAGEDIT	FLAGEDIT	001371	2	ui
77	PRG	FLD_A5	FLD_A5	00D62B	2	dialog
77	PRG	TWN_CAMP	EVTCAMP	00CC91	2	dialog
77	PRG	TWN_CAMP	EVTCAMP	00CD04	2	dialog
77	PRG	TWN_CAMP	EVTCAMP	00CE67	2	dialog
77	PRG	TWN_CARA	EVTCARA	005EBC	2	dialog
77	PRG	TWN_SEEK	EVTSEEK	0062CA	2	dialog
77	PRG	TWN_SEEK	EVTSEEK	00654F	2	dialog
77	PRG	TWN_SEEK	EVTSEEK	01227C	2	dialog
77	PRG	TWN_ZOAH	EVTZOAH	0233CD	2	dialog
77	PRG	TWN_ZOAH	EVTZOAH	023AF7	2	dialog
77	PRG	TWN_ZOAH	EVTZOAH	023D33	2	dialog
77	PRG	TWN_ZOAH	EVTZOAH	02B40E	2	dialog
77	PRG	TWN_ZOAH	EVTZOAH	02F085	2	dialog
77	PRG	TWN_ZOAH	EVTZOAH	030987	2	dialog
77	PRG	TWN_ZOAH	EVTZOAH	03B372	2	dialog
77	PRG	TWN_ZOAH	EVTZOAH	03E6E1	2	dialog
78	PRG	TWN_CAMP	EVTCAMP	00EE38	25	slot
78	PRG	TWN_CAMP	EVTCAMP	00EEB2	15	dialog
78	PRG	TWN_SEEK	EVTSEEK	012790	29	slot
78	PRG	TWN_SEEK	EVTSEEK	012931	29	slot
78	PRG	TWN_SEEK	EVTSEEK	012AB5	29	slot
78	PRG	TWN_SEEK	EVTSEEK	012C39	29	slot
78	PRG	TWN_SEEK	EVTSEEK	01331F	29	slot
78	PRG	TWN_SEEK	EVTSEEK	0134A3	29	slot
78	PRG	TWN_SEEK	EVTSEEK	01360A	29	slot
78	PRG	TWN_SEEK	EVTSEEK	013771	29	slot
78	PRG	TWN_SEEK	EVTSEEK	013DC6	29	slot
78	PRG	TWN_SEEK	EVTSEEK	013F2D	29	slot
78	PRG	TWN_SEEK	EVTSEEK	014077	29	slot
78	PRG	TWN_SEEK	EVTSEEK	0141C1	29	slot
78	PRG	TWN_SEEK	EVTSEEK	0147A2	29	slot
78	PRG	TWN_SEEK	EVTSEEK	014909	29	slot
78	PRG	TWN_SEEK	EVTSEEK	014A53	29	slot
78	PRG	TWN_SEEK	EVTSEEK	014B9D	29	slot
79	PRG	TWN_CAMP	EVTCAMP	00EE1F	25	slot
79	PRG	TWN_CAMP	EVTCAMP	00EEA7	7	dialog
79	PRG	TWN_SEEK	EVTSEEK	012821	29	slot
79	PRG	TWN_SEEK	EVTSEEK	012B29	29	slot
79	PRG	TWN_SEEK	EVTSEEK	012E14	29	slot
79	PRG	TWN_SEEK	EVTSEEK	0130E2	29	slot
79	PRG	TWN_SEEK	EVTSEEK	0133B0	29	slot
79	PRG	TWN_SEEK	EVTSEEK	01367E	29	slot
79	PRG	TWN_SEEK	EVTSEEK	01392F	29	slot
79	PRG	TWN_SEEK	EVTSEEK	013BC3	29	slot
79	PRG	TWN_SEEK	EVTSEEK	013E57	29	slot
79	PRG	TWN_SEEK	EVTSEEK	0140EB	29	slot
79	PRG	TWN_SEEK	EVTSEEK	014362	29	slot
79	PRG	TWN_SEEK	EVTSEEK	0145BC	29	slot
79	PRG	TWN_SEEK	EVTSEEK	014833	29	slot
79	PRG	TWN_SEEK	EVTSEEK	014AC7	29	slot
79	PRG	TWN_SEEK	EVTSEEK	014D3E	29	slot
79	PRG	TWN_SEEK	EVTSEEK	014F98	29	slot
80	PRG	TWN_CAMP	SHOP	02AA50	7	dialog
80	PRG	TWN_CARA	SHOP	031E64	7	dialog
80	PRG	TWN_E006	SHOP	00BD70	7	draft
80	PRG	TWN_E011	SHOP	00E3AC	7	draft
80	PRG	TWN_E014	SHOP	00BEBC	7	draft
80	PRG	TWN_E021	SHOP	010544	7	draft
80	PRG	TWN_E022	SHOP	00BDA8	7	draft
80	PRG	TWN_E057	SHOP	00FBEC	7	draft
80	PRG	TWN_E059	SHOP	011840	7	draft
80	PRG	TWN_E120	SHOP	00EF34	7	draft
80	PRG	TWN_E121	SHOP	00D390	7	draft
80	PRG	TWN_E128	SHOP	00F008	7	draft
80	PRG	TWN_EXCA	SHOP	012390	7	dialog
80	PRG	TWN_JIRI	SHOP	00BCFC	7	draft
80	PRG	TWN_RUIN	SHOP	00C66C	7	dialog
80	PRG	TWN_SEEK	SHOP	02EB34	7	dialog
80	PRG	TWN_ZOAH	SHOP	063328	7	dialog
81	PRG	TWN_CAMP	EVEEXPL	02952F	189	dialog
81	PRG	TWN_CARA	EVEEXPL	030943	189	dialog
81	PRG	TWN_E006	EVEEXPL	00A84F	189	draft
81	PRG	TWN_E011	EVEEXPL	00CE8B	189	draft
81	PRG	TWN_E014	EVEEXPL	00A99B	189	draft
81	PRG	TWN_E021	EVEEXPL	00F023	189	draft
81	PRG	TWN_E022	EVEEXPL	00A887	189	draft
81	PRG	TWN_E057	EVEEXPL	00E6CB	189	draft
81	PRG	TWN_E059	EVEEXPL	01031F	189	draft
81	PRG	TWN_E120	EVEEXPL	00DA13	189	draft
81	PRG	TWN_E121	EVEEXPL	00BE6F	189	draft
81	PRG	TWN_E128	EVEEXPL	00DAE7	189	draft
81	PRG	TWN_EXCA	EVEEXPL	010E6F	189	dialog
81	PRG	TWN_JIRI	EVEEXPL	00A7DB	189	draft
81	PRG	TWN_RUIN	EVEEXPL	00B14B	189	dialog
81	PRG	TWN_SEEK	EVEEXPL	02D613	189	dialog
81	PRG	TWN_ZOAH	EVEEXPL	061E07	189	dialog
82	PRG	TWN_CAMP	SHOP	02AA6E	23	dialog
82	PRG	TWN_CARA	SHOP	031E82	23	dialog
82	PRG	TWN_E006	SHOP	00BD8E	23	draft
82	PRG	TWN_E011	SHOP	00E3CA	23	draft
82	PRG	TWN_E014	SHOP	00BEDA	23	draft
82	PRG	TWN_E021	SHOP	010562	23	draft
82	PRG	TWN_E022	SHOP	00BDC6	23	draft
82	PRG	TWN_E057	SHOP	00FC0A	23	draft
82	PRG	TWN_E059	SHOP	01185E	23	draft
82	PRG	TWN_E120	SHOP	00EF52	23	draft
82	PRG	TWN_E121	SHOP	00D3AE	23	draft
82	PRG	TWN_E128	SHOP	00F026	23	draft
82	PRG	TWN_EXCA	SHOP	0123AE	23	dialog
82	PRG	TWN_JIRI	SHOP	00BD1A	23	draft
82	PRG	TWN_RUIN	SHOP	00C68A	23	dialog
82	PRG	TWN_SEEK	SHOP	02EB52	23	dialog
82	PRG	TWN_ZOAH	SHOP	063346	23	dialog
83	PRG	TWN_CAMP	SHOP	02AA57	23	dialog
83	PRG	TWN_CARA	SHOP	031E6B	23	dialog
83	PRG	TWN_E006	SHOP	00BD77	23	draft
83	PRG	TWN_E011	SHOP	00E3B3	23	draft
83	PRG	TWN_E014	SHOP	00BEC3	23	draft
83	PRG	TWN_E021	SHOP	01054B	23	draft
83	PRG	TWN_E022	SHOP	00BDAF	23	draft
83	PRG	TWN_E057	SHOP	00FBF3	23	draft
83	PRG	TWN_E059	SHOP	011847	23	draft
83	PRG	TWN_E120	SHOP	00EF3B	23	draft
83	PRG	TWN_E121	SHOP	00D397	23	draft
83	PRG	TWN_E128	SHOP	00F00F	23	draft
83	PRG	TWN_EXCA	SHOP	012397	23	dialog
83	PRG	TWN_JIRI	SHOP	00BD03	23	draft
83	PRG	TWN_RUIN	SHOP	00C673	23	dialog
83	PRG	TWN_SEEK	SHOP	02EB3B	23	dialog
83	PRG	TWN_ZOAH	SHOP	06332F	23	dialog
84	PRG	TWN_CAMP	SHOP	02AA85	31	dialog
84	PRG	TWN_CARA	SHOP	031E99	31	dialog
84	PRG	TWN_E006	SHOP	00BDA5	31	draft
84	PRG	TWN_E011	SHOP	00E3E1	31	draft
84	PRG	TWN_E014	SHOP	00BEF1	31	draft
84	PRG	TWN_E021	SHOP	010579	31	draft
84	PRG	TWN_E022	SHOP	00BDDD	31	draft
84	PRG	TWN_E057	SHOP	00FC21	31	draft
84	PRG	TWN_E059	SHOP	011875	31	draft
84	PRG	TWN_E120	SHOP	00EF69	31	draft
84	PRG	TWN_E121	SHOP	00D3C5	31	draft
84	PRG	TWN_E128	SHOP	00F03D	31	draft
84	PRG	TWN_EXCA	SHOP	0123C5	31	dialog
84	PRG	TWN_JIRI	SHOP	00BD31	31	draft
84	PRG	TWN_RUIN	SHOP	00C6A1	31	dialog
84	PRG	TWN_SEEK	SHOP	02EB69	31	dialog
84	PRG	TWN_ZOAH	SHOP	06335D	31	dialog
85	PRG	TWN_CAMP	SHOP	02AAA4	25	dialog
85	PRG	TWN_CARA	SHOP	031EB8	25	dialog
85	PRG	TWN_E006	SHOP	00BDC4	25	draft
85	PRG	TWN_E011	SHOP	00E400	25	draft
85	PRG	TWN_E014	SHOP	00BF10	25	draft
85	PRG	TWN_E021	SHOP	010598	25	draft
85	PRG	TWN_E022	SHOP	00BDFC	25	draft
85	PRG	TWN_E057	SHOP	00FC40	25	draft
85	PRG	TWN_E059	SHOP	011894	25	draft
85	PRG	TWN_E120	SHOP	00EF88	25	draft
85	PRG	TWN_E121	SHOP	00D3E4	25	draft
85	PRG	TWN_E128	SHOP	00F05C	25	draft
85	PRG	TWN_EXCA	SHOP	0123E4	25	dialog
85	PRG	TWN_JIRI	SHOP	00BD50	25	draft
85	PRG	TWN_RUIN	SHOP	00C6C0	25	dialog
85	PRG	TWN_SEEK	SHOP	02EB88	25	dialog
85	PRG	TWN_ZOAH	SHOP	06337C	25	dialog
86	PRG	TWN_CAMP	SHOP	02AABD	21	dialog
86	PRG	TWN_CARA	SHOP	031ED1	21	dialog
86	PRG	TWN_E006	SHOP	00BDDD	21	draft
86	PRG	TWN_E011	SHOP	00E419	21	draft
86	PRG	TWN_E014	SHOP	00BF29	21	draft
86	PRG	TWN_E021	SHOP	0105B1	21	draft
86	PRG	TWN_E022	SHOP	00BE15	21	draft
86	PRG	TWN_E057	SHOP	00FC59	21	draft
86	PRG	TWN_E059	SHOP	0118AD	21	draft
86	PRG	TWN_E120	SHOP	00EFA1	21	draft
86	PRG	TWN_E121	SHOP	00D3FD	21	draft
86	PRG	TWN_E128	SHOP	00F075	21	draft
86	PRG	TWN_EXCA	SHOP	0123FD	21	dialog
86	PRG	TWN_JIRI	SHOP	00BD69	21	draft
86	PRG	TWN_RUIN	SHOP	00C6D9	21	dialog
86	PRG	TWN_SEEK	SHOP	02EBA1	21	dialog
86	PRG	TWN_ZOAH	SHOP	063395	21	dialog
87	PRG	TWN_CAMP	EVEEXPL	0295EC	206	dialog
87	PRG	TWN_CARA	EVEEXPL	030A00	206	dialog
87	PRG	TWN_E006	EVEEXPL	00A90C	206	draft
87	PRG	TWN_E011	EVEEXPL	00CF48	206	draft
87	PRG	TWN_E014	EVEEXPL	00AA58	206	draft
87	PRG	TWN_E021	EVEEXPL	00F0E0	206	draft
87	PRG	TWN_E022	EVEEXPL	00A944	206	draft
87	PRG	TWN_E057	EVEEXPL	00E788	206	draft
87	PRG	TWN_E059	EVEEXPL	0103DC	206	draft
87	PRG	TWN_E120	EVEEXPL	00DAD0	206	draft
87	PRG	TWN_E121	EVEEXPL	00BF2C	206	draft
87	PRG	TWN_E128	EVEEXPL	00DBA4	206	draft
87	PRG	TWN_EXCA	EVEEXPL	010F2C	206	dialog
87	PRG	TWN_JIRI	EVEEXPL	00A898	206	draft
87	PRG	TWN_SEEK	EVEEXPL	02D6D0	206	dialog
87	PRG	TWN_ZOAH	EVEEXPL	061EC4	206	dialog
88	PRG	TWN_SEEK	EVTSEEK	012756	29	slot
88	PRG	TWN_SEEK	EVTSEEK	0128F7	29	slot
88	PRG	TWN_SEEK	EVTSEEK	012A7B	29	slot
88	PRG	TWN_SEEK	EVTSEEK	012BFF	29	slot
88	PRG	TWN_SEEK	EVTSEEK	012D66	29	slot
88	PRG	TWN_SEEK	EVTSEEK	012EEA	29	slot
88	PRG	TWN_SEEK	EVTSEEK	013051	29	slot
88	PRG	TWN_SEEK	EVTSEEK	0131B8	29	slot
88	PRG	TWN_SEEK	EVTSEEK	013302	29	slot
88	PRG	TWN_SEEK	EVTSEEK	013486	29	slot
88	PRG	TWN_SEEK	EVTSEEK	0135ED	29	slot
88	PRG	TWN_SEEK	EVTSEEK	013754	29	slot
88	PRG	TWN_SEEK	EVTSEEK	01389E	29	slot
88	PRG	TWN_SEEK	EVTSEEK	013A05	29	slot
88	PRG	TWN_SEEK	EVTSEEK	013B4F	29	slot
88	PRG	TWN_SEEK	EVTSEEK	013C99	29	slot
89	PRG	TWN_SEEK	EVTSEEK	012804	29	slot
89	PRG	TWN_SEEK	EVTSEEK	0129A5	29	slot
89	PRG	TWN_SEEK	EVTSEEK	012DF7	29	slot
89	PRG	TWN_SEEK	EVTSEEK	012F7B	29	slot
89	PRG	TWN_SEEK	EVTSEEK	013393	29	slot
89	PRG	TWN_SEEK	EVTSEEK	013517	29	slot
89	PRG	TWN_SEEK	EVTSEEK	013912	29	slot
89	PRG	TWN_SEEK	EVTSEEK	013A79	29	slot
89	PRG	TWN_SEEK	EVTSEEK	013E3A	29	slot
89	PRG	TWN_SEEK	EVTSEEK	013FA1	29	slot
89	PRG	TWN_SEEK	EVTSEEK	014345	29	slot
89	PRG	TWN_SEEK	EVTSEEK	01448F	29	slot
89	PRG	TWN_SEEK	EVTSEEK	014816	29	slot
89	PRG	TWN_SEEK	EVTSEEK	01497D	29	slot
89	PRG	TWN_SEEK	EVTSEEK	014D21	29	slot
89	PRG	TWN_SEEK	EVTSEEK	014E6B	29	slot
90	PRG	TWN_CAMP	EVEEXPL	0296BA	315	dialog
90	PRG	TWN_CARA	EVEEXPL	030ACE	315	dialog
90	PRG	TWN_E006	EVEEXPL	00A9DA	315	draft
90	PRG	TWN_E011	EVEEXPL	00D016	315	draft
90	PRG	TWN_E014	EVEEXPL	00AB26	315	draft
90	PRG	TWN_E021	EVEEXPL	00F1AE	315	draft
90	PRG	TWN_E022	EVEEXPL	00AA12	315	draft
90	PRG	TWN_E057	EVEEXPL	00E856	315	draft
90	PRG	TWN_E059	EVEEXPL	0104AA	315	draft
90	PRG	TWN_E120	EVEEXPL	00DB9E	315	draft
90	PRG	TWN_E121	EVEEXPL	00BFFA	315	draft
90	PRG	TWN_E128	EVEEXPL	00DC72	315	draft
90	PRG	TWN_EXCA	EVEEXPL	010FFA	315	dialog
90	PRG	TWN_JIRI	EVEEXPL	00A966	315	draft
90	PRG	TWN_SEEK	EVEEXPL	02D79E	315	dialog
90	PRG	TWN_ZOAH	EVEEXPL	061F92	315	dialog
91	PRG	TWN_CAMP	EVEEXPL	029EEE	223	dialog
91	PRG	TWN_CARA	EVEEXPL	031302	223	dialog
91	PRG	TWN_E006	EVEEXPL	00B20E	223	draft
91	PRG	TWN_E011	EVEEXPL	00D84A	223	draft
91	PRG	TWN_E014	EVEEXPL	00B35A	223	draft
91	PRG	TWN_E021	EVEEXPL	00F9E2	223	draft
91	PRG	TWN_E022	EVEEXPL	00B246	223	draft
91	PRG	TWN_E057	EVEEXPL	00F08A	223	draft
91	PRG	TWN_E059	EVEEXPL	010CDE	223	draft
91	PRG	TWN_E120	EVEEXPL	00E3D2	223	draft
91	PRG	TWN_E121	EVEEXPL	00C82E	223	draft
91	PRG	TWN_E128	EVEEXPL	00E4A6	223	draft
91	PRG	TWN_JIRI	EVEEXPL	00B19A	223	draft
91	PRG	TWN_SEEK	EVEEXPL	02DFD2	223	dialog
91	PRG	TWN_ZOAH	EVEEXPL	0627C6	223	dialog
92	PRG	TWN_CAMP	EVEEXPL	029B5C	307	dialog
92	PRG	TWN_CARA	EVEEXPL	030F70	307	dialog
92	PRG	TWN_E006	EVEEXPL	00AE7C	307	draft
92	PRG	TWN_E011	EVEEXPL	00D4B8	307	draft
92	PRG	TWN_E014	EVEEXPL	00AFC8	307	draft
92	PRG	TWN_E021	EVEEXPL	00F650	307	draft
92	PRG	TWN_E022	EVEEXPL	00AEB4	307	draft
92	PRG	TWN_E057	EVEEXPL	00ECF8	307	draft
92	PRG	TWN_E059	EVEEXPL	01094C	307	draft
92	PRG	TWN_E120	EVEEXPL	00E040	307	draft
92	PRG	TWN_E121	EVEEXPL	00C49C	307	draft
92	PRG	TWN_E128	EVEEXPL	00E114	307	draft
92	PRG	TWN_JIRI	EVEEXPL	00AE08	307	draft
92	PRG	TWN_SEEK	EVEEXPL	02DC40	307	dialog
92	PRG	TWN_ZOAH	EVEEXPL	062434	307	dialog
93	PRG	TWN_CAMP	EVEEXPL	029FCD	194	dialog
93	PRG	TWN_CARA	EVEEXPL	0313E1	194	dialog
93	PRG	TWN_E006	EVEEXPL	00B2ED	194	draft
93	PRG	TWN_E011	EVEEXPL	00D929	194	draft
93	PRG	TWN_E014	EVEEXPL	00B439	194	draft
93	PRG	TWN_E021	EVEEXPL	00FAC1	194	draft
93	PRG	TWN_E022	EVEEXPL	00B325	194	draft
93	PRG	TWN_E057	EVEEXPL	00F169	194	draft
93	PRG	TWN_E059	EVEEXPL	010DBD	194	draft
93	PRG	TWN_E120	EVEEXPL	00E4B1	194	draft
93	PRG	TWN_E121	EVEEXPL	00C90D	194	draft
93	PRG	TWN_E128	EVEEXPL	00E585	194	draft
93	PRG	TWN_JIRI	EVEEXPL	00B279	194	draft
93	PRG	TWN_SEEK	EVEEXPL	02E0B1	194	dialog
93	PRG	TWN_ZOAH	EVEEXPL	0628A5	194	dialog
94	PRG	TWN_CAMP	EVEEXPL	0297F5	223	dialog
94	PRG	TWN_CARA	EVEEXPL	030C09	223	dialog
94	PRG	TWN_E006	EVEEXPL	00AB15	223	draft
94	PRG	TWN_E011	EVEEXPL	00D151	223	draft
94	PRG	TWN_E014	EVEEXPL	00AC61	223	draft
94	PRG	TWN_E021	EVEEXPL	00F2E9	223	draft
94	PRG	TWN_E022	EVEEXPL	00AB4D	223	draft
94	PRG	TWN_E057	EVEEXPL	00E991	223	draft
94	PRG	TWN_E059	EVEEXPL	0105E5	223	draft
94	PRG	TWN_E120	EVEEXPL	00DCD9	223	draft
94	PRG	TWN_E121	EVEEXPL	00C135	223	draft
94	PRG	TWN_E128	EVEEXPL	00DDAD	223	draft
94	PRG	TWN_JIRI	EVEEXPL	00AAA1	223	draft
94	PRG	TWN_SEEK	EVEEXPL	02D8D9	223	dialog
94	PRG	TWN_ZOAH	EVEEXPL	0620CD	223	dialog
95	PRG	TWN_CAMP	EVEEXPL	0298D4	163	dialog
95	PRG	TWN_CARA	EVEEXPL	030CE8	163	dialog
95	PRG	TWN_E006	EVEEXPL	00ABF4	163	draft
95	PRG	TWN_E011	EVEEXPL	00D230	163	draft
95	PRG	TWN_E014	EVEEXPL	00AD40	163	draft
95	PRG	TWN_E021	EVEEXPL	00F3C8	163	draft
95	PRG	TWN_E022	EVEEXPL	00AC2C	163	draft
95	PRG	TWN_E057	EVEEXPL	00EA70	163	draft
95	PRG	TWN_E059	EVEEXPL	0106C4	163	draft
95	PRG	TWN_E120	EVEEXPL	00DDB8	163	draft
95	PRG	TWN_E121	EVEEXPL	00C214	163	draft
95	PRG	TWN_E128	EVEEXPL	00DE8C	163	draft
95	PRG	TWN_JIRI	EVEEXPL	00AB80	163	draft
95	PRG	TWN_SEEK	EVEEXPL	02D9B8	163	dialog
95	PRG	TWN_ZOAH	EVEEXPL	0621AC	163	dialog
96	PRG	TWN_CAMP	EVEEXPL	029A75	231	dialog
96	PRG	TWN_CARA	EVEEXPL	030E89	231	dialog
96	PRG	TWN_E006	EVEEXPL	00AD95	231	draft
96	PRG	TWN_E011	EVEEXPL	00D3D1	231	draft
96	PRG	TWN_E014	EVEEXPL	00AEE1	231	draft
96	PRG	TWN_E021	EVEEXPL	00F569	231	draft
96	PRG	TWN_E022	EVEEXPL	00ADCD	231	draft
96	PRG	TWN_E057	EVEEXPL	00EC11	231	draft
96	PRG	TWN_E059	EVEEXPL	010865	231	draft
96	PRG	TWN_E120	EVEEXPL	00DF59	231	draft
96	PRG	TWN_E121	EVEEXPL	00C3B5	231	draft
96	PRG	TWN_E128	EVEEXPL	00E02D	231	draft
96	PRG	TWN_JIRI	EVEEXPL	00AD21	231	draft
96	PRG	TWN_SEEK	EVEEXPL	02DB59	231	dialog
96	PRG	TWN_ZOAH	EVEEXPL	06234D	231	dialog
97	PRG	TWN_CAMP	EVEEXPL	029E57	151	dialog
97	PRG	TWN_CARA	EVEEXPL	03126B	151	dialog
97	PRG	TWN_E006	EVEEXPL	00B177	151	draft
97	PRG	TWN_E011	EVEEXPL	00D7B3	151	draft
97	PRG	TWN_E014	EVEEXPL	00B2C3	151	draft
97	PRG	TWN_E021	EVEEXPL	00F94B	151	draft
97	PRG	TWN_E022	EVEEXPL	00B1AF	151	draft
97	PRG	TWN_E057	EVEEXPL	00EFF3	151	draft
97	PRG	TWN_E059	EVEEXPL	010C47	151	draft
97	PRG	TWN_E120	EVEEXPL	00E33B	151	draft
97	PRG	TWN_E121	EVEEXPL	00C797	151	draft
97	PRG	TWN_E128	EVEEXPL	00E40F	151	draft
97	PRG	TWN_JIRI	EVEEXPL	00B103	151	draft
97	PRG	TWN_SEEK	EVEEXPL	02DF3B	151	dialog
97	PRG	TWN_ZOAH	EVEEXPL	06272F	151	dialog
98	PRG	TWN_CAMP	EVEEXPL	029C8F	159	dialog
98	PRG	TWN_CARA	EVEEXPL	0310A3	159	dialog
98	PRG	TWN_E006	EVEEXPL	00AFAF	159	draft
98	PRG	TWN_E011	EVEEXPL	00D5EB	159	draft
98	PRG	TWN_E014	EVEEXPL	00B0FB	159	draft
98	PRG	TWN_E021	EVEEXPL	00F783	159	draft
98	PRG	TWN_E022	EVEEXPL	00AFE7	159	draft
98	PRG	TWN_E057	EVEEXPL	00EE2B	159	draft
98	PRG	TWN_E059	EVEEXPL	010A7F	159	draft
98	PRG	TWN_E120	EVEEXPL	00E173	159	draft
98	PRG	TWN_E121	EVEEXPL	00C5CF	159	draft
98	PRG	TWN_E128	EVEEXPL	00E247	159	draft
98	PRG	TWN_JIRI	EVEEXPL	00AF3B	159	draft
98	PRG	TWN_SEEK	EVEEXPL	02DD73	159	dialog
98	PRG	TWN_ZOAH	EVEEXPL	062567	159	dialog
99	PRG	TWN_CAMP	EVEEXPL	029977	254	dialog
99	PRG	TWN_CARA	EVEEXPL	030D8B	254	dialog
99	PRG	TWN_E006	EVEEXPL	00AC97	254	draft
99	PRG	TWN_E011	EVEEXPL	00D2D3	254	draft
99	PRG	TWN_E014	EVEEXPL	00ADE3	254	draft
99	PRG	TWN_E021	EVEEXPL	00F46B	254	draft
99	PRG	TWN_E022	EVEEXPL	00ACCF	254	draft
99	PRG	TWN_E057	EVEEXPL	00EB13	254	draft
99	PRG	TWN_E059	EVEEXPL	010767	254	draft
99	PRG	TWN_E120	EVEEXPL	00DE5B	254	draft
99	PRG	TWN_E121	EVEEXPL	00C2B7	254	draft
99	PRG	TWN_E128	EVEEXPL	00DF2F	254	draft
99	PRG	TWN_JIRI	EVEEXPL	00AC23	254	draft
99	PRG	TWN_SEEK	EVEEXPL	02DA5B	254	dialog
99	PRG	TWN_ZOAH	EVEEXPL	06224F	254	dialog
100	PRG	TWN_CARA	EVTCARA	00943E	13	dialog
100	PRG	TWN_CARA	EVTCARA	0095CC	13	dialog
100	PRG	TWN_CARA	EVTCARA	0096A3	13	dialog
100	PRG	TWN_CARA	EVTCARA	0096F1	13	dialog
100	PRG	TWN_CARA	EVTCARA	00973F	13	dialog
100	PRG	TWN_CARA	EVTCARA	009889	13	dialog
100	PRG	TWN_CARA	EVTCARA	0099A5	13	dialog
100	PRG	TWN_SEEK	EVTSEEK	00866F	13	dialog
100	PRG	TWN_SEEK	EVTSEEK	008894	13	dialog
100	PRG	TWN_SEEK	EVTSEEK	008967	13	dialog
100	PRG	TWN_SEEK	EVTSEEK	008A3A	13	dialog
100	PRG	TWN_ZOAH	EVTZOAH	03DC77	13	dialog
100	PRG	TWN_ZOAH	EVTZOAH	03DE30	13	dialog
100	PRG	TWN_ZOAH	EVTZOAH	03DFA6	13	dialog
100	PRG	TWN_ZOAH	EVTZOAH	03E098	13	dialog
101	PRG	TWN_CAMP	EVEEXPL	029D2E	297	dialog
101	PRG	TWN_CARA	EVEEXPL	031142	297	dialog
101	PRG	TWN_E006	EVEEXPL	00B04E	297	draft
101	PRG	TWN_E011	EVEEXPL	00D68A	297	draft
101	PRG	TWN_E014	EVEEXPL	00B19A	297	draft
101	PRG	TWN_E021	EVEEXPL	00F822	297	draft
101	PRG	TWN_E022	EVEEXPL	00B086	297	draft
101	PRG	TWN_E057	EVEEXPL	00EECA	297	draft
101	PRG	TWN_E059	EVEEXPL	010B1E	297	draft
101	PRG	TWN_E120	EVEEXPL	00E212	297	draft
101	PRG	TWN_E121	EVEEXPL	00C66E	297	draft
101	PRG	TWN_E128	EVEEXPL	00E2E6	297	draft
101	PRG	TWN_JIRI	EVEEXPL	00AFDA	297	draft
101	PRG	TWN_SEEK	EVEEXPL	02DE12	297	dialog
101	PRG	TWN_ZOAH	EVEEXPL	062606	297	dialog
102	PRG	TWN_CAMP	EVEEXPL	02A08F	237	dialog
102	PRG	TWN_CARA	EVEEXPL	0314A3	237	dialog
102	PRG	TWN_E006	EVEEXPL	00B3AF	237	draft
102	PRG	TWN_E011	EVEEXPL	00D9EB	237	draft
102	PRG	TWN_E014	EVEEXPL	00B4FB	237	draft
102	PRG	TWN_E021	EVEEXPL	00FB83	237	draft
102	PRG	TWN_E022	EVEEXPL	00B3E7	237	draft
102	PRG	TWN_E057	EVEEXPL	00F22B	237	draft
102	PRG	TWN_E059	EVEEXPL	010E7F	237	draft
102	PRG	TWN_E120	EVEEXPL	00E573	237	draft
102	PRG	TWN_E121	EVEEXPL	00C9CF	237	draft
102	PRG	TWN_E128	EVEEXPL	00E647	237	draft
102	PRG	TWN_JIRI	EVEEXPL	00B33B	237	draft
102	PRG	TWN_SEEK	EVEEXPL	02E173	237	dialog
102	PRG	TWN_ZOAH	EVEEXPL	062967	237	dialog
103	PRG	TWN_CARA	EVTCARA	00944B	9	dialog
103	PRG	TWN_CARA	EVTCARA	0095D9	9	dialog
103	PRG	TWN_CARA	EVTCARA	0096B0	9	dialog
103	PRG	TWN_CARA	EVTCARA	0096FE	9	dialog
103	PRG	TWN_CARA	EVTCARA	00974C	9	dialog
103	PRG	TWN_CARA	EVTCARA	009896	9	dialog
103	PRG	TWN_CARA	EVTCARA	0099B2	9	dialog
103	PRG	TWN_SEEK	EVTSEEK	00867C	9	dialog
103	PRG	TWN_SEEK	EVTSEEK	0088A1	9	dialog
103	PRG	TWN_SEEK	EVTSEEK	008974	9	dialog
103	PRG	TWN_SEEK	EVTSEEK	008A47	9	dialog
103	PRG	TWN_ZOAH	EVTZOAH	03DC84	9	dialog
103	PRG	TWN_ZOAH	EVTZOAH	03DE3D	9	dialog
103	PRG	TWN_ZOAH	EVTZOAH	03DFB3	9	dialog
103	PRG	TWN_ZOAH	EVTZOAH	03E0A5	9	dialog
104	PRG	TWN_ZOAH	EVTZOAH	00CA5B	33	narration
104	PRG	TWN_ZOAH	EVTZOAH	00CAA1	33	narration
104	PRG	TWN_ZOAH	EVTZOAH	00CAE5	33	narration
104	PRG	TWN_ZOAH	EVTZOAH	00CB29	33	narration
104	PRG	TWN_ZOAH	EVTZOAH	00CD58	33	narration
104	PRG	TWN_ZOAH	EVTZOAH	00CFC2	33	narration
104	PRG	TWN_ZOAH	EVTZOAH	00D365	33	narration
104	PRG	TWN_ZOAH	EVTZOAH	00D3A7	33	narration
104	PRG	TWN_ZOAH	EVTZOAH	00D5CB	33	narration
104	PRG	TWN_ZOAH	EVTZOAH	00F28E	33	narration
104	PRG	TWN_ZOAH	EVTZOAH	00F2C4	33	narration
104	PRG	TWN_ZOAH	EVTZOAH	00F4EB	33	narration
104	PRG	TWN_ZOAH	EVTZOAH	00F5C4	33	narration
104	PRG	TWN_ZOAH	EVTZOAH	00F69D	33	narration
105	PRG	FLD_A3	FLD_A3	009F47	17	dialog
105	PRG	FLD_A3	FLD_A3	009F75	17	dialog
105	PRG	FLD_A5	FLD_A5	00F7AD	17	dialog
105	PRG	FLD_A5	FLD_A5	00F7DE	17	dialog
105	PRG	FLD_A7	FLD_A7	006DD8	17	dialog
105	PRG	FLD_B5	FLD_B5	00B022	17	dialog
105	PRG	FLD_B6	FLD_B6	00B1E4	17	dialog
105	PRG	FLD_B6	FLD_B6	00B309	17	dialog
105	PRG	FLD_C2	FLD_C2	00AEAE	17	dialog
105	PRG	FLD_C8	FLD_T0	014B54	17	dialog
105	PRG	FLD_C8	FLD_T0	014CBC	23	slot
105	PRG	FLD_C8	FLD_T0	014EAA	17	dialog
105	PRG	FLD_D2	FLD_D2	00834F	17	dialog
105	PRG	FLD_D3	FLD_D3	0057A8	17	dialog
106	PRG	FLD_B6	FLD_B6	00B075	3	dialog
106	PRG	TWN_CAMP	EVTCAMP	00CDEB	2	dialog
106	PRG	TWN_SEEK	EVTSEEK	006424	2	dialog
106	PRG	TWN_SEEK	EVTSEEK	0087BE	2	dialog
106	PRG	TWN_SEEK	EVTSEEK	00BD40	2	dialog
106	PRG	TWN_SEEK	EVTSEEK	01556A	2	dialog
106	PRG	TWN_ZOAH	EVTZOAH	014D7B	2	dialog
106	PRG	TWN_ZOAH	EVTZOAH	014EE0	2	dialog
106	PRG	TWN_ZOAH	EVTZOAH	02AB96	2	dialog
106	PRG	TWN_ZOAH	EVTZOAH	02AE1F	2	dialog
106	PRG	TWN_ZOAH	EVTZOAH	02AE70	2	dialog
106	PRG	TWN_ZOAH	EVTZOAH	02AF56	2	dialog
106	PRG	TWN_ZOAH	EVTZOAH	0333C1	2	dialog
106	PRG	TWN_ZOAH	EVTZOAH	0334C9	2	dialog
107	PRG	TWN_ZOAH	EVTZOAH	013341	21	narration
107	PRG	TWN_ZOAH	EVTZOAH	013356	21	narration
107	PRG	TWN_ZOAH	EVTZOAH	01338E	21	narration
107	PRG	TWN_ZOAH	EVTZOAH	0133A3	21	narration
107	PRG	TWN_ZOAH	EVTZOAH	0133B8	21	narration
107	PRG	TWN_ZOAH	EVTZOAH	0133CD	21	narration
107	PRG	TWN_ZOAH	EVTZOAH	013B8E	21	narration
107	PRG	TWN_ZOAH	EVTZOAH	036F9A	21	narration
107	PRG	TWN_ZOAH	EVTZOAH	036FD2	21	narration
107	PRG	TWN_ZOAH	EVTZOAH	036FE7	21	narration
107	PRG	TWN_ZOAH	EVTZOAH	036FFC	21	narration
107	PRG	TWN_ZOAH	EVTZOAH	037011	21	narration
107	PRG	TWN_ZOAH	EVTZOAH	037259	21	narration
108	PRG	FLD_A3	FLD_A3	02D36B	21	dialog
108	PRG	FLD_A5	FLD_A5	032F1B	21	dialog
108	PRG	FLD_A7	FLD_A7	02B3FF	21	dialog
108	PRG	FLD_B2	FLD_B2	02EEA7	21	dialog
108	PRG	FLD_B5	FLD_B5	02CBF3	21	dialog
108	PRG	FLD_B6	FLD_B6	02E58F	21	dialog
108	PRG	FLD_C2	FLD_C2	02F357	21	dialog
108	PRG	FLD_C4	FLD_C4	037277	21	dialog
108	PRG	FLD_C8	FLD_T0	036053	21	dialog
108	PRG	FLD_D2	FLD_D2	02930B	21	dialog
108	PRG	FLD_D3	FLD_D3	026493	21	dialog
108	PRG	FLD_D5	FLD_D5	02386F	21	dialog
108	PRG	TWN_CAMP	EVTCAMP	00FE78	21	dialog
109	PRG	FLD_C8	FLD_T0	013860	3	dialog
109	PRG	FLD_C8	FLD_T0	0149D2	2	dialog
109	PRG	TWN_CAMP	EVTCAMP	00BF72	2	dialog
109	PRG	TWN_CARA	EVTCARA	0066C5	2	dialog
109	PRG	TWN_CARA	EVTCARA	01714D	2	dialog
109	PRG	TWN_SEEK	EVTSEEK	00C158	2	dialog
109	PRG	TWN_SEEK	EVTSEEK	00C262	2	dialog
109	PRG	TWN_ZOAH	EVTZOAH	0131F8	2	dialog
109	PRG	TWN_ZOAH	EVTZOAH	019603	2	dialog
109	PRG	TWN_ZOAH	EVTZOAH	0239AA	2	dialog
109	PRG	TWN_ZOAH	EVTZOAH	0239DC	2	dialog
109	PRG	TWN_ZOAH	EVTZOAH	02B10C	2	dialog
109	PRG	TWN_ZOAH	EVTZOAH	033062	2	dialog
110	PRG	FLD_A3	FLD_A3	02D380	11	dialog
110	PRG	FLD_A5	FLD_A5	032F30	11	dialog
110	PRG	FLD_A7	FLD_A7	02B414	11	dialog
110	PRG	FLD_B2	FLD_B2	02EEBC	11	dialog
110	PRG	FLD_B5	FLD_B5	02CC08	11	dialog
110	PRG	FLD_B6	FLD_B6	02E5A4	11	dialog
110	PRG	FLD_C2	FLD_C2	02F36C	11	dialog
110	PRG	FLD_C4	FLD_C4	03728C	11	dialog
110	PRG	FLD_C8	FLD_T0	036068	11	dialog
110	PRG	FLD_D2	FLD_D2	029320	11	dialog
110	PRG	FLD_D3	FLD_D3	0264A8	11	dialog
110	PRG	FLD_D5	FLD_D5	023884	11	dialog
110	PRG	TWN_CAMP	EVTCAMP	00FE8D	11	dialog
111	PRG	FLD_A3	FLD_A3	040CE1	18	dialog
111	PRG	FLD_A5	FLD_A5	04A6C9	18	dialog
111	PRG	FLD_A7	FLD_A7	033F71	18	dialog
111	PRG	FLD_B2	FLD_B2	03AB49	18	dialog
111	PRG	FLD_B5	FLD_B5	0431B1	18	dialog
111	PRG	FLD_B6	FLD_B6	0424BD	18	dialog
111	PRG	FLD_C2	FLD_C2	03DB99	18	dialog
111	PRG	FLD_C4	FLD_C4	04A92D	18	dialog
111	PRG	FLD_C8	FLD_T0	063249	18	dialog
111	PRG	FLD_D2	FLD_D2	045D71	18	dialog
111	PRG	FLD_D3	FLD_D3	037801	18	dialog
111	PRG	FLD_D5	FLD_D5	027849	18	dialog
112	PRG	FLD_A3	FLD_A3	040C6E	22	dialog
112	PRG	FLD_A5	FLD_A5	04A656	22	dialog
112	PRG	FLD_A7	FLD_A7	033EFE	22	dialog
112	PRG	FLD_B2	FLD_B2	03AAD6	22	dialog
112	PRG	FLD_B5	FLD_B5	04313E	22	dialog
112	PRG	FLD_B6	FLD_B6	04244A	22	dialog
112	PRG	FLD_C2	FLD_C2	03DB26	22	dialog
112	PRG	FLD_C4	FLD_C4	04A8BA	22	dialog
112	PRG	FLD_C8	FLD_T0	0631D6	22	dialog
112	PRG	FLD_D2	FLD_D2	045CFE	22	dialog
112	PRG	FLD_D3	FLD_D3	03778E	22	dialog
112	PRG	FLD_D5	FLD_D5	0277D6	22	dialog
113	PRG	FLD_A3	FLD_A3	040D0A	38	dialog
113	PRG	FLD_A5	FLD_A5	04A6F2	38	dialog
113	PRG	FLD_A7	FLD_A7	033F9A	38	dialog
113	PRG	FLD_B2	FLD_B2	03AB72	38	dialog
113	PRG	FLD_B5	FLD_B5	0431DA	38	dialog
113	PRG	FLD_B6	FLD_B6	0424E6	38	dialog
113	PRG	FLD_C2	FLD_C2	03DBC2	38	dialog
113	PRG	FLD_C4	FLD_C4	04A956	38	dialog
113	PRG	FLD_C8	FLD_T0	063272	38	dialog
113	PRG	FLD_D2	FLD_D2	045D9A	38	dialog
113	PRG	FLD_D3	FLD_D3	03782A	38	dialog
113	PRG	FLD_D5	FLD_D5	027872	38	dialog
114	PRG	FLD_A3	FLD_A3	040CF3	23	dialog
114	PRG	FLD_A5	FLD_A5	04A6DB	23	dialog
114	PRG	FLD_A7	FLD_A7	033F83	23	dialog
114	PRG	FLD_B2	FLD_B2	03AB5B	23	dialog
114	PRG	FLD_B5	FLD_B5	0431C3	23	dialog
114	PRG	FLD_B6	FLD_B6	0424CF	23	dialog
114	PRG	FLD_C2	FLD_C2	03DBAB	23	dialog
114	PRG	FLD_C4	FLD_C4	04A93F	23	dialog
114	PRG	FLD_C8	FLD_T0	06325B	23	dialog
114	PRG	FLD_D2	FLD_D2	045D83	23	dialog
114	PRG	FLD_D3	FLD_D3	037813	23	dialog
114	PRG	FLD_D5	FLD_D5	02785B	23	dialog
115	PRG	FLD_A3	FLD_A3	040C84	21	dialog
115	PRG	FLD_A5	FLD_A5	04A66C	21	dialog
115	PRG	FLD_A7	FLD_A7	033F14	21	dialog
115	PRG	FLD_B2	FLD_B2	03AAEC	21	dialog
115	PRG	FLD_B5	FLD_B5	043154	21	dialog
115	PRG	FLD_B6	FLD_B6	042460	21	dialog
115	PRG	FLD_C2	FLD_C2	03DB3C	21	dialog
115	PRG	FLD_C4	FLD_C4	04A8D0	21	dialog
115	PRG	FLD_C8	FLD_T0	0631EC	21	dialog
115	PRG	FLD_D2	FLD_D2	045D14	21	dialog
115	PRG	FLD_D3	FLD_D3	0377A4	21	dialog
115	PRG	FLD_D5	FLD_D5	0277EC	21	dialog
116	PRG	FLD_A3	FLD_A3	040C99	40	dialog
116	PRG	FLD_A5	FLD_A5	04A681	40	dialog
116	PRG	FLD_A7	FLD_A7	033F29	40	dialog
116	PRG	FLD_B2	FLD_B2	03AB01	40	dialog
116	PRG	FLD_B5	FLD_B5	043169	40	dialog
116	PRG	FLD_B6	FLD_B6	042475	40	dialog
116	PRG	FLD_C2	FLD_C2	03DB51	40	dialog
116	PRG	FLD_C4	FLD_C4	04A8E5	40	dialog
116	PRG	FLD_C8	FLD_T0	063201	40	dialog
116	PRG	FLD_D2	FLD_D2	045D29	40	dialog
116	PRG	FLD_D3	FLD_D3	0377B9	40	dialog
116	PRG	FLD_D5	FLD_D5	027801	40	dialog
117	PRG	FLD_A3	FLD_A3	02D314	37	narration
117	PRG	FLD_A5	FLD_A5	032EC4	37	narration
117	PRG	FLD_A7	FLD_A7	02B3A8	37	narration
117	PRG	FLD_B2	FLD_B2	02EE50	37	narration
117	PRG	FLD_B5	FLD_B5	02CB9C	37	narration
117	PRG	FLD_B6	FLD_B6	02E538	37	narration
117	PRG	FLD_C2	FLD_C2	02F300	37	narration
117	PRG	FLD_C4	FLD_C4	037220	37	narration
117	PRG	FLD_C8	FLD_T0	035FFC	37	narration
117	PRG	FLD_D2	FLD_D2	0292B4	37	narration
117	PRG	FLD_D3	FLD_D3	02643C	37	narration
117	PRG	FLD_D5	FLD_D5	023818	37	narration
118	PRG	FLD_A3	FLD_A3	02D3F6	27	narration
118	PRG	FLD_A5	FLD_A5	032FA6	27	narration
118	PRG	FLD_A7	FLD_A7	02B48A	27	narration
118	PRG	FLD_B2	FLD_B2	02EF32	27	narration
118	PRG	FLD_B5	FLD_B5	02CC7E	27	narration
118	PRG	FLD_B6	FLD_B6	02E61A	27	narration
118	PRG	FLD_C2	FLD_C2	02F3E2	27	narration
118	PRG	FLD_C4	FLD_C4	037302	27	narration
118	PRG	FLD_C8	FLD_T0	0360DE	27	narration
118	PRG	FLD_D2	FLD_D2	029396	27	narration
118	PRG	FLD_D3	FLD_D3	02651E	27	narration
118	PRG	FLD_D5	FLD_D5	0238FA	27	narration
119	PRG	FLD_A3	FLD_A3	02D339	25	narration
119	PRG	FLD_A5	FLD_A5	032EE9	25	narration
119	PRG	FLD_A7	FLD_A7	02B3CD	25	narration
119	PRG	FLD_B2	FLD_B2	02EE75	25	narration
119	PRG	FLD_B5	FLD_B5	02CBC1	25	narration
119	PRG	FLD_B6	FLD_B6	02E55D	25	narration
119	PRG	FLD_C2	FLD_C2	02F325	25	narration
119	PRG	FLD_C4	FLD_C4	037245	25	narration
119	PRG	FLD_C8	FLD_T0	036021	25	narration
119	PRG	FLD_D2	FLD_D2	0292D9	25	narration
119	PRG	FLD_D3	FLD_D3	026461	25	narration
119	PRG	FLD_D5	FLD_D5	02383D	25	narration
120	PRG	FLD_A3	FLD_A3	02D38B	21	narration
120	PRG	FLD_A5	FLD_A5	032F3B	21	narration
120	PRG	FLD_A7	FLD_A7	02B41F	21	narration
120	PRG	FLD_B2	FLD_B2	02EEC7	21	narration
120	PRG	FLD_B5	FLD_B5	02CC13	21	narration
120	PRG	FLD_B6	FLD_B6	02E5AF	21	narration
120	PRG	FLD_C2	FLD_C2	02F377	21	narration
120	PRG	FLD_C4	FLD_C4	037297	21	narration
120	PRG	FLD_C8	FLD_T0	036073	21	narration
120	PRG	FLD_D2	FLD_D2	02932B	21	narration
120	PRG	FLD_D3	FLD_D3	0264B3	21	narration
120	PRG	FLD_D5	FLD_D5	02388F	21	narration
121	PRG	FLD_A3	FLD_A3	02D3B3	21	narration
121	PRG	FLD_A5	FLD_A5	032F63	21	narration
121	PRG	FLD_A7	FLD_A7	02B447	21	narration
121	PRG	FLD_B2	FLD_B2	02EEEF	21	narration
121	PRG	FLD_B5	FLD_B5	02CC3B	21	narration
121	PRG	FLD_B6	FLD_B6	02E5D7	21	narration
121	PRG	FLD_C2	FLD_C2	02F39F	21	narration
121	PRG	FLD_C4	FLD_C4	0372BF	21	narration
121	PRG	FLD_C8	FLD_T0	03609B	21	narration
121	PRG	FLD_D2	FLD_D2	029353	21	narration
121	PRG	FLD_D3	FLD_D3	0264DB	21	narration
121	PRG	FLD_D5	FLD_D5	0238B7	21	narration
122	PRG	FLD_A3	FLD_A3	02D3D9	29	narration
122	PRG	FLD_A5	FLD_A5	032F89	29	narration
122	PRG	FLD_A7	FLD_A7	02B46D	29	narration
122	PRG	FLD_B2	FLD_B2	02EF15	29	narration
122	PRG	FLD_B5	FLD_B5	02CC61	29	narration
122	PRG	FLD_B6	FLD_B6	02E5FD	29	narration
122	PRG	FLD_C2	FLD_C2	02F3C5	29	narration
122	PRG	FLD_C4	FLD_C4	0372E5	29	narration
122	PRG	FLD_C8	FLD_T0	0360C1	29	narration
122	PRG	FLD_D2	FLD_D2	029379	29	narration
122	PRG	FLD_D3	FLD_D3	026501	29	narration
122	PRG	FLD_D5	FLD_D5	0238DD	29	narration
123	PRG	FLD_A3	FLD_A3	02D3A0	19	narration
123	PRG	FLD_A5	FLD_A5	032F50	19	narration
123	PRG	FLD_A7	FLD_A7	02B434	19	narration
123	PRG	FLD_B2	FLD_B2	02EEDC	19	narration
123	PRG	FLD_B5	FLD_B5	02CC28	19	narration
123	PRG	FLD_B6	FLD_B6	02E5C4	19	narration
123	PRG	FLD_C2	FLD_C2	02F38C	19	narration
123	PRG	FLD_C4	FLD_C4	0372AC	19	narration
123	PRG	FLD_C8	FLD_T0	036088	19	narration
123	PRG	FLD_D2	FLD_D2	029340	19	narration
123	PRG	FLD_D3	FLD_D3	0264C8	19	narration
123	PRG	FLD_D5	FLD_D5	0238A4	19	narration
124	PRG	FLD_A3	FLD_A3	02D3C8	17	narration
124	PRG	FLD_A5	FLD_A5	032F78	17	narration
124	PRG	FLD_A7	FLD_A7	02B45C	17	narration
124	PRG	FLD_B2	FLD_B2	02EF04	17	narration
124	PRG	FLD_B5	FLD_B5	02CC50	17	narration
124	PRG	FLD_B6	FLD_B6	02E5EC	17	narration
124	PRG	FLD_C2	FLD_C2	02F3B4	17	narration
124	PRG	FLD_C4	FLD_C4	0372D4	17	narration
124	PRG	FLD_C8	FLD_T0	0360B0	17	narration
124	PRG	FLD_D2	FLD_D2	029368	17	narration
124	PRG	FLD_D3	FLD_D3	0264F0	17	narration
124	PRG	FLD_D5	FLD_D5	0238CC	17	narration
125	PRG	FLD_A3	FLD_A3	02D352	25	narration
125	PRG	FLD_A5	FLD_A5	032F02	25	narration
125	PRG	FLD_A7	FLD_A7	02B3E6	25	narration
125	PRG	FLD_B2	FLD_B2	02EE8E	25	narration
125	PRG	FLD_B5	FLD_B5	02CBDA	25	narration
125	PRG	FLD_B6	FLD_B6	02E576	25	narration
125	PRG	FLD_C2	FLD_C2	02F33E	25	narration
125	PRG	FLD_C4	FLD_C4	03725E	25	narration
125	PRG	FLD_C8	FLD_T0	03603A	25	narration
125	PRG	FLD_D2	FLD_D2	0292F2	25	narration
125	PRG	FLD_D3	FLD_D3	02647A	25	narration
125	PRG	FLD_D5	FLD_D5	023856	25	narration
126	PRG	FLD_A3	FLD_A3	040DAD	76	dialog
126	PRG	FLD_A5	FLD_A5	04A795	76	dialog
126	PRG	FLD_A7	FLD_A7	03403D	76	dialog
126	PRG	FLD_B2	FLD_B2	03AC15	76	dialog
126	PRG	FLD_B5	FLD_B5	04327D	76	dialog
126	PRG	FLD_B6	FLD_B6	042589	76	dialog
126	PRG	FLD_C2	FLD_C2	03DC65	76	dialog
126	PRG	FLD_C4	FLD_C4	04A9F9	76	dialog
126	PRG	FLD_C8	FLD_T0	063315	76	dialog
126	PRG	FLD_D2	FLD_D2	045E3D	76	dialog
126	PRG	FLD_D3	FLD_D3	0378CD	76	dialog
126	PRG	FLD_D5	FLD_D5	027915	76	dialog
127	PRG	FLD_A3	FLD_A3	040DF9	23	dialog
127	PRG	FLD_A5	FLD_A5	04A7E1	23	dialog
127	PRG	FLD_A7	FLD_A7	034089	23	dialog
127	PRG	FLD_B2	FLD_B2	03AC61	23	dialog
127	PRG	FLD_B5	FLD_B5	0432C9	23	dialog
127	PRG	FLD_B6	FLD_B6	0425D5	23	dialog
127	PRG	FLD_C2	FLD_C2	03DCB1	23	dialog
127	PRG	FLD_C4	FLD_C4	04AA45	23	dialog
127	PRG	FLD_C8	FLD_T0	063361	23	dialog
127	PRG	FLD_D2	FLD_D2	045E89	23	dialog
127	PRG	FLD_D3	FLD_D3	037919	23	dialog
127	PRG	FLD_D5	FLD_D5	027961	23	dialog
128	PRG	FLD_A3	FLD_A3	040C30	25	dialog
128	PRG	FLD_A5	FLD_A5	04A618	25	dialog
128	PRG	FLD_A7	FLD_A7	033EC0	25	dialog
128	PRG	FLD_B2	FLD_B2	03AA98	25	dialog
128	PRG	FLD_B5	FLD_B5	043100	25	dialog
128	PRG	FLD_B6	FLD_B6	04240C	25	dialog
128	PRG	FLD_C2	FLD_C2	03DAE8	25	dialog
128	PRG	FLD_C4	FLD_C4	04A87C	25	dialog
128	PRG	FLD_C8	FLD_T0	063198	25	dialog
128	PRG	FLD_D2	FLD_D2	045CC0	25	dialog
128	PRG	FLD_D3	FLD_D3	037750	25	dialog
128	PRG	FLD_D5	FLD_D5	027798	25	dialog
129	PRG	FLD_A3	FLD_A3	040D33	56	dialog
129	PRG	FLD_A5	FLD_A5	04A71B	56	dialog
129	PRG	FLD_A7	FLD_A7	033FC3	56	dialog
129	PRG	FLD_B2	FLD_B2	03AB9B	56	dialog
129	PRG	FLD_B5	FLD_B5	043203	56	dialog
129	PRG	FLD_B6	FLD_B6	04250F	56	dialog
129	PRG	FLD_C2	FLD_C2	03DBEB	56	dialog
129	PRG	FLD_C4	FLD_C4	04A97F	56	dialog
129	PRG	FLD_C8	FLD_T0	06329B	56	dialog
129	PRG	FLD_D2	FLD_D2	045DC3	56	dialog
129	PRG	FLD_D3	FLD_D3	037853	56	dialog
129	PRG	FLD_D5	FLD_D5	02789B	56	dialog
130	PRG	FLD_A3	FLD_A3	040C49	37	dialog
130	PRG	FLD_A5	FLD_A5	04A631	37	dialog
130	PRG	FLD_A7	FLD_A7	033ED9	37	dialog
130	PRG	FLD_B2	FLD_B2	03AAB1	37	dialog
130	PRG	FLD_B5	FLD_B5	043119	37	dialog
130	PRG	FLD_B6	FLD_B6	042425	37	dialog
130	PRG	FLD_C2	FLD_C2	03DB01	37	dialog
130	PRG	FLD_C4	FLD_C4	04A895	37	dialog
130	PRG	FLD_C8	FLD_T0	0631B1	37	dialog
130	PRG	FLD_D2	FLD_D2	045CD9	37	dialog
130	PRG	FLD_D3	FLD_D3	037769	37	dialog
130	PRG	FLD_D5	FLD_D5	0277B1	37	dialog
131	PRG	FLD_A3	FLD_A3	040CC4	29	dialog
131	PRG	FLD_A5	FLD_A5	04A6AC	29	dialog
131	PRG	FLD_A7	FLD_A7	033F54	29	dialog
131	PRG	FLD_B2	FLD_B2	03AB2C	29	dialog
131	PRG	FLD_B5	FLD_B5	043194	29	dialog
131	PRG	FLD_B6	FLD_B6	0424A0	29	dialog
131	PRG	FLD_C2	FLD_C2	03DB7C	29	dialog
131	PRG	FLD_C4	FLD_C4	04A910	29	dialog
131	PRG	FLD_C8	FLD_T0	06322C	29	dialog
131	PRG	FLD_D2	FLD_D2	045D54	29	dialog
131	PRG	FLD_D3	FLD_D3	0377E4	29	dialog
131	PRG	FLD_D5	FLD_D5	02782C	29	dialog
132	PRG	FLD_A3	FLD_A3	040D6B	66	dialog
132	PRG	FLD_A5	FLD_A5	04A753	66	dialog
132	PRG	FLD_A7	FLD_A7	033FFB	66	dialog
132	PRG	FLD_B2	FLD_B2	03ABD3	66	dialog
132	PRG	FLD_B5	FLD_B5	04323B	66	dialog
132	PRG	FLD_B6	FLD_B6	042547	66	dialog
132	PRG	FLD_C2	FLD_C2	03DC23	66	dialog
132	PRG	FLD_C4	FLD_C4	04A9B7	66	dialog
132	PRG	FLD_C8	FLD_T0	0632D3	66	dialog
132	PRG	FLD_D2	FLD_D2	045DFB	66	dialog
132	PRG	FLD_D3	FLD_D3	03788B	66	dialog
132	PRG	FLD_D5	FLD_D5	0278D3	66	dialog
133	PRG	FLD_A3	FLD_A3	02D44D	7	dialog
133	PRG	FLD_A5	FLD_A5	032FFD	7	dialog
133	PRG	FLD_A7	FLD_A7	02B4E1	7	dialog
133	PRG	FLD_B2	FLD_B2	02EF89	7	dialog
133	PRG	FLD_B5	FLD_B5	02CCD5	7	dialog
133	PRG	FLD_B6	FLD_B6	02E671	7	dialog
133	PRG	FLD_C2	FLD_C2	02F439	7	dialog
133	PRG	FLD_C4	FLD_C4	037359	7	dialog
133	PRG	FLD_C8	FLD_T0	036135	7	dialog
133	PRG	FLD_D2	FLD_D2	0293ED	7	dialog
133	PRG	FLD_D3	FLD_D3	026575	7	dialog
133	PRG	FLD_D5	FLD_D5	023951	7	dialog
134	PRG	TWN_CAMP	EVTCAMP	00BC4E	23	slot
134	PRG	TWN_CAMP	EVTCAMP	00BCFA	23	slot
134	PRG	TWN_CAMP	EVTCAMP	00C0AA	19	slot
134	PRG	TWN_CAMP	EVTCAMP	00C192	25	slot
134	PRG	TWN_CAMP	EVTCAMP	00C2AC	19	slot
134	PRG	TWN_CAMP	EVTCAMP	00C3AC	37	slot
134	PRG	TWN_CAMP	EVTCAMP	00C4CD	19	slot
134	PRG	TWN_CAMP	EVTCAMP	00C5CD	37	slot
134	PRG	TWN_CAMP	EVTCAMP	00C9E8	27	slot
134	PRG	TWN_CAMP	EVTCAMP	00CA29	15	dialog
134	PRG	TWN_CAMP	EVTCAMP	00EE51	25	slot
134	PRG	TWN_CAMP	EVTCAMP	00EECB	15	dialog
135	PRG	FLD_A3	FLD_A3	02D411	27	dialog
135	PRG	FLD_A5	FLD_A5	032FC1	27	dialog
135	PRG	FLD_A7	FLD_A7	02B4A5	27	dialog
135	PRG	FLD_B2	FLD_B2	02EF4D	27	dialog
135	PRG	FLD_B5	FLD_B5	02CC99	27	dialog
135	PRG	FLD_B6	FLD_B6	02E635	27	dialog
135	PRG	FLD_C2	FLD_C2	02F3FD	27	dialog
135	PRG	FLD_C4	FLD_C4	03731D	27	dialog
135	PRG	FLD_C8	FLD_T0	0360F9	27	dialog
135	PRG	FLD_D2	FLD_D2	0293B1	27	dialog
135	PRG	FLD_D3	FLD_D3	026539	27	dialog
135	PRG	FLD_D5	FLD_D5	023915	27	dialog
136	PRG	FLD_A3	FLD_A3	02D496	25	dialog
136	PRG	FLD_A5	FLD_A5	033046	25	dialog
136	PRG	FLD_A7	FLD_A7	02B52A	25	dialog
136	PRG	FLD_B2	FLD_B2	02EFD2	25	dialog
136	PRG	FLD_B5	FLD_B5	02CD1E	25	dialog
136	PRG	FLD_B6	FLD_B6	02E6BA	25	dialog
136	PRG	FLD_C2	FLD_C2	02F482	25	dialog
136	PRG	FLD_C4	FLD_C4	0373A2	25	dialog
136	PRG	FLD_C8	FLD_T0	03617E	25	dialog
136	PRG	FLD_D2	FLD_D2	029436	25	dialog
136	PRG	FLD_D3	FLD_D3	0265BE	25	dialog
136	PRG	FLD_D5	FLD_D5	02399A	25	dialog
137	PRG	FLD_A3	FLD_A3	02D487	15	dialog
137	PRG	FLD_A5	FLD_A5	033037	15	dialog
137	PRG	FLD_A7	FLD_A7	02B51B	15	dialog
137	PRG	FLD_B2	FLD_B2	02EFC3	15	dialog
137	PRG	FLD_B5	FLD_B5	02CD0F	15	dialog
137	PRG	FLD_B6	FLD_B6	02E6AB	15	dialog
137	PRG	FLD_C2	FLD_C2	02F473	15	dialog
137	PRG	FLD_C4	FLD_C4	037393	15	dialog
137	PRG	FLD_C8	FLD_T0	03616F	15	dialog
137	PRG	FLD_D2	FLD_D2	029427	15	dialog
137	PRG	FLD_D3	FLD_D3	0265AF	15	dialog
137	PRG	FLD_D5	FLD_D5	02398B	15	dialog
138	PRG	FLD_A3	FLD_A3	02D2FB	25	dialog
138	PRG	FLD_A5	FLD_A5	032EAB	25	dialog
138	PRG	FLD_A7	FLD_A7	02B38F	25	dialog
138	PRG	FLD_B2	FLD_B2	02EE37	25	dialog
138	PRG	FLD_B5	FLD_B5	02CB83	25	dialog
138	PRG	FLD_B6	FLD_B6	02E51F	25	dialog
138	PRG	FLD_C2	FLD_C2	02F2E7	25	dialog
138	PRG	FLD_C4	FLD_C4	037207	25	dialog
138	PRG	FLD_C8	FLD_T0	035FE3	25	dialog
138	PRG	FLD_D2	FLD_D2	02929B	25	dialog
138	PRG	FLD_D3	FLD_D3	026423	25	dialog
138	PRG	FLD_D5	FLD_D5	0237FF	25	dialog
139	PRG	FLD_A3	FLD_A3	02D2EE	13	dialog
139	PRG	FLD_A5	FLD_A5	032E9E	13	dialog
139	PRG	FLD_A7	FLD_A7	02B382	13	dialog
139	PRG	FLD_B2	FLD_B2	02EE2A	13	dialog
139	PRG	FLD_B5	FLD_B5	02CB76	13	dialog
139	PRG	FLD_B6	FLD_B6	02E512	13	dialog
139	PRG	FLD_C2	FLD_C2	02F2DA	13	dialog
139	PRG	FLD_C4	FLD_C4	0371FA	13	dialog
139	PRG	FLD_C8	FLD_T0	035FD6	13	dialog
139	PRG	FLD_D2	FLD_D2	02928E	13	dialog
139	PRG	FLD_D3	FLD_D3	026416	13	dialog
139	PRG	FLD_D5	FLD_D5	0237F2	13	dialog
140	PRG	FLD_A3	FLD_A3	02D42C	18	dialog
140	PRG	FLD_A5	FLD_A5	032FDC	18	dialog
140	PRG	FLD_A7	FLD_A7	02B4C0	18	dialog
140	PRG	FLD_B2	FLD_B2	02EF68	18	dialog
140	PRG	FLD_B5	FLD_B5	02CCB4	18	dialog
140	PRG	FLD_B6	FLD_B6	02E650	18	dialog
140	PRG	FLD_C2	FLD_C2	02F418	18	dialog
140	PRG	FLD_C4	FLD_C4	037338	18	dialog
140	PRG	FLD_C8	FLD_T0	036114	18	dialog
140	PRG	FLD_D2	FLD_D2	0293CC	18	dialog
140	PRG	FLD_D3	FLD_D3	026554	18	dialog
140	PRG	FLD_D5	FLD_D5	023930	18	dialog
141	PRG	FLD_A3	FLD_A3	02D43F	14	dialog
141	PRG	FLD_A5	FLD_A5	032FEF	14	dialog
141	PRG	FLD_A7	FLD_A7	02B4D3	14	dialog
141	PRG	FLD_B2	FLD_B2	02EF7B	14	dialog
141	PRG	FLD_B5	FLD_B5	02CCC7	14	dialog
141	PRG	FLD_B6	FLD_B6	02E663	14	dialog
141	PRG	FLD_C2	FLD_C2	02F42B	14	dialog
141	PRG	FLD_C4	FLD_C4	03734B	14	dialog
141	PRG	FLD_C8	FLD_T0	036127	14	dialog
141	PRG	FLD_D2	FLD_D2	0293DF	14	dialog
141	PRG	FLD_D3	FLD_D3	026567	14	dialog
141	PRG	FLD_D5	FLD_D5	023943	14	dialog
142	PRG	FLD_A3	FLD_A3	02D476	17	dialog
142	PRG	FLD_A5	FLD_A5	033026	17	dialog
142	PRG	FLD_A7	FLD_A7	02B50A	17	dialog
142	PRG	FLD_B2	FLD_B2	02EFB2	17	dialog
142	PRG	FLD_B5	FLD_B5	02CCFE	17	dialog
142	PRG	FLD_B6	FLD_B6	02E69A	17	dialog
142	PRG	FLD_C2	FLD_C2	02F462	17	dialog
142	PRG	FLD_C4	FLD_C4	037382	17	dialog
142	PRG	FLD_C8	FLD_T0	03615E	17	dialog
142	PRG	FLD_D2	FLD_D2	029416	17	dialog
142	PRG	FLD_D3	FLD_D3	02659E	17	dialog
142	PRG	FLD_D5	FLD_D5	02397A	17	dialog
143	PRG	FLD_A3	FLD_A3	02D465	17	dialog
143	PRG	FLD_A5	FLD_A5	033015	17	dialog
143	PRG	FLD_A7	FLD_A7	02B4F9	17	dialog
143	PRG	FLD_B2	FLD_B2	02EFA1	17	dialog
143	PRG	FLD_B5	FLD_B5	02CCED	17	dialog
143	PRG	FLD_B6	FLD_B6	02E689	17	dialog
143	PRG	FLD_C2	FLD_C2	02F451	17	dialog
143	PRG	FLD_C4	FLD_C4	037371	17	dialog
143	PRG	FLD_C8	FLD_T0	03614D	17	dialog
143	PRG	FLD_D2	FLD_D2	029405	17	dialog
143	PRG	FLD_D3	FLD_D3	02658D	17	dialog
143	PRG	FLD_D5	FLD_D5	023969	17	dialog
144	PRG	FLD_A3	FLD_A3	02D454	17	dialog
144	PRG	FLD_A5	FLD_A5	033004	17	dialog
144	PRG	FLD_A7	FLD_A7	02B4E8	17	dialog
144	PRG	FLD_B2	FLD_B2	02EF90	17	dialog
144	PRG	FLD_B5	FLD_B5	02CCDC	17	dialog
144	PRG	FLD_B6	FLD_B6	02E678	17	dialog
144	PRG	FLD_C2	FLD_C2	02F440	17	dialog
144	PRG	FLD_C4	FLD_C4	037360	17	dialog
144	PRG	FLD_C8	FLD_T0	03613C	17	dialog
144	PRG	FLD_D2	FLD_D2	0293F4	17	dialog
144	PRG	FLD_D3	FLD_D3	02657C	17	dialog
144	PRG	FLD_D5	FLD_D5	023958	17	dialog
145	COMMON	COMMON	ITEM	00B0A9	60	ui
145	COMMON	COMMON	ITEM	00B0E5	60	ui
145	COMMON	COMMON	ITEM	00B121	60	ui
145	COMMON	COMMON	ITEM	00B15D	60	ui
145	COMMON	COMMON	ITEM	00B199	60	ui
145	COMMON	COMMON	ITEM	00B1D5	60	ui
145	COMMON	COMMON	ITEM	00B211	60	ui
145	COMMON	COMMON	ITEM	00B24D	60	ui
145	COMMON	COMMON	ITEM	00B289	60	ui
145	COMMON	COMMON	ITEM	00B2C5	60	ui
145	COMMON	COMMON	ITEM	00B301	60	ui
145	COMMON	COMMON	ITEM	00B33D	60	ui
146	PRG	1ST_READ	SAVE	03D452	13	dialog
146	PRG	1ST_READ	SAVE	03D45F	13	dialog
146	PRG	1ST_READ	SAVE	03D46C	13	dialog
146	PRG	FLD_A7	FLD_A7	006DB3	13	dialog
146	PRG	FLD_A7	FLD_A7	006DF2	13	dialog
146	PRG	FLD_B2	FLD_B2	00E298	13	dialog
146	PRG	FLD_B2	FLD_B2	00E347	13	dialog
146	PRG	FLD_B2	FLD_B2	00E354	13	dialog
146	PRG	WORLD	WORLDMAP	005560	13	ui
146	PRG	WORLD	WORLDMAP	00556D	13	ui
146	PRG	WORLD	WORLDMAP	00557A	13	ui
147	PRG	TWN_CAMP	EVTCAMP	012719	23	narration
147	PRG	TWN_CAMP	EVTCAMP	012747	23	narration
147	PRG	TWN_CAMP	EVTCAMP	012775	23	narration
147	PRG	TWN_CAMP	EVTCAMP	012816	23	narration
147	PRG	TWN_CAMP	EVTCAMP	012844	23	narration
147	PRG	TWN_CAMP	EVTCAMP	012872	23	narration
147	PRG	TWN_CAMP	EVTCAMP	0128FC	23	narration
147	PRG	TWN_CAMP	EVTCAMP	0129E2	23	narration
147	PRG	TWN_CAMP	EVTCAMP	012AC8	23	narration
147	PRG	TWN_CAMP	EVTCAMP	013A37	23	narration
148	PRG	TWN_ZOAH	EVTZOAH	00FF57	8	dialog
148	PRG	TWN_ZOAH	EVTZOAH	01C947	8	dialog
148	PRG	TWN_ZOAH	EVTZOAH	01CA0B	8	dialog
148	PRG	TWN_ZOAH	EVTZOAH	01E62F	8	dialog
148	PRG	TWN_ZOAH	EVTZOAH	029383	8	dialog
148	PRG	TWN_ZOAH	EVTZOAH	02B5C3	8	dialog
148	PRG	TWN_ZOAH	EVTZOAH	033B23	8	dialog
148	PRG	TWN_ZOAH	EVTZOAH	03471F	8	dialog
148	PRG	TWN_ZOAH	EVTZOAH	03881B	8	dialog
148	PRG	TWN_ZOAH	EVTZOAH	038F6B	8	dialog
149	PRG	FLD_A5	FLD_A5	00E27A	16	dialog
149	PRG	FLD_A5	FLD_A5	00E2A2	16	dialog
149	PRG	FLD_A5	FLD_A5	00E2CA	16	dialog
149	PRG	FLD_A5	FLD_A5	00EC3B	16	dialog
149	PRG	FLD_A5	FLD_A5	00EC63	16	dialog
149	PRG	FLD_A5	FLD_A5	00EC8B	16	dialog
149	PRG	FLD_A5	FLD_A5	00F6EE	16	dialog
149	PRG	FLD_A5	FLD_A5	00F71A	16	dialog
149	PRG	FLD_A5	FLD_A5	00F746	16	dialog
150	PRG	TWN_CAMP	EVTCAMP	00F463	9	dialog
150	PRG	TWN_CARA	EVTCARA	00A1DE	9	dialog
150	PRG	TWN_CARA	EVTCARA	0172B3	9	dialog
150	PRG	TWN_CARA	EVTCARA	017594	9	dialog
150	PRG	TWN_SEEK	EVTSEEK	00BEEF	9	dialog
150	PRG	TWN_ZOAH	EVTZOAH	01AD90	50	slot
150	PRG	TWN_ZOAH	EVTZOAH	02B218	9	dialog
150	PRG	TWN_ZOAH	EVTZOAH	03E3BF	9	dialog
150	PRG	TWN_ZOAH	EVTZOAH	03EAB8	9	dialog
151	PRG	BTL_A5	BTL_A5	057C13	5	dialog
151	PRG	BTL_A5	BTL_A5	057C98	5	dialog
151	PRG	BTL_A5	BTL_A5	057D15	5	dialog
151	PRG	BTL_B5_3	BTL_B53	050D59	5	dialog
151	PRG	BTL_T0	BTL_T0	0537A4	5	dialog
151	PRG	MENUEN	MENUEN	0031C6	5	ui
151	PRG	MENUEN	MENUEN	0032E9	5	ui
151	PRG	MENUEN	MENUEN	00420B	5	ui
151	PRG	MENUEN	MENUEN	00430E	5	ui
152	PRG	BTL_C4	BTL_C4	0540EF	17	dialog
152	PRG	BTL_D2_2	BTL_D22	0502FE	17	dialog
152	PRG	BTL_D4	BTL_D4	04F46B	17	dialog
152	PRG	BTL_D5	BTL_D5	05ACAF	17	dialog
152	PRG	BTL_X0	BTL_X0	05E369	17	dialog
152	PRG	MENUEN	MENUEN	0065B5	17	ui
152	PRG	MENUEN	MENUEN	006743	17	ui
152	PRG	MENUEN	MENUEN	006E71	17	ui
152	PRG	MENUEN	MENUEN	007210	17	ui
153	PRG	BTL_A7	BTL_A7	053BA7	23	dialog
153	PRG	BTL_A7	BTL_A7	053C1C	23	dialog
153	PRG	BTL_A7	BTL_A7	053C4C	23	dialog
153	PRG	BTL_A7	BTL_A7	053C7B	23	dialog
153	PRG	BTL_A7	BTL_A7	053CA0	23	dialog
153	PRG	BTL_C4	BTL_C4	054138	23	dialog
153	PRG	BTL_C4	BTL_C4	0541A3	23	dialog
153	PRG	BTL_D2	BTL_D2	052B97	23	dialog
153	PRG	BTL_T0	BTL_T0	053733	23	dialog
154	PRG	BTL_A5	BTL_A5	057C73	7	dialog
154	PRG	BTL_B5_3	BTL_B53	050D75	7	dialog
154	PRG	BTL_B6	BTL_B6	05B226	7	dialog
154	PRG	BTL_B6	BTL_B6	05B239	7	dialog
154	PRG	BTL_B6_2	BTL_B62	053B36	7	dialog
154	PRG	BTL_B6_2	BTL_B62	053B3D	7	dialog
154	PRG	MENUEN	MENUEN	0033F3	7	ui
154	PRG	MENUEN	MENUEN	004449	7	ui
154	PRG	MENUEN	MENUEN	0051B7	7	ui
155	PRG	FLD_A7	FLD_A7	02B35F	35	narration
155	PRG	FLD_B2	FLD_B2	02EE07	35	narration
155	PRG	FLD_B5	FLD_B5	02CB53	35	narration
155	PRG	FLD_B6	FLD_B6	02E4EF	35	narration
155	PRG	FLD_C2	FLD_C2	02F2B7	35	narration
155	PRG	FLD_C8	FLD_T0	035FB3	35	narration
155	PRG	FLD_D3	FLD_D3	0263F3	35	narration
155	PRG	FLD_D5	FLD_D5	0237CF	35	narration
156	PRG	TWN_CARA	EVTCARA	003E4D	29	narration
156	PRG	TWN_SEEK	EVTSEEK	004454	29	narration
156	PRG	TWN_SEEK	EVTSEEK	004ED6	29	narration
156	PRG	TWN_SEEK	EVTSEEK	004F67	29	narration
156	PRG	TWN_ZOAH	EVTZOAH	00B9CB	29	narration
156	PRG	TWN_ZOAH	EVTZOAH	00BA05	29	narration
156	PRG	TWN_ZOAH	EVTZOAH	00F823	29	narration
156	PRG	TWN_ZOAH	EVTZOAH	00FA86	29	narration
157	PRG	FLD_C8	FLD_T0	014B72	4	dialog
157	PRG	FLD_C8	FLD_T0	014B83	4	dialog
157	PRG	FLD_C8	FLD_T0	014B94	4	dialog
157	PRG	FLD_C8	FLD_T0	014BA5	4	dialog
157	PRG	FLD_C8	FLD_T0	014BB6	4	dialog
157	PRG	FLD_C8	FLD_T0	014BC7	4	dialog
157	PRG	FLD_C8	FLD_T0	014BD8	4	dialog
157	PRG	FLD_C8	FLD_T0	014BE9	4	dialog
158	PRG	FLD_C8	FLD_T0	014B90	4	dialog
158	PRG	FLD_C8	FLD_T0	014BA1	4	dialog
158	PRG	FLD_C8	FLD_T0	014BB2	4	dialog
158	PRG	FLD_C8	FLD_T0	014BC3	4	dialog
158	PRG	FLD_C8	FLD_T0	014BD4	4	dialog
158	PRG	FLD_C8	FLD_T0	015205	4	dialog
158	PRG	FLD_C8	FLD_T0	015220	4	dialog
158	PRG	FLD_C8	FLD_T0	01523B	4	dialog
159	PRG	FLD_C8	FLD_T0	015292	2	dialog
159	PRG	FLD_C8	FLD_T0	0152A1	2	dialog
159	PRG	FLD_C8	FLD_T0	0152B0	2	dialog
159	PRG	FLD_C8	FLD_T0	0153D9	2	dialog
159	PRG	FLD_C8	FLD_T0	0153E8	2	dialog
159	PRG	FLD_C8	FLD_T0	0153F7	2	dialog
159	PRG	FLD_C8	FLD_T0	015406	2	dialog
159	PRG	FLD_C8	FLD_T0	015415	2	dialog
160	PRG	BTL_A5	BTL_A5	057C18	7	dialog
160	PRG	BTL_A5	BTL_A5	057C9D	7	dialog
160	PRG	BTL_B5_3	BTL_B53	050D5E	7	dialog
160	PRG	BTL_T0	BTL_T0	0537A9	7	dialog
160	PRG	MENUEN	MENUEN	0031CB	7	ui
160	PRG	MENUEN	MENUEN	0032EE	7	ui
160	PRG	MENUEN	MENUEN	004210	7	ui
160	PRG	MENUEN	MENUEN	004313	7	ui
161	PRG	TWN_SEEK	EVTSEEK	0086A6	19	dialog
161	PRG	TWN_SEEK	EVTSEEK	0088CB	19	dialog
161	PRG	TWN_SEEK	EVTSEEK	00899E	19	dialog
161	PRG	TWN_SEEK	EVTSEEK	008A71	19	dialog
161	PRG	TWN_ZOAH	EVTZOAH	03DCAE	19	dialog
161	PRG	TWN_ZOAH	EVTZOAH	03DE67	19	dialog
161	PRG	TWN_ZOAH	EVTZOAH	03DFDD	19	dialog
161	PRG	TWN_ZOAH	EVTZOAH	03E0CF	19	dialog
162	PRG	FLAGEDIT	FLAGEDIT	001389	2	ui
162	PRG	TWN_SEEK	EVTSEEK	00BCD0	2	dialog
162	PRG	TWN_SEEK	EVTSEEK	00E6B0	2	dialog
162	PRG	TWN_SEEK	EVTSEEK	00E8D4	2	dialog
162	PRG	TWN_ZOAH	EVTZOAH	00E7C0	2	dialog
162	PRG	TWN_ZOAH	EVTZOAH	02FC07	2	dialog
162	PRG	TWN_ZOAH	EVTZOAH	02FCDF	2	dialog
162	PRG	TWN_ZOAH	EVTZOAH	03B420	2	dialog
163	PRG	BTL_A3	BTL_A3	003536	6	dialog
163	PRG	BTL_A3	BTL_A3	003562	6	dialog
163	PRG	BTL_A3	BTL_A3	003594	6	dialog
163	PRG	BTL_A3	BTL_A3	0035CE	6	dialog
163	PRG	BTL_A3	BTL_A3	0035FE	6	dialog
163	PRG	BTL_A3	BTL_A3	003632	6	dialog
163	PRG	BTL_A3	BTL_A3	003668	6	dialog
163	PRG	BTL_A3	BTL_A3	003696	6	dialog
164	PRG	TWN_SEEK	EVTSEEK	00865A	21	dialog
164	PRG	TWN_SEEK	EVTSEEK	00887F	21	dialog
164	PRG	TWN_SEEK	EVTSEEK	008952	21	dialog
164	PRG	TWN_SEEK	EVTSEEK	008A25	21	dialog
164	PRG	TWN_ZOAH	EVTZOAH	03DC62	21	dialog
164	PRG	TWN_ZOAH	EVTZOAH	03DE1B	21	dialog
164	PRG	TWN_ZOAH	EVTZOAH	03DF91	21	dialog
164	PRG	TWN_ZOAH	EVTZOAH	03E083	21	dialog
165	PRG	FLD_C8	FLD_T0	014D60	6	dialog
165	PRG	FLD_C8	FLD_T0	014D8A	6	dialog
165	PRG	FLD_C8	FLD_T0	014DB4	6	dialog
165	PRG	FLD_C8	FLD_T0	014DD3	6	dialog
165	PRG	FLD_C8	FLD_T0	014DFD	6	dialog
165	PRG	FLD_C8	FLD_T0	014E1C	6	dialog
165	PRG	FLD_C8	FLD_T0	014E46	6	dialog
165	PRG	FLD_C8	FLD_T0	014E74	6	dialog
166	PRG	BTL_D5	BTL_D5	05AC39	11	dialog
166	PRG	BTL_X0	BTL_X0	05E118	11	dialog
166	PRG	BTL_X0	BTL_X0	05E25A	11	dialog
166	PRG	BTL_X0	BTL_X0	05E323	11	dialog
166	PRG	MENUEN	MENUEN	0059CB	11	ui
166	PRG	MENUEN	MENUEN	005D4B	11	ui
166	PRG	MENUEN	MENUEN	00688F	11	ui
166	PRG	MENUEN	MENUEN	0077AF	11	ui
167	PRG	TWN_SEEK	EVTSEEK	012773	29	slot
167	PRG	TWN_SEEK	EVTSEEK	012914	29	slot
167	PRG	TWN_SEEK	EVTSEEK	012A98	29	slot
167	PRG	TWN_SEEK	EVTSEEK	012C1C	29	slot
167	PRG	TWN_SEEK	EVTSEEK	012D83	29	slot
167	PRG	TWN_SEEK	EVTSEEK	012F07	29	slot
167	PRG	TWN_SEEK	EVTSEEK	01306E	29	slot
167	PRG	TWN_SEEK	EVTSEEK	0131D5	29	slot
168	PRG	TWN_CAMP	EVTCAMP	00FD2F	11	dialog
168	PRG	TWN_CAMP	EVTCAMP	00FDC0	11	dialog
168	PRG	TWN_CARA	EVTCARA	003903	11	dialog
168	PRG	TWN_CARA	EVTCARA	003949	11	dialog
168	PRG	TWN_SEEK	EVTSEEK	004205	11	dialog
168	PRG	TWN_ZOAH	EVTZOAH	00B32D	11	dialog
168	PRG	TWN_ZOAH	EVTZOAH	00B397	11	dialog
168	PRG	TWN_ZOAH	EVTZOAH	00BA9D	11	dialog
169	PRG	TWN_CAMP	EVTCAMP	00FD0E	11	dialog
169	PRG	TWN_CAMP	EVTCAMP	00FD8C	11	dialog
169	PRG	TWN_CARA	EVTCARA	003926	11	dialog
169	PRG	TWN_CARA	EVTCARA	00396C	11	dialog
169	PRG	TWN_SEEK	EVTSEEK	004233	11	dialog
169	PRG	TWN_ZOAH	EVTZOAH	00B348	11	dialog
169	PRG	TWN_ZOAH	EVTZOAH	00B3B6	11	dialog
169	PRG	TWN_ZOAH	EVTZOAH	00BABC	11	dialog
170	PRG	TWN_SEEK	EVTSEEK	008692	7	dialog
170	PRG	TWN_SEEK	EVTSEEK	0088B7	7	dialog
170	PRG	TWN_SEEK	EVTSEEK	00898A	7	dialog
170	PRG	TWN_SEEK	EVTSEEK	008A5D	7	dialog
170	PRG	TWN_ZOAH	EVTZOAH	03DC9A	7	dialog
170	PRG	TWN_ZOAH	EVTZOAH	03DE53	7	dialog
170	PRG	TWN_ZOAH	EVTZOAH	03DFC9	7	dialog
170	PRG	TWN_ZOAH	EVTZOAH	03E0BB	7	dialog
171	PRG	TWN_CAMP	EVTCAMP	00BCAA	23	slot
171	PRG	TWN_CAMP	EVTCAMP	00BD56	23	slot
171	PRG	TWN_CAMP	EVTCAMP	00C0F6	19	slot
171	PRG	TWN_CAMP	EVTCAMP	00C1F6	25	slot
171	PRG	TWN_CAMP	EVTCAMP	00C2F8	19	slot
171	PRG	TWN_CAMP	EVTCAMP	00C440	37	slot
171	PRG	TWN_CAMP	EVTCAMP	00C519	19	slot
171	PRG	TWN_CAMP	EVTCAMP	00C661	37	slot
172	PRG	FLD_A3	BTL_C82	026802	14	dialog
172	PRG	FLD_A5	BTL_C82	02C3B2	14	dialog
172	PRG	FLD_A7	BTL_C82	024896	14	dialog
172	PRG	FLD_B5	BTL_C82	02608A	14	dialog
172	PRG	FLD_B6	BTL_C82	027A26	14	dialog
172	PRG	FLD_C2	BTL_C82	0287EE	14	dialog
172	PRG	FLD_C4	BTL_C82	03070E	14	dialog
172	PRG	FLD_C8	BTL_C82	02F4EA	14	dialog
173	PRG	FLD_A3	BTL_C82	026810	33	dialog
173	PRG	FLD_A5	BTL_C82	02C3C0	33	dialog
173	PRG	FLD_A7	BTL_C82	0248A4	33	dialog
173	PRG	FLD_B5	BTL_C82	026098	33	dialog
173	PRG	FLD_B6	BTL_C82	027A34	33	dialog
173	PRG	FLD_C2	BTL_C82	0287FC	33	dialog
173	PRG	FLD_C4	BTL_C82	03071C	33	dialog
173	PRG	FLD_C8	BTL_C82	02F4F8	33	dialog
174	PRG	TWN_CARA	EVTCARA	00F0EA	33	narration
174	PRG	TWN_CARA	EVTCARA	00F153	33	narration
174	PRG	TWN_CARA	EVTCARA	00F1A7	33	narration
174	PRG	TWN_CARA	EVTCARA	00F1FB	33	narration
174	PRG	TWN_CARA	EVTCARA	00F23A	33	narration
174	PRG	TWN_CARA	EVTCARA	00F28C	33	narration
174	PRG	TWN_CARA	EVTCARA	00F2C9	33	narration
175	PRG	TWN_ZOAH	EVTZOAH	00C124	23	narration
175	PRG	TWN_ZOAH	EVTZOAH	00C15E	23	narration
175	PRG	TWN_ZOAH	EVTZOAH	00C334	23	narration
175	PRG	TWN_ZOAH	EVTZOAH	00C36E	23	narration
175	PRG	TWN_ZOAH	EVTZOAH	00EBF8	23	narration
175	PRG	TWN_ZOAH	EVTZOAH	00EEE3	23	narration
175	PRG	TWN_ZOAH	EVTZOAH	00EFBA	23	narration
176	PRG	TWN_ZOAH	EVTZOAH	00DE80	21	narration
176	PRG	TWN_ZOAH	EVTZOAH	00DEB4	21	narration
176	PRG	TWN_ZOAH	EVTZOAH	00E1DA	21	narration
176	PRG	TWN_ZOAH	EVTZOAH	00E2C6	21	narration
176	PRG	TWN_ZOAH	EVTZOAH	00E3A0	21	narration
176	PRG	TWN_ZOAH	EVTZOAH	00E49E	21	narration
176	PRG	TWN_ZOAH	EVTZOAH	00F3A6	21	narration
177	PRG	TWN_SEEK	EVTSEEK	00439C	23	narration
177	PRG	TWN_SEEK	EVTSEEK	004941	23	narration
177	PRG	TWN_SEEK	EVTSEEK	004A1B	23	narration
177	PRG	TWN_SEEK	EVTSEEK	004C22	23	narration
177	PRG	TWN_SEEK	EVTSEEK	004C5A	23	narration
177	PRG	TWN_SEEK	EVTSEEK	004E94	23	narration
177	PRG	TWN_SEEK	EVTSEEK	004FFC	23	narration
178	PRG	TWN_CARA	EVTCARA	00C75E	5	dialog
178	PRG	TWN_SEEK	EVTSEEK	00BACD	5	dialog
178	PRG	TWN_SEEK	EVTSEEK	00BE23	5	dialog
178	PRG	TWN_SEEK	EVTSEEK	00C0F5	5	dialog
178	PRG	TWN_ZOAH	EVTZOAH	01928D	5	dialog
178	PRG	TWN_ZOAH	EVTZOAH	03060A	5	dialog
178	PRG	TWN_ZOAH	EVTZOAH	0307F6	5	dialog
179	PRG	BTL_A7	BTL_A7	053BC7	17	dialog
179	PRG	BTL_A7	BTL_A7	053CC0	17	dialog
179	PRG	BTL_C4	BTL_C4	054158	17	dialog
179	PRG	BTL_D2	BTL_D2	052BB7	17	dialog
179	PRG	BTL_T0	BTL_T0	053753	17	dialog
179	PRG	MENUEN	MENUEN	005429	17	ui
179	PRG	MENUEN	MENUEN	00553B	17	ui
180	PRG	BTL_A7	BTL_A7	053C00	17	dialog
180	PRG	BTL_A7	BTL_A7	053D0B	17	dialog
180	PRG	BTL_C4	BTL_C4	05417A	17	dialog
180	PRG	BTL_C4	BTL_C4	05418B	17	dialog
180	PRG	BTL_D2	BTL_D2	052BD9	17	dialog
180	PRG	BTL_D2	BTL_D2	052BEA	17	dialog
180	PRG	BTL_T0	BTL_T0	05378C	17	dialog
181	PRG	FLD_C8	FLD_T0	0150DD	11	dialog
181	PRG	FLD_C8	FLD_T0	015101	11	dialog
181	PRG	FLD_C8	FLD_T0	01510C	11	dialog
181	PRG	FLD_C8	FLD_T0	015117	11	dialog
181	PRG	FLD_C8	FLD_T0	015156	11	dialog
181	PRG	FLD_C8	FLD_T0	01517A	11	dialog
181	PRG	FLD_C8	FLD_T0	0153C5	11	dialog
182	PRG	TWN_CARA	EVTCARA	009768	9	dialog
182	PRG	TWN_CARA	EVTCARA	0098B2	9	dialog
182	PRG	TWN_CARA	EVTCARA	0099CE	9	dialog
182	PRG	TWN_ZOAH	EVTZOAH	033878	9	dialog
182	PRG	TWN_ZOAH	EVTZOAH	033A85	9	dialog
182	PRG	TWN_ZOAH	EVTZOAH	03E001	9	dialog
182	PRG	TWN_ZOAH	EVTZOAH	03E0F3	9	dialog
183	PRG	BTL_C2	BTL_C2	057856	13	dialog
183	PRG	BTL_C5	BTL_C5	0521E4	13	dialog
183	PRG	BTL_C8	BTL_C8	04E9ED	13	dialog
183	PRG	MENUEN	MENUEN	008869	13	ui
183	PRG	MENUEN	MENUEN	008C5F	13	ui
183	PRG	MENUEN	MENUEN	008DAF	13	ui
183	PRG	MENUEN	MENUEN	009542	13	ui
184	PRG	BTL_B5	BTL_B5	052344	9	dialog
184	PRG	BTL_X0	BTL_X0	05E106	9	dialog
184	PRG	BTL_X0	BTL_X0	05E248	9	dialog
184	PRG	BTL_X0	BTL_X0	05E311	9	dialog
184	PRG	MENUEN	MENUEN	0059C2	9	ui
184	PRG	MENUEN	MENUEN	005D42	9	ui
184	PRG	MENUEN	MENUEN	006886	9	ui
185	PRG	BTL_B2	BTL_B2	04FC6D	9	dialog
185	PRG	BTL_C2	BTL_C2	05784D	9	dialog
185	PRG	BTL_C5	BTL_C5	0521DB	9	dialog
185	PRG	MENUEN	MENUEN	0083FD	9	ui
185	PRG	MENUEN	MENUEN	008860	9	ui
185	PRG	MENUEN	MENUEN	008C56	9	ui
185	PRG	MENUEN	MENUEN	008DA6	9	ui
186	PRG	FLD_A5	FLD_A5	00DDBC	39	dialog
186	PRG	FLD_A5	FLD_A5	00E23B	39	dialog
186	PRG	FLD_A5	FLD_A5	00E77D	39	dialog
186	PRG	FLD_A5	FLD_A5	00EBFC	39	dialog
186	PRG	FLD_A5	FLD_A5	00F1B9	39	dialog
186	PRG	FLD_A5	FLD_A5	00F6AB	39	dialog
187	PRG	TWN_CAMP	EVTCAMP	012913	23	narration
187	PRG	TWN_CAMP	EVTCAMP	0129F9	23	narration
187	PRG	TWN_CAMP	EVTCAMP	012B3B	23	narration
187	PRG	TWN_CAMP	EVTCAMP	012BF3	23	narration
187	PRG	TWN_CAMP	EVTCAMP	012CC2	23	narration
187	PRG	TWN_CAMP	EVTCAMP	012D7A	23	narration
188	PRG	TWN_CAMP	EVTCAMP	013E1C	4	narration
188	PRG	TWN_CAMP	EVTCAMP	013E88	4	narration
188	PRG	TWN_CAMP	EVTCAMP	013EF4	4	narration
188	PRG	TWN_CAMP	EVTCAMP	013F7B	4	narration
188	PRG	TWN_CAMP	EVTCAMP	013FE7	4	narration
188	PRG	TWN_CAMP	EVTCAMP	014053	4	narration
189	PRG	TWN_CAMP	EVTCAMP	013E01	24	narration
189	PRG	TWN_CAMP	EVTCAMP	013E37	24	narration
189	PRG	TWN_CAMP	EVTCAMP	013E6D	24	narration
189	PRG	TWN_CAMP	EVTCAMP	013EA3	24	narration
189	PRG	TWN_CAMP	EVTCAMP	013ED9	24	narration
189	PRG	TWN_CAMP	EVTCAMP	013F0F	24	narration
190	PRG	TWN_CAMP	EVTCAMP	0140A4	24	narration
190	PRG	TWN_CAMP	EVTCAMP	0142AA	24	narration
190	PRG	TWN_CAMP	EVTCAMP	0144B0	24	narration
190	PRG	TWN_CAMP	EVTCAMP	0144CB	24	narration
190	PRG	TWN_CAMP	EVTCAMP	0146D1	24	narration
190	PRG	TWN_CAMP	EVTCAMP	0148D7	24	narration
191	PRG	TWN_CAMP	EVTCAMP	013F60	24	narration
191	PRG	TWN_CAMP	EVTCAMP	013F96	24	narration
191	PRG	TWN_CAMP	EVTCAMP	013FCC	24	narration
191	PRG	TWN_CAMP	EVTCAMP	014002	24	narration
191	PRG	TWN_CAMP	EVTCAMP	014038	24	narration
191	PRG	TWN_CAMP	EVTCAMP	01406E	24	narration
192	PRG	TWN_ZOAH	EVTZOAH	01C334	29	narration
192	PRG	TWN_ZOAH	EVTZOAH	01C469	29	narration
192	PRG	TWN_ZOAH	EVTZOAH	032FD7	29	narration
192	PRG	TWN_ZOAH	EVTZOAH	0330B9	29	narration
192	PRG	TWN_ZOAH	EVTZOAH	033151	29	narration
192	PRG	TWN_ZOAH	EVTZOAH	0332C9	29	narration
193	PRG	TWN_ZOAH	EVTZOAH	00B853	23	narration
193	PRG	TWN_ZOAH	EVTZOAH	00B883	23	narration
193	PRG	TWN_ZOAH	EVTZOAH	00B8B3	23	narration
193	PRG	TWN_ZOAH	EVTZOAH	00B8E3	23	narration
193	PRG	TWN_ZOAH	EVTZOAH	00B913	23	narration
193	PRG	TWN_ZOAH	EVTZOAH	00B943	23	narration
194	PRG	TWN_ZOAH	EVTZOAH	01E1FF	39	narration
194	PRG	TWN_ZOAH	EVTZOAH	01E3C3	39	narration
194	PRG	TWN_ZOAH	EVTZOAH	01E565	39	narration
194	PRG	TWN_ZOAH	EVTZOAH	03BAFE	39	narration
194	PRG	TWN_ZOAH	EVTZOAH	03BB5A	39	narration
194	PRG	TWN_ZOAH	EVTZOAH	03BBB6	39	narration
195	PRG	TWN_CARA	EVTCARA	003AAF	33	narration
195	PRG	TWN_CARA	EVTCARA	003AE5	33	narration
195	PRG	TWN_CARA	EVTCARA	003B1B	33	narration
195	PRG	TWN_CARA	EVTCARA	003B51	33	narration
195	PRG	TWN_CARA	EVTCARA	003B87	33	narration
195	PRG	TWN_CARA	EVTCARA	003CC8	33	narration
196	PRG	TWN_CARA	EVTCARA	003C03	21	narration
196	PRG	TWN_CARA	EVTCARA	003C2F	21	narration
196	PRG	TWN_CARA	EVTCARA	003C5B	21	narration
196	PRG	TWN_CARA	EVTCARA	003C87	21	narration
196	PRG	TWN_SEEK	EVTSEEK	005345	21	narration
196	PRG	TWN_SEEK	EVTSEEK	0054D1	21	narration
197	PRG	TWN_ZOAH	EVTZOAH	00BB35	27	narration
197	PRG	TWN_ZOAH	EVTZOAH	00C1EB	27	narration
197	PRG	TWN_ZOAH	EVTZOAH	00C227	27	narration
197	PRG	TWN_ZOAH	EVTZOAH	00C282	27	narration
197	PRG	TWN_ZOAH	EVTZOAH	00C2BE	27	narration
197	PRG	TWN_ZOAH	EVTZOAH	00C319	27	narration
198	PRG	TWN_ZOAH	EVTZOAH	00B83A	25	narration
198	PRG	TWN_ZOAH	EVTZOAH	00B86A	25	narration
198	PRG	TWN_ZOAH	EVTZOAH	00B89A	25	narration
198	PRG	TWN_ZOAH	EVTZOAH	00B8CA	25	narration
198	PRG	TWN_ZOAH	EVTZOAH	00B8FA	25	narration
198	PRG	TWN_ZOAH	EVTZOAH	00B92A	25	narration
199	PRG	TWN_SEEK	EVTSEEK	0048C7	17	narration
199	PRG	TWN_SEEK	EVTSEEK	00499A	17	narration
199	PRG	TWN_SEEK	EVTSEEK	004B76	17	narration
199	PRG	TWN_SEEK	EVTSEEK	004C8C	17	narration
199	PRG	TWN_SEEK	EVTSEEK	004DF0	17	narration
199	PRG	TWN_SEEK	EVTSEEK	004F31	17	narration
200	PRG	TWN_CARA	EVTCARA	003A9A	21	narration
200	PRG	TWN_CARA	EVTCARA	003AD0	21	narration
200	PRG	TWN_CARA	EVTCARA	003B06	21	narration
200	PRG	TWN_CARA	EVTCARA	003B3C	21	narration
200	PRG	TWN_CARA	EVTCARA	003B72	21	narration
200	PRG	TWN_CARA	EVTCARA	003CB3	21	narration
201	PRG	TWN_ZOAH	EVTZOAH	00BB14	33	narration
201	PRG	TWN_ZOAH	EVTZOAH	00C1CA	33	narration
201	PRG	TWN_ZOAH	EVTZOAH	00C206	33	narration
201	PRG	TWN_ZOAH	EVTZOAH	00C242	33	narration
201	PRG	TWN_ZOAH	EVTZOAH	00C29D	33	narration
201	PRG	TWN_ZOAH	EVTZOAH	00C2D9	33	narration
202	PRG	TWN_ZOAH	EVTZOAH	013297	23	narration
202	PRG	TWN_ZOAH	EVTZOAH	013422	23	narration
202	PRG	TWN_ZOAH	EVTZOAH	0137A3	23	narration
202	PRG	TWN_ZOAH	EVTZOAH	013980	23	narration
202	PRG	TWN_ZOAH	EVTZOAH	013B5C	23	narration
202	PRG	TWN_ZOAH	EVTZOAH	013BC0	23	narration
203	PRG	FLD_C8	FLD_T0	00689F	6	dialog
203	PRG	FLD_C8	FLD_T0	0068BF	6	dialog
203	PRG	FLD_C8	FLD_T0	0068DF	6	dialog
203	PRG	FLD_C8	FLD_T0	0068FF	6	dialog
203	PRG	FLD_C8	FLD_T0	00691F	6	dialog
203	PRG	FLD_C8	FLD_T0	00693F	6	dialog
204	PRG	TWN_SEEK	EVTSEEK	015656	6	dialog
204	PRG	TWN_SEEK	EVTSEEK	015717	6	dialog
204	PRG	TWN_SEEK	EVTSEEK	015829	6	dialog
204	PRG	TWN_SEEK	EVTSEEK	0158EA	6	dialog
204	PRG	TWN_SEEK	EVTSEEK	0159FC	6	dialog
204	PRG	TWN_SEEK	EVTSEEK	015ABD	6	dialog
205	PRG	FLD_A5	FLD_A5	00F18D	39	dialog
205	PRG	FLD_A5	FLD_A5	00F67F	39	dialog
205	PRG	FLD_B5	FLD_B5	00A06D	41	slot
205	PRG	FLD_B5	FLD_B5	00A376	41	slot
205	PRG	FLD_B5	FLD_B5	00A8C0	41	slot
205	PRG	FLD_B5	FLD_B5	00ABC9	41	slot
206	PRG	TWN_CAMP	EVTCAMP	013E20	20	dialog
206	PRG	TWN_CAMP	EVTCAMP	013E8C	20	dialog
206	PRG	TWN_CAMP	EVTCAMP	013EF8	20	dialog
206	PRG	TWN_CAMP	EVTCAMP	013F7F	20	dialog
206	PRG	TWN_CAMP	EVTCAMP	013FEB	20	dialog
206	PRG	TWN_CAMP	EVTCAMP	014057	20	dialog
207	PRG	TWN_CAMP	EVTCAMP	00DAC7	5	dialog
207	PRG	TWN_CARA	EVTCARA	00A1CC	5	dialog
207	PRG	TWN_SEEK	EVTSEEK	00C062	5	dialog
207	PRG	TWN_ZOAH	EVTZOAH	03E73F	5	dialog
207	MOVIE	EVT134_2	EVT134_2	003F44	5	movie
207	MOVIE	EVT144	EVT144	004DBD	5	movie
208	PRG	BTL_B6	BTL_B6	05B0B5	11	dialog
208	PRG	BTL_B6	BTL_B6	05B19A	11	dialog
208	PRG	MENUEN	MENUEN	0048CD	11	ui
208	PRG	MENUEN	MENUEN	0049FF	11	ui
208	PRG	MENUEN	MENUEN	004B15	11	ui
208	PRG	MENUEN	MENUEN	004C47	11	ui
209	PRG	BTL_A5	BTL_A5	057C7A	9	dialog
209	PRG	BTL_A5	BTL_A5	057CA4	9	dialog
209	PRG	BTL_B5_3	BTL_B53	050D7C	9	dialog
209	PRG	MENUEN	MENUEN	003537	9	ui
209	PRG	MENUEN	MENUEN	004579	9	ui
209	PRG	TWN_ZOAH	EVTZOAH	02ACD7	9	dialog
210	PRG	TWN_SEEK	EVTSEEK	015616	31	dialog
210	PRG	TWN_SEEK	EVTSEEK	0156D7	31	dialog
210	PRG	TWN_SEEK	EVTSEEK	0157E9	31	dialog
210	PRG	TWN_SEEK	EVTSEEK	0158AA	31	dialog
210	PRG	TWN_SEEK	EVTSEEK	0159BC	31	dialog
210	PRG	TWN_SEEK	EVTSEEK	015A7D	31	dialog
211	PRG	TWN_E021	EVEEXPL	00EE7C	19	draft
211	PRG	TWN_E057	EVEEXPL	00E524	19	draft
211	PRG	TWN_E059	EVEEXPL	010178	19	draft
211	PRG	TWN_E120	EVEEXPL	00D86C	19	draft
211	PRG	TWN_SEEK	EVTSEEK	02D46C	19	dialog
211	PRG	TWN_ZOAH	EVTZOAH	061C60	19	dialog
212	PRG	FLD_C8	FLD_T0	013889	17	dialog
212	PRG	FLD_C8	FLD_T0	0139A4	17	dialog
212	PRG	FLD_C8	FLD_T0	013D3E	17	dialog
212	PRG	FLD_C8	FLD_T0	014220	17	dialog
212	PRG	FLD_C8	FLD_T0	014278	17	dialog
212	PRG	FLD_C8	FLD_T0	0142D0	17	dialog
213	PRG	TWN_CAMP	EVTCAMP	00F3A8	9	dialog
213	PRG	TWN_CAMP	EVTCAMP	00F861	9	dialog
213	PRG	TWN_CAMP	EVTCAMP	00FADA	9	dialog
213	PRG	TWN_SEEK	EVTSEEK	00C23A	9	dialog
213	PRG	TWN_SEEK	EVTSEEK	01812A	9	dialog
213	PRG	TWN_ZOAH	EVTZOAH	02F5A6	9	dialog
214	PRG	TWN_CAMP	EVTCAMP	00C097	19	slot
214	PRG	TWN_CAMP	EVTCAMP	00C13A	19	dialog
214	PRG	TWN_CAMP	EVTCAMP	00C299	19	slot
214	PRG	TWN_CAMP	EVTCAMP	00C33C	19	dialog
214	PRG	TWN_CAMP	EVTCAMP	00C4BA	19	slot
214	PRG	TWN_CAMP	EVTCAMP	00C55D	19	dialog
215	PRG	TWN_CAMP	EVTCAMP	00FCE9	15	dialog
215	PRG	TWN_CAMP	EVTCAMP	00FCFF	15	dialog
215	PRG	TWN_CAMP	EVTCAMP	00FD20	15	dialog
215	PRG	TWN_CAMP	EVTCAMP	00FD41	15	dialog
215	PRG	TWN_CAMP	EVTCAMP	00FD6A	15	dialog
215	PRG	TWN_CAMP	EVTCAMP	00FD9E	15	dialog
216	PRG	TWN_SEEK	EVTSEEK	015669	35	dialog
216	PRG	TWN_SEEK	EVTSEEK	01572A	35	dialog
216	PRG	TWN_SEEK	EVTSEEK	01583C	35	dialog
216	PRG	TWN_SEEK	EVTSEEK	0158FD	35	dialog
216	PRG	TWN_SEEK	EVTSEEK	015A0F	35	dialog
216	PRG	TWN_SEEK	EVTSEEK	015AD0	35	dialog
217	PRG	FLD_C8	FLD_T0	01389A	33	dialog
217	PRG	FLD_C8	FLD_T0	0139B5	33	dialog
217	PRG	FLD_C8	FLD_T0	013D4F	33	dialog
217	PRG	FLD_C8	FLD_T0	014231	33	dialog
217	PRG	FLD_C8	FLD_T0	014289	33	dialog
217	PRG	FLD_C8	FLD_T0	0142E1	33	dialog
218	PRG	BTL_B5	BTL_B5	051FD0	17	dialog
218	PRG	BTL_B5	BTL_B5	0522AF	17	dialog
218	PRG	BTL_C2	BTL_C2	057A02	17	dialog
218	PRG	BTL_C5	BTL_C5	052047	17	dialog
218	PRG	MENUEN	MENUEN	007F2A	17	ui
218	PRG	MENUEN	MENUEN	008F06	17	ui
219	PRG	TWN_SEEK	EVTSEEK	015635	33	dialog
219	PRG	TWN_SEEK	EVTSEEK	0156F6	33	dialog
219	PRG	TWN_SEEK	EVTSEEK	015808	33	dialog
219	PRG	TWN_SEEK	EVTSEEK	0158C9	33	dialog
219	PRG	TWN_SEEK	EVTSEEK	0159DB	33	dialog
219	PRG	TWN_SEEK	EVTSEEK	015A9C	33	dialog
220	PRG	FLD_C8	FLD_T0	014D3C	17	slot
220	PRG	FLD_C8	FLD_T0	014D66	11	dialog
220	PRG	FLD_C8	FLD_T0	014D90	11	dialog
220	PRG	FLD_C8	FLD_T0	014DD9	11	dialog
220	PRG	FLD_C8	FLD_T0	014E22	11	dialog
220	PRG	FLD_C8	FLD_T0	0151BB	11	dialog
221	PRG	TWN_SEEK	EVTSEEK	0155EF	39	dialog
221	PRG	TWN_SEEK	EVTSEEK	0156B0	39	dialog
221	PRG	TWN_SEEK	EVTSEEK	0157C2	39	dialog
221	PRG	TWN_SEEK	EVTSEEK	015883	39	dialog
221	PRG	TWN_SEEK	EVTSEEK	015995	39	dialog
221	PRG	TWN_SEEK	EVTSEEK	015A56	39	dialog
222	PRG	FLD_B6	FLD_B6	00AAB9	13	dialog
222	PRG	FLD_B6	FLD_B6	00AB11	13	dialog
222	PRG	FLD_B6	FLD_B6	00AB9A	13	dialog
222	PRG	FLD_C8	FLD_T0	0146E8	13	dialog
222	PRG	FLD_C8	FLD_T0	01473A	13	dialog
222	PRG	FLD_C8	FLD_T0	0147A3	13	dialog
223	PRG	BTL_A7	BTL_A7	053C3E	7	dialog
223	PRG	BTL_A7	BTL_A7	053CED	7	dialog
223	PRG	BTL_D2	BTL_D2	052C13	7	dialog
223	PRG	MENUEN	MENUEN	005645	7	ui
223	PRG	MENUEN	MENUEN	00577C	7	ui
223	PRG	MENUEN	MENUEN	005FC8	7	ui
224	PRG	FLD_C2	FLD_C2	00AD28	19	dialog
224	PRG	FLD_C2	FLD_C2	00AD46	19	dialog
224	PRG	FLD_C2	FLD_C2	00AD64	19	dialog
224	PRG	FLD_C2	FLD_C2	00AD82	19	dialog
224	PRG	FLD_C2	FLD_C2	00ADA0	19	dialog
224	PRG	FLD_C2	FLD_C2	00ADBE	19	dialog
225	PRG	BTL_A7_2	BTL_A72	050FD0	9	dialog
225	PRG	BTL_B5	BTL_B5	0521B4	9	dialog
225	PRG	BTL_C5	BTL_C5	052314	9	dialog
225	PRG	BTL_T0	BTL_T0	053822	9	dialog
225	PRG	MENUEN	MENUEN	007C95	9	ui
225	PRG	MENUEN	MENUEN	00906D	9	ui
226	PRG	TWN_SEEK	EVTSEEK	01568C	23	dialog
226	PRG	TWN_SEEK	EVTSEEK	01574D	23	dialog
226	PRG	TWN_SEEK	EVTSEEK	01585F	23	dialog
226	PRG	TWN_SEEK	EVTSEEK	015920	23	dialog
226	PRG	TWN_SEEK	EVTSEEK	015A32	23	dialog
226	PRG	TWN_SEEK	EVTSEEK	015AF3	23	dialog
227	PRG	TWN_CAMP	EVEEXPL	0294E4	75	dialog
227	PRG	TWN_E006	EVEEXPL	00A804	75	draft
227	PRG	TWN_E014	EVEEXPL	00A950	75	draft
227	PRG	TWN_E022	EVEEXPL	00A83C	75	draft
227	PRG	TWN_E121	EVEEXPL	00BE24	75	draft
227	PRG	TWN_EXCA	EVEEXPL	010E24	75	dialog
228	PRG	TWN_CARA	EVTCARA	00984D	2	dialog
228	PRG	TWN_CARA	EVTCARA	009902	2	dialog
228	PRG	TWN_CARA	EVTCARA	009A1E	2	dialog
228	PRG	TWN_CARA	EVTCARA	009B78	2	dialog
228	PRG	TWN_CARA	EVTCARA	009BBF	2	dialog
228	PRG	TWN_ZOAH	EVTZOAH	022BD1	2	dialog
229	PRG	TWN_CAMP	EVTCAMP	01261C	23	narration
229	PRG	TWN_CAMP	EVTCAMP	01264A	23	narration
229	PRG	TWN_CAMP	EVTCAMP	012678	23	narration
229	PRG	TWN_CAMP	EVTCAMP	01292A	23	narration
229	PRG	TWN_CAMP	EVTCAMP	012A10	23	narration
230	PRG	TWN_CAMP	EVTCAMP	012E1B	23	narration
230	PRG	TWN_CAMP	EVTCAMP	012E8E	23	narration
230	PRG	TWN_CAMP	EVTCAMP	012F01	23	narration
230	PRG	TWN_CAMP	EVTCAMP	012F74	23	narration
230	PRG	TWN_CAMP	EVTCAMP	012FE7	23	narration
231	PRG	TWN_CAMP	EVTCAMP	012E04	23	narration
231	PRG	TWN_CAMP	EVTCAMP	012E77	23	narration
231	PRG	TWN_CAMP	EVTCAMP	012EEA	23	narration
231	PRG	TWN_CAMP	EVTCAMP	012F5D	23	narration
231	PRG	TWN_CAMP	EVTCAMP	012FD0	23	narration
232	PRG	FLD_B5	FLD_B5	0099B2	11	narration
232	PRG	FLD_B5	FLD_B5	009C34	11	narration
232	PRG	TWN_SEEK	EVTSEEK	00557E	11	narration
232	PRG	TWN_ZOAH	EVTZOAH	02FA8E	11	narration
232	PRG	TWN_ZOAH	EVTZOAH	02FFC3	11	narration
233	PRG	TWN_CAMP	EVTCAMP	013968	23	narration
233	PRG	TWN_CAMP	EVTCAMP	013D2E	23	narration
233	PRG	TWN_CAMP	EVTCAMP	013D5C	23	narration
233	PRG	TWN_CAMP	EVTCAMP	013D8A	23	narration
233	PRG	TWN_CAMP	EVTCAMP	013DB8	23	narration
234	PRG	TWN_ZOAH	EVTZOAH	0186E0	39	narration
234	PRG	TWN_ZOAH	EVTZOAH	0187BC	39	narration
234	PRG	TWN_ZOAH	EVTZOAH	018B99	39	narration
234	PRG	TWN_ZOAH	EVTZOAH	018C33	39	narration
234	PRG	TWN_ZOAH	EVTZOAH	018CCD	39	narration
235	PRG	TWN_ZOAH	EVTZOAH	03B0A5	33	narration
235	PRG	TWN_ZOAH	EVTZOAH	03B16A	33	narration
235	PRG	TWN_ZOAH	EVTZOAH	03B2D6	33	narration
235	PRG	TWN_ZOAH	EVTZOAH	03B466	33	narration
235	PRG	TWN_ZOAH	EVTZOAH	03B570	33	narration
236	PRG	TWN_ZOAH	EVTZOAH	00DCF5	21	narration
236	PRG	TWN_ZOAH	EVTZOAH	00DF15	21	narration
236	PRG	TWN_ZOAH	EVTZOAH	00E1EF	21	narration
236	PRG	TWN_ZOAH	EVTZOAH	00E2DB	21	narration
236	PRG	TWN_ZOAH	EVTZOAH	00E32E	21	narration
237	PRG	TWN_ZOAH	EVTZOAH	00DD0A	35	narration
237	PRG	TWN_ZOAH	EVTZOAH	00DF2A	35	narration
237	PRG	TWN_ZOAH	EVTZOAH	00E204	35	narration
237	PRG	TWN_ZOAH	EVTZOAH	00E2F0	35	narration
237	PRG	TWN_ZOAH	EVTZOAH	00E343	35	narration
238	PRG	TWN_ZOAH	EVTZOAH	00DE3C	37	narration
238	PRG	TWN_ZOAH	EVTZOAH	00E147	37	narration
238	PRG	TWN_ZOAH	EVTZOAH	00E282	37	narration
238	PRG	TWN_ZOAH	EVTZOAH	00E3F5	37	narration
238	PRG	TWN_ZOAH	EVTZOAH	00E45A	37	narration
239	PRG	TWN_CARA	EVTCARA	00B229	25	narration
239	PRG	TWN_CARA	EVTCARA	00B390	25	narration
239	PRG	TWN_CARA	EVTCARA	00B46A	25	narration
239	PRG	TWN_CARA	EVTCARA	00B514	25	narration
239	PRG	TWN_ZOAH	EVTZOAH	01C9E2	25	narration
240	PRG	TWN_CARA	EVTCARA	00B0C7	31	narration
240	PRG	TWN_CARA	EVTCARA	00B13D	31	narration
240	PRG	TWN_CARA	EVTCARA	00B1B3	31	narration
240	PRG	TWN_CARA	EVTCARA	00B2E1	31	narration
240	PRG	TWN_CARA	EVTCARA	00B3F4	31	narration
241	PRG	TWN_ZOAH	EVTZOAH	00DE61	31	narration
241	PRG	TWN_ZOAH	EVTZOAH	00DE95	31	narration
241	PRG	TWN_ZOAH	EVTZOAH	00E2A7	31	narration
241	PRG	TWN_ZOAH	EVTZOAH	00E381	31	narration
241	PRG	TWN_ZOAH	EVTZOAH	00E47F	31	narration
242	PRG	TWN_CARA	EVTCARA	003DA6	25	narration
242	PRG	TWN_CARA	EVTCARA	004051	25	narration
242	PRG	TWN_CARA	EVTCARA	00408D	25	narration
242	PRG	TWN_SEEK	EVTSEEK	0049D2	25	narration
242	PRG	TWN_SEEK	EVTSEEK	004E62	25	narration
243	PRG	TWN_CARA	EVTCARA	00966B	19	narration
243	PRG	TWN_CARA	EVTCARA	0096B9	19	narration
243	PRG	TWN_CARA	EVTCARA	009707	19	narration
243	PRG	TWN_CARA	EVTCARA	00996D	19	narration
243	PRG	TWN_CARA	EVTCARA	009A89	19	narration
244	PRG	TWN_ZOAH	EVTZOAH	00DE1D	31	narration
244	PRG	TWN_ZOAH	EVTZOAH	00E128	31	narration
244	PRG	TWN_ZOAH	EVTZOAH	00E263	31	narration
244	PRG	TWN_ZOAH	EVTZOAH	00E3D6	31	narration
244	PRG	TWN_ZOAH	EVTZOAH	00E43B	31	narration
245	PRG	TWN_ZOAH	EVTZOAH	00DDFC	33	narration
245	PRG	TWN_ZOAH	EVTZOAH	00E107	33	narration
245	PRG	TWN_ZOAH	EVTZOAH	00E242	33	narration
245	PRG	TWN_ZOAH	EVTZOAH	00E3B5	33	narration
245	PRG	TWN_ZOAH	EVTZOAH	00E41A	33	narration
246	PRG	TWN_CARA	EVTCARA	00967E	37	narration
246	PRG	TWN_CARA	EVTCARA	0096CC	37	narration
246	PRG	TWN_CARA	EVTCARA	00971A	37	narration
246	PRG	TWN_CARA	EVTCARA	009980	37	narration
246	PRG	TWN_CARA	EVTCARA	009A9C	37	narration
247	PRG	TWN_CAMP	EVTCAMP	012E32	23	narration
247	PRG	TWN_CAMP	EVTCAMP	012EA5	23	narration
247	PRG	TWN_CAMP	EVTCAMP	012F18	23	narration
247	PRG	TWN_CAMP	EVTCAMP	012F8B	23	narration
247	PRG	TWN_CAMP	EVTCAMP	012FFE	23	narration
248	PRG	TWN_CAMP	EVTCAMP	012E49	23	narration
248	PRG	TWN_CAMP	EVTCAMP	012EBC	23	narration
248	PRG	TWN_CAMP	EVTCAMP	012F2F	23	narration
248	PRG	TWN_CAMP	EVTCAMP	012FA2	23	narration
248	PRG	TWN_CAMP	EVTCAMP	013015	23	narration
249	PRG	TWN_CAMP	EVTCAMP	012DED	23	narration
249	PRG	TWN_CAMP	EVTCAMP	012E60	23	narration
249	PRG	TWN_CAMP	EVTCAMP	012ED3	23	narration
249	PRG	TWN_CAMP	EVTCAMP	012F46	23	narration
249	PRG	TWN_CAMP	EVTCAMP	012FB9	23	narration
250	PRG	TWN_CAMP	EVTCAMP	0127FF	23	narration
250	PRG	TWN_CAMP	EVTCAMP	01282D	23	narration
250	PRG	TWN_CAMP	EVTCAMP	01285B	23	narration
250	PRG	TWN_CAMP	EVTCAMP	01296F	23	narration
250	PRG	TWN_CAMP	EVTCAMP	012A55	23	narration
251	PRG	FLD_C8	FLD_T0	0151D3	12	dialog
251	PRG	FLD_C8	FLD_T0	0151EE	12	dialog
251	PRG	FLD_C8	FLD_T0	015209	12	dialog
251	PRG	FLD_C8	FLD_T0	015224	12	dialog
251	PRG	FLD_C8	FLD_T0	01523F	12	dialog
252	PRG	BTL_T0	BTL_T0	054AFD	22	dialog
252	PRG	BTL_T0	BTL_T0	054B98	22	dialog
252	PRG	BTL_T0	BTL_T0	054BC8	22	dialog
252	PRG	BTL_T0	BTL_T0	054BF8	22	dialog
252	PRG	BTL_T0	BTL_T0	054C0F	22	dialog
253	PRG	FLD_C8	FLD_T0	014826	20	dialog
253	PRG	FLD_C8	FLD_T0	0148B4	20	dialog
253	PRG	FLD_C8	FLD_T0	01496F	20	dialog
253	PRG	FLD_C8	FLD_T0	0149B5	20	dialog
253	PRG	FLD_C8	FLD_T0	0149FB	20	dialog
254	PRG	TWN_CARA	EVTCARA	00A133	4	dialog
254	PRG	TWN_CARA	EVTCARA	00A167	4	dialog
254	PRG	TWN_SEEK	EVTSEEK	00D64E	4	dialog
254	PRG	TWN_ZOAH	EVTZOAH	03B3CB	4	dialog
254	PRG	TWN_ZOAH	EVTZOAH	03B5FC	4	dialog
255	PRG	FLD_B6	FLD_B6	00A0DA	4	dialog
255	PRG	FLD_B6	FLD_B6	00A157	4	dialog
255	PRG	FLD_B6	FLD_B6	00A1A9	4	dialog
255	PRG	FLD_B6	FLD_B6	00A2A6	4	dialog
255	PRG	TWN_CARA	EVTCARA	009E2F	4	dialog
256	PRG	TWN_CAMP	EVTCAMP	00CFBC	4	dialog
256	PRG	TWN_ZOAH	EVTZOAH	01D1AF	4	dialog
256	PRG	TWN_ZOAH	EVTZOAH	022D90	4	dialog
256	PRG	TWN_ZOAH	EVTZOAH	022F6E	4	dialog
256	PRG	TWN_ZOAH	EVTZOAH	0339EF	4	dialog
257	PRG	TWN_CAMP	EVTCAMP	00C850	19	dialog
257	PRG	TWN_CAMP	EVTCAMP	00E088	19	dialog
257	PRG	TWN_ZOAH	EVTZOAH	022A78	19	dialog
257	PRG	TWN_ZOAH	EVTZOAH	022DC3	19	dialog
257	PRG	TWN_ZOAH	EVTZOAH	022FA1	19	dialog
258	PRG	TWN_CARA	EVTCARA	0171F3	7	dialog
258	PRG	TWN_CARA	EVTCARA	01735C	7	dialog
258	PRG	TWN_SEEK	EVTSEEK	00BE94	7	dialog
258	PRG	TWN_SEEK	EVTSEEK	0123D8	7	dialog
258	PRG	TWN_ZOAH	EVTZOAH	02F56F	7	dialog
259	PRG	TWN_ZOAH	EVTZOAH	022A56	21	dialog
259	PRG	TWN_ZOAH	EVTZOAH	022DA1	21	dialog
259	PRG	TWN_ZOAH	EVTZOAH	022F7F	21	dialog
259	PRG	TWN_ZOAH	EVTZOAH	02F0D6	21	dialog
259	PRG	TWN_ZOAH	EVTZOAH	0309D8	21	dialog
260	PRG	FLD_A5	FLD_A5	00D3D0	7	dialog
260	PRG	TWN_SEEK	EVTSEEK	00D4D4	7	dialog
260	PRG	TWN_SEEK	EVTSEEK	0126CA	7	dialog
260	PRG	TWN_ZOAH	EVTZOAH	01C2C7	7	dialog
260	MOVIE	EVT008	EVT008	000FA4	7	movie
261	PRG	BTL_C2_2	BTL_C22	001A3C	8	dialog
261	PRG	BTL_C2_2	BTL_C22	001A68	8	dialog
261	PRG	BTL_C2_2	BTL_C22	001A94	8	dialog
261	PRG	BTL_C2_2	BTL_C22	001AC0	8	dialog
261	PRG	BTL_C2_2	BTL_C22	001AF6	8	dialog
262	PRG	MENUEN	MENUEN	00A61F	84	ui
262	PRG	MENUEN	MENUEN	00A6F7	84	ui
262	PRG	MENUEN	MENUEN	00A7CF	84	ui
262	PRG	MENUEN	MENUEN	00A8A7	84	ui
262	PRG	MENUEN	MENUEN	00A97F	84	ui
263	PRG	MENUEN	MENUEN	0098F1	96	ui
263	PRG	MENUEN	MENUEN	0099DD	96	ui
263	PRG	MENUEN	MENUEN	009AC9	96	ui
263	PRG	MENUEN	MENUEN	009BB5	96	ui
263	PRG	MENUEN	MENUEN	009CA1	96	ui
264	PRG	MENUEN	MENUEN	009D8D	86	ui
264	PRG	MENUEN	MENUEN	009E6D	86	ui
264	PRG	MENUEN	MENUEN	009F4D	86	ui
264	PRG	MENUEN	MENUEN	00A02D	86	ui
264	PRG	MENUEN	MENUEN	00A10D	86	ui
265	PRG	MENUEN	MENUEN	0072B1	127	ui
265	PRG	MENUEN	MENUEN	0073C5	127	ui
265	PRG	MENUEN	MENUEN	0074D9	127	ui
265	PRG	MENUEN	MENUEN	0075ED	127	ui
265	PRG	MENUEN	MENUEN	00770F	127	ui
266	PRG	1ST_READ	SAVE	03D479	9	dialog
266	PRG	TWN_ZOAH	EVTZOAH	00B288	9	dialog
266	PRG	TWN_ZOAH	EVTZOAH	00B2A1	9	dialog
266	PRG	TWN_ZOAH	EVTZOAH	00B36A	9	dialog
266	PRG	WORLD	WORLDMAP	005587	9	ui
267	PRG	MENUEN	MENUEN	00A1ED	78	ui
267	PRG	MENUEN	MENUEN	00A2C5	78	ui
267	PRG	MENUEN	MENUEN	00A39D	78	ui
267	PRG	MENUEN	MENUEN	00A475	78	ui
267	PRG	MENUEN	MENUEN	00A54D	78	ui
268	PRG	BTL_A7	BTL_A7	053B9C	11	dialog
268	PRG	BTL_C4	BTL_C4	05412D	11	dialog
268	PRG	BTL_D2	BTL_D2	052B8C	11	dialog
268	PRG	BTL_T0	BTL_T0	053728	11	dialog
268	PRG	MENUEN	MENUEN	00536C	11	ui
269	PRG	BTL_A3_2	BTL_A32	054E39	9	dialog
269	PRG	BTL_B2	BTL_B2	04FD1F	9	dialog
269	PRG	BTL_B6_2	BTL_B62	053B44	9	dialog
269	PRG	MENUEN	MENUEN	00305D	9	ui
269	PRG	MENUEN	MENUEN	0051C5	9	ui
270	PRG	TWN_CAMP	EVTCAMP	00F9A0	33	dialog
270	PRG	TWN_CAMP	EVTCAMP	00FA1D	33	dialog
270	PRG	TWN_CAMP	EVTCAMP	00FC19	33	dialog
270	PRG	TWN_CAMP	EVTCAMP	00FC96	33	dialog
270	PRG	TWN_EXCA	EVTEXCA	0016AF	33	dialog
271	PRG	BTL_A7	BTL_A7	053BD8	17	dialog
271	PRG	BTL_A7	BTL_A7	053CD1	17	dialog
271	PRG	BTL_C4	BTL_C4	054169	17	dialog
271	PRG	BTL_D2	BTL_D2	052BC8	17	dialog
271	PRG	BTL_T0	BTL_T0	053764	17	dialog
272	PRG	TWN_CAMP	EVTCAMP	00F981	31	dialog
272	PRG	TWN_CAMP	EVTCAMP	00F9FE	31	dialog
272	PRG	TWN_CAMP	EVTCAMP	00FBFA	31	dialog
272	PRG	TWN_CAMP	EVTCAMP	00FC77	31	dialog
272	PRG	TWN_EXCA	EVTEXCA	001690	31	dialog
273	PRG	BTL_B5	BTL_B5	051FBC	15	dialog
273	PRG	BTL_C2	BTL_C2	0579EE	15	dialog
273	PRG	BTL_C5	BTL_C5	052038	15	dialog
273	PRG	MENUEN	MENUEN	007E58	15	ui
273	PRG	MENUEN	MENUEN	008E34	15	ui
274	PRG	MENUEN	MENUEN	00AA59	112	ui
274	PRG	MENUEN	MENUEN	00AB51	112	ui
274	PRG	MENUEN	MENUEN	00AC49	112	ui
274	PRG	MENUEN	MENUEN	00AD41	112	ui
274	PRG	MENUEN	MENUEN	00AE39	112	ui
275	PRG	BTL_B5	BTL_B5	05228F	9	dialog
275	PRG	BTL_C8	BTL_C8	04E9FA	9	dialog
275	PRG	BTL_C8	BTL_C8	04EADC	9	dialog
275	PRG	MENUEN	MENUEN	008059	9	ui
275	PRG	MENUEN	MENUEN	009409	9	ui
276	PRG	BTL_B5	BTL_B5	0520D1	7	dialog
276	PRG	BTL_B5	BTL_B5	052264	7	dialog
276	PRG	BTL_C8	BTL_C8	04E96F	7	dialog
276	PRG	MENUEN	MENUEN	0081CC	7	ui
276	PRG	MENUEN	MENUEN	00953B	7	ui
277	PRG	FLD_C2	FLD_C2	00ABE1	21	dialog
277	PRG	FLD_C2	FLD_C2	00AC01	21	dialog
277	PRG	FLD_C2	FLD_C2	00AC21	21	dialog
277	PRG	FLD_C2	FLD_C2	00AC41	21	dialog
277	PRG	FLD_C2	FLD_C2	00AC61	21	dialog
278	PRG	FLD_A5	FLD_A5	00D965	39	dialog
278	PRG	FLD_A5	FLD_A5	00DDE4	39	dialog
278	PRG	FLD_A5	FLD_A5	00E326	39	dialog
278	PRG	FLD_A5	FLD_A5	00E7A5	39	dialog
279	PRG	FLD_A5	FLD_A5	00D98C	39	dialog
279	PRG	FLD_A5	FLD_A5	00DE0B	39	dialog
279	PRG	FLD_A5	FLD_A5	00E34D	39	dialog
279	PRG	FLD_A5	FLD_A5	00E7CC	39	dialog
280	PRG	FLD_A5	FLD_A5	00D9B3	39	dialog
280	PRG	FLD_A5	FLD_A5	00DE32	39	dialog
280	PRG	FLD_A5	FLD_A5	00E374	39	dialog
280	PRG	FLD_A5	FLD_A5	00E7F3	39	dialog
281	PRG	FLD_A5	FLD_A5	00D9DA	39	dialog
281	PRG	FLD_A5	FLD_A5	00DE59	39	dialog
281	PRG	FLD_A5	FLD_A5	00E39B	39	dialog
281	PRG	FLD_A5	FLD_A5	00E81A	39	dialog
282	PRG	FLD_A5	FLD_A5	00DA01	39	dialog
282	PRG	FLD_A5	FLD_A5	00DE80	39	dialog
282	PRG	FLD_A5	FLD_A5	00E3C2	39	dialog
282	PRG	FLD_A5	FLD_A5	00E841	39	dialog
283	PRG	FLD_A5	FLD_A5	00DA29	39	dialog
283	PRG	FLD_A5	FLD_A5	00DEA8	39	dialog
283	PRG	FLD_A5	FLD_A5	00E3EA	39	dialog
283	PRG	FLD_A5	FLD_A5	00E869	39	dialog
284	PRG	FLD_A5	FLD_A5	00DA50	39	dialog
284	PRG	FLD_A5	FLD_A5	00DECF	39	dialog
284	PRG	FLD_A5	FLD_A5	00E411	39	dialog
284	PRG	FLD_A5	FLD_A5	00E890	39	dialog
285	PRG	FLD_A5	FLD_A5	00DA77	39	dialog
285	PRG	FLD_A5	FLD_A5	00DEF6	39	dialog
285	PRG	FLD_A5	FLD_A5	00E438	39	dialog
285	PRG	FLD_A5	FLD_A5	00E8B7	39	dialog
286	PRG	FLD_A5	FLD_A5	00DA9E	39	dialog
286	PRG	FLD_A5	FLD_A5	00DF1D	39	dialog
286	PRG	FLD_A5	FLD_A5	00E45F	39	dialog
286	PRG	FLD_A5	FLD_A5	00E8DE	39	dialog
287	PRG	FLD_A5	FLD_A5	00DAC5	39	dialog
287	PRG	FLD_A5	FLD_A5	00DF44	39	dialog
287	PRG	FLD_A5	FLD_A5	00E486	39	dialog
287	PRG	FLD_A5	FLD_A5	00E905	39	dialog
288	PRG	FLD_A5	FLD_A5	00DAEC	39	dialog
288	PRG	FLD_A5	FLD_A5	00DF6B	39	dialog
288	PRG	FLD_A5	FLD_A5	00E4AD	39	dialog
288	PRG	FLD_A5	FLD_A5	00E92C	39	dialog
289	PRG	FLD_A5	FLD_A5	00DB14	39	dialog
289	PRG	FLD_A5	FLD_A5	00DF93	39	dialog
289	PRG	FLD_A5	FLD_A5	00E4D5	39	dialog
289	PRG	FLD_A5	FLD_A5	00E954	39	dialog
290	PRG	FLD_A5	FLD_A5	00DB3C	39	dialog
290	PRG	FLD_A5	FLD_A5	00DFBB	39	dialog
290	PRG	FLD_A5	FLD_A5	00E4FD	39	dialog
290	PRG	FLD_A5	FLD_A5	00E97C	39	dialog
291	PRG	FLD_A5	FLD_A5	00DB64	39	dialog
291	PRG	FLD_A5	FLD_A5	00DFE3	39	dialog
291	PRG	FLD_A5	FLD_A5	00E525	39	dialog
291	PRG	FLD_A5	FLD_A5	00E9A4	39	dialog
292	PRG	FLD_A5	FLD_A5	00DB8C	39	dialog
292	PRG	FLD_A5	FLD_A5	00E00B	39	dialog
292	PRG	FLD_A5	FLD_A5	00E54D	39	dialog
292	PRG	FLD_A5	FLD_A5	00E9CC	39	dialog
293	PRG	FLD_A5	FLD_A5	00DBB4	39	dialog
293	PRG	FLD_A5	FLD_A5	00E033	39	dialog
293	PRG	FLD_A5	FLD_A5	00E575	39	dialog
293	PRG	FLD_A5	FLD_A5	00E9F4	39	dialog
294	PRG	FLD_A5	FLD_A5	00DBDC	39	dialog
294	PRG	FLD_A5	FLD_A5	00E05B	39	dialog
294	PRG	FLD_A5	FLD_A5	00E59D	39	dialog
294	PRG	FLD_A5	FLD_A5	00EA1C	39	dialog
295	PRG	FLD_A5	FLD_A5	00DC04	39	dialog
295	PRG	FLD_A5	FLD_A5	00E083	39	dialog
295	PRG	FLD_A5	FLD_A5	00E5C5	39	dialog
295	PRG	FLD_A5	FLD_A5	00EA44	39	dialog
296	PRG	TWN_CAMP	EVTCAMP	012B80	23	narration
296	PRG	TWN_CAMP	EVTCAMP	012BAE	23	narration
296	PRG	TWN_CAMP	EVTCAMP	012D07	23	narration
296	PRG	TWN_CAMP	EVTCAMP	012D35	23	narration
297	PRG	TWN_CAMP	EVTCAMP	012B69	23	narration
297	PRG	TWN_CAMP	EVTCAMP	012BC5	23	narration
297	PRG	TWN_CAMP	EVTCAMP	012CF0	23	narration
297	PRG	TWN_CAMP	EVTCAMP	012D4C	23	narration
298	PRG	TWN_CAMP	EVTCAMP	012B52	23	narration
298	PRG	TWN_CAMP	EVTCAMP	012BDC	23	narration
298	PRG	TWN_CAMP	EVTCAMP	012CD9	23	narration
298	PRG	TWN_CAMP	EVTCAMP	012D63	23	narration
299	PRG	TWN_CAMP	EVTCAMP	013A4E	23	narration
299	PRG	TWN_CAMP	EVTCAMP	013A7C	23	narration
299	PRG	TWN_CAMP	EVTCAMP	013AAA	23	narration
299	PRG	TWN_CAMP	EVTCAMP	013AD8	23	narration
300	PRG	TWN_CAMP	EVTCAMP	013A65	23	narration
300	PRG	TWN_CAMP	EVTCAMP	013A93	23	narration
300	PRG	TWN_CAMP	EVTCAMP	013AC1	23	narration
300	PRG	TWN_CAMP	EVTCAMP	013AEF	23	narration
301	PRG	TWN_CAMP	EVTCAMP	013B06	23	narration
301	PRG	TWN_CAMP	EVTCAMP	013B34	23	narration
301	PRG	TWN_CAMP	EVTCAMP	013B62	23	narration
301	PRG	TWN_CAMP	EVTCAMP	013B90	23	narration
302	PRG	TWN_CAMP	EVTCAMP	013B1D	23	narration
302	PRG	TWN_CAMP	EVTCAMP	013B4B	23	narration
302	PRG	TWN_CAMP	EVTCAMP	013B79	23	narration
302	PRG	TWN_CAMP	EVTCAMP	013BA7	23	narration
303	PRG	TWN_CAMP	EVTCAMP	012B24	23	narration
303	PRG	TWN_CAMP	EVTCAMP	012C0A	23	narration
303	PRG	TWN_CAMP	EVTCAMP	012CAB	23	narration
303	PRG	TWN_CAMP	EVTCAMP	012D91	23	narration
304	PRG	TWN_CAMP	EVTCAMP	013BBE	23	narration
304	PRG	TWN_CAMP	EVTCAMP	013BEC	23	narration
304	PRG	TWN_CAMP	EVTCAMP	013C1A	23	narration
304	PRG	TWN_CAMP	EVTCAMP	013C48	23	narration
305	PRG	TWN_CAMP	EVTCAMP	013BD5	23	narration
305	PRG	TWN_CAMP	EVTCAMP	013C03	23	narration
305	PRG	TWN_CAMP	EVTCAMP	013C31	23	narration
305	PRG	TWN_CAMP	EVTCAMP	013C5F	23	narration
306	PRG	TWN_CAMP	EVTCAMP	012B0D	23	narration
306	PRG	TWN_CAMP	EVTCAMP	012C21	23	narration
306	PRG	TWN_CAMP	EVTCAMP	012C94	23	narration
306	PRG	TWN_CAMP	EVTCAMP	012DA8	23	narration
307	PRG	TWN_CAMP	EVTCAMP	013C76	23	narration
307	PRG	TWN_CAMP	EVTCAMP	013CA4	23	narration
307	PRG	TWN_CAMP	EVTCAMP	013CD2	23	narration
307	PRG	TWN_CAMP	EVTCAMP	013D00	23	narration
308	PRG	TWN_CAMP	EVTCAMP	013C8D	23	narration
308	PRG	TWN_CAMP	EVTCAMP	013CBB	23	narration
308	PRG	TWN_CAMP	EVTCAMP	013CE9	23	narration
308	PRG	TWN_CAMP	EVTCAMP	013D17	23	narration
309	PRG	TWN_CAMP	EVTCAMP	012AF6	23	narration
309	PRG	TWN_CAMP	EVTCAMP	012C38	23	narration
309	PRG	TWN_CAMP	EVTCAMP	012C7D	23	narration
309	PRG	TWN_CAMP	EVTCAMP	012DBF	23	narration
310	PRG	TWN_CAMP	EVTCAMP	0145B1	26	narration
310	PRG	TWN_CAMP	EVTCAMP	0145E9	26	narration
310	PRG	TWN_CAMP	EVTCAMP	0147B7	26	narration
310	PRG	TWN_CAMP	EVTCAMP	0147EF	26	narration
311	PRG	TWN_CAMP	EVTCAMP	014594	26	narration
311	PRG	TWN_CAMP	EVTCAMP	014606	26	narration
311	PRG	TWN_CAMP	EVTCAMP	01479A	26	narration
311	PRG	TWN_CAMP	EVTCAMP	01480C	26	narration
312	PRG	TWN_CAMP	EVTCAMP	014577	26	narration
312	PRG	TWN_CAMP	EVTCAMP	014623	26	narration
312	PRG	TWN_CAMP	EVTCAMP	01477D	26	narration
312	PRG	TWN_CAMP	EVTCAMP	014829	26	narration
313	PRG	TWN_CAMP	EVTCAMP	01455A	26	narration
313	PRG	TWN_CAMP	EVTCAMP	014640	26	narration
313	PRG	TWN_CAMP	EVTCAMP	014760	26	narration
313	PRG	TWN_CAMP	EVTCAMP	014846	26	narration
314	PRG	TWN_CAMP	EVTCAMP	01453D	26	narration
314	PRG	TWN_CAMP	EVTCAMP	01465D	26	narration
314	PRG	TWN_CAMP	EVTCAMP	014743	26	narration
314	PRG	TWN_CAMP	EVTCAMP	014863	26	narration
315	PRG	TWN_CAMP	EVTCAMP	014520	26	narration
315	PRG	TWN_CAMP	EVTCAMP	01467A	26	narration
315	PRG	TWN_CAMP	EVTCAMP	014726	26	narration
315	PRG	TWN_CAMP	EVTCAMP	014880	26	narration
316	PRG	TWN_CAMP	EVTCAMP	014503	26	narration
316	PRG	TWN_CAMP	EVTCAMP	014697	26	narration
316	PRG	TWN_CAMP	EVTCAMP	014709	26	narration
316	PRG	TWN_CAMP	EVTCAMP	01489D	26	narration
317	PRG	TWN_CAMP	EVTCAMP	0144E6	26	narration
317	PRG	TWN_CAMP	EVTCAMP	0146B4	26	narration
317	PRG	TWN_CAMP	EVTCAMP	0146EC	26	narration
317	PRG	TWN_CAMP	EVTCAMP	0148BA	26	narration
318	PRG	TWN_CAMP	EVTCAMP	013F45	24	narration
318	PRG	TWN_CAMP	EVTCAMP	013FB1	24	narration
318	PRG	TWN_CAMP	EVTCAMP	01401D	24	narration
318	PRG	TWN_CAMP	EVTCAMP	014089	24	narration
319	PRG	TWN_CAMP	EVTCAMP	0140BF	26	narration
319	PRG	TWN_CAMP	EVTCAMP	01428D	26	narration
319	PRG	TWN_CAMP	EVTCAMP	0142C5	26	narration
319	PRG	TWN_CAMP	EVTCAMP	014493	26	narration
320	PRG	TWN_CAMP	EVTCAMP	0140DC	26	narration
320	PRG	TWN_CAMP	EVTCAMP	014270	26	narration
320	PRG	TWN_CAMP	EVTCAMP	0142E2	26	narration
320	PRG	TWN_CAMP	EVTCAMP	014476	26	narration
321	PRG	TWN_CAMP	EVTCAMP	0140F9	26	narration
321	PRG	TWN_CAMP	EVTCAMP	014253	26	narration
321	PRG	TWN_CAMP	EVTCAMP	0142FF	26	narration
321	PRG	TWN_CAMP	EVTCAMP	014459	26	narration
322	PRG	TWN_CAMP	EVTCAMP	014116	26	narration
322	PRG	TWN_CAMP	EVTCAMP	014236	26	narration
322	PRG	TWN_CAMP	EVTCAMP	01431C	26	narration
322	PRG	TWN_CAMP	EVTCAMP	01443C	26	narration
323	PRG	TWN_CAMP	EVTCAMP	014133	26	narration
323	PRG	TWN_CAMP	EVTCAMP	014219	26	narration
323	PRG	TWN_CAMP	EVTCAMP	014339	26	narration
323	PRG	TWN_CAMP	EVTCAMP	01441F	26	narration
324	PRG	TWN_CAMP	EVTCAMP	014150	26	narration
324	PRG	TWN_CAMP	EVTCAMP	0141FC	26	narration
324	PRG	TWN_CAMP	EVTCAMP	014356	26	narration
324	PRG	TWN_CAMP	EVTCAMP	014402	26	narration
325	PRG	TWN_CAMP	EVTCAMP	01416D	26	narration
325	PRG	TWN_CAMP	EVTCAMP	0141DF	26	narration
325	PRG	TWN_CAMP	EVTCAMP	014373	26	narration
325	PRG	TWN_CAMP	EVTCAMP	0143E5	26	narration
326	PRG	TWN_CAMP	EVTCAMP	01418A	26	narration
326	PRG	TWN_CAMP	EVTCAMP	0141C2	26	narration
326	PRG	TWN_CAMP	EVTCAMP	014390	26	narration
326	PRG	TWN_CAMP	EVTCAMP	0143C8	26	narration
327	PRG	TWN_CAMP	EVTCAMP	013350	24	narration
327	PRG	TWN_CAMP	EVTCAMP	013792	24	narration
327	PRG	TWN_CAMP	EVTCAMP	0141A7	24	narration
327	PRG	TWN_CAMP	EVTCAMP	0143AD	24	narration
328	PRG	TWN_CAMP	EVTCAMP	013DE6	24	narration
328	PRG	TWN_CAMP	EVTCAMP	013E52	24	narration
328	PRG	TWN_CAMP	EVTCAMP	013EBE	24	narration
328	PRG	TWN_CAMP	EVTCAMP	013F2A	24	narration
329	PRG	TWN_CAMP	EVTCAMP	013D45	23	narration
329	PRG	TWN_CAMP	EVTCAMP	013D73	23	narration
329	PRG	TWN_CAMP	EVTCAMP	013DA1	23	narration
329	PRG	TWN_CAMP	EVTCAMP	013DCF	23	narration
330	PRG	TWN_ZOAH	EVTZOAH	01336B	35	narration
330	PRG	TWN_ZOAH	EVTZOAH	0133E2	35	narration
330	PRG	TWN_ZOAH	EVTZOAH	036FAF	35	narration
330	PRG	TWN_ZOAH	EVTZOAH	037026	35	narration
331	PRG	TWN_ZOAH	EVTZOAH	028CCA	35	narration
331	PRG	TWN_ZOAH	EVTZOAH	028D0E	35	narration
331	PRG	TWN_ZOAH	EVTZOAH	028D44	35	narration
331	PRG	TWN_ZOAH	EVTZOAH	028D7A	35	narration
332	PRG	TWN_ZOAH	EVTZOAH	032FF4	33	narration
332	PRG	TWN_ZOAH	EVTZOAH	0330D6	33	narration
332	PRG	TWN_ZOAH	EVTZOAH	03318F	33	narration
332	PRG	TWN_ZOAH	EVTZOAH	0332E6	33	narration
333	PRG	TWN_SEEK	EVTSEEK	008832	37	narration
333	PRG	TWN_SEEK	EVTSEEK	008905	37	narration
333	PRG	TWN_SEEK	EVTSEEK	0089D8	37	narration
333	PRG	TWN_SEEK	EVTSEEK	008AAB	37	narration
334	PRG	TWN_ZOAH	EVTZOAH	00CA00	29	narration
334	PRG	TWN_ZOAH	EVTZOAH	00CDBD	29	narration
334	PRG	TWN_ZOAH	EVTZOAH	00D499	29	narration
334	PRG	TWN_ZOAH	EVTZOAH	00D5AE	29	narration
335	PRG	TWN_ZOAH	EVTZOAH	00DF4D	27	narration
335	PRG	TWN_ZOAH	EVTZOAH	00E227	27	narration
335	PRG	TWN_ZOAH	EVTZOAH	00E313	27	narration
335	PRG	TWN_ZOAH	EVTZOAH	00E366	27	narration
336	PRG	TWN_CARA	EVTCARA	00B3C6	21	narration
336	PRG	TWN_CARA	EVTCARA	00B4A6	21	narration
336	PRG	TWN_CARA	EVTCARA	00B54C	21	narration
336	PRG	TWN_CARA	EVTCARA	00B57A	21	narration
337	PRG	TWN_CARA	EVTCARA	00B3DB	25	narration
337	PRG	TWN_CARA	EVTCARA	00B4BB	25	narration
337	PRG	TWN_CARA	EVTCARA	00B561	25	narration
337	PRG	TWN_CARA	EVTCARA	00B58F	25	narration
338	PRG	TWN_SEEK	EVTSEEK	00880B	39	narration
338	PRG	TWN_SEEK	EVTSEEK	0088DE	39	narration
338	PRG	TWN_SEEK	EVTSEEK	0089B1	39	narration
338	PRG	TWN_SEEK	EVTSEEK	008A84	39	narration
339	PRG	TWN_CARA	EVTCARA	003C18	23	narration
339	PRG	TWN_CARA	EVTCARA	003C44	23	narration
339	PRG	TWN_CARA	EVTCARA	003C70	23	narration
339	PRG	TWN_CARA	EVTCARA	003C9C	23	narration
340	PRG	TWN_SEEK	EVTSEEK	004922	31	narration
340	PRG	TWN_SEEK	EVTSEEK	004A97	31	narration
340	PRG	TWN_SEEK	EVTSEEK	004AE8	31	narration
340	PRG	TWN_SEEK	EVTSEEK	004BC3	31	narration
341	PRG	TWN_CARA	EVTCARA	00B122	27	narration
341	PRG	TWN_CARA	EVTCARA	00B198	27	narration
341	PRG	TWN_CARA	EVTCARA	00B20E	27	narration
341	PRG	TWN_CARA	EVTCARA	00B44F	27	narration
342	PRG	TWN_CARA	EVTCARA	00C6F3	21	narration
342	PRG	TWN_CARA	EVTCARA	00C877	21	narration
342	PRG	TWN_CARA	EVTCARA	00C949	21	narration
342	PRG	TWN_CARA	EVTCARA	00CA42	21	narration
343	PRG	TWN_ZOAH	EVTZOAH	00B6F3	25	narration
343	PRG	TWN_ZOAH	EVTZOAH	00BC63	25	narration
343	PRG	TWN_ZOAH	EVTZOAH	00C3A8	25	narration
343	PRG	TWN_ZOAH	EVTZOAH	00C407	25	narration
344	PRG	TWN_ZOAH	EVTZOAH	00CA1D	27	narration
344	PRG	TWN_ZOAH	EVTZOAH	00CDDA	27	narration
344	PRG	TWN_ZOAH	EVTZOAH	00D47E	27	narration
344	PRG	TWN_ZOAH	EVTZOAH	00D593	27	narration
345	PRG	TWN_SEEK	EVTSEEK	00514C	31	narration
345	PRG	TWN_SEEK	EVTSEEK	005192	31	narration
345	PRG	TWN_SEEK	EVTSEEK	005243	31	narration
345	PRG	TWN_SEEK	EVTSEEK	005285	31	narration
346	PRG	TWN_ZOAH	EVTZOAH	00C13B	35	narration
346	PRG	TWN_ZOAH	EVTZOAH	00C175	35	narration
346	PRG	TWN_ZOAH	EVTZOAH	00C34B	35	narration
346	PRG	TWN_ZOAH	EVTZOAH	00C385	35	narration
347	PRG	TWN_ZOAH	EVTZOAH	00FD74	27	narration
347	PRG	TWN_ZOAH	EVTZOAH	00FDD1	27	narration
347	PRG	TWN_ZOAH	EVTZOAH	00FE34	27	narration
347	PRG	TWN_ZOAH	EVTZOAH	00FEEA	27	narration
348	PRG	TWN_EXCA	EVTEXCA	000D19	21	narration
348	PRG	TWN_EXCA	EVTEXCA	000F0F	21	narration
348	PRG	TWN_RUIN	EVTRUIN	0009E8	21	narration
348	PRG	TWN_RUIN	EVTRUIN	000A79	21	narration
349	PRG	TWN_ZOAH	EVTZOAH	00B6CE	37	narration
349	PRG	TWN_ZOAH	EVTZOAH	00BC7C	37	narration
349	PRG	TWN_ZOAH	EVTZOAH	00C3E2	37	narration
349	PRG	TWN_ZOAH	EVTZOAH	00C420	37	narration
350	PRG	TWN_ZOAH	EVTZOAH	03714D	27	narration
350	PRG	TWN_ZOAH	EVTZOAH	037229	27	narration
350	PRG	TWN_ZOAH	EVTZOAH	0372DF	27	narration
350	PRG	TWN_ZOAH	EVTZOAH	0373E0	27	narration
351	PRG	TWN_SEEK	EVTSEEK	008857	27	narration
351	PRG	TWN_SEEK	EVTSEEK	00892A	27	narration
351	PRG	TWN_SEEK	EVTSEEK	0089FD	27	narration
351	PRG	TWN_SEEK	EVTSEEK	008AD0	27	narration
352	PRG	TWN_ZOAH	EVTZOAH	03DDCE	29	narration
352	PRG	TWN_ZOAH	EVTZOAH	03DF44	29	narration
352	PRG	TWN_ZOAH	EVTZOAH	03E00A	29	narration
352	PRG	TWN_ZOAH	EVTZOAH	03E0FC	29	narration
353	PRG	TWN_CARA	EVTCARA	00B0E6	33	narration
353	PRG	TWN_CARA	EVTCARA	00B15C	33	narration
353	PRG	TWN_CARA	EVTCARA	00B1D2	33	narration
353	PRG	TWN_CARA	EVTCARA	00B413	33	narration
354	PRG	TWN_ZOAH	EVTZOAH	013405	29	narration
354	PRG	TWN_ZOAH	EVTZOAH	013BA3	29	narration
354	PRG	TWN_ZOAH	EVTZOAH	037049	29	narration
354	PRG	TWN_ZOAH	EVTZOAH	03726E	29	narration
355	PRG	TWN_ZOAH	EVTZOAH	037168	21	narration
355	PRG	TWN_ZOAH	EVTZOAH	037244	21	narration
355	PRG	TWN_ZOAH	EVTZOAH	0372FA	21	narration
355	PRG	TWN_ZOAH	EVTZOAH	0373FB	21	narration
356	PRG	TWN_SEEK	EVTSEEK	004CF4	21	narration
356	PRG	TWN_SEEK	EVTSEEK	004D26	21	narration
356	PRG	TWN_SEEK	EVTSEEK	004D54	21	narration
356	PRG	TWN_SEEK	EVTSEEK	004D86	21	narration
357	PRG	TWN_CARA	EVTCARA	00B107	27	narration
357	PRG	TWN_CARA	EVTCARA	00B17D	27	narration
357	PRG	TWN_CARA	EVTCARA	00B1F3	27	narration
357	PRG	TWN_CARA	EVTCARA	00B434	27	narration
358	PRG	TWN_CAMP	EVTCAMP	012ADF	23	narration
358	PRG	TWN_CAMP	EVTCAMP	012C4F	23	narration
358	PRG	TWN_CAMP	EVTCAMP	012C66	23	narration
358	PRG	TWN_CAMP	EVTCAMP	012DD6	23	narration
359	PRG	TWN_CAMP	EVTCAMP	012633	23	narration
359	PRG	TWN_CAMP	EVTCAMP	012661	23	narration
359	PRG	TWN_CAMP	EVTCAMP	01299D	23	narration
359	PRG	TWN_CAMP	EVTCAMP	012A83	23	narration
360	PRG	BTL_B5	BTL_B5	058076	24	dialog
360	PRG	BTL_C5	BTL_C5	05345E	24	dialog
360	PRG	BTL_C5_2	BTL_C52	051106	24	dialog
360	PRG	BTL_C8_2	BTL_C82	0508E6	24	dialog
361	PRG	BTL_T0	BTL_T0	0556A7	36	dialog
361	PRG	BTL_T0	BTL_T0	0556CC	36	dialog
361	PRG	BTL_T0	BTL_T0	0556F1	36	dialog
361	PRG	BTL_T0	BTL_T0	055716	36	dialog
362	PRG	TWN_CARA	EVTCARA	005CEF	7	dialog
362	PRG	TWN_CARA	EVTCARA	00AFF3	7	dialog
362	PRG	TWN_CARA	EVTCARA	00C653	7	dialog
362	PRG	TWN_CARA	EVTCARA	01646F	7	dialog
363	PRG	TWN_CARA	EVTCARA	00A163	4	dialog
363	PRG	TWN_CARA	EVTCARA	017DB4	4	dialog
363	PRG	TWN_CARA	EVTCARA	017E1E	4	dialog
363	PRG	TWN_ZOAH	EVTZOAH	0338F7	4	dialog
364	PRG	FLD_A3	FLD_A3	02D2C7	39	dialog
364	PRG	FLD_A5	FLD_A5	032E77	39	dialog
364	PRG	FLD_C4	FLD_C4	0371D3	39	dialog
364	PRG	FLD_D2	FLD_D2	029267	39	dialog
365	PRG	TWN_CARA	EVTCARA	0062B2	4	dialog
365	PRG	TWN_CARA	EVTCARA	006310	4	dialog
365	PRG	TWN_CARA	EVTCARA	006352	4	dialog
365	PRG	TWN_ZOAH	EVTZOAH	00F0F3	4	dialog
366	PRG	FLD_B5	FLD_B5	00A096	41	slot
366	PRG	FLD_B5	FLD_B5	00A39F	41	slot
366	PRG	FLD_B5	FLD_B5	00A8E9	41	slot
366	PRG	FLD_B5	FLD_B5	00ABF2	41	slot
367	PRG	FLD_B6	FLD_B6	009E07	5	dialog
367	PRG	FLD_B6	FLD_B6	00A812	5	dialog
367	PRG	FLD_C8	FLD_T0	013E6C	5	dialog
367	PRG	FLD_C8	FLD_T0	0143A9	5	dialog
368	PRG	TWN_ZOAH	EVTZOAH	00E82E	29	dialog
368	PRG	TWN_ZOAH	EVTZOAH	00E873	29	dialog
368	PRG	TWN_ZOAH	EVTZOAH	00E8B8	29	dialog
368	PRG	TWN_ZOAH	EVTZOAH	00E8FD	29	dialog
369	PRG	BTL_T0	BTL_T0	053E3B	9	dialog
369	PRG	BTL_T0	BTL_T0	0541D7	9	dialog
369	PRG	FLD_A3	FLD_A3	009B20	9	dialog
369	PRG	FLD_A7	FLD_A7	007722	9	dialog
370	PRG	FLD_C8	FLD_T0	0131FA	11	dialog
370	PRG	TWN_CAMP	EVTCAMP	00F14A	11	dialog
370	PRG	TWN_CARA	EVTCARA	016F4C	11	dialog
370	MOVIE	EVT000_1	EVT000_1	000086	11	movie
371	PRG	BTL_B5	BTL_B5	052361	7	dialog
371	PRG	BTL_X0	BTL_X0	05E123	7	dialog
371	PRG	BTL_X0	BTL_X0	05E265	7	dialog
371	PRG	BTL_X0	BTL_X0	05E32E	7	dialog
372	MENUBK	MENUBK	MENUBK	001924	9	ui
372	MENUBK	MENUBK	MENUBK	003445	9	ui
372	MENUBK	MENUBK	MENUBK	003902	9	ui
372	MENUBK	MENUBK	MENUBK	003EF9	9	ui
373	COMMON	COMMON	ITEM	00BE43	17	ui
373	COMMON	COMMON	ITEM	00BE54	17	ui
373	COMMON	COMMON	ITEM	00BE65	17	ui
373	COMMON	COMMON	MENU	00D213	17	ui
374	PRG	BTL_B5	BTL_B5	052368	5	dialog
374	PRG	BTL_X0	BTL_X0	05E12A	5	dialog
374	PRG	BTL_X0	BTL_X0	05E26C	5	dialog
374	PRG	BTL_X0	BTL_X0	05E335	5	dialog
375	PRG	TWN_ZOAH	EVTZOAH	0192C4	2	dialog
375	PRG	TWN_ZOAH	EVTZOAH	019304	2	dialog
375	PRG	TWN_ZOAH	EVTZOAH	01AA1F	2	dialog
375	PRG	TWN_ZOAH	EVTZOAH	01AA51	2	dialog
376	PRG	BTL_B5	BTL_B5	05231C	17	dialog
376	PRG	BTL_X0	BTL_X0	05E0EC	17	dialog
376	PRG	BTL_X0	BTL_X0	05E22E	17	dialog
376	PRG	BTL_X0	BTL_X0	05E2F7	17	dialog
377	PRG	BTL_X0	BTL_X0	05E271	9	dialog
377	PRG	BTL_X0	BTL_X0	05E33A	9	dialog
377	PRG	MENUEN	MENUEN	005D56	9	ui
377	PRG	MENUEN	MENUEN	00689A	9	ui
378	PRG	FLD_A5	FLD_A5	00DCCC	39	dialog
378	PRG	FLD_A5	FLD_A5	00E14B	39	dialog
378	PRG	FLD_A5	FLD_A5	00E68D	39	dialog
378	PRG	FLD_A5	FLD_A5	00EB0C	39	dialog
379	PRG	TWN_CARA	EVTCARA	00F10B	23	dialog
379	PRG	TWN_CARA	EVTCARA	00F174	23	dialog
379	PRG	TWN_CARA	EVTCARA	00F1C8	23	dialog
379	PRG	TWN_CARA	EVTCARA	00F21C	23	dialog
380	PRG	FLD_B5	FLD_B5	00B0EC	2	dialog
380	PRG	FLD_B5	FLD_B5	00B103	2	dialog
380	PRG	FLD_B5	FLD_B5	00B11A	2	dialog
380	PRG	FLD_B5	FLD_B5	00B131	2	dialog
381	PRG	TWN_CARA	EVTCARA	00F137	21	dialog
381	PRG	TWN_CARA	EVTCARA	00F1DF	21	dialog
381	PRG	TWN_CARA	EVTCARA	00F270	21	dialog
381	PRG	TWN_CARA	EVTCARA	00F2EA	21	dialog
382	PRG	BTL_A3	BTL_A3	0531B0	9	dialog
382	PRG	BTL_T0	BTL_T0	053713	9	dialog
382	PRG	MENUEN	MENUEN	002D3C	9	ui
382	PRG	TWN_ZOAH	EVTZOAH	02AC77	9	dialog
383	PRG	TWN_CARA	EVTCARA	00F122	21	dialog
383	PRG	TWN_CARA	EVTCARA	00F18B	21	dialog
383	PRG	TWN_CARA	EVTCARA	00F25B	21	dialog
383	PRG	TWN_CARA	EVTCARA	00F2AD	21	dialog
384	PRG	FLD_A5	FLD_A5	00DCF4	39	dialog
384	PRG	FLD_A5	FLD_A5	00E173	39	dialog
384	PRG	FLD_A5	FLD_A5	00E6B5	39	dialog
384	PRG	FLD_A5	FLD_A5	00EB34	39	dialog
385	PRG	FLD_A5	FLD_A5	00DD1C	39	dialog
385	PRG	FLD_A5	FLD_A5	00E19B	39	dialog
385	PRG	FLD_A5	FLD_A5	00E6DD	39	dialog
385	PRG	FLD_A5	FLD_A5	00EB5C	39	dialog
386	PRG	BTL_A5	BTL_A5	057C0C	7	dialog
386	PRG	BTL_T0	BTL_T0	05379D	7	dialog
386	PRG	MENUEN	MENUEN	0030EC	7	ui
386	PRG	TWN_ZOAH	EVTZOAH	02ACA8	7	dialog
387	PRG	FLD_A5	FLD_A5	00DD6C	39	dialog
387	PRG	FLD_A5	FLD_A5	00E1EB	39	dialog
387	PRG	FLD_A5	FLD_A5	00E72D	39	dialog
387	PRG	FLD_A5	FLD_A5	00EBAC	39	dialog
388	PRG	1ST_READ	SAVE	03D4A6	13	dialog
388	PRG	FLD_C4	FLD_C4	0159E4	13	dialog
388	PRG	FLD_C4	FLD_C4	015FC5	13	dialog
388	PRG	WORLD	WORLDMAP	0055B4	13	ui
389	PRG	BTL_A5_2	BTL_A52	05AA54	5	dialog
389	PRG	MENUEN	MENUEN	003EAF	5	ui
389	PRG	MENUEN	MENUEN	003FB7	5	ui
389	PRG	MENUEN	MENUEN	0040D0	5	ui
390	PRG	FLD_A5	FLD_A5	00DC7C	39	dialog
390	PRG	FLD_A5	FLD_A5	00E0FB	39	dialog
390	PRG	FLD_A5	FLD_A5	00E63D	39	dialog
390	PRG	FLD_A5	FLD_A5	00EABC	39	dialog
391	PRG	BTL_A7	BTL_A7	053C33	11	dialog
391	PRG	BTL_A7	BTL_A7	053CE2	11	dialog
391	PRG	MENUEN	MENUEN	00564C	11	ui
391	PRG	MENUEN	MENUEN	005783	11	ui
392	PRG	FLD_A5	FLD_A5	00DC2C	39	dialog
392	PRG	FLD_A5	FLD_A5	00E0AB	39	dialog
392	PRG	FLD_A5	FLD_A5	00E5ED	39	dialog
392	PRG	FLD_A5	FLD_A5	00EA6C	39	dialog
393	PRG	FLD_A5	FLD_A5	00DCA4	39	dialog
393	PRG	FLD_A5	FLD_A5	00E123	39	dialog
393	PRG	FLD_A5	FLD_A5	00E665	39	dialog
393	PRG	FLD_A5	FLD_A5	00EAE4	39	dialog
394	PRG	FLD_A5	FLD_A5	00DD44	39	dialog
394	PRG	FLD_A5	FLD_A5	00E1C3	39	dialog
394	PRG	FLD_A5	FLD_A5	00E705	39	dialog
394	PRG	FLD_A5	FLD_A5	00EB84	39	dialog
395	PRG	FLD_A5	FLD_A5	00DC54	39	dialog
395	PRG	FLD_A5	FLD_A5	00E0D3	39	dialog
395	PRG	FLD_A5	FLD_A5	00E615	39	dialog
395	PRG	FLD_A5	FLD_A5	00EA94	39	dialog
396	PRG	BTL_B5	BTL_B5	052152	5	dialog
396	PRG	BTL_C5	BTL_C5	052379	5	dialog
396	PRG	BTL_C8	BTL_C8	04E9B9	5	dialog
396	PRG	BTL_C8	BTL_C8	04E9BE	5	dialog
397	PRG	TWN_SEEK	EVTSEEK	004579	25	dialog
397	PRG	TWN_SEEK	EVTSEEK	004631	25	dialog
397	PRG	TWN_SEEK	EVTSEEK	0046E7	25	dialog
397	PRG	TWN_SEEK	EVTSEEK	0121B6	25	dialog
398	PRG	TWN_ZOAH	EVTZOAH	00E84B	27	dialog
398	PRG	TWN_ZOAH	EVTZOAH	00E890	27	dialog
398	PRG	TWN_ZOAH	EVTZOAH	00E8D5	27	dialog
398	PRG	TWN_ZOAH	EVTZOAH	00E91A	27	dialog
399	PRG	BTL_D2	BTL_D2	052C3C	9	dialog
399	PRG	BTL_D2	BTL_D2	052C67	9	dialog
399	PRG	MENUEN	MENUEN	006AFD	9	ui
399	PRG	MENUEN	MENUEN	006C1B	9	ui
400	PRG	1ST_READ	SAVE	03D4B3	3	dialog
400	PRG	1ST_READ	SAVE	03D4B6	3	dialog
400	PRG	WORLD	WORLDMAP	0055C1	3	ui
400	PRG	WORLD	WORLDMAP	0055C4	3	ui
401	PRG	BTL_C4	BTL_C4	053FCB	5	dialog
401	PRG	BTL_D2	BTL_D2	052B87	5	dialog
401	PRG	MENUEN	MENUEN	006100	5	ui
401	PRG	MENUEN	MENUEN	00623C	5	ui
402	PRG	BTL_A3	BTL_A3	0531B9	7	dialog
402	PRG	BTL_A3	BTL_A3	053211	7	dialog
402	PRG	BTL_T0	BTL_T0	05371C	7	dialog
402	PRG	MENUEN	MENUEN	002DFE	7	ui
403	PRG	BTL_C2	BTL_C2	057CF6	17	dialog
403	PRG	BTL_C8	BTL_C8	04EA49	17	dialog
403	PRG	MENUEN	MENUEN	0089C0	17	ui
403	PRG	MENUEN	MENUEN	009658	17	ui
404	PRG	TWN_CAMP	EVTCAMP	00F951	35	dialog
404	PRG	TWN_CAMP	EVTCAMP	00F9CE	35	dialog
404	PRG	TWN_CAMP	EVTCAMP	00FBCA	35	dialog
404	PRG	TWN_CAMP	EVTCAMP	00FC47	35	dialog
405	PRG	TWN_ZOAH	EVTZOAH	022907	9	dialog
405	PRG	TWN_ZOAH	EVTZOAH	022C63	9	dialog
405	PRG	TWN_ZOAH	EVTZOAH	022C77	9	dialog
405	PRG	TWN_ZOAH	EVTZOAH	022CB3	9	dialog
406	PRG	TWN_SEEK	EVTSEEK	004568	17	dialog
406	PRG	TWN_SEEK	EVTSEEK	004620	17	dialog
406	PRG	TWN_SEEK	EVTSEEK	0046D6	17	dialog
406	PRG	TWN_SEEK	EVTSEEK	0121A5	17	dialog
407	PRG	BTL_A7_2	BTL_A72	050FD9	5	dialog
407	PRG	BTL_B5	BTL_B5	0521D2	5	dialog
407	PRG	BTL_C5	BTL_C5	05231D	5	dialog
407	PRG	BTL_T0	BTL_T0	05389B	5	dialog
408	PRG	TWN_CAMP	EVTCAMP	01022F	9	dialog
408	PRG	TWN_CAMP	EVTCAMP	0102BE	9	dialog
408	PRG	TWN_CAMP	EVTCAMP	010333	9	dialog
408	PRG	TWN_CAMP	EVTCAMP	01041E	9	dialog
409	PRG	BTL_D2	BTL_D2	052C31	11	dialog
409	PRG	BTL_D2	BTL_D2	052C5C	11	dialog
409	PRG	MENUEN	MENUEN	006B06	11	ui
409	PRG	MENUEN	MENUEN	006C24	11	ui
410	PRG	FLD_A5	FLD_A5	00F79F	14	dialog
410	PRG	FLD_A5	FLD_A5	00F7D0	14	dialog
410	PRG	FLD_A5	FLD_A5	00F826	14	dialog
410	PRG	FLD_A5	FLD_A5	00F87A	14	dialog
411	PRG	TWN_ZOAH	EVTZOAH	00B291	7	dialog
411	PRG	TWN_ZOAH	EVTZOAH	00B299	7	dialog
411	PRG	TWN_ZOAH	EVTZOAH	00B2AA	7	dialog
411	PRG	TWN_ZOAH	EVTZOAH	00BAFB	7	dialog
412	PRG	BTL_B5	BTL_B5	0521A0	15	dialog
412	PRG	BTL_T0	BTL_T0	05380E	15	dialog
412	PRG	MENUEN	MENUEN	007BBC	15	ui
412	PRG	MENUEN	MENUEN	008F94	15	ui
413	PRG	FLD_A5	FLD_A5	00DD94	39	dialog
413	PRG	FLD_A5	FLD_A5	00E213	39	dialog
413	PRG	FLD_A5	FLD_A5	00E755	39	dialog
413	PRG	FLD_A5	FLD_A5	00EBD4	39	dialog
414	PRG	TWN_CARA	EVTCARA	00C88C	39	narration
414	PRG	TWN_CARA	EVTCARA	00C95E	39	narration
414	PRG	TWN_CARA	EVTCARA	00CA57	39	narration
415	PRG	TWN_ZOAH	EVTZOAH	00D747	15	narration
415	PRG	TWN_ZOAH	EVTZOAH	00DB50	15	narration
415	PRG	TWN_ZOAH	EVTZOAH	00E9E9	15	narration
416	PRG	TWN_SEEK	EVTSEEK	004537	15	narration
416	PRG	TWN_SEEK	EVTSEEK	0045EF	15	narration
416	PRG	TWN_SEEK	EVTSEEK	0046A5	15	narration
417	PRG	TWN_ZOAH	EVTZOAH	022B1D	33	narration
417	PRG	TWN_ZOAH	EVTZOAH	022E88	33	narration
417	PRG	TWN_ZOAH	EVTZOAH	023067	33	narration
418	PRG	TWN_SEEK	EVTSEEK	0044FF	21	narration
418	PRG	TWN_SEEK	EVTSEEK	0045B5	21	narration
418	PRG	TWN_SEEK	EVTSEEK	00466D	21	narration
419	PRG	TWN_SEEK	EVTSEEK	004958	33	narration
419	PRG	TWN_SEEK	EVTSEEK	004A32	33	narration
419	PRG	TWN_SEEK	EVTSEEK	005013	33	narration
420	PRG	TWN_ZOAH	EVTZOAH	00CCD4	29	narration
420	PRG	TWN_ZOAH	EVTZOAH	00CF80	29	narration
420	PRG	TWN_ZOAH	EVTZOAH	00D513	29	narration
421	PRG	TWN_CARA	EVTCARA	0060B7	39	narration
421	PRG	TWN_CARA	EVTCARA	0061E3	39	narration
421	PRG	TWN_CARA	EVTCARA	006375	39	narration
422	PRG	TWN_CARA	EVTCARA	006098	31	narration
422	PRG	TWN_CARA	EVTCARA	0061A1	31	narration
422	PRG	TWN_CARA	EVTCARA	006356	31	narration
423	PRG	TWN_CARA	EVTCARA	00B2BA	39	narration
423	PRG	TWN_CARA	EVTCARA	00B300	39	narration
423	PRG	TWN_CARA	EVTCARA	00B34A	39	narration
424	PRG	TWN_CARA	EVTCARA	003A19	29	narration
424	PRG	TWN_CARA	EVTCARA	003A4B	29	narration
424	PRG	TWN_CARA	EVTCARA	003A7D	29	narration
425	PRG	TWN_ZOAH	EVTZOAH	00B427	35	narration
425	PRG	TWN_ZOAH	EVTZOAH	00B780	35	narration
425	PRG	TWN_ZOAH	EVTZOAH	00B7C2	35	narration
426	PRG	TWN_SEEK	EVTSEEK	004B43	35	narration
426	PRG	TWN_SEEK	EVTSEEK	005093	35	narration
426	PRG	TWN_SEEK	EVTSEEK	0050F2	35	narration
427	PRG	TWN_SEEK	EVTSEEK	00B966	29	narration
427	PRG	TWN_SEEK	EVTSEEK	00BA54	29	narration
427	PRG	TWN_SEEK	EVTSEEK	00C004	29	narration
428	PRG	TWN_ZOAH	EVTZOAH	00E4F5	37	narration
428	PRG	TWN_ZOAH	EVTZOAH	00E55C	37	narration
428	PRG	TWN_ZOAH	EVTZOAH	00E5C3	37	narration
429	PRG	TWN_CARA	EVTCARA	003F28	29	narration
429	PRG	TWN_SEEK	EVTSEEK	0047F7	29	narration
429	PRG	TWN_SEEK	EVTSEEK	004856	29	narration
430	PRG	TWN_CARA	EVTCARA	00ED6C	31	narration
430	PRG	TWN_CARA	EVTCARA	0129E5	31	narration
430	PRG	TWN_CARA	EVTCARA	012E8B	31	narration
431	PRG	TWN_ZOAH	EVTZOAH	028F5D	33	narration
431	PRG	TWN_ZOAH	EVTZOAH	033721	33	narration
431	PRG	TWN_ZOAH	EVTZOAH	0337D4	33	narration
432	PRG	TWN_SEEK	EVTSEEK	004546	21	narration
432	PRG	TWN_SEEK	EVTSEEK	0045FE	21	narration
432	PRG	TWN_SEEK	EVTSEEK	0046B4	21	narration
433	PRG	TWN_SEEK	EVTSEEK	004B07	27	narration
433	PRG	TWN_SEEK	EVTSEEK	005057	27	narration
433	PRG	TWN_SEEK	EVTSEEK	0050B6	27	narration
434	PRG	TWN_SEEK	EVTSEEK	004CC6	19	narration
434	PRG	TWN_ZOAH	EVTZOAH	00D0DA	19	narration
434	PRG	TWN_ZOAH	EVTZOAH	00D127	19	narration
435	PRG	TWN_CARA	EVTCARA	003DBF	35	narration
435	PRG	TWN_CARA	EVTCARA	00406A	35	narration
435	PRG	TWN_CARA	EVTCARA	0040A6	35	narration
436	PRG	TWN_ZOAH	EVTZOAH	013784	31	narration
436	PRG	TWN_ZOAH	EVTZOAH	013961	31	narration
436	PRG	TWN_ZOAH	EVTZOAH	013B3D	31	narration
437	PRG	TWN_ZOAH	EVTZOAH	03B08A	27	narration
437	PRG	TWN_ZOAH	EVTZOAH	03B14F	27	narration
437	PRG	TWN_ZOAH	EVTZOAH	03B2BB	27	narration
438	PRG	TWN_ZOAH	EVTZOAH	00E4B3	29	narration
438	PRG	TWN_ZOAH	EVTZOAH	00E51A	29	narration
438	PRG	TWN_ZOAH	EVTZOAH	00E581	29	narration
439	PRG	TWN_CARA	EVTCARA	003EE6	33	narration
439	PRG	TWN_SEEK	EVTSEEK	0047B5	33	narration
439	PRG	TWN_SEEK	EVTSEEK	004814	33	narration
440	PRG	TWN_CARA	EVTCARA	003F07	33	narration
440	PRG	TWN_SEEK	EVTSEEK	0047D6	33	narration
440	PRG	TWN_SEEK	EVTSEEK	004835	33	narration
441	PRG	TWN_ZOAH	EVTZOAH	00EC34	39	narration
441	PRG	TWN_ZOAH	EVTZOAH	00EEFA	39	narration
441	PRG	TWN_ZOAH	EVTZOAH	00EFD1	39	narration
442	PRG	TWN_ZOAH	EVTZOAH	00DA70	33	narration
442	PRG	TWN_ZOAH	EVTZOAH	00DCB4	33	narration
442	PRG	TWN_ZOAH	EVTZOAH	00E9A9	33	narration
443	PRG	TWN_SEEK	EVTSEEK	0048D8	39	narration
443	PRG	TWN_SEEK	EVTSEEK	0049AB	39	narration
443	PRG	TWN_SEEK	EVTSEEK	004E01	39	narration
444	PRG	TWN_ZOAH	EVTZOAH	00FD8F	33	narration
444	PRG	TWN_ZOAH	EVTZOAH	00FDEC	33	narration
444	PRG	TWN_ZOAH	EVTZOAH	00FE4F	33	narration
445	PRG	TWN_SEEK	EVTSEEK	0048FF	35	narration
445	PRG	TWN_SEEK	EVTSEEK	004A74	35	narration
445	PRG	TWN_SEEK	EVTSEEK	004BA0	35	narration
446	PRG	TWN_ZOAH	EVTZOAH	0137BA	27	narration
446	PRG	TWN_ZOAH	EVTZOAH	013997	27	narration
446	PRG	TWN_ZOAH	EVTZOAH	013B73	27	narration
447	PRG	TWN_ZOAH	EVTZOAH	00B44A	31	narration
447	PRG	TWN_ZOAH	EVTZOAH	00B7A3	31	narration
447	PRG	TWN_ZOAH	EVTZOAH	00B7E5	31	narration
448	PRG	TWN_ZOAH	EVTZOAH	00F5A5	31	narration
448	PRG	TWN_ZOAH	EVTZOAH	00F67E	31	narration
448	PRG	TWN_ZOAH	EVTZOAH	00F757	31	narration
449	PRG	TWN_SEEK	EVTSEEK	004B22	33	narration
449	PRG	TWN_SEEK	EVTSEEK	005072	33	narration
449	PRG	TWN_SEEK	EVTSEEK	0050D1	33	narration
450	PRG	TWN_ZOAH	EVTZOAH	00CC35	29	narration
450	PRG	TWN_ZOAH	EVTZOAH	00CC71	29	narration
450	PRG	TWN_ZOAH	EVTZOAH	00D046	29	narration
451	PRG	TWN_ZOAH	EVTZOAH	02296A	31	narration
451	PRG	TWN_ZOAH	EVTZOAH	022CF9	31	narration
451	PRG	TWN_ZOAH	EVTZOAH	022ED7	31	narration
452	PRG	TWN_SEEK	EVTSEEK	00535A	29	narration
452	PRG	TWN_SEEK	EVTSEEK	0054A4	29	narration
452	PRG	TWN_SEEK	EVTSEEK	0054E6	29	narration
453	PRG	TWN_ZOAH	EVTZOAH	00E4D0	37	narration
453	PRG	TWN_ZOAH	EVTZOAH	00E537	37	narration
453	PRG	TWN_ZOAH	EVTZOAH	00E59E	37	narration
454	PRG	TWN_SEEK	EVTSEEK	004CD9	27	narration
454	PRG	TWN_ZOAH	EVTZOAH	00D0ED	27	narration
454	PRG	TWN_ZOAH	EVTZOAH	00D13A	27	narration
455	PRG	TWN_ZOAH	EVTZOAH	028CB7	19	narration
455	PRG	TWN_ZOAH	EVTZOAH	028D31	19	narration
455	PRG	TWN_ZOAH	EVTZOAH	028D67	19	narration
456	PRG	TWN_CARA	EVTCARA	003A04	21	narration
456	PRG	TWN_CARA	EVTCARA	003A36	21	narration
456	PRG	TWN_CARA	EVTCARA	003A68	21	narration
457	PRG	TWN_ZOAH	EVTZOAH	03DDEB	35	narration
457	PRG	TWN_ZOAH	EVTZOAH	03DF61	35	narration
457	PRG	TWN_ZOAH	EVTZOAH	03E119	35	narration
458	PRG	TWN_ZOAH	EVTZOAH	00EB99	21	narration
458	PRG	TWN_ZOAH	EVTZOAH	00EF46	21	narration
458	PRG	TWN_ZOAH	EVTZOAH	00EF80	21	narration
459	PRG	FLD_B2	FLD_B2	00E25C	9	narration
459	PRG	FLD_B2	FLD_B2	00E278	9	narration
459	PRG	TWN_EXCA	EVTEXCA	000CA0	9	narration
460	PRG	TWN_CAMP	EVTCAMP	012702	23	narration
460	PRG	TWN_CAMP	EVTCAMP	012730	23	narration
460	PRG	TWN_CAMP	EVTCAMP	01275E	23	narration
461	PRG	TWN_CAMP	EVTCAMP	012889	23	narration
461	PRG	TWN_CAMP	EVTCAMP	0128B7	23	narration
461	PRG	TWN_CAMP	EVTCAMP	0128E5	23	narration
462	PRG	TWN_CARA	EVTCARA	0097C4	11	dialog
462	PRG	TWN_CARA	EVTCARA	009948	11	dialog
462	PRG	TWN_CARA	EVTCARA	009A64	11	dialog
463	PRG	TWN_ZOAH	EVTZOAH	0228FC	11	dialog
463	PRG	TWN_ZOAH	EVTZOAH	022C58	11	dialog
463	PRG	TWN_ZOAH	EVTZOAH	022CA8	11	dialog
464	PRG	FLD_B6	FLD_B6	00B23F	6	dialog
464	PRG	FLD_B6	FLD_B6	00B250	6	dialog
464	PRG	FLD_B6	FLD_B6	00B261	6	dialog
465	PRG	TWN_CAMP	EVTCAMP	00E184	4	dialog
465	PRG	TWN_CARA	EVTCARA	005E48	4	dialog
465	PRG	TWN_CARA	EVTCARA	006071	4	dialog
466	PRG	BTL_T0	BTL_T0	054B14	16	dialog
466	PRG	BTL_T0	BTL_T0	054C26	16	dialog
466	PRG	BTL_T0	BTL_T0	054C37	16	dialog
467	PRG	FLD_A5	FLD_A5	00E2B3	23	dialog
467	PRG	FLD_A5	FLD_A5	00EC74	23	dialog
467	PRG	FLD_A5	FLD_A5	00F72F	23	dialog
468	PRG	FLD_A5	FLD_A5	00E28B	23	dialog
468	PRG	FLD_A5	FLD_A5	00EC4C	23	dialog
468	PRG	FLD_A5	FLD_A5	00F703	23	dialog
469	PRG	FLD_A5	FLD_A5	00E263	23	dialog
469	PRG	FLD_A5	FLD_A5	00EC24	23	dialog
469	PRG	FLD_A5	FLD_A5	00F6D7	23	dialog
470	PRG	FLD_B6	FLD_B6	00AB03	14	dialog
470	PRG	FLD_B6	FLD_B6	00AB2A	14	dialog
470	PRG	FLD_B6	FLD_B6	00ACDE	14	dialog
471	PRG	FLD_B6	FLD_B6	00AB8C	14	dialog
471	PRG	FLD_B6	FLD_B6	00ABB3	14	dialog
471	PRG	FLD_B6	FLD_B6	00AD05	14	dialog
472	PRG	TWN_CARA	EVTCARA	0167B2	4	dialog
472	PRG	TWN_CARA	EVTCARA	0167DA	4	dialog
472	PRG	TWN_CARA	EVTCARA	016822	4	dialog
473	PRG	TWN_CAMP	EVTCAMP	00C15A	6	dialog
473	PRG	TWN_CAMP	EVTCAMP	00C35C	6	dialog
473	PRG	TWN_CAMP	EVTCAMP	00C57D	6	dialog
474	PRG	TWN_CARA	EVTCARA	016BFA	6	dialog
474	PRG	TWN_SEEK	EVTSEEK	008BED	6	dialog
474	PRG	TWN_SEEK	EVTSEEK	008C22	6	dialog
475	PRG	TWN_CARA	EVTCARA	0167D6	4	dialog
475	PRG	TWN_CARA	EVTCARA	01681E	4	dialog
475	PRG	TWN_ZOAH	EVTZOAH	013883	4	dialog
476	PRG	TWN_ZOAH	EVTZOAH	00D2CC	8	dialog
476	PRG	TWN_ZOAH	EVTZOAH	00D311	8	dialog
476	PRG	TWN_ZOAH	EVTZOAH	02FDC8	8	dialog
477	PRG	TWN_CARA	EVTCARA	00ED16	33	dialog
477	PRG	TWN_CARA	EVTCARA	00EE5A	33	dialog
477	PRG	TWN_CARA	EVTCARA	00EFE8	33	dialog
478	PRG	BTL_A7	BTL_A7	0557D0	29	dialog
478	PRG	BTL_A7_2	BTL_A72	051810	29	dialog
478	PRG	BTL_B2	BTL_B2	050640	29	dialog
479	PRG	TWN_CAMP	EVTCAMP	00F897	11	dialog
479	PRG	TWN_CAMP	EVTCAMP	00FB10	11	dialog
479	PRG	TWN_ZOAH	EVTZOAH	02FB96	11	dialog
480	PRG	TWN_ZOAH	EVTZOAH	022A0A	19	dialog
480	PRG	TWN_ZOAH	EVTZOAH	022D53	19	dialog
480	PRG	TWN_ZOAH	EVTZOAH	022F31	19	dialog
481	PRG	TWN_CAMP	EVTCAMP	00D0C7	13	dialog
481	PRG	TWN_CAMP	EVTCAMP	00D1BB	13	dialog
481	PRG	TWN_CAMP	EVTCAMP	00D2AF	13	dialog
482	PRG	TWN_CARA	EVTCARA	00F326	21	dialog
482	PRG	TWN_CARA	EVTCARA	00F375	21	dialog
482	PRG	TWN_ZOAH	EVTZOAH	00F1D9	21	dialog
483	PRG	BTL_X0	BTL_X0	05E10F	9	dialog
483	PRG	BTL_X0	BTL_X0	05E251	9	dialog
483	PRG	BTL_X0	BTL_X0	05E31A	9	dialog
484	PRG	TWN_CAMP	EVTCAMP	00E111	7	dialog
484	PRG	TWN_CAMP	EVTCAMP	00ED9C	7	dialog
484	PRG	TWN_CAMP	EVTCAMP	00F2A0	7	dialog
485	PRG	FLD_C8	FLD_T0	013A26	7	dialog
485	PRG	FLD_C8	FLD_T0	013DC4	7	dialog
485	PRG	FLD_C8	FLD_T0	01437F	7	dialog
486	PRG	TWN_CAMP	EVTCAMP	00D095	37	dialog
486	PRG	TWN_CAMP	EVTCAMP	00D189	37	dialog
486	PRG	TWN_CAMP	EVTCAMP	00D27D	37	dialog
487	PRG	TWN_CAMP	EVTCAMP	00D12A	27	dialog
487	PRG	TWN_CAMP	EVTCAMP	00D21E	27	dialog
487	PRG	TWN_CAMP	EVTCAMP	00D312	27	dialog
488	PRG	TWN_ZOAH	EVTZOAH	022AAE	35	dialog
488	PRG	TWN_ZOAH	EVTZOAH	022DFB	35	dialog
488	PRG	TWN_ZOAH	EVTZOAH	022FDA	35	dialog
489	PRG	TWN_CARA	EVTCARA	00ECEC	29	dialog
489	PRG	TWN_CARA	EVTCARA	00EDD7	29	dialog
489	PRG	TWN_CARA	EVTCARA	00EF16	29	dialog
490	PRG	TWN_CAMP	EVTCAMP	00D05E	27	dialog
490	PRG	TWN_CAMP	EVTCAMP	00D152	27	dialog
490	PRG	TWN_CAMP	EVTCAMP	00D246	27	dialog
491	PRG	FLD_B6	FLD_B6	009FF4	9	dialog
491	PRG	TWN_SEEK	EVTSEEK	0062CC	9	dialog
491	PRG	TWN_SEEK	EVTSEEK	006551	9	dialog
492	PRG	TWN_CAMP	EVTCAMP	00E1F4	11	dialog
492	MOVIE	EVT000_1	EVT000_1	000164	11	movie
492	MOVIE	EVT068_1	EVT068_1	002571	11	movie
493	PRG	TWN_SEEK	EVTSEEK	0155BF	35	dialog
493	PRG	TWN_SEEK	EVTSEEK	015792	35	dialog
493	PRG	TWN_SEEK	EVTSEEK	015965	35	dialog
494	PRG	TWN_CAMP	EVTCAMP	00D0D4	35	dialog
494	PRG	TWN_CAMP	EVTCAMP	00D1C8	35	dialog
494	PRG	TWN_CAMP	EVTCAMP	00D2BC	35	dialog
495	PRG	TWN_ZOAH	EVTZOAH	019049	17	dialog
495	PRG	TWN_ZOAH	EVTZOAH	01ADC9	17	dialog
495	MOVIE	EVT160_1	EVT160_1	005366	17	movie
496	PRG	TWN_ZOAH	EVTZOAH	01E5BC	4	dialog
496	PRG	TWN_ZOAH	EVTZOAH	02F31C	4	dialog
496	PRG	TWN_ZOAH	EVTZOAH	03B321	4	dialog
497	PRG	TWN_SEEK	EVTSEEK	0154A1	9	dialog
497	PRG	TWN_ZOAH	EVTZOAH	018F12	9	dialog
497	MOVIE	EVT000_4	EVT000_4	000945	9	movie
498	PRG	FLD_C8	FLD_T0	0149A0	9	dialog
498	PRG	FLD_C8	FLD_T0	0149E6	9	dialog
498	PRG	FLD_C8	FLD_T0	014A38	9	dialog
499	PRG	FLD_B5	FLD_B5	00928F	15	dialog
499	PRG	FLD_B5	FLD_B5	0093DA	15	dialog
499	PRG	FLD_B5	FLD_B5	00973D	15	dialog
500	PRG	FLD_B6	FLD_B6	00AAE0	23	dialog
500	PRG	FLD_B6	FLD_B6	00AB38	23	dialog
500	PRG	FLD_B6	FLD_B6	00ABC1	23	dialog
501	PRG	TWN_ZOAH	EVTZOAH	018A68	7	dialog
501	PRG	TWN_ZOAH	EVTZOAH	03E2BB	7	dialog
501	PRG	TWN_ZOAH	EVTZOAH	03E314	7	dialog
502	PRG	TWN_CAMP	EVTCAMP	00D123	7	dialog
502	PRG	TWN_CAMP	EVTCAMP	00D217	7	dialog
502	PRG	TWN_CAMP	EVTCAMP	00D30B	7	dialog
503	PRG	TWN_ZOAH	EVTZOAH	00F519	35	dialog
503	PRG	TWN_ZOAH	EVTZOAH	00F5F2	35	dialog
503	PRG	TWN_ZOAH	EVTZOAH	00F6CB	35	dialog
504	PRG	TWN_CAMP	EVTCAMP	00E8DA	35	dialog
504	PRG	TWN_CAMP	EVTCAMP	00EA46	35	dialog
504	PRG	TWN_CAMP	EVTCAMP	00EB08	35	dialog
505	PRG	TWN_CARA	EVTCARA	00F8E3	37	dialog
505	PRG	TWN_CARA	EVTCARA	00F915	37	dialog
505	PRG	TWN_CARA	EVTCARA	00F947	37	dialog
506	PRG	TWN_ZOAH	EVTZOAH	00F588	29	dialog
506	PRG	TWN_ZOAH	EVTZOAH	00F661	29	dialog
506	PRG	TWN_ZOAH	EVTZOAH	00F73A	29	dialog
507	PRG	TWN_ZOAH	EVTZOAH	03EA21	2	dialog
507	PRG	TWN_ZOAH	EVTZOAH	03EAA9	2	dialog
507	PRG	TWN_ZOAH	EVTZOAH	03EB10	2	dialog
508	PRG	FLD_A5	FLD_A5	00ED71	41	slot
508	PRG	FLD_A5	FLD_A5	00F263	41	slot
508	PRG	FLD_C8	FLD_T0	01347D	3	dialog
509	PRG	BTL_A7	BTL_A7	053C74	7	dialog
509	PRG	BTL_C4	BTL_C4	05419C	7	dialog
509	PRG	MENUEN	MENUEN	005DE0	7	ui
510	PRG	FLD_B5	FLD_B5	00B105	13	dialog
510	PRG	FLD_B5	FLD_B5	00B11C	13	dialog
510	PRG	FLD_B5	FLD_B5	00B133	13	dialog
511	COMMON	COMMON	ITEM	00AFFB	29	ui
511	COMMON	COMMON	ITEM	00B018	29	ui
511	COMMON	COMMON	ITEM	00B035	29	ui
512	PRG	TWN_CAMP	EVTCAMP	00C14D	13	dialog
512	PRG	TWN_CAMP	EVTCAMP	00C34F	13	dialog
512	PRG	TWN_CAMP	EVTCAMP	00C570	13	dialog
513	PRG	TWN_CARA	EVTCARA	003938	17	dialog
513	PRG	TWN_CARA	EVTCARA	00395B	17	dialog
513	PRG	TWN_CARA	EVTCARA	00397E	17	dialog
514	PRG	TWN_SEEK	EVTSEEK	0041F6	15	dialog
514	PRG	TWN_SEEK	EVTSEEK	004224	15	dialog
514	PRG	TWN_SEEK	EVTSEEK	004252	15	dialog
515	PRG	MENUEN	MENUEN	00B12F	105	ui
515	PRG	MENUEN	MENUEN	00B21B	105	ui
515	PRG	MENUEN	MENUEN	00B307	105	ui
516	COMMON	COMMON	ITEM	00B06D	11	ui
516	COMMON	COMMON	ITEM	00B078	11	ui
516	COMMON	COMMON	ITEM	00B083	11	ui
517	PRG	BTL_D5	BTL_D5	05AC23	13	dialog
517	PRG	MENUEN	MENUEN	007675	13	ui
517	PRG	MENUEN	MENUEN	007799	13	ui
518	PRG	1ST_READ	SAVE	03D4D4	13	dialog
518	PRG	TWN_SEEK	EVTSEEK	0041BC	13	dialog
518	PRG	WORLD	WORLDMAP	0055E2	13	ui
519	PRG	TWN_CAMP	EVTCAMP	00FD50	19	dialog
519	PRG	TWN_CAMP	EVTCAMP	00FD79	19	dialog
519	PRG	TWN_CAMP	EVTCAMP	00FDAD	19	dialog
520	PRG	BTL_A3	BTL_A3	0035D4	14	dialog
520	PRG	BTL_A3	BTL_A3	003604	14	dialog
520	PRG	BTL_A3	BTL_A3	00366E	14	dialog
521	PRG	BTL_D5	BTL_D5	05ACC0	23	dialog
521	PRG	MENUEN	MENUEN	007948	23	ui
521	PRG	MENUEN	MENUEN	007A90	23	ui
522	PRG	BTL_A5	BTL_A5	057CC0	9	dialog
522	PRG	MENUEN	MENUEN	0035B0	9	ui
522	PRG	TWN_ZOAH	EVTZOAH	02AC6E	9	dialog
523	PRG	1ST_READ	SAVE	03D4CB	9	dialog
523	PRG	FLD_D2	FLD_D2	0082C6	9	dialog
523	PRG	WORLD	WORLDMAP	0055D9	9	ui
524	PRG	BTL_B6_2	BTL_B62	053B08	17	dialog
524	PRG	BTL_B6_2	BTL_B62	053B63	17	dialog
524	PRG	MENUEN	MENUEN	005100	17	ui
525	PRG	BTL_B6	BTL_B6	05B1BF	11	dialog
525	PRG	BTL_B6_2	BTL_B62	053B26	11	dialog
525	PRG	MENUEN	MENUEN	004ECC	11	ui
526	PRG	FLD_B5	FLD_B5	00B112	6	dialog
526	PRG	FLD_B5	FLD_B5	00B129	6	dialog
526	PRG	FLD_B5	FLD_B5	00B140	6	dialog
527	PRG	TWN_CARA	EVTCARA	009755	19	dialog
527	PRG	TWN_CARA	EVTCARA	00989F	19	dialog
527	PRG	TWN_CARA	EVTCARA	0099BB	19	dialog
528	COMMON	COMMON	ITEM	00B88E	37	ui
528	COMMON	COMMON	ITEM	00B8B3	37	ui
528	COMMON	COMMON	ITEM	00B8D8	37	ui
529	PRG	FLD_B6	FLD_B6	00B223	17	dialog
529	PRG	FLD_B6	FLD_B6	00B2B9	17	dialog
529	PRG	FLD_B6	FLD_B6	00B2E1	17	dialog
530	PRG	MENUEN	MENUEN	00B4C8	11	ui
530	COMMON	COMMON	MENU	00D186	11	ui
530	COMMON	COMMON	MENU	00D31A	11	ui
531	PRG	BTL_A3_2	BTL_A32	054E24	7	dialog
531	PRG	MENUEN	MENUEN	002F98	7	ui
531	PRG	TWN_ZOAH	EVTZOAH	02AC67	7	dialog
532	PRG	FLD_C8	FLD_T0	014FDB	2	dialog
532	PRG	FLD_C8	FLD_T0	014FF4	2	dialog
532	PRG	FLD_C8	FLD_T0	01508B	2	dialog
533	PRG	BTL_A3	BTL_A3	0531C5	9	dialog
533	PRG	MENUEN	MENUEN	002AC4	9	ui
533	PRG	TWN_ZOAH	EVTZOAH	02AD20	9	dialog
534	PRG	TWN_CAMP	EVTCAMP	00E893	31	dialog
534	PRG	TWN_CAMP	EVTCAMP	00E9FF	31	dialog
534	PRG	TWN_CAMP	EVTCAMP	00EAC1	31	dialog
535	PRG	FLD_C4	FLD_C4	015B20	17	dialog
535	PRG	FLD_C4	FLD_C4	015D15	17	dialog
535	PRG	FLD_C4	FLD_C4	015FF6	17	dialog
536	PRG	BTL_A5_2	BTL_A52	05AA34	9	dialog
536	PRG	MENUEN	MENUEN	003FBC	9	ui
536	PRG	MENUEN	MENUEN	0040D5	9	ui
537	PRG	TWN_CAMP	EVTCAMP	00C160	25	slot
537	PRG	TWN_CAMP	EVTCAMP	00C362	37	slot
537	PRG	TWN_CAMP	EVTCAMP	00C583	37	slot
538	PRG	BTL_A7	BTL_A7	053C11	11	dialog
538	PRG	MENUEN	MENUEN	0055BC	11	ui
538	PRG	TWN_ZOAH	EVTZOAH	02AC9D	11	dialog
539	PRG	BTL_A3	BTL_A3	0531E1	7	dialog
539	PRG	MENUEN	MENUEN	002B7D	7	ui
539	PRG	MENUEN	MENUEN	002CBC	7	ui
540	PRG	TWN_SEEK	EVTSEEK	00BF56	39	dialog
540	PRG	TWN_SEEK	EVTSEEK	00BFBA	39	dialog
540	PRG	TWN_SEEK	EVTSEEK	00C2C0	39	dialog
541	PRG	FLD_B5	FLD_B5	00929E	15	dialog
541	PRG	FLD_B5	FLD_B5	0093E9	15	dialog
541	PRG	FLD_B5	FLD_B5	00974C	15	dialog
542	PRG	TWN_ZOAH	EVTZOAH	00F561	39	dialog
542	PRG	TWN_ZOAH	EVTZOAH	00F63A	39	dialog
542	PRG	TWN_ZOAH	EVTZOAH	00F713	39	dialog
543	PRG	BTL_B5	BTL_B5	05237D	5	dialog
543	PRG	BTL_X0	BTL_X0	05E283	5	dialog
543	PRG	BTL_X0	BTL_X0	05E34C	5	dialog
544	PRG	TWN_CAMP	EVTCAMP	00C179	25	slot
544	PRG	TWN_CAMP	EVTCAMP	00C387	37	slot
544	PRG	TWN_CAMP	EVTCAMP	00C5A8	37	slot
545	PRG	FLD_C8	FLD_T0	01508D	15	dialog
545	PRG	FLD_C8	FLD_T0	0150B5	15	dialog
545	PRG	FLD_C8	FLD_T0	015398	23	slot
546	PRG	FLD_C8	FLD_T0	014E4C	15	dialog
546	PRG	FLD_C8	FLD_T0	014E7A	15	dialog
546	PRG	FLD_C8	FLD_T0	01524D	15	slot
547	PRG	FLD_C8	FLD_T0	014EBB	11	dialog
547	PRG	FLD_C8	FLD_T0	015069	25	slot
547	PRG	FLD_C8	FLD_T0	01527A	15	slot
548	PRG	TWN_SEEK	EVTSEEK	00BF26	35	dialog
548	PRG	TWN_SEEK	EVTSEEK	00BF8A	35	dialog
548	PRG	TWN_SEEK	EVTSEEK	00C290	35	dialog
549	PRG	TWN_ZOAH	EVTZOAH	00F53C	37	dialog
549	PRG	TWN_ZOAH	EVTZOAH	00F615	37	dialog
549	PRG	TWN_ZOAH	EVTZOAH	00F6EE	37	dialog
550	PRG	BTL_A5_2	BTL_A52	05AA1E	7	dialog
550	PRG	MENUEN	MENUEN	003DA7	7	ui
550	PRG	MENUEN	MENUEN	003FB0	7	ui
551	PRG	1ST_READ	SAVE	03D482	15	dialog
551	PRG	FLAGEDIT	FLAGEDIT	000B4C	15	ui
551	PRG	WORLD	WORLDMAP	005590	15	ui
552	PRG	1ST_READ	SAVE	03D491	21	dialog
552	PRG	FLD_C2	FLD_C2	00AEBF	21	dialog
552	PRG	WORLD	WORLDMAP	00559F	21	ui
553	PRG	FLD_C2	FLD_C2	00AB39	31	dialog
553	PRG	FLD_C2	FLD_C2	00AB63	31	dialog
553	PRG	FLD_C2	FLD_C2	00AB8D	31	dialog
554	PRG	TWN_SEEK	EVTSEEK	01559E	33	dialog
554	PRG	TWN_SEEK	EVTSEEK	015771	33	dialog
554	PRG	TWN_SEEK	EVTSEEK	015944	33	dialog
555	PRG	TWN_CARA	EVTCARA	01675A	39	dialog
555	PRG	TWN_CARA	EVTCARA	016D0C	39	dialog
555	PRG	TWN_CARA	EVTCARA	016D73	39	dialog
556	PRG	MENUEN	MENUEN	00784F	135	ui
556	PRG	MENUEN	MENUEN	00795F	135	ui
556	PRG	MENUEN	MENUEN	007AA7	135	ui
557	PRG	TWN_ZOAH	EVTZOAH	022A2A	29	dialog
557	PRG	TWN_ZOAH	EVTZOAH	022D73	29	dialog
557	PRG	TWN_ZOAH	EVTZOAH	022F51	29	dialog
558	PRG	TWN_ZOAH	EVTZOAH	022A8B	33	dialog
558	PRG	TWN_ZOAH	EVTZOAH	022DD6	33	dialog
558	PRG	TWN_ZOAH	EVTZOAH	022FB4	33	dialog
559	PRG	BTL_C4	BTL_C4	053FC2	9	dialog
559	PRG	BTL_D2	BTL_D2	052B7E	9	dialog
559	PRG	MENUEN	MENUEN	006105	9	ui
560	PRG	BTL_A3_2	BTL_A32	054F0D	7	dialog
560	PRG	MENUEN	MENUEN	003051	7	ui
560	PRG	TWN_ZOAH	EVTZOAH	02ACE9	7	dialog
561	PRG	BTL_C8	BTL_C8	04EA5F	17	dialog
561	PRG	MENUEN	MENUEN	007FB8	17	ui
561	PRG	MENUEN	MENUEN	009368	17	ui
562	PRG	BTL_B6	BTL_B6	05B234	5	dialog
562	PRG	BTL_C8_2	BTL_C82	04F0D2	5	dialog
562	PRG	MENUEN	MENUEN	005088	5	ui
563	PRG	BTL_B6	BTL_B6	05B1D8	5	dialog
563	PRG	BTL_B6	BTL_B6	05B221	5	dialog
563	PRG	MENUEN	MENUEN	0052F4	5	ui
564	PRG	1ST_READ	SAVE	03D40D	7	dialog
564	PRG	FLD_A3	FLD_A3	009F40	7	dialog
564	PRG	WORLD	WORLDMAP	00551B	7	ui
565	PRG	BTL_A3	BTL_A3	0531C0	5	dialog
565	PRG	BTL_T0	BTL_T0	053723	5	dialog
565	PRG	MENUEN	MENUEN	002DF9	5	ui
566	PRG	FLD_A5	FLD_A5	00F78F	16	dialog
566	PRG	FLD_A5	FLD_A5	00F7EF	16	dialog
566	PRG	FLD_A5	FLD_A5	00F856	16	dialog
567	PRG	FLD_A5	FLD_A5	00F776	18	dialog
567	PRG	FLD_A5	FLD_A5	00F7BE	18	dialog
567	PRG	FLD_A5	FLD_A5	00F80B	18	dialog
568	PRG	BTL_A3	BTL_A3	0531F6	7	dialog
568	PRG	BTL_T0	BTL_T0	053707	7	dialog
568	PRG	MENUEN	MENUEN	002930	7	ui
569	PRG	TWN_ZOAH	EVTZOAH	00B38A	13	dialog
569	PRG	TWN_ZOAH	EVTZOAH	00B3A9	13	dialog
569	PRG	TWN_ZOAH	EVTZOAH	00B3C8	13	dialog
570	PRG	TWN_CAMP	EVTCAMP	00E8B2	39	dialog
570	PRG	TWN_CAMP	EVTCAMP	00EA1E	39	dialog
570	PRG	TWN_CAMP	EVTCAMP	00EAE0	39	dialog
571	PRG	1ST_READ	SAVE	03D449	9	dialog
571	PRG	FLD_A7	FLD_A7	006DE9	9	dialog
571	PRG	WORLD	WORLDMAP	005557	9	ui
572	PRG	BTL_C2	BTL_C2	057837	17	dialog
572	PRG	BTL_C5	BTL_C5	0521C5	17	dialog
572	PRG	MENUEN	MENUEN	0087B8	17	ui
573	PRG	TWN_CAMP	EVTCAMP	01033C	11	dialog
573	PRG	TWN_CAMP	EVTCAMP	01038A	11	dialog
573	PRG	TWN_CAMP	EVTCAMP	010413	11	dialog
574	PRG	BTL_C4	BTL_C4	053FB9	9	dialog
574	PRG	BTL_D2	BTL_D2	052B75	9	dialog
574	PRG	MENUEN	MENUEN	006241	9	ui
575	PRG	TWN_CAMP	EVTCAMP	00D0F7	31	dialog
575	PRG	TWN_CAMP	EVTCAMP	00D1EB	31	dialog
575	PRG	TWN_CAMP	EVTCAMP	00D2DF	31	dialog
576	PRG	BTL_A5_2	BTL_A52	05AA19	5	dialog
576	PRG	MENUEN	MENUEN	003DAE	5	ui
576	PRG	MENUEN	MENUEN	003EB4	5	ui
577	PRG	TWN_ZOAH	EVTZOAH	00B324	9	dialog
577	PRG	TWN_ZOAH	EVTZOAH	00B33F	9	dialog
577	PRG	TWN_ZOAH	EVTZOAH	00B35A	9	dialog
578	PRG	TWN_ZOAH	EVTZOAH	0228E1	27	dialog
578	PRG	TWN_ZOAH	EVTZOAH	022C3D	27	dialog
578	PRG	TWN_ZOAH	EVTZOAH	022C8D	27	dialog
579	PRG	FLD_B5	FLD_B5	00AFD4	13	dialog
579	PRG	FLD_B5	FLD_B5	00B08E	13	dialog
579	PRG	FLD_B5	FLD_B5	00B0B9	13	dialog
580	PRG	FLD_B5	FLD_B5	00AFEF	13	dialog
580	PRG	FLD_B5	FLD_B5	00B09F	13	dialog
580	PRG	FLD_B5	FLD_B5	00B0CA	13	dialog
581	PRG	TWN_ZOAH	EVTZOAH	033529	9	dialog
581	PRG	TWN_ZOAH	EVTZOAH	039D76	9	dialog
581	PRG	TWN_ZOAH	EVTZOAH	039F40	9	dialog
582	PRG	FLD_B5	FLD_B5	00AFC7	13	dialog
582	PRG	FLD_B5	FLD_B5	00B081	13	dialog
582	PRG	FLD_B5	FLD_B5	00B0AC	13	dialog
583	PRG	FLD_B5	FLD_B5	00B033	17	dialog
583	PRG	FLD_B5	FLD_B5	00B04D	17	dialog
583	PRG	FLD_B5	FLD_B5	00B067	17	dialog
584	PRG	TWN_SEEK	EVTSEEK	0041E9	13	dialog
584	PRG	TWN_SEEK	EVTSEEK	004217	13	dialog
584	PRG	TWN_SEEK	EVTSEEK	004245	13	dialog
585	PRG	TWN_ZOAH	EVTZOAH	022B4B	33	dialog
585	PRG	TWN_ZOAH	EVTZOAH	022EB6	33	dialog
585	PRG	TWN_ZOAH	EVTZOAH	023095	33	dialog
586	PRG	TWN_CAMP	EVTCAMP	00D086	15	dialog
586	PRG	TWN_CAMP	EVTCAMP	00D17A	15	dialog
586	PRG	TWN_CAMP	EVTCAMP	00D26E	15	dialog
587	PRG	FLD_B6	FLD_B6	00ACC5	13	dialog
587	PRG	FLD_B6	FLD_B6	00ACEC	13	dialog
587	PRG	FLD_B6	FLD_B6	00AD13	13	dialog
588	PRG	TWN_ZOAH	EVTZOAH	00BA90	13	dialog
588	PRG	TWN_ZOAH	EVTZOAH	00BAAF	13	dialog
588	PRG	TWN_ZOAH	EVTZOAH	00BACE	13	dialog
589	MOVIE	EVT000_4	EVT000_4	0008CC	7	movie
589	MOVIE	EVT008	EVT008	000E08	7	movie
589	MOVIE	EVT008	EVT008	000E2A	7	movie
590	PRG	BTL_A5	BTL_A5	057C1F	5	dialog
590	PRG	BTL_B5_3	BTL_B53	050D65	5	dialog
590	PRG	BTL_T0	BTL_T0	0537B0	5	dialog
591	PRG	FLD_B5	FLD_B5	00B044	9	dialog
591	PRG	FLD_B5	FLD_B5	00B05E	9	dialog
591	PRG	FLD_B5	FLD_B5	00B078	9	dialog
592	PRG	FLD_A5	FLD_A5	00ECF3	42	dialog
592	PRG	FLD_A5	FLD_A5	00F1E5	42	dialog
593	PRG	FLD_A5	FLD_A5	00ED1E	42	dialog
593	PRG	FLD_A5	FLD_A5	00F210	42	dialog
594	PRG	FLD_A5	FLD_A5	00ED49	40	dialog
594	PRG	FLD_A5	FLD_A5	00F23B	40	dialog
595	PRG	FLD_A5	FLD_A5	00EECD	22	dialog
595	PRG	FLD_A5	FLD_A5	00F3BF	22	dialog
596	PRG	FLD_A5	FLD_A5	00EEF9	20	dialog
596	PRG	FLD_A5	FLD_A5	00F3EB	20	dialog
597	PRG	FLD_A5	FLD_A5	00EF25	18	dialog
597	PRG	FLD_A5	FLD_A5	00F417	18	dialog
598	PRG	FLD_A5	FLD_A5	00EF51	16	dialog
598	PRG	FLD_A5	FLD_A5	00F443	16	dialog
599	PRG	FLD_A7	FLD_A7	0070DD	95	dialog
599	PRG	FLD_A7	FLD_A7	00791F	95	dialog
600	PRG	FLD_A5	FLD_A5	00EF7D	14	dialog
600	PRG	FLD_A5	FLD_A5	00F46F	14	dialog
601	PRG	FLD_A5	FLD_A5	00EFA9	12	dialog
601	PRG	FLD_A5	FLD_A5	00F49B	12	dialog
602	PRG	FLD_A5	FLD_A5	00EFD5	10	dialog
602	PRG	FLD_A5	FLD_A5	00F4C7	10	dialog
603	PRG	TWN_CAMP	EVTCAMP	012B97	23	narration
603	PRG	TWN_CAMP	EVTCAMP	012D1E	23	narration
604	PRG	TWN_CAMP	EVTCAMP	0125D7	23	narration
604	PRG	TWN_CAMP	EVTCAMP	012605	23	narration
605	PRG	TWN_CAMP	EVTCAMP	012941	23	narration
605	PRG	TWN_CAMP	EVTCAMP	012A27	23	narration
606	PRG	TWN_CAMP	EVTCAMP	0128A0	23	narration
606	PRG	TWN_CAMP	EVTCAMP	0128CE	23	narration
607	PRG	TWN_CAMP	EVTCAMP	012958	23	narration
607	PRG	TWN_CAMP	EVTCAMP	012A3E	23	narration
608	PRG	TWN_EXCA	EVTEXCA	000CA9	15	narration
608	PRG	TWN_EXCA	EVTEXCA	000CEB	15	narration
609	PRG	TWN_CAMP	EVTCAMP	01312F	24	narration
609	PRG	TWN_CAMP	EVTCAMP	013571	24	narration
610	PRG	TWN_CAMP	EVTCAMP	0145CE	24	narration
610	PRG	TWN_CAMP	EVTCAMP	0147D4	24	narration
611	PRG	TWN_CAMP	EVTCAMP	01324D	24	narration
611	PRG	TWN_CAMP	EVTCAMP	01368F	24	narration
612	PRG	TWN_CAMP	EVTCAMP	013453	24	narration
612	PRG	TWN_CAMP	EVTCAMP	013895	24	narration
613	PRG	TWN_CAMP	EVTCAMP	01302C	24	narration
613	PRG	TWN_CAMP	EVTCAMP	01346E	24	narration
614	PRG	TWN_CAMP	EVTCAMP	013232	24	narration
614	PRG	TWN_CAMP	EVTCAMP	013674	24	narration
615	PRG	TWN_RUIN	EVTRUIN	0008D4	39	narration
615	PRG	TWN_RUIN	EVTRUIN	000AD3	39	narration
616	PRG	TWN_SEEK	EVTSEEK	01217F	25	narration
616	PRG	TWN_SEEK	EVTSEEK	0121EC	25	narration
617	PRG	TWN_SEEK	EVTSEEK	0052CB	29	narration
617	PRG	TWN_SEEK	EVTSEEK	00530D	29	narration
618	PRG	TWN_ZOAH	EVTZOAH	00DD4A	33	narration
618	PRG	TWN_ZOAH	EVTZOAH	00DF85	33	narration
619	PRG	TWN_ZOAH	EVTZOAH	00DD2D	29	narration
619	PRG	TWN_ZOAH	EVTZOAH	00DF68	29	narration
620	PRG	TWN_ZOAH	EVTZOAH	00D72A	29	narration
620	PRG	TWN_ZOAH	EVTZOAH	00DB33	29	narration
621	PRG	FLD_C4	FLD_C4	015A0C	29	narration
621	PRG	FLD_C4	FLD_C4	015ED1	29	narration
622	PRG	TWN_CARA	EVTCARA	016528	27	narration
622	PRG	TWN_CARA	EVTCARA	016DEA	27	narration
623	PRG	TWN_ZOAH	EVTZOAH	01C351	37	narration
623	PRG	TWN_ZOAH	EVTZOAH	01C486	37	narration
624	PRG	TWN_ZOAH	EVTZOAH	037066	29	narration
624	PRG	TWN_ZOAH	EVTZOAH	03728B	29	narration
625	PRG	TWN_ZOAH	EVTZOAH	00E6FD	27	narration
625	PRG	TWN_ZOAH	EVTZOAH	00E98E	27	narration
626	PRG	TWN_ZOAH	EVTZOAH	00DD86	29	narration
626	PRG	TWN_ZOAH	EVTZOAH	00DFC1	29	narration
627	PRG	TWN_ZOAH	EVTZOAH	00CF9D	37	narration
627	PRG	TWN_ZOAH	EVTZOAH	00D530	37	narration
628	PRG	TWN_ZOAH	EVTZOAH	00CBF1	39	narration
628	PRG	TWN_ZOAH	EVTZOAH	00D457	39	narration
629	PRG	TWN_ZOAH	EVTZOAH	00F256	29	narration
629	PRG	TWN_ZOAH	EVTZOAH	00F797	29	narration
630	PRG	FLD_C4	FLD_C4	0159F1	27	narration
630	PRG	FLD_C4	FLD_C4	015EB6	27	narration
631	PRG	FLD_B6	FLD_B6	00B173	27	narration
631	PRG	TWN_ZOAH	EVTZOAH	00DEFA	27	narration
632	PRG	TWN_ZOAH	EVTZOAH	00DDDD	31	narration
632	PRG	TWN_ZOAH	EVTZOAH	00E0E8	31	narration
633	PRG	TWN_ZOAH	EVTZOAH	00C00F	39	narration
633	PRG	TWN_ZOAH	EVTZOAH	00C0C3	39	narration
634	PRG	TWN_ZOAH	EVTZOAH	03B443	35	narration
634	PRG	TWN_ZOAH	EVTZOAH	03B54D	35	narration
635	PRG	TWN_ZOAH	EVTZOAH	00DDA3	29	narration
635	PRG	TWN_ZOAH	EVTZOAH	00DFDE	29	narration
636	PRG	TWN_SEEK	EVTSEEK	004592	35	narration
636	PRG	TWN_SEEK	EVTSEEK	004700	35	narration
637	PRG	TWN_ZOAH	EVTZOAH	00F40C	33	narration
637	PRG	TWN_ZOAH	EVTZOAH	00F448	33	narration
638	PRG	TWN_ZOAH	EVTZOAH	00F840	35	narration
638	PRG	TWN_ZOAH	EVTZOAH	00FAA3	35	narration
639	PRG	TWN_SEEK	EVTSEEK	005392	39	narration
639	PRG	TWN_SEEK	EVTSEEK	00541A	39	narration
640	PRG	TWN_SEEK	EVTSEEK	0053B9	35	narration
640	PRG	TWN_SEEK	EVTSEEK	005441	35	narration
641	PRG	TWN_SEEK	EVTSEEK	004D3B	25	narration
641	PRG	TWN_SEEK	EVTSEEK	004D9B	25	narration
642	PRG	TWN_ZOAH	EVTZOAH	02FD4B	29	narration
642	PRG	TWN_ZOAH	EVTZOAH	02FE6A	29	narration
643	PRG	TWN_SEEK	EVTSEEK	004514	35	narration
643	PRG	TWN_SEEK	EVTSEEK	004682	35	narration
644	PRG	FLD_C4	FLD_C4	015DF4	29	narration
644	PRG	FLD_C4	FLD_C4	015E7E	29	narration
645	PRG	TWN_CARA	EVTCARA	00CDB7	29	narration
645	PRG	TWN_CARA	EVTCARA	00CE99	29	narration
646	PRG	TWN_ZOAH	EVTZOAH	00D108	31	narration
646	PRG	TWN_ZOAH	EVTZOAH	00D155	31	narration
647	PRG	TWN_ZOAH	EVTZOAH	00C04D	35	narration
647	PRG	TWN_ZOAH	EVTZOAH	00C101	35	narration
648	PRG	TWN_ZOAH	EVTZOAH	00B6B3	27	narration
648	PRG	TWN_ZOAH	EVTZOAH	00BA75	27	narration
649	PRG	TWN_ZOAH	EVTZOAH	00C97C	39	narration
649	PRG	TWN_ZOAH	EVTZOAH	00CCF1	39	narration
650	PRG	TWN_CAMP	EVTCAMP	00F616	37	narration
650	PRG	TWN_CAMP	EVTCAMP	00F6C8	37	narration
651	PRG	TWN_ZOAH	EVTZOAH	00F273	27	narration
651	PRG	TWN_ZOAH	EVTZOAH	00F7B4	27	narration
652	PRG	TWN_SEEK	EVTSEEK	004F16	27	narration
652	PRG	TWN_SEEK	EVTSEEK	004FA7	27	narration
653	PRG	TWN_CARA	EVTCARA	0039A6	31	narration
653	PRG	TWN_CARA	EVTCARA	0039D5	31	narration
654	PRG	TWN_CARA	EVTCARA	01300A	31	narration
654	PRG	TWN_CARA	EVTCARA	013181	31	narration
655	PRG	TWN_SEEK	EVTSEEK	004D09	29	narration
655	PRG	TWN_SEEK	EVTSEEK	004D69	29	narration
656	PRG	TWN_EXCA	EVTEXCA	000DAA	23	narration
656	PRG	TWN_EXCA	EVTEXCA	000EC2	23	narration
657	PRG	TWN_RUIN	EVTRUIN	000A60	25	narration
657	PRG	TWN_RUIN	EVTRUIN	000AA7	25	narration
658	PRG	TWN_RUIN	EVTRUIN	000819	29	narration
658	PRG	TWN_RUIN	EVTRUIN	0008A4	29	narration
659	PRG	TWN_CARA	EVTCARA	012FE9	33	narration
659	PRG	TWN_CARA	EVTCARA	013160	33	narration
660	PRG	TWN_ZOAH	EVTZOAH	00B698	27	narration
660	PRG	TWN_ZOAH	EVTZOAH	00BA5A	27	narration
661	PRG	TWN_CARA	EVTCARA	003E7F	35	narration
661	PRG	TWN_CARA	EVTCARA	003FE8	35	narration
662	PRG	TWN_CAMP	EVTCAMP	00EBAB	29	narration
662	PRG	TWN_CAMP	EVTCAMP	00EC92	29	narration
663	PRG	TWN_RUIN	EVTRUIN	0008C1	19	narration
663	PRG	TWN_RUIN	EVTRUIN	000AC0	19	narration
664	PRG	TWN_EXCA	EVTEXCA	000DD2	27	narration
664	PRG	TWN_EXCA	EVTEXCA	000EF4	27	narration
665	PRG	TWN_ZOAH	EVTZOAH	00F38D	25	narration
665	PRG	TWN_ZOAH	EVTZOAH	00F3BB	25	narration
666	PRG	TWN_ZOAH	EVTZOAH	00CD79	33	narration
666	PRG	TWN_ZOAH	EVTZOAH	00D195	33	narration
667	PRG	TWN_SEEK	EVTSEEK	005503	23	narration
667	PRG	TWN_SEEK	EVTSEEK	00551A	23	narration
668	PRG	TWN_CARA	EVTCARA	004215	27	narration
668	PRG	TWN_CARA	EVTCARA	004230	27	narration
669	PRG	TWN_ZOAH	EVTZOAH	02FD26	37	narration
669	PRG	TWN_ZOAH	EVTZOAH	02FE45	37	narration
670	PRG	TWN_ZOAH	EVTZOAH	00DA19	27	narration
670	PRG	TWN_ZOAH	EVTZOAH	00FE97	27	narration
671	PRG	TWN_ZOAH	EVTZOAH	00D6D5	23	narration
671	PRG	TWN_ZOAH	EVTZOAH	00DADE	23	narration
672	PRG	TWN_ZOAH	EVTZOAH	00DD6B	27	narration
672	PRG	TWN_ZOAH	EVTZOAH	00DFA6	27	narration
673	PRG	FLD_C4	FLD_C4	015E45	17	narration
673	PRG	FLD_C4	FLD_C4	015E6D	17	narration
674	PRG	TWN_ZOAH	EVTZOAH	00BFD3	31	narration
674	PRG	TWN_ZOAH	EVTZOAH	00C087	31	narration
675	PRG	TWN_ZOAH	EVTZOAH	03316E	33	narration
675	PRG	TWN_ZOAH	EVTZOAH	0331B0	33	narration
676	PRG	TWN_EXCA	EVTEXCA	000CB8	31	narration
676	PRG	TWN_EXCA	EVTEXCA	000CFA	31	narration
677	PRG	FLD_B5	FLD_B5	00984B	31	narration
677	PRG	FLD_B5	FLD_B5	00988F	31	narration
678	PRG	TWN_SEEK	EVTSEEK	005125	39	narration
678	PRG	TWN_SEEK	EVTSEEK	00516B	39	narration
679	PRG	TWN_SEEK	EVTSEEK	0098AD	25	narration
679	PRG	TWN_SEEK	EVTSEEK	009A04	25	narration
680	PRG	TWN_CAMP	EVTCAMP	0101DB	21	narration
680	PRG	TWN_CAMP	EVTCAMP	010451	21	narration
681	PRG	TWN_CARA	EVTCARA	00B265	23	narration
681	PRG	TWN_CARA	EVTCARA	00B2A3	23	narration
682	PRG	TWN_ZOAH	EVTZOAH	00C263	31	narration
682	PRG	TWN_ZOAH	EVTZOAH	00C2FA	31	narration
683	PRG	TWN_ZOAH	EVTZOAH	00DA57	25	narration
683	PRG	TWN_ZOAH	EVTZOAH	00DC9B	25	narration
684	PRG	TWN_ZOAH	EVTZOAH	00C036	23	narration
684	PRG	TWN_ZOAH	EVTZOAH	00C0EA	23	narration
685	PRG	TWN_ZOAH	EVTZOAH	00D688	25	narration
685	PRG	TWN_ZOAH	EVTZOAH	00DA91	25	narration
686	PRG	TWN_ZOAH	EVTZOAH	00D779	35	narration
686	PRG	TWN_ZOAH	EVTZOAH	00DB82	35	narration
687	PRG	TWN_ZOAH	EVTZOAH	00DDC0	29	narration
687	PRG	TWN_ZOAH	EVTZOAH	00DFFB	29	narration
688	PRG	TWN_SEEK	EVTSEEK	005377	27	narration
688	PRG	TWN_SEEK	EVTSEEK	0053FF	27	narration
689	PRG	TWN_ZOAH	EVTZOAH	00CC52	31	narration
689	PRG	TWN_ZOAH	EVTZOAH	00D555	31	narration
690	PRG	FLD_B5	FLD_B5	0098C3	39	narration
690	PRG	FLD_B5	FLD_B5	009953	39	narration
691	PRG	TWN_SEEK	EVTSEEK	004E28	21	narration
691	PRG	TWN_ZOAH	EVTZOAH	00D3E7	21	narration
692	PRG	TWN_SEEK	EVTSEEK	005220	35	narration
692	PRG	TWN_SEEK	EVTSEEK	005262	35	narration
693	PRG	TWN_ZOAH	EVTZOAH	00D6EC	31	narration
693	PRG	TWN_ZOAH	EVTZOAH	00DAF5	31	narration
694	PRG	TWN_CAMP	EVTCAMP	00FCD4	21	narration
694	PRG	TWN_EXCA	EVTEXCA	0016ED	21	narration
695	PRG	TWN_EXCA	EVTEXCA	000D2E	37	narration
695	PRG	TWN_EXCA	EVTEXCA	000F24	37	narration
696	PRG	TWN_ZOAH	EVTZOAH	00B521	29	narration
696	PRG	TWN_ZOAH	EVTZOAH	00BA3D	29	narration
697	PRG	TWN_ZOAH	EVTZOAH	00F03F	37	narration
697	PRG	TWN_ZOAH	EVTZOAH	00F156	37	narration
698	PRG	TWN_ZOAH	EVTZOAH	00B2C5	35	narration
698	PRG	TWN_ZOAH	EVTZOAH	00B301	35	narration
699	PRG	TWN_ZOAH	EVTZOAH	00FCFF	33	narration
699	PRG	TWN_ZOAH	EVTZOAH	00FD20	33	narration
700	PRG	TWN_ZOAH	EVTZOAH	00D756	35	narration
700	PRG	TWN_ZOAH	EVTZOAH	00DB5F	35	narration
701	PRG	TWN_ZOAH	EVTZOAH	00EB78	33	narration
701	PRG	TWN_ZOAH	EVTZOAH	00ECBE	33	narration
702	PRG	TWN_SEEK	EVTSEEK	00442F	37	narration
702	PRG	TWN_SEEK	EVTSEEK	004F42	37	narration
703	PRG	TWN_ZOAH	EVTZOAH	00C9E3	29	narration
703	PRG	TWN_ZOAH	EVTZOAH	00D603	29	narration
704	PRG	TWN_CARA	EVTCARA	003E6A	21	narration
704	PRG	TWN_CARA	EVTCARA	003FD3	21	narration
705	PRG	FLD_D2	FLD_D2	00825A	27	narration
705	PRG	FLD_D2	FLD_D2	0082AB	27	narration
706	PRG	TWN_CAMP	EVTCAMP	00FCB7	29	narration
706	PRG	TWN_EXCA	EVTEXCA	0016D0	29	narration
707	PRG	TWN_ZOAH	EVTZOAH	00C51D	31	narration
707	PRG	TWN_ZOAH	EVTZOAH	00CC8E	31	narration
708	PRG	TWN_ZOAH	EVTZOAH	00CBDC	21	narration
708	PRG	TWN_ZOAH	EVTZOAH	00D673	21	narration
709	PRG	TWN_SEEK	EVTSEEK	0043B3	35	narration
709	PRG	TWN_SEEK	EVTSEEK	005034	35	narration
710	PRG	TWN_SEEK	EVTSEEK	004A53	33	narration
710	PRG	TWN_SEEK	EVTSEEK	004C39	33	narration
711	PRG	TWN_ZOAH	EVTZOAH	00CAC2	35	narration
711	PRG	TWN_ZOAH	EVTZOAH	00CB06	35	narration
712	PRG	TWN_ZOAH	EVTZOAH	00CD35	35	narration
712	PRG	TWN_ZOAH	EVTZOAH	00CFE3	35	narration
713	PRG	TWN_RUIN	EVTRUIN	0008FB	35	narration
713	PRG	TWN_RUIN	EVTRUIN	000AFA	35	narration
714	PRG	TWN_CARA	EVTCARA	00B242	35	narration
714	PRG	TWN_CARA	EVTCARA	00B483	35	narration
715	PRG	TWN_SEEK	EVTSEEK	01878D	33	narration
715	PRG	TWN_SEEK	EVTSEEK	0187AE	33	narration
716	PRG	TWN_CARA	EVTCARA	0040FF	23	narration
716	PRG	TWN_ZOAH	EVTZOAH	00D440	23	narration
717	PRG	TWN_ZOAH	EVTZOAH	00BFF2	29	narration
717	PRG	TWN_ZOAH	EVTZOAH	00C0A6	29	narration
718	PRG	TWN_SEEK	EVTSEEK	004EF3	35	narration
718	PRG	TWN_SEEK	EVTSEEK	004F84	35	narration
719	PRG	TWN_SEEK	EVTSEEK	0044D4	27	narration
719	PRG	TWN_SEEK	EVTSEEK	004FE1	27	narration
720	PRG	TWN_ZOAH	EVTZOAH	00FE0D	39	narration
720	PRG	TWN_ZOAH	EVTZOAH	00FE70	39	narration
721	PRG	TWN_CARA	EVTCARA	0061C0	35	narration
721	PRG	TWN_CARA	EVTCARA	00620A	35	narration
722	PRG	TWN_ZOAH	EVTZOAH	00B506	27	narration
722	PRG	TWN_ZOAH	EVTZOAH	00BA22	27	narration
723	PRG	TWN_EXCA	EVTEXCA	000E80	27	narration
723	PRG	TWN_EXCA	EVTEXCA	000ED9	27	narration
724	PRG	TWN_ZOAH	EVTZOAH	00D70B	31	narration
724	PRG	TWN_ZOAH	EVTZOAH	00DB14	31	narration
725	PRG	TWN_ZOAH	EVTZOAH	00C9A3	29	narration
725	PRG	TWN_ZOAH	EVTZOAH	00CD18	29	narration
726	PRG	TWN_ZOAH	EVTZOAH	00D6B8	29	narration
726	PRG	TWN_ZOAH	EVTZOAH	00DAC1	29	narration
727	PRG	TWN_SEEK	EVTSEEK	004B87	25	narration
727	PRG	TWN_SEEK	EVTSEEK	004C9D	25	narration
728	PRG	TWN_SEEK	EVTSEEK	00E93C	25	narration
728	PRG	TWN_SEEK	EVTSEEK	00EA70	25	narration
729	PRG	TWN_ZOAH	EVTZOAH	018C0E	37	narration
729	PRG	TWN_ZOAH	EVTZOAH	018CA8	37	narration
730	PRG	TWN_SEEK	EVTSEEK	0073F1	31	narration
730	PRG	TWN_SEEK	EVTSEEK	00745B	31	narration
731	PRG	TWN_SEEK	EVTSEEK	0044B5	31	narration
731	PRG	TWN_SEEK	EVTSEEK	004FC2	31	narration
732	PRG	TWN_SEEK	EVTSEEK	00988A	35	narration
732	PRG	TWN_SEEK	EVTSEEK	0099E1	35	narration
733	PRG	TWN_SEEK	EVTSEEK	0053DC	35	narration
733	PRG	TWN_SEEK	EVTSEEK	005464	35	narration
734	PRG	TWN_EXCA	EVTEXCA	000D53	17	narration
734	PRG	TWN_EXCA	EVTEXCA	000DC1	17	narration
735	PRG	TWN_ZOAH	EVTZOAH	00EB55	35	narration
735	PRG	TWN_ZOAH	EVTZOAH	00EC9B	35	narration
736	PRG	FLD_C4	FLD_C4	015E11	27	narration
736	PRG	FLD_C4	FLD_C4	015E9B	27	narration
737	PRG	TWN_ZOAH	EVTZOAH	00D7C3	23	narration
737	PRG	TWN_ZOAH	EVTZOAH	00DBCA	23	narration
738	PRG	TWN_ZOAH	EVTZOAH	02292D	27	narration
738	PRG	TWN_ZOAH	EVTZOAH	022CBC	27	narration
739	PRG	TWN_ZOAH	EVTZOAH	00F3F1	27	narration
739	PRG	TWN_ZOAH	EVTZOAH	00F42D	27	narration
740	PRG	TWN_ZOAH	EVTZOAH	00D6A1	23	narration
740	PRG	TWN_ZOAH	EVTZOAH	00DAAA	23	narration
741	PRG	TWN_ZOAH	EVTZOAH	00BFBC	23	narration
741	PRG	TWN_ZOAH	EVTZOAH	00C070	23	narration
742	PRG	TWN_ZOAH	EVTZOAH	00F2AF	21	narration
742	PRG	TWN_ZOAH	EVTZOAH	00F2E5	21	narration
743	PRG	TWN_CARA	EVTCARA	00B057	29	narration
743	PRG	TWN_CARA	EVTCARA	00B08E	29	narration
744	PRG	TWN_ZOAH	EVTZOAH	00EF5B	37	narration
744	PRG	TWN_ZOAH	EVTZOAH	00EF95	37	narration
745	PRG	TWN_ZOAH	EVTZOAH	00F235	33	narration
745	PRG	TWN_ZOAH	EVTZOAH	00F776	33	narration
746	PRG	TWN_CAMP	EVTCAMP	0125C0	23	narration
746	PRG	TWN_CAMP	EVTCAMP	0125EE	23	narration
747	PRG	FLD_B5	FLD_B5	009A97	9	narration
747	PRG	TWN_CAMP	EVTCAMP	010168	9	narration
748	PRG	TWN_CAMP	EVTCAMP	0129CB	23	narration
748	PRG	TWN_CAMP	EVTCAMP	012AB1	23	narration
749	PRG	TWN_CAMP	EVTCAMP	0129B4	23	narration
749	PRG	TWN_CAMP	EVTCAMP	012A9A	23	narration
750	PRG	TWN_CAMP	EVTCAMP	012986	23	narration
750	PRG	TWN_CAMP	EVTCAMP	012A6C	23	narration
751	PRG	TWN_EXCA	EVTEXCA	000C37	4	dialog
751	PRG	TWN_ZOAH	EVTZOAH	00B26F	4	dialog
752	PRG	TWN_ZOAH	EVTZOAH	033714	13	dialog
752	PRG	TWN_ZOAH	EVTZOAH	033AC7	13	dialog
753	MENUBK	MENUBK	MENUBK	00005C	15	ui
753	MENUBK	MENUBK	MENUBK	0071CB	15	ui
754	PRG	TWN_ZOAH	EVTZOAH	00B2BA	11	dialog
754	PRG	TWN_ZOAH	EVTZOAH	03E3E5	11	dialog
755	PRG	TWN_ZOAH	EVTZOAH	0337C9	11	dialog
755	PRG	TWN_ZOAH	EVTZOAH	033A2A	11	dialog
756	PRG	TWN_ZOAH	EVTZOAH	02F036	16	dialog
756	PRG	TWN_ZOAH	EVTZOAH	030938	16	dialog
757	PRG	FLD_C8	FLD_T0	014EDD	10	dialog
757	PRG	FLD_C8	FLD_T0	014EFE	10	dialog
758	PRG	FLD_C8	FLD_T0	0150D9	4	dialog
758	PRG	FLD_C8	FLD_T0	0150FD	4	dialog
759	PRG	FLD_C8	FLD_T0	0153B0	6	dialog
759	PRG	FLD_C8	FLD_T0	0153BF	6	dialog
760	PRG	TWN_SEEK	EVTSEEK	008643	4	dialog
760	PRG	TWN_ZOAH	EVTZOAH	02EF9F	4	dialog
761	PRG	FLD_C8	FLD_T0	014E40	6	dialog
761	PRG	FLD_C8	FLD_T0	014E6E	6	dialog
762	PRG	BTL_T0	BTL_T0	054B25	22	dialog
762	PRG	BTL_T0	BTL_T0	054C80	22	dialog
763	PRG	BTL_T0	BTL_T0	054B3C	24	dialog
763	PRG	BTL_T0	BTL_T0	054C48	24	dialog
764	PRG	BTL_T0	BTL_T0	054B66	24	dialog
764	PRG	BTL_T0	BTL_T0	054BDF	24	dialog
765	PRG	FLD_A5	FLD_A5	00F001	8	dialog
765	PRG	FLD_A5	FLD_A5	00F4F3	8	dialog
766	PRG	FLD_A5	FLD_A5	00F02D	6	dialog
766	PRG	FLD_A5	FLD_A5	00F51F	6	dialog
767	PRG	FLD_A5	FLD_A5	00E2DB	25	dialog
767	PRG	FLD_A5	FLD_A5	00EC9C	25	dialog
768	PRG	FLD_B6	FLD_B6	00A048	20	dialog
768	PRG	FLD_B6	FLD_B6	00AA11	20	dialog
769	PRG	FLD_B6	FLD_B6	00AAAB	14	dialog
769	PRG	FLD_B6	FLD_B6	00AAD2	14	dialog
770	PRG	FLD_C8	FLD_T0	01430E	18	dialog
770	PRG	FLD_C8	FLD_T0	0146D6	18	dialog
771	PRG	FLD_C8	FLD_T0	014339	18	dialog
771	PRG	FLD_C8	FLD_T0	014728	18	dialog
772	PRG	FLD_C4	FLD_C4	00A367	11	dialog
772	PRG	FLD_C4	FLD_C4	00A38B	11	dialog
773	PRG	FLD_B2	FLD_B2	00E397	12	dialog
773	PRG	FLD_D5	FLD_D5	002D5F	12	dialog
774	PRG	FLD_B2	FLD_B2	00E3A3	6	dialog
774	PRG	FLD_D5	FLD_D5	002D6B	6	dialog
775	PRG	TWN_ZOAH	EVTZOAH	01393C	14	dialog
775	PRG	TWN_ZOAH	EVTZOAH	013B18	14	dialog
776	PRG	TWN_CAMP	EVTCAMP	00E3A6	4	dialog
776	PRG	TWN_ZOAH	EVTZOAH	02F288	4	dialog
777	PRG	FLD_A3	FLD_A3	009F63	6	dialog
777	PRG	FLD_A3	FLD_A3	009F9C	6	dialog
778	PRG	TWN_CARA	EVTCARA	016589	4	dialog
778	PRG	TWN_CARA	EVTCARA	016639	4	dialog
779	PRG	TWN_ZOAH	EVTZOAH	0238BC	6	dialog
779	PRG	TWN_ZOAH	EVTZOAH	0238F0	6	dialog
780	PRG	TWN_CARA	EVTCARA	016B26	6	dialog
780	PRG	TWN_CARA	EVTCARA	016B47	6	dialog
781	PRG	TWN_ZOAH	EVTZOAH	02F22D	4	dialog
781	PRG	TWN_ZOAH	EVTZOAH	02F261	4	dialog
782	PRG	TWN_CARA	EVTCARA	005D9F	8	dialog
782	PRG	TWN_CARA	EVTCARA	005FC8	8	dialog
783	PRG	TWN_ZOAH	EVTZOAH	00B3FC	18	dialog
783	PRG	TWN_ZOAH	EVTZOAH	00BB02	18	dialog
784	PRG	TWN_ZOAH	EVTZOAH	00C6A8	8	dialog
784	PRG	TWN_ZOAH	EVTZOAH	00C813	8	dialog
785	PRG	TWN_ZOAH	EVTZOAH	03E650	6	dialog
785	PRG	TWN_ZOAH	EVTZOAH	03E682	6	dialog
786	PRG	TWN_SEEK	EVTSEEK	00D733	6	dialog
786	PRG	TWN_SEEK	EVTSEEK	00D88B	6	dialog
787	PRG	TWN_ZOAH	EVTZOAH	02FC37	4	dialog
787	PRG	TWN_ZOAH	EVTZOAH	03E8CF	4	dialog
788	PRG	FLD_A3	FLD_A3	009507	10	dialog
788	PRG	FLD_A3	FLD_A3	00952A	10	dialog
789	PRG	FLD_A5	FLD_A5	00D5A6	4	dialog
789	PRG	FLD_A5	FLD_A5	00D5EA	4	dialog
790	PRG	TWN_CARA	EVTCARA	016E9C	4	dialog
790	PRG	TWN_ZOAH	EVTZOAH	013DAB	4	dialog
791	PRG	TWN_CAMP	EVTCAMP	00BE62	28	dialog
791	PRG	TWN_CAMP	EVTCAMP	00C01B	28	dialog
792	PRG	FLD_C8	FLD_T0	0134EE	39	dialog
792	PRG	FLD_C8	FLD_T0	013655	39	dialog
793	PRG	FLD_C8	FLD_T0	013516	39	dialog
793	PRG	FLD_C8	FLD_T0	01367D	39	dialog
794	PRG	TWN_ZOAH	EVTZOAH	03BB25	9	dialog
794	PRG	TWN_ZOAH	EVTZOAH	03BB81	9	dialog
795	PRG	FLD_C8	FLD_T0	01353E	39	dialog
795	PRG	FLD_C8	FLD_T0	0136A5	39	dialog
796	PRG	FLD_C8	FLD_T0	013566	39	dialog
796	PRG	FLD_C8	FLD_T0	0136CD	39	dialog
797	PRG	FLD_C8	FLD_T0	01358E	39	dialog
797	PRG	FLD_C8	FLD_T0	0136F5	39	dialog
798	PRG	FLD_C8	FLD_T0	0135B6	39	dialog
798	PRG	FLD_C8	FLD_T0	01371D	39	dialog
799	PRG	FLD_C8	FLD_T0	0135DE	39	dialog
799	PRG	FLD_C8	FLD_T0	013745	39	dialog
800	PRG	FLD_C8	FLD_T0	013606	39	dialog
800	PRG	FLD_C8	FLD_T0	01376D	39	dialog
801	PRG	FLD_C8	FLD_T0	01362E	39	dialog
801	PRG	FLD_C8	FLD_T0	013795	39	dialog
802	PRG	TWN_ZOAH	EVTZOAH	029157	13	dialog
802	MOVIE	EVT160_2	EVT160_2	00559C	13	movie
803	PRG	TWN_ZOAH	EVTZOAH	02A9C4	23	dialog
803	PRG	TWN_ZOAH	EVTZOAH	02B03D	23	dialog
804	PRG	TWN_ZOAH	EVTZOAH	00C5F1	27	dialog
804	PRG	TWN_ZOAH	EVTZOAH	00C75C	27	dialog
805	PRG	TWN_SEEK	EVTSEEK	00C46C	11	dialog
805	PRG	TWN_SEEK	EVTSEEK	00C593	11	dialog
806	PRG	TWN_CAMP	EVTCAMP	00F8D9	19	dialog
806	PRG	TWN_CAMP	EVTCAMP	00FB52	19	dialog
807	PRG	TWN_ZOAH	EVTZOAH	018BD6	35	dialog
807	PRG	TWN_ZOAH	EVTZOAH	018C70	35	dialog
808	PRG	TWN_SEEK	EVTSEEK	00C419	35	dialog
808	PRG	TWN_SEEK	EVTSEEK	00C540	35	dialog
809	PRG	BTL_B5	BTL_B5	0523B1	29	dialog
809	PRG	BTL_X0	BTL_X0	05E2BB	29	dialog
810	PRG	FLD_A5	FLD_A5	00F161	39	dialog
810	PRG	FLD_A5	FLD_A5	00F653	39	dialog
811	MOVIE	EVT160_1	EVT160_1	0053F5	4	movie
811	MOVIE	EVT160_1	EVT160_1	0054B7	4	movie
812	PRG	TWN_ZOAH	EVTZOAH	00E025	25	dialog
812	PRG	TWN_ZOAH	EVTZOAH	00E08D	25	dialog
813	PRG	TWN_SEEK	EVTSEEK	0063C5	25	dialog
813	PRG	TWN_SEEK	EVTSEEK	00664A	25	dialog
814	PRG	TWN_ZOAH	EVTZOAH	022B79	31	dialog
814	PRG	TWN_ZOAH	EVTZOAH	0230C3	31	dialog
815	PRG	TWN_ZOAH	EVTZOAH	00C619	37	dialog
815	PRG	TWN_ZOAH	EVTZOAH	00C784	37	dialog
816	PRG	TWN_SEEK	EVTSEEK	00E68F	33	dialog
816	PRG	TWN_SEEK	EVTSEEK	00E8B3	33	dialog
817	PRG	TWN_CARA	EVTCARA	0128CD	39	dialog
817	PRG	TWN_CARA	EVTCARA	0135BF	39	dialog
818	PRG	TWN_SEEK	EVTSEEK	01736D	39	dialog
818	PRG	TWN_SEEK	EVTSEEK	01741D	39	dialog
819	PRG	TWN_CARA	EVTCARA	0131AD	35	dialog
819	PRG	TWN_CARA	EVTCARA	013392	35	dialog
820	PRG	TWN_ZOAH	EVTZOAH	00C665	31	dialog
820	PRG	TWN_ZOAH	EVTZOAH	00C7D0	31	dialog
821	PRG	TWN_CAMP	EVTCAMP	00BE89	27	dialog
821	PRG	TWN_CAMP	EVTCAMP	00C042	27	dialog
822	PRG	TWN_CARA	EVTCARA	0128AA	35	dialog
822	PRG	TWN_CARA	EVTCARA	01359C	35	dialog
823	PRG	TWN_SEEK	EVTSEEK	00E66C	35	dialog
823	PRG	TWN_SEEK	EVTSEEK	00E890	35	dialog
824	PRG	TWN_ZOAH	EVTZOAH	01E140	23	dialog
824	PRG	TWN_ZOAH	EVTZOAH	01E233	23	dialog
825	PRG	TWN_ZOAH	EVTZOAH	019379	13	dialog
825	PRG	TWN_ZOAH	EVTZOAH	01D088	13	dialog
826	PRG	TWN_CARA	EVTCARA	006251	27	dialog
826	PRG	TWN_CARA	EVTCARA	0062F1	27	dialog
827	PRG	TWN_ZOAH	EVTZOAH	02AA0D	11	dialog
827	PRG	TWN_ZOAH	EVTZOAH	02B086	11	dialog
828	PRG	TWN_CARA	EVTCARA	012F92	39	dialog
828	PRG	TWN_CARA	EVTCARA	013105	39	dialog
829	PRG	TWN_SEEK	EVTSEEK	00C484	11	dialog
829	PRG	TWN_SEEK	EVTSEEK	00C5AB	11	dialog
830	PRG	TWN_ZOAH	EVTZOAH	02F087	31	dialog
830	PRG	TWN_ZOAH	EVTZOAH	030989	31	dialog
831	PRG	TWN_CAMP	EVTCAMP	00F8AF	29	dialog
831	PRG	TWN_CAMP	EVTCAMP	00FB28	29	dialog
832	PRG	BTL_X0	BTL_X0	05E27A	9	dialog
832	PRG	BTL_X0	BTL_X0	05E343	9	dialog
833	PRG	TWN_CARA	EVTCARA	005D80	31	dialog
833	PRG	TWN_CARA	EVTCARA	005FA9	31	dialog
834	PRG	TWN_CARA	EVTCARA	009904	31	dialog
834	PRG	TWN_CARA	EVTCARA	009A20	31	dialog
835	PRG	TWN_ZOAH	EVTZOAH	022E2B	23	dialog
835	PRG	TWN_ZOAH	EVTZOAH	02300A	23	dialog
836	PRG	FLD_C8	FLD_T0	012F23	15	dialog
836	PRG	FLD_C8	FLD_T0	014364	15	dialog
837	PRG	TWN_CARA	EVTCARA	012F73	31	dialog
837	PRG	TWN_CARA	EVTCARA	0130E6	31	dialog
838	PRG	TWN_CARA	EVTCARA	00C678	33	dialog
838	PRG	TWN_CARA	EVTCARA	00C7FC	33	dialog
839	PRG	TWN_ZOAH	EVTZOAH	018BCD	9	dialog
839	PRG	TWN_ZOAH	EVTZOAH	018C67	9	dialog
840	PRG	TWN_ZOAH	EVTZOAH	01E183	37	dialog
840	PRG	TWN_ZOAH	EVTZOAH	01E276	37	dialog
841	PRG	TWN_ZOAH	EVTZOAH	00C6BD	13	dialog
841	PRG	TWN_ZOAH	EVTZOAH	00C828	13	dialog
842	PRG	FLD_A5	FLD_A5	00F109	39	dialog
842	PRG	FLD_A5	FLD_A5	00F5FB	39	dialog
843	PRG	TWN_SEEK	EVTSEEK	00B82B	37	dialog
843	PRG	TWN_SEEK	EVTSEEK	00B8CC	37	dialog
844	PRG	TWN_CAMP	EVTCAMP	00F809	25	dialog
844	PRG	TWN_CAMP	EVTCAMP	00FA82	25	dialog
845	PRG	TWN_CAMP	EVTCAMP	00BEE9	29	dialog
845	PRG	TWN_CAMP	EVTCAMP	00C257	29	dialog
846	PRG	TWN_CARA	EVTCARA	00C6DC	23	dialog
846	PRG	TWN_CARA	EVTCARA	00C860	23	dialog
847	PRG	TWN_ZOAH	EVTZOAH	018BF9	21	dialog
847	PRG	TWN_ZOAH	EVTZOAH	018C93	21	dialog
848	PRG	TWN_ZOAH	EVTZOAH	03BB3B	31	dialog
848	PRG	TWN_ZOAH	EVTZOAH	03BB97	31	dialog
849	PRG	TWN_ZOAH	EVTZOAH	00E059	39	dialog
849	PRG	TWN_ZOAH	EVTZOAH	00E0C1	39	dialog
850	PRG	TWN_CARA	EVTCARA	006274	31	dialog
850	PRG	TWN_CARA	EVTCARA	006314	31	dialog
851	PRG	FLD_B5	FLD_B5	00916D	7	dialog
851	PRG	FLD_B5	FLD_B5	0091F8	7	dialog
852	PRG	FLD_A5	FLD_A5	00F0DD	39	dialog
852	PRG	FLD_A5	FLD_A5	00F5CF	39	dialog
853	PRG	TWN_ZOAH	EVTZOAH	013888	33	dialog
853	PRG	TWN_ZOAH	EVTZOAH	013A64	33	dialog
854	PRG	BTL_A5	BTL_A5	057C41	39	dialog
854	PRG	BTL_T0	BTL_T0	0537D4	39	dialog
855	PRG	TWN_ZOAH	EVTZOAH	033A0B	31	dialog
855	PRG	TWN_ZOAH	EVTZOAH	033AA8	31	dialog
856	PRG	TWN_CARA	EVTCARA	01648F	39	dialog
856	PRG	TWN_CARA	EVTCARA	016661	39	dialog
857	PRG	TWN_CARA	EVTCARA	01658D	23	dialog
857	PRG	TWN_CARA	EVTCARA	01663D	23	dialog
858	PRG	BTL_B6	BTL_B6	05B2C1	29	dialog
858	PRG	BTL_B6_2	BTL_B62	053BD6	29	dialog
859	PRG	TWN_ZOAH	EVTZOAH	0137E2	27	dialog
859	PRG	TWN_ZOAH	EVTZOAH	0139BF	27	dialog
860	PRG	TWN_CARA	EVTCARA	006293	31	dialog
860	PRG	TWN_CARA	EVTCARA	006333	31	dialog
861	PRG	TWN_ZOAH	EVTZOAH	02367C	31	dialog
861	PRG	TWN_ZOAH	EVTZOAH	023758	31	dialog
862	PRG	TWN_ZOAH	EVTZOAH	03718A	39	dialog
862	PRG	TWN_ZOAH	EVTZOAH	0386C9	39	dialog
863	PRG	TWN_SEEK	EVTSEEK	00D6E9	9	dialog
863	PRG	TWN_SEEK	EVTSEEK	00D841	9	dialog
864	PRG	TWN_ZOAH	EVTZOAH	02F01F	23	dialog
864	PRG	TWN_ZOAH	EVTZOAH	030921	23	dialog
865	PRG	TWN_CARA	EVTCARA	00ED98	15	dialog
865	PRG	TWN_CARA	EVTCARA	00EED7	15	dialog
866	PRG	TWN_ZOAH	EVTZOAH	01A9FC	35	dialog
866	PRG	TWN_ZOAH	EVTZOAH	01AA2E	35	dialog
867	PRG	TWN_ZOAH	EVTZOAH	03DEFC	33	dialog
867	PRG	TWN_ZOAH	EVTZOAH	03E47B	33	dialog
868	PRG	TWN_CAMP	EVTCAMP	0102AF	15	dialog
868	PRG	TWN_CAMP	EVTCAMP	010324	15	dialog
869	PRG	TWN_ZOAH	EVTZOAH	02F0F8	39	dialog
869	PRG	TWN_ZOAH	EVTZOAH	0309FA	39	dialog
870	PRG	TWN_CARA	EVTCARA	00C699	21	dialog
870	PRG	TWN_CARA	EVTCARA	00C81D	21	dialog
871	PRG	TWN_SEEK	EVTSEEK	00D678	35	dialog
871	PRG	TWN_SEEK	EVTSEEK	00D7D0	35	dialog
872	PRG	TWN_ZOAH	EVTZOAH	022E62	37	dialog
872	PRG	TWN_ZOAH	EVTZOAH	023041	37	dialog
873	PRG	TWN_SEEK	EVTSEEK	00634A	27	dialog
873	PRG	TWN_SEEK	EVTSEEK	0065CF	27	dialog
874	PRG	TWN_ZOAH	EVTZOAH	02F36C	39	dialog
874	PRG	TWN_ZOAH	EVTZOAH	03022E	39	dialog
875	PRG	TWN_ZOAH	EVTZOAH	00C5CD	23	dialog
875	PRG	TWN_ZOAH	EVTZOAH	00C738	23	dialog
876	PRG	TWN_ZOAH	EVTZOAH	0235E7	31	dialog
876	PRG	TWN_ZOAH	EVTZOAH	0236C7	31	dialog
877	PRG	TWN_SEEK	EVTSEEK	00C3F4	33	dialog
877	PRG	TWN_SEEK	EVTSEEK	00C51D	33	dialog
878	PRG	TWN_ZOAH	EVTZOAH	01E1B5	39	dialog
878	PRG	TWN_ZOAH	EVTZOAH	01E2A8	39	dialog
879	PRG	FLD_C8	FLD_T0	013AB7	9	dialog
879	MOVIE	EVT008	EVT008	000EBD	9	movie
880	PRG	TWN_SEEK	EVTSEEK	00D793	9	dialog
880	PRG	TWN_SEEK	EVTSEEK	01251C	9	dialog
881	PRG	TWN_ZOAH	EVTZOAH	013829	25	dialog
881	PRG	TWN_ZOAH	EVTZOAH	013A06	25	dialog
882	PRG	TWN_ZOAH	EVTZOAH	00C6E5	35	dialog
882	PRG	TWN_ZOAH	EVTZOAH	00C850	35	dialog
883	PRG	TWN_CARA	EVTCARA	012978	19	dialog
883	PRG	TWN_CARA	EVTCARA	013BF4	19	dialog
884	PRG	TWN_ZOAH	EVTZOAH	023C8F	35	dialog
884	PRG	TWN_ZOAH	EVTZOAH	023D35	35	dialog
885	PRG	TWN_CARA	EVTCARA	0098DD	37	dialog
885	PRG	TWN_CARA	EVTCARA	0099F9	37	dialog
886	PRG	TWN_CAMP	EVTCAMP	00BE30	39	dialog
886	PRG	TWN_CAMP	EVTCAMP	00BFE9	39	dialog
887	PRG	TWN_CARA	EVTCARA	013C49	9	dialog
887	PRG	TWN_CARA	EVTCARA	013C91	9	dialog
888	PRG	TWN_SEEK	EVTSEEK	006365	37	dialog
888	PRG	TWN_SEEK	EVTSEEK	0065EA	37	dialog
889	PRG	TWN_CARA	EVTCARA	005DDC	25	dialog
889	PRG	TWN_CARA	EVTCARA	006005	25	dialog
890	PRG	BTL_D2	BTL_D2	052B52	9	dialog
890	PRG	MENUEN	MENUEN	006D31	9	ui
891	PRG	FLD_B6	FLD_B6	009C35	27	dialog
891	MOVIE	EVT016_2	EVT016_2	00132F	27	movie
892	PRG	TWN_ZOAH	EVTZOAH	02F11F	29	dialog
892	PRG	TWN_ZOAH	EVTZOAH	030A21	29	dialog
893	PRG	TWN_SEEK	EVTSEEK	00C3D7	29	dialog
893	PRG	TWN_SEEK	EVTSEEK	00C500	29	dialog
894	PRG	BTL_T0	BTL_T0	0543F0	16	dialog
894	PRG	BTL_T0	BTL_T0	054504	16	dialog
895	PRG	TWN_SEEK	EVTSEEK	006397	33	dialog
895	PRG	TWN_SEEK	EVTSEEK	00661C	33	dialog
896	PRG	TWN_CARA	EVTCARA	012951	19	dialog
896	PRG	TWN_CARA	EVTCARA	013BCD	19	dialog
897	PRG	TWN_ZOAH	EVTZOAH	00D2B1	27	dialog
897	PRG	TWN_ZOAH	EVTZOAH	00D2F6	27	dialog
898	PRG	TWN_ZOAH	EVTZOAH	022D25	33	dialog
898	PRG	TWN_ZOAH	EVTZOAH	022F03	33	dialog
899	PRG	TWN_ZOAH	EVTZOAH	02F2EC	23	dialog
899	PRG	TWN_ZOAH	EVTZOAH	0301A6	23	dialog
900	PRG	TWN_CAMP	EVTCAMP	00BE57	11	dialog
900	PRG	TWN_CAMP	EVTCAMP	00C010	11	dialog
901	PRG	TWN_ZOAH	EVTZOAH	022955	21	dialog
901	PRG	TWN_ZOAH	EVTZOAH	022CE4	21	dialog
902	PRG	TWN_ZOAH	EVTZOAH	02FED7	37	dialog
902	PRG	TWN_ZOAH	EVTZOAH	030A8E	37	dialog
903	PRG	TWN_ZOAH	EVTZOAH	022E4F	19	dialog
903	PRG	TWN_ZOAH	EVTZOAH	02302E	19	dialog
904	PRG	TWN_CARA	EVTCARA	0093FF	25	dialog
904	PRG	TWN_CARA	EVTCARA	009425	25	dialog
905	PRG	TWN_ZOAH	EVTZOAH	02F053	13	dialog
905	PRG	TWN_ZOAH	EVTZOAH	030955	13	dialog
906	PRG	TWN_SEEK	EVTSEEK	00B883	31	dialog
906	PRG	TWN_SEEK	EVTSEEK	00B924	31	dialog
907	PRG	TWN_CARA	EVTCARA	009953	26	dialog
907	PRG	TWN_CARA	EVTCARA	009A6F	26	dialog
908	PRG	FLAGEDIT	FLAGEDIT	001379	2	ui
908	PRG	FLD_C8	FLD_T0	01390D	3	dialog
909	PRG	TWN_CARA	EVTCARA	00C6BB	33	dialog
909	PRG	TWN_CARA	EVTCARA	00C83F	33	dialog
910	PRG	TWN_CAMP	EVTCAMP	010238	13	dialog
910	PRG	TWN_CAMP	EVTCAMP	010395	13	dialog
911	PRG	TWN_CARA	EVTCARA	017C5D	19	dialog
911	PRG	TWN_CARA	EVTCARA	017CC8	18	dialog
912	PRG	FLD_A5	FLD_A5	00F085	39	dialog
912	PRG	FLD_A5	FLD_A5	00F577	39	dialog
913	PRG	TWN_CARA	EVTCARA	012901	17	dialog
913	PRG	TWN_CARA	EVTCARA	013B7D	17	dialog
914	PRG	TWN_CAMP	EVTCAMP	00BF06	37	dialog
914	PRG	TWN_CAMP	EVTCAMP	00C274	37	dialog
915	PRG	TWN_CARA	EVTCARA	012912	31	dialog
915	PRG	TWN_CARA	EVTCARA	013B8E	31	dialog
916	PRG	TWN_CAMP	EVTCAMP	00F7E7	21	dialog
916	PRG	TWN_CAMP	EVTCAMP	00FA60	21	dialog
917	PRG	TWN_SEEK	EVTSEEK	00863B	4	dialog
917	PRG	TWN_ZOAH	EVTZOAH	02EF97	4	dialog
918	PRG	TWN_CARA	EVTCARA	0173CB	17	dialog
918	PRG	TWN_ZOAH	EVTZOAH	039F7C	17	dialog
919	PRG	TWN_ZOAH	EVTZOAH	02AD93	23	dialog
919	PRG	TWN_ZOAH	EVTZOAH	02AECD	23	dialog
920	PRG	TWN_CARA	EVTCARA	012EE7	23	dialog
920	PRG	TWN_CARA	EVTCARA	013066	23	dialog
921	PRG	TWN_ZOAH	EVTZOAH	02362B	35	dialog
921	PRG	TWN_ZOAH	EVTZOAH	023707	35	dialog
922	PRG	TWN_CARA	EVTCARA	005DF5	37	dialog
922	PRG	TWN_CARA	EVTCARA	00601E	37	dialog
923	PRG	TWN_ZOAH	EVTZOAH	01384F	17	dialog
923	PRG	TWN_ZOAH	EVTZOAH	013A2C	17	dialog
924	PRG	TWN_CAMP	EVTCAMP	00CE9A	15	dialog
924	PRG	TWN_CAMP	EVTCAMP	00D010	15	dialog
925	PRG	TWN_ZOAH	EVTZOAH	02EFE2	9	dialog
925	PRG	TWN_ZOAH	EVTZOAH	0308E4	9	dialog
926	PRG	TWN_ZOAH	EVTZOAH	02EFD1	17	dialog
926	PRG	TWN_ZOAH	EVTZOAH	0308D3	17	dialog
927	PRG	BTL_B5	BTL_B5	052305	23	dialog
927	PRG	BTL_T0	BTL_T0	053884	23	dialog
928	PRG	TWN_CARA	EVTCARA	012873	29	dialog
928	PRG	TWN_CARA	EVTCARA	013565	29	dialog
929	PRG	TWN_ZOAH	EVTZOAH	02F060	37	dialog
929	PRG	TWN_ZOAH	EVTZOAH	030962	37	dialog
930	PRG	TWN_ZOAH	EVTZOAH	02FDDD	39	dialog
930	PRG	TWN_ZOAH	EVTZOAH	030420	39	dialog
931	PRG	FLD_B5	FLD_B5	00B09B	4	dialog
931	PRG	FLD_B5	FLD_B5	00B0C6	4	dialog
932	PRG	FLD_D2	FLD_D2	0082EC	12	dialog
932	PRG	FLD_D2	FLD_D2	008325	12	dialog
933	PRG	TWN_CARA	EVTCARA	009923	37	dialog
933	PRG	TWN_CARA	EVTCARA	009A3F	37	dialog
934	PRG	TWN_CAMP	EVTCAMP	00F648	15	dialog
934	PRG	TWN_EXCA	EVTEXCA	0015D4	15	dialog
935	PRG	TWN_SEEK	EVTSEEK	00D6BF	29	dialog
935	PRG	TWN_SEEK	EVTSEEK	00D817	29	dialog
936	PRG	TWN_ZOAH	EVTZOAH	02364E	33	dialog
936	PRG	TWN_ZOAH	EVTZOAH	02372A	33	dialog
937	PRG	TWN_SEEK	EVTSEEK	00B85E	37	dialog
937	PRG	TWN_SEEK	EVTSEEK	00B8FF	37	dialog
938	PRG	TWN_CAMP	EVTCAMP	00EEC1	10	dialog
938	PRG	TWN_CAMP	EVTCAMP	00EEDA	10	dialog
939	PRG	BTL_B5	BTL_B5	0523CE	31	dialog
939	PRG	BTL_X0	BTL_X0	05E2D8	31	dialog
940	PRG	FLD_A5	FLD_A5	00F135	39	dialog
940	PRG	FLD_A5	FLD_A5	00F627	39	dialog
941	PRG	TWN_CARA	EVTCARA	016550	15	dialog
941	PRG	TWN_CARA	EVTCARA	016600	15	dialog
942	PRG	TWN_CARA	EVTCARA	00949F	31	dialog
942	PRG	TWN_CARA	EVTCARA	009AEB	31	dialog
943	PRG	TWN_ZOAH	EVTZOAH	033071	39	dialog
943	PRG	TWN_ZOAH	EVTZOAH	03390A	39	dialog
944	PRG	TWN_CARA	EVTCARA	00EDA7	35	dialog
944	PRG	TWN_CARA	EVTCARA	00EEE6	35	dialog
945	PRG	BTL_A3	BTL_A3	003548	26	dialog
945	PRG	BTL_A3	BTL_A3	00367C	26	dialog
946	PRG	TWN_SEEK	EVTSEEK	007115	11	dialog
946	PRG	TWN_SEEK	EVTSEEK	00722D	11	dialog
947	PRG	TWN_CARA	EVTCARA	0173C7	4	dialog
947	PRG	TWN_ZOAH	EVTZOAH	02F6AB	4	dialog
948	PRG	TWN_CAMP	EVTCAMP	00CA38	12	dialog
948	PRG	TWN_CAMP	EVTCAMP	00CA53	12	dialog
949	PRG	FLD_A5	FLD_A5	00D737	4	dialog
949	PRG	FLD_A5	FLD_A5	00D75A	4	dialog
950	PRG	FLD_A5	FLD_A5	00F0B1	39	dialog
950	PRG	FLD_A5	FLD_A5	00F5A3	39	dialog
951	PRG	TWN_ZOAH	EVTZOAH	014D24	6	dialog
951	PRG	TWN_ZOAH	EVTZOAH	014D43	6	dialog
952	PRG	FLD_D2	FLD_D2	007F95	3	dialog
952	PRG	TWN_ZOAH	EVTZOAH	02F534	4	dialog
953	PRG	TWN_CAMP	EVTCAMP	00CE76	23	dialog
953	PRG	TWN_CAMP	EVTCAMP	00CFEC	23	dialog
954	PRG	TWN_ZOAH	EVTZOAH	0138DD	13	dialog
954	PRG	TWN_ZOAH	EVTZOAH	013AB9	13	dialog
955	PRG	TWN_SEEK	EVTSEEK	006216	39	dialog
955	PRG	TWN_SEEK	EVTSEEK	00649B	39	dialog
956	PRG	TWN_CARA	EVTCARA	0098C8	21	dialog
956	PRG	TWN_CARA	EVTCARA	0099E4	21	dialog
957	PRG	TWN_SEEK	EVTSEEK	0070F0	37	dialog
957	PRG	TWN_SEEK	EVTSEEK	007208	37	dialog
958	PRG	FLD_A5	FLD_A5	00ED9A	41	slot
958	PRG	FLD_A5	FLD_A5	00F28C	41	slot
959	PRG	FLD_A5	FLD_A5	00EDC3	41	slot
959	PRG	FLD_A5	FLD_A5	00F2B5	41	slot
960	PRG	FLD_A5	FLD_A5	00EDEC	41	slot
960	PRG	FLD_A5	FLD_A5	00F2DE	41	slot
961	PRG	FLD_A5	FLD_A5	00EE15	41	slot
961	PRG	FLD_A5	FLD_A5	00F307	41	slot
962	PRG	FLD_A5	FLD_A5	00EE3E	41	slot
962	PRG	FLD_A5	FLD_A5	00F330	41	slot
963	PRG	FLD_A5	FLD_A5	00EE67	41	slot
963	PRG	FLD_A5	FLD_A5	00F359	41	slot
964	PRG	FLD_A5	FLD_A5	00EE90	41	slot
964	PRG	FLD_A5	FLD_A5	00F382	41	slot
965	PRG	FLD_A5	FLD_A5	00EEB9	41	slot
965	PRG	FLD_A5	FLD_A5	00F3AB	41	slot
966	PRG	FLD_A5	FLD_A5	00EEE3	21	dialog
966	PRG	FLD_A5	FLD_A5	00F3D5	21	dialog
967	PRG	FLD_A5	FLD_A5	00EF0D	23	dialog
967	PRG	FLD_A5	FLD_A5	00F3FF	23	dialog
968	PRG	FLD_A5	FLD_A5	00EF37	25	dialog
968	PRG	FLD_A5	FLD_A5	00F429	25	dialog
969	PRG	FLD_A5	FLD_A5	00EF61	27	dialog
969	PRG	FLD_A5	FLD_A5	00F453	27	dialog
970	PRG	FLD_A5	FLD_A5	00EF8B	29	dialog
970	PRG	FLD_A5	FLD_A5	00F47D	29	dialog
971	PRG	FLD_A5	FLD_A5	00EFB5	31	dialog
971	PRG	FLD_A5	FLD_A5	00F4A7	31	dialog
972	PRG	FLD_A5	FLD_A5	00EFDF	33	dialog
972	PRG	FLD_A5	FLD_A5	00F4D1	33	dialog
973	PRG	FLD_A5	FLD_A5	00F009	35	dialog
973	PRG	FLD_A5	FLD_A5	00F4FB	35	dialog
974	PRG	FLD_A5	FLD_A5	00F033	37	dialog
974	PRG	FLD_A5	FLD_A5	00F525	37	dialog
975	PRG	FLD_A5	FLD_A5	00F059	39	dialog
975	PRG	FLD_A5	FLD_A5	00F54B	39	dialog
976	PRG	FLD_B6	FLD_B6	00A05C	21	dialog
976	PRG	FLD_B6	FLD_B6	00AA25	21	dialog
977	PRG	FLD_C8	FLD_T0	014320	13	dialog
977	PRG	FLD_C8	FLD_T0	01434B	13	dialog
978	PRG	TWN_CARA	EVTCARA	0164B7	23	dialog
978	PRG	TWN_CARA	EVTCARA	016689	23	dialog
979	PRG	BTL_A5	BTL_A5	057C68	11	dialog
979	PRG	MENUEN	MENUEN	003368	11	ui
980	PRG	TWN_SEEK	EVTSEEK	00628F	19	dialog
980	PRG	TWN_SEEK	EVTSEEK	006514	19	dialog
981	PRG	MENUEN	MENUEN	00668F	158	ui
981	PRG	MENUEN	MENUEN	0067DF	158	ui
982	PRG	TWN_SEEK	EVTSEEK	006670	37	dialog
982	PRG	TWN_SEEK	EVTSEEK	0066D6	37	dialog
983	PRG	BTL_C4	BTL_C4	054045	9	dialog
983	PRG	MENUEN	MENUEN	006408	9	ui
984	PRG	BTL_D5	BTL_D5	05AC05	19	dialog
984	PRG	MENUEN	MENUEN	0076FC	19	ui
985	PRG	BTL_D5	BTL_D5	05AB9A	25	dialog
985	PRG	MENUEN	MENUEN	0074C0	25	ui
986	PRG	BTL_D5	BTL_D5	05AB5F	25	dialog
986	PRG	MENUEN	MENUEN	0073AC	25	ui
987	PRG	BTL_D5	BTL_D5	05ABCC	25	dialog
987	PRG	MENUEN	MENUEN	0075D4	25	ui
988	PRG	BTL_D5	BTL_D5	05AB38	21	dialog
988	PRG	MENUEN	MENUEN	00729C	21	ui
989	PRG	BTL_D4	BTL_D4	04F419	19	dialog
989	PRG	MENUEN	MENUEN	007050	19	ui
990	PRG	1ST_READ	SAVE	03D4B9	5	dialog
990	PRG	WORLD	WORLDMAP	0055C7	5	ui
991	PRG	TWN_ZOAH	EVTZOAH	02F32D	23	dialog
991	PRG	TWN_ZOAH	EVTZOAH	0301EF	23	dialog
992	PRG	MENUEN	MENUEN	00483F	142	ui
992	PRG	MENUEN	MENUEN	004A87	142	ui
993	PRG	MENUEN	MENUEN	004953	172	ui
993	PRG	MENUEN	MENUEN	004B9B	172	ui
994	PRG	1ST_READ	SAVE	03D4BE	13	dialog
994	PRG	WORLD	WORLDMAP	0055CC	13	ui
995	MOVIE	EVT134_3	EVT134_3	004396	9	movie
995	MOVIE	EVT144	EVT144	004D82	9	movie
996	PRG	TWN_ZOAH	EVTZOAH	02FE94	27	dialog
996	PRG	TWN_ZOAH	EVTZOAH	030A4B	27	dialog
997	PRG	FLD_C8	FLD_T0	014F57	25	slot
997	PRG	FLD_C8	FLD_T0	015050	25	slot
998	PRG	BTL_X0	BTL_X0	05E451	17	dialog
998	PRG	MENUEN	MENUEN	0068A3	17	ui
999	PRG	TWN_RUIN	EVTRUIN	000954	17	dialog
999	PRG	TWN_RUIN	EVTRUIN	000B1D	17	dialog
1000	PRG	FLD_C8	FLD_T0	015185	25	dialog
1000	PRG	FLD_C8	FLD_T0	0151A0	25	dialog
1001	PRG	FLD_B6	FLD_B6	00B1F5	23	dialog
1001	PRG	FLD_C8	FLD_T0	014D71	23	dialog
1002	PRG	FLD_B6	FLD_B6	00B1CD	23	dialog
1002	PRG	FLD_B6	FLD_B6	00B2CA	23	dialog
1003	PRG	FLD_B6	FLD_B6	00B20C	23	dialog
1003	PRG	FLD_B6	FLD_B6	00B31A	23	slot
1004	PRG	FLD_B6	FLD_B6	00B2F2	23	dialog
1004	PRG	FLD_B6	FLD_B6	00B348	23	slot
1005	PRG	TWN_CARA	EVTCARA	012F5E	21	dialog
1005	PRG	TWN_CARA	EVTCARA	0130D1	21	dialog
1006	PRG	1ST_READ	SAVE	03D426	13	dialog
1006	PRG	WORLD	WORLDMAP	005534	13	ui
1007	PRG	BTL_D4	BTL_D4	04F48B	7	dialog
1007	PRG	MENUEN	MENUEN	00693C	7	ui
1008	PRG	BTL_B5_3	BTL_B53	050D98	17	dialog
1008	PRG	MENUEN	MENUEN	004DC0	17	ui
1009	PRG	TWN_CAMP	EVTCAMP	00BE2A	6	dialog
1009	PRG	TWN_CAMP	EVTCAMP	00BFE3	6	dialog
1010	PRG	TWN_CARA	EVTCARA	017C2C	27	dialog
1010	PRG	TWN_CARA	EVTCARA	017D74	27	dialog
1011	PRG	TWN_CARA	EVTCARA	005DB4	39	dialog
1011	PRG	TWN_CARA	EVTCARA	005FDD	39	dialog
1012	PRG	BTL_D5	BTL_D5	05AC30	9	dialog
1012	PRG	MENUEN	MENUEN	0077A6	9	ui
1013	PRG	1ST_READ	SAVE	03D433	11	dialog
1013	PRG	WORLD	WORLDMAP	005541	11	ui
1014	PRG	FLD_B5	FLD_B5	009CC3	19	dialog
1014	PRG	FLD_B5	FLD_B5	009D22	19	dialog
1015	PRG	1ST_READ	SAVE	03D43E	11	dialog
1015	PRG	WORLD	WORLDMAP	00554C	11	ui
1016	PRG	1ST_READ	SAVE	03D414	9	dialog
1016	PRG	WORLD	WORLDMAP	005522	9	ui
1017	PRG	BTL_A3	BTL_A3	0531EF	7	dialog
1017	PRG	BTL_T0	BTL_T0	053700	7	dialog
1018	PRG	TWN_SEEK	EVTSEEK	006322	27	dialog
1018	PRG	TWN_SEEK	EVTSEEK	0065A7	27	dialog
1019	PRG	BTL_A7_2	BTL_A72	050E1C	13	dialog
1019	PRG	MENUEN	MENUEN	007D10	13	ui
1020	PRG	TWN_CARA	EVTCARA	0038F2	17	dialog
1020	PRG	TWN_CARA	EVTCARA	003915	17	dialog
1021	PRG	BTL_B6	BTL_B6	05B1CA	9	dialog
1021	PRG	BTL_B6	BTL_B6	05B213	9	dialog
1022	PRG	FLD_A3	FLD_A3	0094C3	11	dialog
1022	PRG	FLD_A3	FLD_A3	009F35	11	dialog
1023	PRG	TWN_CARA	EVTCARA	00B028	19	dialog
1023	PRG	TWN_CARA	EVTCARA	00B074	19	dialog
1024	PRG	BTL_D5	BTL_D5	05AE8F	13	dialog
1024	PRG	BTL_D5	BTL_D5	05AE9C	13	dialog
1025	PRG	BTL_D4	BTL_D4	04F3FF	15	dialog
1025	PRG	MENUEN	MENUEN	006FBE	15	ui
1026	PRG	BTL_A3	BTL_A3	053204	13	dialog
1026	PRG	MENUEN	MENUEN	002E78	13	ui
1027	PRG	BTL_D4	BTL_D4	04F442	15	dialog
1027	PRG	MENUEN	MENUEN	0070F8	15	ui
1028	PRG	TWN_SEEK	EVTSEEK	00B80E	29	dialog
1028	PRG	TWN_SEEK	EVTSEEK	00B8AF	29	dialog
1029	PRG	BTL_B5_3	BTL_B53	050D85	5	dialog
1029	PRG	MENUEN	MENUEN	003938	5	ui
1030	PRG	BTL_A5_3	BTL_A53	04F854	9	dialog
1030	PRG	MENUEN	MENUEN	003A5C	9	ui
1031	PRG	BTL_D5	BTL_D5	05AC54	11	dialog
1031	PRG	MENUEN	MENUEN	007844	11	ui
1032	PRG	TWN_CARA	EVTCARA	00B03B	21	dialog
1032	PRG	TWN_CARA	EVTCARA	00B0AB	21	dialog
1033	PRG	BTL_B6	BTL_B6	05B1E2	15	dialog
1033	PRG	MENUEN	MENUEN	005258	15	ui
1034	PRG	BTL_B6	BTL_B6	05B1F1	25	dialog
1034	PRG	BTL_B6	BTL_B6	05B240	25	dialog
1035	PRG	BTL_B6	BTL_B6	05B0A5	11	dialog
1035	PRG	MENUEN	MENUEN	004A7C	11	ui
1036	PRG	BTL_B6	BTL_B6	05B178	11	dialog
1036	PRG	MENUEN	MENUEN	004834	11	ui
1037	PRG	FLD_C4	FLD_C4	00A372	10	dialog
1037	PRG	FLD_C4	FLD_C4	00A396	10	dialog
1038	PRG	BTL_C5	BTL_C5	0523C9	17	dialog
1038	PRG	MENUEN	MENUEN	0082EA	17	ui
1039	PRG	BTL_C5	BTL_C5	0523B2	23	dialog
1039	PRG	MENUEN	MENUEN	00824C	23	ui
1040	PRG	BTL_D4	BTL_D4	04F42C	15	dialog
1040	PRG	MENUEN	MENUEN	0070E9	15	ui
1041	PRG	BTL_B2	BTL_B2	04FD7F	15	dialog
1041	PRG	MENUEN	MENUEN	005AE8	15	ui
1042	PRG	BTL_B6	BTL_B6	05B09A	11	dialog
1042	PRG	MENUEN	MENUEN	004B90	11	ui
1043	PRG	BTL_B6	BTL_B6	05B16D	11	dialog
1043	PRG	MENUEN	MENUEN	004948	11	ui
1044	PRG	BTL_B5_3	BTL_B53	050D4C	13	dialog
1044	PRG	MENUEN	MENUEN	004150	13	ui
1045	PRG	MENUEN	MENUEN	002BF4	9	ui
1045	PRG	TWN_ZOAH	EVTZOAH	02AD17	9	dialog
1046	PRG	FLD_B2	FLD_B2	00E384	19	dialog
1046	PRG	FLD_D5	FLD_D5	002D4C	19	dialog
1047	PRG	FLD_D2	FLD_D2	0082DD	15	dialog
1047	PRG	FLD_D2	FLD_D2	008316	15	dialog
1048	PRG	FLD_D2	FLD_D2	0082F8	15	dialog
1048	PRG	FLD_D2	FLD_D2	008331	15	dialog
1049	PRG	FLD_D2	FLD_D2	008307	15	dialog
1049	PRG	FLD_D2	FLD_D2	008340	15	dialog
1050	PRG	BTL_B5_2	BTL_B52	058C10	11	dialog
1050	PRG	MENUEN	MENUEN	005B84	11	ui
1051	PRG	BTL_A5_2	BTL_A52	05A9E0	9	dialog
1051	PRG	MENUEN	MENUEN	003BA0	9	ui
1052	PRG	BTL_D2	BTL_D2	052C1A	23	dialog
1052	PRG	MENUEN	MENUEN	006B84	23	ui
1053	PRG	BTL_D2	BTL_D2	052C45	23	dialog
1053	PRG	MENUEN	MENUEN	006A6C	23	ui
1054	PRG	TWN_ZOAH	EVTZOAH	032BFF	25	dialog
1054	PRG	TWN_ZOAH	EVTZOAH	032D5A	25	dialog
1055	PRG	TWN_CARA	EVTCARA	00623A	23	dialog
1055	PRG	TWN_CARA	EVTCARA	0062DA	23	dialog
1056	PRG	BTL_A7	BTL_A7	053BE9	23	dialog
1056	PRG	BTL_T0	BTL_T0	053775	23	dialog
1057	PRG	BTL_C4	BTL_C4	05408E	19	dialog
1057	PRG	MENUEN	MENUEN	006510	19	ui
1058	PRG	TWN_SEEK	EVTSEEK	00C396	27	dialog
1058	PRG	TWN_SEEK	EVTSEEK	00C4BF	27	dialog
1059	PRG	TWN_ZOAH	EVTZOAH	00C63E	37	dialog
1059	PRG	TWN_ZOAH	EVTZOAH	00C7A9	37	dialog
1060	PRG	BTL_D2_2	BTL_D22	0502F3	11	dialog
1060	PRG	MENUEN	MENUEN	006E82	11	ui
1061	PRG	BTL_D2_2	BTL_D22	05031A	17	dialog
1061	PRG	MENUEN	MENUEN	006E59	17	ui
1062	PRG	BTL_C4	BTL_C4	053FA8	17	dialog
1062	PRG	BTL_D2	BTL_D2	052B64	17	dialog
1063	PRG	TWN_ZOAH	EVTZOAH	02F344	39	dialog
1063	PRG	TWN_ZOAH	EVTZOAH	030206	39	dialog
1064	PRG	BTL_X0	BTL_X0	05E351	13	dialog
1064	PRG	MENUEN	MENUEN	006736	13	ui
1065	PRG	BTL_D4	BTL_D4	04F43B	7	dialog
1065	PRG	MENUEN	MENUEN	007107	7	ui
1066	PRG	BTL_D2	BTL_D2	052B44	9	dialog
1066	PRG	MENUEN	MENUEN	006CA0	9	ui
1067	PRG	BTL_B5_3	BTL_B53	050D6A	11	dialog
1067	PRG	MENUEN	MENUEN	00438C	11	ui
1068	PRG	FLD_C4	FLD_C4	015B0D	19	dialog
1068	PRG	FLD_C4	FLD_C4	015FE3	19	dialog
1069	PRG	FLD_C4	FLD_C4	015C64	23	dialog
1069	PRG	FLD_C4	FLD_C4	01602D	23	dialog
1070	PRG	FLD_C4	FLD_C4	015BC8	17	dialog
1070	PRG	FLD_C4	FLD_C4	01601C	17	dialog
1071	PRG	FLD_C4	FLD_C4	015A65	17	dialog
1071	PRG	FLD_C4	FLD_C4	015FD2	17	dialog
1072	PRG	TWN_ZOAH	EVTZOAH	013910	19	dialog
1072	PRG	TWN_ZOAH	EVTZOAH	013AEC	19	dialog
1073	PRG	1ST_READ	SAVE	03D89C	19	dialog
1073	PRG	1ST_READ	SAVE	03D8B0	19	dialog
1074	PRG	TWN_ZOAH	EVTZOAH	02AA3A	16	dialog
1074	PRG	TWN_ZOAH	EVTZOAH	02B0B3	16	dialog
1075	PRG	TWN_ZOAH	EVTZOAH	03DFF0	17	dialog
1075	PRG	TWN_ZOAH	EVTZOAH	03E0E2	17	dialog
1076	PRG	BTL_A7	BTL_A7	053C45	7	dialog
1076	PRG	MENUEN	MENUEN	005800	7	ui
1077	PRG	BTL_D4	BTL_D4	04F3F8	7	dialog
1077	PRG	MENUEN	MENUEN	006F18	7	ui
1078	PRG	FLD_B2	FLD_B2	00E24D	15	dialog
1078	PRG	FLD_B2	FLD_B2	00E372	15	dialog
1079	PRG	BTL_A7	BTL_A7	053C63	17	dialog
1079	PRG	MENUEN	MENUEN	00589C	17	ui
1080	PRG	BTL_D4	BTL_D4	04F45A	7	dialog
1080	PRG	MENUEN	MENUEN	007188	7	ui
1081	PRG	TWN_ZOAH	EVTZOAH	02AA25	21	dialog
1081	PRG	TWN_ZOAH	EVTZOAH	02B09E	21	dialog
1082	PRG	TWN_CARA	EVTCARA	005D0E	37	dialog
1082	PRG	TWN_CARA	EVTCARA	005F36	37	dialog
1083	PRG	BTL_A5	BTL_A5	057D5D	9	dialog
1083	PRG	MENUEN	MENUEN	003800	9	ui
1084	PRG	TWN_CAMP	EVTCAMP	00D6D5	4	dialog
1084	PRG	TWN_CAMP	EVTCAMP	00D6FA	4	dialog
1085	PRG	BTL_D5	BTL_D5	05AC18	11	dialog
1085	PRG	MENUEN	MENUEN	00778E	11	ui
1086	PRG	MENUEN	MENUEN	008BA3	174	ui
1086	PRG	MENUEN	MENUEN	008CF3	174	ui
1087	PRG	TWN_ZOAH	EVTZOAH	02AA4A	31	dialog
1087	PRG	TWN_ZOAH	EVTZOAH	02B0C3	31	dialog
1088	PRG	BTL_B5_3	BTL_B53	050DB4	7	dialog
1088	PRG	MENUEN	MENUEN	004E4D	7	ui
1089	PRG	BTL_B5_3	BTL_B53	050DA9	11	dialog
1089	PRG	MENUEN	MENUEN	004E42	11	ui
1090	PRG	BTL_C2	BTL_C2	0579DF	15	dialog
1090	PRG	MENUEN	MENUEN	008CE4	15	ui
1091	MOVIE	EVT004_2	EVT004_2	000DD0	9	movie
1091	MOVIE	EVT127_2	EVT127_2	0039B8	9	movie
1092	PRG	TWN_ZOAH	EVTZOAH	02F6BC	27	dialog
1092	PRG	TWN_ZOAH	EVTZOAH	02F6FF	27	dialog
1093	PRG	TWN_SEEK	EVTSEEK	0066A2	37	dialog
1093	PRG	TWN_SEEK	EVTSEEK	006708	37	dialog
1094	PRG	TWN_ZOAH	EVTZOAH	032C25	35	dialog
1094	PRG	TWN_ZOAH	EVTZOAH	032D80	35	dialog
1095	PRG	TWN_CAMP	EVTCAMP	01037F	11	dialog
1095	PRG	TWN_CAMP	EVTCAMP	010427	11	dialog
1096	PRG	TWN_CARA	EVTCARA	0093A7	31	dialog
1096	PRG	TWN_CARA	EVTCARA	0093D3	31	dialog
1097	PRG	TWN_SEEK	EVTSEEK	00C43C	33	dialog
1097	PRG	TWN_SEEK	EVTSEEK	00C563	33	dialog
1098	PRG	TWN_ZOAH	EVTZOAH	013860	35	dialog
1098	PRG	TWN_ZOAH	EVTZOAH	013A3D	35	dialog
1099	PRG	TWN_ZOAH	EVTZOAH	02EFEB	39	dialog
1099	PRG	TWN_ZOAH	EVTZOAH	0308ED	39	dialog
1100	PRG	TWN_ZOAH	EVTZOAH	02F0A6	35	dialog
1100	PRG	TWN_ZOAH	EVTZOAH	0309A8	35	dialog
1101	PRG	TWN_SEEK	EVTSEEK	00D6A8	23	dialog
1101	PRG	TWN_SEEK	EVTSEEK	00D800	23	dialog
1102	PRG	TWN_CAMP	EVTCAMP	00E9B4	31	dialog
1102	PRG	TWN_CAMP	EVTCAMP	00EA76	31	dialog
1103	PRG	TWN_CARA	EVTCARA	016576	19	dialog
1103	PRG	TWN_CARA	EVTCARA	016626	19	dialog
1104	PRG	TWN_SEEK	EVTSEEK	00D6F2	29	dialog
1104	PRG	TWN_SEEK	EVTSEEK	00D84A	29	dialog
1105	PRG	TWN_ZOAH	EVTZOAH	02F303	25	dialog
1105	PRG	TWN_ZOAH	EVTZOAH	0301BD	25	dialog
1106	PRG	TWN_SEEK	EVTSEEK	00978C	33	dialog
1106	PRG	TWN_SEEK	EVTSEEK	0098D3	33	dialog
1107	PRG	TWN_CAMP	EVTCAMP	00CEA9	21	dialog
1107	PRG	TWN_CAMP	EVTCAMP	00D01F	21	dialog
1108	PRG	TWN_SEEK	EVTSEEK	0097FF	29	dialog
1108	PRG	TWN_SEEK	EVTSEEK	009954	29	dialog
1109	PRG	TWN_CARA	EVTCARA	0164DB	39	dialog
1109	PRG	TWN_CARA	EVTCARA	0166AD	39	dialog
1110	PRG	TWN_CAMP	EVTCAMP	00BDC6	21	dialog
1110	PRG	TWN_CAMP	EVTCAMP	00BF7F	21	dialog
1111	PRG	TWN_SEEK	EVTSEEK	0062D5	39	dialog
1111	PRG	TWN_SEEK	EVTSEEK	00655A	39	dialog
1112	PRG	TWN_ZOAH	EVTZOAH	033532	7	dialog
1112	PRG	TWN_ZOAH	EVTZOAH	039D7F	7	dialog
1113	PRG	TWN_ZOAH	EVTZOAH	0334FD	29	dialog
1113	PRG	TWN_ZOAH	EVTZOAH	03384A	29	dialog
1114	PRG	BTL_C8	BTL_C8	04EAF7	9	dialog
1114	PRG	MENUEN	MENUEN	0092EF	9	ui
1115	PRG	BTL_B5	BTL_B5	052393	27	dialog
1115	PRG	BTL_X0	BTL_X0	05E299	27	dialog
1116	PRG	BTL_C4	BTL_C4	053FDF	7	dialog
1116	PRG	MENUEN	MENUEN	006391	7	ui
1117	PRG	BTL_C4	BTL_C4	053FD0	15	dialog
1117	PRG	MENUEN	MENUEN	0062C4	15	ui
1118	PRG	BTL_C4	BTL_C4	0540E0	15	dialog
1118	PRG	MENUEN	MENUEN	0065A6	15	ui
1119	PRG	BTL_B2	BTL_B2	04FD72	13	dialog
1119	PRG	MENUEN	MENUEN	005ADB	13	ui
1120	PRG	TWN_SEEK	EVTSEEK	017346	39	dialog
1120	PRG	TWN_SEEK	EVTSEEK	0173F6	39	dialog
1121	PRG	TWN_CARA	EVTCARA	0094F2	29	dialog
1121	PRG	TWN_CARA	EVTCARA	009BF5	29	dialog
1122	PRG	BTL_B5_2	BTL_B52	058C33	5	dialog
1122	PRG	BTL_B6_2	BTL_B62	053B5E	5	dialog
1123	PRG	TWN_SEEK	EVTSEEK	00D71C	23	dialog
1123	PRG	TWN_SEEK	EVTSEEK	00D874	23	dialog
1124	PRG	TWN_CARA	EVTCARA	012971	7	dialog
1124	PRG	TWN_CARA	EVTCARA	013BED	7	dialog
1125	PRG	TWN_SEEK	EVTSEEK	00C48F	35	dialog
1125	PRG	TWN_SEEK	EVTSEEK	00C5B6	35	dialog
1126	PRG	BTL_A7_2	BTL_A72	050E5B	5	dialog
1126	PRG	MENUEN	MENUEN	007DDB	5	ui
1127	PRG	TWN_CARA	EVTCARA	01655F	23	dialog
1127	PRG	TWN_CARA	EVTCARA	01660F	23	dialog
1128	PRG	BTL_C2_2	BTL_C22	05702B	27	dialog
1128	PRG	BTL_C2_2	BTL_C22	0572A7	27	dialog
1129	PRG	BTL_B5	BTL_B5	0522C0	17	dialog
1129	PRG	BTL_T0	BTL_T0	05382B	17	dialog
1130	PRG	BTL_B5_2	BTL_B52	058C38	5	dialog
1130	PRG	BTL_B6_2	BTL_B62	053B59	5	dialog
1131	PRG	TWN_CAMP	EVTCAMP	00BE13	23	dialog
1131	PRG	TWN_CAMP	EVTCAMP	00BFCC	23	dialog
1132	PRG	FLD_C8	FLD_T0	014B76	13	dialog
1132	PRG	FLD_C8	FLD_T0	0151E1	13	dialog
1133	PRG	FLD_C8	FLD_T0	014B65	13	dialog
1133	PRG	FLD_C8	FLD_T0	0151C6	13	dialog
1134	PRG	FLD_C8	FLD_T0	014B87	9	dialog
1134	PRG	FLD_C8	FLD_T0	0151FC	9	dialog
1135	PRG	FLD_C8	FLD_T0	014B98	9	dialog
1135	PRG	FLD_C8	FLD_T0	015217	9	dialog
1136	PRG	FLD_C8	FLD_T0	014BA9	9	dialog
1136	PRG	FLD_C8	FLD_T0	015232	9	dialog
1137	PRG	FLD_C8	FLD_T0	014BBA	9	dialog
1137	PRG	FLD_C8	FLD_T0	01525C	15	slot
1138	PRG	FLD_C8	FLD_T0	014BCB	9	dialog
1138	PRG	FLD_C8	FLD_T0	01526B	15	slot
1139	PRG	FLD_C8	FLD_T0	014BDC	13	dialog
1139	PRG	FLD_C8	FLD_T0	015285	13	dialog
1140	PRG	FLD_C8	FLD_T0	014BED	23	slot
1140	PRG	FLD_C8	FLD_T0	0152B2	23	slot
1141	PRG	FLD_C8	FLD_T0	014C1B	23	slot
1141	PRG	FLD_C8	FLD_T0	0152E0	23	slot
1142	PRG	FLD_C8	FLD_T0	014C04	23	slot
1142	PRG	FLD_C8	FLD_T0	0152C9	23	slot
1143	PRG	FLD_C8	FLD_T0	014C32	23	slot
1143	PRG	FLD_C8	FLD_T0	01533C	23	slot
1144	PRG	FLD_C8	FLD_T0	014C60	23	slot
1144	PRG	FLD_C8	FLD_T0	01536A	23	slot
1145	PRG	FLD_C8	FLD_T0	014C49	23	slot
1145	PRG	FLD_C8	FLD_T0	015353	23	slot
1146	PRG	FLD_C8	FLD_T0	014C77	23	slot
1146	PRG	FLD_C8	FLD_T0	015381	23	slot
1147	PRG	FLD_C8	FLD_T0	014C8E	23	slot
1147	PRG	FLD_C8	FLD_T0	0153A7	9	dialog
1148	PRG	FLD_C8	FLD_T0	014CA5	23	slot
1148	PRG	FLD_C8	FLD_T0	0153B6	9	dialog
1149	PRG	FLD_C8	FLD_T0	014CD6	17	slot
1149	PRG	FLD_C8	FLD_T0	0153D0	9	dialog
1150	PRG	FLD_C8	FLD_T0	014CF8	17	slot
1150	PRG	FLD_C8	FLD_T0	0153EA	13	dialog
1151	PRG	FLD_C8	FLD_T0	014D09	17	slot
1151	PRG	FLD_C8	FLD_T0	0153F9	13	dialog
1152	PRG	FLD_C8	FLD_T0	014CE7	17	slot
1152	PRG	FLD_C8	FLD_T0	0153DB	13	dialog
1153	PRG	FLD_C8	FLD_T0	014D2B	17	slot
1153	PRG	FLD_C8	FLD_T0	015417	15	dialog
1154	PRG	FLD_C8	FLD_T0	014D1A	17	slot
1154	PRG	FLD_C8	FLD_T0	015408	13	dialog
1155	PRG	TWN_CAMP	EVTCAMP	00F86A	25	dialog
1155	PRG	TWN_CAMP	EVTCAMP	00FAE3	25	dialog
1156	PRG	TWN_CARA	EVTCARA	01293E	19	dialog
1156	PRG	TWN_CARA	EVTCARA	013BBA	19	dialog
1157	PRG	TWN_CARA	EVTCARA	017CB1	23	dialog
1157	PRG	TWN_CARA	EVTCARA	017DF9	23	dialog
1158	PRG	TWN_ZOAH	EVTZOAH	01394A	23	dialog
1158	PRG	TWN_ZOAH	EVTZOAH	013B26	23	dialog
1159	PRG	TWN_ZOAH	EVTZOAH	02F6D7	27	dialog
1159	PRG	TWN_ZOAH	EVTZOAH	02F71A	27	dialog
1160	PRG	BTL_C2	BTL_C2	057730	19	dialog
1160	PRG	MENUEN	MENUEN	008478	19	ui
1161	PRG	TWN_CAMP	EVTCAMP	00F7D2	21	dialog
1161	PRG	TWN_CAMP	EVTCAMP	00FA4B	21	dialog
1162	PRG	TWN_CAMP	EVTCAMP	00E9D3	31	dialog
1162	PRG	TWN_CAMP	EVTCAMP	00EA95	31	dialog
1163	PRG	TWN_CAMP	EVTCAMP	00BEC5	25	dialog
1163	PRG	TWN_CAMP	EVTCAMP	00C07E	25	dialog
1164	PRG	BTL_C2	BTL_C2	0579D0	15	dialog
1164	PRG	MENUEN	MENUEN	008B94	15	ui
1165	PRG	BTL_A7_2	BTL_A72	050E37	13	dialog
1165	PRG	MENUEN	MENUEN	007DCE	13	ui
1166	PRG	TWN_CARA	EVTCARA	012890	13	dialog
1166	PRG	TWN_CARA	EVTCARA	013582	13	dialog
1167	PRG	TWN_CARA	EVTCARA	00950F	37	dialog
1167	PRG	TWN_CARA	EVTCARA	009C12	37	dialog
1168	PRG	TWN_ZOAH	EVTZOAH	02360C	31	dialog
1168	PRG	TWN_ZOAH	EVTZOAH	0236E8	31	dialog
1169	PRG	TWN_CARA	EVTCARA	017C0C	31	dialog
1169	PRG	TWN_CARA	EVTCARA	017D51	31	dialog
1170	PRG	TWN_CAMP	EVTCAMP	00BDDB	27	dialog
1170	PRG	TWN_CAMP	EVTCAMP	00BF94	27	dialog
1171	PRG	TWN_ZOAH	EVTZOAH	0137FD	29	dialog
1171	PRG	TWN_ZOAH	EVTZOAH	0139DA	29	dialog
1172	PRG	TWN_ZOAH	EVTZOAH	0138A9	39	dialog
1172	PRG	TWN_ZOAH	EVTZOAH	013A85	39	dialog
1173	PRG	TWN_ZOAH	EVTZOAH	0138EA	25	dialog
1173	PRG	TWN_ZOAH	EVTZOAH	013AC6	25	dialog
1174	PRG	BTL_D2_2	BTL_D22	050234	17	dialog
1174	PRG	MENUEN	MENUEN	006DB8	17	ui
1175	PRG	BTL_C8_2	BTL_C82	04F0B3	11	dialog
1175	PRG	MENUEN	MENUEN	009775	11	ui
1176	PRG	TWN_CAMP	EVTCAMP	00F939	11	dialog
1176	PRG	TWN_CAMP	EVTCAMP	00FBB2	11	dialog
1177	PRG	MENUEN	MENUEN	007BCB	197	ui
1177	PRG	MENUEN	MENUEN	008FA3	197	ui
1178	PRG	MENUEN	MENUEN	007E67	195	ui
1178	PRG	MENUEN	MENUEN	008E43	195	ui
1179	PRG	FLD_C8	FLD_T0	013946	29	dialog
1179	PRG	FLD_C8	FLD_T0	014A4D	29	dialog
1180	PRG	TWN_SEEK	EVTSEEK	006309	25	dialog
1180	PRG	TWN_SEEK	EVTSEEK	00658E	25	dialog
1181	PRG	TWN_SEEK	EVTSEEK	0062AF	27	dialog
1181	PRG	TWN_SEEK	EVTSEEK	006534	27	dialog
1182	PRG	TWN_SEEK	EVTSEEK	006265	29	dialog
1182	PRG	TWN_SEEK	EVTSEEK	0064EA	29	dialog
1183	PRG	FLD_A7	FLD_A7	007790	82	dialog
1183	PRG	FLD_A7	FLD_A7	00822F	82	dialog
1184	PRG	FLD_A7	FLD_A7	00755B	90	dialog
1184	PRG	FLD_A7	FLD_A7	008281	90	dialog
1185	PRG	BTL_D5	BTL_D5	05AE5C	9	dialog
1185	PRG	MENUEN	MENUEN	007B2E	9	ui
1186	PRG	BTL_C8_2	BTL_C82	04F04C	21	dialog
1186	PRG	MENUEN	MENUEN	0096E4	21	ui
1187	PRG	BTL_C8	BTL_C8	04EAE5	13	dialog
1187	PRG	MENUEN	MENUEN	009248	13	ui
1188	PRG	BTL_C2	BTL_C2	057A62	9	dialog
1188	PRG	MENUEN	MENUEN	0089D1	9	ui
1189	PRG	BTL_A7	BTL_A7	053C9B	5	dialog
1189	PRG	BTL_C4	BTL_C4	0541C3	5	dialog
1190	PRG	BTL_A3_2	BTL_A32	054E42	5	dialog
1190	PRG	MENUEN	MENUEN	003066	5	ui
1191	PRG	BTL_C8	BTL_C8	04EA42	7	dialog
1191	PRG	MENUEN	MENUEN	00964C	7	ui
1192	PRG	TWN_CARA	EVTCARA	005D34	37	dialog
1192	PRG	TWN_CARA	EVTCARA	005F5D	37	dialog
1193	PRG	TWN_CARA	EVTCARA	0094CB	39	dialog
1193	PRG	TWN_CARA	EVTCARA	009BCE	39	dialog
1194	PRG	TWN_ZOAH	EVTZOAH	00E03E	27	dialog
1194	PRG	TWN_ZOAH	EVTZOAH	00E0A6	27	dialog
1195	PRG	FLD_A7	FLD_A7	00772B	101	dialog
1195	PRG	FLD_A7	FLD_A7	007E35	101	dialog
1196	PRG	FLD_A7	FLD_A7	0074F9	98	dialog
1196	PRG	FLD_A7	FLD_A7	007E9A	98	dialog
1197	PRG	TWN_CARA	EVTCARA	005D59	39	dialog
1197	PRG	TWN_CARA	EVTCARA	005F82	39	dialog
1198	PRG	TWN_CARA	EVTCARA	00EE28	37	dialog
1198	PRG	TWN_CARA	EVTCARA	00EFB6	37	dialog
1199	PRG	TWN_CARA	EVTCARA	005E27	33	dialog
1199	PRG	TWN_CARA	EVTCARA	006050	33	dialog
1200	PRG	TWN_ZOAH	EVTZOAH	02369D	29	dialog
1200	PRG	TWN_ZOAH	EVTZOAH	023779	29	dialog
1201	PRG	BTL_C5_2	BTL_C52	04F8A0	17	dialog
1201	PRG	MENUEN	MENUEN	0090E8	17	ui
1202	PRG	MENUEN	MENUEN	007FC9	144	ui
1202	PRG	MENUEN	MENUEN	009379	144	ui
1203	MOVIE	EVT043	EVT043	001D78	7	movie
1203	MOVIE	EVT152	EVT152	00505C	7	movie
1204	PRG	MENUEN	MENUEN	00B047	101	ui
1204	PRG	MENUEN	MENUEN	00B3F3	101	ui
1205	PRG	TWN_SEEK	EVTSEEK	00623E	39	dialog
1205	PRG	TWN_SEEK	EVTSEEK	0064C3	39	dialog
1206	PRG	TWN_ZOAH	EVTZOAH	01E157	31	dialog
1206	PRG	TWN_ZOAH	EVTZOAH	01E24A	31	dialog
1207	COMMON	COMMON	ITEM	00A76B	7	ui
1207	COMMON	COMMON	ITEM	00B379	7	ui
1208	PRG	BTL_D4	BTL_D4	04F461	5	dialog
1208	PRG	MENUEN	MENUEN	00720B	5	ui
1209	PRG	FLD_A7	FLD_A7	00789B	82	dialog
1209	PRG	FLD_A7	FLD_A7	007A49	82	dialog
1210	PRG	FLD_A7	FLD_A7	00766F	96	dialog
1210	PRG	FLD_A7	FLD_A7	007A9B	96	dialog
1211	PRG	FLD_A7	FLD_A7	007836	101	dialog
1211	PRG	FLD_A7	FLD_A7	008033	101	dialog
1212	PRG	FLD_A7	FLD_A7	007611	94	dialog
1212	PRG	FLD_A7	FLD_A7	008098	94	dialog
1213	PRG	BTL_B2	BTL_B2	04FD16	9	dialog
1213	PRG	BTL_X0	BTL_X0	05E462	9	dialog
1214	PRG	BTL_B2	BTL_B2	04FD3E	9	dialog
1214	PRG	BTL_X0	BTL_X0	05E46B	9	dialog
1215	PRG	BTL_C2_2	BTL_C22	057329	9	dialog
1215	PRG	MENUEN	MENUEN	008B19	9	ui
1216	PRG	TWN_ZOAH	EVTZOAH	00D29C	21	dialog
1216	PRG	TWN_ZOAH	EVTZOAH	00D2E1	21	dialog
1217	PRG	TWN_ZOAH	EVTZOAH	02A9DB	37	dialog
1217	PRG	TWN_ZOAH	EVTZOAH	02B054	37	dialog
1218	PRG	TWN_SEEK	EVTSEEK	00D739	17	dialog
1218	PRG	TWN_SEEK	EVTSEEK	00D891	17	dialog
1219	PRG	BTL_B6_2	BTL_B62	053D13	5	dialog
1219	PRG	MENUEN	MENUEN	0051B2	5	ui
1220	PRG	BTL_A5	BTL_A5	057CC9	3	dialog
1220	PRG	MENUEN	MENUEN	003669	3	ui
1221	PRG	BTL_C4	BTL_C4	05411E	15	dialog
1221	PRG	MENUEN	MENUEN	0065E4	15	ui
1222	PRG	BTL_C4	BTL_C4	05410F	15	dialog
1222	PRG	MENUEN	MENUEN	0065D5	15	ui
1223	PRG	BTL_C4	BTL_C4	054100	15	dialog
1223	PRG	MENUEN	MENUEN	0065C6	15	ui
1224	PRG	BTL_A5	BTL_A5	057D08	5	dialog
1224	PRG	MENUEN	MENUEN	00378B	5	ui
1225	PRG	FLD_A3	FLD_A3	0094B7	12	dialog
1225	PRG	FLD_A3	FLD_A3	009F69	12	dialog
1226	PRG	1ST_READ	SAVE	03D41D	9	dialog
1226	PRG	WORLD	WORLDMAP	00552B	9	ui
1227	PRG	TWN_ZOAH	EVTZOAH	023C6A	35	dialog
1227	PRG	TWN_ZOAH	EVTZOAH	023D10	35	dialog
1228	PRG	FLD_C2	FLD_C2	00AED4	13	dialog
1228	PRG	WORLD	WORLDMAP	005620	13	ui
1229	PRG	BTL_A5_3	BTL_A53	04F864	11	dialog
1229	PRG	MENUEN	MENUEN	003B24	11	ui
1230	PRG	BTL_C2	BTL_C2	057A5B	7	dialog
1230	PRG	MENUEN	MENUEN	0089B9	7	ui
1231	PRG	MENUEN	MENUEN	001E1F	5	ui
1231	COMMON	COMMON	MENU	00D203	5	ui
1232	PRG	TWN_ZOAH	EVTZOAH	02FE05	33	dialog
1232	PRG	TWN_ZOAH	EVTZOAH	030448	33	dialog
1233	PRG	BTL_A5_3	BTL_A53	04F85D	7	dialog
1233	PRG	MENUEN	MENUEN	003B1D	7	ui
1234	PRG	BTL_C2_2	BTL_C22	057014	23	dialog
1234	PRG	MENUEN	MENUEN	008A54	23	ui
1235	PRG	TWN_ZOAH	EVTZOAH	03DF1D	39	dialog
1235	PRG	TWN_ZOAH	EVTZOAH	03E49C	39	dialog
1236	PRG	TWN_CARA	EVTCARA	005E4C	35	dialog
1236	PRG	TWN_CARA	EVTCARA	006075	35	dialog
1237	PRG	FLD_C4	FLD_C4	015B79	21	dialog
1237	PRG	FLD_C4	FLD_C4	016007	21	dialog
1238	PRG	BTL_D2	BTL_D2	052C08	11	dialog
1238	PRG	MENUEN	MENUEN	005FCF	11	ui
1239	PRG	BTL_B6_2	BTL_B62	053B52	7	dialog
1239	PRG	MENUEN	MENUEN	0051BE	7	ui
1240	PRG	BTL_B5	BTL_B5	0520B2	5	dialog
1240	PRG	BTL_C2	BTL_C2	057C99	5	dialog
1241	PRG	BTL_B5	BTL_B5	05222F	7	dialog
1241	PRG	BTL_C8_2	BTL_C82	04F115	7	dialog
1242	PRG	TWN_CARA	EVTCARA	009482	29	dialog
1242	PRG	TWN_CARA	EVTCARA	009ACE	29	dialog
1243	PRG	1ST_READ	SAVE	03D402	11	dialog
1243	PRG	WORLD	WORLDMAP	005510	11	ui
1244	PRG	FLD_A3	FLD_A3	0094A0	11	dialog
1244	PRG	FLD_A3	FLD_A3	009F86	11	dialog
1245	PRG	BTL_C4	BTL_C4	054087	7	dialog
1245	PRG	MENUEN	MENUEN	006499	7	ui
1246	PRG	BTL_D2_2	BTL_D22	0502EC	7	dialog
1246	PRG	MENUEN	MENUEN	006E6A	7	ui
1247	PRG	TWN_ZOAH	EVTZOAH	013923	25	dialog
1247	PRG	TWN_ZOAH	EVTZOAH	013AFF	25	dialog
1248	PRG	TWN_ZOAH	EVTZOAH	00C5AA	35	dialog
1248	PRG	TWN_ZOAH	EVTZOAH	00C715	35	dialog
1249	PRG	TWN_CAMP	EVTCAMP	00F8F9	39	dialog
1249	PRG	TWN_CAMP	EVTCAMP	00FB72	39	dialog
1250	PRG	BTL_B5_2	BTL_B52	058C24	5	dialog
1250	PRG	MENUEN	MENUEN	005C14	5	ui
1251	PRG	TWN_CAMP	EVTCAMP	00BDF6	29	dialog
1251	PRG	TWN_CAMP	EVTCAMP	00BFAF	29	dialog
1252	PRG	TWN_CAMP	EVTCAMP	00BEA4	33	dialog
1252	PRG	TWN_CAMP	EVTCAMP	00C05D	33	dialog
1253	PRG	TWN_ZOAH	EVTZOAH	0371B1	39	dialog
1253	PRG	TWN_ZOAH	EVTZOAH	0386F0	39	dialog
1254	PRG	TWN_ZOAH	EVTZOAH	03720A	31	dialog
1254	PRG	TWN_ZOAH	EVTZOAH	038798	31	dialog
1255	PRG	TWN_ZOAH	EVTZOAH	0371E5	37	dialog
1255	PRG	TWN_ZOAH	EVTZOAH	038773	37	dialog
1256	PRG	TWN_CARA	EVTCARA	00EE01	39	dialog
1256	PRG	TWN_CARA	EVTCARA	00EF8F	39	dialog
1257	PRG	BTL_D4	BTL_D4	04F40E	11	dialog
1257	PRG	MENUEN	MENUEN	006FCD	11	ui
1258	PRG	BTL_C2	BTL_C2	0577FB	15	dialog
1258	PRG	MENUEN	MENUEN	0086AC	15	ui
1259	PRG	BTL_C2	BTL_C2	057A37	19	dialog
1259	PRG	MENUEN	MENUEN	0088F0	19	ui
1260	PRG	BTL_B2	BTL_B2	04FC48	25	dialog
1260	PRG	MENUEN	MENUEN	00836C	25	ui
1261	PRG	BTL_C8_2	BTL_C82	04F0BE	9	dialog
1261	PRG	MENUEN	MENUEN	00976C	9	ui
1262	PRG	TWN_SEEK	EVTSEEK	00C3BE	25	dialog
1262	PRG	TWN_SEEK	EVTSEEK	00C4E7	25	dialog
1263	PRG	BTL_C8	BTL_C8	04EA03	13	dialog
1263	PRG	MENUEN	MENUEN	0095C8	13	ui
1264	PRG	BTL_B6	BTL_B6	05B193	7	dialog
1264	PRG	MENUEN	MENUEN	004D48	7	ui
1265	PRG	BTL_D4	BTL_D4	04F492	11	dialog
1265	PRG	MENUEN	MENUEN	0069F1	11	ui
1266	PRG	BTL_B6	BTL_B6	05B0C0	5	dialog
1266	PRG	BTL_B6	BTL_B6	05B1A5	5	dialog
1267	PRG	TWN_CAMP	EVTCAMP	00F920	25	dialog
1267	PRG	TWN_CAMP	EVTCAMP	00FB99	25	dialog
1268	PRG	BTL_A5	BTL_A5	057D66	9	dialog
1268	PRG	MENUEN	MENUEN	0038B0	9	ui
1269	PRG	BTL_A5	BTL_A5	057D6F	7	dialog
1269	PRG	MENUEN	MENUEN	0038B9	7	ui
1270	PRG	BTL_B5	BTL_B5	051FE1	9	dialog
1270	MOVIE	EVT043	EVT043	001D2E	9	movie
1271	PRG	TWN_ZOAH	EVTZOAH	014CEC	31	dialog
1271	PRG	TWN_ZOAH	EVTZOAH	037487	31	dialog
1272	PRG	TWN_ZOAH	EVTZOAH	03779C	33	dialog
1272	PRG	TWN_ZOAH	EVTZOAH	0377E1	33	dialog
1273	PRG	TWN_CARA	EVTCARA	016503	37	dialog
1273	PRG	TWN_CARA	EVTCARA	0166D5	37	dialog
1274	PRG	TWN_ZOAH	EVTZOAH	00C691	23	dialog
1274	PRG	TWN_ZOAH	EVTZOAH	00C7FC	23	dialog
1275	MOVIE	EVT134_2	EVT134_2	003F37	13	movie
1275	MOVIE	EVT144	EVT144	004DB0	13	movie
1276	PRG	BTL_A3_2	BTL_A32	054E47	5	dialog
1276	PRG	MENUEN	MENUEN	003058	5	ui
1277	PRG	TWN_ZOAH	EVTZOAH	033098	33	dialog
1277	PRG	TWN_ZOAH	EVTZOAH	033931	33	dialog
1278	PRG	TWN_CAMP	EVTCAMP	00CEBE	29	dialog
1278	PRG	TWN_CAMP	EVTCAMP	00D034	29	dialog
1279	PRG	TWN_CARA	EVTCARA	017CDB	35	dialog
1279	PRG	TWN_CARA	EVTCARA	017E23	35	dialog
1280	PRG	BTL_B5	BTL_B5	052298	23	dialog
1280	PRG	BTL_C5	BTL_C5	0522F8	23	dialog
1281	PRG	FLD_A3	FLD_A3	00958D	9	dialog
1281	PRG	FLD_A7	FLD_A7	006E82	9	dialog
1282	PRG	TWN_SEEK	EVTSEEK	00981C	21	dialog
1282	PRG	TWN_SEEK	EVTSEEK	009971	21	dialog
1283	PRG	TWN_ZOAH	EVTZOAH	03DED5	39	dialog
1283	PRG	TWN_ZOAH	EVTZOAH	03E454	39	dialog
1284	PRG	BTL_C2_2	BTL_C22	057332	11	dialog
1284	PRG	MENUEN	MENUEN	008B0E	11	ui
1285	PRG	TWN_CAMP	EVTCAMP	00F657	19	dialog
1285	PRG	TWN_EXCA	EVTEXCA	0015E3	19	dialog
1286	PRG	BTL_C2	BTL_C2	057D33	13	dialog
1286	PRG	MENUEN	MENUEN	00862D	13	ui
1287	PRG	TWN_ZOAH	EVTZOAH	039B97	11	dialog
1287	MOVIE	EVT068_2	EVT068_2	002890	11	movie
1288	PRG	TWN_CAMP	EVTCAMP	00F82F	37	dialog
1288	PRG	TWN_CAMP	EVTCAMP	00FAA8	37	dialog
1289	PRG	FLD_A7	FLD_A7	006D9E	21	dialog
1289	PRG	FLD_A7	FLD_A7	006DFF	21	dialog
1290	PRG	TWN_ZOAH	EVTZOAH	00C6CA	27	dialog
1290	PRG	TWN_ZOAH	EVTZOAH	00C835	27	dialog
1291	PRG	MENUEN	MENUEN	002F24	3	ui
1291	PRG	TWN_ZOAH	EVTZOAH	02ACE0	3	dialog
1292	PRG	BTL_B5	BTL_B5	052071	7	dialog
1292	PRG	BTL_B5	BTL_B5	052206	7	dialog
1293	PRG	BTL_B5	BTL_B5	052060	17	dialog
1293	PRG	BTL_B5	BTL_B5	0521F5	17	dialog
1294	PRG	BTL_C2	BTL_C2	057D24	15	dialog
1294	PRG	MENUEN	MENUEN	008580	15	ui
1295	PRG	BTL_D2	BTL_D2	052BFB	13	dialog
1295	PRG	MENUEN	MENUEN	005F1C	13	ui
1296	PRG	BTL_A3	BTL_A3	0531E8	7	dialog
1296	PRG	MENUEN	MENUEN	002CC3	7	ui
1297	PRG	BTL_A5	BTL_A5	057D0D	5	dialog
1297	PRG	MENUEN	MENUEN	003786	5	ui
1298	PRG	TWN_ZOAH	EVTZOAH	00B2B2	7	dialog
1298	PRG	TWN_ZOAH	EVTZOAH	00B3F5	7	dialog
1299	PRG	FLD_A7	FLD_A7	0077E2	84	dialog
1299	PRG	FLD_A7	FLD_A7	007C32	84	dialog
1300	PRG	FLD_A7	FLD_A7	0075B5	92	dialog
1300	PRG	FLD_A7	FLD_A7	007C86	92	dialog
1301	PRG	BTL_B5_3	BTL_B53	050D8A	9	dialog
1301	PRG	MENUEN	MENUEN	0039E1	9	ui
1302	PRG	BTL_B5_2	BTL_B52	058C2E	5	dialog
1302	PRG	MENUEN	MENUEN	005C19	5	ui
1303	PRG	BTL_B5_2	BTL_B52	058C1B	9	dialog
1303	PRG	MENUEN	MENUEN	005C0B	9	ui
1304	PRG	BTL_C8_2	BTL_C82	04F0A8	11	dialog
1304	PRG	MENUEN	MENUEN	009780	11	ui
1305	PRG	BTL_B5	BTL_B5	05204A	17	dialog
1305	PRG	MENUEN	MENUEN	0080D4	17	ui
1306	PRG	BTL_C2	BTL_C2	05780A	9	dialog
1306	PRG	MENUEN	MENUEN	00873F	9	ui
1307	PRG	BTL_B2	BTL_B2	04FCC6	5	dialog
1307	PRG	FLD_C8	FLD_T0	014031	5	dialog
1308	PRG	MENUEN	MENUEN	002012	7	ui
1309	PRG	MENUEN	MENUEN	001FB0	7	ui
1310	PRG	MENUEN	MENUEN	001FE1	7	ui
1311	PRG	MENUEN	MENUEN	001FC5	7	ui
1312	PRG	MENUEN	MENUEN	001FB7	7	ui
1313	PRG	1ST_READ	SAVE	03D68F	15	dialog
1314	PRG	MENUEN	MENUEN	001FE8	7	ui
1315	PRG	MENUEN	MENUEN	001FCC	7	ui
1316	PRG	MENUEN	MENUEN	001FBE	7	ui
1317	PRG	MENUEN	MENUEN	002019	7	ui
1318	PRG	MENUEN	MENUEN	001FFD	7	ui
1319	PRG	MENUEN	MENUEN	001FEF	7	ui
1320	PRG	MENUEN	MENUEN	001FD3	7	ui
1321	COMMON	COMMON	MENU	00D20E	5	ui
1322	PRG	TWN_CAMP	EVTCAMP	013A20	23	narration
1323	PRG	TWN_CAMP	EVTCAMP	013A09	23	narration
1324	PRG	TWN_CAMP	EVTCAMP	0139F2	23	narration
1325	PRG	TWN_CAMP	EVTCAMP	0139DB	23	narration
1326	PRG	TWN_CAMP	EVTCAMP	0139C4	23	narration
1327	PRG	TWN_CAMP	EVTCAMP	0139AD	23	narration
1328	PRG	TWN_CAMP	EVTCAMP	0126D4	23	narration
1329	PRG	TWN_CAMP	EVTCAMP	0127D1	23	narration
1330	PRG	TWN_CAMP	EVTCAMP	013996	23	narration
1331	PRG	TWN_CAMP	EVTCAMP	0126A6	23	narration
1332	PRG	TWN_CAMP	EVTCAMP	0127A3	23	narration
1333	PRG	TWN_CAMP	EVTCAMP	01397F	23	narration
1334	PRG	TWN_CAMP	EVTCAMP	0126EB	23	narration
1335	PRG	TWN_CAMP	EVTCAMP	01268F	23	narration
1336	PRG	TWN_CAMP	EVTCAMP	0127E8	23	narration
1337	PRG	TWN_CAMP	EVTCAMP	01278C	23	narration
1338	PRG	FLD_B5	FLD_B5	00AF9F	13	narration
1339	PRG	TWN_ZOAH	EVTZOAH	039D0E	37	narration
1340	PRG	TWN_CAMP	EVTCAMP	010132	23	narration
1341	PRG	TWN_CAMP	EVTCAMP	00BC37	23	slot
1342	PRG	TWN_CAMP	EVTCAMP	010171	23	narration
1343	PRG	FLD_C4	FLD_C4	015E2C	25	narration
1344	PRG	TWN_CAMP	EVTCAMP	013489	26	narration
1345	PRG	TWN_CAMP	EVTCAMP	013215	26	narration
1346	PRG	TWN_CAMP	EVTCAMP	0134A6	26	narration
1347	PRG	TWN_CAMP	EVTCAMP	0131F8	26	narration
1348	PRG	TWN_CAMP	EVTCAMP	0134C3	26	narration
1349	PRG	TWN_CAMP	EVTCAMP	0131DB	26	narration
1350	PRG	TWN_CAMP	EVTCAMP	0134E0	26	narration
1351	PRG	TWN_CAMP	EVTCAMP	0131BE	26	narration
1352	PRG	TWN_CAMP	EVTCAMP	0134FD	26	narration
1353	PRG	TWN_CAMP	EVTCAMP	0131A1	26	narration
1354	PRG	TWN_CAMP	EVTCAMP	01351A	26	narration
1355	PRG	TWN_CAMP	EVTCAMP	013184	26	narration
1356	PRG	TWN_CAMP	EVTCAMP	013537	26	narration
1357	PRG	TWN_CAMP	EVTCAMP	013167	26	narration
1358	PRG	TWN_CAMP	EVTCAMP	013554	26	narration
1359	PRG	TWN_CAMP	EVTCAMP	01314A	26	narration
1360	PRG	TWN_CAMP	EVTCAMP	013333	26	narration
1361	PRG	TWN_CAMP	EVTCAMP	013316	26	narration
1362	PRG	TWN_CAMP	EVTCAMP	0132F9	26	narration
1363	PRG	TWN_CAMP	EVTCAMP	0132DC	26	narration
1364	PRG	TWN_CAMP	EVTCAMP	0132BF	26	narration
1365	PRG	TWN_CAMP	EVTCAMP	0132A2	26	narration
1366	PRG	TWN_CAMP	EVTCAMP	013285	26	narration
1367	PRG	TWN_CAMP	EVTCAMP	013268	26	narration
1368	PRG	TWN_CAMP	EVTCAMP	0137AD	26	narration
1369	PRG	TWN_CAMP	EVTCAMP	0137CA	26	narration
1370	PRG	TWN_CAMP	EVTCAMP	0137E7	26	narration
1371	PRG	TWN_CAMP	EVTCAMP	013804	26	narration
1372	PRG	TWN_CAMP	EVTCAMP	013821	26	narration
1373	PRG	TWN_CAMP	EVTCAMP	01383E	26	narration
1374	PRG	TWN_CAMP	EVTCAMP	01385B	26	narration
1375	PRG	TWN_CAMP	EVTCAMP	013878	26	narration
1376	PRG	TWN_CAMP	EVTCAMP	013112	26	narration
1377	PRG	TWN_CAMP	EVTCAMP	0130F5	26	narration
1378	PRG	TWN_CAMP	EVTCAMP	0130D8	26	narration
1379	PRG	TWN_CAMP	EVTCAMP	0130BB	26	narration
1380	PRG	TWN_CAMP	EVTCAMP	01309E	26	narration
1381	PRG	TWN_CAMP	EVTCAMP	013081	26	narration
1382	PRG	TWN_CAMP	EVTCAMP	013064	26	narration
1383	PRG	TWN_CAMP	EVTCAMP	013047	26	narration
1384	PRG	FLD_B5	FLD_B5	009157	22	narration
1385	PRG	FLD_B5	FLD_B5	0091E2	22	narration
1386	PRG	FLD_B5	FLD_B5	009218	22	narration
1387	PRG	FLD_B5	FLD_B5	009C1B	20	narration
1388	PRG	TWN_CAMP	EVTCAMP	0136AA	26	narration
1389	PRG	TWN_CAMP	EVTCAMP	013436	26	narration
1390	PRG	TWN_CAMP	EVTCAMP	0136C7	26	narration
1391	PRG	TWN_CAMP	EVTCAMP	013419	26	narration
1392	PRG	TWN_CAMP	EVTCAMP	0136E4	26	narration
1393	PRG	TWN_CAMP	EVTCAMP	0133FC	26	narration
1394	PRG	TWN_CAMP	EVTCAMP	013701	26	narration
1395	PRG	TWN_CAMP	EVTCAMP	0133DF	26	narration
1396	PRG	TWN_CAMP	EVTCAMP	01371E	26	narration
1397	PRG	TWN_CAMP	EVTCAMP	0133C2	26	narration
1398	PRG	TWN_CAMP	EVTCAMP	01373B	26	narration
1399	PRG	TWN_CAMP	EVTCAMP	0133A5	26	narration
1400	PRG	TWN_CAMP	EVTCAMP	013758	26	narration
1401	PRG	TWN_CAMP	EVTCAMP	013388	26	narration
1402	PRG	TWN_CAMP	EVTCAMP	013775	26	narration
1403	PRG	TWN_CAMP	EVTCAMP	01336B	26	narration
1404	PRG	TWN_CAMP	EVTCAMP	01358C	26	narration
1405	PRG	TWN_CAMP	EVTCAMP	0135A9	26	narration
1406	PRG	TWN_CAMP	EVTCAMP	0135C6	26	narration
1407	PRG	TWN_CAMP	EVTCAMP	0135E3	26	narration
1408	PRG	TWN_CAMP	EVTCAMP	013600	26	narration
1409	PRG	TWN_CAMP	EVTCAMP	01361D	26	narration
1410	PRG	TWN_CAMP	EVTCAMP	01363A	26	narration
1411	PRG	TWN_CAMP	EVTCAMP	013657	26	narration
1412	PRG	FLD_C2	FLD_C2	00AE59	18	narration
1413	PRG	FLD_C4	FLD_C4	015A44	20	narration
1414	PRG	FLD_A7	FLD_A7	006B2A	19	narration
1415	PRG	FLD_A7	FLD_A7	006BBE	15	narration
1416	PRG	FLD_A7	FLD_A7	006BAF	15	narration
1417	PRG	FLD_A7	FLD_A7	006BA0	15	narration
1418	PRG	FLD_A7	FLD_A7	006BCD	19	narration
1419	PRG	FLD_A5	FLD_A5	00D8BB	25	narration
1420	PRG	FLD_B2	FLD_B2	00E1C6	37	narration
1421	PRG	FLD_D3	FLD_D3	00576A	29	narration
1422	PRG	TWN_SEEK	EVTSEEK	004AB6	13	narration
1423	PRG	TWN_ZOAH	EVTZOAH	01322C	11	narration
1424	PRG	FLD_A3	FLD_A3	009416	35	narration
1425	PRG	FLD_B5	FLD_B5	009930	35	narration
1426	PRG	FLD_B5	FLD_B5	0098AE	21	narration
1427	PRG	FLD_B5	FLD_B5	009B0A	35	narration
1428	PRG	FLD_B5	FLD_B5	00983C	15	narration
1429	PRG	TWN_EXCA	EVTEXCA	00199D	37	narration
1430	PRG	FLD_B6	FLD_B6	00ABD8	31	narration
1431	PRG	FLD_B5	FLD_B5	009333	19	narration
1432	PRG	TWN_ZOAH	EVTZOAH	02FABA	17	narration
1433	PRG	FLD_B5	FLD_B5	009140	23	narration
1434	PRG	FLD_A7	FLD_A7	006D04	35	narration
1435	PRG	FLD_A7	FLD_A7	006B7F	33	narration
1436	PRG	FLD_A7	FLD_A7	006B5E	33	narration
1437	PRG	FLD_B5	FLD_B5	00AF20	39	narration
1438	PRG	FLD_A3	FLD_A3	009000	17	narration
1439	PRG	FLD_B5	FLD_B5	0094FC	27	narration
1440	PRG	FLD_B5	FLD_B5	0092AD	27	narration
1441	PRG	FLD_B5	FLD_B5	0093F8	27	narration
1442	PRG	TWN_EXCA	EVTEXCA	000E63	29	narration
1443	PRG	FLD_C8	FLD_T0	012D10	37	narration
1444	PRG	FLD_B5	FLD_B5	00AEFD	35	narration
1445	PRG	FLD_B5	FLD_B5	009517	31	narration
1446	PRG	FLD_D2	FLD_D2	0081A0	27	narration
1447	PRG	FLD_B6	FLD_B6	00AC22	19	narration
1448	PRG	TWN_EXCA	EVTEXCA	000D64	39	narration
1449	PRG	FLD_B5	FLD_B5	009466	23	narration
1450	PRG	FLD_B5	FLD_B5	0096D4	11	narration
1451	PRG	FLD_B5	FLD_B5	00947D	9	narration
1452	PRG	TWN_CAMP	EVTCAMP	0138B0	23	narration
1453	PRG	TWN_CAMP	EVTCAMP	0138DE	23	narration
1454	PRG	TWN_CAMP	EVTCAMP	01390C	23	narration
1455	PRG	TWN_CAMP	EVTCAMP	01393A	23	narration
1456	PRG	TWN_CAMP	EVTCAMP	0138C7	23	narration
1457	PRG	TWN_CAMP	EVTCAMP	0138F5	23	narration
1458	PRG	TWN_CAMP	EVTCAMP	013923	23	narration
1459	PRG	TWN_CAMP	EVTCAMP	013951	23	narration
1460	PRG	TWN_ZOAH	EVTZOAH	00E7FC	37	narration
1461	PRG	TWN_SEEK	EVTSEEK	0071E2	25	narration
1462	PRG	TWN_SEEK	EVTSEEK	0167FE	27	narration
1463	PRG	TWN_SEEK	EVTSEEK	00EA89	23	narration
1464	PRG	TWN_SEEK	EVTSEEK	00E955	25	narration
1465	PRG	TWN_CAMP	EVTCAMP	010095	27	narration
1466	PRG	TWN_CAMP	EVTCAMP	01000E	15	narration
1467	PRG	FLD_D2	FLD_D2	008144	17	narration
1468	PRG	FLD_B2	FLD_B2	00E328	31	narration
1469	PRG	TWN_ZOAH	EVTZOAH	00B99B	27	narration
1470	PRG	FLD_A3	FLD_A3	00947D	35	narration
1471	PRG	FLD_B2	FLD_B2	00E1A2	15	narration
1472	PRG	FLD_B5	FLD_B5	00968C	22	narration
1473	PRG	TWN_SEEK	EVTSEEK	004890	39	narration
1474	PRG	FLD_B5	FLD_B5	0095EB	37	narration
1475	PRG	TWN_ZOAH	EVTZOAH	039DA3	39	narration
1476	PRG	TWN_ZOAH	EVTZOAH	028C94	35	narration
1477	PRG	FLD_C4	FLD_C4	015C7B	31	narration
1478	PRG	FLD_B5	FLD_B5	0096FC	33	narration
1479	PRG	TWN_ZOAH	EVTZOAH	034482	39	narration
1480	PRG	FLD_C4	FLD_C4	015D43	39	narration
1481	PRG	TWN_ZOAH	EVTZOAH	039D86	29	narration
1482	PRG	TWN_ZOAH	EVTZOAH	022910	29	narration
1483	PRG	TWN_ZOAH	EVTZOAH	038F41	25	narration
1484	PRG	TWN_ZOAH	EVTZOAH	00FC85	27	narration
1485	PRG	FLD_B5	FLD_B5	00924C	35	narration
1486	PRG	FLD_B5	FLD_B5	009399	33	narration
1487	PRG	TWN_ZOAH	EVTZOAH	00F34B	39	narration
1488	PRG	FLD_B5	FLD_B5	0094A3	33	narration
1489	PRG	TWN_CARA	EVTCARA	003BE4	31	narration
1490	PRG	TWN_CAMP	EVTCAMP	00CD29	29	narration
1491	PRG	TWN_CAMP	EVTCAMP	00ECAF	33	narration
1492	PRG	TWN_ZOAH	EVTZOAH	00EDA6	29	narration
1493	PRG	FLD_C8	FLD_T0	01301F	15	narration
1494	PRG	FLD_C4	FLD_C4	015FB4	17	narration
1495	PRG	TWN_EXCA	EVTEXCA	000C8B	21	narration
1496	PRG	FLD_C4	FLD_C4	015F16	15	narration
1497	PRG	TWN_ZOAH	EVTZOAH	0344A9	23	narration
1498	PRG	TWN_RUIN	EVTRUIN	000A3D	35	narration
1499	PRG	TWN_EXCA	EVTEXCA	0018E0	39	narration
1500	PRG	TWN_CAMP	EVTCAMP	010489	35	narration
1501	PRG	TWN_ZOAH	EVTZOAH	00FBA1	33	narration
1502	PRG	FLD_D2	FLD_D2	00809E	27	narration
1503	PRG	FLD_C4	FLD_C4	015F9D	23	narration
1504	PRG	FLD_B5	FLD_B5	009AA0	33	narration
1505	PRG	FLD_C8	FLD_T0	012FFC	35	narration
1506	PRG	TWN_CARA	EVTCARA	003F8F	37	narration
1507	PRG	FLD_A3	FLD_A3	008EA7	33	narration
1508	PRG	FLD_B2	FLD_B2	00E10B	17	narration
1509	PRG	TWN_SEEK	EVTSEEK	00C2E7	39	narration
1510	PRG	TWN_ZOAH	EVTZOAH	00D24F	29	narration
1511	PRG	TWN_ZOAH	EVTZOAH	00ED49	31	narration
1512	PRG	TWN_ZOAH	EVTZOAH	00E62E	31	narration
1513	PRG	TWN_CAMP	EVTCAMP	010364	27	narration
1514	PRG	TWN_ZOAH	EVTZOAH	00C9C0	35	narration
1515	PRG	FLD_B5	FLD_B5	0092C8	35	narration
1516	PRG	TWN_ZOAH	EVTZOAH	00F8CE	33	narration
1517	PRG	FLD_C4	FLD_C4	015D26	29	narration
1518	PRG	FLD_B5	FLD_B5	00957D	17	narration
1519	PRG	TWN_CAMP	EVTCAMP	01005B	25	narration
1520	PRG	TWN_CAMP	EVTCAMP	00FFA3	39	narration
1521	PRG	FLD_A7	FLD_A7	006A5E	29	narration
1522	PRG	TWN_CAMP	EVTCAMP	0100F0	31	narration
1523	PRG	FLD_C4	FLD_C4	015AEE	31	narration
1524	PRG	TWN_ZOAH	EVTZOAH	02F2C2	29	narration
1525	PRG	TWN_CARA	EVTCARA	00B4EF	37	narration
1526	PRG	FLD_B5	FLD_B5	009BBC	39	narration
1527	PRG	FLD_C4	FLD_C4	0159CC	23	narration
1528	PRG	FLD_C4	FLD_C4	015C4B	25	narration
1529	PRG	TWN_ZOAH	EVTZOAH	02FF1D	35	narration
1530	PRG	FLD_C2	FLD_C2	00AE38	33	narration
1531	PRG	FLD_C4	FLD_C4	015CB1	37	narration
1532	PRG	TWN_ZOAH	EVTZOAH	00EF21	37	narration
1533	PRG	FLD_B5	FLD_B5	00997A	19	narration
1534	PRG	FLD_C4	FLD_C4	015AAF	23	narration
1535	PRG	TWN_SEEK	EVTSEEK	004DCD	35	narration
1536	PRG	TWN_ZOAH	EVTZOAH	00BBCE	31	narration
1537	PRG	FLD_B2	FLD_B2	00E0E4	24	narration
1538	PRG	FLD_B5	FLD_B5	009A0C	37	narration
1539	PRG	FLD_B5	FLD_B5	00AF47	19	narration
1540	PRG	TWN_ZOAH	EVTZOAH	00EBAE	37	narration
1541	PRG	FLD_B5	FLD_B5	0099DA	35	narration
1542	PRG	FLD_A5	FLD_A5	00D958	13	narration
1543	PRG	FLD_C4	FLD_C4	015CD7	29	narration
1544	PRG	FLD_C4	FLD_C4	015DCF	37	narration
1545	PRG	FLD_C4	FLD_C4	015E56	23	narration
1546	PRG	TWN_EXCA	EVTEXCA	000E1F	39	narration
1547	PRG	FLD_B5	FLD_B5	0095D4	23	narration
1548	PRG	FLD_C2	FLD_C2	00AE89	37	narration
1549	PRG	FLD_D2	FLD_D2	00803A	35	narration
1550	PRG	TWN_ZOAH	EVTZOAH	01D200	33	narration
1551	PRG	TWN_CAMP	EVTCAMP	00FFCA	29	narration
1552	PRG	TWN_CAMP	EVTCAMP	010303	33	narration
1553	PRG	TWN_ZOAH	EVTZOAH	00CB5A	33	narration
1554	PRG	TWN_CARA	EVTCARA	00CCBF	35	narration
1555	PRG	FLD_D2	FLD_D2	008223	37	narration
1556	PRG	TWN_RUIN	EVTRUIN	0009C1	39	narration
1557	PRG	TWN_ZOAH	EVTZOAH	00ED83	35	narration
1558	PRG	FLD_B6	FLD_B6	00B18E	19	narration
1559	PRG	TWN_ZOAH	EVTZOAH	00EFF8	39	narration
1560	PRG	FLD_B2	FLD_B2	00E1F8	31	narration
1561	PRG	FLD_C4	FLD_C4	015A29	27	narration
1562	PRG	TWN_ZOAH	EVTZOAH	00C4BE	37	narration
1563	PRG	TWN_SEEK	EVTSEEK	00464A	35	narration
1564	PRG	TWN_CARA	EVTCARA	0040D8	39	narration
1565	PRG	TWN_ZOAH	EVTZOAH	00F863	31	narration
1566	PRG	TWN_ZOAH	EVTZOAH	00FAC6	31	narration
1567	PRG	TWN_SEEK	EVTSEEK	004496	31	narration
1568	PRG	TWN_ZOAH	EVTZOAH	00B95A	27	narration
1569	PRG	TWN_RUIN	EVTRUIN	00096C	33	narration
1570	PRG	FLD_D2	FLD_D2	0080B9	35	narration
1571	PRG	TWN_ZOAH	EVTZOAH	00F7F4	31	narration
1572	PRG	TWN_ZOAH	EVTZOAH	00C464	31	narration
1573	PRG	TWN_ZOAH	EVTZOAH	01D1B3	31	narration
1574	PRG	TWN_CAMP	EVTCAMP	00FEAD	37	narration
1575	PRG	TWN_CARA	EVTCARA	0041F6	31	narration
1576	PRG	TWN_ZOAH	EVTZOAH	00D79C	39	narration
1577	PRG	FLD_C8	FLD_T0	012FD9	35	narration
1578	PRG	FLD_B5	FLD_B5	0094C4	39	narration
1579	PRG	TWN_SEEK	EVTSEEK	004790	37	narration
1580	PRG	TWN_EXCA	EVTEXCA	00192E	35	narration
1581	PRG	FLD_B2	FLD_B2	00E2A5	15	narration
1582	PRG	FLD_A5	FLD_A5	00ECD4	31	narration
1583	PRG	FLD_C4	FLD_C4	015BA1	39	narration
1584	PRG	FLD_B5	FLD_B5	009B78	37	narration
1585	PRG	TWN_ZOAH	EVTZOAH	00E681	37	narration
1586	PRG	FLD_B5	FLD_B5	009174	27	narration
1587	PRG	TWN_ZOAH	EVTZOAH	00FC5E	39	narration
1588	PRG	FLD_D3	FLD_D3	005787	15	narration
1589	PRG	TWN_ZOAH	EVTZOAH	00FF26	33	narration
1590	PRG	FLD_C2	FLD_C2	00AC89	37	narration
1591	PRG	FLD_B5	FLD_B5	009453	19	narration
1592	PRG	FLD_A7	FLD_A7	006A7B	19	narration
1593	PRG	TWN_CAMP	EVTCAMP	00CD06	35	narration
1594	PRG	TWN_ZOAH	EVTZOAH	029183	31	narration
1595	PRG	FLD_B5	FLD_B5	00930C	39	narration
1596	PRG	FLD_C4	FLD_C4	015EFF	23	narration
1597	PRG	TWN_ZOAH	EVTZOAH	00FC0A	37	narration
1598	PRG	FLD_A7	FLD_A7	006DC0	19	narration
1599	PRG	FLD_A7	FLD_A7	006CAD	19	narration
1600	PRG	FLD_B2	FLD_B2	00E281	23	narration
1601	PRG	FLD_B2	FLD_B2	00E265	19	narration
1602	PRG	FLD_C4	FLD_C4	015C0F	31	narration
1603	PRG	TWN_ZOAH	EVTZOAH	00F927	35	narration
1604	PRG	TWN_ZOAH	EVTZOAH	00BCFC	33	narration
1605	PRG	TWN_ZOAH	EVTZOAH	00FAE5	29	narration
1606	PRG	TWN_ZOAH	EVTZOAH	01AA72	35	narration
1607	PRG	TWN_ZOAH	EVTZOAH	00FCA0	37	narration
1608	PRG	TWN_ZOAH	EVTZOAH	00F8A9	37	narration
1609	PRG	TWN_CAMP	EVTCAMP	00E90C	33	narration
1610	PRG	TWN_SEEK	EVTSEEK	00BFE1	35	narration
1611	PRG	FLD_B5	FLD_B5	009367	26	narration
1612	PRG	FLD_B5	FLD_B5	0091FF	25	narration
1613	PRG	FLD_A3	FLD_A3	00904B	37	narration
1614	PRG	FLD_C4	FLD_C4	015B54	37	narration
1615	PRG	FLD_B6	FLD_B6	00AA3A	39	narration
1616	PRG	FLD_A7	FLD_A7	006B0B	31	narration
1617	PRG	FLD_A5	FLD_A5	00ECB5	31	narration
1618	PRG	FLD_C4	FLD_C4	015DAE	33	narration
1619	PRG	FLD_B5	FLD_B5	009B2D	17	narration
1620	PRG	TWN_CARA	EVTCARA	00CD14	27	narration
1621	PRG	TWN_CARA	EVTCARA	00F5E8	25	narration
1622	PRG	FLD_B6	FLD_B6	00AA7C	35	narration
1623	PRG	TWN_SEEK	EVTSEEK	004DB4	25	narration
1624	PRG	TWN_CARA	EVTCARA	00984F	25	narration
1625	PRG	TWN_CAMP	EVTCAMP	0101C4	23	narration
1626	PRG	TWN_ZOAH	EVTZOAH	01AA53	31	narration
1627	PRG	TWN_ZOAH	EVTZOAH	00BC12	27	narration
1628	PRG	TWN_ZOAH	EVTZOAH	00D7DA	27	narration
1629	PRG	FLD_B5	FLD_B5	009A5B	33	narration
1630	PRG	TWN_ZOAH	EVTZOAH	00F30D	29	narration
1631	PRG	TWN_ZOAH	EVTZOAH	00F372	27	narration
1632	PRG	TWN_ZOAH	EVTZOAH	00FF05	33	narration
1633	PRG	TWN_ZOAH	EVTZOAH	032D30	29	narration
1634	PRG	TWN_ZOAH	EVTZOAH	00D419	39	narration
1635	PRG	FLD_B5	FLD_B5	00943A	25	narration
1636	PRG	TWN_ZOAH	EVTZOAH	033696	17	narration
1637	PRG	TWN_EXCA	EVTEXCA	001907	39	narration
1638	PRG	FLD_D3	FLD_D3	005726	35	narration
1639	PRG	TWN_EXCA	EVTEXCA	000E46	29	narration
1640	PRG	TWN_ZOAH	EVTZOAH	00EA70	31	narration
1641	PRG	FLD_B5	FLD_B5	009413	39	narration
1642	PRG	TWN_ZOAH	EVTZOAH	01A925	39	narration
1643	PRG	FLD_B5	FLD_B5	009A31	17	narration
1644	PRG	TWN_SEEK	EVTSEEK	0051D6	37	narration
1645	PRG	FLD_C8	FLD_T0	012D35	17	narration
1646	PRG	TWN_CAMP	EVTCAMP	00E92D	39	narration
1647	PRG	TWN_CARA	EVTCARA	0038BA	25	narration
1648	PRG	TWN_CAMP	EVTCAMP	00FE50	17	narration
1649	PRG	FLD_C8	FLD_T0	012F94	27	narration
1650	PRG	TWN_CAMP	EVTCAMP	00EC46	37	narration
1651	PRG	TWN_ZOAH	EVTZOAH	00C53C	37	narration
1652	PRG	TWN_SEEK	EVTSEEK	0052E8	37	narration
1653	PRG	FLD_A3	FLD_A3	009070	39	narration
1654	PRG	FLD_A3	FLD_A3	008FA9	11	narration
1655	PRG	TWN_CAMP	EVTCAMP	00FEF9	27	narration
1656	PRG	TWN_ZOAH	EVTZOAH	00FDB0	33	narration
1657	PRG	TWN_CAMP	EVTCAMP	010466	35	narration
1658	PRG	TWN_ZOAH	EVTZOAH	00E9CA	31	narration
1659	PRG	TWN_ZOAH	EVTZOAH	00EC7A	33	narration
1660	PRG	FLD_B6	FLD_B6	00AC35	15	narration
1661	PRG	TWN_ZOAH	EVTZOAH	00F32A	33	narration
1662	PRG	TWN_CARA	EVTCARA	00B27C	39	narration
1663	PRG	TWN_CAMP	EVTCAMP	010188	25	narration
1664	PRG	TWN_ZOAH	EVTZOAH	00D635	31	narration
1665	PRG	TWN_ZOAH	EVTZOAH	00C93C	33	narration
1666	PRG	TWN_CARA	EVTCARA	017EDB	37	narration
1667	PRG	FLD_B5	FLD_B5	00962B	39	narration
1668	PRG	TWN_CAMP	EVTCAMP	0100B0	33	narration
1669	PRG	TWN_CAMP	EVTCAMP	010245	33	narration
1670	PRG	FLD_D2	FLD_D2	007FC6	29	narration
1671	PRG	FLD_C4	FLD_C4	015D8F	31	narration
1672	PRG	FLD_B5	FLD_B5	0091C5	29	narration
1673	PRG	FLD_A3	FLD_A3	008FD9	39	narration
1674	PRG	FLD_B2	FLD_B2	00E11C	39	narration
1675	PRG	TWN_ZOAH	EVTZOAH	00E1A2	27	narration
1676	PRG	TWN_ZOAH	EVTZOAH	00B9E8	29	narration
1677	PRG	TWN_ZOAH	EVTZOAH	00D334	33	narration
1678	PRG	TWN_SEEK	EVTSEEK	005561	29	narration
1679	PRG	TWN_CARA	EVTCARA	017E76	37	narration
1680	PRG	FLD_B5	FLD_B5	0092EB	33	narration
1681	PRG	FLD_B5	FLD_B5	0098EA	33	narration
1682	PRG	FLD_B5	FLD_B5	00986A	37	narration
1683	PRG	FLD_D3	FLD_D3	005749	33	narration
1684	PRG	FLD_C4	FLD_C4	015F25	15	narration
1685	PRG	TWN_CAMP	EVTCAMP	0103C9	35	narration
1686	PRG	FLD_B2	FLD_B2	00E143	15	narration
1687	PRG	FLD_D2	FLD_D2	0080F7	19	narration
1688	PRG	FLD_B2	FLD_B2	00E230	29	narration
1689	PRG	TWN_ZOAH	EVTZOAH	00CE52	27	narration
1690	PRG	TWN_ZOAH	EVTZOAH	00CE6D	29	narration
1691	PRG	TWN_CARA	EVTCARA	00CCAE	17	narration
1692	PRG	TWN_ZOAH	EVTZOAH	00ED68	27	narration
1693	PRG	TWN_CAMP	EVTCAMP	00BDA6	21	narration
1694	PRG	TWN_ZOAH	EVTZOAH	00C4E3	19	narration
1695	PRG	FLD_B5	FLD_B5	00AF5A	33	narration
1696	PRG	TWN_ZOAH	EVTZOAH	00FA61	37	narration
1697	PRG	FLD_B5	FLD_B5	00AF7B	15	narration
1698	PRG	FLD_B5	FLD_B5	00966B	33	narration
1699	PRG	FLD_B5	FLD_B5	0094EB	17	narration
1700	PRG	FLD_A3	FLD_A3	008F28	23	narration
1701	PRG	TWN_ZOAH	EVTZOAH	00D025	33	narration
1702	PRG	FLD_A7	FLD_A7	006B3D	33	narration
1703	PRG	FLD_B2	FLD_B2	00E195	13	narration
1704	PRG	FLD_C4	FLD_C4	015B8E	19	narration
1705	PRG	FLD_C4	FLD_C4	015B31	35	narration
1706	PRG	FLD_C4	FLD_C4	015BD9	19	narration
1707	PRG	TWN_ZOAH	EVTZOAH	013237	25	narration
1708	PRG	TWN_CAMP	EVTCAMP	0101A1	35	narration
1709	PRG	FLD_B5	FLD_B5	009AC1	33	narration
1710	PRG	TWN_SEEK	EVTSEEK	005589	39	narration
1711	PRG	FLD_D2	FLD_D2	0081BB	13	narration
1712	PRG	FLD_A5	FLD_A5	00F8AB	25	narration
1713	PRG	FLD_D2	FLD_D2	008249	17	narration
1714	PRG	TWN_CAMP	EVTCAMP	00EC21	37	narration
1715	PRG	TWN_RUIN	EVTRUIN	000A8E	25	narration
1716	PRG	TWN_RUIN	EVTRUIN	0009FD	31	narration
1717	PRG	TWN_CAMP	EVTCAMP	00FFE7	39	narration
1718	PRG	FLD_C4	FLD_C4	015BEC	35	narration
1719	PRG	FLD_B5	FLD_B5	009536	17	narration
1720	PRG	TWN_SEEK	EVTSEEK	0071C5	29	narration
1721	PRG	FLD_B5	FLD_B5	0096B5	31	narration
1722	PRG	TWN_CARA	EVTCARA	00F5CB	29	narration
1723	PRG	TWN_SEEK	EVTSEEK	004AC3	37	narration
1724	PRG	FLD_A5	FLD_A5	00E2F4	27	narration
1725	PRG	FLD_D2	FLD_D2	008087	23	narration
1726	PRG	FLD_D2	FLD_D2	0080DC	27	narration
1727	PRG	FLD_B5	FLD_B5	009C04	23	narration
1728	PRG	TWN_ZOAH	EVTZOAH	02FEFC	33	narration
1729	PRG	TWN_CARA	EVTCARA	0095A9	35	narration
1730	PRG	TWN_CARA	EVTCARA	0038D3	31	narration
1731	PRG	TWN_EXCA	EVTEXCA	001976	39	narration
1732	PRG	TWN_EXCA	EVTEXCA	000E9B	39	narration
1733	PRG	TWN_SEEK	EVTSEEK	0187CF	33	narration
1734	PRG	TWN_SEEK	EVTSEEK	004414	27	narration
1735	PRG	TWN_CAMP	EVTCAMP	00EBC8	33	narration
1736	PRG	TWN_EXCA	EVTEXCA	0015F6	37	narration
1737	PRG	TWN_CAMP	EVTCAMP	00EB8E	29	narration
1738	PRG	FLD_B6	FLD_B6	00B164	15	narration
1739	PRG	FLD_A5	FLD_A5	00D89A	33	narration
1740	PRG	TWN_RUIN	EVTRUIN	000836	25	narration
1741	PRG	FLD_B6	FLD_B6	00B1A1	29	narration
1742	PRG	TWN_ZOAH	EVTZOAH	00FA4A	23	narration
1743	PRG	TWN_SEEK	EVTSEEK	00672F	29	narration
1744	PRG	TWN_SEEK	EVTSEEK	004471	37	narration
1745	PRG	TWN_CARA	EVTCARA	017EB4	39	narration
1746	PRG	TWN_CARA	EVTCARA	003F45	39	narration
1747	PRG	TWN_ZOAH	EVTZOAH	00C57A	35	narration
1748	PRG	TWN_CARA	EVTCARA	005E6F	29	narration
1749	PRG	FLD_A3	FLD_A3	00945A	35	narration
1750	PRG	FLD_C8	FLD_T0	01302E	39	narration
1751	PRG	FLD_A7	FLD_A7	006CC0	29	narration
1752	PRG	TWN_CARA	EVTCARA	003BA8	31	narration
1753	PRG	TWN_CAMP	EVTCAMP	00FDD2	37	narration
1754	PRG	TWN_CAMP	EVTCAMP	010074	33	narration
1755	PRG	FLD_C8	FLD_T0	012F6A	25	narration
1756	PRG	TWN_ZOAH	EVTZOAH	0334CB	37	narration
1757	PRG	TWN_SEEK	EVTSEEK	00532A	27	narration
1758	PRG	TWN_SEEK	EVTSEEK	017DE7	23	narration
1759	PRG	TWN_CARA	EVTCARA	003BC7	29	narration
1760	PRG	TWN_CAMP	EVTCAMP	00FED2	39	narration
1761	PRG	TWN_EXCA	EVTEXCA	0019C2	29	narration
1762	PRG	TWN_EXCA	EVTEXCA	001A2C	37	narration
1763	PRG	TWN_ZOAH	EVTZOAH	00E1BD	29	narration
1764	PRG	FLD_B6	FLD_B6	00AC44	31	narration
1765	PRG	TWN_CAMP	EVTCAMP	0101F0	21	narration
1766	PRG	FLD_B6	FLD_B6	00AA61	27	narration
1767	PRG	TWN_ZOAH	EVTZOAH	00F9A5	37	narration
1768	PRG	TWN_CAMP	EVTCAMP	00FF14	21	narration
1769	PRG	FLD_B2	FLD_B2	00E217	25	narration
1770	PRG	FLD_A3	FLD_A3	0093FB	27	narration
1771	PRG	TWN_ZOAH	EVTZOAH	00DA34	35	narration
1772	PRG	TWN_ZOAH	EVTZOAH	00D1EE	39	narration
1773	PRG	TWN_ZOAH	EVTZOAH	00D230	31	narration
1774	PRG	TWN_ZOAH	EVTZOAH	02B2F9	27	narration
1775	PRG	TWN_ZOAH	EVTZOAH	00D319	27	narration
1776	PRG	TWN_EXCA	EVTEXCA	001A15	23	narration
1777	PRG	TWN_ZOAH	EVTZOAH	02F2A5	29	narration
1778	PRG	TWN_ZOAH	EVTZOAH	00BBED	37	narration
1779	PRG	TWN_ZOAH	EVTZOAH	02FE26	31	narration
1780	PRG	TWN_ZOAH	EVTZOAH	00EE78	37	narration
1781	PRG	FLD_B5	FLD_B5	00998D	37	narration
1782	PRG	FLD_B2	FLD_B2	00E2B4	35	narration
1783	PRG	TWN_SEEK	EVTSEEK	00BA2D	39	narration
1784	PRG	TWN_CAMP	EVTCAMP	00E8FD	15	narration
1785	PRG	FLD_B5	FLD_B5	009B9D	31	narration
1786	PRG	FLD_B5	FLD_B5	009B63	21	narration
1787	PRG	TWN_ZOAH	EVTZOAH	0335AD	25	narration
1788	PRG	TWN_ZOAH	EVTZOAH	0337F5	39	narration
1789	PRG	TWN_ZOAH	EVTZOAH	0336A7	39	narration
1790	PRG	TWN_ZOAH	EVTZOAH	00EE29	37	narration
1791	PRG	FLD_C4	FLD_C4	015D6A	37	narration
1792	PRG	TWN_ZOAH	EVTZOAH	00BD2E	33	narration
1793	PRG	TWN_ZOAH	EVTZOAH	00CF5B	37	narration
1794	PRG	TWN_ZOAH	EVTZOAH	00CE8A	35	narration
1795	PRG	TWN_ZOAH	EVTZOAH	00CF4A	17	narration
1796	PRG	FLD_A5	FLD_A5	00D887	19	narration
1797	PRG	TWN_CARA	EVTCARA	017E9B	25	narration
1798	PRG	TWN_CAMP	EVTCAMP	00EB2B	27	narration
1799	PRG	FLD_B5	FLD_B5	009AF3	23	narration
1800	PRG	TWN_ZOAH	EVTZOAH	00C4F6	39	narration
1801	PRG	TWN_CAMP	EVTCAMP	00C6DB	21	narration
1802	PRG	FLD_D2	FLD_D2	007FF8	33	narration
1803	PRG	TWN_ZOAH	EVTZOAH	00DBE1	37	narration
1804	PRG	FLD_D2	FLD_D2	00820E	21	narration
1805	PRG	TWN_CAMP	EVTCAMP	00EB46	35	narration
1806	PRG	TWN_ZOAH	EVTZOAH	00BDBE	21	narration
1807	PRG	TWN_ZOAH	EVTZOAH	00B49D	37	narration
1808	PRG	TWN_EXCA	EVTEXCA	0019FE	23	narration
1809	PRG	TWN_ZOAH	EVTZOAH	01AF81	37	narration
1810	PRG	FLD_B5	FLD_B5	00958E	33	narration
1811	PRG	TWN_ZOAH	EVTZOAH	00EE0A	31	narration
1812	PRG	TWN_CAMP	EVTCAMP	010149	31	narration
1813	PRG	TWN_ZOAH	EVTZOAH	01A8FE	39	narration
1814	PRG	TWN_ZOAH	EVTZOAH	00F969	33	narration
1815	PRG	FLD_C8	FLD_T0	012FAF	21	narration
1816	PRG	TWN_ZOAH	EVTZOAH	02FA99	33	narration
1817	PRG	TWN_CAMP	EVTCAMP	0102DC	39	narration
1818	PRG	TWN_CAMP	EVTCAMP	010283	33	narration
1819	PRG	TWN_CAMP	EVTCAMP	010432	31	narration
1820	PRG	FLD_B5	FLD_B5	009610	27	narration
1821	PRG	FLD_B5	FLD_B5	00AF8A	21	narration
1822	PRG	FLD_B5	FLD_B5	009C71	31	narration
1823	PRG	FLD_D2	FLD_D2	008125	31	narration
1824	PRG	TWN_CAMP	EVTCAMP	00CD46	27	narration
1825	PRG	TWN_CAMP	EVTCAMP	00EC04	29	narration
1826	PRG	TWN_ZOAH	EVTZOAH	00C8B3	29	slot
1827	PRG	FLD_B2	FLD_B2	00E1B1	21	narration
1828	PRG	FLD_B5	FLD_B5	009486	29	narration
1829	PRG	FLD_A7	FLD_A7	006D7F	31	narration
1830	PRG	TWN_ZOAH	EVTZOAH	02F13C	31	narration
1831	PRG	TWN_RUIN	EVTRUIN	0009B0	17	narration
1832	PRG	TWN_ZOAH	EVTZOAH	00ECDF	31	narration
1833	PRG	FLD_B5	FLD_B5	009C3F	21	narration
1834	PRG	TWN_ZOAH	EVTZOAH	00B746	27	narration
1835	PRG	FLD_A7	FLD_A7	006AE8	35	narration
1836	PRG	TWN_RUIN	EVTRUIN	000808	17	narration
1837	PRG	FLD_B5	FLD_B5	009346	33	narration
1838	PRG	TWN_ZOAH	EVTZOAH	032C48	31	narration
1839	PRG	FLD_B5	FLD_B5	009AE2	17	narration
1840	PRG	FLD_D2	FLD_D2	008174	23	narration
1841	PRG	FLD_C4	FLD_C4	015A76	11	narration
1842	PRG	FLD_A7	FLD_A7	006ACF	25	narration
1843	PRG	FLD_C2	FLD_C2	00AE00	27	narration
1844	PRG	TWN_ZOAH	EVTZOAH	00E975	25	narration
1845	PRG	FLD_B5	FLD_B5	009C54	29	narration
1846	PRG	TWN_ZOAH	EVTZOAH	00F8EF	23	narration
1847	PRG	FLD_A3	FLD_A3	008ED9	31	narration
1848	PRG	FLD_C8	FLD_T0	012FC4	21	narration
1849	PRG	FLD_A5	FLD_A5	00D937	33	narration
1850	PRG	FLD_C2	FLD_C2	00AE1B	29	narration
1851	PRG	TWN_ZOAH	EVTZOAH	00E64D	21	narration
1852	PRG	TWN_ZOAH	EVTZOAH	00FC3F	31	narration
1853	PRG	TWN_ZOAH	EVTZOAH	00FCE0	31	narration
1854	PRG	TWN_CAMP	EVTCAMP	00FE33	29	narration
1855	PRG	TWN_ZOAH	EVTZOAH	00BB6F	33	narration
1856	PRG	FLD_D2	FLD_D2	00810A	27	narration
1857	PRG	TWN_SEEK	EVTSEEK	005531	27	narration
1858	PRG	FLD_B5	FLD_B5	009547	33	narration
1859	PRG	TWN_ZOAH	EVTZOAH	00FBE3	39	narration
1860	PRG	TWN_CARA	EVTCARA	00B327	35	narration
1861	PRG	TWN_CAMP	EVTCAMP	0100D1	31	narration
1862	PRG	TWN_CARA	EVTCARA	00B371	31	narration
1863	PRG	TWN_ZOAH	EVTZOAH	00ED30	25	narration
1864	PRG	TWN_ZOAH	EVTZOAH	00ECFE	25	narration
1865	PRG	FLD_C4	FLD_C4	015A92	29	narration
1866	PRG	TWN_EXCA	EVTEXCA	000F5C	35	narration
1867	PRG	FLD_A7	FLD_A7	006A8E	35	narration
1868	PRG	FLD_C4	FLD_C4	015CF4	33	narration
1869	PRG	TWN_ZOAH	EVTZOAH	00BC4C	23	narration
1870	PRG	TWN_CAMP	EVTCAMP	00EC6B	39	narration
1871	PRG	FLD_D2	FLD_D2	00818B	21	narration
1872	PRG	FLD_C4	FLD_C4	015C2E	29	narration
1873	PRG	BTL_B6	BTL_B6	05B333	37	narration
1874	PRG	BTL_B6	BTL_B6	05B358	31	narration
1875	PRG	TWN_ZOAH	EVTZOAH	02F15B	35	narration
1876	PRG	TWN_ZOAH	EVTZOAH	00D174	33	narration
1877	PRG	TWN_ZOAH	EVTZOAH	00FB65	27	narration
1878	PRG	TWN_ZOAH	EVTZOAH	00B469	15	narration
1879	PRG	TWN_ZOAH	EVTZOAH	00B478	37	narration
1880	PRG	TWN_ZOAH	EVTZOAH	01D1D2	21	narration
1881	PRG	TWN_ZOAH	EVTZOAH	00D654	31	narration
1882	PRG	TWN_ZOAH	EVTZOAH	00CEEB	27	narration
1883	PRG	TWN_ZOAH	EVTZOAH	00C95D	31	narration
1884	PRG	TWN_ZOAH	EVTZOAH	00CEC4	39	narration
1885	PRG	TWN_ZOAH	EVTZOAH	00CEAD	23	narration
1886	PRG	FLD_B5	FLD_B5	0091B2	19	narration
1887	PRG	TWN_EXCA	EVTEXCA	000E04	27	narration
1888	PRG	FLD_C4	FLD_C4	015F78	37	narration
1889	PRG	FLD_B5	FLD_B5	009797	35	narration
1890	PRG	TWN_SEEK	EVTSEEK	004E7B	25	narration
1891	PRG	TWN_CARA	EVTCARA	00424B	37	narration
1892	PRG	TWN_ZOAH	EVTZOAH	00CF23	39	narration
1893	PRG	TWN_ZOAH	EVTZOAH	00CD9A	35	narration
1894	PRG	TWN_ZOAH	EVTZOAH	00BD91	29	narration
1895	PRG	TWN_ZOAH	EVTZOAH	00BE58	35	narration
1896	PRG	TWN_ZOAH	EVTZOAH	00C483	27	narration
1897	PRG	TWN_ZOAH	EVTZOAH	00FBC2	33	narration
1898	PRG	TWN_ZOAH	EVTZOAH	00D9DB	33	narration
1899	PRG	TWN_ZOAH	EVTZOAH	00BCA1	29	narration
1900	PRG	FLD_B5	FLD_B5	0097BA	21	narration
1901	PRG	TWN_ZOAH	EVTZOAH	02FACB	39	narration
1902	PRG	TWN_SEEK	EVTSEEK	0049FE	29	narration
1903	PRG	TWN_ZOAH	EVTZOAH	00FCC5	27	narration
1904	PRG	TWN_ZOAH	EVTZOAH	00F2FA	19	narration
1905	PRG	TWN_CARA	EVTCARA	00401B	27	narration
1906	PRG	TWN_ZOAH	EVTZOAH	00D0AA	17	narration
1907	PRG	TWN_ZOAH	EVTZOAH	00CC18	29	narration
1908	PRG	TWN_ZOAH	EVTZOAH	00BB90	23	narration
1909	PRG	TWN_ZOAH	EVTZOAH	00F906	33	narration
1910	PRG	TWN_ZOAH	EVTZOAH	00CB7B	33	narration
1911	PRG	TWN_SEEK	EVTSEEK	0043D6	25	narration
1912	PRG	TWN_CARA	EVTCARA	0040C9	15	narration
1913	PRG	TWN_CARA	EVTCARA	004036	27	narration
1914	PRG	FLD_B5	FLD_B5	0095AF	37	narration
1915	PRG	FLD_B5	FLD_B5	009A42	25	narration
1916	PRG	TWN_CAMP	EVTCAMP	010205	33	narration
1917	PRG	BTL_B6	BTL_B6	05B39A	33	narration
1918	PRG	FLD_D2	FLD_D2	008292	25	narration
1919	PRG	TWN_ZOAH	EVTZOAH	00F4C8	35	narration
1920	PRG	BTL_B6	BTL_B6	05B3BB	35	narration
1921	PRG	TWN_ZOAH	EVTZOAH	00E16C	33	narration
1922	PRG	TWN_ZOAH	EVTZOAH	00E18D	21	narration
1923	PRG	TWN_SEEK	EVTSEEK	004873	29	narration
1924	PRG	FLD_B5	FLD_B5	009652	25	narration
1925	PRG	FLD_B5	FLD_B5	00976E	41	narration
1926	PRG	TWN_SEEK	EVTSEEK	004723	31	narration
1927	PRG	TWN_ZOAH	EVTZOAH	00D620	21	narration
1928	PRG	TWN_ZOAH	EVTZOAH	0344C0	21	narration
1929	PRG	TWN_ZOAH	EVTZOAH	00F479	17	narration
1930	PRG	TWN_ZOAH	EVTZOAH	00BCDF	29	narration
1931	PRG	TWN_ZOAH	EVTZOAH	00BD1D	17	narration
1932	PRG	TWN_CARA	EVTCARA	003CF9	25	narration
1933	PRG	TWN_ZOAH	EVTZOAH	00CE31	33	narration
1934	PRG	TWN_ZOAH	EVTZOAH	00BB50	31	narration
1935	PRG	TWN_ZOAH	EVTZOAH	00C89A	25	narration
1936	PRG	TWN_ZOAH	EVTZOAH	00BDD3	23	narration
1937	PRG	TWN_ZOAH	EVTZOAH	00EA38	25	narration
1938	PRG	TWN_SEEK	EVTSEEK	0049EB	19	narration
1939	PRG	TWN_CAMP	EVTCAMP	00EB69	37	narration
1940	PRG	FLD_A3	FLD_A3	009439	33	narration
1941	PRG	TWN_ZOAH	EVTZOAH	039C16	39	narration
1942	PRG	TWN_ZOAH	EVTZOAH	00E7E7	21	narration
1943	PRG	TWN_SEEK	EVTSEEK	0045CA	37	narration
1944	PRG	TWN_ZOAH	EVTZOAH	03E059	29	narration
1945	PRG	FLD_B2	FLD_B2	00E30D	27	narration
1946	PRG	TWN_ZOAH	EVTZOAH	00C561	25	narration
1947	PRG	TWN_SEEK	EVTSEEK	0071AE	23	narration
1948	PRG	TWN_ZOAH	EVTZOAH	02B2D2	39	narration
1949	PRG	TWN_ZOAH	EVTZOAH	00FB02	29	narration
1950	PRG	TWN_ZOAH	EVTZOAH	00D006	31	narration
1951	PRG	TWN_ZOAH	EVTZOAH	00E74E	33	narration
1952	PRG	TWN_SEEK	EVTSEEK	00EAA0	29	narration
1953	PRG	FLD_B5	FLD_B5	00990B	37	narration
1954	PRG	FLD_B5	FLD_B5	009817	37	narration
1955	PRG	TWN_CAMP	EVTCAMP	0103EC	39	narration
1956	PRG	FLD_C2	FLD_C2	00ACAE	18	narration
1957	PRG	TWN_SEEK	EVTSEEK	00554C	21	narration
1958	PRG	TWN_CAMP	EVTCAMP	010266	29	narration
1959	PRG	FLD_B5	FLD_B5	009388	17	narration
1960	PRG	TWN_ZOAH	EVTZOAH	00DED9	33	narration
1961	PRG	FLD_C4	FLD_C4	015C9A	23	narration
1962	PRG	TWN_CARA	EVTCARA	009868	33	narration
1963	PRG	TWN_ZOAH	EVTZOAH	00FB42	35	narration
1964	PRG	TWN_CAMP	EVTCAMP	00EBE9	27	narration
1965	PRG	TWN_CAMP	EVTCAMP	00FE61	23	narration
1966	PRG	TWN_ZOAH	EVTZOAH	00FECF	27	narration
1967	PRG	TWN_CARA	EVTCARA	003D12	23	narration
1968	PRG	FLD_C2	FLD_C2	00ACF6	39	narration
1969	PRG	FLD_B5	FLD_B5	00AFAC	27	narration
1970	PRG	TWN_SEEK	EVTSEEK	0043EF	37	narration
1971	PRG	TWN_ZOAH	EVTZOAH	00D574	31	narration
1972	PRG	TWN_ZOAH	EVTZOAH	00FA25	37	narration
1973	PRG	FLD_D2	FLD_D2	008275	29	narration
1974	PRG	FLD_A5	FLD_A5	00D8D4	39	narration
1975	PRG	TWN_EXCA	EVTEXCA	0019DF	31	narration
1976	PRG	FLD_D2	FLD_D2	007FE3	21	narration
1977	PRG	FLD_D2	FLD_D2	00805D	23	narration
1978	PRG	TWN_ZOAH	EVTZOAH	00E6A6	25	narration
1979	PRG	TWN_ZOAH	EVTZOAH	00E6BF	27	narration
1980	PRG	TWN_ZOAH	EVTZOAH	0335C6	33	narration
1981	PRG	TWN_ZOAH	EVTZOAH	00EA51	31	narration
1982	PRG	TWN_ZOAH	EVTZOAH	00E662	31	narration
1983	PRG	TWN_CARA	EVTCARA	003D4D	31	narration
1984	PRG	TWN_ZOAH	EVTZOAH	00E9F8	33	narration
1985	PRG	TWN_CARA	EVTCARA	00413E	21	narration
1986	PRG	TWN_SEEK	EVTSEEK	0051B1	37	narration
1987	PRG	TWN_CARA	EVTCARA	003EA2	31	narration
1988	PRG	TWN_CARA	EVTCARA	003EC1	37	narration
1989	PRG	TWN_CARA	EVTCARA	003E16	39	narration
1990	PRG	TWN_CAMP	EVTCAMP	00FF8C	23	narration
1991	PRG	TWN_ZOAH	EVTZOAH	00D063	25	narration
1992	PRG	TWN_ZOAH	EVTZOAH	00D07C	27	narration
1993	PRG	TWN_ZOAH	EVTZOAH	01327A	29	narration
1994	PRG	TWN_ZOAH	EVTZOAH	00D0BB	31	narration
1995	PRG	TWN_ZOAH	EVTZOAH	00F882	39	narration
1996	PRG	TWN_RUIN	EVTRUIN	00091E	25	narration
1997	PRG	TWN_RUIN	EVTRUIN	00098D	35	narration
1998	PRG	TWN_RUIN	EVTRUIN	00088D	23	narration
1999	PRG	TWN_CAMP	EVTCAMP	00FF50	33	narration
2000	PRG	TWN_CARA	EVTCARA	003FB4	31	narration
2001	PRG	TWN_CAMP	EVTCAMP	00FF29	39	narration
2002	PRG	TWN_ZOAH	EVTZOAH	00E718	19	narration
2003	PRG	FLD_A5	FLD_A5	00D8FB	25	narration
2004	PRG	TWN_CARA	EVTCARA	003F6C	35	narration
2005	PRG	TWN_ZOAH	EVTZOAH	00B9B6	21	narration
2006	PRG	TWN_ZOAH	EVTZOAH	00B984	23	narration
2007	PRG	TWN_SEEK	EVTSEEK	0052B4	23	narration
2008	PRG	TWN_ZOAH	EVTZOAH	00D9FC	29	narration
2009	PRG	TWN_RUIN	EVTRUIN	000A1C	33	narration
2010	PRG	TWN_CARA	EVTCARA	003D7F	39	narration
2011	PRG	FLD_B5	FLD_B5	0097CF	33	narration
2012	PRG	TWN_CAMP	EVTCAMP	00ECD0	25	narration
2013	PRG	TWN_ZOAH	EVTZOAH	00EEC2	33	narration
2014	PRG	TWN_ZOAH	EVTZOAH	03E03C	29	narration
2015	PRG	TWN_ZOAH	EVTZOAH	00FEB2	29	narration
2016	PRG	TWN_ZOAH	EVTZOAH	00B804	33	narration
2017	PRG	TWN_ZOAH	EVTZOAH	00F48A	39	narration
2018	PRG	FLD_D2	FLD_D2	0081EF	31	narration
2019	PRG	FLD_B5	FLD_B5	00975B	19	narration
2020	PRG	FLD_B5	FLD_B5	009235	23	narration
2021	PRG	TWN_ZOAH	EVTZOAH	00DBA5	37	narration
2022	PRG	TWN_ZOAH	EVTZOAH	00DC7A	33	narration
2023	PRG	FLD_D2	FLD_D2	008019	33	narration
2024	PRG	TWN_ZOAH	EVTZOAH	00F3D4	29	narration
2025	PRG	TWN_ZOAH	EVTZOAH	00CB9C	27	narration
2026	PRG	TWN_ZOAH	EVTZOAH	00D4B6	29	narration
2027	PRG	TWN_ZOAH	EVTZOAH	00CF06	29	narration
2028	PRG	TWN_ZOAH	EVTZOAH	00C3C1	33	narration
2029	PRG	TWN_ZOAH	EVTZOAH	00B70C	21	narration
2030	PRG	TWN_ZOAH	EVTZOAH	00B721	37	narration
2031	PRG	TWN_SEEK	EVTSEEK	005487	29	narration
2032	PRG	TWN_ZOAH	EVTZOAH	00F98A	27	narration
2033	PRG	TWN_ZOAH	EVTZOAH	00E72B	35	narration
2034	PRG	TWN_ZOAH	EVTZOAH	00F7CF	37	narration
2035	PRG	TWN_ZOAH	EVTZOAH	00F94A	31	narration
2036	PRG	TWN_EXCA	EVTEXCA	000DED	23	narration
2037	PRG	TWN_SEEK	EVTSEEK	004E3D	37	narration
2038	PRG	TWN_ZOAH	EVTZOAH	00E935	31	narration
2039	PRG	TWN_SEEK	EVTSEEK	004979	33	narration
2040	PRG	TWN_SEEK	EVTSEEK	004C71	27	narration
2041	PRG	TWN_SEEK	EVTSEEK	004EAB	27	narration
2042	PRG	TWN_ZOAH	EVTZOAH	00D1B6	27	narration
2043	PRG	TWN_ZOAH	EVTZOAH	00CA38	35	narration
2044	PRG	TWN_ZOAH	EVTZOAH	00CA7C	37	narration
2045	PRG	TWN_ZOAH	EVTZOAH	00D4EE	37	narration
2046	PRG	FLD_D2	FLD_D2	008155	31	narration
2047	PRG	TWN_ZOAH	EVTZOAH	00CCAD	39	narration
2048	PRG	FLD_D2	FLD_D2	008074	19	narration
2049	PRG	TWN_SEEK	EVTSEEK	00476D	35	narration
2050	PRG	TWN_ZOAH	EVTZOAH	00FB80	33	narration
2051	PRG	FLD_A5	FLD_A5	00E30F	23	narration
2052	PRG	FLD_B5	FLD_B5	00918F	35	narration
2053	PRG	FLD_A3	FLD_A3	009038	19	narration
2054	PRG	TWN_ZOAH	EVTZOAH	00E954	33	narration
2055	PRG	TWN_CAMP	EVTCAMP	01001D	29	narration
2056	PRG	TWN_EXCA	EVTEXCA	001951	37	narration
2057	PRG	TWN_CARA	EVTCARA	004153	39	narration
2058	PRG	TWN_ZOAH	EVTZOAH	00DC06	29	narration
2059	PRG	TWN_EXCA	EVTEXCA	000D8B	31	narration
2060	PRG	TWN_ZOAH	EVTZOAH	00B825	21	narration
2061	PRG	FLD_C2	FLD_C2	00AC76	19	narration
2062	PRG	TWN_CAMP	EVTCAMP	0103A2	39	narration
2063	PRG	TWN_CARA	EVTCARA	00B4D4	27	narration
2064	PRG	TWN_CARA	EVTCARA	0062B6	23	narration
2065	PRG	TWN_CARA	EVTCARA	003D29	11	narration
2066	PRG	TWN_ZOAH	EVTZOAH	00D097	19	narration
2067	PRG	FLD_B5	FLD_B5	0097F0	39	narration
2068	PRG	TWN_ZOAH	EVTZOAH	018CF4	37	narration
2069	PRG	FLD_A3	FLD_A3	008F84	37	narration
2070	PRG	TWN_ZOAH	EVTZOAH	00BBA7	39	narration
2071	PRG	TWN_CAMP	EVTCAMP	00FF71	27	narration
2072	PRG	TWN_CARA	EVTCARA	00CCE2	23	narration
2073	PRG	TWN_ZOAH	EVTZOAH	00D1D1	29	narration
2074	PRG	TWN_CAMP	EVTCAMP	00FE18	27	narration
2075	PRG	TWN_CAMP	EVTCAMP	010347	29	narration
2076	PRG	TWN_ZOAH	EVTZOAH	00E6DA	35	narration
2077	PRG	TWN_ZOAH	EVTZOAH	00D80E	37	narration
2078	PRG	TWN_CARA	EVTCARA	00412B	19	narration
2079	PRG	TWN_CARA	EVTCARA	003DEF	39	narration
2080	PRG	TWN_SEEK	EVTSEEK	004742	27	narration
2081	PRG	FLD_B2	FLD_B2	00E182	19	narration
2082	PRG	TWN_CAMP	EVTCAMP	0102C7	21	narration
2083	PRG	TWN_SEEK	EVTSEEK	00B943	35	narration
2084	PRG	TWN_CARA	EVTCARA	009454	33	narration
2085	PRG	TWN_ZOAH	EVTZOAH	00E613	27	narration
2086	PRG	TWN_ZOAH	EVTZOAH	00C445	31	narration
2087	PRG	FLD_D2	FLD_D2	0081C8	39	narration
2088	PRG	FLD_A5	FLD_A5	00D914	35	narration
2089	PRG	FLD_B5	FLD_B5	0099BD	29	narration
2090	PRG	TWN_ZOAH	EVTZOAH	01D1E7	25	narration
2091	PRG	TWN_SEEK	EVTSEEK	00735F	29	narration
2092	PRG	TWN_ZOAH	EVTZOAH	00ED17	25	narration
2093	PRG	TWN_ZOAH	EVTZOAH	00D7F5	25	narration
2094	PRG	TWN_ZOAH	EVTZOAH	00DC3C	33	narration
2095	PRG	TWN_ZOAH	EVTZOAH	00D386	33	narration
2096	PRG	TWN_ZOAH	EVTZOAH	00B975	15	narration
2097	PRG	TWN_ZOAH	EVTZOAH	00D3C8	31	narration
2098	PRG	TWN_ZOAH	EVTZOAH	00BDEA	19	narration
2099	PRG	TWN_SEEK	EVTSEEK	004BE2	37	narration
2100	PRG	TWN_ZOAH	EVTZOAH	00B2E8	25	narration
2101	PRG	TWN_ZOAH	EVTZOAH	00CBB7	37	narration
2102	PRG	FLD_A7	FLD_A7	006CDD	39	narration
2103	PRG	TWN_ZOAH	EVTZOAH	00DC23	25	narration
2104	PRG	TWN_SEEK	EVTSEEK	004C07	27	narration
2105	PRG	TWN_CAMP	EVTCAMP	00FDF7	33	narration
2106	PRG	TWN_ZOAH	EVTZOAH	00C927	29	slot
2107	PRG	FLD_C4	FLD_C4	015AC7	39	narration
2108	PRG	TWN_SEEK	EVTSEEK	00679C	37	narration
2109	PRG	TWN_CAMP	EVTCAMP	01003A	33	narration
2110	PRG	TWN_ZOAH	EVTZOAH	00B761	31	narration
2111	PRG	TWN_ZOAH	EVTZOAH	00BD72	31	narration
2112	PRG	FLD_B2	FLD_B2	00E152	27	narration
2113	PRG	TWN_ZOAH	EVTZOAH	00EC5B	31	narration
2114	PRG	TWN_ZOAH	EVTZOAH	00FB1F	35	narration
2115	PRG	TWN_ZOAH	EVTZOAH	00E5F8	27	narration
2116	PRG	TWN_ZOAH	EVTZOAH	028CED	33	narration
2117	PRG	TWN_ZOAH	EVTZOAH	018B7C	29	narration
2118	PRG	TWN_ZOAH	EVTZOAH	01879D	31	narration
2119	PRG	TWN_ZOAH	EVTZOAH	0186BD	35	narration
2120	PRG	TWN_SEEK	EVTSEEK	0167E5	25	narration
2121	PRG	TWN_CAMP	EVTCAMP	00FE98	21	narration
2122	PRG	TWN_CARA	EVTCARA	00B52D	31	narration
2123	PRG	TWN_ZOAH	EVTZOAH	00EA19	31	narration
2124	PRG	TWN_ZOAH	EVTZOAH	00B373	23	narration
2125	PRG	FLD_A3	FLD_A3	0090C9	31	narration
2126	PRG	FLD_A3	FLD_A3	008F3F	27	narration
2127	PRG	FLD_A3	FLD_A3	008F0D	27	narration
2128	PRG	TWN_ZOAH	EVTZOAH	00D4D3	27	narration
2129	PRG	FLD_B5	FLD_B5	009A7C	27	narration
2130	PRG	TWN_CARA	EVTCARA	0041DD	25	narration
2131	PRG	FLD_B5	FLD_B5	009B3E	37	narration
2132	PRG	FLD_B5	FLD_B5	0096DF	29	narration
2133	PRG	FLD_B5	FLD_B5	009BE3	33	narration
2134	PRG	FLD_B2	FLD_B2	00E2D7	29	narration
2135	PRG	TWN_SEEK	EVTSEEK	0121CF	29	narration
2136	PRG	FLD_C2	FLD_C2	00AE76	19	narration
2137	PRG	FLD_A5	FLD_A5	00D866	33	narration
2138	PRG	TWN_CARA	EVTCARA	00B3A9	29	narration
2139	PRG	TWN_ZOAH	EVTZOAH	00BC2D	31	narration
2140	PRG	TWN_ZOAH	EVTZOAH	00FD41	35	narration
2141	PRG	FLD_A3	FLD_A3	009097	31	narration
2142	PRG	TWN_RUIN	EVTRUIN	000937	29	narration
2143	PRG	TWN_RUIN	EVTRUIN	000868	37	narration
2144	PRG	TWN_ZOAH	EVTZOAH	03E027	21	narration
2145	PRG	TWN_CARA	EVTCARA	003DE2	13	narration
2146	PRG	TWN_ZOAH	EVTZOAH	00D26C	35	narration
2147	PRG	TWN_ZOAH	EVTZOAH	032C67	29	narration
2148	PRG	TWN_CARA	EVTCARA	003D34	25	narration
2149	PRG	TWN_EXCA	EVTEXCA	000F49	19	narration
2150	PRG	FLD_B5	FLD_B5	009568	21	narration
2151	PRG	TWN_ZOAH	EVTZOAH	00F4B1	23	narration
2152	PRG	TWN_CARA	EVTCARA	003D6C	19	narration
2153	PRG	BTL_B6	BTL_B6	05B377	35	narration
2154	PRG	TWN_ZOAH	EVTZOAH	00DC5D	29	narration
2155	PRG	TWN_ZOAH	EVTZOAH	039CED	33	narration
2156	PRG	TWN_ZOAH	EVTZOAH	00BF63	39	narration
2157	PRG	TWN_RUIN	EVTRUIN	00084F	25	narration
2158	PRG	TWN_ZOAH	EVTZOAH	00B4D2	31	narration
2159	PRG	TWN_ZOAH	EVTZOAH	00BF4A	25	narration
2160	PRG	TWN_ZOAH	EVTZOAH	00B4F1	21	narration
2161	PRG	FLD_C8	FLD_T0	012F83	17	narration
2162	PRG	FLD_B2	FLD_B2	00E1EB	13	narration
2163	PRG	TWN_ZOAH	EVTZOAH	00EE9D	37	narration
2164	PRG	TWN_ZOAH	EVTZOAH	00D215	27	narration
2165	PRG	FLD_B2	FLD_B2	00E2F4	25	narration
2166	PRG	TWN_ZOAH	EVTZOAH	00B40E	25	narration
2167	PRG	TWN_ZOAH	EVTZOAH	00C873	39	narration
2168	PRG	TWN_CARA	EVTCARA	016E05	31	narration
2169	PRG	TWN_ZOAH	EVTZOAH	00FA0A	27	narration
2170	PRG	FLD_C4	FLD_C4	015EEE	17	narration
2171	PRG	FLD_A3	FLD_A3	0090B6	19	narration
2172	PRG	FLD_A3	FLD_A3	008EF8	21	narration
2173	PRG	FLD_C4	FLD_C4	015F34	31	narration
2174	PRG	FLD_C2	FLD_C2	00ACD3	35	narration
2175	PRG	FLD_A3	FLD_A3	008FB4	37	narration
2176	PRG	FLD_A3	FLD_A3	008F5A	21	narration
2177	PRG	FLD_A3	FLD_A3	008F6F	21	narration
2178	PRG	TWN_ZOAH	EVTZOAH	00BCBE	33	narration
2179	PRG	FLD_A3	FLD_A3	009011	39	narration
2180	PRG	TWN_ZOAH	EVTZOAH	0132AE	27	narration
2181	PRG	TWN_ZOAH	EVTZOAH	00D3FC	29	narration
2182	PRG	TWN_ZOAH	EVTZOAH	00D5EC	23	narration
2183	PRG	FLD_C4	FLD_C4	015A81	17	narration
2184	PRG	TWN_CARA	EVTCARA	004116	21	narration
2185	PRG	TWN_ZOAH	EVTZOAH	00CDF5	29	narration
2186	PRG	TWN_ZOAH	EVTZOAH	00CE12	31	narration
2187	PRG	TWN_SEEK	EVTSEEK	0051FB	37	narration
2188	PRG	TWN_ZOAH	EVTZOAH	00EC0F	37	narration
2189	PRG	TWN_ZOAH	EVTZOAH	00EBD3	37	narration
2190	PRG	TWN_ZOAH	EVTZOAH	00BD4F	35	narration
2191	PRG	FLD_A3	FLD_A3	008EC8	17	narration
2192	PRG	FLD_B5	FLD_B5	0099FD	15	narration
2193	PRG	TWN_CARA	EVTCARA	00CCF9	27	narration
2194	PRG	TWN_CAMP	EVTCAMP	0126BD	23	narration
2195	PRG	FLD_B2	FLD_B2	00E16D	21	narration
2196	PRG	FLD_B6	FLD_B6	00B151	19	narration
2197	PRG	FLD_C4	FLD_C4	015F53	37	narration
2198	PRG	FLD_A7	FLD_A7	006ABC	19	narration
2199	PRG	TWN_CAMP	EVTCAMP	0127BA	23	narration
2200	PRG	FLD_B5	FLD_B5	009139	7	narration
2201	PRG	TWN_CAMP	EVTCAMP	00BC2B	11	dialog
2202	PRG	FLD_C4	FLD_C4	048905	4	dialog
2203	PRG	FLD_C4	FLD_C4	048A19	4	dialog
2204	PRG	FLD_A5	FLD_A5	0374DD	4	dialog
2205	PRG	TWN_EXCA	EVTEXCA	0018B7	41	dialog
2206	PRG	TWN_ZOAH	EVTZOAH	01C9BF	35	dialog
2207	PRG	TWN_CARA	EVTCARA	00B007	33	dialog
2208	PRG	TWN_EXCA	EVTEXCA	000C43	8	dialog
2209	PRG	TWN_ZOAH	EVTZOAH	03BAC7	13	dialog
2210	PRG	TWN_CARA	EVTCARA	00C667	17	dialog
2211	PRG	TWN_CARA	EVTCARA	017B9B	17	dialog
2212	PRG	TWN_ZOAH	EVTZOAH	038CFB	17	dialog
2213	PRG	TWN_SEEK	EVTSEEK	0070DF	17	dialog
2214	PRG	TWN_EXCA	EVTEXCA	0015C3	17	dialog
2215	PRG	TWN_CARA	EVTCARA	0038AB	15	dialog
2216	PRG	TWN_SEEK	EVTSEEK	0041AB	17	dialog
2217	PRG	TWN_ZOAH	EVTZOAH	00B27B	13	dialog
2218	PRG	TWN_EXCA	EVTEXCA	000C7F	11	dialog
2219	PRG	FLD_A5	FLD_A5	00D217	8	dialog
2220	PRG	FLD_A5	FLD_A5	00D227	8	dialog
2221	PRG	FLD_A5	FLD_A5	00D23F	8	dialog
2222	PRG	FLD_A5	FLD_A5	00D247	8	dialog
2223	PRG	FLD_A5	FLD_A5	00D24F	8	dialog
2224	PRG	TWN_CAMP	EVTCAMP	00D905	16	dialog
2225	PRG	FLAGEDIT	FLAGEDIT	000340	17	ui
2226	PRG	FLAGEDIT	FLAGEDIT	000351	27	ui
2227	PRG	FLAGEDIT	FLAGEDIT	00036C	19	ui
2228	PRG	FLAGEDIT	FLAGEDIT	00037F	15	ui
2229	PRG	FLAGEDIT	FLAGEDIT	00038E	17	ui
2230	PRG	FLAGEDIT	FLAGEDIT	00039F	29	ui
2231	PRG	FLAGEDIT	FLAGEDIT	0003BC	25	ui
2232	PRG	FLAGEDIT	FLAGEDIT	0003D5	37	ui
2233	PRG	FLAGEDIT	FLAGEDIT	0003FA	23	ui
2234	PRG	FLAGEDIT	FLAGEDIT	000411	29	ui
2235	PRG	FLAGEDIT	FLAGEDIT	00042E	35	ui
2236	PRG	FLAGEDIT	FLAGEDIT	000451	25	ui
2237	PRG	FLAGEDIT	FLAGEDIT	00046A	25	ui
2238	PRG	FLAGEDIT	FLAGEDIT	000483	19	ui
2239	PRG	FLAGEDIT	FLAGEDIT	000496	21	ui
2240	PRG	FLAGEDIT	FLAGEDIT	0004AB	23	ui
2241	PRG	FLAGEDIT	FLAGEDIT	0004C2	23	ui
2242	PRG	FLAGEDIT	FLAGEDIT	0004D9	19	ui
2243	PRG	FLAGEDIT	FLAGEDIT	0004EC	27	ui
2244	PRG	FLAGEDIT	FLAGEDIT	000507	17	ui
2245	PRG	FLAGEDIT	FLAGEDIT	000518	17	ui
2246	PRG	FLAGEDIT	FLAGEDIT	000529	23	ui
2247	PRG	FLAGEDIT	FLAGEDIT	000540	23	ui
2248	PRG	FLAGEDIT	FLAGEDIT	000557	19	ui
2249	PRG	FLAGEDIT	FLAGEDIT	00056A	17	ui
2250	PRG	FLAGEDIT	FLAGEDIT	00057B	21	ui
2251	PRG	FLAGEDIT	FLAGEDIT	000590	23	ui
2252	PRG	FLAGEDIT	FLAGEDIT	0005A7	25	ui
2253	PRG	FLAGEDIT	FLAGEDIT	0005C0	21	ui
2254	PRG	FLAGEDIT	FLAGEDIT	0005D5	31	ui
2255	PRG	FLAGEDIT	FLAGEDIT	0005F4	29	ui
2256	PRG	FLAGEDIT	FLAGEDIT	000611	23	ui
2257	MENUBK	MENUBK	MENUBK	003B44	179	ui
2258	PRG	TWN_ZOAH	EVTZOAH	033A72	19	dialog
2259	PRG	TWN_CARA	EVTCARA	016EB9	11	dialog
2260	PRG	TWN_ZOAH	EVTZOAH	039D65	17	dialog
2261	PRG	TWN_ZOAH	EVTZOAH	0131E5	19	dialog
2262	PRG	TWN_ZOAH	EVTZOAH	022C6C	11	dialog
2263	MENUBK	MENUBK	MENUBK	00001B	15	ui
2264	MENUBK	MENUBK	MENUBK	00090B	15	ui
2265	MENUBK	MENUBK	MENUBK	0071DA	15	ui
2266	PRG	FLAGEDIT	FLAGEDIT	000628	37	ui
2267	PRG	FLAGEDIT	FLAGEDIT	00064D	13	ui
2268	MENUBK	MENUBK	MENUBK	000927	15	ui
2269	MENUBK	MENUBK	MENUBK	001073	15	ui
2270	MENUBK	MENUBK	MENUBK	00091A	13	ui
2271	MENUBK	MENUBK	MENUBK	0071E9	13	ui
2272	PRG	FLAGEDIT	FLAGEDIT	00065A	31	ui
2273	PRG	FLAGEDIT	FLAGEDIT	000679	31	ui
2274	PRG	FLAGEDIT	FLAGEDIT	000698	23	ui
2275	PRG	FLAGEDIT	FLAGEDIT	0006AF	35	ui
2276	PRG	FLAGEDIT	FLAGEDIT	0006D2	23	ui
2277	MENUBK	MENUBK	MENUBK	0071F6	15	ui
2278	MENUBK	MENUBK	MENUBK	001082	13	ui
2279	MENUBK	MENUBK	MENUBK	00108F	13	ui
2280	PRG	FLAGEDIT	FLAGEDIT	0006E9	21	ui
2281	PRG	FLAGEDIT	FLAGEDIT	0006FE	21	ui
2282	PRG	FLAGEDIT	FLAGEDIT	000713	17	ui
2283	PRG	FLAGEDIT	FLAGEDIT	000724	19	ui
2284	PRG	FLAGEDIT	FLAGEDIT	000737	19	ui
2285	PRG	FLAGEDIT	FLAGEDIT	00074A	15	ui
2286	PRG	FLAGEDIT	FLAGEDIT	000759	27	ui
2287	PRG	FLAGEDIT	FLAGEDIT	000774	27	ui
2288	PRG	FLAGEDIT	FLAGEDIT	00078F	25	ui
2289	PRG	FLAGEDIT	FLAGEDIT	0007A8	25	ui
2290	PRG	FLAGEDIT	FLAGEDIT	0007C1	25	ui
2291	PRG	FLAGEDIT	FLAGEDIT	0007DA	25	ui
2292	PRG	FLAGEDIT	FLAGEDIT	0007F3	25	ui
2293	PRG	FLAGEDIT	FLAGEDIT	00080C	23	ui
2294	PRG	FLAGEDIT	FLAGEDIT	000823	35	ui
2295	MENUBK	MENUBK	MENUBK	00002A	13	ui
2296	MENUBK	MENUBK	MENUBK	000037	13	ui
2297	MENUBK	MENUBK	MENUBK	000044	13	ui
2298	PRG	BTL_T0	BTL_T0	053939	106	dialog
2299	PRG	FLD_B6	FLD_B6	00AB5B	37	dialog
2300	PRG	FLD_B6	FLD_B6	00B234	11	dialog
2301	PRG	FLD_C8	FLD_T0	01416E	31	dialog
2302	PRG	TWN_ZOAH	EVTZOAH	032F70	9	dialog
2303	MOVIE	EVT144	EVT144	004B67	17	movie
2304	PRG	FLD_B6	FLD_B6	00B245	11	dialog
2305	MENUBK	MENUBK	MENUBK	0017D2	149	ui
2306	MENUBK	MENUBK	MENUBK	003BF7	167	ui
2307	PRG	FLD_B5	FLD_B5	00908E	24	dialog
2308	PRG	FLD_B6	FLD_B6	00B256	11	dialog
2309	MOVIE	EVT000_2	EVT000_2	00057A	21	movie
2310	PRG	TWN_ZOAH	EVTZOAH	01A9E6	9	dialog
2311	PRG	TWN_ZOAH	EVTZOAH	03351A	15	dialog
2312	PRG	BTL_B2	BTL_B2	04FC98	23	dialog
2313	PRG	FLD_C8	FLD_T0	054852	27	dialog
2314	PRG	TWN_ZOAH	EVTZOAH	039F31	15	dialog
2315	PRG	TWN_ZOAH	EVTZOAH	033867	17	dialog
2316	MENUBK	MENUBK	MENUBK	000051	11	ui
2317	PRG	TWN_CARA	EVTCARA	017052	10	dialog
2318	PRG	TWN_ZOAH	EVTZOAH	02EFA3	33	dialog
2319	PRG	TWN_CAMP	EVTCAMP	00F287	12	dialog
2320	PRG	TWN_ZOAH	EVTZOAH	00EB15	14	dialog
2321	PRG	TWN_ZOAH	EVTZOAH	014D3B	8	dialog
2322	PRG	MENUEN	MENUEN	000469	3	ui
2323	PRG	TWN_CARA	EVTCARA	009D34	14	dialog
2324	PRG	TWN_CARA	EVTCARA	016A3D	4	dialog
2325	PRG	TWN_CARA	EVTCARA	0169FB	16	dialog
2326	PRG	FLD_B5	FLD_B5	00AFE1	14	dialog
2327	PRG	TWN_ZOAH	EVTZOAH	03DD74	18	dialog
2328	PRG	TWN_ZOAH	EVTZOAH	022FD5	4	dialog
2329	PRG	TWN_ZOAH	EVTZOAH	019514	4	dialog
2330	PRG	TWN_SEEK	EVTSEEK	015CDA	8	dialog
2331	PRG	TWN_SEEK	EVTSEEK	012373	8	dialog
2332	PRG	TWN_SEEK	EVTSEEK	00D5B7	6	dialog
2333	PRG	TWN_ZOAH	EVTZOAH	01D0BF	10	dialog
2334	PRG	TWN_ZOAH	EVTZOAH	03E38B	14	dialog
2335	PRG	TWN_ZOAH	EVTZOAH	01C6EF	4	dialog
2336	PRG	TWN_SEEK	EVTSEEK	00D8FA	12	dialog
2337	PRG	TWN_CAMP	EVTCAMP	00D3DF	12	dialog
2338	PRG	TWN_ZOAH	EVTZOAH	02F9FF	4	dialog
2339	PRG	TWN_CAMP	EVTCAMP	00D933	10	dialog
2340	PRG	TWN_ZOAH	EVTZOAH	02ACE3	6	dialog
2341	PRG	TWN_ZOAH	EVTZOAH	013DFE	12	dialog
2342	PRG	TWN_ZOAH	EVTZOAH	0193BD	8	dialog
2343	PRG	FLD_A5	FLD_A5	00D74A	16	dialog
2344	PRG	TWN_CAMP	EVTCAMP	00E56E	4	dialog
2345	PRG	TWN_CAMP	EVTCAMP	00CB81	6	dialog
2346	PRG	TWN_SEEK	EVTSEEK	0153C7	8	dialog
2347	PRG	TWN_ZOAH	EVTZOAH	013489	20	dialog
2348	PRG	TWN_CARA	EVTCARA	016DE4	6	dialog
2349	PRG	TWN_CAMP	EVTCAMP	00D7E3	10	dialog
2350	PRG	TWN_ZOAH	EVTZOAH	0229CE	4	dialog
2351	PRG	FLD_B6	FLD_B6	00AD8B	6	dialog
2352	PRG	TWN_ZOAH	EVTZOAH	0185A2	10	dialog
2353	PRG	FLD_C8	FLD_T0	014F36	8	dialog
2354	PRG	TWN_ZOAH	EVTZOAH	023DA5	10	dialog
2355	PRG	TWN_CARA	EVTCARA	00630C	4	dialog
2356	PRG	FLD_A3	FLD_A3	008E5C	4	dialog
2357	PRG	TWN_ZOAH	EVTZOAH	01E555	16	dialog
2358	PRG	FLD_D2	FLD_D2	007F9C	4	dialog
2359	PRG	FLD_D2	FLD_D2	007FA0	38	dialog
2360	PRG	FLD_D3	FLD_D3	005704	34	dialog
2361	PRG	FLD_A3	FLD_A3	008E60	26	dialog
2362	PRG	TWN_ZOAH	EVTZOAH	028C71	35	dialog
2363	PRG	TWN_SEEK	EVTSEEK	00977D	15	dialog
2364	PRG	WORLD	WORLDMAP	004A7D	14	ui
2365	PRG	WORLD	WORLDMAP	0049F6	27	ui
2366	PRG	WORLD	WORLDMAP	004A11	30	ui
2367	PRG	WORLD	WORLDMAP	004A2F	34	ui
2368	PRG	WORLD	WORLDMAP	004A51	44	ui
2369	PRG	TWN_SEEK	EVTSEEK	00E659	19	dialog
2370	PRG	TWN_ZOAH	EVTZOAH	034439	19	dialog
2371	PRG	FLAGEDIT	FLAGEDIT	00137B	6	ui
2372	PRG	FLAGEDIT	FLAGEDIT	001383	6	ui
2373	PRG	FLAGEDIT	FLAGEDIT	00138B	6	ui
2374	PRG	FLAGEDIT	FLAGEDIT	001373	6	ui
2375	PRG	MENUEN	MENUEN	003073	6	ui
2376	PRG	MENUEN	MENUEN	00307B	6	ui
2377	PRG	TWN_CARA	EVTCARA	00ECDE	14	dialog
2378	PRG	FLD_B6	FLD_B6	00B41C	11	dialog
2379	PRG	BTL_T0	BTL_T0	054C61	30	dialog
2380	PRG	BTL_T0	BTL_T0	054B55	16	dialog
2381	PRG	BTL_T0	BTL_T0	054B7F	24	dialog
2382	PRG	BTL_T0	BTL_T0	054BAF	24	dialog
2383	PRG	FLD_A5	FLD_A5	00F75B	27	dialog
2384	PRG	FLD_B5	FLD_B5	00927B	20	dialog
2385	PRG	FLD_B5	FLD_B5	0093C6	20	dialog
2386	PRG	FLD_B5	FLD_B5	009729	20	dialog
2387	PRG	FLD_A3	FLD_A3	0099D3	26	dialog
2388	PRG	FLD_A7	FLD_A7	00740E	24	dialog
2389	PRG	FLD_C8	FLD_T0	01386F	26	dialog
2390	PRG	FLD_C8	FLD_T0	01398A	26	dialog
2391	PRG	FLD_C8	FLD_T0	013D24	26	dialog
2392	PRG	FLD_C8	FLD_T0	014206	26	dialog
2393	PRG	FLD_C8	FLD_T0	01425E	26	dialog
2394	PRG	FLD_C8	FLD_T0	0142B6	26	dialog
2395	PRG	FLD_A3	FLD_A3	009898	30	dialog
2396	PRG	FLD_A3	FLD_A3	009601	28	dialog
2397	PRG	FLD_A3	FLD_A3	0097D4	30	dialog
2398	PRG	FLD_A3	FLD_A3	009D2B	26	dialog
2399	PRG	FLD_A7	FLD_A7	0073EA	36	dialog
2400	PRG	FLD_A3	FLD_A3	009E79	24	dialog
2401	PRG	FLD_A3	FLD_A3	009E1F	24	dialog
2402	PRG	BTL_T0	BTL_T0	054A4A	28	dialog
2403	PRG	FLD_A3	FLD_A3	0096BC	34	dialog
2404	PRG	FLD_A3	FLD_A3	009ED9	26	dialog
2405	PRG	FLD_A3	FLD_A3	009DA4	24	dialog
2406	PRG	BTL_T0	BTL_T0	0548C7	26	dialog
2407	PRG	TWN_SEEK	EVTSEEK	0125BC	14	dialog
2408	PRG	BTL_T0	BTL_T0	054514	14	dialog
2409	PRG	BTL_T0	BTL_T0	0542AA	22	dialog
2410	PRG	FLD_A7	FLD_A7	006F3F	10	dialog
2411	PRG	FLD_A7	FLD_A7	006EF0	10	dialog
2412	PRG	FLD_A7	FLD_A7	006FE2	10	dialog
2413	PRG	FLD_C2	FLD_C2	00ADDC	16	dialog
2414	PRG	FLD_A7	FLD_A7	006D5E	14	dialog
2415	PRG	FLD_A7	FLD_A7	006BEB	12	dialog
2416	PRG	BTL_T0	BTL_T0	054400	6	dialog
2417	PRG	FLD_A7	FLD_A7	006FA7	10	dialog
2418	PRG	TWN_SEEK	EVTSEEK	02C83E	101	dialog
2419	COMMON	COMMON	MENU	00D304	11	ui
2420	COMMON	COMMON	MENU	00D2F9	11	ui
2421	COMMON	COMMON	MENU	00D2E3	11	ui
2422	COMMON	COMMON	MENU	00D2CD	11	ui
2423	COMMON	COMMON	MENU	00D2EE	11	ui
2424	COMMON	COMMON	MENU	00D2D8	11	ui
2425	PRG	FLD_C8	FLD_T0	05F001	4	dialog
2426	COMMON	COMMON	MENU	00D30F	11	ui
2427	PRG	TWN_ZOAH	EVTZOAH	00B24F	8	dialog
2428	PRG	TWN_ZOAH	EVTZOAH	00B25F	8	dialog
2429	PRG	TWN_RUIN	EVTRUIN	0007EF	7	dialog
2430	PRG	TWN_EXCA	EVTEXCA	000C27	16	dialog
2431	PRG	TWN_EXCA	EVTEXCA	000C4F	9	dialog
2432	PRG	TWN_EXCA	EVTEXCA	000C5F	8	dialog
2433	PRG	TWN_EXCA	EVTEXCA	000C6F	8	dialog
2434	PRG	TWN_EXCA	EVTEXCA	0018AF	8	dialog
2435	PRG	TWN_RUIN	EVTRUIN	0007F7	17	dialog
2436	PRG	TWN_EXCA	EVTEXCA	000C3B	8	dialog
2437	PRG	TWN_EXCA	EVTEXCA	000C67	8	dialog
2438	PRG	TWN_EXCA	EVTEXCA	000C77	8	dialog
2439	PRG	TWN_CARA	EVTCARA	005CFB	19	dialog
2440	PRG	TWN_CARA	EVTCARA	01647B	20	dialog
2441	PRG	TWN_ZOAH	EVTZOAH	02937B	8	dialog
2442	PRG	TWN_ZOAH	EVTZOAH	01C93F	8	dialog
2443	PRG	TWN_CARA	EVTCARA	01285F	20	dialog
2444	PRG	TWN_ZOAH	EVTZOAH	01D027	12	dialog
2445	PRG	TWN_ZOAH	EVTZOAH	01D033	8	dialog
2446	PRG	TWN_SEEK	EVTSEEK	01215B	36	dialog
2447	PRG	TWN_SEEK	EVTSEEK	017DA7	18	dialog
2448	PRG	TWN_SEEK	EVTSEEK	00D357	24	dialog
2449	PRG	TWN_SEEK	EVTSEEK	0061A3	10	dialog
2450	PRG	TWN_ZOAH	EVTZOAH	01E627	8	dialog
2451	PRG	TWN_SEEK	EVTSEEK	00B7FB	19	dialog
2452	PRG	TWN_ZOAH	EVTZOAH	038F63	8	dialog
2453	PRG	FLD_A5	FLD_A5	032E5F	8	dialog
2454	PRG	FLD_A5	FLD_A5	032E4B	8	dialog
2455	PRG	FLD_A5	FLD_A5	032E57	8	dialog
2456	PRG	FLD_A5	FLD_A5	032E43	8	dialog
2457	PRG	FLD_A5	FLD_A5	032E6F	8	dialog
2458	PRG	TWN_ZOAH	EVTZOAH	033B1B	8	dialog
2459	PRG	TWN_ZOAH	EVTZOAH	00B247	8	dialog
2460	PRG	TWN_ZOAH	EVTZOAH	01D03B	24	dialog
2461	PRG	TWN_ZOAH	EVTZOAH	00B257	8	dialog
2462	PRG	TWN_SEEK	EVTSEEK	00EC37	8	dialog
2463	PRG	TWN_CARA	EVTCARA	012857	8	dialog
2464	PRG	TWN_CARA	EVTCARA	013D7B	8	dialog
2465	PRG	TWN_ZOAH	EVTZOAH	00B267	8	dialog
2466	PRG	TWN_ZOAH	EVTZOAH	00B273	8	dialog
2467	PRG	TWN_ZOAH	EVTZOAH	00FF4F	8	dialog
2468	PRG	TWN_CAMP	EVTCAMP	00E1FF	26	dialog
2469	PRG	FLD_C8	FLD_T0	006927	24	dialog
2470	PRG	FLD_C8	FLD_T0	006907	24	dialog
2471	PRG	FLD_C8	FLD_T0	0068E7	24	dialog
2472	PRG	FLD_C8	FLD_T0	0068C7	24	dialog
2473	PRG	FLD_C8	FLD_T0	0068A7	24	dialog
2474	PRG	MENUEN	MENUEN	0003F9	27	ui
2475	PRG	MENUEN	MENUEN	00045D	8	ui
2476	PRG	TWN_CARA	EVTCARA	0165EB	8	dialog
2477	PRG	TWN_CARA	EVTCARA	009655	22	dialog
2478	PRG	TWN_CARA	EVTCARA	017D70	4	dialog
2479	PRG	MENUEN	MENUEN	003083	6	ui
2480	PRG	TWN_ZOAH	EVTZOAH	023A37	6	dialog
2481	PRG	TWN_ZOAH	EVTZOAH	023178	16	dialog
2482	PRG	TWN_ZOAH	EVTZOAH	01D127	4	dialog
2483	PRG	FLD_B6	FLD_B6	00A955	6	dialog
2484	PRG	TWN_SEEK	EVTSEEK	015FD7	4	dialog
2485	PRG	TWN_ZOAH	EVTZOAH	02F1B1	8	dialog
2486	PRG	TWN_CARA	EVTCARA	006132	10	dialog
2487	PRG	TWN_ZOAH	EVTZOAH	032F2C	10	dialog
2488	PRG	TWN_CAMP	EVTCAMP	00CF54	16	dialog
2489	PRG	TWN_ZOAH	EVTZOAH	019300	4	dialog
2490	PRG	FLD_A5	FLD_A5	00D458	6	dialog
2491	PRG	TWN_ZOAH	EVTZOAH	018DEE	6	dialog
2492	PRG	TWN_ZOAH	EVTZOAH	03E51A	4	dialog
2493	PRG	TWN_ZOAH	EVTZOAH	0331F9	6	dialog
2494	PRG	TWN_ZOAH	EVTZOAH	013510	6	dialog
2495	PRG	TWN_ZOAH	EVTZOAH	019088	6	dialog
2496	PRG	TWN_ZOAH	EVTZOAH	019695	10	dialog
2497	PRG	TWN_ZOAH	EVTZOAH	01C2CE	24	dialog
2498	PRG	TWN_ZOAH	EVTZOAH	03769E	8	dialog
2499	PRG	MENUEN	MENUEN	003B37	6	ui
2500	PRG	TWN_ZOAH	EVTZOAH	02F45D	12	dialog
2501	PRG	TWN_ZOAH	EVTZOAH	02F20A	4	dialog
2502	PRG	TWN_CARA	EVTCARA	017384	6	dialog
2503	PRG	TWN_ZOAH	EVTZOAH	023606	6	dialog
2504	PRG	TWN_ZOAH	EVTZOAH	03459A	4	dialog
2505	PRG	TWN_ZOAH	EVTZOAH	00F12F	6	dialog
2506	PRG	FLD_C8	FLD_T0	012EA9	4	dialog
2507	PRG	TWN_CAMP	EVTCAMP	00DD4F	4	dialog
2508	PRG	TWN_CAMP	EVTCAMP	00CB47	12	dialog
2509	PRG	BTL_C5_2	BTL_C52	0510DF	5	dialog
2510	PRG	TWN_ZOAH	EVTZOAH	02B201	10	dialog
2511	PRG	TWN_CARA	EVTCARA	01721B	6	dialog
2512	PRG	TWN_SEEK	EVTSEEK	0152DD	6	dialog
2513	PRG	FLD_C8	FLD_T0	0144AC	14	dialog
2514	PRG	TWN_CARA	EVTCARA	00626C	8	dialog
2515	PRG	TWN_ZOAH	EVTZOAH	01C6C2	10	dialog
2516	PRG	TWN_CARA	EVTCARA	006451	10	dialog
2517	PRG	TWN_ZOAH	EVTZOAH	01C65E	4	dialog
2518	PRG	TWN_ZOAH	EVTZOAH	01C5D7	4	dialog
2519	PRG	TWN_CARA	EVTCARA	009D6A	8	dialog
2520	PRG	FLD_A3	FLD_A3	0092BB	10	dialog
2521	PRG	TWN_ZOAH	EVTZOAH	019464	8	dialog
2522	PRG	TWN_ZOAH	EVTZOAH	0305DA	8	dialog
2523	PRG	TWN_ZOAH	EVTZOAH	01C43D	8	dialog
2524	PRG	TWN_SEEK	EVTSEEK	0153FD	6	dialog
2525	PRG	TWN_SEEK	EVTSEEK	008B7E	10	dialog
2526	PRG	TWN_CAMP	EVTCAMP	00DCF1	10	dialog
2527	PRG	TWN_ZOAH	EVTZOAH	02AEC5	8	dialog
2528	PRG	FLD_C8	FLD_T0	012F02	10	dialog
2529	PRG	TWN_CARA	EVTCARA	017E10	14	dialog
2530	PRG	TWN_SEEK	EVTSEEK	00C415	4	dialog
2531	PRG	FLD_A5	FLD_A5	00D4AF	6	dialog
2532	PRG	FLD_C8	FLD_T0	013361	16	dialog
2533	PRG	TWN_CARA	EVTCARA	016818	6	dialog
2534	PRG	TWN_CAMP	EVTCAMP	02533B	26	dialog
2535	PRG	TWN_ZOAH	EVTZOAH	02B58E	4	dialog
2536	PRG	TWN_CARA	EVTCARA	016EC4	14	dialog
2537	PRG	TWN_CAMP	EVTCAMP	00F1B1	10	dialog
2538	PRG	FLD_A3	FLD_A3	009596	10	dialog
2539	COMMON	COMMON	MENU	00D277	27	ui
2540	COMMON	COMMON	MENU	00D224	25	ui
2541	PRG	WORLD	WORLDMAP	0055EF	16	ui
2542	COMMON	COMMON	MENU	00D2CA	3	ui
2543	COMMON	COMMON	ITEM	00AEC0	19	ui
2544	COMMON	COMMON	ITEM	00AED3	15	ui
2545	COMMON	COMMON	ITEM	00AFC6	15	ui
2546	COMMON	COMMON	ITEM	00AF32	13	ui
2547	COMMON	COMMON	ITEM	00AD13	21	ui
2548	COMMON	COMMON	ITEM	00AD28	21	ui
2549	COMMON	COMMON	ITEM	00AD3D	21	ui
2550	COMMON	COMMON	ITEM	00A7F1	19	ui
2551	COMMON	COMMON	ITEM	00BF0B	36	ui
2552	PRG	MENUEN	MENUEN	005AF7	13	ui
2553	COMMON	COMMON	MENU	00D25C	27	ui
2554	PRG	MENUEN	MENUEN	001E5B	3	ui
2555	PRG	MENUEN	MENUEN	00AF2B	150	ui
2556	PRG	MENUEN	MENUEN	001F99	23	ui
2557	PRG	WORLD	WORLDMAP	0055FF	9	ui
2558	PRG	MENUEN	MENUEN	001E5E	3	ui
2559	COMMON	COMMON	MENU	00D2B3	23	ui
2560	COMMON	COMMON	MENU	00D292	33	ui
2561	PRG	MENUEN	MENUEN	001F5A	21	ui
2562	COMMON	COMMON	ITEM	00AF65	19	ui
2563	COMMON	COMMON	ITEM	00AD52	27	ui
2564	COMMON	COMMON	ITEM	00AF25	13	ui
2565	COMMON	COMMON	ITEM	00ACE7	23	ui
2566	COMMON	COMMON	ITEM	00A7DC	21	ui
2567	COMMON	COMMON	ITEM	00ACD2	21	ui
2568	COMMON	COMMON	ITEM	00BE77	36	ui
2569	COMMON	COMMON	ITEM	00BE9C	36	ui
2570	COMMON	COMMON	ITEM	00ACFE	21	ui
2571	COMMON	COMMON	ITEM	00BEC1	36	ui
2572	COMMON	COMMON	ITEM	00BF9F	36	ui
2573	PRG	MENUEN	MENUEN	001E58	3	ui
2574	PRG	MENUEN	MENUEN	001E55	3	ui
2575	PRG	MENUEN	MENUEN	001F6F	21	ui
2576	PRG	1ST_READ	SAVE	03D337	17	dialog
2577	PRG	1ST_READ	SAVE	03D328	15	dialog
2578	COMMON	COMMON	MENU	00D23D	31	ui
2579	PRG	MENUEN	MENUEN	001F43	23	ui
2580	PRG	MENUEN	MENUEN	001F84	21	ui
2581	PRG	FLD_A3	FLD_A3	009DD1	78	dialog
2582	PRG	FLD_A3	FLD_A3	009E4E	43	dialog
2583	PRG	FLD_A3	FLD_A3	009EA8	49	dialog
2584	PRG	MENUEN	MENUEN	000470	28	ui
2585	PRG	FLD_A3	FLD_A3	0098B6	27	dialog
2586	PRG	FLD_A3	FLD_A3	00961D	25	dialog
2587	PRG	FLD_A3	FLD_A3	009A08	27	dialog
2588	PRG	FLD_A3	FLD_A3	009D45	21	dialog
2589	PRG	FLD_A3	FLD_A3	0096DE	31	dialog
2590	PRG	FLD_A3	FLD_A3	009EF3	21	dialog
2591	PRG	FLD_A3	FLD_A3	0097F2	29	dialog
2592	PRG	FLD_A3	FLD_A3	009E37	23	dialog
2593	PRG	FLD_A3	FLD_A3	009E91	23	dialog
2594	PRG	FLD_A3	FLD_A3	009DBC	21	dialog
2595	PRG	FLD_A3	FLD_A3	0099ED	27	dialog
2596	PRG	BTL_C5	BTL_C5	053440	17	dialog
2597	PRG	TWN_E057	EVEEXPL	00AEC8	20	draft
2598	PRG	BTL_B5	BTL_B5	0533E8	5	dialog
2599	PRG	MOVIE		000EA0	5	dialog
2600	PRG	MOVIE		001184	5	dialog
2601	PRG	BTL_C5	BTL_C5	0525BC	5	dialog
2602	PRG	MENUEN	MENUEN	0028B0	23	ui
2603	PRG	MENUEN	MENUEN	002B84	5	ui
2604	PRG	MENUEN	MENUEN	002E40	29	ui
2605	PRG	MENUEN	MENUEN	002F28	5	ui
2606	PRG	MENUEN	MENUEN	00306C	5	ui
2607	PRG	BTL_C8_2	BTL_C82	0508B8	5	dialog
2608	PRG	BTL_A5_3	BTL_A53	050010	9	dialog
2609	PRG	BTL_C8_2	BTL_C82	0508C0	5	dialog
2610	PRG	BTL_C8_2	BTL_C82	0508C8	17	dialog
2611	PRG	MENUEN	MENUEN	00366C	5	ui
2612	PRG	MENUEN	MENUEN	003B68	28	ui
2613	PRG	MENUEN	MENUEN	003B30	5	ui
2614	PRG	BTL_C5_2	BTL_C52	0510E8	17	dialog
2615	PRG	TWN_RUIN	EVEEXPL	00B0F8	83	dialog
2616	PRG	TWN_E057	EVEEXPL	00AEC0	6	draft
2617	PRG	MENUEN	MENUEN	004250	27	ui
2618	PRG	FLD_D3	FLD_D3	026E8C	15	dialog
2619	PRG	TWN_CARA	EVTCARA	0320B0	21	dialog
2620	PRG	TWN_SEEK	EVTSEEK	02D480	63	dialog
2621	PRG	BTL_C2	BTL_C2	0601B4	20	dialog
2622	PRG	BTL_B6_2	BTL_B62	0581B4	20	dialog
2623	PRG	FLD_C8	FLD_T0	054898	37	dialog
2624	PRG	BTL_B5	BTL_B5	06058C	9	dialog
2625	PRG	BTL_A7_2	BTL_A72	059E08	9	dialog
2626	PRG	BTL_A7	BTL_A7	05F0D0	9	dialog
2627	PRG	FLD_C8	FLD_T0	054870	37	dialog
2628	PRG	BTL_C5	BTL_C5	052580	57	dialog
2629	PRG	BTL_C2_2	BTL_C22	060F20	9	dialog
2630	PRG	BTL_B5	BTL_B5	0533B0	53	dialog
2631	PRG	FLD_C8	FLD_T0	0548C0	37	dialog
2632	PRG	TWN_ZOAH	EVTZOAH	061C74	63	dialog
2633	PRG	FLD_A3	FLD_A3	00980F	51	dialog
2634	PRG	TWN_SEEK	EVTSEEK	02C8A4	13	dialog
2635	PRG	TWN_E120	EVEEXPL	00D880	63	draft
2636	PRG	FLD_C4	FLD_C4	048290	13	dialog
2637	PRG	TWN_E057	EVEEXPL	00E538	24	draft
2638	PRG	TWN_E057	EVEEXPL	00E550	12	draft
2639	PRG	TWN_E057	EVEEXPL	00E55C	27	draft
2640	PRG	TWN_E021	EVEEXPL	00EE90	63	draft
2641	PRG	TWN_E059	EVEEXPL	01018C	63	draft
2642	PRG	MENUEN	MENUEN	00046C	4	ui
2643	PRG	BTL_T0	BTL_T0	054406	101	dialog
2644	PRG	BTL_T0	BTL_T0	054522	62	dialog
2645	PRG	BTL_T0	BTL_T0	0542C0	95	dialog
2646	PRG	BTL_T0	BTL_T0	0548E1	103	dialog
2647	PRG	FLD_A3	FLD_A3	0098D1	62	dialog
2648	PRG	FLD_A3	FLD_A3	0096FD	84	dialog
2649	PRG	FLD_A3	FLD_A3	009636	92	dialog
2650	PRG	FLD_A3	FLD_A3	009F08	45	dialog
2651	PRG	FLD_A3	FLD_A3	009D5A	74	dialog
2652	PRG	1ST_READ	SAVE	03D69E	3	dialog
2653	PRG	FLD_B6	FLD_B6	00ACB5	16	dialog
2654	MOVIE	EVT155_5	EVT155_5	005267	25	movie
2655	PRG	FLD_B5	FLD_B5	00AEAB	41	slot
2656	PRG	FLD_B5	FLD_B5	00AE82	41	slot
2657	PRG	FLD_B5	FLD_B5	00AE59	41	slot
2658	PRG	FLD_B5	FLD_B5	00AE30	41	slot
2659	PRG	FLD_B5	FLD_B5	00AE07	41	slot
2660	PRG	FLD_B5	FLD_B5	00ADDE	41	slot
2661	PRG	FLD_B5	FLD_B5	00ADB5	41	slot
2662	PRG	FLD_B5	FLD_B5	00AD8C	41	slot
2663	PRG	FLD_B5	FLD_B5	00AD63	41	slot
2664	PRG	FLD_B5	FLD_B5	00AD3A	41	slot
2665	PRG	FLD_B5	FLD_B5	00AD11	41	slot
2666	PRG	FLD_B5	FLD_B5	00ACE8	41	slot
2667	PRG	FLD_B5	FLD_B5	00ACBF	41	slot
2668	PRG	FLD_B5	FLD_B5	00AC96	41	slot
2669	PRG	FLD_B5	FLD_B5	00AC6D	41	slot
2670	PRG	FLD_B5	FLD_B5	00AC44	41	slot
2671	PRG	FLD_C8	FLD_T0	014564	13	dialog
2672	PRG	FLD_B5	FLD_B5	00AC1B	41	slot
2673	PRG	FLD_A3	FLD_A3	009363	37	dialog
2674	PRG	FLD_B5	FLD_B5	00A6A6	39	slot
2675	PRG	FLD_B5	FLD_B5	009DD8	39	slot
2676	PRG	TWN_CARA	EVTCARA	006903	7	dialog
2677	PRG	TWN_SEEK	EVTSEEK	00D77D	9	dialog
2678	PRG	TWN_SEEK	EVTSEEK	00B9BC	15	dialog
2679	MOVIE	EVT029	EVT029	0017A0	15	movie
2680	PRG	TWN_SEEK	EVTSEEK	01224B	13	dialog
2681	MOVIE	EVT135	EVT135	004585	17	movie
2682	PRG	TWN_CAMP	EVTCAMP	00E4F5	23	dialog
2683	PRG	TWN_CAMP	EVTCAMP	00E165	31	dialog
2684	PRG	TWN_SEEK	EVTSEEK	009AE6	31	dialog
2685	PRG	FLD_B6	FLD_B6	009E42	39	dialog
2686	PRG	TWN_ZOAH	EVTZOAH	02287D	29	dialog
2687	MOVIE	EVT122_4	EVT122_4	003647	23	movie
2688	PRG	TWN_CARA	EVTCARA	0132FE	9	dialog
2689	MOVIE	EVT068_2	EVT068_2	002885	11	movie
2690	PRG	TWN_ZOAH	EVTZOAH	02AF16	33	dialog
2691	PRG	TWN_ZOAH	EVTZOAH	03E98A	39	dialog
2692	PRG	FLD_B6	FLD_B6	00AE93	39	dialog
2693	MOVIE	EVT029	EVT029	00173B	23	movie
2694	MOVIE	EVT122_2	EVT122_2	002F9E	21	movie
2695	PRG	FLD_B6	FLD_B6	00A986	19	dialog
2696	PRG	TWN_CARA	EVTCARA	00CE50	33	dialog
2697	MOVIE	EVT041	EVT041	0019AC	33	movie
2698	PRG	FLD_C8	FLD_T0	013E7D	33	dialog
2699	MOVIE	EVT008	EVT008	000FCB	11	movie
2700	MOVIE	EVT089	EVT089	002CAA	23	movie
2701	PRG	FLD_B6	FLD_B6	009DA3	33	dialog
2702	PRG	FLD_B6	FLD_B6	00A881	25	dialog
2703	PRG	TWN_SEEK	EVTSEEK	015C91	29	dialog
2704	PRG	TWN_ZOAH	EVTZOAH	02F8DB	33	dialog
2705	MOVIE	EVT122_3	EVT122_3	003060	29	movie
2706	MOVIE	EVT072	EVT072	002A7C	37	movie
2707	PRG	FLD_C8	FLD_T0	0130DD	17	dialog
2708	PRG	BTL_A3_2	BTL_A32	054F42	27	dialog
2709	PRG	BTL_X0	BTL_X0	05E21D	17	dialog
2710	PRG	TWN_ZOAH	EVTZOAH	03B646	15	dialog
2711	PRG	TWN_ZOAH	EVTZOAH	01D307	11	dialog
2712	PRG	TWN_CARA	EVTCARA	006149	23	dialog
2713	PRG	FLD_B6	FLD_B6	009EDD	15	dialog
2714	PRG	FLD_C8	FLD_T0	014637	11	dialog
2715	PRG	FLD_C8	FLD_T0	013AED	15	dialog
2716	PRG	FLD_B6	FLD_B6	00A9F8	13	dialog
2717	PRG	TWN_ZOAH	EVTZOAH	0184FB	31	dialog
2718	MOVIE	EVT068_1	EVT068_1	002450	17	movie
2719	MOVIE	EVT144	EVT144	004D52	39	movie
2720	PRG	TWN_ZOAH	EVTZOAH	023B8B	21	dialog
2721	MOVIE	EVT160_2	EVT160_2	0055A9	19	movie
2722	MOVIE	EVT160_1	EVT160_1	005315	31	movie
2723	PRG	TWN_ZOAH	EVTZOAH	03050E	25	dialog
2724	PRG	TWN_ZOAH	EVTZOAH	01C81A	37	dialog
2725	PRG	FLD_B6	FLD_B6	00A184	35	dialog
2726	PRG	FLD_C8	FLD_T0	0131D9	21	dialog
2727	PRG	TWN_ZOAH	EVTZOAH	00D8C5	33	dialog
2728	PRG	TWN_ZOAH	EVTZOAH	023CE4	31	dialog
2729	MOVIE	EVT144	EVT144	004C82	29	movie
2730	MOVIE	EVT122_2	EVT122_2	002FC8	17	movie
2731	PRG	TWN_ZOAH	EVTZOAH	018818	31	dialog
2732	MOVIE	EVT072	EVT072	002AA8	15	movie
2733	PRG	FLD_B6	FLD_B6	00A89A	37	dialog
2734	PRG	TWN_ZOAH	EVTZOAH	03B4CC	35	dialog
2735	PRG	BTL_A7_2	BTL_A72	050F5B	25	dialog
2736	PRG	FLD_A5	FLD_A5	00D524	29	dialog
2737	PRG	TWN_ZOAH	EVTZOAH	032EDD	33	dialog
2738	PRG	TWN_SEEK	EVTSEEK	00BDCA	15	dialog
2739	MOVIE	EVT068_2	EVT068_2	002628	19	movie
2740	PRG	TWN_ZOAH	EVTZOAH	02FC8C	33	dialog
2741	PRG	TWN_ZOAH	EVTZOAH	0190EB	13	dialog
2742	PRG	FLD_C8	FLD_T0	013F42	17	dialog
2743	MOVIE	EVT016_2	EVT016_2	00117C	11	movie
2744	PRG	BTL_A5_2	BTL_A52	05AAE6	11	dialog
2745	PRG	TWN_ZOAH	EVTZOAH	0191FE	19	dialog
2746	MOVIE	EVT135	EVT135	004729	29	movie
2747	PRG	TWN_SEEK	EVTSEEK	0186FE	19	dialog
2748	PRG	TWN_ZOAH	EVTZOAH	0134F1	31	dialog
2749	MOVIE	EVT161_1	EVT161_1	005610	17	movie
2750	MOVIE	EVT135	EVT135	0046A8	19	movie
2751	PRG	TWN_SEEK	EVTSEEK	015E80	35	dialog
2752	PRG	TWN_CARA	EVTCARA	01323C	33	dialog
2753	PRG	TWN_CAMP	EVTCAMP	00E2CA	19	dialog
2754	PRG	TWN_CARA	EVTCARA	00F725	25	dialog
2755	PRG	FLD_B6	FLD_B6	00AFD8	33	dialog
2756	MOVIE	EVT152	EVT152	00500F	29	movie
2757	MOVIE	EVT122_4	EVT122_4	0034F0	39	movie
2758	PRG	FLD_C8	FLD_T0	013DD7	29	dialog
2759	MOVIE	EVT161_1	EVT161_1	005698	11	movie
2760	MOVIE	EVT134_2	EVT134_2	003E62	27	movie
2761	MOVIE	EVT008	EVT008	000FD6	17	movie
2762	MOVIE	EVT068_2	EVT068_2	0026D4	11	movie
2763	PRG	FLD_B5	FLD_B5	009DFF	39	slot
2764	PRG	FLD_B5	FLD_B5	009E26	39	slot
2765	PRG	FLD_B5	FLD_B5	009E4D	39	slot
2766	PRG	FLD_B5	FLD_B5	009E74	39	slot
2767	PRG	FLD_B5	FLD_B5	009E9B	39	slot
2768	PRG	FLD_B5	FLD_B5	009EC2	39	slot
2769	PRG	FLD_B5	FLD_B5	009EE9	39	slot
2770	PRG	FLD_B5	FLD_B5	009F10	39	slot
2771	PRG	FLD_B5	FLD_B5	009F37	39	slot
2772	PRG	FLD_B5	FLD_B5	009F5E	39	slot
2773	PRG	FLD_B5	FLD_B5	009F85	39	slot
2774	PRG	FLD_B5	FLD_B5	009FAC	39	slot
2775	PRG	FLD_B5	FLD_B5	009FD3	39	slot
2776	PRG	FLD_B5	FLD_B5	009FFA	39	slot
2777	PRG	FLD_B5	FLD_B5	00A048	39	slot
2778	PRG	FLD_B5	FLD_B5	00A021	39	slot
2779	PRG	TWN_ZOAH	EVTZOAH	00E7C2	37	dialog
2780	MOVIE	EVT137	EVT137	004898	39	movie
2781	PRG	FLD_B5	FLD_B5	00A912	41	slot
2782	PRG	FLD_B5	FLD_B5	00A93B	41	slot
2783	PRG	FLD_B5	FLD_B5	00A964	41	slot
2784	PRG	FLD_B5	FLD_B5	00A98D	41	slot
2785	PRG	FLD_B5	FLD_B5	00A9B6	41	slot
2786	PRG	FLD_B5	FLD_B5	00A9DF	41	slot
2787	PRG	FLD_B5	FLD_B5	00AA08	41	slot
2788	PRG	FLD_B5	FLD_B5	00AA31	41	slot
2789	PRG	FLD_B5	FLD_B5	00AA5A	41	slot
2790	PRG	FLD_B5	FLD_B5	00AA83	41	slot
2791	PRG	FLD_B5	FLD_B5	00AAAC	41	slot
2792	PRG	FLD_B5	FLD_B5	00AAD5	41	slot
2793	PRG	FLD_B5	FLD_B5	00AAFE	41	slot
2794	PRG	FLD_B5	FLD_B5	00AB27	41	slot
2795	PRG	FLD_B5	FLD_B5	00AB50	41	slot
2796	PRG	FLD_B5	FLD_B5	00ABA2	41	slot
2797	PRG	FLD_B5	FLD_B5	00AB79	41	slot
2798	PRG	FLD_C8	FLD_T0	0140F4	25	dialog
2799	PRG	FLD_C8	FLD_T0	013E45	39	dialog
2800	PRG	FLD_C8	FLD_T0	014571	37	dialog
2801	PRG	TWN_CARA	EVTCARA	016F26	25	dialog
2802	PRG	TWN_CARA	EVTCARA	016EDF	25	dialog
2803	PRG	TWN_ZOAH	EVTZOAH	014D96	25	dialog
2804	PRG	FLD_A5	FLD_A5	00D603	15	dialog
2805	MOVIE	EVT016_2	EVT016_2	0011B3	27	movie
2806	PRG	TWN_SEEK	EVTSEEK	00C1F3	25	dialog
2807	PRG	FLD_A7	FLD_A7	006C12	21	dialog
2808	PRG	TWN_ZOAH	EVTZOAH	019436	21	dialog
2809	PRG	TWN_CAMP	EVTCAMP	00F278	15	dialog
2810	MOVIE	EVT068_1	EVT068_1	00257C	9	movie
2811	MOVIE	EVT002	EVT002	000D7D	17	movie
2812	PRG	FLD_B6	FLD_B6	00A8CB	29	dialog
2813	MOVIE	EVT122_3	EVT122_3	00321B	25	movie
2814	MOVIE	EVT135	EVT135	004519	9	movie
2815	PRG	TWN_CAMP	EVTCAMP	00E0E5	31	dialog
2816	MOVIE	EVT160_1	EVT160_1	00549C	27	movie
2817	MOVIE	EVT117	EVT117	002E64	11	movie
2818	PRG	FLD_C8	FLD_T0	012BA5	31	dialog
2819	PRG	TWN_CARA	EVTCARA	01353D	27	dialog
2820	MOVIE	EVT016_3	EVT016_3	0015B2	31	movie
2821	PRG	TWN_CARA	EVTCARA	006708	31	dialog
2822	PRG	TWN_ZOAH	EVTZOAH	0191CA	39	dialog
2823	PRG	TWN_CAMP	EVTCAMP	00E37E	9	dialog
2824	PRG	TWN_CAMP	EVTCAMP	00EDE4	17	dialog
2825	PRG	FLD_A5	FLD_A5	00D3D7	10	dialog
2826	PRG	TWN_ZOAH	EVTZOAH	0305E2	27	dialog
2827	MOVIE	EVT122_4	EVT122_4	003452	37	movie
2828	PRG	FLD_B6	FLD_B6	00A8F4	27	dialog
2829	PRG	BTL_A7_2	BTL_A72	050F2D	21	dialog
2830	PRG	FLD_B6	FLD_B6	00AE30	39	dialog
2831	PRG	TWN_CARA	EVTCARA	00F0D3	23	dialog
2832	MOVIE	EVT002	EVT002	000D6C	17	movie
2833	PRG	TWN_SEEK	EVTSEEK	01697F	27	dialog
2834	PRG	TWN_CAMP	EVTCAMP	00EF74	19	dialog
2835	MOVIE	EVT068_1	EVT068_1	0024F0	27	movie
2836	PRG	FLD_A7	FLD_A7	006C76	11	dialog
2837	PRG	TWN_ZOAH	EVTZOAH	03B1BF	39	dialog
2838	PRG	TWN_CAMP	EVTCAMP	00E524	39	dialog
2839	PRG	TWN_ZOAH	EVTZOAH	02FDAB	29	dialog
2840	PRG	FLD_B5	FLD_B5	00A0BF	41	slot
2841	PRG	FLD_B5	FLD_B5	00A0E8	41	slot
2842	PRG	FLD_B5	FLD_B5	00A111	41	slot
2843	PRG	FLD_B5	FLD_B5	00A13A	41	slot
2844	PRG	FLD_B5	FLD_B5	00A163	41	slot
2845	PRG	FLD_B5	FLD_B5	00A18C	41	slot
2846	PRG	FLD_B5	FLD_B5	00A1B5	41	slot
2847	PRG	FLD_B5	FLD_B5	00A1DE	41	slot
2848	PRG	FLD_B5	FLD_B5	00A207	41	slot
2849	PRG	FLD_B5	FLD_B5	00A230	41	slot
2850	PRG	FLD_B5	FLD_B5	00A259	41	slot
2851	PRG	FLD_B5	FLD_B5	00A282	41	slot
2852	PRG	FLD_B5	FLD_B5	00A2AB	41	slot
2853	PRG	FLD_B5	FLD_B5	00A2D4	41	slot
2854	PRG	FLD_B5	FLD_B5	00A2FD	41	slot
2855	PRG	FLD_B5	FLD_B5	00A34F	41	slot
2856	PRG	FLD_B5	FLD_B5	00A326	41	slot
2857	MOVIE	EVT137	EVT137	0048BF	39	movie
2858	PRG	TWN_CAMP	EVTCAMP	00ECF6	15	dialog
2859	PRG	TWN_ZOAH	EVTZOAH	03011D	13	dialog
2860	PRG	FLD_B6	FLD_B6	00A014	11	dialog
2861	MOVIE	EVT161_2	EVT161_2	0056F4	13	movie
2862	PRG	FLD_A3	FLD_A3	0092E7	31	dialog
2863	PRG	FLD_B5	FLD_B5	00A6CD	39	slot
2864	PRG	FLD_B5	FLD_B5	00A3C8	41	slot
2865	PRG	FLD_B5	FLD_B5	00A6F4	39	slot
2866	PRG	FLD_B5	FLD_B5	00A3F1	41	slot
2867	PRG	FLD_B5	FLD_B5	00A71B	39	slot
2868	PRG	FLD_B5	FLD_B5	00A41A	41	slot
2869	PRG	FLD_B5	FLD_B5	00A742	39	slot
2870	PRG	FLD_B5	FLD_B5	00A443	41	slot
2871	PRG	FLD_B5	FLD_B5	00A769	39	slot
2872	PRG	FLD_B5	FLD_B5	00A46C	41	slot
2873	PRG	FLD_B5	FLD_B5	00A790	39	slot
2874	PRG	FLD_B5	FLD_B5	00A495	41	slot
2875	PRG	FLD_B5	FLD_B5	00A7B7	39	slot
2876	PRG	FLD_B5	FLD_B5	00A4BE	41	slot
2877	PRG	FLD_B5	FLD_B5	00A4E7	41	slot
2878	PRG	FLD_B5	FLD_B5	00A510	41	slot
2879	PRG	FLD_B5	FLD_B5	00A539	41	slot
2880	PRG	FLD_B5	FLD_B5	00A562	41	slot
2881	PRG	FLD_B5	FLD_B5	00A58B	41	slot
2882	PRG	FLD_B5	FLD_B5	00A5B4	41	slot
2883	PRG	FLD_B5	FLD_B5	00A5DD	41	slot
2884	PRG	FLD_B5	FLD_B5	00A606	41	slot
2885	PRG	FLD_B5	FLD_B5	00A658	41	slot
2886	PRG	FLD_B5	FLD_B5	00A62F	41	slot
2887	PRG	FLD_B5	FLD_B5	00A7DE	39	slot
2888	PRG	FLD_B5	FLD_B5	00A805	39	slot
2889	PRG	FLD_B5	FLD_B5	00A82C	39	slot
2890	PRG	FLD_B5	FLD_B5	00A853	39	slot
2891	PRG	FLD_B5	FLD_B5	00A8A1	39	slot
2892	PRG	FLD_B5	FLD_B5	00A87A	39	slot
2893	PRG	FLD_C8	FLD_T0	014508	7	dialog
2894	PRG	FLD_B6	FLD_B6	00AEC6	19	dialog
2895	PRG	1ST_READ	SAVE	03D6EE	21	dialog
2896	MENUBK	MENUBK	MENUBK	002239	23	ui
2897	MENUBK	MENUBK	MENUBK	0051A3	19	ui
2898	PRG	FLD_B5	FLD_B5	00A67F	39	slot
2899	PRG	FLD_B5	FLD_B5	009DB1	39	slot
2900	PRG	TITLE		00048B	10	ui
2901	PRG	FLD_A7	FLD_A7	00818F	78	dialog
2902	PRG	FLD_A7	FLD_A7	007D7B	80	dialog
2903	PRG	FLD_A7	FLD_A7	007F99	70	dialog
2904	PRG	FLD_A7	FLD_A7	007A11	56	dialog
2905	PRG	FLD_A7	FLD_A7	007B8A	84	dialog
2906	PRG	FLD_C4	FLD_C4	04890D	4	dialog
2907	PRG	FLD_C4	FLD_C4	048A21	4	dialog
2908	PRG	FLD_A5	FLD_A5	0374E5	4	dialog
2909	PRG	TWN_SEEK	EVTSEEK	017EA1	25	dialog
2910	PRG	TWN_SEEK	EVTSEEK	008BB1	27	dialog
2911	PRG	TWN_SEEK	EVTSEEK	0171FA	35	dialog
2912	MOVIE	EVT134_2	EVT134_2	003ED0	15	movie
2913	MENUBK	MENUBK	MENUBK	003940	187	ui
2914	MENUBK	MENUBK	MENUBK	003F1A	173	ui
2915	MENUBK	MENUBK	MENUBK	006EE7	173	ui
2916	PRG	TWN_ZOAH	EVTZOAH	030827	37	dialog
2917	PRG	TWN_SEEK	EVTSEEK	015F8D	39	dialog
2918	PRG	TWN_ZOAH	EVTZOAH	01AAF5	37	dialog
2919	PRG	TWN_ZOAH	EVTZOAH	023826	39	dialog
2920	PRG	TWN_ZOAH	EVTZOAH	02F76E	27	dialog
2921	PRG	TWN_CARA	EVTCARA	009B53	37	dialog
2922	PRG	TWN_CARA	EVTCARA	00A2A3	35	dialog
2923	PRG	TWN_CAMP	EVTCAMP	00E70E	4	dialog
2924	PRG	BTL_T0	BTL_T0	055473	26	dialog
2925	PRG	BTL_T0	BTL_T0	054E76	16	dialog
2926	PRG	FLD_B6	FLD_B6	00A577	39	dialog
2927	PRG	FLD_B6	FLD_B6	00A5BF	18	dialog
2928	PRG	FLD_B6	FLD_B6	00A662	24	dialog
2929	PRG	FLD_B6	FLD_B6	00A487	24	dialog
2930	PRG	FLD_B6	FLD_B6	00A601	31	dialog
2931	PRG	FLD_B6	FLD_B6	00A72D	27	dialog
2932	PRG	FLD_B6	FLD_B6	00A6E0	29	dialog
2933	PRG	FLD_B6	FLD_B6	00A52C	21	dialog
2934	PRG	FLD_B6	FLD_B6	00A59E	26	dialog
2935	PRG	FLD_B6	FLD_B6	00A75B	39	dialog
2936	PRG	FLD_B6	FLD_B6	00A71A	19	dialog
2937	PRG	FLD_B6	FLD_B6	00A643	31	dialog
2938	PRG	FLD_B6	FLD_B6	00A6FD	29	dialog
2939	PRG	FLD_B6	FLD_B6	00A6A0	35	dialog
2940	PRG	FLD_B6	FLD_B6	00A541	33	dialog
2941	PRG	FLD_B6	FLD_B6	00A4CF	33	dialog
2942	PRG	FLD_B6	FLD_B6	00A562	21	dialog
2943	PRG	FLD_B6	FLD_B6	00A5E4	29	dialog
2944	PRG	FLD_B6	FLD_B6	00A6C3	29	dialog
2945	PRG	FLD_B6	FLD_B6	00A620	35	dialog
2946	PRG	FLD_B6	FLD_B6	00A4AC	35	dialog
2947	PRG	FLD_B6	FLD_B6	00A68B	21	dialog
2948	PRG	FLD_B6	FLD_B6	00A505	39	dialog
2949	PRG	FLD_B6	FLD_B6	00A4F0	21	dialog
2950	PRG	FLD_B6	FLD_B6	00A748	19	dialog
2951	PRG	FLD_B6	FLD_B6	00A3D2	31	dialog
2952	PRG	FLD_B6	FLD_B6	00A418	33	dialog
2953	PRG	BTL_D5	BTL_D5	05ACF0	29	dialog
2954	PRG	FLD_B6	FLD_B6	00A3AF	35	dialog
2955	PRG	FLD_B6	FLD_B6	00A31B	37	dialog
2956	PRG	FLD_B6	FLD_B6	00A340	39	dialog
2957	PRG	FLD_B6	FLD_B6	00A2AA	39	dialog
2958	PRG	FLD_B6	FLD_B6	00A2D1	39	dialog
2959	PRG	FLD_B6	FLD_B6	00A367	35	dialog
2960	PRG	FLD_B6	FLD_B6	00A38A	37	dialog
2961	PRG	FLD_B6	FLD_B6	00A2F8	35	dialog
2962	PRG	TWN_ZOAH	EVTZOAH	0231BD	11	dialog
2963	COMMON	COMMON	ITEM	00B48E	56	ui
2964	MOVIE	EVT000_5	EVT000_5	000C0C	31	movie
2965	COMMON	COMMON	ITEM	00B7E8	42	ui
2966	PRG	MENUEN	MENUEN	00718F	124	ui
2967	PRG	MENUEN	MENUEN	006943	174	ui
2968	PRG	MENUEN	MENUEN	006F1F	159	ui
2969	PRG	MENUEN	MENUEN	007063	134	ui
2970	MOVIE	EVT068_2	EVT068_2	0026F6	29	movie
2971	COMMON	COMMON	ITEM	00BAFF	38	ui
2972	MENUBK	MENUBK	MENUBK	00222D	11	ui
2973	PRG	TWN_ZOAH	EVTZOAH	02F28C	25	dialog
2974	PRG	TWN_ZOAH	EVTZOAH	023188	39	dialog
2975	MENUBK	MENUBK	MENUBK	005320	25	ui
2976	MENUBK	MENUBK	MENUBK	00530B	21	ui
2977	PRG	FLD_B6	FLD_B6	00A3F1	39	dialog
2978	PRG	FLD_B6	FLD_B6	00A439	39	dialog
2979	PRG	FLD_B6	FLD_B6	00A460	39	dialog
2980	MOVIE	EVT016_3	EVT016_3	00155D	37	movie
2981	MOVIE	EVT134_3	EVT134_3	00422B	21	movie
2982	PRG	BTL_D5	BTL_D5	05ADF3	19	dialog
2983	MOVIE	EVT160_1	EVT160_1	00540A	19	movie
2984	MOVIE	EVT160_1	EVT160_1	0053F9	17	movie
2985	MOVIE	EVT160_1	EVT160_1	0054BB	5	movie
2986	PRG	TITLE		00044D	62	ui
2987	PRG	TWN_CAMP	EVTCAMP	00F3E6	5	dialog
2988	PRG	TWN_ZOAH	EVTZOAH	03B0F6	39	dialog
2989	PRG	TWN_CARA	EVTCARA	00F0A0	17	dialog
2990	PRG	FLD_B6	FLD_B6	00A823	35	dialog
2991	PRG	TWN_CAMP	EVTCAMP	00C6FD	15	dialog
2992	PRG	TWN_ZOAH	EVTZOAH	013533	13	dialog
2993	PRG	TWN_ZOAH	EVTZOAH	01368D	33	dialog
2994	PRG	TWN_ZOAH	EVTZOAH	030174	37	dialog
2995	PRG	TWN_CARA	EVTCARA	0097F0	25	dialog
2996	PRG	TWN_CAMP	EVTCAMP	00E7C2	37	dialog
2997	PRG	TWN_CAMP	EVTCAMP	00E3FF	13	dialog
2998	PRG	TWN_CAMP	EVTCAMP	00E5E1	13	dialog
2999	PRG	TWN_CARA	EVTCARA	00C9B7	29	dialog
3000	PRG	TWN_ZOAH	EVTZOAH	01E497	25	dialog
3001	PRG	FLD_A5	FLD_A5	00D439	31	dialog
3002	PRG	TWN_CARA	EVTCARA	00A546	15	dialog
3003	PRG	TWN_ZOAH	EVTZOAH	033703	17	dialog
3004	PRG	TWN_ZOAH	EVTZOAH	013478	17	dialog
3005	PRG	TWN_CAMP	EVTCAMP	00CF9F	29	dialog
3006	PRG	TWN_ZOAH	EVTZOAH	01AAA2	21	dialog
3007	PRG	TWN_ZOAH	EVTZOAH	039C99	17	dialog
3008	PRG	TWN_ZOAH	EVTZOAH	018E2B	37	dialog
3009	PRG	TWN_ZOAH	EVTZOAH	014CD1	27	dialog
3010	PRG	TWN_ZOAH	EVTZOAH	03E7D9	27	dialog
3011	PRG	TWN_ZOAH	EVTZOAH	033546	37	dialog
3012	PRG	TWN_ZOAH	EVTZOAH	01A959	13	dialog
3013	PRG	TWN_CAMP	EVTCAMP	00C934	13	dialog
3014	MOVIE	EVT135	EVT135	0044E4	25	movie
3015	PRG	FLD_B6	FLD_B6	00A235	19	dialog
3016	MOVIE	EVT134_2	EVT134_2	003F5A	39	movie
3017	PRG	FLD_C8	FLD_T0	014845	39	dialog
3018	MENUBK	MENUBK	MENUBK	007479	167	ui
3019	PRG	TWN_CARA	EVTCARA	00A2EE	39	dialog
3020	PRG	TWN_SEEK	EVTSEEK	00B990	31	dialog
3021	PRG	TWN_ZOAH	EVTZOAH	039B08	25	dialog
3022	PRG	TWN_ZOAH	EVTZOAH	02FD92	25	dialog
3023	PRG	TWN_ZOAH	EVTZOAH	022BEC	31	dialog
3024	PRG	TWN_ZOAH	EVTZOAH	03E6BC	37	dialog
3025	PRG	TWN_CARA	EVTCARA	009DBD	27	dialog
3026	PRG	TWN_ZOAH	EVTZOAH	039BD9	37	dialog
3027	PRG	TWN_ZOAH	EVTZOAH	013602	17	dialog
3028	MOVIE	EVT054	EVT054	001E00	13	movie
3029	PRG	TWN_ZOAH	EVTZOAH	0189DF	35	dialog
3030	PRG	TWN_CAMP	EVTCAMP	00D602	39	dialog
3031	PRG	TWN_CARA	EVTCARA	012A2E	33	dialog
3032	PRG	TWN_SEEK	EVTSEEK	00C089	33	dialog
3033	PRG	TWN_CAMP	EVTCAMP	00DE96	33	dialog
3034	PRG	FLD_C8	FLD_T0	01327F	25	dialog
3035	MOVIE	EVT089	EVT089	002C4D	27	movie
3036	PRG	BTL_B6	BTL_B6	05B270	29	dialog
3037	PRG	FLD_C8	FLD_T0	013C18	29	dialog
3038	PRG	TWN_ZOAH	EVTZOAH	03E8D3	39	dialog
3039	MOVIE	EVT068_2	EVT068_2	0027BD	25	movie
3040	PRG	TWN_ZOAH	EVTZOAH	029231	39	dialog
3041	PRG	TWN_ZOAH	EVTZOAH	028FDF	35	dialog
3042	PRG	TWN_CARA	EVTCARA	013CCE	19	dialog
3043	PRG	TWN_SEEK	EVTSEEK	007315	39	dialog
3044	PRG	TWN_CARA	EVTCARA	01368D	23	dialog
3045	PRG	TWN_ZOAH	EVTZOAH	01E09D	39	dialog
3046	PRG	TWN_CARA	EVTCARA	013351	31	dialog
3047	PRG	TWN_CARA	EVTCARA	012A6E	31	dialog
3048	PRG	TWN_SEEK	EVTSEEK	00EBBB	39	dialog
3049	PRG	TWN_CARA	EVTCARA	0129BE	39	dialog
3050	PRG	TWN_SEEK	EVTSEEK	00E738	31	dialog
3051	PRG	TWN_CARA	EVTCARA	012A9A	20	dialog
3052	PRG	TWN_CARA	EVTCARA	00C715	27	dialog
3053	PRG	FLD_A5	FLD_A5	00D5EE	21	dialog
3054	PRG	TWN_ZOAH	EVTZOAH	01C4E6	19	dialog
3055	PRG	TWN_ZOAH	EVTZOAH	01E60D	17	dialog
3056	PRG	FLD_C8	FLD_T0	0148E8	39	dialog
3057	PRG	TWN_SEEK	EVTSEEK	00E70E	29	dialog
3058	PRG	FLD_C8	FLD_T0	0138F3	26	dialog
3059	MOVIE	EVT144	EVT144	004C18	13	movie
3060	MOVIE	EVT068_1	EVT068_1	0023F0	29	movie
3061	PRG	FLD_A5	FLD_A5	00D718	31	dialog
3062	PRG	TWN_ZOAH	EVTZOAH	028F3C	33	dialog
3063	MOVIE	EVT029	EVT029	00178A	15	movie
3064	PRG	TWN_ZOAH	EVTZOAH	00D95C	13	dialog
3065	PRG	TWN_ZOAH	EVTZOAH	03444C	19	dialog
3066	PRG	TWN_CARA	EVTCARA	00F40C	39	dialog
3067	PRG	FLD_C8	FLD_T0	013211	33	dialog
3068	PRG	TWN_SEEK	EVTSEEK	0171CA	35	dialog
3069	PRG	TWN_CAMP	EVTCAMP	00F5D2	39	dialog
3070	PRG	TWN_SEEK	EVTSEEK	0173C6	35	dialog
3071	PRG	TWN_ZOAH	EVTZOAH	0344FD	17	dialog
3072	MOVIE	EVT144	EVT144	004D33	31	movie
3073	PRG	FLD_C8	FLD_T0	0132A9	33	dialog
3074	PRG	TWN_CAMP	EVTCAMP	00F51F	19	dialog
3075	PRG	TWN_CARA	EVTCARA	00F9D4	37	dialog
3076	PRG	FLD_C8	FLD_T0	014475	19	dialog
3077	MENUBK	MENUBK	MENUBK	002F31	217	ui
3078	MENUBK	MENUBK	MENUBK	0030DD	176	ui
3079	PRG	TWN_CAMP	EVTCAMP	00F583	39	dialog
3080	MENUBK	MENUBK	MENUBK	00300A	211	ui
3081	PRG	TWN_CAMP	EVTCAMP	00F0EC	31	dialog
3082	PRG	TWN_CARA	EVTCARA	00EF63	31	dialog
3083	MOVIE	EVT152	EVT152	004FA3	35	movie
3084	PRG	TWN_CAMP	EVTCAMP	00F755	29	dialog
3085	PRG	TWN_SEEK	EVTSEEK	0180CE	29	dialog
3086	PRG	FLD_C8	FLD_T0	013465	24	dialog
3087	PRG	TWN_ZOAH	EVTZOAH	028F8B	9	dialog
3088	PRG	TWN_CARA	EVTCARA	00C8C0	23	dialog
3089	PRG	TWN_ZOAH	EVTZOAH	0346B2	21	dialog
3090	PRG	TWN_CARA	EVTCARA	0136B1	39	dialog
3091	MOVIE	EVT068_2	EVT068_2	0028BE	13	movie
3092	PRG	TWN_CAMP	EVTCAMP	00F71D	35	dialog
3093	PRG	BTL_X0	BTL_X0	05E165	33	dialog
3094	MOVIE	EVT144	EVT144	004CCD	27	movie
3095	MOVIE	EVT068_2	EVT068_2	00263B	29	movie
3096	PRG	TWN_SEEK	EVTSEEK	01896A	29	dialog
3097	MOVIE	EVT068_2	EVT068_2	002673	31	movie
3098	PRG	TWN_CARA	EVTCARA	012C8D	35	dialog
3099	PRG	TWN_SEEK	EVTSEEK	0188A6	33	dialog
3100	MOVIE	EVT135	EVT135	0044FD	21	movie
3101	PRG	BTL_X0	BTL_X0	05E186	33	dialog
3102	PRG	TWN_SEEK	EVTSEEK	00BC05	37	dialog
3103	PRG	FLD_C8	FLD_T0	013FDC	23	dialog
3104	MOVIE	EVT137	EVT137	0049BF	35	movie
3105	MENUBK	MENUBK	MENUBK	00733B	125	ui
3106	PRG	TWN_SEEK	EVTSEEK	00E8E3	39	dialog
3107	PRG	TWN_CARA	EVTCARA	013B0D	39	dialog
3108	PRG	TWN_CARA	EVTCARA	006838	39	dialog
3109	PRG	TWN_CARA	EVTCARA	00A062	29	dialog
3110	PRG	BTL_X0	BTL_X0	05E3AD	33	dialog
3111	PRG	BTL_C2_2	BTL_C22	05706B	25	dialog
3112	PRG	TWN_CAMP	EVTCAMP	00F017	27	dialog
3113	MOVIE	EVT122_3	EVT122_3	003113	21	movie
3114	PRG	TWN_SEEK	EVTSEEK	00EB94	39	dialog
3115	PRG	TWN_CARA	EVTCARA	012FC6	35	dialog
3116	PRG	TWN_CARA	EVTCARA	01308A	29	dialog
3117	PRG	TWN_ZOAH	EVTZOAH	01E4E2	31	dialog
3118	PRG	TWN_SEEK	EVTSEEK	00D757	25	dialog
3119	PRG	TWN_CARA	EVTCARA	0138B3	35	dialog
3120	PRG	TWN_CARA	EVTCARA	0131DD	37	dialog
3121	PRG	TWN_CARA	EVTCARA	00FA36	37	dialog
3122	PRG	TWN_CARA	EVTCARA	009F09	31	dialog
3123	PRG	TWN_SEEK	EVTSEEK	017E2F	35	dialog
3124	PRG	TWN_CAMP	EVTCAMP	00F6AF	25	dialog
3125	PRG	TWN_CARA	EVTCARA	0139D1	31	dialog
3126	PRG	TWN_SEEK	EVTSEEK	0172A4	35	dialog
3127	MOVIE	EVT122_2	EVT122_2	002F7D	33	movie
3128	MOVIE	EVT134_1	EVT134_1	003A47	21	movie
3129	PRG	TWN_ZOAH	EVTZOAH	02B46A	37	dialog
3130	MOVIE	EVT160_1	EVT160_1	005438	25	movie
3131	PRG	BTL_X0	BTL_X0	05E398	21	dialog
3132	PRG	TWN_SEEK	EVTSEEK	016897	37	dialog
3133	PRG	TWN_CARA	EVTCARA	012AC5	37	dialog
3134	PRG	TWN_CARA	EVTCARA	00661B	31	dialog
3135	MOVIE	EVT008	EVT008	000E5F	29	movie
3136	PRG	TWN_ZOAH	EVTZOAH	00F080	29	dialog
3137	MOVIE	EVT089	EVT089	002BA7	17	movie
3138	MOVIE	EVT008	EVT008	000F57	27	movie
3139	PRG	FLD_A5	FLD_A5	00D587	31	dialog
3140	PRG	BTL_D2_2	BTL_D22	0502CC	23	dialog
3141	PRG	TWN_ZOAH	EVTZOAH	03053B	23	dialog
3142	PRG	TWN_CARA	EVTCARA	00CDE1	21	dialog
3143	PRG	TWN_CARA	EVTCARA	016A4E	39	dialog
3144	PRG	BTL_A5_2	BTL_A52	05AB6A	29	dialog
3145	PRG	FLD_C8	FLD_T0	0144BA	35	dialog
3146	PRG	TWN_CAMP	EVTCAMP	00E679	39	dialog
3147	PRG	FLD_B6	FLD_B6	00A20E	27	dialog
3148	MOVIE	EVT000_4	EVT000_4	000932	19	movie
3149	PRG	TWN_SEEK	EVTSEEK	00BA7E	33	dialog
3150	PRG	TWN_ZOAH	EVTZOAH	0291D5	35	dialog
3151	PRG	TWN_ZOAH	EVTZOAH	028E1F	19	dialog
3152	PRG	TWN_ZOAH	EVTZOAH	01DFF0	23	dialog
3153	PRG	TWN_ZOAH	EVTZOAH	033A00	11	dialog
3154	PRG	TWN_CARA	EVTCARA	0132D6	27	dialog
3155	PRG	TWN_CARA	EVTCARA	006123	15	dialog
3156	PRG	TWN_ZOAH	EVTZOAH	033A9B	13	dialog
3157	PRG	TWN_ZOAH	EVTZOAH	013207	37	dialog
3158	MOVIE	EVT135	EVT135	00475C	11	movie
3159	PRG	TWN_CARA	EVTCARA	00F348	23	dialog
3160	PRG	FLD_C8	FLD_T0	01464E	19	dialog
3161	PRG	TWN_CARA	EVTCARA	01691D	11	dialog
3162	PRG	TWN_CARA	EVTCARA	00CD61	13	dialog
3163	PRG	TWN_ZOAH	EVTZOAH	03E186	31	dialog
3164	MOVIE	EVT068_2	EVT068_2	002692	29	movie
3165	PRG	TWN_SEEK	EVTSEEK	00BB8E	19	dialog
3166	PRG	TWN_ZOAH	EVTZOAH	03E7F4	39	dialog
3167	MOVIE	EVT016_3	EVT016_3	001544	25	movie
3168	PRG	TWN_ZOAH	EVTZOAH	03055F	35	dialog
3169	PRG	FLD_C8	FLD_T0	01491B	26	dialog
3170	PRG	FLD_A5	FLD_A5	00D3B3	17	dialog
3171	PRG	BTL_A5_3	BTL_A53	04F91E	17	dialog
3172	MOVIE	EVT000_5	EVT000_5	000C3E	29	movie
3173	PRG	TWN_CAMP	EVTCAMP	00C95F	33	dialog
3174	PRG	TWN_ZOAH	EVTZOAH	0237FF	39	dialog
3175	MOVIE	EVT000_4	EVT000_4	0009DB	17	movie
3176	PRG	BTL_A7_2	BTL_A72	050F42	25	dialog
3177	PRG	TWN_ZOAH	EVTZOAH	01C63D	33	dialog
3178	PRG	TWN_CARA	EVTCARA	0170C3	35	dialog
3179	PRG	TWN_ZOAH	EVTZOAH	01C1F1	35	dialog
3180	MOVIE	EVT068_2	EVT068_2	0028F1	37	movie
3181	PRG	BTL_B2	BTL_B2	04FC76	11	dialog
3182	MOVIE	EVT122_3	EVT122_3	003128	29	movie
3183	MOVIE	EVT041	EVT041	001B1B	17	movie
3184	PRG	TWN_CARA	EVTCARA	017128	37	dialog
3185	PRG	TWN_ZOAH	EVTZOAH	0374A6	35	dialog
3186	MOVIE	EVT000_2	EVT000_2	00053A	31	movie
3187	PRG	TWN_SEEK	EVTSEEK	0086F8	7	dialog
3188	PRG	TWN_SEEK	EVTSEEK	00C1C9	29	dialog
3189	PRG	TWN_ZOAH	EVTZOAH	018D26	17	dialog
3190	PRG	TWN_CARA	EVTCARA	013614	27	dialog
3191	PRG	TWN_ZOAH	EVTZOAH	037090	21	dialog
3192	PRG	TWN_ZOAH	EVTZOAH	039AE9	31	dialog
3193	PRG	TWN_SEEK	EVTSEEK	00EB0F	35	dialog
3194	PRG	TWN_SEEK	EVTSEEK	009A2A	33	dialog
3195	PRG	TWN_CARA	EVTCARA	012B21	33	dialog
3196	PRG	TWN_CARA	EVTCARA	0095EF	21	dialog
3197	PRG	TWN_SEEK	EVTSEEK	0086FF	25	dialog
3198	PRG	TWN_ZOAH	EVTZOAH	03B198	39	dialog
3199	PRG	TWN_CARA	EVTCARA	017D0B	19	dialog
3200	PRG	TWN_ZOAH	EVTZOAH	02927E	33	dialog
3201	MOVIE	EVT135	EVT135	004603	29	movie
3202	PRG	TWN_CAMP	EVTCAMP	00CF71	33	dialog
3203	PRG	TWN_CARA	EVTCARA	012ED6	17	dialog
3204	PRG	TWN_CARA	EVTCARA	013053	19	dialog
3205	PRG	TWN_SEEK	EVTSEEK	00712D	35	dialog
3206	PRG	TWN_SEEK	EVTSEEK	009920	39	dialog
3207	MOVIE	EVT054	EVT054	001E52	39	movie
3208	PRG	TWN_SEEK	EVTSEEK	00BE3F	33	dialog
3209	MOVIE	EVT161_2	EVT161_2	00576D	23	movie
3210	PRG	TWN_SEEK	EVTSEEK	00BEC5	29	dialog
3211	PRG	TWN_ZOAH	EVTZOAH	0306E4	39	dialog
3212	PRG	TWN_SEEK	EVTSEEK	00E6EB	35	dialog
3213	PRG	TWN_CARA	EVTCARA	017BAC	11	dialog
3214	MOVIE	EVT134_2	EVT134_2	003D70	39	movie
3215	PRG	TWN_ZOAH	EVTZOAH	019177	39	dialog
3216	PRG	TWN_CARA	EVTCARA	016EF8	33	dialog
3217	MOVIE	EVT161_2	EVT161_2	005784	29	movie
3218	PRG	TWN_ZOAH	EVTZOAH	018E01	29	dialog
3219	PRG	TWN_CARA	EVTCARA	0138E3	39	dialog
3220	PRG	TWN_CARA	EVTCARA	01362F	37	dialog
3221	PRG	TWN_SEEK	EVTSEEK	008764	29	dialog
3222	MOVIE	EVT161_2	EVT161_2	00580E	19	movie
3223	PRG	TWN_CARA	EVTCARA	0167EC	19	dialog
3224	PRG	TWN_CAMP	EVTCAMP	00E34E	35	dialog
3225	PRG	TWN_ZOAH	EVTZOAH	01E3F7	37	dialog
3226	PRG	TWN_SEEK	EVTSEEK	0097BA	35	dialog
3227	PRG	TWN_SEEK	EVTSEEK	007245	35	dialog
3228	PRG	TWN_ZOAH	EVTZOAH	0304D9	39	dialog
3229	PRG	TWN_CARA	EVTCARA	00A0F3	29	dialog
3230	PRG	TWN_CARA	EVTCARA	013A7D	27	dialog
3231	PRG	TWN_ZOAH	EVTZOAH	039BAF	29	dialog
3232	MOVIE	EVT000_1	EVT000_1	000104	33	movie
3233	MOVIE	EVT144	EVT144	004DE3	21	movie
3234	MOVIE	EVT122_3	EVT122_3	0031B4	9	movie
3235	PRG	FLD_A5	FLD_A5	00D7D7	39	dialog
3236	PRG	TWN_ZOAH	EVTZOAH	00F9F7	19	dialog
3237	MOVIE	EVT060_2	EVT060_2	0021C7	39	movie
3238	PRG	TWN_ZOAH	EVTZOAH	03B59E	29	dialog
3239	PRG	FLD_C8	FLD_T0	013A39	23	dialog
3240	PRG	FLD_A5	FLD_A5	00D83E	13	dialog
3241	PRG	FLD_C8	FLD_T0	0137C8	9	dialog
3242	PRG	TWN_CARA	EVTCARA	01711D	11	dialog
3243	PRG	TWN_CARA	EVTCARA	00F3AE	31	dialog
3244	PRG	TWN_SEEK	EVTSEEK	017E12	29	dialog
3245	PRG	TWN_ZOAH	EVTZOAH	028F22	13	dialog
3246	PRG	TWN_ZOAH	EVTZOAH	03DCE1	21	dialog
3247	PRG	TWN_ZOAH	EVTZOAH	032DD6	27	dialog
3248	PRG	TWN_ZOAH	EVTZOAH	01C541	23	dialog
3249	PRG	TWN_CAMP	EVTCAMP	00CEE8	33	dialog
3250	PRG	BTL_B5	BTL_B5	05234D	7	dialog
3251	PRG	TWN_CAMP	EVTCAMP	00C980	29	dialog
3252	MENUBK	MENUBK	MENUBK	006692	190	ui
3253	PRG	TWN_ZOAH	EVTZOAH	02B4C1	33	dialog
3254	PRG	TWN_CARA	EVTCARA	0168A9	39	dialog
3255	PRG	TWN_ZOAH	EVTZOAH	023594	33	dialog
3256	PRG	TWN_CARA	EVTCARA	012E0A	33	dialog
3257	PRG	TWN_ZOAH	EVTZOAH	03B738	31	dialog
3258	PRG	TWN_ZOAH	EVTZOAH	013D15	39	dialog
3259	PRG	BTL_A7_2	BTL_A72	050EA1	17	dialog
3260	MENUBK	MENUBK	MENUBK	00164A	209	ui
3261	PRG	TWN_ZOAH	EVTZOAH	01B162	39	dialog
3262	PRG	TWN_CARA	EVTCARA	0067C5	29	dialog
3263	PRG	TWN_CARA	EVTCARA	013C5F	37	dialog
3264	PRG	TWN_SEEK	EVTSEEK	00C11E	27	dialog
3265	PRG	WORLD	WORLDMAP	005608	15	ui
3266	PRG	FLD_A5	FLD_A5	00F899	17	dialog
3267	PRG	FLD_B6	FLD_B6	009F66	17	dialog
3268	PRG	BTL_C2	BTL_C2	057902	25	dialog
3269	PRG	BTL_B5	BTL_B5	052376	7	dialog
3270	MENUBK	MENUBK	MENUBK	007675	193	ui
3271	MENUBK	MENUBK	MENUBK	004577	219	ui
3272	PRG	TWN_SEEK	EVTSEEK	00BE28	23	dialog
3273	MOVIE	EVT089	EVT089	002D3F	17	movie
3274	PRG	TWN_CARA	EVTCARA	00CC54	25	dialog
3275	PRG	TWN_ZOAH	EVTZOAH	03B662	33	slot
3276	PRG	TWN_ZOAH	EVTZOAH	032EFE	23	dialog
3277	PRG	TWN_CARA	EVTCARA	00C763	33	dialog
3278	PRG	TWN_CARA	EVTCARA	00CB2D	31	dialog
3279	PRG	TWN_ZOAH	EVTZOAH	022ADE	25	dialog
3280	PRG	TWN_ZOAH	EVTZOAH	0307FB	31	dialog
3281	MOVIE	EVT144	EVT144	004B78	35	movie
3282	PRG	TWN_CARA	EVTCARA	016862	25	dialog
3283	PRG	TWN_ZOAH	EVTZOAH	03E2F6	17	dialog
3284	MOVIE	EVT134_2	EVT134_2	003E21	35	movie
3285	PRG	TWN_ZOAH	EVTZOAH	01AEB3	33	dialog
3286	PRG	TWN_ZOAH	EVTZOAH	038DE1	33	dialog
3287	PRG	FLD_D5	FLD_D5	002D42	9	dialog
3288	PRG	TWN_SEEK	EVTSEEK	008B61	29	dialog
3289	PRG	TWN_CAMP	EVTCAMP	00F1BB	37	dialog
3290	PRG	TWN_CARA	EVTCARA	0134A8	33	dialog
3291	PRG	TWN_ZOAH	EVTZOAH	023C1B	29	dialog
3292	PRG	TWN_CARA	EVTCARA	009B34	31	dialog
3293	PRG	TWN_CARA	EVTCARA	012E38	29	dialog
3294	PRG	TWN_CARA	EVTCARA	0139AA	39	dialog
3295	PRG	TWN_ZOAH	EVTZOAH	033408	35	dialog
3296	PRG	TWN_CARA	EVTCARA	00ED4F	29	dialog
3297	PRG	TWN_ZOAH	EVTZOAH	0229F6	7	dialog
3298	MOVIE	EVT135	EVT135	0044BC	25	movie
3299	MOVIE	EVT135	EVT135	0044D5	15	movie
3300	PRG	TWN_ZOAH	EVTZOAH	00F135	33	dialog
3301	PRG	TWN_ZOAH	EVTZOAH	0187F0	27	dialog
3302	PRG	TWN_ZOAH	EVTZOAH	0191AB	31	dialog
3303	PRG	BTL_C5	BTL_C5	0521A5	13	dialog
3304	PRG	BTL_B5	BTL_B5	052257	13	dialog
3305	PRG	BTL_T0	BTL_T0	0537FB	19	dialog
3306	PRG	FLD_A3	FLD_A3	009180	31	dialog
3307	PRG	TWN_SEEK	EVTSEEK	018768	5	dialog
3308	PRG	TWN_ZOAH	EVTZOAH	02F4D4	39	dialog
3309	PRG	TWN_CAMP	EVTCAMP	00EFF7	19	dialog
3310	PRG	TWN_SEEK	EVTSEEK	0061E6	35	dialog
3311	PRG	TWN_ZOAH	EVTZOAH	02B19E	31	dialog
3312	PRG	TWN_SEEK	EVTSEEK	00D45B	23	dialog
3313	PRG	TWN_ZOAH	EVTZOAH	039F0F	9	dialog
3314	PRG	TWN_CARA	EVTCARA	00F313	19	dialog
3315	MOVIE	EVT016_2	EVT016_2	00143D	13	movie
3316	PRG	TWN_CAMP	EVTCAMP	00ED12	5	dialog
3317	PRG	FLD_C8	FLD_T0	01334C	21	dialog
3318	PRG	TWN_CAMP	EVTCAMP	00E2EA	23	dialog
3319	MOVIE	EVT016_3	EVT016_3	0015F8	9	movie
3320	MOVIE	EVT072	EVT072	002AA1	7	movie
3321	PRG	TWN_CAMP	EVTCAMP	00DD7E	27	dialog
3322	PRG	TWN_ZOAH	EVTZOAH	039B2E	7	dialog
3323	PRG	FLD_C8	FLD_T0	013E00	29	dialog
3324	PRG	TWN_SEEK	EVTSEEK	01871E	17	dialog
3325	PRG	TWN_CARA	EVTCARA	017D2B	25	dialog
3326	PRG	TWN_ZOAH	EVTZOAH	0290A3	15	dialog
3327	PRG	TWN_CAMP	EVTCAMP	00E265	13	dialog
3328	PRG	TWN_CARA	EVTCARA	013A12	19	dialog
3329	PRG	TWN_CAMP	EVTCAMP	00C82E	21	dialog
3330	PRG	TWN_CAMP	EVTCAMP	00E7F4	29	dialog
3331	PRG	TWN_ZOAH	EVTZOAH	023A8D	27	dialog
3332	PRG	TWN_CAMP	EVTCAMP	00E387	31	dialog
3333	PRG	BTL_C2	BTL_C2	05796A	15	dialog
3334	PRG	TWN_ZOAH	EVTZOAH	022BA5	15	dialog
3335	MOVIE	EVT041	EVT041	001870	31	movie
3336	PRG	TWN_CAMP	EVTCAMP	00BF38	23	dialog
3337	MOVIE	EVT040	EVT040	001809	19	movie
3338	PRG	TWN_CARA	EVTCARA	00F482	31	dialog
3339	PRG	TWN_CAMP	EVTCAMP	00C8AE	31	dialog
3340	PRG	BTL_A5_2	BTL_A52	05AAA6	31	dialog
3341	PRG	TWN_CARA	EVTCARA	00F515	33	dialog
3342	PRG	TWN_CARA	EVTCARA	00F7B1	37	dialog
3343	PRG	TWN_CARA	EVTCARA	009D72	31	dialog
3344	PRG	TWN_SEEK	EVTSEEK	015477	29	dialog
3345	MOVIE	EVT008	EVT008	000F21	21	movie
3346	MENUBK	MENUBK	MENUBK	0020D8	151	ui
3347	MOVIE	EVT137	EVT137	0048E6	25	movie
3348	PRG	TWN_CARA	EVTCARA	00C992	37	dialog
3349	PRG	TWN_ZOAH	EVTZOAH	02F4A6	33	dialog
3350	PRG	FLD_B6	FLD_B6	00A7F3	19	dialog
3351	PRG	TWN_ZOAH	EVTZOAH	013540	39	dialog
3352	PRG	TWN_SEEK	EVTSEEK	00BDEF	39	dialog
3353	MOVIE	EVT134_3	EVT134_3	00439F	35	movie
3354	PRG	TWN_ZOAH	EVTZOAH	013146	17	dialog
3355	PRG	TWN_ZOAH	EVTZOAH	02AA76	39	dialog
3356	MOVIE	EVT043	EVT043	001CDF	37	movie
3357	PRG	TWN_CAMP	EVTCAMP	00CCA0	27	dialog
3358	PRG	TWN_CAMP	EVTCAMP	00D7FA	37	dialog
3359	PRG	TWN_ZOAH	EVTZOAH	03E33D	13	dialog
3360	PRG	TWN_ZOAH	EVTZOAH	03E2C2	25	dialog
3361	PRG	TWN_ZOAH	EVTZOAH	00E77C	31	dialog
3362	PRG	TWN_ZOAH	EVTZOAH	03E5EA	27	dialog
3363	PRG	TWN_SEEK	EVTSEEK	008DA4	39	dialog
3364	PRG	TWN_SEEK	EVTSEEK	0087A3	27	dialog
3365	PRG	TWN_CARA	EVTCARA	012D09	31	dialog
3366	PRG	FLD_B6	FLD_B6	00A936	31	dialog
3367	PRG	TWN_CARA	EVTCARA	012D62	37	dialog
3368	MOVIE	EVT134_2	EVT134_2	003C60	35	movie
3369	PRG	TWN_ZOAH	EVTZOAH	030718	33	dialog
3370	PRG	TWN_ZOAH	EVTZOAH	0134AA	29	dialog
3371	PRG	TWN_CARA	EVTCARA	013204	23	dialog
3372	PRG	FLD_C8	FLD_T0	012F4F	27	dialog
3373	PRG	TWN_ZOAH	EVTZOAH	02ADFA	37	dialog
3374	PRG	TWN_SEEK	EVTSEEK	00D596	33	dialog
3375	PRG	TWN_CAMP	EVTCAMP	00E296	39	dialog
3376	PRG	BTL_D5	BTL_D5	05AD1C	33	dialog
3377	PRG	FLD_D5	FLD_D5	002D05	27	dialog
3378	MOVIE	EVT008	EVT008	000F72	31	movie
3379	PRG	TWN_CAMP	EVTCAMP	00C88A	23	dialog
3380	PRG	TWN_ZOAH	EVTZOAH	02FA3B	29	dialog
3381	PRG	BTL_D5	BTL_D5	05AD9E	35	dialog
3382	PRG	TWN_SEEK	EVTSEEK	00C364	37	dialog
3383	PRG	FLD_B6	FLD_B6	00AF9E	39	dialog
3384	PRG	FLD_B6	FLD_B6	00AC8A	31	dialog
3385	PRG	FLD_B6	FLD_B6	00A276	11	dialog
3386	PRG	TWN_ZOAH	EVTZOAH	013BE4	37	dialog
3387	PRG	TWN_ZOAH	EVTZOAH	013DBC	39	dialog
3388	PRG	TWN_ZOAH	EVTZOAH	00D9B8	35	dialog
3389	PRG	TWN_SEEK	EVTSEEK	00E834	29	dialog
3390	MOVIE	EVT072	EVT072	002AB7	37	movie
3391	PRG	TWN_ZOAH	EVTZOAH	01C155	29	dialog
3392	PRG	TWN_ZOAH	EVTZOAH	02AD6E	37	dialog
3393	PRG	FLD_B6	FLD_B6	009F84	39	dialog
3394	PRG	TWN_ZOAH	EVTZOAH	01D363	35	dialog
3395	PRG	TWN_ZOAH	EVTZOAH	032EC2	27	dialog
3396	PRG	TWN_ZOAH	EVTZOAH	01C671	39	dialog
3397	PRG	TWN_ZOAH	EVTZOAH	033370	23	dialog
3398	PRG	TWN_ZOAH	EVTZOAH	03BAE1	29	dialog
3399	PRG	TWN_ZOAH	EVTZOAH	03374F	37	dialog
3400	PRG	FLD_A3	FLD_A3	0091E9	19	dialog
3401	PRG	TWN_CARA	EVTCARA	00C901	33	dialog
3402	PRG	TWN_CARA	EVTCARA	00CBC9	39	dialog
3403	PRG	TWN_CARA	EVTCARA	00CD9C	27	dialog
3404	PRG	TWN_CARA	EVTCARA	00C730	33	dialog
3405	PRG	TWN_CARA	EVTCARA	013C9A	39	dialog
3406	PRG	TWN_ZOAH	EVTZOAH	03459E	21	dialog
3407	PRG	TWN_ZOAH	EVTZOAH	0345D5	23	dialog
3408	MOVIE	EVT161_1	EVT161_1	00562C	25	movie
3409	PRG	TWN_SEEK	EVTSEEK	017F4B	25	dialog
3410	PRG	TWN_ZOAH	EVTZOAH	0344E2	27	dialog
3411	PRG	TWN_ZOAH	EVTZOAH	039BFF	23	dialog
3412	MOVIE	EVT054	EVT054	001EAD	19	movie
3413	MENUBK	MENUBK	MENUBK	004E77	176	ui
3414	MENUBK	MENUBK	MENUBK	00225C	100	ui
3415	PRG	TWN_SEEK	EVTSEEK	0122C3	37	dialog
3416	MOVIE	EVT000_2	EVT000_2	0002AF	27	movie
3417	MOVIE	EVT060_2	EVT060_2	00215A	15	movie
3418	PRG	FLD_B6	FLD_B6	00ADD1	15	dialog
3419	PRG	TWN_ZOAH	EVTZOAH	034635	35	dialog
3420	PRG	BTL_C2	BTL_C2	057B16	21	dialog
3421	PRG	FLD_C8	FLD_T0	014065	29	dialog
3422	PRG	TWN_ZOAH	EVTZOAH	03B6DE	27	dialog
3423	PRG	TWN_ZOAH	EVTZOAH	01C77C	17	dialog
3424	PRG	FLD_C8	FLD_T0	012F3E	17	dialog
3425	PRG	FLD_B6	FLD_B6	00A0A2	19	dialog
3426	PRG	FLD_C2	FLD_C2	00AE6B	11	dialog
3427	PRG	TWN_CARA	EVTCARA	00F38A	23	dialog
3428	PRG	TWN_CARA	EVTCARA	016DC9	27	dialog
3429	PRG	TWN_ZOAH	EVTZOAH	01A8E3	27	dialog
3430	MENUBK	MENUBK	MENUBK	0072DC	95	ui
3431	PRG	TWN_ZOAH	EVTZOAH	03E215	31	dialog
3432	PRG	TWN_CARA	EVTCARA	00F3DA	37	dialog
3433	PRG	BTL_X0	BTL_X0	05E1A7	29	dialog
3434	MOVIE	EVT067	EVT067	0023C0	31	movie
3435	MOVIE	EVT000_3	EVT000_3	000730	19	movie
3436	PRG	BTL_C2	BTL_C2	057C07	25	dialog
3437	PRG	BTL_C2	BTL_C2	0578D2	25	dialog
3438	PRG	BTL_A7_2	BTL_A72	050EF5	7	dialog
3439	PRG	BTL_X0	BTL_X0	05E35E	11	dialog
3440	PRG	BTL_B5	BTL_B5	0520C4	13	dialog
3441	PRG	TWN_CARA	EVTCARA	0133C2	35	dialog
3442	MOVIE	EVT134_3	EVT134_3	0041BE	19	movie
3443	PRG	TWN_SEEK	EVTSEEK	00983E	39	dialog
3444	PRG	MENUEN	MENUEN	005CB3	134	ui
3445	PRG	TWN_CARA	EVTCARA	0064D2	39	dialog
3446	PRG	TWN_EXCA	EVTEXCA	0011E7	21	dialog
3447	MOVIE	EVT000_3	EVT000_3	00074C	29	movie
3448	PRG	TWN_CARA	EVTCARA	016E8D	15	dialog
3449	PRG	TWN_CARA	EVTCARA	009809	31	dialog
3450	MOVIE	EVT134_2	EVT134_2	003EB5	27	movie
3451	PRG	FLD_B6	FLD_B6	009E69	11	dialog
3452	PRG	TWN_CARA	EVTCARA	00977E	39	dialog
3453	MOVIE	EVT068_2	EVT068_2	00289B	35	movie
3454	PRG	FLD_A3	FLD_A3	0091BD	33	dialog
3455	PRG	TWN_ZOAH	EVTZOAH	02FCFE	39	dialog
3456	PRG	TWN_CARA	EVTCARA	0134D6	27	dialog
3457	PRG	FLD_C8	FLD_T0	013B84	35	dialog
3458	PRG	TWN_ZOAH	EVTZOAH	02FFDA	31	dialog
3459	PRG	TWN_ZOAH	EVTZOAH	03B6A4	33	slot
3460	PRG	TWN_CAMP	EVTCAMP	00EF94	33	dialog
3461	PRG	FLD_B6	FLD_B6	009C5C	29	dialog
3462	PRG	FLD_B6	FLD_B6	00B0CB	29	dialog
3463	PRG	FLD_C8	FLD_T0	013CB7	33	dialog
3464	PRG	FLD_B6	FLD_B6	00AC6F	27	dialog
3465	PRG	FLD_B6	FLD_B6	00B111	29	dialog
3466	PRG	FLD_C8	FLD_T0	013BB3	37	dialog
3467	PRG	FLD_C8	FLD_T0	0137FE	17	dialog
3468	PRG	TWN_SEEK	EVTSEEK	00873C	27	dialog
3469	PRG	TWN_ZOAH	EVTZOAH	023246	29	dialog
3470	MOVIE	EVT134_2	EVT134_2	003C1C	7	movie
3471	PRG	FLD_A7	FLD_A7	00797E	125	dialog
3472	PRG	TWN_ZOAH	EVTZOAH	01C240	39	dialog
3473	PRG	TWN_ZOAH	EVTZOAH	033592	27	dialog
3474	PRG	TWN_CARA	EVTCARA	00F695	39	dialog
3475	PRG	TWN_ZOAH	EVTZOAH	02B133	39	dialog
3476	PRG	TWN_CARA	EVTCARA	005EBE	31	dialog
3477	PRG	TWN_ZOAH	EVTZOAH	038E9E	37	dialog
3478	PRG	TWN_ZOAH	EVTZOAH	02FF99	19	dialog
3479	PRG	WORLD	WORLDMAP	005644	23	ui
3480	PRG	TWN_ZOAH	EVTZOAH	023224	21	dialog
3481	MOVIE	EVT016_3	EVT016_3	00161C	21	movie
3482	MENUBK	MENUBK	MENUBK	001AFC	135	ui
3483	PRG	TWN_SEEK	EVTSEEK	007178	33	dialog
3484	MOVIE	EVT122_3	EVT122_3	0030F8	27	movie
3485	PRG	TWN_SEEK	EVTSEEK	018902	27	dialog
3486	PRG	TWN_ZOAH	EVTZOAH	023505	35	dialog
3487	PRG	TWN_ZOAH	EVTZOAH	01E41C	39	dialog
3488	PRG	TWN_SEEK	EVTSEEK	00BE60	39	dialog
3489	PRG	FLD_C8	FLD_T0	0133A4	27	dialog
3490	MOVIE	EVT060_2	EVT060_2	00213F	27	movie
3491	PRG	TWN_CARA	EVTCARA	0165D2	25	dialog
3492	PRG	TWN_ZOAH	EVTZOAH	03068A	39	dialog
3493	PRG	FLD_A5	FLD_A5	00D5CB	31	dialog
3494	PRG	FLD_A5	FLD_A5	00D6F5	35	dialog
3495	PRG	TWN_CARA	EVTCARA	00CE24	31	dialog
3496	PRG	TWN_ZOAH	EVTZOAH	02B321	37	dialog
3497	PRG	TWN_CARA	EVTCARA	0067EF	27	dialog
3498	PRG	TWN_ZOAH	EVTZOAH	01D053	39	dialog
3499	PRG	TWN_ZOAH	EVTZOAH	0192C6	25	dialog
3500	PRG	FLD_C8	FLD_T0	014701	27	dialog
3501	PRG	TWN_CARA	EVTCARA	00F9AF	37	dialog
3502	PRG	TWN_CAMP	EVTCAMP	00CFC0	31	dialog
3503	PRG	TWN_ZOAH	EVTZOAH	0193AC	17	dialog
3504	PRG	FLD_B6	FLD_B6	009E18	11	dialog
3505	PRG	FLD_B6	FLD_B6	00A95B	31	dialog
3506	PRG	FLD_C8	FLD_T0	013C56	33	dialog
3507	MOVIE	EVT016_1	EVT016_1	0010B8	23	movie
3508	MOVIE	EVT144	EVT144	004A78	21	movie
3509	PRG	TWN_ZOAH	EVTZOAH	03B12A	37	dialog
3510	PRG	FLD_A5	FLD_A5	00D62D	19	dialog
3511	PRG	TWN_SEEK	EVTSEEK	01683B	31	dialog
3512	PRG	TWN_ZOAH	EVTZOAH	01ACA3	37	dialog
3513	PRG	FLD_B6	FLD_B6	009CC5	33	dialog
3514	MOVIE	EVT008	EVT008	000F36	33	movie
3515	PRG	BTL_B5	BTL_B5	0522D1	33	dialog
3516	MOVIE	EVT122_1	EVT122_1	002EEF	11	movie
3517	MOVIE	EVT060_1	EVT060_1	001FED	25	movie
3518	PRG	TWN_ZOAH	EVTZOAH	023284	37	dialog
3519	PRG	TWN_ZOAH	EVTZOAH	039CB7	37	dialog
3520	PRG	TWN_ZOAH	EVTZOAH	030476	31	dialog
3521	COMMON	COMMON	MENU	00D3BF	25	ui
3522	MOVIE	EVT000_5	EVT000_5	000CA3	31	movie
3523	MENUBK	MENUBK	MENUBK	00680A	194	ui
3524	PRG	TWN_ZOAH	EVTZOAH	02B0EF	29	dialog
3525	MOVIE	EVT152	EVT152	004FC6	23	movie
3526	PRG	TWN_ZOAH	EVTZOAH	013CAF	35	dialog
3527	MENUBK	MENUBK	MENUBK	007736	293	ui
3528	PRG	TWN_ZOAH	EVTZOAH	03E34A	33	dialog
3529	MENUBK	MENUBK	MENUBK	0024EC	149	ui
3530	PRG	FLD_B6	FLD_B6	00B043	27	dialog
3531	PRG	TWN_CARA	EVTCARA	0130A9	27	dialog
3532	PRG	TWN_CAMP	EVTCAMP	00CF3D	23	dialog
3533	PRG	TWN_ZOAH	EVTZOAH	0373BD	35	dialog
3534	PRG	TWN_ZOAH	EVTZOAH	038E3A	37	dialog
3535	PRG	FLD_C8	FLD_T0	0133F2	29	dialog
3536	PRG	BTL_C4	BTL_C4	05400D	37	dialog
3537	PRG	TWN_ZOAH	EVTZOAH	03035A	39	dialog
3538	MOVIE	EVT041	EVT041	001A71	33	movie
3539	PRG	BTL_T0	BTL_T0	054231	121	dialog
3540	PRG	FLD_C8	FLD_T0	0147FD	29	dialog
3541	PRG	FLD_A5	FLD_A5	00D29B	31	dialog
3542	PRG	FLD_C8	FLD_T0	012BC4	33	dialog
3543	PRG	FLD_C8	FLD_T0	013298	17	dialog
3544	MOVIE	EVT041	EVT041	0018D8	23	movie
3545	PRG	TWN_ZOAH	EVTZOAH	02F20E	31	dialog
3546	PRG	FLD_B6	FLD_B6	00AEE5	33	dialog
3547	PRG	FLD_B6	FLD_B6	00A7AF	25	dialog
3548	PRG	TWN_SEEK	EVTSEEK	01262B	29	dialog
3549	PRG	TWN_ZOAH	EVTZOAH	03E250	39	dialog
3550	MOVIE	EVT144	EVT144	004CE8	29	movie
3551	PRG	FLD_A3	FLD_A3	009990	67	dialog
3552	PRG	TWN_ZOAH	EVTZOAH	01862F	31	dialog
3553	MENUBK	MENUBK	MENUBK	00759A	219	ui
3554	PRG	TWN_ZOAH	EVTZOAH	01C8C6	39	dialog
3555	PRG	FLD_B6	FLD_B6	00A07D	37	dialog
3556	MOVIE	EVT134_3	EVT134_3	00437B	27	movie
3557	PRG	FLD_C8	FLD_T0	012CA7	35	dialog
3558	MOVIE	EVT160_1	EVT160_1	0052A7	27	movie
3559	PRG	TWN_CARA	EVTCARA	00F77D	39	dialog
3560	PRG	TWN_CARA	EVTCARA	00F74B	37	dialog
3561	PRG	TWN_CARA	EVTCARA	00F7E3	35	dialog
3562	PRG	TWN_CARA	EVTCARA	00F56F	29	dialog
3563	MOVIE	EVT144	EVT144	004ADA	19	movie
3564	PRG	MENUEN	MENUEN	003E37	120	ui
3565	PRG	MENUEN	MENUEN	003F3F	113	ui
3566	PRG	BTL_T0	BTL_T0	0540D4	75	dialog
3567	PRG	BTL_T0	BTL_T0	05411F	69	dialog
3568	MENUBK	MENUBK	MENUBK	0060A2	172	ui
3569	MOVIE	EVT016_3	EVT016_3	001663	31	movie
3570	MOVIE	EVT016_2	EVT016_2	001223	21	movie
3571	PRG	BTL_B6	BTL_B6	05B28D	23	dialog
3572	MOVIE	EVT000_1	EVT000_1	00014F	21	movie
3573	MOVIE	EVT161_2	EVT161_2	0057EB	35	movie
3574	PRG	FLD_B6	FLD_B6	009FFD	11	dialog
3575	PRG	TWN_ZOAH	EVTZOAH	03B304	29	dialog
3576	PRG	TWN_ZOAH	EVTZOAH	02F84B	25	dialog
3577	PRG	BTL_C2	BTL_C2	057979	29	dialog
3578	PRG	TWN_ZOAH	EVTZOAH	019067	33	dialog
3579	PRG	TWN_ZOAH	EVTZOAH	03E612	31	dialog
3580	PRG	TWN_ZOAH	EVTZOAH	01A8BB	39	dialog
3581	PRG	TWN_ZOAH	EVTZOAH	01D0A2	29	dialog
3582	PRG	TWN_ZOAH	EVTZOAH	02B3DE	17	dialog
3583	PRG	TWN_ZOAH	EVTZOAH	0238CF	33	dialog
3584	PRG	TWN_ZOAH	EVTZOAH	01ABB2	37	dialog
3585	PRG	TWN_CARA	EVTCARA	012BC4	33	dialog
3586	PRG	TWN_CARA	EVTCARA	013855	35	dialog
3587	PRG	TWN_CARA	EVTCARA	016B0B	27	dialog
3588	PRG	TWN_CARA	EVTCARA	017428	25	dialog
3589	PRG	FLD_C8	FLD_T0	013FB0	23	dialog
3590	PRG	FLD_C8	FLD_T0	013E9E	17	dialog
3591	PRG	TWN_SEEK	EVTSEEK	0073D4	29	dialog
3592	PRG	TWN_ZOAH	EVTZOAH	014EEF	39	dialog
3593	PRG	TWN_ZOAH	EVTZOAH	01946C	21	dialog
3594	PRG	TWN_ZOAH	EVTZOAH	0194F5	31	dialog
3595	PRG	TWN_ZOAH	EVTZOAH	03DD86	35	dialog
3596	PRG	TWN_SEEK	EVTSEEK	009BCC	39	dialog
3597	PRG	FLD_C8	FLD_T0	014AD3	23	dialog
3598	PRG	TWN_ZOAH	EVTZOAH	03DD03	27	dialog
3599	PRG	TWN_ZOAH	EVTZOAH	02907B	27	dialog
3600	PRG	TWN_ZOAH	EVTZOAH	0331DE	27	dialog
3601	MOVIE	EVT122_4	EVT122_4	003699	19	movie
3602	PRG	TWN_SEEK	EVTSEEK	00BB59	19	dialog
3603	PRG	FLD_C8	FLD_T0	01316C	33	dialog
3604	PRG	BTL_A5_3	BTL_A53	04F874	35	dialog
3605	PRG	BTL_C5	BTL_C5	052184	33	dialog
3606	PRG	TWN_ZOAH	EVTZOAH	01AB1A	23	dialog
3607	PRG	BTL_C5	BTL_C5	052212	21	dialog
3608	PRG	TWN_ZOAH	EVTZOAH	038D7B	27	dialog
3609	MOVIE	EVT122_4	EVT122_4	003477	7	movie
3610	PRG	TWN_CARA	EVTCARA	0097A5	31	dialog
3611	PRG	FLD_C8	FLD_T0	0138C7	19	dialog
3612	PRG	TWN_CARA	EVTCARA	0063C2	33	dialog
3613	PRG	FLD_B6	FLD_B6	00A0EA	35	dialog
3614	PRG	TWN_ZOAH	EVTZOAH	0338D6	33	dialog
3615	PRG	TWN_ZOAH	EVTZOAH	0234D1	39	dialog
3616	PRG	FLD_C8	FLD_T0	013B63	21	dialog
3617	PRG	BTL_A5_2	BTL_A52	05AC6E	29	dialog
3618	PRG	BTL_X0	BTL_X0	05E419	29	dialog
3619	PRG	TWN_ZOAH	EVTZOAH	02FF4C	15	dialog
3620	MOVIE	EVT160_1	EVT160_1	005298	15	movie
3621	PRG	BTL_C8_2	BTL_C82	04F255	27	dialog
3622	PRG	TWN_ZOAH	EVTZOAH	032F57	25	dialog
3623	PRG	TWN_ZOAH	EVTZOAH	03356B	37	dialog
3624	MOVIE	EVT041	EVT041	001AA3	11	movie
3625	PRG	TWN_ZOAH	EVTZOAH	0370D5	35	dialog
3626	PRG	TWN_ZOAH	EVTZOAH	033022	33	dialog
3627	PRG	TWN_ZOAH	EVTZOAH	01AB4C	23	dialog
3628	PRG	FLD_C8	FLD_T0	013AC0	33	dialog
3629	PRG	TWN_ZOAH	EVTZOAH	039E47	39	dialog
3630	PRG	TWN_CARA	EVTCARA	006468	31	dialog
3631	PRG	TWN_SEEK	EVTSEEK	01721D	37	dialog
3632	PRG	BTL_B5	BTL_B5	052157	31	dialog
3633	PRG	BTL_C5	BTL_C5	052092	23	dialog
3634	MENUBK	MENUBK	MENUBK	003700	162	ui
3635	MENUBK	MENUBK	MENUBK	007127	153	ui
3636	PRG	TWN_CARA	EVTCARA	006184	29	dialog
3637	PRG	FLD_A7	FLD_A7	00746A	143	dialog
3638	PRG	TWN_ZOAH	EVTZOAH	02AE72	39	dialog
3639	PRG	TWN_CARA	EVTCARA	0174CF	23	dialog
3640	PRG	TWN_SEEK	EVTSEEK	015FDB	21	dialog
3641	COMMON	COMMON	ITEM	00AF8D	21	ui
3642	PRG	BTL_C5	BTL_C5	05233D	35	dialog
3643	MENUBK	MENUBK	MENUBK	006395	239	ui
3644	MOVIE	EVT068_1	EVT068_1	002439	23	movie
3645	PRG	TWN_CARA	EVTCARA	012A4F	31	dialog
3646	PRG	TWN_ZOAH	EVTZOAH	02F196	27	dialog
3647	PRG	FLD_C8	FLD_T0	013F91	31	dialog
3648	PRG	TWN_ZOAH	EVTZOAH	0308A7	31	dialog
3649	MOVIE	EVT000_1	EVT000_1	000026	23	movie
3650	PRG	TWN_ZOAH	EVTZOAH	02933B	27	dialog
3651	PRG	TWN_ZOAH	EVTZOAH	02F427	33	dialog
3652	PRG	TWN_ZOAH	EVTZOAH	0195E4	31	dialog
3653	PRG	TWN_ZOAH	EVTZOAH	028E5A	23	dialog
3654	PRG	TWN_ZOAH	EVTZOAH	02AF65	37	dialog
3655	PRG	TWN_CARA	EVTCARA	013285	37	dialog
3656	PRG	TWN_ZOAH	EVTZOAH	02FC09	25	dialog
3657	PRG	TWN_ZOAH	EVTZOAH	00D85E	13	dialog
3658	PRG	TWN_ZOAH	EVTZOAH	02FC48	13	dialog
3659	PRG	TWN_ZOAH	EVTZOAH	018FEC	7	dialog
3660	PRG	TWN_ZOAH	EVTZOAH	01921E	29	dialog
3661	PRG	TWN_ZOAH	EVTZOAH	019408	33	dialog
3662	MOVIE	EVT000_1	EVT000_1	0000A4	11	movie
3663	PRG	FLD_C8	FLD_T0	0147BC	13	dialog
3664	PRG	TWN_CAMP	EVTCAMP	00ED17	27	dialog
3665	PRG	TWN_CARA	EVTCARA	012A11	29	dialog
3666	PRG	TWN_SEEK	EVTSEEK	0072C4	31	dialog
3667	PRG	TWN_SEEK	EVTSEEK	00EB62	37	dialog
3668	PRG	TWN_CAMP	EVTCAMP	00C9CD	27	slot
3669	MOVIE	EVT160_1	EVT160_1	005481	27	movie
3670	MOVIE	EVT127_1	EVT127_1	0038EF	33	movie
3671	MOVIE	EVT160_1	EVT160_1	0052F0	37	movie
3672	PRG	BTL_D5	BTL_D5	05AD0D	15	dialog
3673	PRG	TWN_ZOAH	EVTZOAH	01366C	33	dialog
3674	PRG	BTL_A5_2	BTL_A52	05AC38	35	dialog
3675	PRG	TWN_ZOAH	EVTZOAH	02FC6C	19	dialog
3676	PRG	FLD_C8	FLD_T0	014124	37	dialog
3677	PRG	FLD_B6	FLD_B6	00A10D	25	dialog
3678	PRG	TWN_ZOAH	EVTZOAH	018714	31	dialog
3679	PRG	BTL_A5_2	BTL_A52	05AAF1	29	dialog
3680	PRG	BTL_B2	BTL_B2	04FF7B	23	dialog
3681	PRG	FLD_B6	FLD_B6	00A0B5	37	dialog
3682	MOVIE	EVT134_2	EVT134_2	003F0B	9	movie
3683	PRG	TWN_SEEK	EVTSEEK	007275	31	dialog
3684	PRG	BTL_D5	BTL_D5	05AD95	9	dialog
3685	MENUBK	MENUBK	MENUBK	00444C	194	ui
3686	PRG	TWN_SEEK	EVTSEEK	01535E	35	dialog
3687	MOVIE	EVT134_3	EVT134_3	00418C	25	movie
3688	MENUBK	MENUBK	MENUBK	005A21	209	ui
3689	MENUBK	MENUBK	MENUBK	004FCD	213	ui
3690	MENUBK	MENUBK	MENUBK	002C28	137	ui
3691	PRG	TWN_CARA	EVTCARA	016BD9	33	dialog
3692	MENUBK	MENUBK	MENUBK	00614E	209	ui
3693	MOVIE	EVT000_2	EVT000_2	0003EA	23	movie
3694	PRG	TWN_SEEK	EVTSEEK	012532	33	dialog
3695	PRG	TWN_ZOAH	EVTZOAH	02B438	37	dialog
3696	PRG	TWN_CAMP	EVTCAMP	00E4AA	35	dialog
3697	PRG	TWN_SEEK	EVTSEEK	015C4A	31	dialog
3698	MENUBK	MENUBK	MENUBK	0041A8	163	ui
3699	MENUBK	MENUBK	MENUBK	004AA4	225	ui
3700	PRG	FLD_C8	FLD_T0	013C77	37	dialog
3701	PRG	FLD_C4	FLD_C4	015A58	13	dialog
3702	PRG	FLD_B6	FLD_B6	009DC4	9	dialog
3703	PRG	BTL_D5	BTL_D5	05AD4E	21	dialog
3704	PRG	TWN_ZOAH	EVTZOAH	039F63	25	dialog
3705	PRG	TWN_ZOAH	EVTZOAH	01908E	29	dialog
3706	MOVIE	EVT135	EVT135	004705	21	movie
3707	PRG	FLD_A3	FLD_A3	008E85	11	dialog
3708	PRG	BTL_C8_2	BTL_C82	04F287	29	dialog
3709	MOVIE	EVT117	EVT117	002E48	13	movie
3710	PRG	TWN_SEEK	EVTSEEK	009B34	25	dialog
3711	PRG	TWN_CARA	EVTCARA	00CA8B	9	dialog
3712	PRG	TWN_ZOAH	EVTZOAH	03B494	25	dialog
3713	PRG	TWN_ZOAH	EVTZOAH	02384E	39	dialog
3714	MOVIE	EVT060_1	EVT060_1	001FC5	29	movie
3715	MOVIE	EVT137	EVT137	0048FF	9	movie
3716	MOVIE	EVT016_2	EVT016_2	001404	33	movie
3717	PRG	TWN_ZOAH	EVTZOAH	0307C4	37	dialog
3718	PRG	TWN_SEEK	EVTSEEK	00D5E7	31	dialog
3719	PRG	TWN_ZOAH	EVTZOAH	02F7AB	35	dialog
3720	MOVIE	EVT134_2	EVT134_2	003CD8	31	movie
3721	PRG	TWN_SEEK	EVTSEEK	018001	27	dialog
3722	MOVIE	EVT134_2	EVT134_2	003DB8	19	movie
3723	PRG	TWN_CARA	EVTCARA	017C47	22	dialog
3724	PRG	TWN_CARA	EVTCARA	017D8F	37	dialog
3725	MOVIE	EVT135	EVT135	0046F4	17	movie
3726	PRG	TWN_ZOAH	EVTZOAH	013CFC	25	dialog
3727	MOVIE	EVT134_2	EVT134_2	003C23	9	movie
3728	PRG	BTL_A5_2	BTL_A52	05AA59	39	dialog
3729	PRG	BTL_A5_2	BTL_A52	05ABF6	35	dialog
3730	PRG	TWN_ZOAH	EVTZOAH	023573	33	dialog
3731	MOVIE	EVT060_2	EVT060_2	0020DE	27	movie
3732	MOVIE	EVT122_3	EVT122_3	003090	17	movie
3733	PRG	FLD_C8	FLD_T0	0130B4	29	dialog
3734	MENUBK	MENUBK	MENUBK	002943	188	ui
3735	MOVIE	EVT134_3	EVT134_3	004351	21	movie
3736	MOVIE	EVT068_2	EVT068_2	00287A	11	movie
3737	MOVIE	EVT144	EVT144	004D79	9	movie
3738	PRG	TWN_SEEK	EVTSEEK	00640F	21	dialog
3739	PRG	TWN_CARA	EVTCARA	006917	37	dialog
3740	PRG	TWN_ZOAH	EVTZOAH	033314	31	dialog
3741	PRG	FLD_B6	FLD_B6	00B084	29	dialog
3742	PRG	TWN_EXCA	EVTEXCA	001269	29	dialog
3743	PRG	TWN_CAMP	EVTCAMP	00DC33	35	dialog
3744	PRG	TWN_ZOAH	EVTZOAH	013C90	31	dialog
3745	PRG	TWN_ZOAH	EVTZOAH	0292C5	37	dialog
3746	PRG	TWN_CARA	EVTCARA	00F04A	35	dialog
3747	MOVIE	EVT134_2	EVT134_2	003CB7	33	movie
3748	PRG	TWN_SEEK	EVTSEEK	01873C	31	dialog
3749	PRG	TWN_ZOAH	EVTZOAH	013737	37	dialog
3750	PRG	TWN_ZOAH	EVTZOAH	01E312	29	dialog
3751	PRG	TWN_CARA	EVTCARA	012C0C	39	dialog
3752	PRG	TWN_ZOAH	EVTZOAH	01AFDA	37	dialog
3753	MOVIE	EVT134_2	EVT134_2	003DFB	13	movie
3754	MOVIE	EVT161_2	EVT161_2	0057B4	35	movie
3755	PRG	TWN_ZOAH	EVTZOAH	01E523	33	dialog
3756	PRG	TWN_SEEK	EVTSEEK	00E7E9	29	dialog
3757	PRG	TWN_CARA	EVTCARA	00F806	35	dialog
3758	PRG	FLD_C8	FLD_T0	0145F3	33	dialog
3759	PRG	TWN_CARA	EVTCARA	00C9D4	37	dialog
3760	PRG	TWN_ZOAH	EVTZOAH	03060F	31	dialog
3761	PRG	TWN_ZOAH	EVTZOAH	0232A9	33	dialog
3762	PRG	TWN_ZOAH	EVTZOAH	014E2E	31	dialog
3763	PRG	TWN_ZOAH	EVTZOAH	00D976	31	dialog
3764	PRG	TWN_CAMP	EVTCAMP	00D7AD	27	dialog
3765	PRG	TWN_CARA	EVTCARA	01344C	29	dialog
3766	PRG	TWN_CAMP	EVTCAMP	00E586	31	dialog
3767	PRG	TWN_CARA	EVTCARA	004187	19	dialog
3768	PRG	TWN_ZOAH	EVTZOAH	0232E6	37	dialog
3769	PRG	TWN_ZOAH	EVTZOAH	014EBB	37	dialog
3770	PRG	FLD_A5	FLD_A5	00D505	19	dialog
3771	PRG	FLD_A5	FLD_A5	00D5AA	21	dialog
3772	PRG	TWN_ZOAH	EVTZOAH	014D0B	25	dialog
3773	PRG	TWN_CAMP	EVTCAMP	00F35E	5	dialog
3774	PRG	TWN_SEEK	EVTSEEK	017F1F	31	dialog
3775	PRG	TWN_ZOAH	EVTZOAH	01AE56	15	dialog
3776	MOVIE	EVT122_4	EVT122_4	003555	15	movie
3777	PRG	TWN_SEEK	EVTSEEK	008725	23	dialog
3778	PRG	TWN_ZOAH	EVTZOAH	03E87A	15	dialog
3779	MOVIE	EVT134_2	EVT134_2	003CF7	13	movie
3780	MOVIE	EVT068_1	EVT068_1	00246A	39	movie
3781	PRG	TWN_CAMP	EVTCAMP	00DA01	27	dialog
3782	PRG	TWN_SEEK	EVTSEEK	012411	7	dialog
3783	PRG	FLD_A5	FLD_A5	00D317	37	dialog
3784	PRG	TWN_SEEK	EVTSEEK	01877A	19	dialog
3785	PRG	TWN_CARA	EVTCARA	016E7A	19	dialog
3786	PRG	TWN_CAMP	EVTCAMP	00CB05	39	dialog
3787	PRG	TWN_CARA	EVTCARA	00CBFD	17	dialog
3788	PRG	TWN_ZOAH	EVTZOAH	01948E	35	dialog
3789	PRG	TWN_ZOAH	EVTZOAH	018D94	31	dialog
3790	MOVIE	EVT135	EVT135	004522	13	movie
3791	MOVIE	EVT160_2	EVT160_2	0055BC	23	movie
3792	PRG	TWN_SEEK	EVTSEEK	017E96	11	dialog
3793	PRG	TWN_ZOAH	EVTZOAH	039EB1	39	dialog
3794	PRG	TWN_ZOAH	EVTZOAH	039E7C	37	dialog
3795	PRG	TWN_SEEK	EVTSEEK	00BC48	23	dialog
3796	PRG	TWN_CARA	EVTCARA	013516	39	dialog
3797	MOVIE	EVT152	EVT152	004FDD	39	movie
3798	PRG	TWN_SEEK	EVTSEEK	01528E	33	dialog
3799	PRG	TWN_ZOAH	EVTZOAH	03348D	31	dialog
3800	PRG	BTL_A3_2	BTL_A32	054EE1	39	dialog
3801	MOVIE	EVT134_2	EVT134_2	003E08	25	movie
3802	PRG	TWN_ZOAH	EVTZOAH	02B007	19	dialog
3803	PRG	TWN_ZOAH	EVTZOAH	028FB8	13	dialog
3804	PRG	TWN_SEEK	EVTSEEK	00BE9B	29	dialog
3805	PRG	TWN_SEEK	EVTSEEK	00C18A	11	dialog
3806	PRG	TWN_CARA	EVTCARA	016F64	37	dialog
3807	PRG	TWN_CARA	EVTCARA	017397	13	dialog
3808	PRG	TWN_ZOAH	EVTZOAH	03E179	13	dialog
3809	PRG	TWN_ZOAH	EVTZOAH	01E0D1	13	dialog
3810	MOVIE	EVT160_1	EVT160_1	005357	15	movie
3811	PRG	TWN_ZOAH	EVTZOAH	03E241	15	dialog
3812	PRG	TWN_CAMP	EVTCAMP	00DAAD	13	dialog
3813	PRG	TWN_CARA	EVTCARA	009CCA	37	dialog
3814	PRG	TWN_SEEK	EVTSEEK	018029	19	dialog
3815	PRG	TWN_CARA	EVTCARA	0133F2	31	dialog
3816	MOVIE	EVT041	EVT041	001A09	27	movie
3817	PRG	TWN_ZOAH	EVTZOAH	01C2E6	39	dialog
3818	PRG	FLD_C8	FLD_T0	012D9B	19	dialog
3819	PRG	FLD_B6	FLD_B6	00A167	29	dialog
3820	MOVIE	EVT122_3	EVT122_3	0032B8	27	movie
3821	PRG	TWN_CARA	EVTCARA	00A485	37	dialog
3822	PRG	FLD_C8	FLD_T0	0132CA	27	dialog
3823	PRG	TWN_ZOAH	EVTZOAH	01AD2C	50	slot
3824	PRG	FLD_C8	FLD_T0	013DA7	17	dialog
3825	PRG	FLD_C8	FLD_T0	012EEB	23	dialog
3826	MOVIE	EVT054	EVT054	001EC0	37	movie
3827	PRG	TWN_ZOAH	EVTZOAH	00EAD5	39	dialog
3828	PRG	FLD_C8	FLD_T0	01442A	21	dialog
3829	PRG	FLD_B6	FLD_B6	009CF2	33	dialog
3830	PRG	TWN_CAMP	EVTCAMP	00D916	29	dialog
3831	PRG	BTL_X0	BTL_X0	05E288	17	dialog
3832	PRG	TWN_CAMP	EVTCAMP	00D6D9	33	dialog
3833	PRG	BTL_B5	BTL_B5	052382	17	dialog
3834	PRG	BTL_A5_3	BTL_A53	04F8EC	29	dialog
3835	PRG	TWN_ZOAH	EVTZOAH	01C5B4	35	dialog
3836	MOVIE	EVT134_2	EVT134_2	003FFA	23	movie
3837	PRG	TWN_SEEK	EVTSEEK	015F59	39	dialog
3838	MOVIE	EVT160_1	EVT160_1	005451	27	movie
3839	MOVIE	EVT127_1	EVT127_1	003825	29	movie
3840	PRG	TWN_ZOAH	EVTZOAH	0290F5	15	dialog
3841	PRG	TWN_CAMP	EVTCAMP	00D9B0	31	dialog
3842	PRG	TWN_SEEK	EVTSEEK	007150	27	dialog
3843	PRG	TWN_CAMP	EVTCAMP	00F46C	35	dialog
3844	PRG	TWN_ZOAH	EVTZOAH	032F86	13	dialog
3845	PRG	TWN_CAMP	EVTCAMP	00C863	39	dialog
3846	MOVIE	EVT016_3	EVT016_3	001601	27	movie
3847	PRG	TWN_ZOAH	EVTZOAH	02B1E4	29	dialog
3848	MOVIE	EVT137	EVT137	0049E2	37	movie
3849	PRG	TWN_ZOAH	EVTZOAH	02F817	39	dialog
3850	PRG	TWN_ZOAH	EVTZOAH	037802	37	dialog
3851	PRG	TWN_ZOAH	EVTZOAH	0377BD	23	dialog
3852	MOVIE	EVT016_3	EVT016_3	0015D1	39	movie
3853	PRG	TWN_CAMP	EVTCAMP	00CC6C	37	dialog
3854	MENUBK	MENUBK	MENUBK	000DA7	135	ui
3855	PRG	FLD_C8	FLD_T0	012E90	25	dialog
3856	PRG	TWN_ZOAH	EVTZOAH	0238F6	37	dialog
3857	PRG	BTL_B2	BTL_B2	04FEA6	33	dialog
3858	PRG	TWN_SEEK	EVTSEEK	0124CF	35	dialog
3859	MENUBK	MENUBK	MENUBK	00351E	153	ui
3860	MOVIE	EVT060_2	EVT060_2	002215	35	movie
3861	MOVIE	EVT122_4	EVT122_4	003601	35	movie
3862	MOVIE	EVT041	EVT041	0019E6	35	movie
3863	PRG	TWN_ZOAH	EVTZOAH	03E850	29	dialog
3864	PRG	TWN_ZOAH	EVTZOAH	03760D	29	dialog
3865	PRG	TWN_ZOAH	EVTZOAH	037681	29	dialog
3866	PRG	TWN_ZOAH	EVTZOAH	014F16	27	dialog
3867	MENUBK	MENUBK	MENUBK	006484	231	ui
3868	PRG	TWN_CAMP	EVTCAMP	00D8B9	39	dialog
3869	PRG	BTL_B6	BTL_B6	05B0F2	33	dialog
3870	PRG	TWN_SEEK	EVTSEEK	00C0AA	31	dialog
3871	MENUBK	MENUBK	MENUBK	0032C9	159	ui
3872	PRG	TWN_CARA	EVTCARA	017565	11	dialog
3873	PRG	TWN_ZOAH	EVTZOAH	02F7F4	35	dialog
3874	MOVIE	EVT134_3	EVT134_3	004214	23	movie
3875	PRG	TWN_ZOAH	EVTZOAH	029002	31	dialog
3876	MOVIE	EVT127_1	EVT127_1	0038AE	21	movie
3877	MOVIE	EVT122_3	EVT122_3	003162	17	movie
3878	PRG	FLD_B6	FLD_B6	009E74	31	dialog
3879	MENUBK	MENUBK	MENUBK	0027CA	164	ui
3880	MENUBK	MENUBK	MENUBK	00286E	213	ui
3881	PRG	TWN_ZOAH	EVTZOAH	023B63	27	dialog
3882	PRG	TWN_CARA	EVTCARA	00A286	29	dialog
3883	PRG	TWN_ZOAH	EVTZOAH	0304B8	33	dialog
3884	MOVIE	EVT060_2	EVT060_2	002282	23	movie
3885	MOVIE	EVT089	EVT089	002BF0	37	movie
3886	PRG	TWN_ZOAH	EVTZOAH	039A88	27	dialog
3887	PRG	TWN_SEEK	EVTSEEK	00BC87	23	dialog
3888	PRG	TWN_ZOAH	EVTZOAH	039ACC	29	dialog
3889	MOVIE	EVT016_2	EVT016_2	0012AD	27	movie
3890	PRG	TWN_ZOAH	EVTZOAH	028F94	23	dialog
3891	PRG	TWN_ZOAH	EVTZOAH	00F9D7	19	dialog
3892	PRG	TWN_ZOAH	EVTZOAH	01913F	39	dialog
3893	PRG	FLD_C8	FLD_T0	014403	39	dialog
3894	MOVIE	EVT068_2	EVT068_2	002802	31	movie
3895	PRG	TWN_CAMP	EVTCAMP	00D355	23	dialog
3896	MOVIE	EVT000_1	EVT000_1	000125	19	movie
3897	MOVIE	EVT144	EVT144	004C9F	25	movie
3898	PRG	TWN_ZOAH	EVTZOAH	02B37C	31	dialog
3899	PRG	FLD_C8	FLD_T0	014596	29	dialog
3900	PRG	TWN_ZOAH	EVTZOAH	039F18	25	dialog
3901	PRG	TWN_ZOAH	EVTZOAH	033A57	27	dialog
3902	PRG	TWN_SEEK	EVTSEEK	00BEF8	33	dialog
3903	PRG	TWN_CARA	EVTCARA	00CAC2	33	dialog
3904	PRG	TWN_ZOAH	EVTZOAH	029164	31	dialog
3905	PRG	TWN_SEEK	EVTSEEK	00D79C	39	dialog
3906	MENUBK	MENUBK	MENUBK	001CF5	205	ui
3907	PRG	BTL_T0	BTL_T0	053B41	67	dialog
3908	MOVIE	EVT089	EVT089	002B4F	13	movie
3909	PRG	TWN_CAMP	EVTCAMP	00F233	29	dialog
3910	PRG	TWN_ZOAH	EVTZOAH	039B35	23	dialog
3911	PRG	TWN_CARA	EVTCARA	00C922	39	dialog
3912	PRG	TWN_ZOAH	EVTZOAH	019166	17	dialog
3913	PRG	TWN_ZOAH	EVTZOAH	01AE0A	37	dialog
3914	MOVIE	EVT161_2	EVT161_2	0057D7	13	movie
3915	PRG	TWN_SEEK	EVTSEEK	0189AE	39	dialog
3916	PRG	TWN_ZOAH	EVTZOAH	029070	11	dialog
3917	PRG	TWN_SEEK	EVTSEEK	00BD67	9	dialog
3918	MOVIE	EVT000_4	EVT000_4	00095B	17	movie
3919	PRG	TWN_ZOAH	EVTZOAH	019015	39	dialog
3920	PRG	TWN_ZOAH	EVTZOAH	00F116	25	dialog
3921	PRG	TWN_ZOAH	EVTZOAH	01B0CB	35	dialog
3922	PRG	FLD_B6	FLD_B6	00A9BA	29	dialog
3923	MOVIE	EVT060_2	EVT060_2	0021EE	39	movie
3924	PRG	TWN_ZOAH	EVTZOAH	00D840	17	dialog
3925	PRG	TWN_CARA	EVTCARA	009E40	31	dialog
3926	PRG	TWN_ZOAH	EVTZOAH	03B683	33	slot
3927	MOVIE	EVT089	EVT089	002C15	35	movie
3928	MOVIE	EVT134_1	EVT134_1	003A5C	17	movie
3929	PRG	TWN_CARA	EVTCARA	017570	23	dialog
3930	MENUBK	MENUBK	MENUBK	007060	199	ui
3931	PRG	TWN_ZOAH	EVTZOAH	01AC1F	15	dialog
3932	PRG	FLD_C8	FLD_T0	014547	17	dialog
3933	PRG	TWN_ZOAH	EVTZOAH	00D8A0	35	dialog
3934	MOVIE	EVT152	EVT152	0050BA	25	movie
3935	PRG	TWN_CAMP	EVTCAMP	00C9A1	31	dialog
3936	PRG	TWN_ZOAH	EVTZOAH	03DEAF	25	dialog
3937	PRG	TWN_ZOAH	EVTZOAH	02F9DC	35	dialog
3938	PRG	TWN_CAMP	EVTCAMP	00E45B	33	dialog
3939	PRG	TWN_ZOAH	EVTZOAH	01925F	33	dialog
3940	PRG	TWN_ZOAH	EVTZOAH	03E81C	39	dialog
3941	PRG	TWN_ZOAH	EVTZOAH	013D3D	39	dialog
3942	PRG	FLD_A5	FLD_A5	00D66A	19	dialog
3943	MOVIE	EVT060_2	EVT060_2	002262	17	movie
3944	MOVIE	EVT068_2	EVT068_2	0026AF	37	movie
3945	PRG	TWN_SEEK	EVTSEEK	015B95	39	dialog
3946	PRG	TWN_ZOAH	EVTZOAH	018EDE	39	dialog
3947	MOVIE	EVT117	EVT117	002E81	25	movie
3948	PRG	TWN_SEEK	EVTSEEK	00BCF1	31	dialog
3949	PRG	TWN_SEEK	EVTSEEK	017E66	35	dialog
3950	PRG	TWN_ZOAH	EVTZOAH	0292EA	31	dialog
3951	PRG	TWN_CARA	EVTCARA	013965	27	dialog
3952	MOVIE	EVT068_2	EVT068_2	0027D6	27	movie
3953	PRG	TWN_CARA	EVTCARA	017C8D	23	dialog
3954	PRG	TWN_CARA	EVTCARA	01726C	19	dialog
3955	PRG	TWN_CARA	EVTCARA	013A55	27	dialog
3956	PRG	TWN_CAMP	EVTCAMP	00EF31	23	dialog
3957	PRG	TWN_ZOAH	EVTZOAH	02AEA6	31	dialog
3958	PRG	TWN_CARA	EVTCARA	012D53	15	dialog
3959	MOVIE	EVT060_2	EVT060_2	0020F9	35	movie
3960	PRG	TWN_ZOAH	EVTZOAH	013648	23	dialog
3961	PRG	TWN_CARA	EVTCARA	012B98	31	dialog
3962	PRG	TWN_CARA	EVTCARA	0170F5	27	dialog
3963	PRG	TWN_ZOAH	EVTZOAH	02F648	29	dialog
3964	PRG	FLD_A3	FLD_A3	009A98	136	dialog
3965	PRG	TWN_CARA	EVTCARA	017DD7	21	dialog
3966	MOVIE	EVT135	EVT135	00462B	19	movie
3967	MOVIE	EVT152	EVT152	005004	11	movie
3968	PRG	TWN_CARA	EVTCARA	017499	19	dialog
3969	PRG	TWN_CAMP	EVTCAMP	00C941	17	dialog
3970	PRG	TWN_ZOAH	EVTZOAH	02AD5D	17	dialog
3971	PRG	TWN_CARA	EVTCARA	016A92	35	dialog
3972	PRG	TWN_CAMP	EVTCAMP	00D599	37	dialog
3973	PRG	TWN_CARA	EVTCARA	009828	37	dialog
3974	PRG	TWN_CAMP	EVTCAMP	00E142	35	dialog
3975	PRG	BTL_C2	BTL_C2	05791B	27	dialog
3976	PRG	FLD_C8	FLD_T0	013E1D	7	dialog
3977	PRG	FLD_C8	FLD_T0	013E30	9	dialog
3978	MENUBK	MENUBK	MENUBK	006BF7	176	ui
3979	MOVIE	EVT068_1	EVT068_1	002558	25	movie
3980	PRG	TWN_ZOAH	EVTZOAH	030076	31	dialog
3981	PRG	TWN_CARA	EVTCARA	01727F	39	dialog
3982	PRG	TWN_ZOAH	EVTZOAH	037455	37	dialog
3983	MOVIE	EVT135	EVT135	00465D	35	movie
3984	PRG	TWN_CAMP	EVTCAMP	00EDC5	19	dialog
3985	PRG	FLD_A7	FLD_A7	007BDE	84	dialog
3986	PRG	FLD_A7	FLD_A7	007FDF	84	dialog
3987	PRG	TWN_CARA	EVTCARA	005EDD	37	dialog
3988	PRG	FLD_A7	FLD_A7	007DCB	106	dialog
3989	PRG	FLD_A7	FLD_A7	0081DD	82	dialog
3990	PRG	BTL_T0	BTL_T0	054008	108	dialog
3991	PRG	TWN_CARA	EVTCARA	0174F2	25	dialog
3992	PRG	TWN_SEEK	EVTSEEK	015403	31	dialog
3993	PRG	BTL_T0	BTL_T0	054948	123	dialog
3994	PRG	FLD_C8	FLD_T0	013251	23	dialog
3995	MOVIE	EVT122_4	EVT122_4	0035E4	29	movie
3996	MOVIE	EVT137	EVT137	00495D	23	movie
3997	PRG	TWN_ZOAH	EVTZOAH	023C38	35	dialog
3998	MOVIE	EVT068_2	EVT068_2	002747	31	movie
3999	PRG	TWN_ZOAH	EVTZOAH	029042	33	dialog
4000	PRG	TWN_CARA	EVTCARA	009FAF	31	dialog
4001	PRG	TWN_CAMP	EVTCAMP	00DF47	31	dialog
4002	PRG	FLD_B5	FLD_B5	00922E	7	dialog
4003	PRG	BTL_C8	BTL_C8	04EACF	13	dialog
4004	PRG	TWN_CAMP	EVTCAMP	00E81E	29	dialog
4005	PRG	TWN_ZOAH	EVTZOAH	0290C3	37	dialog
4006	PRG	TWN_ZOAH	EVTZOAH	0135A6	29	dialog
4007	PRG	FLD_A3	FLD_A3	0090F3	19	dialog
4008	PRG	FLD_B6	FLD_B6	00A78E	21	dialog
4009	PRG	TWN_ZOAH	EVTZOAH	028ECB	39	dialog
4010	PRG	FLD_C8	FLD_T0	0132E5	25	dialog
4011	MOVIE	EVT068_2	EVT068_2	002783	31	movie
4012	PRG	TWN_ZOAH	EVTZOAH	03460D	27	dialog
4013	PRG	TWN_CAMP	EVTCAMP	00E652	39	dialog
4014	MOVIE	EVT041	EVT041	00188F	35	movie
4015	PRG	TWN_ZOAH	EVTZOAH	01E4B0	37	dialog
4016	PRG	TWN_CAMP	EVTCAMP	00DD54	29	dialog
4017	PRG	TWN_CAMP	EVTCAMP	00F37E	29	dialog
4018	PRG	TWN_ZOAH	EVTZOAH	01C700	37	dialog
4019	MOVIE	EVT144	EVT144	004D24	15	movie
4020	MOVIE	EVT152	EVT152	0050AF	11	movie
4021	PRG	TWN_CARA	EVTCARA	006525	15	dialog
4022	PRG	TWN_CARA	EVTCARA	009ED5	39	dialog
4023	MOVIE	EVT122_4	EVT122_4	00349D	25	movie
4024	MOVIE	EVT029	EVT029	00176F	27	movie
4025	MOVIE	EVT144	EVT144	004C25	19	movie
4026	PRG	TWN_ZOAH	EVTZOAH	03EA44	29	dialog
4027	MOVIE	EVT122_4	EVT122_4	003624	35	movie
4028	MOVIE	EVT134_2	EVT134_2	003FAD	25	movie
4029	MENUBK	MENUBK	MENUBK	0057DC	167	ui
4030	PRG	TWN_SEEK	EVTSEEK	0151C3	35	dialog
4031	MOVIE	EVT016_1	EVT016_1	0010F5	17	movie
4032	PRG	TWN_CARA	EVTCARA	00A38D	23	dialog
4033	PRG	TWN_SEEK	EVTSEEK	0124AE	33	dialog
4034	MOVIE	EVT000_2	EVT000_2	00031B	31	movie
4035	MOVIE	EVT000_5	EVT000_5	000BED	31	movie
4036	PRG	TWN_CARA	EVTCARA	006755	25	dialog
4037	MENUBK	MENUBK	MENUBK	001C1C	217	ui
4038	MOVIE	EVT134_3	EVT134_3	0042A6	21	movie
4039	MENUBK	MENUBK	MENUBK	0048FB	190	ui
4040	MOVIE	EVT134_2	EVT134_2	003EDF	25	movie
4041	PRG	TWN_SEEK	EVTSEEK	015E1C	31	dialog
4042	PRG	TWN_ZOAH	EVTZOAH	01D0EB	25	dialog
4043	PRG	TWN_CARA	EVTCARA	0069DD	39	dialog
4044	PRG	TWN_ZOAH	EVTZOAH	00F0D2	33	dialog
4045	MENUBK	MENUBK	MENUBK	007520	122	ui
4046	PRG	TWN_SEEK	EVTSEEK	0188C7	9	dialog
4047	PRG	FLD_A3	FLD_A3	009135	35	dialog
4048	MOVIE	EVT152	EVT152	005089	15	movie
4049	MOVIE	EVT016_2	EVT016_2	001371	25	movie
4050	PRG	FLD_C8	FLD_T0	0145B3	31	dialog
4051	MOVIE	EVT135	EVT135	0045BE	25	movie
4052	PRG	TWN_CARA	EVTCARA	00A422	35	dialog
4053	PRG	TWN_CARA	EVTCARA	0172BC	25	dialog
4054	PRG	TWN_CARA	EVTCARA	017441	39	dialog
4055	PRG	TWN_CARA	EVTCARA	006975	33	dialog
4056	PRG	TWN_SEEK	EVTSEEK	00BBD3	37	dialog
4057	PRG	TWN_ZOAH	EVTZOAH	03445F	35	dialog
4058	PRG	TWN_CARA	EVTCARA	00CBA8	33	dialog
4059	MOVIE	EVT134_2	EVT134_2	003E51	17	movie
4060	MOVIE	EVT041	EVT041	001B00	27	movie
4061	PRG	TWN_ZOAH	EVTZOAH	0300DD	29	dialog
4062	PRG	TWN_CAMP	EVTCAMP	00EFC2	25	dialog
4063	MOVIE	EVT068_3	EVT068_3	002A60	11	movie
4064	PRG	TWN_ZOAH	EVTZOAH	034665	27	dialog
4065	PRG	TWN_SEEK	EVTSEEK	0169FC	31	dialog
4066	PRG	TWN_EXCA	EVTEXCA	001209	33	dialog
4067	PRG	TWN_ZOAH	EVTZOAH	01325D	29	dialog
4068	MOVIE	EVT000_1	EVT000_1	000199	13	movie
4069	PRG	BTL_C2	BTL_C2	057CC8	37	dialog
4070	PRG	TWN_SEEK	EVTSEEK	008CC4	27	dialog
4071	PRG	TWN_ZOAH	EVTZOAH	0337B0	25	dialog
4072	PRG	TWN_CAMP	EVTCAMP	00E440	27	dialog
4073	PRG	TWN_CARA	EVTCARA	00ED44	11	dialog
4074	PRG	TWN_CARA	EVTCARA	016F89	37	dialog
4075	MOVIE	EVT000_2	EVT000_2	0005B3	13	movie
4076	PRG	FLD_A5	FLD_A5	00D3E1	37	dialog
4077	PRG	FLD_C8	FLD_T0	012E73	29	dialog
4078	PRG	TWN_CARA	EVTCARA	013885	25	dialog
4079	PRG	TWN_ZOAH	EVTZOAH	039DD7	39	dialog
4080	MOVIE	EVT135	EVT135	00471A	15	movie
4081	MOVIE	EVT134_2	EVT134_2	003D5D	19	movie
4082	PRG	FLD_C8	FLD_T0	0134DB	19	dialog
4083	PRG	FLD_B6	FLD_B6	009F0C	39	dialog
4084	MOVIE	EVT134_1	EVT134_1	003A1F	15	movie
4085	PRG	FLD_C8	FLD_T0	013EF3	17	dialog
4086	PRG	FLD_B6	FLD_B6	009EAE	35	dialog
4087	PRG	FLD_B6	FLD_B6	009CAC	25	dialog
4088	MENUBK	MENUBK	MENUBK	007205	215	ui
4089	PRG	TWN_ZOAH	EVTZOAH	019313	37	dialog
4090	PRG	TWN_ZOAH	EVTZOAH	0193C5	35	dialog
4091	PRG	TWN_ZOAH	EVTZOAH	0185AC	29	dialog
4092	PRG	TWN_ZOAH	EVTZOAH	0185FB	39	dialog
4093	PRG	TWN_ZOAH	EVTZOAH	018FA1	25	dialog
4094	PRG	TWN_ZOAH	EVTZOAH	018786	23	dialog
4095	PRG	TWN_ZOAH	EVTZOAH	01967E	23	dialog
4096	PRG	TWN_ZOAH	EVTZOAH	0195B6	33	dialog
4097	PRG	TWN_CAMP	EVTCAMP	00D4B9	29	dialog
4098	MOVIE	EVT016_2	EVT016_2	001187	21	movie
4099	PRG	FLD_B6	FLD_B6	00B01E	25	dialog
4100	PRG	BTL_T0	BTL_T0	0538F6	67	dialog
4101	PRG	TWN_CARA	EVTCARA	016C36	29	dialog
4102	PRG	FLD_C8	FLD_T0	012CCB	11	dialog
4103	PRG	BTL_T0	BTL_T0	053FBB	77	dialog
4104	MOVIE	EVT060_2	EVT060_2	0022F2	13	movie
4105	PRG	TWN_ZOAH	EVTZOAH	023156	25	dialog
4106	PRG	TWN_ZOAH	EVTZOAH	023340	33	dialog
4107	PRG	TWN_CAMP	EVTCAMP	00E863	35	dialog
4108	PRG	TWN_ZOAH	EVTZOAH	0303A1	31	dialog
4109	PRG	TWN_CAMP	EVTCAMP	00DF66	35	dialog
4110	MOVIE	EVT041	EVT041	001AED	19	movie
4111	PRG	TWN_CAMP	EVTCAMP	00F57C	7	dialog
4112	PRG	TWN_ZOAH	EVTZOAH	018E52	37	dialog
4113	PRG	TWN_ZOAH	EVTZOAH	0374DE	35	dialog
4114	PRG	FLD_C8	FLD_T0	014386	35	dialog
4115	PRG	TWN_SEEK	EVTSEEK	0123DF	37	dialog
4116	PRG	TWN_ZOAH	EVTZOAH	02F5AF	35	dialog
4117	PRG	TWN_CAMP	EVTCAMP	00CF16	39	dialog
4118	PRG	TWN_CARA	EVTCARA	017312	29	dialog
4119	PRG	TWN_ZOAH	EVTZOAH	02ADB7	27	dialog
4120	PRG	TWN_CARA	EVTCARA	01702A	15	dialog
4121	PRG	TWN_SEEK	EVTSEEK	017FD5	31	dialog
4122	PRG	TWN_CAMP	EVTCAMP	00F740	21	dialog
4123	PRG	TWN_CAMP	EVTCAMP	00EFDB	15	dialog
4124	PRG	TWN_CAMP	EVTCAMP	00CBDC	19	dialog
4125	PRG	TWN_ZOAH	EVTZOAH	0290B2	17	dialog
4126	PRG	FLD_B6	FLD_B6	00AD2C	39	dialog
4127	PRG	TWN_ZOAH	EVTZOAH	029129	33	dialog
4128	PRG	TWN_CAMP	EVTCAMP	00E3D1	33	dialog
4129	PRG	TWN_ZOAH	EVTZOAH	038F1C	37	dialog
4130	PRG	TWN_ZOAH	EVTZOAH	03454B	35	dialog
4131	PRG	TWN_CARA	EVTCARA	00A501	37	slot
4132	MENUBK	MENUBK	MENUBK	000AA2	186	ui
4133	PRG	TWN_SEEK	EVTSEEK	009C01	37	dialog
4134	PRG	TWN_ZOAH	EVTZOAH	030382	31	dialog
4135	PRG	TWN_SEEK	EVTSEEK	00BCB7	25	dialog
4136	MENUBK	MENUBK	MENUBK	0001B2	99	ui
4137	PRG	TWN_EXCA	EVTEXCA	00165E	37	dialog
4138	PRG	TWN_ZOAH	EVTZOAH	02B24D	39	dialog
4139	PRG	TWN_ZOAH	EVTZOAH	018D70	23	dialog
4140	PRG	FLD_C8	FLD_T0	013ED2	33	dialog
4141	PRG	TWN_CARA	EVTCARA	00F859	39	dialog
4142	PRG	TWN_CARA	EVTCARA	01717F	25	dialog
4143	PRG	TWN_ZOAH	EVTZOAH	029021	33	dialog
4144	PRG	TWN_CARA	EVTCARA	012AF7	29	dialog
4145	PRG	TWN_SEEK	EVTSEEK	018084	29	dialog
4146	PRG	TWN_CAMP	EVTCAMP	00F318	35	dialog
4147	PRG	TWN_CARA	EVTCARA	012D35	17	dialog
4148	PRG	TWN_CAMP	EVTCAMP	00F09D	29	dialog
4149	PRG	TWN_CAMP	EVTCAMP	00F4BB	19	dialog
4150	PRG	TWN_CAMP	EVTCAMP	00ED80	15	dialog
4151	PRG	TWN_CAMP	EVTCAMP	00E620	37	dialog
4152	PRG	BTL_T0	BTL_T0	053CEB	71	dialog
4153	PRG	FLD_D5	FLD_D5	002D26	17	dialog
4154	PRG	BTL_D5	BTL_D5	05ACD7	25	dialog
4155	PRG	TWN_CARA	EVTCARA	01678F	35	dialog
4156	PRG	TWN_CARA	EVTCARA	016FF4	19	dialog
4157	PRG	TWN_ZOAH	EVTZOAH	023B1E	31	dialog
4158	PRG	TWN_CAMP	EVTCAMP	00C8F9	19	dialog
4159	PRG	TWN_ZOAH	EVTZOAH	01AB95	29	dialog
4160	PRG	FLD_B6	FLD_B6	00A5D1	19	dialog
4161	MENUBK	MENUBK	MENUBK	000ED7	174	ui
4162	PRG	TWN_SEEK	EVTSEEK	00C264	31	dialog
4163	PRG	TWN_ZOAH	EVTZOAH	018AFC	37	dialog
4164	PRG	TWN_ZOAH	EVTZOAH	03E4F7	35	dialog
4165	MOVIE	EVT144	EVT144	004AED	23	movie
4166	MOVIE	EVT060_2	EVT060_2	00219D	19	movie
4167	PRG	TWN_CAMP	EVTCAMP	00E79A	37	dialog
4168	PRG	TWN_ZOAH	EVTZOAH	00D995	35	dialog
4169	PRG	TWN_CAMP	EVTCAMP	00D43E	35	dialog
4170	MOVIE	EVT041	EVT041	001B2C	31	movie
4171	PRG	TWN_CAMP	EVTCAMP	00F2D1	35	dialog
4172	PRG	BTL_T0	BTL_T0	0541B4	35	dialog
4173	PRG	TWN_ZOAH	EVTZOAH	02B3EF	31	dialog
4174	PRG	TWN_ZOAH	EVTZOAH	01C222	17	dialog
4175	PRG	TWN_ZOAH	EVTZOAH	0193E8	19	dialog
4176	PRG	TWN_SEEK	EVTSEEK	00733C	35	dialog
4177	MENUBK	MENUBK	MENUBK	00216F	190	ui
4178	PRG	TWN_ZOAH	EVTZOAH	01D262	39	dialog
4179	PRG	TWN_CAMP	EVTCAMP	00C719	37	dialog
4180	MOVIE	EVT089	EVT089	002D2A	21	movie
4181	PRG	BTL_B2	BTL_B2	04FE5E	39	dialog
4182	PRG	TWN_SEEK	EVTSEEK	012332	23	dialog
4183	PRG	TWN_ZOAH	EVTZOAH	03E958	37	dialog
4184	PRG	TWN_CAMP	EVTCAMP	00DF1D	29	dialog
4185	PRG	TWN_ZOAH	EVTZOAH	03453C	15	dialog
4186	PRG	FLD_B6	FLD_B6	00AF6B	37	dialog
4187	PRG	TWN_ZOAH	EVTZOAH	02F576	35	dialog
4188	PRG	TWN_ZOAH	EVTZOAH	018F4B	29	dialog
4189	MENUBK	MENUBK	MENUBK	000A0B	151	ui
4190	PRG	TWN_SEEK	EVTSEEK	009B85	29	dialog
4191	MOVIE	EVT060_1	EVT060_1	001F60	17	movie
4192	PRG	TWN_ZOAH	EVTZOAH	02AFD3	39	dialog
4193	PRG	TWN_ZOAH	EVTZOAH	02F1DC	25	dialog
4194	PRG	TWN_ZOAH	EVTZOAH	0194CF	25	dialog
4195	PRG	TWN_ZOAH	EVTZOAH	03B4EF	25	dialog
4196	PRG	TWN_ZOAH	EVTZOAH	0229D4	21	dialog
4197	PRG	TWN_ZOAH	EVTZOAH	01B13B	39	dialog
4198	PRG	TWN_ZOAH	EVTZOAH	03DCCE	19	dialog
4199	PRG	TWN_ZOAH	EVTZOAH	02F983	21	dialog
4200	MOVIE	EVT089	EVT089	002D09	33	movie
4201	PRG	TWN_ZOAH	EVTZOAH	039DFE	29	dialog
4202	PRG	TWN_ZOAH	EVTZOAH	02B41D	27	dialog
4203	PRG	TWN_CAMP	EVTCAMP	00F4DB	25	dialog
4204	PRG	BTL_A5_3	BTL_A53	04F897	39	dialog
4205	PRG	MENUEN	MENUEN	004FE9	159	ui
4206	PRG	TWN_CARA	EVTCARA	009CFC	35	dialog
4207	PRG	TWN_CARA	EVTCARA	009C44	29	dialog
4208	PRG	TWN_CARA	EVTCARA	016B4D	37	dialog
4209	PRG	TWN_CARA	EVTCARA	00A110	35	dialog
4210	PRG	TWN_CAMP	EVTCAMP	00E712	37	dialog
4211	PRG	BTL_B2	BTL_B2	04FDD0	37	dialog
4212	PRG	TWN_ZOAH	EVTZOAH	03E9B1	15	dialog
4213	PRG	TWN_CAMP	EVTCAMP	00F416	33	dialog
4214	PRG	TWN_CARA	EVTCARA	016A75	29	dialog
4215	PRG	BTL_B6_2	BTL_B62	053C73	31	dialog
4216	PRG	FLD_B6	FLD_B6	00A1AD	35	dialog
4217	PRG	FLD_A5	FLD_A5	00D4B5	39	dialog
4218	PRG	FLD_B6	FLD_B6	009D59	33	dialog
4219	PRG	BTL_B2	BTL_B2	04FF92	23	dialog
4220	PRG	FLD_B6	FLD_B6	009DCD	29	dialog
4221	PRG	TWN_CARA	EVTCARA	00689E	37	dialog
4222	MOVIE	EVT144	EVT144	004D05	31	movie
4223	MOVIE	EVT016_2	EVT016_2	0013C5	17	movie
4224	PRG	TWN_ZOAH	EVTZOAH	02AD29	13	dialog
4225	MOVIE	EVT135	EVT135	0046BB	11	movie
4226	PRG	TWN_SEEK	EVTSEEK	00BC6C	27	dialog
4227	PRG	TWN_SEEK	EVTSEEK	01695E	33	dialog
4228	PRG	FLD_C8	FLD_T0	0143DE	37	dialog
4229	PRG	FLD_C4	FLD_C4	0488E9	4	dialog
4230	PRG	FLD_A7	FLD_A7	031E4B	4	dialog
4231	PRG	FLD_C4	FLD_C4	0489FD	4	dialog
4232	PRG	FLD_A5	FLD_A5	0374C1	4	dialog
4233	PRG	TWN_CAMP	EVTCAMP	02531F	26	dialog
4234	MOVIE	EVT127_1	EVT127_1	003933	11	movie
4235	PRG	BTL_A3_2	BTL_A32	054EAD	31	dialog
4236	MOVIE	EVT161_2	EVT161_2	0057E4	7	movie
4237	PRG	TWN_CARA	EVTCARA	01741B	13	dialog
4238	MOVIE	EVT161_2	EVT161_2	00574A	35	movie
4239	PRG	TWN_CAMP	EVTCAMP	00E226	15	dialog
4240	PRG	TWN_ZOAH	EVTZOAH	02B15B	15	dialog
4241	PRG	TWN_ZOAH	EVTZOAH	0131D0	21	dialog
4242	PRG	TWN_CAMP	EVTCAMP	00D733	33	dialog
4243	PRG	TWN_ZOAH	EVTZOAH	02F955	33	dialog
4244	PRG	TWN_ZOAH	EVTZOAH	02FD88	10	dialog
4245	PRG	FLD_B5	FLD_B5	0090CC	32	dialog
4246	PRG	BTL_T0	BTL_T0	0553AC	96	dialog
4247	MENUBK	MENUBK	MENUBK	005EA1	180	ui
4248	PRG	TWN_CARA	EVTCARA	00A07F	10	dialog
4249	PRG	TWN_CARA	EVTCARA	012E76	21	dialog
4250	PRG	TWN_CARA	EVTCARA	0063A9	25	dialog
4251	PRG	TWN_ZOAH	EVTZOAH	03E676	12	dialog
4252	MOVIE	EVT068_2	EVT068_2	002658	27	movie
4253	PRG	BTL_X0	BTL_X0	05E1C4	33	dialog
4254	MOVIE	EVT068_2	EVT068_2	0028DA	23	movie
4255	PRG	TWN_CAMP	EVTCAMP	00DFB1	33	dialog
4256	PRG	BTL_X0	BTL_X0	05E12F	25	dialog
4257	MOVIE	EVT000_4	EVT000_4	00094E	13	movie
4258	PRG	BTL_X0	BTL_X0	05E37A	11	dialog
4259	MOVIE	EVT134_2	EVT134_2	003DCB	17	movie
4260	PRG	TWN_CAMP	EVTCAMP	010226	9	dialog
4261	PRG	FLD_A5	FLD_A5	00D6A9	14	dialog
4262	PRG	MENUEN	MENUEN	0028A8	6	ui
4263	PRG	TWN_CARA	EVTCARA	01722E	9	dialog
4264	PRG	TWN_ZOAH	EVTZOAH	03379B	21	dialog
4265	PRG	BTL_B6	BTL_B6	05B2A4	29	dialog
4266	MENUBK	MENUBK	MENUBK	001430	197	ui
4267	PRG	TWN_CARA	EVTCARA	00A3FB	39	dialog
4268	PRG	TWN_SEEK	EVTSEEK	009C26	39	dialog
4269	PRG	FLD_D2	FLD_D2	03C374	12	dialog
4270	PRG	FLD_D2	FLD_D2	03C364	16	dialog
4271	PRG	TWN_CARA	EVTCARA	00A1E7	37	dialog
4272	PRG	TWN_SEEK	EVTSEEK	018850	17	dialog
4273	PRG	TWN_ZOAH	EVTZOAH	018949	29	dialog
4274	PRG	TWN_SEEK	EVTSEEK	00E85E	37	dialog
4275	MOVIE	EVT016_2	EVT016_2	001238	23	movie
4276	PRG	TWN_ZOAH	EVTZOAH	01AD99	35	dialog
4277	PRG	TWN_ZOAH	EVTZOAH	038E6C	37	dialog
4278	PRG	FLD_B6	FLD_B6	009DF6	17	dialog
4279	PRG	FLD_B6	FLD_B6	00AFF9	37	dialog
4280	PRG	FLD_C8	FLD_T0	013CFB	29	dialog
4281	PRG	FLD_A3	FLD_A3	00925E	35	dialog
4282	PRG	TWN_ZOAH	EVTZOAH	023483	25	dialog
4283	PRG	TWN_CARA	EVTCARA	00CD7B	33	dialog
4284	PRG	TWN_ZOAH	EVTZOAH	01375C	39	dialog
4285	PRG	TWN_ZOAH	EVTZOAH	02F929	31	dialog
4286	PRG	TWN_CARA	EVTCARA	0172FB	23	dialog
4287	PRG	TWN_ZOAH	EVTZOAH	02FA79	21	dialog
4288	PRG	TWN_ZOAH	EVTZOAH	03E70B	39	dialog
4289	PRG	TWN_CARA	EVTCARA	0171D9	13	dialog
4290	PRG	TWN_CARA	EVTCARA	0069BC	33	dialog
4291	PRG	TWN_ZOAH	EVTZOAH	023380	33	dialog
4292	PRG	TWN_ZOAH	EVTZOAH	02391B	35	dialog
4293	PRG	BTL_C8_2	BTL_C82	04F270	23	dialog
4294	PRG	TWN_ZOAH	EVTZOAH	03B614	37	dialog
4295	PRG	TWN_ZOAH	EVTZOAH	01C0B6	19	dialog
4296	PRG	TWN_CARA	EVTCARA	00C791	23	dialog
4297	PRG	TWN_ZOAH	EVTZOAH	022862	27	dialog
4298	PRG	TWN_ZOAH	EVTZOAH	022B04	25	dialog
4299	PRG	TWN_ZOAH	EVTZOAH	0184D9	21	dialog
4300	PRG	TWN_CARA	EVTCARA	00616D	23	dialog
4301	PRG	TWN_ZOAH	EVTZOAH	02FB25	21	dialog
4302	PRG	TWN_ZOAH	EVTZOAH	0135E7	27	dialog
4303	PRG	TWN_ZOAH	EVTZOAH	023AB5	31	dialog
4304	PRG	TWN_CARA	EVTCARA	012DC3	35	dialog
4305	PRG	TWN_SEEK	EVTSEEK	00E90A	23	dialog
4306	PRG	TWN_ZOAH	EVTZOAH	038D0C	19	dialog
4307	PRG	TWN_ZOAH	EVTZOAH	03E149	35	dialog
4308	PRG	TWN_CAMP	EVTCAMP	00F25D	27	dialog
4309	PRG	BTL_A5_2	BTL_A52	05AB1F	27	dialog
4310	PRG	TWN_ZOAH	EVTZOAH	01AE99	13	dialog
4311	PRG	TWN_ZOAH	EVTZOAH	01C11B	23	dialog
4312	PRG	TWN_ZOAH	EVTZOAH	02F476	35	dialog
4313	PRG	TWN_SEEK	EVTSEEK	00E7D2	23	dialog
4314	PRG	TWN_ZOAH	EVTZOAH	013595	17	dialog
4315	PRG	BTL_A5_2	BTL_A52	05AA80	27	dialog
4316	PRG	BTL_A5_2	BTL_A52	05AC8B	31	dialog
4317	PRG	BTL_B2	BTL_B2	04FE29	17	dialog
4318	PRG	TWN_ZOAH	EVTZOAH	013516	29	dialog
4319	PRG	TWN_SEEK	EVTSEEK	00EA4B	37	dialog
4320	PRG	TWN_ZOAH	EVTZOAH	018A6F	35	dialog
4321	MOVIE	EVT043	EVT043	001C3C	33	movie
4322	PRG	TWN_ZOAH	EVTZOAH	01E32F	37	dialog
4323	MOVIE	EVT008	EVT008	000EC6	35	movie
4324	PRG	BTL_D2_2	BTL_D22	05025A	29	dialog
4325	PRG	FLD_A3	FLD_A3	0092A2	25	dialog
4326	PRG	TWN_ZOAH	EVTZOAH	032E51	37	dialog
4327	MOVIE	EVT134_2	EVT134_2	003FC6	33	movie
4328	PRG	TWN_SEEK	EVTSEEK	008D39	4	dialog
4329	PRG	TWN_ZOAH	EVTZOAH	013A60	4	dialog
4330	PRG	TITLE		0004AB	6	ui
4331	PRG	TWN_CAMP	EVTCAMP	025357	26	dialog
4332	PRG	TWN_SEEK	EVTSEEK	0154F5	4	dialog
4333	PRG	TWN_CARA	EVTCARA	00CA27	27	dialog
4334	PRG	TWN_CARA	EVTCARA	00CD3C	37	dialog
4335	PRG	TWN_CARA	EVTCARA	0174E6	12	dialog
4336	PRG	FLD_A7	FLD_A7	007165	94	dialog
4337	PRG	TWN_SEEK	EVTSEEK	015EF2	12	dialog
4338	PRG	FLD_B6	FLD_B6	00A67A	17	dialog
4339	PRG	FLAGEDIT	FLAGEDIT	001381	2	ui
4340	PRG	TITLE		000499	6	ui
4341	PRG	TWN_CARA	EVTCARA	00CC1B	27	dialog
4342	PRG	FLD_C8	FLD_T0	01483A	11	dialog
4343	PRG	FLD_C8	FLD_T0	0148C8	11	dialog
4344	PRG	FLD_C8	FLD_T0	014935	11	dialog
4345	PRG	FLD_C8	FLD_T0	014983	11	dialog
4346	PRG	FLD_C8	FLD_T0	0149C9	9	dialog
4347	PRG	FLD_C8	FLD_T0	014A0F	11	dialog
4348	PRG	FLD_C4	FLD_C4	0488ED	4	dialog
4349	PRG	FLD_A7	FLD_A7	031E4F	4	dialog
4350	PRG	FLD_C4	FLD_C4	048A01	4	dialog
4351	PRG	FLD_A5	FLD_A5	0374C5	4	dialog
4352	PRG	FLD_A7	FLD_A7	007426	68	dialog
4353	PRG	FLD_B6	FLD_B6	00A5B8	7	dialog
4354	PRG	FLD_B5	FLD_B5	0090EC	7	dialog
4355	PRG	FLD_C8	FLD_T0	014952	17	dialog
4356	PRG	TWN_SEEK	EVTSEEK	015445	4	dialog
4357	PRG	TWN_CARA	EVTCARA	0097CF	20	dialog
4358	PRG	FLD_A7	FLD_A7	006D6C	19	dialog
4359	PRG	FLD_A7	FLD_A7	006BF7	27	dialog
4360	PRG	TWN_CARA	EVTCARA	012AAE	23	dialog
4361	PRG	TWN_SEEK	EVTSEEK	015F51	8	dialog
4362	PRG	TWN_CAMP	EVTCAMP	00D69D	10	dialog
4363	PRG	FLD_B6	FLD_B6	00A49F	13	dialog
4364	PRG	BTL_T0	BTL_T0	0539D2	41	dialog
4365	PRG	BTL_T0	BTL_T0	053A17	72	dialog
4366	PRG	BTL_T0	BTL_T0	053B05	60	dialog
4367	PRG	TWN_ZOAH	EVTZOAH	032CD7	4	dialog
4368	PRG	TWN_ZOAH	EVTZOAH	0345B3	21	dialog
4369	COMMON	COMMON	ITEM	00AA90	48	ui
4370	MOVIE	EVT152	EVT152	004F30	11	movie
4371	MOVIE	EVT000_5	EVT000_5	000C6E	5	movie
4372	PRG	TWN_ZOAH	EVTZOAH	03733B	6	dialog
4373	PRG	BTL_C5_2	BTL_C52	0510E4	4	dialog
4374	PRG	TWN_ZOAH	EVTZOAH	02FF5B	20	dialog
4375	MOVIE	EVT000_3	EVT000_3	0007E2	9	movie
4376	MOVIE	EVT089	EVT089	002B04	15	movie
4377	PRG	TWN_SEEK	EVTSEEK	008B89	27	dialog
4378	PRG	TWN_CAMP	EVTCAMP	00D94B	23	dialog
4379	MOVIE	EVT068_2	EVT068_2	0028CB	15	movie
4380	PRG	TWN_ZOAH	EVTZOAH	02AAFF	19	dialog
4381	PRG	TWN_ZOAH	EVTZOAH	0194BE	17	dialog
4382	PRG	TWN_CARA	EVTCARA	00F06D	31	dialog
4383	PRG	TWN_CARA	EVTCARA	009E5F	33	dialog
4384	PRG	TWN_CARA	EVTCARA	0134F1	37	dialog
4385	PRG	TWN_ZOAH	EVTZOAH	028DCA	39	dialog
4386	PRG	FLAGEDIT	FLAGEDIT	001319	31	ui
4387	PRG	BTL_C5	BTL_C5	05237E	25	dialog
4388	PRG	BTL_A7_2	BTL_A72	050ED4	33	dialog
4389	PRG	TWN_CARA	EVTCARA	00F433	35	dialog
4390	PRG	BTL_B6_2	BTL_B62	053C29	23	dialog
4391	PRG	TWN_ZOAH	EVTZOAH	02F9C9	19	dialog
4392	MOVIE	EVT041	EVT041	0018CB	13	movie
4393	MOVIE	EVT000_4	EVT000_4	000902	21	movie
4394	PRG	TWN_ZOAH	EVTZOAH	01C132	35	dialog
4395	PRG	TWN_ZOAH	EVTZOAH	03E695	39	dialog
4396	PRG	BTL_B6	BTL_B6	05B0B0	5	dialog
4397	PRG	FLD_C4	FLD_C4	0488F1	4	dialog
4398	PRG	FLD_A7	FLD_A7	031E53	4	dialog
4399	PRG	FLD_C4	FLD_C4	048A05	4	dialog
4400	PRG	FLD_A5	FLD_A5	0374C9	4	dialog
4401	PRG	FLD_A5	FLD_A5	00D21F	8	dialog
4402	PRG	FLD_A5	FLD_A5	00D237	8	dialog
4403	PRG	FLD_A5	FLD_A5	00D22F	8	dialog
4404	PRG	TWN_ZOAH	EVTZOAH	022DF7	4	dialog
4405	PRG	TWN_SEEK	EVTSEEK	0166EF	35	dialog
4406	PRG	TWN_ZOAH	EVTZOAH	039E28	31	dialog
4407	PRG	TWN_SEEK	EVTSEEK	00EACA	35	dialog
4408	PRG	TWN_ZOAH	EVTZOAH	01E07A	35	dialog
4409	PRG	TWN_CAMP	EVTCAMP	00DDE8	39	dialog
4410	PRG	TWN_ZOAH	EVTZOAH	018527	31	dialog
4411	PRG	TWN_SEEK	EVTSEEK	00E789	21	dialog
4412	PRG	TWN_SEEK	EVTSEEK	0125CA	21	dialog
4413	PRG	TWN_CAMP	EVTCAMP	00C8DA	31	dialog
4414	PRG	TWN_CARA	EVTCARA	00CC82	4	dialog
4415	PRG	TWN_ZOAH	EVTZOAH	03398B	33	dialog
4416	PRG	TWN_ZOAH	EVTZOAH	03361C	33	dialog
4417	PRG	TWN_ZOAH	EVTZOAH	02AADC	35	dialog
4418	PRG	BTL_C5_2	BTL_C52	04F8D9	21	dialog
4419	PRG	TWN_ZOAH	EVTZOAH	00D88F	17	dialog
4420	PRG	BTL_C5_2	BTL_C52	04F8EE	35	dialog
4421	PRG	TWN_SEEK	EVTSEEK	015DF9	35	dialog
4422	PRG	TWN_ZOAH	EVTZOAH	039CDE	15	dialog
4423	PRG	TWN_ZOAH	EVTZOAH	02FB6A	31	dialog
4424	PRG	TWN_CARA	EVTCARA	012D94	27	dialog
4425	PRG	TWN_ZOAH	EVTZOAH	0232CA	15	dialog
4426	PRG	TWN_ZOAH	EVTZOAH	02394B	25	dialog
4427	PRG	TWN_CARA	EVTCARA	0168DD	37	dialog
4428	PRG	TWN_ZOAH	EVTZOAH	030106	11	dialog
4429	PRG	TWN_SEEK	EVTSEEK	00C243	31	dialog
4430	PRG	TWN_SEEK	EVTSEEK	008D78	31	dialog
4431	PRG	TWN_SEEK	EVTSEEK	0087E6	29	dialog
4432	MOVIE	EVT016_2	EVT016_2	0012ED	33	movie
4433	MOVIE	EVT016_2	EVT016_2	0013B4	17	movie
4434	PRG	TWN_ZOAH	EVTZOAH	03EACE	29	dialog
4435	PRG	TWN_CARA	EVTCARA	017BF0	15	dialog
4436	PRG	TWN_ZOAH	EVTZOAH	01AC63	29	dialog
4437	PRG	TWN_ZOAH	EVTZOAH	03E3C8	29	dialog
4438	PRG	TWN_CAMP	EVTCAMP	00E1AE	33	dialog
4439	PRG	TWN_SEEK	EVTSEEK	00EA10	25	dialog
4440	MOVIE	EVT043	EVT043	001C5D	21	movie
4441	MOVIE	EVT016_2	EVT016_2	00124F	37	movie
4442	PRG	TWN_ZOAH	EVTZOAH	02B2B3	31	dialog
4443	PRG	TWN_SEEK	EVTSEEK	00878E	21	dialog
4444	PRG	TWN_ZOAH	EVTZOAH	01E361	21	dialog
4445	PRG	TWN_ZOAH	EVTZOAH	033A42	21	dialog
4446	PRG	TWN_ZOAH	EVTZOAH	01AED4	33	dialog
4447	PRG	TWN_CAMP	EVTCAMP	00CDC5	13	dialog
4448	PRG	TWN_SEEK	EVTSEEK	012418	25	dialog
4449	PRG	TWN_ZOAH	EVTZOAH	03E1D6	19	dialog
4450	PRG	TWN_ZOAH	EVTZOAH	0333A0	33	dialog
4451	PRG	TWN_CARA	EVTCARA	00C7A8	35	dialog
4452	PRG	TWN_ZOAH	EVTZOAH	030534	7	dialog
4453	PRG	TWN_ZOAH	EVTZOAH	01B00C	23	dialog
4454	PRG	TWN_CAMP	EVTCAMP	00C770	37	dialog
4455	PRG	TWN_ZOAH	EVTZOAH	03E599	31	dialog
4456	PRG	TWN_ZOAH	EVTZOAH	01C446	35	dialog
4457	PRG	TWN_SEEK	EVTSEEK	0172F5	29	dialog
4458	MOVIE	EVT000_5	EVT000_5	000BBF	25	movie
4459	MOVIE	EVT089	EVT089	002B28	39	movie
4460	PRG	TWN_ZOAH	EVTZOAH	02929F	25	dialog
4461	PRG	TWN_SEEK	EVTSEEK	00BB25	39	dialog
4462	PRG	TWN_ZOAH	EVTZOAH	02F63F	9	dialog
4463	MENUBK	MENUBK	MENUBK	005992	143	ui
4464	PRG	TWN_ZOAH	EVTZOAH	0375D9	27	dialog
4465	PRG	BTL_B6_2	BTL_B62	053CFE	21	dialog
4466	PRG	BTL_A3_2	BTL_A32	054F29	25	dialog
4467	PRG	FLD_A5	FLD_A5	00D54D	11	dialog
4468	PRG	BTL_B6_2	BTL_B62	053BF3	23	dialog
4469	PRG	FLD_C8	FLD_T0	0133E7	11	dialog
4470	PRG	TWN_SEEK	EVTSEEK	012297	31	dialog
4471	PRG	TWN_SEEK	EVTSEEK	015266	39	dialog
4472	PRG	TWN_CAMP	EVTCAMP	00D531	33	dialog
4473	PRG	TWN_CARA	EVTCARA	00F016	39	dialog
4474	PRG	TWN_CAMP	EVTCAMP	00EF03	33	dialog
4475	PRG	TWN_CARA	EVTCARA	01341E	33	dialog
4476	PRG	TWN_ZOAH	EVTZOAH	01869A	35	dialog
4477	MOVIE	EVT122_2	EVT122_2	002F14	23	movie
4478	MOVIE	EVT152	EVT152	004F7D	27	movie
4479	PRG	TWN_CARA	EVTCARA	009D9E	31	dialog
4480	PRG	TWN_CARA	EVTCARA	013829	31	dialog
4481	PRG	BTL_B2	BTL_B2	04FE18	17	dialog
4482	PRG	TWN_CAMP	EVTCAMP	00F7A2	35	dialog
4483	PRG	TWN_ZOAH	EVTZOAH	0291AF	25	dialog
4484	PRG	TWN_SEEK	EVTSEEK	017EF7	27	dialog
4485	PRG	BTL_C2	BTL_C2	057AF1	37	dialog
4486	PRG	TWN_SEEK	EVTSEEK	0168BF	27	dialog
4487	PRG	BTL_B6_2	BTL_B62	053B74	17	dialog
4488	PRG	TWN_ZOAH	EVTZOAH	0339D6	25	dialog
4489	PRG	TWN_ZOAH	EVTZOAH	033AF8	27	dialog
4490	PRG	BTL_B2	BTL_B2	04FF35	31	dialog
4491	PRG	TWN_CARA	EVTCARA	00A332	39	dialog
4492	PRG	FLD_B5	FLD_B5	009381	7	dialog
4493	PRG	FLD_B5	FLD_B5	0096A2	19	dialog
4494	PRG	TWN_CARA	EVTCARA	016C60	39	dialog
4495	PRG	TWN_CARA	EVTCARA	00676E	39	dialog
4496	PRG	TWN_ZOAH	EVTZOAH	023545	6	dialog
4497	MENUBK	MENUBK	MENUBK	000C16	201	ui
4498	PRG	TWN_ZOAH	EVTZOAH	02ABDB	17	dialog
4499	PRG	TWN_SEEK	EVTSEEK	0072E3	37	dialog
4500	PRG	TWN_CAMP	EVTCAMP	00E76C	33	dialog
4501	PRG	TWN_ZOAH	EVTZOAH	02F742	31	dialog
4502	PRG	TWN_ZOAH	EVTZOAH	03451B	33	dialog
4503	PRG	TWN_CARA	EVTCARA	012BE5	39	dialog
4504	PRG	TWN_SEEK	EVTSEEK	00BD91	35	dialog
4505	PRG	TWN_ZOAH	EVTZOAH	00D90F	35	dialog
4506	PRG	TWN_ZOAH	EVTZOAH	034680	37	dialog
4507	MOVIE	EVT068_2	EVT068_2	0027F1	17	movie
4508	PRG	FLD_C4	FLD_C4	0488F5	4	dialog
4509	PRG	FLD_A7	FLD_A7	031E57	4	dialog
4510	PRG	FLD_C4	FLD_C4	048A09	4	dialog
4511	PRG	FLD_A5	FLD_A5	0374CD	4	dialog
4512	PRG	TWN_ZOAH	EVTZOAH	013C5A	10	dialog
4513	MOVIE	EVT122_4	EVT122_4	003410	39	movie
4514	PRG	FLD_C8	FLD_T0	013BEB	18	dialog
4515	PRG	TWN_CAMP	EVTCAMP	00EEAE	4	dialog
4516	PRG	FLD_B2	FLD_B2	00E0FC	15	dialog
4517	PRG	TWN_ZOAH	EVTZOAH	01AB63	37	dialog
4518	PRG	TWN_ZOAH	EVTZOAH	023361	31	dialog
4519	PRG	TWN_CARA	EVTCARA	00958C	29	dialog
4520	MOVIE	EVT152	EVT152	00506C	29	movie
4521	MOVIE	EVT000_4	EVT000_4	000994	27	movie
4522	PRG	TWN_ZOAH	EVTZOAH	033AE1	23	dialog
4523	PRG	TWN_ZOAH	EVTZOAH	019248	23	dialog
4524	PRG	TWN_ZOAH	EVTZOAH	039F9A	27	dialog
4525	PRG	FLD_A5	FLD_A5	00F8D5	11	dialog
4526	PRG	FLD_C8	FLD_T0	0137D1	33	dialog
4527	PRG	TWN_SEEK	EVTSEEK	006759	27	dialog
4528	PRG	FLD_C8	FLD_T0	01307A	19	dialog
4529	PRG	TWN_ZOAH	EVTZOAH	038E13	39	dialog
4530	PRG	TWN_ZOAH	EVTZOAH	039EE5	29	dialog
4531	MOVIE	EVT161_1	EVT161_1	005645	17	movie
4532	MOVIE	EVT068_1	EVT068_1	00240D	21	movie
4533	PRG	FLD_B6	FLD_B6	00AF56	21	dialog
4534	PRG	BTL_B2	BTL_B2	04FEE6	33	dialog
4535	MENUBK	MENUBK	MENUBK	0039FB	147	ui
4536	PRG	TWN_ZOAH	EVTZOAH	01B04A	37	dialog
4537	PRG	FLD_A5	FLD_A5	00F8C4	17	dialog
4538	PRG	TWN_ZOAH	EVTZOAH	02F242	29	dialog
4539	PRG	BTL_A5_2	BTL_A52	05AAC5	33	dialog
4540	PRG	TWN_SEEK	EVTSEEK	009A72	35	dialog
4541	PRG	TWN_ZOAH	EVTZOAH	014E4D	33	dialog
4542	MENUBK	MENUBK	MENUBK	00424B	174	ui
4543	MOVIE	EVT089	EVT089	002C38	21	movie
4544	MOVIE	EVT016_2	EVT016_2	0011F3	21	movie
4545	PRG	TWN_ZOAH	EVTZOAH	01AF68	25	dialog
4546	PRG	TWN_ZOAH	EVTZOAH	039F49	13	dialog
4547	PRG	TWN_ZOAH	EVTZOAH	02FFF9	25	dialog
4548	PRG	TWN_ZOAH	EVTZOAH	02F88E	35	dialog
4549	PRG	TWN_CAMP	EVTCAMP	00E09B	33	dialog
4550	PRG	TWN_CAMP	EVTCAMP	00DC0B	39	dialog
4551	PRG	TWN_SEEK	EVTSEEK	015D30	23	dialog
4552	PRG	BTL_C5	BTL_C5	0522C8	19	dialog
4553	PRG	MENUEN	MENUEN	00048C	24	ui
4554	PRG	FLD_B6	FLD_B6	00B400	28	dialog
4555	PRG	BTL_A5_2	BTL_A52	05AC5B	19	dialog
4556	PRG	BTL_D2_2	BTL_D22	0502E3	9	dialog
4557	PRG	FLD_A5	FLD_A5	00D6C6	35	dialog
4558	PRG	TWN_CARA	EVTCARA	013772	39	dialog
4559	PRG	TWN_SEEK	EVTSEEK	012225	25	dialog
4560	PRG	TWN_CARA	EVTCARA	016956	37	dialog
4561	PRG	TWN_ZOAH	EVTZOAH	028FD2	13	dialog
4562	PRG	FLD_C8	FLD_T0	014753	29	dialog
4563	PRG	TWN_SEEK	EVTSEEK	00D3B6	37	dialog
4564	MOVIE	EVT089	EVT089	002CC1	35	movie
4565	PRG	TWN_ZOAH	EVTZOAH	037552	35	dialog
4566	PRG	TWN_ZOAH	EVTZOAH	01AD5E	50	slot
4567	PRG	BTL_A5_2	BTL_A52	05AB3A	13	dialog
4568	PRG	BTL_D2_2	BTL_D22	050245	21	dialog
4569	PRG	TWN_ZOAH	EVTZOAH	02AF8A	31	dialog
4570	PRG	BTL_B2	BTL_B2	04FE41	29	dialog
4571	PRG	BTL_C2	BTL_C2	057A22	21	dialog
4572	PRG	BTL_C2	BTL_C2	057ACA	39	dialog
4573	PRG	BTL_A7_2	BTL_A72	050FAA	33	dialog
4574	MOVIE	EVT161_2	EVT161_2	005701	15	movie
4575	MOVIE	EVT016_1	EVT016_1	0010CF	11	movie
4576	PRG	TWN_CARA	EVTCARA	013346	11	dialog
4577	PRG	BTL_X0	BTL_X0	05E40C	13	dialog
4578	PRG	MENUEN	MENUEN	0004A4	4	ui
4579	PRG	FLD_C4	FLD_C4	0488F9	4	dialog
4580	PRG	FLD_A7	FLD_A7	031E5B	4	dialog
4581	PRG	FLD_C4	FLD_C4	048A0D	4	dialog
4582	PRG	FLD_A5	FLD_A5	0374D1	4	dialog
4583	MENUBK	MENUBK	MENUBK	004B85	192	ui
4584	MENUBK	MENUBK	MENUBK	0051B6	126	ui
4585	MENUBK	MENUBK	MENUBK	004739	231	ui
4586	PRG	TWN_ZOAH	EVTZOAH	033226	39	dialog
4587	PRG	TWN_ZOAH	EVTZOAH	028DAA	19	dialog
4588	MOVIE	EVT134_3	EVT134_3	0043C2	19	movie
4589	PRG	TWN_SEEK	EVTSEEK	007199	21	dialog
4590	PRG	TWN_ZOAH	EVTZOAH	01AEF5	19	dialog
4591	PRG	TWN_CARA	EVTCARA	013AED	19	dialog
4592	PRG	1ST_READ	SAVE	03D723	17	dialog
4593	PRG	1ST_READ	SAVE	03D712	17	dialog
4594	PRG	TWN_ZOAH	EVTZOAH	0132D6	21	dialog
4595	PRG	TWN_CARA	EVTCARA	01733C	19	dialog
4596	PRG	TWN_SEEK	EVTSEEK	008D07	27	dialog
4597	PRG	BTL_C2_2	BTL_C22	057180	15	dialog
4598	PRG	TWN_ZOAH	EVTZOAH	02B4AD	20	dialog
4599	PRG	FLD_A5	FLD_A5	00D4F0	20	dialog
4600	MOVIE	EVT127_1	EVT127_1	0038CE	33	movie
4601	PRG	TWN_CAMP	EVTCAMP	00CD6E	23	dialog
4602	PRG	TWN_SEEK	EVTSEEK	0086C6	37	dialog
4603	PRG	TWN_CARA	EVTCARA	00F653	33	dialog
4604	PRG	TWN_CAMP	EVTCAMP	00E5B2	17	dialog
4605	PRG	TWN_SEEK	EVTSEEK	007438	35	dialog
4606	PRG	TWN_SEEK	EVTSEEK	0167C8	29	dialog
4607	PRG	TWN_SEEK	EVTSEEK	008DCC	25	dialog
4608	MENUBK	MENUBK	MENUBK	002E84	15	ui
4609	MOVIE	EVT029	EVT029	001752	29	movie
4610	PRG	TWN_CAMP	EVTCAMP	00F677	27	dialog
4611	PRG	TWN_ZOAH	EVTZOAH	02F68A	33	dialog
4612	PRG	TWN_ZOAH	EVTZOAH	02B22E	31	dialog
4613	PRG	TWN_ZOAH	EVTZOAH	02AF37	31	dialog
4614	MOVIE	EVT041	EVT041	001934	19	movie
4615	PRG	TWN_SEEK	EVTSEEK	00D906	29	dialog
4616	PRG	BTL_A7_2	BTL_A72	050EB2	21	dialog
4617	PRG	BTL_C2_2	BTL_C22	0571D2	19	dialog
4618	PRG	BTL_A7_2	BTL_A72	050E77	21	dialog
4619	PRG	BTL_C2	BTL_C2	057C69	33	dialog
4620	PRG	TWN_ZOAH	EVTZOAH	0229B5	25	dialog
4621	PRG	TWN_ZOAH	EVTZOAH	0334AC	29	dialog
4622	PRG	TWN_CARA	EVTCARA	00693C	29	dialog
4623	PRG	TWN_ZOAH	EVTZOAH	013C09	39	dialog
4624	PRG	TWN_SEEK	EVTSEEK	0169A7	35	dialog
4625	PRG	TWN_ZOAH	EVTZOAH	0345EC	33	dialog
4626	PRG	TWN_ZOAH	EVTZOAH	03457B	31	dialog
4627	PRG	TWN_ZOAH	EVTZOAH	01E5EE	31	dialog
4628	PRG	TWN_ZOAH	EVTZOAH	01E5C0	33	dialog
4629	PRG	TWN_ZOAH	EVTZOAH	00EAFC	25	dialog
4630	PRG	TWN_ZOAH	EVTZOAH	01C58D	39	dialog
4631	PRG	TWN_ZOAH	EVTZOAH	01C4B8	33	dialog
4632	PRG	TWN_ZOAH	EVTZOAH	00F09D	27	dialog
4633	PRG	TWN_ZOAH	EVTZOAH	019605	31	dialog
4634	MOVIE	EVT016_2	EVT016_2	0013D6	33	movie
4635	PRG	BTL_B2	BTL_B2	04FEC7	31	dialog
4636	PRG	BTL_A3	BTL_A3	0035E2	28	dialog
4637	PRG	BTL_A3	BTL_A3	0035AE	32	dialog
4638	PRG	BTL_A3	BTL_A3	003578	28	dialog
4639	PRG	BTL_A3	BTL_A3	003612	32	dialog
4640	PRG	BTL_A3	BTL_A3	003648	32	dialog
4641	PRG	TWN_ZOAH	EVTZOAH	03395F	31	dialog
4642	PRG	TWN_SEEK	EVTSEEK	00D392	23	dialog
4643	PRG	TWN_CARA	EVTCARA	00C7CC	35	dialog
4644	PRG	TWN_ZOAH	EVTZOAH	01B06F	25	dialog
4645	PRG	TWN_CAMP	EVTCAMP	00C99D	4	dialog
4646	PRG	TWN_SEEK	EVTSEEK	0125FE	4	dialog
4647	PRG	TWN_ZOAH	EVTZOAH	014E6E	4	dialog
4648	PRG	TWN_ZOAH	EVTZOAH	030869	10	dialog
4649	PRG	TWN_CARA	EVTCARA	006555	6	dialog
4650	PRG	FLD_C4	FLD_C4	00407A	11	dialog
4651	PRG	FLD_C4	FLD_C4	00404C	24	dialog
4652	PRG	FLD_C4	FLD_C4	004064	22	dialog
4653	PRG	BTL_A3	BTL_A3	0531FD	7	dialog
4654	PRG	FLD_C4	FLD_C4	0488FD	4	dialog
4655	PRG	FLD_A7	FLD_A7	031E5F	4	dialog
4656	PRG	FLD_C4	FLD_C4	048A11	4	dialog
4657	PRG	FLD_A5	FLD_A5	0374D5	4	dialog
4658	PRG	TWN_CAMP	EVTCAMP	00D36C	4	dialog
4659	PRG	TWN_CARA	EVTCARA	00A462	6	dialog
4660	PRG	TWN_ZOAH	EVTZOAH	03B719	8	dialog
4661	PRG	TWN_CARA	EVTCARA	00A281	4	dialog
4662	PRG	TWN_CAMP	EVTCAMP	00D52B	6	dialog
4663	PRG	TWN_ZOAH	EVTZOAH	029121	8	dialog
4664	PRG	TWN_ZOAH	EVTZOAH	038E02	4	dialog
4665	PRG	TWN_ZOAH	EVTZOAH	01AC4D	8	dialog
4666	PRG	TWN_ZOAH	EVTZOAH	01C28A	4	dialog
4667	PRG	TWN_ZOAH	EVTZOAH	0301D6	12	dialog
4668	MOVIE	EVT000_1	EVT000_1	0000D4	17	movie
4669	PRG	TWN_ZOAH	EVTZOAH	03347A	19	dialog
4670	PRG	TWN_ZOAH	EVTZOAH	01AFB3	39	dialog
4671	PRG	TWN_CARA	EVTCARA	017475	23	dialog
4672	MOVIE	EVT135	EVT135	0046E9	11	movie
4673	PRG	TWN_ZOAH	EVTZOAH	00F0C5	13	dialog
4674	PRG	TWN_ZOAH	EVTZOAH	01AAB7	27	dialog
4675	MOVIE	EVT161_1	EVT161_1	005621	11	movie
4676	PRG	TWN_CARA	EVTCARA	013A32	35	dialog
4677	PRG	TWN_CARA	EVTCARA	0173E9	37	dialog
4678	PRG	FLD_A3	FLD_A3	009306	17	dialog
4679	MOVIE	EVT161_1	EVT161_1	005656	13	movie
4680	MOVIE	EVT152	EVT152	00502C	27	movie
4681	MOVIE	EVT134_3	EVT134_3	00429D	9	movie
4682	PRG	BTL_B2	BTL_B2	04FE85	33	dialog
4683	PRG	TWN_ZOAH	EVTZOAH	0190D5	9	dialog
4684	MOVIE	EVT122_3	EVT122_3	0031DA	13	movie
4685	MOVIE	EVT068_2	EVT068_2	002832	39	movie
4686	MOVIE	EVT054	EVT054	001E18	31	movie
4687	PRG	TWN_ZOAH	EVTZOAH	01E3A4	31	dialog
4688	MOVIE	EVT000_2	EVT000_2	0004BF	21	movie
4689	COMMON	COMMON	ITEM	00B3EA	68	ui
4690	MOVIE	EVT000_2	EVT000_2	00058F	35	movie
4691	PRG	FLD_C4	FLD_C4	048901	4	dialog
4692	PRG	FLD_A7	FLD_A7	031E63	4	dialog
4693	PRG	FLD_C4	FLD_C4	048A15	4	dialog
4694	PRG	FLD_A5	FLD_A5	0374D9	4	dialog
4695	PRG	BTL_T0	BTL_T0	054610	72	dialog
4696	PRG	BTL_T0	BTL_T0	0547B9	24	dialog
4697	PRG	FLD_A7	FLD_A7	006F49	94	dialog
4698	PRG	FLD_A7	FLD_A7	006EFA	69	dialog
4699	PRG	FLD_A7	FLD_A7	006FEC	80	dialog
4700	PRG	FLD_A7	FLD_A7	006FB1	49	dialog
4701	PRG	BTL_T0	BTL_T0	053A73	107	dialog
4702	PRG	TWN_ZOAH	EVTZOAH	01C328	12	dialog
4703	PRG	TWN_ZOAH	EVTZOAH	02B39B	8	dialog
4704	PRG	FLD_A7	FLD_A7	006CA0	13	dialog
4705	PRG	TWN_SEEK	EVTSEEK	00BDD9	20	dialog
4706	PRG	FLD_C2	FLD_C2	00ACC0	19	dialog
4707	PRG	TWN_CARA	EVTCARA	005F5B	2	dialog
4708	PRG	TWN_CAMP	EVTCAMP	00DEB7	4	dialog
4709	PRG	TWN_CAMP	EVTCAMP	00E0BC	4	dialog
4710	PRG	TWN_ZOAH	EVTZOAH	0134E5	12	dialog
4711	PRG	TWN_ZOAH	EVTZOAH	03B22D	8	dialog
4712	PRG	BTL_C2_2	BTL_C22	001A31	11	dialog
4713	PRG	MENUEN	MENUEN	00A96C	19	ui
4714	PRG	MENUEN	MENUEN	00A7BC	19	ui
4715	PRG	MENUEN	MENUEN	00A60C	19	ui
4716	PRG	MENUEN	MENUEN	00A894	19	ui
4717	PRG	MENUEN	MENUEN	00A6E4	19	ui
4718	COMMON	COMMON	MENU	00D0D9	27	ui
4719	MOVIE	EVT000_5	EVT000_5	000B34	25	movie
4720	MENUBK	MENUBK	MENUBK	004820	219	ui
4721	PRG	FLD_C8	FLD_T0	01380F	16	dialog
4722	PRG	MENUEN	MENUEN	00346C	21	ui
4723	PRG	MENUEN	MENUEN	003481	182	ui
4724	MOVIE	EVT068_1	EVT068_1	002491	7	movie
4725	PRG	FLD_C8	FLD_T0	013F2D	9	dialog
4726	MOVIE	EVT127_2	EVT127_2	0039C1	23	movie
4727	PRG	FLD_C8	FLD_T0	013157	21	dialog
4728	PRG	FLD_C8	FLD_T0	0140DF	21	dialog
4729	PRG	BTL_B6_2	BTL_B62	053C47	23	dialog
4730	PRG	BTL_X0	BTL_X0	05E385	19	dialog
4731	MOVIE	EVT068_2	EVT068_2	00272A	29	movie
4732	MOVIE	EVT152	EVT152	004F5B	17	movie
4733	PRG	TWN_SEEK	EVTSEEK	017ECE	21	dialog
4734	MOVIE	EVT134_2	EVT134_2	004011	17	movie
4735	MOVIE	EVT134_3	EVT134_3	004308	19	movie
4736	MOVIE	EVT134_3	EVT134_3	004261	33	movie
4737	PRG	TWN_SEEK	EVTSEEK	01258E	33	dialog
4738	PRG	TWN_SEEK	EVTSEEK	01257D	17	dialog
4739	PRG	TWN_SEEK	EVTSEEK	015511	39	dialog
4740	PRG	TWN_SEEK	EVTSEEK	0061C2	23	dialog
4741	PRG	TWN_SEEK	EVTSEEK	018049	33	dialog
4742	PRG	TWN_SEEK	EVTSEEK	017F73	33	dialog
4743	MOVIE	EVT122_1	EVT122_1	002ED4	27	movie
4744	MOVIE	EVT144	EVT144	004C38	15	movie
4745	PRG	TWN_CAMP	EVTCAMP	00CDD2	25	dialog
4746	MOVIE	EVT122_4	EVT122_4	003564	33	movie
4747	PRG	BTL_X0	BTL_X0	05E1F6	39	dialog
4748	PRG	BTL_B6_2	BTL_B62	053C5E	21	dialog
4749	PRG	TWN_EXCA	EVTEXCA	001639	37	dialog
4750	PRG	MENUEN	MENUEN	005920	19	ui
4751	PRG	MENUEN	MENUEN	005CA0	19	ui
4752	PRG	MENUEN	MENUEN	00667C	19	ui
4753	PRG	MENUEN	MENUEN	0067CC	19	ui
4754	PRG	FLD_B6	FLD_B6	00A1F3	27	dialog
4755	PRG	TWN_ZOAH	EVTZOAH	018B30	37	dialog
4756	PRG	TWN_ZOAH	EVTZOAH	02AFB6	29	dialog
4757	PRG	MENUEN	MENUEN	0079E6	15	ui
4758	PRG	TWN_CARA	EVTCARA	00EE88	31	dialog
4759	PRG	TWN_CARA	EVTCARA	013D0B	29	dialog
4760	PRG	TWN_CARA	EVTCARA	016935	33	dialog
4761	PRG	TWN_CARA	EVTCARA	016CBC	27	dialog
4762	PRG	TWN_CARA	EVTCARA	009EB0	37	dialog
4763	PRG	TWN_CARA	EVTCARA	013AA5	39	dialog
4764	PRG	TWN_CARA	EVTCARA	0137DA	35	dialog
4765	PRG	TWN_CARA	EVTCARA	00A445	29	dialog
4766	MOVIE	EVT000_2	EVT000_2	000559	33	movie
4767	PRG	MENUEN	MENUEN	00AE24	21	ui
4768	PRG	MENUEN	MENUEN	00AC34	21	ui
4769	PRG	MENUEN	MENUEN	00AA44	21	ui
4770	PRG	MENUEN	MENUEN	00AD2C	21	ui
4771	PRG	MENUEN	MENUEN	00AB3C	21	ui
4772	PRG	FLD_C4	FLD_C4	048A31	4	dialog
4773	PRG	FLD_B5	FLD_B5	00B0D7	21	dialog
4774	PRG	FLD_B5	FLD_B5	00B0EE	19	dialog
4775	PRG	MENUEN	MENUEN	00393D	164	ui
4776	PRG	MENUEN	MENUEN	004DD1	113	ui
4777	PRG	MENUEN	MENUEN	004397	178	ui
4778	PRG	MENUEN	MENUEN	0044D5	164	ui
4779	PRG	MENUEN	MENUEN	00429F	111	ui
4780	PRG	MENUEN	MENUEN	00415D	174	ui
4781	PRG	TWN_ZOAH	EVTZOAH	023AD4	35	dialog
4782	COMMON	COMMON	ITEM	00B67A	48	ui
4783	PRG	TWN_ZOAH	EVTZOAH	023A4A	27	dialog
4784	PRG	TWN_SEEK	EVTSEEK	01556C	37	dialog
4785	PRG	MENUEN	MENUEN	00B4D3	88	ui
4786	PRG	MENUEN	MENUEN	004CCD	123	ui
4787	PRG	MENUEN	MENUEN	0045FD	167	ui
4788	PRG	MENUEN	MENUEN	00471D	165	ui
4789	PRG	MENUEN	MENUEN	005267	136	ui
4790	PRG	MENUEN	MENUEN	004ED7	138	ui
4791	COMMON	COMMON	ITEM	00B052	27	ui
4792	PRG	TWN_ZOAH	EVTZOAH	018868	31	dialog
4793	PRG	TWN_ZOAH	EVTZOAH	022996	29	dialog
4794	PRG	TWN_ZOAH	EVTZOAH	03DE87	39	dialog
4795	PRG	TWN_SEEK	EVTSEEK	0154B7	33	dialog
4796	MOVIE	EVT122_3	EVT122_3	00304D	19	movie
4797	PRG	FLAGEDIT	FLAGEDIT	0008B0	11	ui
4798	PRG	FLAGEDIT	FLAGEDIT	000D97	23	ui
4799	PRG	FLAGEDIT	FLAGEDIT	000D7C	27	ui
4800	COMMON	COMMON	ITEM	00BAD5	42	ui
4801	MENUBK	MENUBK	MENUBK	0038E9	25	ui
4802	PRG	FLAGEDIT	FLAGEDIT	00092B	17	ui
4803	PRG	FLAGEDIT	FLAGEDIT	000FF0	27	ui
4804	PRG	FLAGEDIT	FLAGEDIT	0008BB	19	ui
4805	PRG	FLAGEDIT	FLAGEDIT	000DD1	37	ui
4806	PRG	FLAGEDIT	FLAGEDIT	000DAE	35	ui
4807	PRG	FLAGEDIT	FLAGEDIT	000BAA	19	ui
4808	PRG	FLAGEDIT	FLAGEDIT	000D4F	15	ui
4809	PRG	FLAGEDIT	FLAGEDIT	000D5E	15	ui
4810	PRG	FLAGEDIT	FLAGEDIT	000D6D	15	ui
4811	PRG	FLAGEDIT	FLAGEDIT	000B9F	11	ui
4812	PRG	MENUEN	MENUEN	006188	9	ui
4813	PRG	FLD_C4	FLD_C4	048A29	4	dialog
4814	PRG	MENUEN	MENUEN	00043C	33	ui
4815	MOVIE	EVT135	EVT135	004753	9	movie
4816	MOVIE	EVT000_3	EVT000_3	000798	29	movie
4817	MOVIE	EVT000_1	EVT000_1	000000	17	movie
4818	PRG	BTL_A5_2	BTL_A52	05AB47	35	dialog
4819	MOVIE	EVT134_2	EVT134_2	003F14	35	movie
4820	PRG	FLD_A5	FLD_A5	00D396	17	dialog
4821	PRG	BTL_T0	BTL_T0	0537B5	31	dialog
4822	PRG	BTL_A5	BTL_A5	057C24	29	dialog
4823	MOVIE	EVT000_3	EVT000_3	0007D1	17	movie
4824	MOVIE	EVT137	EVT137	0049AC	19	movie
4825	PRG	BTL_T0	BTL_T0	053A5F	20	dialog
4826	PRG	BTL_T0	BTL_T0	0539FB	28	dialog
4827	MENUBK	MENUBK	MENUBK	00785B	60	ui
4828	MENUBK	MENUBK	MENUBK	00171B	19	ui
4829	MENUBK	MENUBK	MENUBK	001765	19	ui
4830	MOVIE	EVT127_2	EVT127_2	0039D8	17	movie
4831	MOVIE	EVT041	EVT041	001910	11	movie
4832	MOVIE	EVT089	EVT089	002BB8	29	movie
4833	MOVIE	EVT000_3	EVT000_3	0007EB	27	movie
4834	PRG	FLD_C8	FLD_T0	013B32	37	dialog
4835	PRG	TWN_ZOAH	EVTZOAH	01DFC2	33	dialog
4836	PRG	BTL_D2_2	BTL_D22	050336	15	dialog
4837	PRG	BTL_D4	BTL_D4	04F47C	15	dialog
4838	MENUBK	MENUBK	MENUBK	0037A2	149	ui
4839	MENUBK	MENUBK	MENUBK	003470	15	ui
4840	MOVIE	EVT155_1	EVT155_1	005184	29	movie
4841	MOVIE	EVT155_4	EVT155_4	005218	21	movie
4842	MOVIE	EVT155_5	EVT155_5	005240	39	movie
4843	COMMON	COMMON	ITEM	00B57B	29	ui
4844	PRG	FLD_C8	FLD_T0	01478D	22	dialog
4845	PRG	FLD_C8	FLD_T0	014FC4	21	dialog
4846	PRG	FLD_C8	FLD_T0	015037	25	slot
4847	PRG	FLD_C8	FLD_T0	0150E8	21	dialog
4848	PRG	FLD_C8	FLD_T0	0150C4	21	dialog
4849	PRG	FLD_C8	FLD_T0	014D47	25	dialog
4850	PRG	FLD_C8	FLD_T0	015122	25	dialog
4851	PRG	FLD_C8	FLD_T0	01513D	25	dialog
4852	PRG	FLD_C8	FLD_T0	015161	23	dialog
4853	PRG	FLD_C8	FLD_T0	014DE4	25	dialog
4854	PRG	FLD_C8	FLD_T0	014E03	25	dialog
4855	PRG	FLD_C8	FLD_T0	014D9B	25	dialog
4856	PRG	FLD_C8	FLD_T0	014DBA	25	dialog
4857	PRG	FLD_C8	FLD_T0	014E5B	19	dialog
4858	PRG	FLD_C8	FLD_T0	014E2D	19	dialog
4859	PRG	FLD_C8	FLD_T0	014F23	19	dialog
4860	PRG	FLD_C8	FLD_T0	014F70	25	slot
4861	PRG	FLD_C8	FLD_T0	014FDD	23	dialog
4862	PRG	FLD_C8	FLD_T0	015074	23	dialog
4863	PRG	FLD_C8	FLD_T0	014E89	33	dialog
4864	PRG	FLD_C8	FLD_T0	014EE7	23	dialog
4865	PRG	FLD_C8	FLD_T0	014EC6	23	dialog
4866	PRG	FLD_C8	FLD_T0	01501E	25	slot
4867	PRG	FLD_C8	FLD_T0	01509C	25	dialog
4868	PRG	FLD_C8	FLD_T0	014F3E	25	slot
4869	PRG	FLD_B6	FLD_B6	00B331	23	slot
4870	PRG	TWN_CARA	EVTCARA	00F4E9	31	dialog
4871	PRG	TWN_CARA	EVTCARA	009D4F	27	dialog
4872	PRG	TWN_CARA	EVTCARA	00F4AE	25	dialog
4873	PRG	TWN_CARA	EVTCARA	013476	37	dialog
4874	PRG	TWN_CARA	EVTCARA	0132B7	31	dialog
4875	PRG	TWN_CARA	EVTCARA	00F60E	29	dialog
4876	PRG	TWN_CARA	EVTCARA	013036	29	dialog
4877	PRG	TWN_CARA	EVTCARA	012EB7	31	dialog
4878	PRG	TWN_ZOAH	EVTZOAH	02F871	29	dialog
4879	PRG	FLAGEDIT	FLAGEDIT	0011FD	21	ui
4880	PRG	BTL_A7_2	BTL_A72	0508BA	3	dialog
4881	PRG	TWN_CAMP	EVTCAMP	00D50A	33	dialog
4882	MENUBK	MENUBK	MENUBK	00179E	52	ui
4883	PRG	FLAGEDIT	FLAGEDIT	00099E	19	ui
4884	PRG	BTL_C5	BTL_C5	052397	27	dialog
4885	PRG	1ST_READ	SAVE	03D38D	29	dialog
4886	PRG	1ST_READ	SAVE	03D25D	27	dialog
4887	PRG	FLD_C8	FLD_T0	013A9D	26	dialog
4888	PRG	TWN_ZOAH	EVTZOAH	022C0B	37	dialog
4889	MOVIE	EVT000_4	EVT000_4	0009FB	17	movie
4890	PRG	TWN_CAMP	EVTCAMP	00CD92	11	dialog
4891	PRG	FLD_A5	FLD_A5	00D412	27	dialog
4892	PRG	TWN_SEEK	EVTSEEK	0123AE	29	dialog
4893	PRG	TWN_SEEK	EVTSEEK	00E6BF	31	dialog
4894	PRG	TWN_CARA	EVTCARA	017E53	33	dialog
4895	PRG	TWN_CARA	EVTCARA	0135F3	33	dialog
4896	PRG	TWN_SEEK	EVTSEEK	00D4A0	39	dialog
4897	PRG	TWN_SEEK	EVTSEEK	00E97B	31	dialog
4898	COMMON	COMMON	ITEM	00B4C6	48	ui
4899	COMMON	COMMON	ITEM	00B456	56	ui
4900	PRG	FLD_C8	FLD_T0	0131A8	37	dialog
4901	PRG	TWN_SEEK	EVTSEEK	0087C0	19	dialog
4902	PRG	TWN_SEEK	EVTSEEK	01230E	23	dialog
4903	COMMON	COMMON	ITEM	00B999	54	ui
4904	PRG	TWN_SEEK	EVTSEEK	012696	39	dialog
4905	PRG	TWN_CAMP	EVTCAMP	00EDF5	17	dialog
4906	PRG	FLD_C8	FLD_T0	013A5D	39	dialog
4907	MOVIE	EVT144	EVT144	004BF7	33	movie
4908	MOVIE	EVT135	EVT135	004620	11	movie
4909	COMMON	COMMON	ITEM	00A960	38	ui
4910	PRG	TWN_ZOAH	EVTZOAH	039B59	31	dialog
4911	PRG	MENUEN	MENUEN	003373	128	ui
4912	PRG	MENUEN	MENUEN	0036E5	161	ui
4913	PRG	MENUEN	MENUEN	003809	167	ui
4914	PRG	MENUEN	MENUEN	0035B9	176	ui
4915	PRG	MENUEN	MENUEN	0030F3	211	ui
4916	PRG	TWN_CAMP	EVTCAMP	00D40C	37	dialog
4917	PRG	MENUEN	MENUEN	003BA9	203	ui
4918	PRG	FLAGEDIT	FLAGEDIT	000866	17	ui
4919	PRG	FLAGEDIT	FLAGEDIT	000CAE	37	ui
4920	PRG	FLAGEDIT	FLAGEDIT	000C8D	33	ui
4921	PRG	FLAGEDIT	FLAGEDIT	0009D0	17	ui
4922	PRG	BTL_B2	BTL_B2	04FCEC	23	dialog
4923	PRG	FLD_C8	FLD_T0	0147C9	29	dialog
4924	PRG	MENUEN	MENUEN	005A50	21	ui
4925	PRG	TWN_ZOAH	EVTZOAH	02ACAF	4	dialog
4926	PRG	TWN_ZOAH	EVTZOAH	01C506	11	dialog
4927	PRG	FLAGEDIT	FLAGEDIT	000ACE	29	ui
4928	PRG	FLAGEDIT	FLAGEDIT	000A96	29	ui
4929	PRG	FLAGEDIT	FLAGEDIT	000A49	27	ui
4930	PRG	FLAGEDIT	FLAGEDIT	000A7B	27	ui
4931	PRG	FLAGEDIT	FLAGEDIT	0009E1	27	ui
4932	PRG	FLAGEDIT	FLAGEDIT	000A15	27	ui
4933	PRG	TWN_ZOAH	EVTZOAH	03B374	39	dialog
4934	PRG	FLAGEDIT	FLAGEDIT	0009B1	31	ui
4935	PRG	FLAGEDIT	FLAGEDIT	000BDF	31	ui
4936	PRG	FLAGEDIT	FLAGEDIT	000AB3	27	ui
4937	PRG	FLAGEDIT	FLAGEDIT	000A64	23	ui
4938	PRG	FLAGEDIT	FLAGEDIT	000976	25	ui
4939	PRG	FLAGEDIT	FLAGEDIT	0009FC	25	ui
4940	PRG	FLAGEDIT	FLAGEDIT	000A30	25	ui
4941	PRG	FLD_B2	FLD_B2	00E0AF	8	dialog
4942	PRG	FLD_B2	FLD_B2	00E0B7	8	dialog
4943	PRG	FLD_B2	FLD_B2	00E0BF	37	dialog
4944	PRG	MENUEN	MENUEN	0029A8	17	ui
4945	MOVIE	EVT089	EVT089	002D61	13	movie
4946	PRG	FLD_C8	FLD_T0	012BFC	29	dialog
4947	MOVIE	EVT127_1	EVT127_1	003800	37	movie
4948	PRG	FLAGEDIT	FLAGEDIT	001280	25	ui
4949	MOVIE	EVT134_2	EVT134_2	003D3A	35	movie
4950	PRG	TWN_SEEK	EVTSEEK	017FBE	23	dialog
4951	MOVIE	EVT041	EVT041	0018EF	33	movie
4952	PRG	TWN_CAMP	EVTCAMP	00F118	37	dialog
4953	PRG	FLD_C8	FLD_T0	013061	25	dialog
4954	MENUBK	MENUBK	MENUBK	00178D	17	ui
4955	PRG	TWN_CAMP	EVTCAMP	00CB87	35	dialog
4956	COMMON	COMMON	ITEM	00B5AD	27	ui
4957	PRG	MENUEN	MENUEN	008263	135	ui
4958	MOVIE	EVT029	EVT029	0016EC	29	movie
4959	PRG	TWN_CAMP	EVTCAMP	00CA77	39	dialog
4960	MOVIE	EVT135	EVT135	00459F	31	movie
4961	MOVIE	EVT041	EVT041	001AAE	15	movie
4962	MOVIE	EVT000_5	EVT000_5	000BA6	25	movie
4963	MOVIE	EVT000_5	EVT000_5	000C73	17	movie
4964	PRG	FLD_A3	FLD_A3	00932E	25	dialog
4965	PRG	MENUEN	MENUEN	0080E5	222	ui
4966	PRG	MENUEN	MENUEN	007D1D	172	ui
4967	PRG	FLD_B6	FLD_B6	00AE09	27	dialog
4968	PRG	WORLD	WORLDMAP	00566E	23	ui
4969	MOVIE	EVT000_4	EVT000_4	000985	15	movie
4970	MOVIE	EVT054	EVT054	001E8C	33	movie
4971	MOVIE	EVT089	EVT089	002C90	15	movie
4972	MOVIE	EVT008	EVT008	000E95	15	movie
4973	PRG	TWN_ZOAH	EVTZOAH	039B78	31	dialog
4974	COMMON	COMMON	ITEM	00A986	40	ui
4975	MENUBK	MENUBK	MENUBK	0050A2	27	ui
4976	MENUBK	MENUBK	MENUBK	0050BE	229	ui
4977	PRG	TWN_SEEK	EVTSEEK	01518B	27	dialog
4978	PRG	BTL_D5	BTL_D5	05AC4B	9	dialog
4979	PRG	FLAGEDIT	FLAGEDIT	000886	21	ui
4980	PRG	FLAGEDIT	FLAGEDIT	000D32	29	ui
4981	PRG	FLAGEDIT	FLAGEDIT	000D0F	35	ui
4982	PRG	FLAGEDIT	FLAGEDIT	000AFA	21	ui
4983	PRG	FLAGEDIT	FLAGEDIT	000B0F	25	ui
4984	PRG	FLAGEDIT	FLAGEDIT	00089B	21	ui
4985	PRG	FLAGEDIT	FLAGEDIT	000B28	21	ui
4986	PRG	MENUEN	MENUEN	005807	149	ui
4987	PRG	TWN_ZOAH	EVTZOAH	02F231	17	dialog
4988	MENUBK	MENUBK	MENUBK	00109C	153	ui
4989	PRG	TWN_ZOAH	EVTZOAH	03E744	31	dialog
4990	PRG	FLD_A3	FLD_A3	009B79	102	dialog
4991	COMMON	COMMON	ITEM	00AFD5	17	ui
4992	PRG	FLD_A3	FLD_A3	0094DF	15	dialog
4993	PRG	FLD_A7	FLD_A7	0076CF	83	dialog
4994	COMMON	COMMON	ITEM	00ADDF	15	ui
4995	COMMON	COMMON	ITEM	00BF55	36	ui
4996	PRG	FLD_C8	FLD_T0	0134A1	23	dialog
4997	PRG	FLAGEDIT	FLAGEDIT	0012C7	13	ui
4998	PRG	FLAGEDIT	FLAGEDIT	0012E9	21	ui
4999	PRG	FLD_B5	FLD_B5	0090F3	37	dialog
5000	MOVIE	EVT137	EVT137	004908	21	movie
5001	MOVIE	EVT122_4	EVT122_4	0034B6	29	movie
5002	PRG	FLD_C8	FLD_T0	0141B4	31	dialog
5003	PRG	FLD_C8	FLD_T0	013838	40	dialog
5004	MENUBK	MENUBK	MENUBK	005F55	167	ui
5005	COMMON	COMMON	MENU	00D438	31	ui
5006	PRG	FLD_C2	FLD_C2	00ABB7	31	dialog
5007	PRG	FLAGEDIT	FLAGEDIT	001299	27	ui
5008	COMMON	COMMON	ITEM	00AAC0	36	ui
5009	PRG	TWN_SEEK	EVTSEEK	01693A	23	dialog
5010	MENUBK	MENUBK	MENUBK	005D1C	19	ui
5011	MENUBK	MENUBK	MENUBK	005CF6	19	ui
5012	MENUBK	MENUBK	MENUBK	005CDF	23	ui
5013	PRG	FLD_B2	FLD_B2	00E361	17	dialog
5014	PRG	FLAGEDIT	FLAGEDIT	0011EA	19	ui
5015	PRG	TWN_ZOAH	EVTZOAH	02AB12	23	slot
5016	PRG	TWN_SEEK	EVTSEEK	009B4D	35	dialog
5017	MOVIE	EVT134_2	EVT134_2	003D97	33	movie
5018	PRG	TWN_SEEK	EVTSEEK	00BD70	33	dialog
5019	PRG	TWN_CAMP	EVTCAMP	00DFDF	31	dialog
5020	MOVIE	EVT134_1	EVT134_1	003AA9	23	movie
5021	MOVIE	EVT134_1	EVT134_1	003B5D	37	movie
5022	PRG	TWN_ZOAH	EVTZOAH	03E926	37	dialog
5023	PRG	TWN_SEEK	EVTSEEK	00C195	39	dialog
5024	PRG	TWN_ZOAH	EVTZOAH	023964	35	dialog
5025	PRG	TWN_ZOAH	EVTZOAH	02B3B0	33	dialog
5026	PRG	TWN_CARA	EVTCARA	017DC6	17	dialog
5027	PRG	TWN_ZOAH	EVTZOAH	032DFE	35	dialog
5028	PRG	TWN_SEEK	EVTSEEK	00C02E	39	dialog
5029	COMMON	COMMON	ITEM	00B5C8	33	ui
5030	PRG	TWN_SEEK	EVTSEEK	01716E	23	dialog
5031	PRG	WORLD	WORLDMAP	00562D	23	ui
5032	PRG	FLAGEDIT	FLAGEDIT	000BCC	19	ui
5033	PRG	TWN_CARA	EVTCARA	017C7E	15	dialog
5034	PRG	TWN_CAMP	EVTCAMP	00D86F	39	dialog
5035	PRG	TWN_ZOAH	EVTZOAH	03EA84	37	dialog
5036	MOVIE	EVT134_2	EVT134_2	003C2C	27	movie
5037	MOVIE	EVT016_3	EVT016_3	001631	25	movie
5038	MENUBK	MENUBK	MENUBK	004D16	175	ui
5039	MENUBK	MENUBK	MENUBK	00454E	17	ui
5040	PRG	TWN_CARA	EVTCARA	013654	19	dialog
5041	MENUBK	MENUBK	MENUBK	000215	207	ui
5042	MENUBK	MENUBK	MENUBK	0002E4	199	ui
5043	PRG	TWN_ZOAH	EVTZOAH	029316	37	dialog
5044	PRG	TWN_ZOAH	EVTZOAH	02289A	35	dialog
5045	PRG	FLD_C8	FLD_T0	014A1A	30	dialog
5046	PRG	FLD_C8	FLD_T0	0148D3	20	dialog
5047	PRG	FLD_C8	FLD_T0	014891	22	dialog
5048	PRG	FLD_C8	FLD_T0	0149D4	18	dialog
5049	PRG	FLD_C8	FLD_T0	01498E	18	dialog
5050	PRG	FLD_C8	FLD_T0	014940	18	dialog
5051	PRG	TWN_SEEK	EVTSEEK	015F0B	39	dialog
5052	MENUBK	MENUBK	MENUBK	00348E	144	ui
5053	MENUBK	MENUBK	MENUBK	001905	31	ui
5054	PRG	FLD_A7	FLD_A7	006E66	7	dialog
5055	COMMON	COMMON	ITEM	00AD6D	17	ui
5056	PRG	BTL_T0	BTL_T0	0549C3	135	dialog
5057	PRG	FLD_A3	FLD_A3	009549	19	dialog
5058	PRG	BTL_T0	BTL_T0	05484E	56	dialog
5059	COMMON	COMMON	ITEM	00ADFF	19	ui
5060	PRG	MENUEN	MENUEN	00A0F4	25	ui
5061	PRG	MENUEN	MENUEN	009F34	25	ui
5062	PRG	MENUEN	MENUEN	009D74	25	ui
5063	PRG	MENUEN	MENUEN	00A014	25	ui
5064	PRG	MENUEN	MENUEN	009E54	25	ui
5065	PRG	FLD_A3	FLD_A3	0091AA	19	dialog
5066	COMMON	COMMON	ITEM	00ADEE	17	ui
5067	PRG	TWN_ZOAH	EVTZOAH	02AB6E	23	slot
5068	PRG	FLD_A5	FLD_A5	00D2C6	21	dialog
5069	PRG	BTL_A3	BTL_A3	00353C	12	dialog
5070	PRG	BTL_A3	BTL_A3	003638	16	dialog
5071	PRG	BTL_A3	BTL_A3	003568	16	dialog
5072	PRG	BTL_A3	BTL_A3	00359A	20	dialog
5073	PRG	TWN_SEEK	EVTSEEK	01260F	15	dialog
5074	PRG	FLD_C8	FLD_T0	0143C3	27	dialog
5075	PRG	TWN_CAMP	EVTCAMP	00F04C	37	dialog
5076	MENUBK	MENUBK	MENUBK	0042F9	128	ui
5077	PRG	TWN_SEEK	EVTSEEK	015D7B	37	dialog
5078	PRG	TWN_SEEK	EVTSEEK	017312	39	dialog
5079	MOVIE	EVT144	EVT144	004C6D	21	movie
5080	PRG	TWN_SEEK	EVTSEEK	00BD42	37	dialog
5081	PRG	FLD_C8	FLD_T0	01381F	25	dialog
5082	MOVIE	EVT144	EVT144	004B04	23	movie
5083	PRG	FLAGEDIT	FLAGEDIT	000947	17	ui
5084	PRG	FLAGEDIT	FLAGEDIT	0010C4	35	ui
5085	PRG	FLAGEDIT	FLAGEDIT	0010E7	43	ui
5086	PRG	FLAGEDIT	FLAGEDIT	001029	31	ui
5087	PRG	FLAGEDIT	FLAGEDIT	001048	31	ui
5088	PRG	FLAGEDIT	FLAGEDIT	001067	31	ui
5089	PRG	FLAGEDIT	FLAGEDIT	001086	31	ui
5090	PRG	FLAGEDIT	FLAGEDIT	0010A5	31	ui
5091	PRG	FLAGEDIT	FLAGEDIT	000BFE	17	ui
5092	PRG	1ST_READ	SAVE	03D348	21	dialog
5093	PRG	1ST_READ	SAVE	03D293	15	dialog
5094	PRG	1ST_READ	SAVE	03D30B	29	dialog
5095	PRG	1ST_READ	SAVE	03D2CF	60	dialog
5096	PRG	FLD_C4	FLD_C4	00A37C	15	dialog
5097	PRG	FLD_C4	FLD_C4	00A358	15	dialog
5098	PRG	MENUEN	MENUEN	00B3E0	19	ui
5099	PRG	MENUEN	MENUEN	00B208	19	ui
5100	PRG	MENUEN	MENUEN	00B034	19	ui
5101	PRG	MENUEN	MENUEN	00B2F4	19	ui
5102	PRG	MENUEN	MENUEN	00B11C	19	ui
5103	PRG	TWN_SEEK	EVTSEEK	00BBA1	37	dialog
5104	PRG	TWN_SEEK	EVTSEEK	008BCC	33	dialog
5105	PRG	TWN_CARA	EVTCARA	0066E9	31	dialog
5106	PRG	TWN_CARA	EVTCARA	016834	37	dialog
5107	MENUBK	MENUBK	MENUBK	002E7B	9	ui
5108	PRG	FLD_D2	FLD_D2	0082CF	14	dialog
5109	PRG	FLD_D3	FLD_D3	005796	18	dialog
5110	PRG	TWN_CARA	EVTCARA	012DF3	23	dialog
5111	PRG	TWN_CARA	EVTCARA	009C83	39	dialog
5112	PRG	MENUEN	MENUEN	005F29	159	ui
5113	PRG	MENUEN	MENUEN	006A83	122	ui
5114	PRG	MENUEN	MENUEN	006B9B	128	ui
5115	PRG	TWN_CARA	EVTCARA	016C88	39	dialog
5116	PRG	TWN_CARA	EVTCARA	00663A	25	dialog
5117	PRG	TWN_CARA	EVTCARA	012B42	23	dialog
5118	PRG	FLAGEDIT	FLAGEDIT	00091C	15	ui
5119	PRG	FLAGEDIT	FLAGEDIT	000FCD	35	ui
5120	PRG	FLAGEDIT	FLAGEDIT	001112	21	ui
5121	PRG	FLAGEDIT	FLAGEDIT	001127	21	ui
5122	PRG	FLAGEDIT	FLAGEDIT	00113C	21	ui
5123	PRG	FLAGEDIT	FLAGEDIT	001151	21	ui
5124	PRG	FLAGEDIT	FLAGEDIT	001166	21	ui
5125	PRG	FLAGEDIT	FLAGEDIT	00117B	21	ui
5126	PRG	FLAGEDIT	FLAGEDIT	001190	21	ui
5127	PRG	FLAGEDIT	FLAGEDIT	0011A5	21	ui
5128	PRG	FLAGEDIT	FLAGEDIT	000ED5	31	ui
5129	PRG	FLAGEDIT	FLAGEDIT	000EF4	31	ui
5130	PRG	FLAGEDIT	FLAGEDIT	000F13	31	ui
5131	PRG	FLAGEDIT	FLAGEDIT	000F32	31	ui
5132	PRG	FLAGEDIT	FLAGEDIT	000F51	31	ui
5133	PRG	FLAGEDIT	FLAGEDIT	000F70	31	ui
5134	PRG	FLAGEDIT	FLAGEDIT	000F8F	31	ui
5135	PRG	FLAGEDIT	FLAGEDIT	000FAE	31	ui
5136	PRG	FLAGEDIT	FLAGEDIT	000BBD	15	ui
5137	PRG	TWN_SEEK	EVTSEEK	009AC7	31	dialog
5138	PRG	TWN_SEEK	EVTSEEK	008D3D	39	dialog
5139	PRG	TWN_CARA	EVTCARA	017BB7	29	dialog
5140	COMMON	COMMON	ITEM	00B85E	48	ui
5141	COMMON	COMMON	ITEM	00B52A	25	ui
5142	COMMON	COMMON	ITEM	00B4F6	52	ui
5143	MENUBK	MENUBK	MENUBK	006A82	175	ui
5144	PRG	TWN_SEEK	EVTSEEK	008AF8	39	dialog
5145	PRG	FLAGEDIT	FLAGEDIT	000B3D	15	ui
5146	PRG	TWN_CARA	EVTCARA	016707	31	dialog
5147	PRG	TWN_CARA	EVTCARA	00A0D2	33	dialog
5148	PRG	BTL_C2_2	BTL_C22	001A70	36	dialog
5149	PRG	BTL_C2_2	BTL_C22	001AC8	46	dialog
5150	PRG	BTL_C2_2	BTL_C22	001A44	36	dialog
5151	PRG	BTL_C2_2	BTL_C22	001A9C	36	dialog
5152	PRG	FLD_A7	FLD_A7	006E3E	19	dialog
5153	PRG	BTL_T0	BTL_T0	0555C8	104	dialog
5154	PRG	FLD_A7	FLD_A7	006E29	21	dialog
5155	PRG	BTL_T0	BTL_T0	054D84	50	dialog
5156	PRG	FLD_A7	FLD_A7	006E6D	21	dialog
5157	PRG	FLD_A7	FLD_A7	006E14	21	dialog
5158	PRG	FLD_A7	FLD_A7	006E8B	101	dialog
5159	PRG	FLD_A7	FLD_A7	0078ED	50	dialog
5160	PRG	BTL_T0	BTL_T0	055564	100	dialog
5161	PRG	FLD_A7	FLD_A7	006E51	21	dialog
5162	PRG	BTL_B6	BTL_B6	05B20A	9	dialog
5163	PRG	BTL_B6_2	BTL_B62	053B19	13	dialog
5164	PRG	MENUEN	MENUEN	004FD8	17	ui
5165	PRG	BTL_D2_2	BTL_D22	05030F	11	dialog
5166	PRG	BTL_B6	BTL_B6	05B0CC	23	dialog
5167	PRG	BTL_B6	BTL_B6	05B083	23	dialog
5168	PRG	MENUEN	MENUEN	001E3A	7	ui
5169	MOVIE	EVT127_1	EVT127_1	0037E0	9	movie
5170	PRG	BTL_C5	BTL_C5	0521B2	19	dialog
5171	PRG	FLD_A3	FLD_A3	0093CD	27	dialog
5172	PRG	FLD_A5	FLD_A5	00D67D	18	dialog
5173	PRG	FLD_C4	FLD_C4	00A34E	10	dialog
5174	PRG	FLD_C2	FLD_C2	00AEE4	13	dialog
5175	PRG	TWN_ZOAH	EVTZOAH	01B0A8	6	dialog
5176	PRG	BTL_D5	BTL_D5	05AB81	7	dialog
5177	MOVIE	EVT000_4	EVT000_4	000917	27	movie
5178	MENUBK	MENUBK	MENUBK	001778	21	ui
5179	PRG	BTL_D5	BTL_D5	05AB88	11	dialog
5180	PRG	MENUEN	MENUEN	000414	40	ui
5181	PRG	FLD_B6	FLD_B6	009E93	15	dialog
5182	PRG	BTL_C8_2	BTL_C82	04F11C	13	dialog
5183	PRG	FLAGEDIT	FLAGEDIT	0012B4	19	ui
5184	PRG	MENUEN	MENUEN	003244	17	ui
5185	PRG	MENUEN	MENUEN	003255	148	ui
5186	PRG	TWN_ZOAH	EVTZOAH	02ABBC	31	dialog
5187	PRG	MENUEN	MENUEN	004288	23	ui
5188	PRG	BTL_A5	BTL_A5	057CAD	19	dialog
5189	PRG	TWN_ZOAH	EVTZOAH	023D65	37	dialog
5190	PRG	TWN_CARA	EVTCARA	016CD7	39	dialog
5191	PRG	TWN_CARA	EVTCARA	009DE5	39	dialog
5192	PRG	TWN_ZOAH	EVTZOAH	02ACF0	39	dialog
5193	PRG	BTL_A3	BTL_A3	0531CE	19	dialog
5194	PRG	BTL_A7_2	BTL_A72	050F74	31	dialog
5195	PRG	BTL_C8	BTL_C8	04E9C3	17	dialog
5196	PRG	TWN_CAMP	EVTCAMP	00DA4C	13	dialog
5197	PRG	TWN_SEEK	EVTSEEK	012714	37	dialog
5198	PRG	TWN_CAMP	EVTCAMP	00E3AA	39	dialog
5199	PRG	TWN_SEEK	EVTSEEK	00BC9E	25	dialog
5200	PRG	TWN_ZOAH	EVTZOAH	03B293	39	dialog
5201	PRG	TWN_ZOAH	EVTZOAH	02345C	39	dialog
5202	PRG	TWN_ZOAH	EVTZOAH	013D88	35	dialog
5203	MOVIE	EVT134_3	EVT134_3	004240	33	movie
5204	PRG	TWN_CAMP	EVTCAMP	01011C	15	dialog
5205	MENUBK	MENUBK	MENUBK	0065A2	17	ui
5206	MENUBK	MENUBK	MENUBK	00120E	195	ui
5207	PRG	TWN_CARA	EVTCARA	0167B7	31	dialog
5208	PRG	TWN_SEEK	EVTSEEK	00D55F	31	dialog
5209	PRG	TWN_ZOAH	EVTZOAH	03075C	29	dialog
5210	PRG	TWN_CAMP	EVTCAMP	00DAF3	35	dialog
5211	MOVIE	EVT060_1	EVT060_1	001F4B	21	movie
5212	PRG	TWN_SEEK	EVTSEEK	0167A3	37	dialog
5213	PRG	FLAGEDIT	FLAGEDIT	001338	21	ui
5214	COMMON	COMMON	ITEM	00BAB7	30	ui
5215	PRG	TWN_ZOAH	EVTZOAH	00C8ED	29	slot
5216	MENUBK	MENUBK	MENUBK	00656B	21	ui
5217	MENUBK	MENUBK	MENUBK	006750	186	ui
5218	PRG	TWN_ZOAH	EVTZOAH	03E7B9	19	dialog
5219	PRG	TWN_CARA	EVTCARA	009E80	35	dialog
5220	PRG	BTL_B2	BTL_B2	04FCAF	23	dialog
5221	PRG	BTL_T0	BTL_T0	054886	65	dialog
5222	PRG	BTL_T0	BTL_T0	05477B	62	dialog
5223	MENUBK	MENUBK	MENUBK	0065B3	223	ui
5224	MENUBK	MENUBK	MENUBK	006591	17	ui
5225	MENUBK	MENUBK	MENUBK	005339	15	ui
5226	PRG	TWN_SEEK	EVTSEEK	00EB32	35	dialog
5227	MOVIE	EVT127_1	EVT127_1	003857	25	movie
5228	PRG	TWN_ZOAH	EVTZOAH	01D2A3	39	dialog
5229	MENUBK	MENUBK	MENUBK	002DD6	165	ui
5230	PRG	TWN_CARA	EVTCARA	006487	31	dialog
5231	COMMON	COMMON	ITEM	00B08E	27	ui
5232	PRG	TWN_ZOAH	EVTZOAH	03E8FA	31	dialog
5233	PRG	TWN_SEEK	EVTSEEK	012212	19	dialog
5234	PRG	FLD_A7	FLD_A7	00713C	41	dialog
5235	PRG	TWN_ZOAH	EVTZOAH	03E78B	33	dialog
5236	MENUBK	MENUBK	MENUBK	006580	17	ui
5237	MENUBK	MENUBK	MENUBK	004568	15	ui
5238	PRG	BTL_T0	BTL_T0	053ADE	39	dialog
5239	MENUBK	MENUBK	MENUBK	001E6C	196	ui
5240	MENUBK	MENUBK	MENUBK	00192D	15	ui
5241	PRG	BTL_T0	BTL_T0	0539A3	47	dialog
5242	PRG	TWN_ZOAH	EVTZOAH	01D16D	31	dialog
5243	MENUBK	MENUBK	MENUBK	002AD0	159	ui
5244	MENUBK	MENUBK	MENUBK	002CB1	153	ui
5245	PRG	BTL_T0	BTL_T0	054C97	49	dialog
5246	PRG	TWN_CARA	EVTCARA	00CC6D	21	dialog
5247	MOVIE	EVT016_2	EVT016_2	0011CE	37	movie
5248	PRG	FLD_B6	FLD_B6	009F77	13	dialog
5249	PRG	TWN_SEEK	EVTSEEK	0169CA	37	dialog
5250	MOVIE	EVT144	EVT144	004BB2	29	movie
5251	PRG	FLD_C8	FLD_T0	0132FE	37	dialog
5252	MOVIE	EVT060_2	EVT060_2	0022CD	37	movie
5253	PRG	FLD_A3	FLD_A3	009388	35	dialog
5254	MOVIE	EVT134_2	EVT134_2	003C83	27	movie
5255	PRG	TWN_SEEK	EVTSEEK	00EAED	21	dialog
5256	MENUBK	MENUBK	MENUBK	000004	23	ui
5257	MENUBK	MENUBK	MENUBK	0008F4	23	ui
5258	MENUBK	MENUBK	MENUBK	00105C	23	ui
5259	PRG	BTL_C5	BTL_C5	052073	31	dialog
5260	PRG	BTL_B5	BTL_B5	052187	25	dialog
5261	COMMON	COMMON	MENU	00D3F8	21	ui
5262	PRG	BTL_C2_2	BTL_C22	057046	37	dialog
5263	PRG	FLAGEDIT	FLAGEDIT	0011C1	21	ui
5264	MOVIE	EVT134_3	EVT134_3	0041D1	13	movie
5265	PRG	TWN_SEEK	EVTSEEK	015506	11	dialog
5266	MENUBK	MENUBK	MENUBK	00344E	15	ui
5267	PRG	TWN_SEEK	EVTSEEK	0154D8	29	dialog
5268	MENUBK	MENUBK	MENUBK	003426	31	ui
5269	PRG	FLD_B6	FLD_B6	00B2AC	13	dialog
5270	PRG	FLD_B6	FLD_B6	00B0E8	39	dialog
5271	PRG	MENUEN	MENUEN	004CC4	9	ui
5272	PRG	BTL_B6	BTL_B6	05B1AA	21	dialog
5273	PRG	BTL_C5_2	BTL_C52	025442	21	dialog
5274	PRG	BTL_D4	BTL_D4	023CAA	21	dialog
5275	PRG	BTL_B2	BTL_B2	0258CE	21	dialog
5276	PRG	BTL_A7_2	BTL_A72	026272	21	dialog
5277	PRG	BTL_D2_2	BTL_D22	025EBE	21	dialog
5278	PRG	BTL_C5	BTL_C5	026FFA	21	dialog
5279	PRG	BTL_B6_2	BTL_B62	027DBE	21	dialog
5280	PRG	BTL_D2	BTL_D2	025FB6	21	dialog
5281	PRG	BTL_A3	BTL_A3	0269A6	21	dialog
5282	PRG	BTL_A3_2	BTL_A32	02A012	21	dialog
5283	PRG	BTL_B5_3	BTL_B53	02692A	21	dialog
5284	PRG	BTL_A7	BTL_A7	02975A	21	dialog
5285	PRG	BTL_C4	BTL_C4	026992	21	dialog
5286	PRG	BTL_T0	BTL_T0	02918A	21	dialog
5287	PRG	BTL_B5	BTL_B5	027B7A	21	dialog
5288	PRG	BTL_C2_2	BTL_C22	02AB62	21	dialog
5289	PRG	BTL_C8	BTL_C8	022FBE	21	dialog
5290	PRG	BTL_A5_3	BTL_A53	0254EE	21	dialog
5291	PRG	BTL_C8_2	BTL_C82	024CD6	21	dialog
5292	PRG	BTL_X0	BTL_X0	033D7A	21	dialog
5293	PRG	BTL_D5	BTL_D5	030642	21	dialog
5294	PRG	BTL_A5	BTL_A5	02D796	21	dialog
5295	PRG	BTL_C2	BTL_C2	027BCA	21	dialog
5296	PRG	BTL_B5_2	BTL_B52	02E88E	21	dialog
5297	PRG	BTL_A5_2	BTL_A52	03063E	21	dialog
5298	PRG	BTL_B6	BTL_B6	030BF6	21	dialog
5299	PRG	BTL_A5_2	BTL_A52	05A9E9	7	dialog
5300	PRG	MENUEN	MENUEN	004040	19	ui
5301	PRG	MENUEN	MENUEN	003CE4	15	ui
5302	PRG	MENUEN	MENUEN	003E24	19	ui
5303	PRG	MENUEN	MENUEN	003F2C	19	ui
5304	PRG	BTL_A5_2	BTL_A52	05AA9B	11	dialog
5305	PRG	TWN_ZOAH	EVTZOAH	038D1F	29	dialog
5306	PRG	TWN_CARA	EVTCARA	013D35	31	dialog
5307	PRG	TWN_ZOAH	EVTZOAH	02B4E2	39	dialog
5308	PRG	TWN_CARA	EVTCARA	00F0BE	21	dialog
5309	PRG	TWN_ZOAH	EVTZOAH	013446	37	dialog
5310	PRG	TWN_CARA	EVTCARA	00A3D8	35	dialog
5311	PRG	TWN_ZOAH	EVTZOAH	02B16A	39	dialog
5312	PRG	TWN_ZOAH	EVTZOAH	030582	29	dialog
5313	PRG	TWN_ZOAH	EVTZOAH	02B595	29	dialog
5314	PRG	TWN_ZOAH	EVTZOAH	019349	35	dialog
5315	PRG	TWN_ZOAH	EVTZOAH	02FA58	33	dialog
5316	PRG	TWN_CARA	EVTCARA	016D41	37	dialog
5317	PRG	TWN_ZOAH	EVTZOAH	03363D	37	dialog
5318	PRG	TWN_CARA	EVTCARA	01371D	35	dialog
5319	PRG	TWN_ZOAH	EVTZOAH	01D0CA	33	dialog
5320	PRG	TWN_ZOAH	EVTZOAH	00F071	15	dialog
5321	PRG	TWN_ZOAH	EVTZOAH	03325A	35	dialog
5322	PRG	TWN_ZOAH	EVTZOAH	01E04A	35	dialog
5323	PRG	TWN_ZOAH	EVTZOAH	0338B5	33	dialog
5324	PRG	TWN_ZOAH	EVTZOAH	0376D8	31	dialog
5325	PRG	TWN_ZOAH	EVTZOAH	0136DE	37	dialog
5326	PRG	TWN_ZOAH	EVTZOAH	0331FF	39	dialog
5327	PRG	TWN_ZOAH	EVTZOAH	01C41E	31	dialog
5328	PRG	TWN_ZOAH	EVTZOAH	01D18C	35	dialog
5329	PRG	TWN_ZOAH	EVTZOAH	01C61C	33	dialog
5330	COMMON	COMMON	ITEM	00AE23	19	ui
5331	MOVIE	EVT000_3	EVT000_3	0007B5	13	movie
5332	PRG	TWN_CARA	EVTCARA	013C14	15	dialog
5333	PRG	TWN_ZOAH	EVTZOAH	01D296	13	dialog
5334	PRG	TWN_CARA	EVTCARA	0063F0	39	dialog
5335	PRG	BTL_C4	BTL_C4	054032	19	dialog
5336	PRG	MENUEN	MENUEN	009C88	25	ui
5337	PRG	MENUEN	MENUEN	009AB0	25	ui
5338	PRG	MENUEN	MENUEN	0098D8	25	ui
5339	PRG	MENUEN	MENUEN	009B9C	25	ui
5340	PRG	MENUEN	MENUEN	0099C4	25	ui
5341	PRG	BTL_B2	BTL_B2	04FD28	11	dialog
5342	PRG	FLD_A3	FLD_A3	0095A2	95	dialog
5343	PRG	FLD_A3	FLD_A3	00955E	17	dialog
5344	PRG	BTL_B2	BTL_B2	04FD03	19	dialog
5345	PRG	FLD_C8	FLD_T0	014FF6	15	dialog
5346	PRG	FLD_C8	FLD_T0	014F89	25	slot
5347	PRG	FLD_C8	FLD_T0	014FA2	25	slot
5348	PRG	FLD_C8	FLD_T0	014FB3	17	dialog
5349	PRG	TWN_ZOAH	EVTZOAH	02F3FD	29	dialog
5350	PRG	TWN_ZOAH	EVTZOAH	037582	37	dialog
5351	PRG	TWN_ZOAH	EVTZOAH	037510	35	dialog
5352	PRG	TWN_ZOAH	EVTZOAH	0189C6	25	dialog
5353	PRG	TWN_SEEK	EVTSEEK	009AA2	37	dialog
5354	PRG	TWN_ZOAH	EVTZOAH	014D56	37	dialog
5355	PRG	TWN_ZOAH	EVTZOAH	03B515	25	dialog
5356	PRG	TWN_ZOAH	EVTZOAH	03E6F0	27	dialog
5357	PRG	TWN_ZOAH	EVTZOAH	03B0D3	35	dialog
5358	COMMON	COMMON	ITEM	00B5E9	50	ui
5359	COMMON	COMMON	ITEM	00B61B	58	ui
5360	PRG	TWN_SEEK	EVTSEEK	008C36	35	dialog
5361	PRG	TWN_ZOAH	EVTZOAH	013567	33	dialog
5362	PRG	TWN_ZOAH	EVTZOAH	0135C3	23	dialog
5363	PRG	TWN_ZOAH	EVTZOAH	023437	37	dialog
5364	PRG	TWN_ZOAH	EVTZOAH	02389B	33	dialog
5365	PRG	TWN_ZOAH	EVTZOAH	023403	39	dialog
5366	PRG	TWN_ZOAH	EVTZOAH	0188F4	37	dialog
5367	PRG	TWN_SEEK	EVTSEEK	008B2C	39	dialog
5368	PRG	MENUEN	MENUEN	00A534	25	ui
5369	PRG	MENUEN	MENUEN	00A384	25	ui
5370	PRG	MENUEN	MENUEN	00A1D4	25	ui
5371	PRG	MENUEN	MENUEN	00A45C	25	ui
5372	PRG	MENUEN	MENUEN	00A2AC	25	ui
5373	COMMON	COMMON	MENU	00D3D8	17	ui
5374	PRG	FLD_B5	FLD_B5	009D81	29	dialog
5375	COMMON	COMMON	MENU	00D457	19	ui
5376	PRG	BTL_T0	BTL_T0	054D1A	106	dialog
5377	PRG	TWN_CARA	EVTCARA	012F0B	35	dialog
5378	PRG	MENUEN	MENUEN	00604C	7	ui
5379	MENUBK	MENUBK	MENUBK	001594	182	ui
5380	COMMON	COMMON	MENU	00D17B	11	ui
5381	PRG	BTL_C2_2	BTL_C22	0571E5	29	dialog
5382	PRG	BTL_C2_2	BTL_C22	057114	23	dialog
5383	PRG	FLD_B5	FLD_B5	00AEDE	31	dialog
5384	PRG	FLAGEDIT	FLAGEDIT	000C0F	27	ui
5385	PRG	FLAGEDIT	FLAGEDIT	00134D	35	ui
5386	PRG	BTL_B2	BTL_B2	04FD47	17	dialog
5387	PRG	BTL_B2	BTL_B2	04FD58	17	dialog
5388	PRG	FLD_B5	FLD_B5	009C9C	39	dialog
5389	PRG	FLAGEDIT	FLAGEDIT	001212	21	ui
5390	PRG	FLD_B5	FLD_B5	009CFB	39	dialog
5391	PRG	FLAGEDIT	FLAGEDIT	001227	21	ui
5392	PRG	FLD_B5	FLD_B5	009D5A	39	dialog
5393	PRG	FLAGEDIT	FLAGEDIT	00123C	21	ui
5394	PRG	FLD_B5	FLD_B5	009118	33	dialog
5395	PRG	MENUEN	MENUEN	0036DC	9	ui
5396	PRG	TWN_ZOAH	EVTZOAH	02AC80	29	dialog
5397	PRG	BTL_A5	BTL_A5	057D4C	17	dialog
5398	PRG	TWN_ZOAH	EVTZOAH	018A36	37	dialog
5399	MOVIE	EVT068_1	EVT068_1	0024D2	9	movie
5400	PRG	MENUEN	MENUEN	009804	15	ui
5401	COMMON	COMMON	ITEM	00AE12	17	ui
5402	PRG	BTL_B5	BTL_B5	052331	19	dialog
5403	PRG	TWN_ZOAH	EVTZOAH	01C18D	29	dialog
5404	COMMON	COMMON	ITEM	00AD7E	19	ui
5405	MOVIE	EVT155_2	EVT155_2	0051B4	35	movie
5406	PRG	TWN_SEEK	EVTSEEK	0151E6	37	dialog
5407	PRG	TWN_ZOAH	EVTZOAH	019561	6	dialog
5408	COMMON	COMMON	MENU	00D145	27	ui
5409	PRG	BTL_B2	BTL_B2	04FE3A	7	dialog
5410	PRG	MENUEN	MENUEN	0044C0	21	ui
5411	PRG	TWN_SEEK	EVTSEEK	00C15A	35	dialog
5412	PRG	TWN_CARA	EVTCARA	012F2E	35	dialog
5413	PRG	TWN_CARA	EVTCARA	0065F1	27	dialog
5414	MENUBK	MENUBK	MENUBK	005FFC	166	ui
5415	MENUBK	MENUBK	MENUBK	00006B	192	ui
5416	PRG	BTL_D5	BTL_D5	05AB56	9	dialog
5417	PRG	TWN_CAMP	EVTCAMP	00E6AE	17	dialog
5418	PRG	MENUEN	MENUEN	005DE7	188	ui
5419	COMMON	COMMON	ITEM	00BA5B	38	ui
5420	PRG	MENUEN	MENUEN	006523	131	ui
5421	PRG	MENUEN	MENUEN	006411	136	ui
5422	MENUBK	MENUBK	MENUBK	006CA7	217	ui
5423	MENUBK	MENUBK	MENUBK	006A62	23	ui
5424	PRG	MENUEN	MENUEN	0062D3	190	ui
5425	PRG	TWN_ZOAH	EVTZOAH	030A66	39	dialog
5426	PRG	TWN_ZOAH	EVTZOAH	02FEAF	37	dialog
5427	PRG	FLAGEDIT	FLAGEDIT	0008E9	19	ui
5428	PRG	FLAGEDIT	FLAGEDIT	000E59	31	ui
5429	PRG	FLAGEDIT	FLAGEDIT	000E44	21	ui
5430	MENUBK	MENUBK	MENUBK	006A4F	19	ui
5431	PRG	FLAGEDIT	FLAGEDIT	000B76	19	ui
5432	PRG	TWN_ZOAH	EVTZOAH	022BD3	25	dialog
5433	PRG	TWN_SEEK	EVTSEEK	00D4DB	32	dialog
5434	PRG	TWN_SEEK	EVTSEEK	0126D1	32	dialog
5435	PRG	FLD_C4	FLD_C4	048A2D	4	dialog
5436	PRG	TWN_ZOAH	EVTZOAH	03E2DB	14	dialog
5437	PRG	1ST_READ	SAVE	03D703	15	dialog
5438	PRG	TWN_ZOAH	EVTZOAH	028DF1	33	dialog
5439	PRG	MENUEN	MENUEN	00AF1C	15	ui
5440	PRG	TWN_CARA	EVTCARA	0068D3	35	dialog
5441	MENUBK	MENUBK	MENUBK	001392	158	ui
5442	MENUBK	MENUBK	MENUBK	001135	217	ui
5443	MENUBK	MENUBK	MENUBK	0005D0	217	ui
5444	PRG	WORLD	WORLDMAP	005617	9	ui
5445	PRG	TWN_ZOAH	EVTZOAH	02AD36	26	dialog
5446	PRG	TWN_ZOAH	EVTZOAH	018D37	23	dialog
5447	COMMON	COMMON	ITEM	00AAE4	30	ui
5448	PRG	TWN_SEEK	EVTSEEK	00D8E1	25	dialog
5449	PRG	BTL_D2_2	BTL_D22	050345	15	dialog
5450	PRG	BTL_D5	BTL_D5	05ABF3	11	dialog
5451	PRG	BTL_D5	BTL_D5	05ABBC	9	dialog
5452	PRG	TWN_ZOAH	EVTZOAH	02ABF7	15	dialog
5453	PRG	FLD_C8	FLD_T0	0146A5	4	dialog
5454	MOVIE	EVT000_1	EVT000_1	000052	23	movie
5455	PRG	FLD_B5	FLD_B5	009CD6	25	dialog
5456	PRG	FLD_B5	FLD_B5	009D35	25	dialog
5457	PRG	FLD_A3	FLD_A3	009692	42	dialog
5458	PRG	BTL_T0	BTL_T0	0550DC	121	dialog
5459	COMMON	COMMON	ITEM	00ADBF	21	ui
5460	PRG	BTL_T0	BTL_T0	05431F	108	dialog
5461	PRG	TWN_ZOAH	EVTZOAH	02AC1B	17	dialog
5462	COMMON	COMMON	ITEM	00BC87	36	ui
5463	PRG	BTL_T0	BTL_T0	0547D1	125	dialog
5464	PRG	TWN_CAMP	EVTCAMP	0125A6	26	dialog
5465	PRG	FLD_C8	FLD_T0	0133C6	21	dialog
5466	PRG	BTL_D5	BTL_D5	05AEB2	15	dialog
5467	PRG	TWN_ZOAH	EVTZOAH	0346EE	33	dialog
5468	PRG	TWN_ZOAH	EVTZOAH	01C1B7	29	dialog
5469	PRG	1ST_READ	SAVE	03D3DA	13	dialog
5470	PRG	TWN_ZOAH	EVTZOAH	01AB31	14	dialog
5471	PRG	TWN_ZOAH	EVTZOAH	00D932	29	dialog
5472	PRG	TWN_CARA	EVTCARA	0067A2	35	dialog
5473	PRG	TWN_CARA	EVTCARA	0065D4	29	dialog
5474	PRG	TWN_ZOAH	EVTZOAH	02B49C	17	dialog
5475	PRG	TWN_CARA	EVTCARA	00667D	35	dialog
5476	PRG	TWN_CARA	EVTCARA	006734	33	dialog
5477	PRG	TWN_CARA	EVTCARA	005F02	39	dialog
5478	PRG	TWN_ZOAH	EVTZOAH	02ACB3	7	dialog
5479	PRG	FLD_A5	FLD_A5	00D30C	11	dialog
5480	PRG	TWN_CAMP	EVTCAMP	00D65D	37	dialog
5481	PRG	TWN_CAMP	EVTCAMP	00D586	19	dialog
5482	PRG	FLD_A5	FLD_A5	00D365	37	dialog
5483	PRG	FLD_A5	FLD_A5	00D78D	27	dialog
5484	PRG	TWN_CAMP	EVTCAMP	00D3EB	33	dialog
5485	PRG	FLD_A5	FLD_A5	00F834	15	dialog
5486	PRG	FLD_A5	FLD_A5	00F843	19	dialog
5487	COMMON	COMMON	MENU	00D36F	21	ui
5488	COMMON	COMMON	MENU	00D384	29	ui
5489	PRG	FLD_A5	FLD_A5	00F8E0	29	dialog
5490	PRG	FLD_C8	FLD_T0	015426	8	dialog
5491	PRG	FLD_C4	FLD_C4	048A25	4	dialog
5492	PRG	FLD_A5	FLD_A5	0374E9	4	dialog
5493	PRG	FLD_B6	FLD_B6	009EEC	20	dialog
5494	PRG	TWN_CAMP	EVTCAMP	00CA4D	6	dialog
5495	PRG	TWN_SEEK	EVTSEEK	008803	8	dialog
5496	PRG	MENUEN	MENUEN	0087C9	146	ui
5497	PRG	TWN_CARA	EVTCARA	0174AC	35	dialog
5498	PRG	TWN_CARA	EVTCARA	016E31	39	dialog
5499	PRG	MENUEN	MENUEN	0056C8	21	ui
5500	PRG	MENUEN	MENUEN	0054AC	21	ui
5501	PRG	TWN_ZOAH	EVTZOAH	02AC06	21	dialog
5502	PRG	BTL_A7	BTL_A7	053CF4	23	dialog
5503	PRG	BTL_C2	BTL_C2	057B5F	31	dialog
5504	MENUBK	MENUBK	MENUBK	003E2B	185	ui
5505	PRG	TWN_SEEK	EVTSEEK	0061AD	21	dialog
5506	PRG	TWN_CARA	EVTCARA	0172F1	10	dialog
5507	PRG	BTL_T0	BTL_T0	054DB6	135	dialog
5508	PRG	TWN_SEEK	EVTSEEK	008641	2	dialog
5509	PRG	TITLE		00049F	10	ui
5510	PRG	TWN_SEEK	EVTSEEK	008647	19	dialog
5511	PRG	BTL_C5	BTL_C5	05786B	13	dialog
5512	MOVIE	EVT060_2	EVT060_2	002169	31	movie
5513	COMMON	COMMON	ITEM	00B9FF	13	ui
5514	PRG	TWN_CAMP	EVTCAMP	00CD9D	27	dialog
5515	PRG	TWN_CAMP	EVTCAMP	00E5C3	17	dialog
5516	PRG	TWN_CAMP	EVTCAMP	00CCBB	23	dialog
5517	MOVIE	EVT122_3	EVT122_3	0031A5	15	movie
5518	PRG	TWN_ZOAH	EVTZOAH	01A889	37	dialog
5519	PRG	TWN_CAMP	EVTCAMP	00E235	35	dialog
5520	PRG	TWN_CAMP	EVTCAMP	00EF55	31	dialog
5521	PRG	FLD_B6	FLD_B6	00AF06	15	dialog
5522	PRG	TWN_ZOAH	EVTZOAH	029356	29	dialog
5523	PRG	TWN_ZOAH	EVTZOAH	03B721	23	dialog
5524	PRG	TWN_CARA	EVTCARA	012CE2	39	dialog
5525	MOVIE	EVT060_2	EVT060_2	0021B0	23	movie
5526	PRG	TWN_ZOAH	EVTZOAH	0376A6	37	dialog
5527	PRG	TWN_ZOAH	EVTZOAH	03762A	37	dialog
5528	MOVIE	EVT144	EVT144	004AA8	17	movie
5529	PRG	FLD_B6	FLD_B6	00AF15	29	dialog
5530	PRG	FLD_B6	FLD_B6	00A7C8	31	dialog
5531	PRG	FLD_C8	FLD_T0	012CD6	21	dialog
5532	PRG	FLD_C8	FLD_T0	012DAE	29	dialog
5533	PRG	FLD_A3	FLD_A3	009207	21	dialog
5534	PRG	FLD_A7	FLD_A7	006C8C	20	dialog
5535	PRG	TWN_SEEK	EVTSEEK	015241	37	dialog
5536	PRG	FLD_A3	FLD_A3	009248	11	dialog
5537	PRG	FLD_B6	FLD_B6	009FBE	17	dialog
5538	PRG	BTL_D5	BTL_D5	05AD63	37	dialog
5539	PRG	TWN_SEEK	EVTSEEK	01530B	35	dialog
5540	MENUBK	MENUBK	MENUBK	001B83	153	ui
5541	MOVIE	EVT160_1	EVT160_1	00541D	27	movie
5542	MOVIE	EVT160_1	EVT160_1	0053B3	31	movie
5543	MOVIE	EVT089	EVT089	002BD5	27	movie
5544	MOVIE	EVT016_2	EVT016_2	001208	27	movie
5545	PRG	TWN_SEEK	EVTSEEK	01533B	35	dialog
5546	MOVIE	EVT134_1	EVT134_1	003AD3	35	movie
5547	PRG	BTL_D2_2	BTL_D22	050298	33	dialog
5548	MOVIE	EVT122_4	EVT122_4	003437	27	movie
5549	MOVIE	EVT000_1	EVT000_1	0001A6	23	movie
5550	MOVIE	EVT068_1	EVT068_1	002522	29	movie
5551	MENUBK	MENUBK	MENUBK	003C9E	203	ui
5552	MENUBK	MENUBK	MENUBK	00391C	17	ui
5553	PRG	BTL_C2	BTL_C2	057C50	25	dialog
5554	PRG	BTL_C2	BTL_C2	057B4E	17	dialog
5555	PRG	BTL_C2	BTL_C2	057C8A	15	dialog
5556	PRG	BTL_C2	BTL_C2	057C9E	19	dialog
5557	PRG	BTL_C2	BTL_C2	057C20	17	dialog
5558	PRG	BTL_C2	BTL_C2	057B2B	35	dialog
5559	PRG	BTL_C5	BTL_C5	05226D	29	dialog
5560	PRG	BTL_C2_2	BTL_C22	057270	11	dialog
5561	PRG	TWN_CARA	EVTCARA	013B34	35	dialog
5562	MOVIE	EVT004_2	EVT004_2	000DD9	21	movie
5563	PRG	BTL_C5	BTL_C5	052120	23	dialog
5564	PRG	BTL_C5	BTL_C5	0520A9	17	dialog
5565	PRG	TWN_ZOAH	EVTZOAH	023DD2	31	slot
5566	PRG	TWN_SEEK	EVTSEEK	00E99A	31	dialog
5567	PRG	TWN_ZOAH	EVTZOAH	01E475	21	dialog
5568	MOVIE	EVT000_2	EVT000_2	0003D9	17	movie
5569	PRG	TWN_ZOAH	EVTZOAH	01C29B	31	dialog
5570	MOVIE	EVT000_4	EVT000_4	000977	5	movie
5571	PRG	FLD_B6	FLD_B6	009FAB	19	dialog
5572	PRG	FLD_C8	FLD_T0	013F70	33	dialog
5573	PRG	TWN_SEEK	EVTSEEK	015B17	37	dialog
5574	PRG	FLD_B6	FLD_B6	009F33	39	dialog
5575	PRG	TWN_ZOAH	EVTZOAH	03E663	19	dialog
5576	PRG	TWN_CAMP	EVTCAMP	00DB4B	39	dialog
5577	MOVIE	EVT161_2	EVT161_2	005821	33	movie
5578	PRG	TWN_SEEK	EVTSEEK	0073A4	35	dialog
5579	MOVIE	EVT000_5	EVT000_5	000B70	35	movie
5580	COMMON	COMMON	MENU	00D3E9	15	ui
5581	PRG	TWN_CARA	EVTCARA	013674	25	dialog
5582	PRG	TWN_CAMP	EVTCAMP	00DC63	39	dialog
5583	PRG	TWN_ZOAH	EVTZOAH	03EA61	35	dialog
5584	PRG	FLD_C8	FLD_T0	0140A7	27	dialog
5585	MOVIE	EVT122_2	EVT122_2	002F62	27	movie
5586	PRG	TWN_CAMP	EVTCAMP	00E301	33	dialog
5587	PRG	FLD_C8	FLD_T0	0140C2	29	dialog
5588	MOVIE	EVT122_3	EVT122_3	003271	35	movie
5589	MOVIE	EVT122_3	EVT122_3	0030A1	33	movie
5590	MOVIE	EVT000_2	EVT000_2	000396	19	movie
5591	MOVIE	EVT122_3	EVT122_3	003173	35	movie
5592	MOVIE	EVT016_2	EVT016_2	0013A7	13	movie
5593	PRG	1ST_READ	SAVE	03D2A9	38	dialog
5594	COMMON	COMMON	MENU	00D341	25	ui
5595	PRG	TWN_CAMP	EVTCAMP	00DEBB	33	dialog
5596	PRG	TWN_ZOAH	EVTZOAH	023B3D	25	dialog
5597	PRG	TWN_CAMP	EVTCAMP	00D9CF	37	dialog
5598	MOVIE	EVT068_2	EVT068_2	002859	33	movie
5599	MOVIE	EVT000_1	EVT000_1	0000E5	31	movie
5600	PRG	TWN_SEEK	EVTSEEK	015BED	37	dialog
5601	PRG	FLD_C8	FLD_T0	0144A1	11	dialog
5602	PRG	FLD_C8	FLD_T0	013A50	13	dialog
5603	PRG	FLD_C8	FLD_T0	014661	29	dialog
5604	PRG	FLD_C8	FLD_T0	0139E2	31	dialog
5605	PRG	FLD_C8	FLD_T0	013D7C	31	dialog
5606	PRG	FLD_C8	FLD_T0	014B0B	31	dialog
5607	PRG	FLD_A7	FLD_A7	008179	22	dialog
5608	PRG	FLD_A7	FLD_A7	007D65	22	dialog
5609	PRG	FLD_A7	FLD_A7	0079FB	22	dialog
5610	PRG	FLD_A7	FLD_A7	007F83	22	dialog
5611	PRG	FLD_A7	FLD_A7	007B74	22	dialog
5612	PRG	FLD_B6	FLD_B6	00A999	33	dialog
5613	PRG	BTL_A5_2	BTL_A52	05AC19	31	dialog
5614	PRG	FLD_C8	FLD_T0	014042	35	dialog
5615	MOVIE	EVT137	EVT137	00493A	35	movie
5616	PRG	TWN_ZOAH	EVTZOAH	01A966	39	dialog
5617	PRG	FLD_C8	FLD_T0	013371	39	dialog
5618	MOVIE	EVT134_1	EVT134_1	003B05	33	movie
5619	PRG	FLD_C8	FLD_T0	012E1D	27	dialog
5620	PRG	BTL_A3_2	BTL_A32	054E4C	29	dialog
5621	MOVIE	EVT135	EVT135	004564	33	movie
5622	PRG	TWN_ZOAH	EVTZOAH	037375	35	dialog
5623	PRG	TWN_CARA	EVTCARA	009B9A	35	dialog
5624	PRG	TWN_CARA	EVTCARA	0167FF	25	dialog
5625	PRG	TWN_ZOAH	EVTZOAH	02FBAE	39	dialog
5626	PRG	TWN_CARA	EVTCARA	012998	25	dialog
5627	PRG	FLD_B6	FLD_B6	009D1F	17	dialog
5628	PRG	TWN_SEEK	EVTSEEK	008C01	33	dialog
5629	PRG	TWN_ZOAH	EVTZOAH	00F1AD	31	dialog
5630	PRG	TWN_ZOAH	EVTZOAH	01A9C1	37	dialog
5631	MENUBK	MENUBK	MENUBK	0073B8	193	ui
5632	MENUBK	MENUBK	MENUBK	0012D1	193	ui
5633	PRG	TWN_CARA	EVTCARA	0165B1	33	dialog
5634	PRG	TWN_ZOAH	EVTZOAH	018E98	31	dialog
5635	PRG	TWN_SEEK	EVTSEEK	015B3E	39	dialog
5636	PRG	TWN_ZOAH	EVTZOAH	03B6C5	33	slot
5637	PRG	TWN_ZOAH	EVTZOAH	0346C7	39	dialog
5638	PRG	FLD_A5	FLD_A5	00D498	23	dialog
5639	MENUBK	MENUBK	MENUBK	0035B7	215	ui
5640	MOVIE	EVT000_5	EVT000_5	000BD8	21	movie
5641	PRG	TWN_CARA	EVTCARA	009541	25	dialog
5642	PRG	BTL_T0	BTL_T0	054FCA	95	dialog
5643	PRG	BTL_T0	BTL_T0	054E86	119	dialog
5644	PRG	BTL_T0	BTL_T0	055155	115	dialog
5645	PRG	BTL_B6_2	BTL_B62	053C92	17	dialog
5646	PRG	BTL_C8	BTL_C8	04EA10	31	dialog
5647	PRG	FLD_A3	FLD_A3	0094EE	25	dialog
5648	PRG	FLD_A3	FLD_A3	009511	23	dialog
5649	PRG	BTL_T0	BTL_T0	053E44	83	dialog
5650	PRG	BTL_T0	BTL_T0	053E97	97	dialog
5651	PRG	TWN_ZOAH	EVTZOAH	037341	39	dialog
5652	PRG	TWN_CARA	EVTCARA	012CB0	37	dialog
5653	PRG	TWN_ZOAH	EVTZOAH	019595	33	dialog
5654	PRG	TWN_ZOAH	EVTZOAH	02AC3B	15	dialog
5655	PRG	BTL_B6	BTL_B6	05B188	11	dialog
5656	PRG	TWN_CAMP	EVTCAMP	00F3EB	23	dialog
5657	PRG	TWN_ZOAH	EVTZOAH	030155	31	dialog
5658	PRG	TWN_SEEK	EVTSEEK	01891D	29	dialog
5659	PRG	TWN_CARA	EVTCARA	009621	37	dialog
5660	PRG	BTL_C2	BTL_C2	0577D0	13	dialog
5661	PRG	TWN_CARA	EVTCARA	006434	29	dialog
5662	PRG	BTL_T0	BTL_T0	054EFD	74	dialog
5663	PRG	TWN_ZOAH	EVTZOAH	0131A2	33	dialog
5664	PRG	BTL_T0	BTL_T0	05506C	112	dialog
5665	PRG	TWN_CARA	EVTCARA	006534	33	dialog
5666	PRG	TWN_CAMP	EVTCAMP	00D84D	21	dialog
5667	PRG	FLD_A5	FLD_A5	00D84B	27	dialog
5668	PRG	FLD_C8	FLD_T0	013268	23	dialog
5669	PRG	TWN_SEEK	EVTSEEK	018861	33	dialog
5670	PRG	TWN_ZOAH	EVTZOAH	02FC22	21	dialog
5671	PRG	TWN_ZOAH	EVTZOAH	0190F8	31	dialog
5672	MOVIE	EVT000_3	EVT000_3	0007C2	15	movie
5673	PRG	TWN_CAMP	EVTCAMP	00C7A2	19	dialog
5674	PRG	FLD_C8	FLD_T0	012C7A	33	dialog
5675	PRG	TWN_ZOAH	EVTZOAH	02F189	13	dialog
5676	MOVIE	EVT152	EVT152	004F98	11	movie
5677	PRG	FLD_B6	FLD_B6	00A91B	15	dialog
5678	PRG	BTL_B6	BTL_B6	05B259	23	dialog
5679	PRG	BTL_A5_2	BTL_A52	05ACB3	17	dialog
5680	PRG	FLD_C8	FLD_T0	014AB2	21	dialog
5681	MOVIE	EVT089	EVT089	002D50	17	movie
5682	PRG	TWN_ZOAH	EVTZOAH	023BAD	31	dialog
5683	PRG	TWN_CAMP	EVTCAMP	00DE3F	37	dialog
5684	PRG	FLD_C8	FLD_T0	013FC7	21	dialog
5685	MOVIE	EVT122_4	EVT122_4	00366F	7	movie
5686	MOVIE	EVT000_1	EVT000_1	000011	21	movie
5687	PRG	TWN_CAMP	EVTCAMP	00BF4F	35	dialog
5688	MOVIE	EVT054	EVT054	001E79	19	movie
5689	PRG	TWN_CAMP	EVTCAMP	00D5BE	29	dialog
5690	PRG	TWN_ZOAH	EVTZOAH	028E93	31	dialog
5691	MOVIE	EVT000_5	EVT000_5	000C5B	19	movie
5692	PRG	TWN_SEEK	EVTSEEK	00BB00	37	dialog
5693	PRG	FLD_B6	FLD_B6	00B0A1	17	dialog
5694	MOVIE	EVT068_2	EVT068_2	00293B	7	movie
5695	PRG	BTL_A7_2	BTL_A72	050F93	23	dialog
5696	PRG	BTL_C2	BTL_C2	0577B2	23	dialog
5697	MOVIE	EVT135	EVT135	00452F	5	movie
5698	PRG	BTL_T0	BTL_T0	053B84	139	dialog
5699	PRG	TWN_ZOAH	EVTZOAH	03DD2B	39	dialog
5700	PRG	FLD_A5	FLD_A5	00D4DD	19	dialog
5701	PRG	FLD_C8	FLD_T0	01396F	15	dialog
5702	PRG	1ST_READ	SAVE	03D3C7	19	dialog
5703	COMMON	COMMON	ITEM	00AF3F	19	ui
5704	PRG	BTL_T0	BTL_T0	053D7F	87	dialog
5705	PRG	FLD_A3	FLD_A3	009A24	116	dialog
5706	MOVIE	EVT000_4	EVT000_4	0009AF	19	movie
5707	PRG	BTL_B5	BTL_B5	0520F9	15	dialog
5708	PRG	TWN_CARA	EVTCARA	009D1F	21	dialog
5709	MOVIE	EVT040	EVT040	00181C	13	movie
5710	PRG	FLD_A7	FLD_A7	006C32	19	dialog
5711	PRG	FLD_A7	FLD_A7	006D32	33	dialog
5712	PRG	FLD_C8	FLD_T0	012BE5	11	dialog
5713	MOVIE	EVT043	EVT043	001CCA	21	movie
5714	PRG	BTL_C2	BTL_C2	057779	7	dialog
5715	PRG	BTL_C2	BTL_C2	0578EB	23	dialog
5716	PRG	TWN_ZOAH	EVTZOAH	03712A	35	dialog
5717	PRG	BTL_D4	BTL_D4	04F466	5	dialog
5718	PRG	BTL_C5_2	BTL_C52	04FBFF	29	dialog
5719	PRG	TWN_SEEK	EVTSEEK	00D8AF	37	dialog
5720	PRG	TWN_SEEK	EVTSEEK	00D36F	35	dialog
5721	PRG	TWN_ZOAH	EVTZOAH	03B5D9	35	dialog
5722	PRG	TWN_SEEK	EVTSEEK	00D3E8	23	dialog
5723	PRG	TWN_SEEK	EVTSEEK	016751	39	dialog
5724	PRG	TWN_ZOAH	EVTZOAH	03B706	19	dialog
5725	PRG	TWN_ZOAH	EVTZOAH	03B069	33	dialog
5726	PRG	TWN_SEEK	EVTSEEK	00D52B	39	dialog
5727	PRG	TWN_ZOAH	EVTZOAH	03B3FF	33	dialog
5728	MOVIE	EVT016_2	EVT016_2	001425	7	movie
5729	PRG	TWN_ZOAH	EVTZOAH	02FA2E	13	dialog
5730	PRG	TWN_CARA	EVTCARA	016902	27	dialog
5731	PRG	TWN_ZOAH	EVTZOAH	02F265	35	dialog
5732	PRG	TWN_CAMP	EVTCAMP	00E1CF	37	dialog
5733	PRG	TWN_ZOAH	EVTZOAH	02FCBA	35	dialog
5734	MOVIE	EVT135	EVT135	00463E	31	movie
5735	PRG	TWN_SEEK	EVTSEEK	00B9EB	27	dialog
5736	PRG	TWN_CAMP	EVTCAMP	00E489	33	dialog
5737	PRG	TWN_ZOAH	EVTZOAH	01317D	37	dialog
5738	PRG	TWN_ZOAH	EVTZOAH	018561	31	dialog
5739	PRG	TWN_CARA	EVTCARA	009604	29	dialog
5740	PRG	TWN_SEEK	EVTSEEK	009A4B	39	dialog
5741	PRG	TWN_CARA	EVTCARA	017039	25	dialog
5742	PRG	TWN_SEEK	EVTSEEK	00C139	31	dialog
5743	PRG	TWN_SEEK	EVTSEEK	00C334	35	dialog
5744	PRG	TWN_ZOAH	EVTZOAH	02F511	35	dialog
5745	PRG	TWN_ZOAH	EVTZOAH	023A65	27	dialog
5746	PRG	TWN_ZOAH	EVTZOAH	019631	31	dialog
5747	PRG	TWN_ZOAH	EVTZOAH	01944B	25	dialog
5748	PRG	TWN_ZOAH	EVTZOAH	03DD5F	21	dialog
5749	PRG	TWN_ZOAH	EVTZOAH	0196CD	27	dialog
5750	PRG	TWN_ZOAH	EVTZOAH	030136	31	dialog
5751	PRG	TWN_ZOAH	EVTZOAH	013157	37	dialog
5752	PRG	TWN_SEEK	EVTSEEK	016712	35	dialog
5753	PRG	TWN_SEEK	EVTSEEK	008D22	23	dialog
5754	MOVIE	EVT016_1	EVT016_1	001106	25	movie
5755	MOVIE	EVT144	EVT144	004B1B	37	movie
5756	PRG	TWN_ZOAH	EVTZOAH	03062E	39	dialog
5757	PRG	TWN_ZOAH	EVTZOAH	039C6D	31	dialog
5758	PRG	TWN_ZOAH	EVTZOAH	0370A5	35	dialog
5759	MOVIE	EVT134_3	EVT134_3	004366	21	movie
5760	PRG	TWN_ZOAH	EVTZOAH	03731C	31	dialog
5761	PRG	TWN_SEEK	EVTSEEK	008C85	19	dialog
5762	PRG	TWN_CARA	EVTCARA	016FAE	33	dialog
5763	PRG	TWN_CARA	EVTCARA	01705C	37	dialog
5764	PRG	TWN_ZOAH	EVTZOAH	018733	31	dialog
5765	PRG	TWN_ZOAH	EVTZOAH	03E3FD	35	dialog
5766	PRG	TWN_ZOAH	EVTZOAH	018DCF	31	dialog
5767	PRG	TWN_SEEK	EVTSEEK	00C0C9	31	dialog
5768	PRG	TWN_ZOAH	EVTZOAH	0387C4	35	dialog
5769	PRG	TWN_ZOAH	EVTZOAH	014E7F	23	dialog
5770	PRG	TWN_SEEK	EVTSEEK	00D613	25	dialog
5771	PRG	TWN_ZOAH	EVTZOAH	02F1B9	35	dialog
5772	PRG	TWN_SEEK	EVTSEEK	00BC2A	17	dialog
5773	PRG	TWN_ZOAH	EVTZOAH	018919	35	dialog
5774	MOVIE	EVT134_3	EVT134_3	0042DE	15	movie
5775	MOVIE	EVT144	EVT144	004D8B	37	movie
5776	PRG	TWN_ZOAH	EVTZOAH	018EB7	39	dialog
5777	PRG	TWN_CAMP	EVTCAMP	00DE64	37	dialog
5778	PRG	TWN_ZOAH	EVTZOAH	0237BE	21	dialog
5779	PRG	TWN_ZOAH	EVTZOAH	018887	19	dialog
5780	PRG	TWN_CARA	EVTCARA	00A366	39	dialog
5781	MOVIE	EVT000_3	EVT000_3	000776	21	movie
5782	PRG	TWN_ZOAH	EVTZOAH	01864E	39	dialog
5783	PRG	TWN_SEEK	EVTSEEK	016826	21	dialog
5784	MOVIE	EVT000_1	EVT000_1	000138	23	movie
5785	PRG	TWN_CARA	EVTCARA	016726	39	dialog
5786	MOVIE	EVT134_2	EVT134_2	003FE7	19	movie
5787	MOVIE	EVT134_2	EVT134_2	003F49	17	movie
5788	MENUBK	MENUBK	MENUBK	004083	130	ui
5789	PRG	BTL_A3_2	BTL_A32	054ECC	21	dialog
5790	COMMON	COMMON	MENU	00D12A	27	ui
5791	PRG	BTL_C5	BTL_C5	05215F	37	dialog
5792	MENUBK	MENUBK	MENUBK	005681	173	ui
5793	PRG	BTL_C2	BTL_C2	05786E	21	dialog
5794	MOVIE	EVT016_2	EVT016_2	00130E	33	movie
5795	MOVIE	EVT144	EVT144	004BCF	15	movie
5796	PRG	TWN_ZOAH	EVTZOAH	019124	27	dialog
5797	MOVIE	EVT122_4	EVT122_4	00365E	17	movie
5798	PRG	TWN_CAMP	EVTCAMP	00F53F	27	dialog
5799	PRG	TWN_ZOAH	EVTZOAH	01AC2E	31	dialog
5800	PRG	TWN_ZOAH	EVTZOAH	02B1BD	39	dialog
5801	MOVIE	EVT068_2	EVT068_2	002916	37	movie
5802	MOVIE	EVT089	EVT089	002B5C	27	movie
5803	PRG	BTL_A3_2	BTL_A32	054E69	33	dialog
5804	MOVIE	EVT122_4	EVT122_4	0036C1	9	movie
5805	MOVIE	EVT135	EVT135	004746	13	movie
5806	PRG	TWN_SEEK	EVTSEEK	009BAF	29	dialog
5807	MOVIE	EVT068_2	EVT068_2	0027A2	27	movie
5808	PRG	FLD_C8	FLD_T0	01401A	23	dialog
5809	PRG	TWN_CAMP	EVTCAMP	00F3B1	33	dialog
5810	PRG	TWN_CAMP	EVTCAMP	00DCAC	39	dialog
5811	MOVIE	EVT122_4	EVT122_4	0036CA	35	movie
5812	MOVIE	EVT144	EVT144	004B9B	23	movie
5813	PRG	BTL_X0	BTL_X0	05E148	29	dialog
5814	MOVIE	EVT000_1	EVT000_1	000069	29	movie
5815	PRG	TWN_CAMP	EVTCAMP	00F77F	35	dialog
5816	MOVIE	EVT041	EVT041	0018B2	25	movie
5817	PRG	TWN_CARA	EVTCARA	00F456	31	dialog
5818	PRG	TWN_SEEK	EVTSEEK	015D54	39	dialog
5819	PRG	TWN_ZOAH	EVTZOAH	01E50E	21	dialog
5820	PRG	BTL_C8_2	BTL_C82	04F0A3	5	dialog
5821	PRG	BTL_T0	BTL_T0	054E3D	57	dialog
5822	PRG	TWN_ZOAH	EVTZOAH	0372B5	23	dialog
5823	PRG	FLD_A3	FLD_A3	00956F	19	dialog
5824	PRG	FLD_A3	FLD_A3	009B29	80	dialog
5825	PRG	FLD_A3	FLD_A3	009BDF	116	dialog
5826	MENUBK	MENUBK	MENUBK	006A79	9	ui
5827	PRG	BTL_T0	BTL_T0	05438B	101	dialog
5828	PRG	TWN_SEEK	EVTSEEK	00D57E	11	dialog
5829	PRG	BTL_B2	BTL_B2	04FD33	11	dialog
5830	PRG	BTL_C4	BTL_C4	05404E	19	dialog
5831	PRG	BTL_C4	BTL_C4	054061	19	dialog
5832	PRG	BTL_C4	BTL_C4	054074	19	dialog
5833	PRG	TWN_ZOAH	EVTZOAH	0192DF	33	dialog
5834	PRG	FLD_B6	FLD_B6	009FCF	37	dialog
5835	MOVIE	EVT122_3	EVT122_3	0032D3	21	movie
5836	PRG	TWN_SEEK	EVTSEEK	012739	29	slot
5837	PRG	TWN_SEEK	EVTSEEK	0152BC	33	dialog
5838	PRG	TWN_SEEK	EVTSEEK	012648	25	dialog
5839	MOVIE	EVT134_2	EVT134_2	003D04	29	movie
5840	MOVIE	EVT134_2	EVT134_2	003DDC	31	movie
5841	MOVIE	EVT160_1	EVT160_1	0052D7	25	movie
5842	PRG	FLD_B5	FLD_B5	0090A6	17	dialog
5843	MOVIE	EVT122_4	EVT122_4	0035BE	27	movie
5844	COMMON	COMMON	ITEM	00BBF3	36	ui
5845	MOVIE	EVT068_2	EVT068_2	002821	17	movie
5846	COMMON	COMMON	ITEM	00AD91	23	ui
5847	COMMON	COMMON	ITEM	00BEE6	36	ui
5848	PRG	MENUEN	MENUEN	001E2E	5	ui
5849	PRG	BTL_C5	BTL_C5	0520EE	19	dialog
5850	PRG	FLD_A3	FLD_A3	0093AB	23	dialog
5851	PRG	MENUEN	MENUEN	001E24	5	ui
5852	PRG	MENUEN	MENUEN	001E29	5	ui
5853	PRG	BTL_A5_2	BTL_A52	05AA44	7	dialog
5854	PRG	TWN_ZOAH	EVTZOAH	0235B5	37	dialog
5855	PRG	TWN_SEEK	EVTSEEK	0187FD	13	dialog
5856	PRG	TWN_CAMP	EVTCAMP	00DA1C	35	dialog
5857	PRG	FLD_C8	FLD_T0	013BFD	27	dialog
5858	MOVIE	EVT160_1	EVT160_1	0054C0	25	movie
5859	MOVIE	EVT000_2	EVT000_2	0003C0	25	movie
5860	MOVIE	EVT000_2	EVT000_2	000353	21	movie
5861	PRG	BTL_C2	BTL_C2	057CB1	23	dialog
5862	PRG	BTL_A5_3	BTL_A53	04F86F	5	dialog
5863	MOVIE	EVT134_2	EVT134_2	003E9E	23	movie
5864	PRG	BTL_A5_3	BTL_A53	04F92F	15	dialog
5865	PRG	BTL_B5	BTL_B5	052280	15	dialog
5866	PRG	BTL_B6	BTL_B6	05B22D	7	dialog
5867	PRG	TWN_ZOAH	EVTZOAH	018987	15	dialog
5868	PRG	TWN_ZOAH	EVTZOAH	037710	25	dialog
5869	PRG	BTL_B6	BTL_B6	05B31B	19	dialog
5870	PRG	TWN_SEEK	EVTSEEK	006473	27	dialog
5871	MOVIE	EVT060_1	EVT060_1	002029	29	movie
5872	PRG	BTL_B6	BTL_B6	05B2DE	19	dialog
5873	COMMON	COMMON	ITEM	00BDF9	36	ui
5874	PRG	BTL_C2_2	BTL_C22	05712B	17	dialog
5875	PRG	BTL_C2	BTL_C2	057BEA	29	dialog
5876	PRG	FLD_C8	FLD_T0	014AEA	21	dialog
5877	MOVIE	EVT135	EVT135	00455B	9	movie
5878	PRG	TWN_CAMP	EVTCAMP	00E03F	27	dialog
5879	PRG	TWN_SEEK	EVTSEEK	017FA1	29	dialog
5880	PRG	BTL_A5_2	BTL_A52	05ACC4	23	dialog
5881	PRG	TWN_ZOAH	EVTZOAH	03B04E	27	dialog
5882	PRG	TWN_CARA	EVTCARA	013C23	25	dialog
5883	PRG	TWN_ZOAH	EVTZOAH	019000	21	dialog
5884	PRG	TWN_ZOAH	EVTZOAH	03E9E6	9	dialog
5885	PRG	TWN_CARA	EVTCARA	0069A3	25	dialog
5886	PRG	TWN_ZOAH	EVTZOAH	01C3AA	23	dialog
5887	PRG	BTL_B6	BTL_B6	05B113	21	dialog
5888	PRG	BTL_C5_2	BTL_C52	04F982	9	dialog
5889	PRG	TWN_ZOAH	EVTZOAH	01E443	37	dialog
5890	PRG	TWN_CAMP	EVTCAMP	00F2B4	29	dialog
5891	PRG	MENUEN	MENUEN	002004	7	ui
5892	PRG	MENUEN	MENUEN	001FF6	7	ui
5893	PRG	MENUEN	MENUEN	001FDA	7	ui
5894	PRG	TWN_ZOAH	EVTZOAH	02AB29	23	slot
5895	PRG	BTL_B5	BTL_B5	052143	15	dialog
5896	PRG	BTL_A7_2	BTL_A72	050E60	23	dialog
5897	PRG	BTL_C2	BTL_C2	057A4A	17	dialog
5898	PRG	BTL_C2	BTL_C2	057B7E	29	dialog
5899	PRG	BTL_C2	BTL_C2	057D07	29	dialog
5900	PRG	TWN_CAMP	EVTCAMP	00F5AA	27	dialog
5901	PRG	TWN_EXCA	EVTEXCA	001628	17	dialog
5902	PRG	TWN_ZOAH	EVTZOAH	0333E0	27	dialog
5903	PRG	BTL_B6	BTL_B6	05B147	17	dialog
5904	PRG	BTL_D5	BTL_D5	05ABEE	5	dialog
5905	PRG	BTL_C2_2	BTL_C22	0571B3	31	dialog
5906	PRG	BTL_C2_2	BTL_C22	057308	33	dialog
5907	PRG	BTL_C2_2	BTL_C22	05718F	19	dialog
5908	PRG	TWN_ZOAH	EVTZOAH	028EB2	25	dialog
5909	MOVIE	EVT060_2	EVT060_2	0020B0	15	movie
5910	PRG	TWN_CARA	EVTCARA	013B57	25	dialog
5911	PRG	TWN_SEEK	EVTSEEK	00E921	27	dialog
5912	MOVIE	EVT000_3	EVT000_3	00078B	13	movie
5913	PRG	TWN_ZOAH	EVTZOAH	03E295	25	dialog
5914	PRG	TWN_SEEK	EVTSEEK	00D5BD	29	dialog
5915	MOVIE	EVT134_1	EVT134_1	003A89	25	movie
5916	PRG	BTL_B2	BTL_B2	04FD8E	39	dialog
5917	PRG	FLD_C8	FLD_T0	013923	23	dialog
5918	PRG	BTL_B5_2	BTL_B52	058C60	9	dialog
5919	MENUBK	MENUBK	MENUBK	00392D	19	ui
5920	PRG	TWN_ZOAH	EVTZOAH	02354B	27	dialog
5921	PRG	TWN_ZOAH	EVTZOAH	013DE3	27	dialog
5922	PRG	FLD_B5	FLD_B5	00B013	15	dialog
5923	PRG	TWN_CAMP	EVTCAMP	00C7DA	33	dialog
5924	PRG	FLD_B5	FLD_B5	00AFFC	23	dialog
5925	PRG	TWN_ZOAH	EVTZOAH	02AEE4	37	dialog
5926	PRG	TWN_CARA	EVTCARA	009CAB	31	dialog
5927	PRG	MENUEN	MENUEN	004714	9	ui
5928	PRG	MENUEN	MENUEN	0045F4	9	ui
5929	PRG	TWN_CARA	EVTCARA	013ACC	33	dialog
5930	MENUBK	MENUBK	MENUBK	002581	185	ui
5931	MENUBK	MENUBK	MENUBK	00236D	119	ui
5932	MENUBK	MENUBK	MENUBK	0022C0	173	ui
5933	MENUBK	MENUBK	MENUBK	002498	84	ui
5934	MENUBK	MENUBK	MENUBK	002250	11	ui
5935	MENUBK	MENUBK	MENUBK	002B6F	185	ui
5936	MOVIE	EVT000_5	EVT000_5	000B4D	35	movie
5937	PRG	TWN_ZOAH	EVTZOAH	038D96	29	dialog
5938	PRG	TWN_ZOAH	EVTZOAH	037533	31	dialog
5939	PRG	TWN_ZOAH	EVTZOAH	014D7D	25	dialog
5940	PRG	BTL_B2	BTL_B2	04FF07	25	dialog
5941	PRG	TWN_CAMP	EVTCAMP	00CDFA	13	dialog
5942	PRG	TWN_ZOAH	EVTZOAH	038D49	37	dialog
5943	MOVIE	EVT000_2	EVT000_2	0004D4	31	movie
5944	PRG	BTL_B6_2	BTL_B62	053B4D	5	dialog
5945	PRG	TWN_CAMP	EVTCAMP	0102A4	11	dialog
5946	PRG	BTL_A5_2	BTL_A52	05AA4B	9	dialog
5947	PRG	BTL_C2_2	BTL_C22	05713C	15	dialog
5948	PRG	BTL_B5_2	BTL_B52	058C53	13	dialog
5949	PRG	TWN_ZOAH	EVTZOAH	018A92	27	dialog
5950	PRG	TWN_SEEK	EVTSEEK	00B9D8	19	dialog
5951	PRG	TWN_ZOAH	EVTZOAH	03B4AD	31	dialog
5952	PRG	TWN_ZOAH	EVTZOAH	02F448	21	dialog
5953	PRG	TWN_ZOAH	EVTZOAH	033132	31	dialog
5954	PRG	TWN_ZOAH	EVTZOAH	032FBA	29	dialog
5955	PRG	TWN_ZOAH	EVTZOAH	01E2FF	19	dialog
5956	PRG	TWN_ZOAH	EVTZOAH	03327D	37	dialog
5957	PRG	BTL_T0	BTL_T0	0554ED	119	dialog
5958	PRG	MENUEN	MENUEN	001F32	17	ui
5959	PRG	BTL_T0	BTL_T0	0545D7	57	dialog
5960	PRG	BTL_C2	BTL_C2	057943	39	dialog
5961	MOVIE	EVT134_3	EVT134_3	0041DE	27	movie
5962	PRG	BTL_C2	BTL_C2	057766	19	dialog
5963	PRG	BTL_B5	BTL_B5	051FEA	29	dialog
5964	PRG	BTL_C5	BTL_C5	052137	21	dialog
5965	PRG	BTL_C8	BTL_C8	04EA70	21	dialog
5966	PRG	BTL_B5	BTL_B5	052007	19	dialog
5967	COMMON	COMMON	ITEM	00A86C	50	ui
5968	PRG	BTL_B5	BTL_B5	0521BD	21	dialog
5969	COMMON	COMMON	MENU	00D160	27	ui
5970	PRG	BTL_C5_2	BTL_C52	04FB1D	39	dialog
5971	PRG	BTL_C2	BTL_C2	057883	33	dialog
5972	PRG	BTL_T0	BTL_T0	05385B	41	dialog
5973	PRG	BTL_C8	BTL_C8	04E99C	29	dialog
5974	PRG	BTL_B5	BTL_B5	052176	17	dialog
5975	PRG	BTL_B5	BTL_B5	05209B	23	dialog
5976	MOVIE	EVT000_5	EVT000_5	000AF4	7	movie
5977	PRG	TWN_SEEK	EVTSEEK	015FB4	35	dialog
5978	PRG	FLD_C8	FLD_T0	0147E6	23	dialog
5979	PRG	TWN_CAMP	EVTCAMP	00F501	17	dialog
5980	PRG	TWN_CAMP	EVTCAMP	00F07E	31	dialog
5981	PRG	TWN_CAMP	EVTCAMP	01010F	13	dialog
5982	MOVIE	EVT000_2	EVT000_2	0005C0	33	movie
5983	PRG	TWN_ZOAH	EVTZOAH	033104	33	dialog
5984	PRG	TWN_ZOAH	EVTZOAH	033829	33	dialog
5985	MENUBK	MENUBK	MENUBK	00195A	203	ui
5986	MENUBK	MENUBK	MENUBK	001DC2	170	ui
5987	PRG	TWN_SEEK	EVTSEEK	015E3B	27	dialog
5988	MOVIE	EVT160_2	EVT160_2	0055D3	19	movie
5989	PRG	FLD_C8	FLD_T0	01318D	27	dialog
5990	PRG	TWN_ZOAH	EVTZOAH	01B0EE	35	dialog
5991	PRG	TWN_ZOAH	EVTZOAH	01AC80	35	dialog
5992	MOVIE	EVT089	EVT089	002C68	29	movie
5993	PRG	TWN_SEEK	EVTSEEK	01243E	33	dialog
5994	MOVIE	EVT122_2	EVT122_2	002FD9	21	movie
5995	PRG	TWN_SEEK	EVTSEEK	012356	29	dialog
5996	PRG	FLD_C8	FLD_T0	0146B5	21	dialog
5997	PRG	TWN_SEEK	EVTSEEK	0152E4	39	dialog
5998	PRG	TWN_SEEK	EVTSEEK	01245F	39	dialog
5999	PRG	TWN_SEEK	EVTSEEK	015381	39	dialog
6000	PRG	TWN_CAMP	EVTCAMP	00ED3F	29	dialog
6001	PRG	FLD_C8	FLD_T0	01451B	23	dialog
6002	MOVIE	EVT041	EVT041	00191B	25	movie
6003	PRG	FLD_C8	FLD_T0	01332F	17	dialog
6004	PRG	TWN_ZOAH	EVTZOAH	01B11E	29	dialog
6005	PRG	TWN_ZOAH	EVTZOAH	032CE8	37	dialog
6006	MOVIE	EVT122_3	EVT122_3	0031BD	29	movie
6007	PRG	FLD_C8	FLD_T0	0144E9	31	dialog
6008	MOVIE	EVT122_4	EVT122_4	0036AC	21	movie
6009	PRG	BTL_A5_2	BTL_A52	05AA25	5	dialog
6010	PRG	BTL_B6	BTL_B6	05B128	31	dialog
6011	PRG	BTL_B6	BTL_B6	05B0E3	15	dialog
6012	PRG	BTL_C5_2	BTL_C52	04FA40	13	dialog
6013	PRG	TWN_ZOAH	EVTZOAH	019338	17	dialog
6014	PRG	BTL_D5	BTL_D5	05AECA	9	dialog
6015	PRG	BTL_D5	BTL_D5	05AE65	21	dialog
6016	MOVIE	EVT000_2	EVT000_2	000435	19	movie
6017	MOVIE	EVT000_4	EVT000_4	0008FB	7	movie
6018	PRG	TWN_CAMP	EVTCAMP	00F5F9	29	dialog
6019	MOVIE	EVT161_2	EVT161_2	00572F	27	movie
6020	PRG	FLD_B6	FLD_B6	00A263	19	dialog
6021	PRG	TWN_ZOAH	EVTZOAH	033043	31	dialog
6022	PRG	TWN_ZOAH	EVTZOAH	023987	35	dialog
6023	PRG	TWN_ZOAH	EVTZOAH	02316F	9	dialog
6024	PRG	TWN_CARA	EVTCARA	009C61	21	dialog
6025	PRG	BTL_C2_2	BTL_C22	0570F1	35	dialog
6026	PRG	FLD_B6	FLD_B6	00A1D0	23	dialog
6027	PRG	FLD_A3	FLD_A3	009842	86	dialog
6028	PRG	MENUEN	MENUEN	0091CD	9	ui
6029	PRG	BTL_C5_2	BTL_C52	04F924	13	dialog
6030	PRG	FLD_C8	FLD_T0	01543D	13	dialog
6031	PRG	BTL_C5_2	BTL_C52	04F975	13	dialog
6032	MENUBK	MENUBK	MENUBK	000B5C	186	ui
6033	PRG	TWN_CARA	EVTCARA	00CC86	39	dialog
6034	PRG	TWN_CAMP	EVTCAMP	00D754	39	dialog
6035	PRG	FLD_B6	FLD_B6	00B1BE	15	dialog
6036	PRG	FLD_B6	FLD_B6	009C79	39	dialog
6037	PRG	FLD_B6	FLD_B6	00B376	23	slot
6038	PRG	FLD_B6	FLD_B6	00B37F	9	dialog
6039	PRG	FLD_B6	FLD_B6	00B267	21	dialog
6040	PRG	FLD_B6	FLD_B6	00B3AA	23	slot
6041	PRG	FLD_B6	FLD_B6	00B3C1	23	slot
6042	PRG	FLD_B6	FLD_B6	00B295	23	dialog
6043	PRG	FLD_B6	FLD_B6	00B3D8	23	slot
6044	PRG	FLD_B6	FLD_B6	00B0BE	13	dialog
6045	PRG	FLD_B6	FLD_B6	00B3E1	9	dialog
6046	PRG	TWN_CAMP	EVTCAMP	00E54B	35	dialog
6047	PRG	BTL_B6_2	BTL_B62	053BBD	25	dialog
6048	PRG	TWN_CAMP	EVTCAMP	00D6B4	33	dialog
6049	MOVIE	EVT060_1	EVT060_1	001F38	19	movie
6050	PRG	MENUEN	MENUEN	005B8F	124	ui
6051	PRG	FLD_B5	FLD_B5	009054	35	dialog
6052	PRG	TWN_CAMP	EVTCAMP	00D4D6	39	dialog
6053	PRG	TWN_CAMP	EVTCAMP	00D629	39	dialog
6054	PRG	TWN_CAMP	EVTCAMP	00D3A4	29	dialog
6055	PRG	FLD_B6	FLD_B6	00B388	11	dialog
6056	PRG	FLD_A5	FLD_A5	00F81D	9	dialog
6057	PRG	FLD_A5	FLD_A5	00D558	35	dialog
6058	PRG	FLD_B6	FLD_B6	00B3EA	9	dialog
6059	PRG	FLD_B6	FLD_B6	00B3F3	11	dialog
6060	PRG	FLD_B6	FLD_B6	00B35F	23	slot
6061	PRG	FLAGEDIT	FLAGEDIT	0011D6	9	ui
6062	PRG	TWN_CAMP	EVTCAMP	00E984	35	dialog
6063	PRG	TWN_CARA	EVTCARA	0173A4	35	dialog
6064	PRG	FLD_A7	FLD_A7	00703C	161	dialog
6065	PRG	1ST_READ	SAVE	03D2A2	7	dialog
6066	PRG	FLD_C8	FLD_T0	015294	13	dialog
6067	PRG	FLD_C8	FLD_T0	0152A3	13	dialog
6068	PRG	FLD_C8	FLD_T0	01530E	23	slot
6069	PRG	FLD_C8	FLD_T0	015325	23	slot
6070	PRG	FLD_C8	FLD_T0	0152F7	23	slot
6071	PRG	FLD_C8	FLD_T0	014F08	27	dialog
6072	PRG	FLD_C8	FLD_T0	01542E	15	dialog
6073	PRG	FLAGEDIT	FLAGEDIT	000911	11	ui
6074	PRG	FLAGEDIT	FLAGEDIT	000EBE	23	ui
6075	PRG	FLAGEDIT	FLAGEDIT	000B89	11	ui
6076	PRG	FLAGEDIT	FLAGEDIT	00093C	11	ui
6077	PRG	FLAGEDIT	FLAGEDIT	00100B	15	ui
6078	PRG	FLAGEDIT	FLAGEDIT	00101A	15	ui
6079	PRG	FLAGEDIT	FLAGEDIT	000B94	11	ui
6080	PRG	TWN_CAMP	EVTCAMP	00CAAC	13	dialog
6081	PRG	MENUEN	MENUEN	006CA9	136	ui
6082	PRG	TWN_CAMP	EVTCAMP	00EEFC	7	dialog
6083	PRG	TWN_SEEK	EVTSEEK	01724F	39	dialog
6084	PRG	FLD_C8	FLD_T0	013BD8	19	dialog
6085	PRG	TWN_SEEK	EVTSEEK	0097DD	21	dialog
6086	MENUBK	MENUBK	MENUBK	003F0B	15	ui
6087	PRG	TWN_CAMP	EVTCAMP	00F363	27	dialog
6088	PRG	TWN_CAMP	EVTCAMP	00CB60	33	dialog
6089	MENUBK	MENUBK	MENUBK	005357	25	ui
6090	PRG	TWN_ZOAH	EVTZOAH	030012	37	dialog
6091	PRG	TWN_CAMP	EVTCAMP	00F692	29	dialog
6092	PRG	FLD_C8	FLD_T0	014CCD	9	dialog
6093	MENUBK	MENUBK	MENUBK	005516	187	ui
6094	PRG	FLD_C8	FLD_T0	0141D3	39	dialog
6095	PRG	TWN_SEEK	EVTSEEK	0153DC	33	dialog
6096	PRG	BTL_C8_2	BTL_C82	04F061	31	dialog
6097	MENUBK	MENUBK	MENUBK	0055D1	176	ui
6098	MENUBK	MENUBK	MENUBK	00455F	9	ui
6099	PRG	MENUEN	MENUEN	0096F9	115	ui
6100	PRG	BTL_C8_2	BTL_C82	04F211	29	dialog
6101	MENUBK	MENUBK	MENUBK	003F02	9	ui
6102	MENUBK	MENUBK	MENUBK	003EE4	21	ui
6103	MOVIE	EVT134_3	EVT134_3	0041A5	25	movie
6104	PRG	TWN_SEEK	EVTSEEK	015422	35	dialog
6105	PRG	FLAGEDIT	FLAGEDIT	0011DF	11	ui
6106	PRG	TWN_CAMP	EVTCAMP	00E519	11	dialog
6107	MENUBK	MENUBK	MENUBK	005348	15	ui
6108	PRG	FLD_C8	FLD_T0	01341B	21	dialog
6109	PRG	FLD_C8	FLD_T0	014149	37	dialog
6110	MOVIE	EVT144	EVT144	004AB9	33	movie
6111	PRG	TWN_SEEK	EVTSEEK	015B72	35	dialog
6112	MENUBK	MENUBK	MENUBK	004105	163	ui
6113	MOVIE	EVT060_2	EVT060_2	0020BF	31	movie
6114	MOVIE	EVT122_3	EVT122_3	0032E8	39	movie
6115	PRG	TWN_CAMP	EVTCAMP	00E737	25	dialog
6116	PRG	TWN_CAMP	EVTCAMP	00E75D	15	dialog
6117	MOVIE	EVT122_4	EVT122_4	00347E	31	movie
6118	PRG	TWN_ZOAH	EVTZOAH	03E5C5	37	dialog
6119	MOVIE	EVT134_2	EVT134_2	003E44	13	movie
6120	PRG	FLD_C8	FLD_T0	015005	25	slot
6121	MENUBK	MENUBK	MENUBK	003D69	194	ui
6122	PRG	FLD_C8	FLD_T0	013099	27	dialog
6123	MENUBK	MENUBK	MENUBK	00390B	17	ui
6124	MENUBK	MENUBK	MENUBK	003A8E	182	ui
6125	PRG	BTL_A5_2	BTL_A52	05AA12	7	dialog
6126	PRG	TWN_CARA	EVTCARA	00CB74	39	dialog
6127	COMMON	COMMON	ITEM	00A93A	38	ui
6128	COMMON	COMMON	MENU	00D1CB	35	ui
6129	COMMON	COMMON	MENU	00D191	33	ui
6130	PRG	TWN_ZOAH	EVTZOAH	019393	25	dialog
6131	PRG	TWN_ZOAH	EVTZOAH	030055	33	dialog
6132	MOVIE	EVT068_1	EVT068_1	002498	19	movie
6133	PRG	TWN_ZOAH	EVTZOAH	01D22E	39	dialog
6134	PRG	FLD_B6	FLD_B6	00AD78	19	dialog
6135	PRG	FLD_B6	FLD_B6	00AD9D	11	dialog
6136	MENUBK	MENUBK	MENUBK	00043F	217	ui
6137	MENUBK	MENUBK	MENUBK	00012B	135	ui
6138	PRG	TWN_ZOAH	EVTZOAH	01C172	27	dialog
6139	PRG	TWN_ZOAH	EVTZOAH	01C3F6	39	dialog
6140	PRG	TWN_SEEK	EVTSEEK	00BA9F	33	dialog
6141	PRG	TWN_ZOAH	EVTZOAH	030305	37	dialog
6142	PRG	TWN_ZOAH	EVTZOAH	01C894	37	dialog
6143	PRG	TWN_SEEK	EVTSEEK	00C107	23	dialog
6144	PRG	TWN_CARA	EVTCARA	00EF40	35	dialog
6145	MOVIE	EVT160_1	EVT160_1	0053D2	35	movie
6146	PRG	TWN_ZOAH	EVTZOAH	018ABA	29	dialog
6147	PRG	TWN_ZOAH	EVTZOAH	01C1D4	29	dialog
6148	PRG	FLD_C8	FLD_T0	013455	15	dialog
6149	PRG	FLD_C8	FLD_T0	013C35	21	dialog
6150	PRG	TWN_ZOAH	EVTZOAH	01C5E8	37	dialog
6151	PRG	TWN_ZOAH	EVTZOAH	00F188	37	dialog
6152	MENUBK	MENUBK	MENUBK	005234	215	ui
6153	PRG	TWN_ZOAH	EVTZOAH	01C8ED	37	dialog
6154	MOVIE	EVT000_2	EVT000_2	0003A9	23	movie
6155	COMMON	COMMON	ITEM	00BB5F	36	ui
6156	PRG	TWN_ZOAH	EVTZOAH	02330B	39	dialog
6157	PRG	TWN_ZOAH	EVTZOAH	029205	31	dialog
6158	PRG	TWN_ZOAH	EVTZOAH	0237E0	31	dialog
6159	PRG	TWN_ZOAH	EVTZOAH	014DDF	29	dialog
6160	MOVIE	EVT135	EVT135	004534	39	movie
6161	PRG	TWN_CARA	EVTCARA	012B72	25	dialog
6162	PRG	TWN_CARA	EVTCARA	013314	37	dialog
6163	PRG	TWN_SEEK	EVTSEEK	018817	27	dialog
6164	PRG	TWN_CARA	EVTCARA	013D54	31	dialog
6165	PRG	BTL_A5_2	BTL_A52	05AB0E	17	dialog
6166	MOVIE	EVT089	EVT089	002C9F	11	movie
6167	MOVIE	EVT135	EVT135	0044B1	11	movie
6168	PRG	BTL_B6_2	BTL_B62	053CDD	33	dialog
6169	PRG	TWN_ZOAH	EVTZOAH	01E10C	39	dialog
6170	PRG	TWN_ZOAH	EVTZOAH	033340	35	dialog
6171	PRG	TWN_ZOAH	EVTZOAH	01E544	17	dialog
6172	PRG	FLAGEDIT	FLAGEDIT	001251	17	ui
6173	COMMON	COMMON	ITEM	00BBCE	36	ui
6174	COMMON	COMMON	ITEM	00B42E	15	ui
6175	PRG	TWN_ZOAH	EVTZOAH	01E02B	31	dialog
6176	COMMON	COMMON	ITEM	00BD40	36	ui
6177	PRG	TWN_SEEK	EVTSEEK	017F64	15	dialog
6178	COMMON	COMMON	ITEM	00BCD1	36	ui
6179	MENUBK	MENUBK	MENUBK	0062D7	190	ui
6180	MOVIE	EVT000_4	EVT000_4	00097C	9	movie
6181	PRG	TWN_CARA	EVTCARA	00A2D3	27	dialog
6182	MOVIE	EVT000_5	EVT000_5	000C84	31	movie
6183	PRG	TWN_CARA	EVTCARA	006417	29	dialog
6184	MOVIE	EVT000_3	EVT000_3	00081C	19	movie
6185	PRG	BTL_B6	BTL_B6	05B158	21	dialog
6186	PRG	BTL_A5	BTL_A5	057D27	37	dialog
6187	PRG	BTL_A5	BTL_A5	057CE7	33	dialog
6188	MOVIE	EVT068_2	EVT068_2	0026DF	23	movie
6189	MOVIE	EVT117	EVT117	002E7A	7	movie
6190	MOVIE	EVT016_2	EVT016_2	0012C8	37	movie
6191	PRG	BTL_A5	BTL_A5	057CCC	27	dialog
6192	PRG	BTL_B6	BTL_B6	05B2F1	21	dialog
6193	MOVIE	EVT060_1	EVT060_1	001FB0	21	movie
6194	PRG	FLD_C8	FLD_T0	012E44	35	dialog
6195	PRG	TWN_CARA	EVTCARA	00A01D	27	dialog
6196	PRG	FLD_B6	FLD_B6	00AD5F	25	dialog
6197	PRG	FLD_A5	FLD_A5	00D33D	39	dialog
6198	MOVIE	EVT068_1	EVT068_1	002422	23	movie
6199	MOVIE	EVT008	EVT008	000E3C	35	movie
6200	PRG	TWN_ZOAH	EVTZOAH	01889A	31	dialog
6201	PRG	MENUEN	MENUEN	003CF3	180	ui
6202	COMMON	COMMON	MENU	00D1FE	5	ui
6203	PRG	TWN_ZOAH	EVTZOAH	03342B	35	dialog
6204	PRG	TWN_CARA	EVTCARA	00F35F	9	dialog
6205	PRG	TWN_ZOAH	EVTZOAH	023DAF	35	dialog
6206	PRG	TWN_ZOAH	EVTZOAH	023D8A	27	dialog
6207	PRG	TWN_ZOAH	EVTZOAH	038EC5	35	dialog
6208	MOVIE	EVT122_3	EVT122_3	0030E7	17	movie
6209	MOVIE	EVT122_3	EVT122_3	003196	15	movie
6210	MENUBK	MENUBK	MENUBK	00321E	171	ui
6211	MENUBK	MENUBK	MENUBK	002E9C	149	ui
6212	MENUBK	MENUBK	MENUBK	00318D	145	ui
6213	PRG	TWN_ZOAH	EVTZOAH	039D40	37	dialog
6214	PRG	BTL_B5	BTL_B5	05201A	23	dialog
6215	MOVIE	EVT000_5	EVT000_5	000B21	19	movie
6216	PRG	FLD_C8	FLD_T0	013130	27	dialog
6217	PRG	BTL_B6_2	BTL_B62	053CBA	35	dialog
6218	PRG	TWN_ZOAH	EVTZOAH	0303F4	31	dialog
6219	PRG	BTL_A5_2	BTL_A52	05AA09	9	dialog
6220	MENUBK	MENUBK	MENUBK	000843	177	ui
6221	PRG	TWN_CARA	EVTCARA	016859	9	dialog
6222	PRG	TWN_SEEK	EVTSEEK	016742	15	dialog
6223	PRG	TWN_ZOAH	EVTZOAH	018DC0	15	dialog
6224	PRG	TWN_CAMP	EVTCAMP	00E6EF	31	dialog
6225	PRG	TWN_CAMP	EVTCAMP	00DBBE	37	dialog
6226	PRG	BTL_D2_2	BTL_D22	050277	33	dialog
6227	MENUBK	MENUBK	MENUBK	004541	13	ui
6228	PRG	MENUEN	MENUEN	009255	149	ui
6229	PRG	MENUEN	MENUEN	0095D5	119	ui
6230	PRG	MENUEN	MENUEN	009493	163	ui
6231	PRG	FLD_C8	FLD_T0	014A76	19	dialog
6232	PRG	BTL_C8_2	BTL_C82	04F177	33	dialog
6233	PRG	BTL_C8_2	BTL_C82	04F146	17	dialog
6234	PRG	BTL_C5_2	BTL_C52	04FA4D	35	dialog
6235	PRG	BTL_C5_2	BTL_C52	04F911	19	dialog
6236	PRG	BTL_C2_2	BTL_C22	05716F	17	dialog
6237	PRG	TWN_SEEK	EVTSEEK	0168E7	37	dialog
6238	PRG	FLD_B5	FLD_B5	0090B7	21	dialog
6239	PRG	TWN_CAMP	EVTCAMP	00E57F	7	dialog
6240	PRG	TWN_CARA	EVTCARA	016A26	23	dialog
6241	COMMON	COMMON	ITEM	00B969	48	ui
6242	PRG	TWN_ZOAH	EVTZOAH	018996	35	dialog
6243	PRG	TWN_ZOAH	EVTZOAH	03059F	27	dialog
6244	PRG	FLD_C8	FLD_T0	0130EE	35	dialog
6245	PRG	TWN_ZOAH	EVTZOAH	01B18A	31	dialog
6246	PRG	TWN_CARA	EVTCARA	016EA0	25	dialog
6247	PRG	TWN_ZOAH	EVTZOAH	019518	33	dialog
6248	PRG	FLD_D5	FLD_D5	002CE8	29	dialog
6249	PRG	TWN_CARA	EVTCARA	006860	27	dialog
6250	PRG	TWN_ZOAH	EVTZOAH	023CBF	37	dialog
6251	PRG	TWN_CARA	EVTCARA	009E0C	35	dialog
6252	PRG	BTL_B6_2	BTL_B62	053B85	33	dialog
6253	PRG	TWN_ZOAH	EVTZOAH	02AB57	23	slot
6254	PRG	BTL_A5_2	BTL_A52	05ACAA	9	dialog
6255	PRG	BTL_C2_2	BTL_C22	05714B	15	dialog
6256	PRG	BTL_B5_2	BTL_B52	058C46	13	dialog
6257	PRG	BTL_C5_2	BTL_C52	04F8B1	17	dialog
6258	PRG	FLD_B6	FLD_B6	009E23	31	dialog
6259	COMMON	COMMON	ITEM	00B598	21	ui
6260	PRG	BTL_B2	BTL_B2	04FC81	23	dialog
6261	PRG	TWN_ZOAH	EVTZOAH	02F7CE	25	dialog
6262	PRG	TWN_ZOAH	EVTZOAH	01969F	33	dialog
6263	MOVIE	EVT043	EVT043	001CA5	37	movie
6264	PRG	TWN_ZOAH	EVTZOAH	02F5D2	27	dialog
6265	PRG	TWN_ZOAH	EVTZOAH	01ADE7	35	dialog
6266	MOVIE	EVT134_2	EVT134_2	003D21	25	movie
6267	PRG	TWN_ZOAH	EVTZOAH	03B20E	31	dialog
6268	PRG	TWN_ZOAH	EVTZOAH	02FB3A	35	dialog
6269	PRG	TWN_ZOAH	EVTZOAH	03E54E	35	dialog
6270	PRG	TWN_CARA	EVTCARA	01374D	37	dialog
6271	PRG	TWN_ZOAH	EVTZOAH	0230EF	25	dialog
6272	MOVIE	EVT000_2	EVT000_2	000412	35	movie
6273	PRG	TWN_ZOAH	EVTZOAH	02F665	37	dialog
6274	PRG	TWN_CAMP	EVTCAMP	00E188	25	dialog
6275	PRG	TWN_CARA	EVTCARA	017248	23	dialog
6276	PRG	TWN_CARA	EVTCARA	006653	29	dialog
6277	PRG	TWN_CARA	EVTCARA	0171FA	33	dialog
6278	PRG	TWN_SEEK	EVTSEEK	0171AD	29	dialog
6279	COMMON	COMMON	ITEM	00B7B0	56	ui
6280	PRG	TWN_CARA	EVTCARA	016DA8	33	dialog
6281	PRG	MENUEN	MENUEN	00848B	130	ui
6282	PRG	TWN_CARA	EVTCARA	017363	33	dialog
6283	PRG	MENUEN	MENUEN	0086BB	132	ui
6284	PRG	TWN_ZOAH	EVTZOAH	013D71	23	dialog
6285	PRG	MENUEN	MENUEN	008903	182	ui
6286	PRG	MENUEN	MENUEN	00858F	158	ui
6287	PRG	TWN_CARA	EVTCARA	00680A	33	dialog
6288	MOVIE	EVT000_2	EVT000_2	000368	27	movie
6289	MOVIE	EVT008	EVT008	000EE9	17	movie
6290	PRG	TWN_ZOAH	EVTZOAH	030263	35	dialog
6291	PRG	TWN_CAMP	EVTCAMP	00CB2C	27	dialog
6292	PRG	TWN_CAMP	EVTCAMP	00DD09	35	dialog
6293	PRG	TWN_CARA	EVTCARA	00A20F	39	dialog
6294	PRG	TWN_CARA	EVTCARA	00955A	37	dialog
6295	PRG	TWN_CAMP	EVTCAMP	00DA81	31	dialog
6296	MOVIE	EVT000_2	EVT000_2	000474	27	movie
6297	PRG	TWN_ZOAH	EVTZOAH	02F8FC	21	dialog
6298	MOVIE	EVT043	EVT043	001C79	17	movie
6299	MENUBK	MENUBK	MENUBK	005D2F	186	ui
6300	MENUBK	MENUBK	MENUBK	005370	201	ui
6301	MENUBK	MENUBK	MENUBK	00699B	180	ui
6302	COMMON	COMMON	ITEM	00BA81	54	ui
6303	PRG	TWN_CARA	EVTCARA	016BA4	39	dialog
6304	PRG	MENUEN	MENUEN	008A6B	163	ui
6305	PRG	MENUEN	MENUEN	005A65	109	ui
6306	PRG	TWN_ZOAH	EVTZOAH	0233AE	31	dialog
6307	PRG	TWN_CARA	EVTCARA	016888	33	dialog
6308	COMMON	COMMON	ITEM	00B786	42	ui
6309	PRG	TWN_ZOAH	EVTZOAH	019650	33	dialog
6310	PRG	TWN_ZOAH	EVTZOAH	01C383	39	dialog
6311	PRG	TWN_CARA	EVTCARA	00610A	25	dialog
6312	PRG	TWN_ZOAH	EVTZOAH	028E32	27	dialog
6313	PRG	TWN_ZOAH	EVTZOAH	01E0EB	33	dialog
6314	PRG	MENUEN	MENUEN	008385	115	ui
6315	PRG	TWN_ZOAH	EVTZOAH	013CDF	29	dialog
6316	PRG	TWN_CAMP	EVTCAMP	00CAC6	23	dialog
6317	PRG	TWN_ZOAH	EVTZOAH	01A866	35	dialog
6318	PRG	TWN_ZOAH	EVTZOAH	0302B2	37	dialog
6319	PRG	TWN_CARA	EVTCARA	0172E2	15	dialog
6320	MOVIE	EVT122_2	EVT122_2	002F34	23	movie
6321	PRG	TWN_SEEK	EVTSEEK	00EC14	27	dialog
6322	PRG	FLD_C8	FLD_T0	012D52	35	dialog
6323	PRG	TWN_CAMP	EVTCAMP	00CBB7	37	dialog
6324	MENUBK	MENUBK	MENUBK	00450E	13	ui
6325	PRG	MENUEN	MENUEN	006DC9	144	ui
6326	PRG	MENUEN	MENUEN	0090F9	207	ui
6327	PRG	FLAGEDIT	FLAGEDIT	0008FC	21	ui
6328	PRG	FLAGEDIT	FLAGEDIT	000E9F	31	ui
6329	PRG	FLAGEDIT	FLAGEDIT	000E78	39	ui
6330	PRG	FLAGEDIT	FLAGEDIT	0008CE	27	ui
6331	PRG	FLAGEDIT	FLAGEDIT	000E1F	37	ui
6332	PRG	FLAGEDIT	FLAGEDIT	000DF6	41	ui
6333	PRG	FLAGEDIT	FLAGEDIT	000B5B	27	ui
6334	PRG	WORLD	WORLDMAP	00565B	19	ui
6335	MOVIE	EVT040	EVT040	001800	9	movie
6336	MOVIE	EVT122_4	EVT122_4	0035A2	11	movie
6337	MOVIE	EVT000_4	EVT000_4	0008D3	9	movie
6338	COMMON	COMMON	ITEM	00B43D	25	ui
6339	MOVIE	EVT000_5	EVT000_5	000AFB	5	movie
6340	MOVIE	EVT000_2	EVT000_2	0004A2	29	movie
6341	MOVIE	EVT000_4	EVT000_4	000A0C	31	movie
6342	MOVIE	EVT000_2	EVT000_2	000514	37	movie
6343	PRG	TWN_CAMP	EVTCAMP	00DB16	39	dialog
6344	MOVIE	EVT000_5	EVT000_5	000B00	33	movie
6345	MENUBK	MENUBK	MENUBK	005C3C	163	ui
6346	MENUBK	MENUBK	MENUBK	005AF2	136	ui
6347	PRG	FLD_C8	FLD_T0	012C19	25	dialog
6348	PRG	FLD_C8	FLD_T0	01443F	35	dialog
6349	MOVIE	EVT144	EVT144	004DC2	33	movie
6350	PRG	TWN_ZOAH	EVTZOAH	01D344	31	dialog
6351	MENUBK	MENUBK	MENUBK	005B7A	194	ui
6352	PRG	BTL_A3	BTL_A3	053218	9	dialog
6353	PRG	BTL_A5_2	BTL_A52	05A9F0	7	dialog
6354	COMMON	COMMON	ITEM	00A772	29	ui
6355	PRG	TWN_ZOAH	EVTZOAH	01E1DC	35	dialog
6356	PRG	TWN_ZOAH	EVTZOAH	01E2CF	35	dialog
6357	PRG	TWN_ZOAH	EVTZOAH	028E71	21	dialog
6358	MOVIE	EVT144	EVT144	004A8D	27	movie
6359	PRG	BTL_A5_3	BTL_A53	04F8BE	25	dialog
6360	COMMON	COMMON	ITEM	00AEE2	21	ui
6361	PRG	BTL_B2	BTL_B2	04FDB5	27	dialog
6362	COMMON	COMMON	ITEM	00BC62	36	ui
6363	MOVIE	EVT000_2	EVT000_2	00048F	19	movie
6364	COMMON	COMMON	ITEM	00AEF7	25	ui
6365	PRG	BTL_C5	BTL_C5	0522AD	27	dialog
6366	PRG	BTL_C2_2	BTL_C22	057295	13	dialog
6367	COMMON	COMMON	ITEM	00AF10	21	ui
6368	PRG	TWN_CARA	EVTCARA	01326A	27	dialog
6369	PRG	TWN_ZOAH	EVTZOAH	022BB4	29	dialog
6370	MENUBK	MENUBK	MENUBK	006B31	198	ui
6371	PRG	TWN_ZOAH	EVTZOAH	02F508	9	dialog
6372	PRG	FLD_C8	FLD_T0	014A89	29	dialog
6373	PRG	TWN_CARA	EVTCARA	0136D8	35	dialog
6374	MOVIE	EVT144	EVT144	004CB8	21	movie
6375	PRG	TWN_CARA	EVTCARA	009FCE	39	dialog
6376	MOVIE	EVT127_1	EVT127_1	0037E9	23	movie
6377	MENUBK	MENUBK	MENUBK	001F30	219	ui
6378	PRG	TWN_SEEK	EVTSEEK	01237B	31	dialog
6379	PRG	TWN_SEEK	EVTSEEK	016041	35	dialog
6380	PRG	TWN_SEEK	EVTSEEK	0122E9	37	dialog
6381	PRG	TWN_ZOAH	EVTZOAH	00F0F7	31	dialog
6382	MOVIE	EVT041	EVT041	001947	37	movie
6383	MOVIE	EVT122_3	EVT122_3	0031E7	21	movie
6384	PRG	TWN_ZOAH	EVTZOAH	01C748	39	dialog
6385	PRG	TWN_SEEK	EVTSEEK	015DA2	37	dialog
6386	MOVIE	EVT122_4	EVT122_4	0035AD	17	movie
6387	PRG	TWN_ZOAH	EVTZOAH	01C78D	39	dialog
6388	MOVIE	EVT122_3	EVT122_3	003145	29	movie
6389	PRG	TWN_SEEK	EVTSEEK	0126F1	35	dialog
6390	MOVIE	EVT134_3	EVT134_3	004282	27	movie
6391	PRG	TWN_SEEK	EVTSEEK	0125DF	31	dialog
6392	PRG	TWN_SEEK	EVTSEEK	0172C7	33	dialog
6393	PRG	TWN_SEEK	EVTSEEK	0063EB	23	dialog
6394	PRG	TWN_SEEK	EVTSEEK	0173A1	37	dialog
6395	PRG	TWN_SEEK	EVTSEEK	012553	29	dialog
6396	PRG	TWN_SEEK	EVTSEEK	00D4FB	35	dialog
6397	PRG	TWN_CAMP	EVTCAMP	00CE14	27	dialog
6398	PRG	BTL_X0	BTL_X0	05E3E7	37	dialog
6399	MOVIE	EVT029	EVT029	001799	7	movie
6400	MOVIE	EVT000_4	EVT000_4	0008DC	31	movie
6401	PRG	BTL_X0	BTL_X0	05E3CE	25	dialog
6402	PRG	FLD_C8	FLD_T0	013CA8	15	dialog
6403	MOVIE	EVT041	EVT041	001A92	17	movie
6404	PRG	FLD_B6	FLD_B6	009D3C	29	dialog
6405	PRG	FLD_B6	FLD_B6	00A132	37	dialog
6406	PRG	MENUEN	MENUEN	00200B	7	ui
6407	PRG	TWN_ZOAH	EVTZOAH	02AB40	23	slot
6408	PRG	BTL_C8	BTL_C8	04EA2F	19	dialog
6409	PRG	BTL_C2_2	BTL_C22	057252	17	dialog
6410	PRG	TWN_ZOAH	EVTZOAH	03E9C0	15	dialog
6411	PRG	TWN_ZOAH	EVTZOAH	023A20	23	dialog
6412	PRG	BTL_C2	BTL_C2	057B9B	11	dialog
6413	MOVIE	EVT054	EVT054	001E37	27	movie
6414	MOVIE	EVT127_1	EVT127_1	003842	21	movie
6415	PRG	TWN_ZOAH	EVTZOAH	02F61D	21	dialog
6416	COMMON	COMMON	MENU	00D333	7	ui
6417	PRG	BTL_T0	BTL_T0	055241	119	dialog
6418	PRG	BTL_D5	BTL_D5	05AC44	7	dialog
6419	PRG	FLD_A7	FLD_A7	0082DB	135	dialog
6420	PRG	FLD_A7	FLD_A7	007235	115	dialog
6421	PRG	FLD_C8	FLD_T0	013A90	13	dialog
6422	MOVIE	EVT134_1	EVT134_1	003A6D	9	movie
6423	MOVIE	EVT152	EVT152	005098	23	movie
6424	PRG	MENUEN	MENUEN	006053	173	ui
6425	PRG	MENUEN	MENUEN	006191	171	ui
6426	PRG	TWN_CARA	EVTCARA	00F8BB	27	dialog
6427	MOVIE	EVT000_1	EVT000_1	00016F	23	movie
6428	PRG	BTL_A3_2	BTL_A32	054E34	5	dialog
6429	PRG	FLD_A5	FLD_A5	00D61E	13	dialog
6430	PRG	TWN_CAMP	EVTCAMP	00E4CD	39	dialog
6431	MOVIE	EVT041	EVT041	001A5E	19	movie
6432	MOVIE	EVT134_1	EVT134_1	003AF6	15	movie
6433	MOVIE	EVT134_1	EVT134_1	003B52	11	movie
6434	MENUBK	MENUBK	MENUBK	003837	178	ui
6435	PRG	FLD_A3	FLD_A3	0092C5	23	dialog
6436	PRG	FLD_B6	FLD_B6	00AE7C	11	dialog
6437	PRG	FLD_C8	FLD_T0	012EAD	17	dialog
6438	MOVIE	EVT137	EVT137	004993	25	movie
6439	MOVIE	EVT000_4	EVT000_4	0009C2	25	movie
6440	COMMON	COMMON	MENU	00D10F	27	ui
6441	PRG	TWN_ZOAH	EVTZOAH	018F28	35	dialog
6442	PRG	TWN_ZOAH	EVTZOAH	03E9CF	9	dialog
6443	PRG	BTL_C8	BTL_C8	04EA85	35	dialog
6444	PRG	TWN_CARA	EVTCARA	0066A0	37	dialog
6445	PRG	TWN_CARA	EVTCARA	0065A0	39	dialog
6446	PRG	TWN_CARA	EVTCARA	0137FD	31	dialog
6447	PRG	TWN_CARA	EVTCARA	0066D4	21	dialog
6448	PRG	TWN_CARA	EVTCARA	0064B3	31	dialog
6449	MOVIE	EVT016_1	EVT016_1	00111F	35	movie
6450	PRG	TWN_ZOAH	EVTZOAH	039A47	21	dialog
6451	PRG	TWN_CAMP	EVTCAMP	00CE2F	19	dialog
6452	PRG	TWN_CAMP	EVTCAMP	00EE06	25	slot
6453	PRG	TWN_CAMP	EVTCAMP	00E961	35	dialog
6454	PRG	TWN_CARA	EVTCARA	0139F0	21	dialog
6455	PRG	TWN_ZOAH	EVTZOAH	01ABFF	19	dialog
6456	PRG	TWN_CARA	EVTCARA	01759D	29	dialog
6457	MOVIE	EVT041	EVT041	001AD4	25	movie
6458	MOVIE	EVT016_3	EVT016_3	00164A	25	movie
6459	MENUBK	MENUBK	MENUBK	006ECD	25	ui
6460	MOVIE	EVT134_1	EVT134_1	003B26	13	movie
6461	MOVIE	EVT043	EVT043	001C8A	27	movie
6462	PRG	MENUEN	MENUEN	007B37	11	ui
6463	PRG	BTL_D5	BTL_D5	05AE06	23	dialog
6464	PRG	BTL_D5	BTL_D5	05AE47	21	dialog
6465	PRG	BTL_D5	BTL_D5	05AE36	17	dialog
6466	PRG	BTL_D5	BTL_D5	05AC8D	19	dialog
6467	PRG	BTL_D5	BTL_D5	05AE1D	25	dialog
6468	PRG	BTL_D5	BTL_D5	05AC5F	23	dialog
6469	PRG	BTL_D5	BTL_D5	05AC76	23	dialog
6470	MOVIE	EVT122_4	EVT122_4	0035D9	11	movie
6471	MOVIE	EVT029	EVT029	001709	27	movie
6472	PRG	TWN_ZOAH	EVTZOAH	00F210	37	dialog
6473	MENUBK	MENUBK	MENUBK	005439	221	ui
6474	PRG	BTL_C2_2	BTL_C22	05727B	13	dialog
6475	PRG	BTL_A5_2	BTL_A52	05AA2A	5	dialog
6476	PRG	BTL_B6	BTL_B6	05B0C5	7	dialog
6477	PRG	TWN_SEEK	EVTSEEK	012486	39	dialog
6478	MOVIE	EVT041	EVT041	001ABD	23	movie
6479	PRG	TWN_ZOAH	EVTZOAH	01AAD2	35	dialog
6480	PRG	TWN_SEEK	EVTSEEK	0153A8	31	dialog
6481	PRG	BTL_D5	BTL_D5	05AD88	13	dialog
6482	MENUBK	MENUBK	MENUBK	00200B	205	ui
6483	PRG	TWN_ZOAH	EVTZOAH	01C6CC	35	dialog
6484	PRG	TWN_ZOAH	EVTZOAH	01D312	37	dialog
6485	MOVIE	EVT122_3	EVT122_3	0030C2	37	movie
6486	MOVIE	EVT122_3	EVT122_3	003294	27	movie
6487	PRG	TWN_SEEK	EVTSEEK	017276	33	dialog
6488	MENUBK	MENUBK	MENUBK	006F94	204	ui
6489	MOVIE	EVT127_1	EVT127_1	003910	35	movie
6490	MOVIE	EVT122_3	EVT122_3	003234	31	movie
6491	MENUBK	MENUBK	MENUBK	004DC5	178	ui
6492	MENUBK	MENUBK	MENUBK	0023E4	180	ui
6493	PRG	TWN_SEEK	EVTSEEK	015EB0	39	dialog
6494	MENUBK	MENUBK	MENUBK	0026FF	203	ui
6495	MENUBK	MENUBK	MENUBK	001A25	215	ui
6496	PRG	TWN_SEEK	EVTSEEK	015456	33	dialog
6497	PRG	TWN_SEEK	EVTSEEK	00BA06	39	dialog
6498	PRG	TWN_SEEK	EVTSEEK	009865	37	dialog
6499	PRG	TWN_ZOAH	EVTZOAH	00C8D0	29	slot
6500	PRG	FLD_C8	FLD_T0	013F04	29	dialog
6501	PRG	TWN_SEEK	EVTSEEK	008C59	31	dialog
6502	PRG	TWN_SEEK	EVTSEEK	009993	39	dialog
6503	MENUBK	MENUBK	MENUBK	000CDF	200	ui
6504	PRG	TWN_CARA	EVTCARA	016AE3	27	dialog
6505	PRG	FLD_A3	FLD_A3	009584	9	dialog
6506	PRG	FLD_A3	FLD_A3	009C53	98	dialog
6507	PRG	FLD_A3	FLD_A3	0094CE	17	dialog
6508	PRG	BTL_T0	BTL_T0	053D32	77	dialog
6509	PRG	BTL_T0	BTL_T0	0538A0	86	dialog
6510	COMMON	COMMON	MENU	00D40D	13	ui
6511	MOVIE	EVT060_2	EVT060_2	002273	15	movie
6512	PRG	BTL_D5	BTL_D5	05AD3D	17	dialog
6513	PRG	TWN_SEEK	EVTSEEK	00C20C	33	dialog
6514	PRG	TWN_ZOAH	EVTZOAH	00EDEF	27	dialog
6515	PRG	MENUEN	MENUEN	001E48	13	ui
6516	MOVIE	EVT152	EVT152	004F3B	13	movie
6517	PRG	FLD_C8	FLD_T0	013CD8	23	dialog
6518	PRG	BTL_B2	BTL_B2	04FF20	21	dialog
6519	PRG	BTL_C2	BTL_C2	0579B5	27	dialog
6520	PRG	TWN_ZOAH	EVTZOAH	02AAAA	37	dialog
6521	PRG	TWN_ZOAH	EVTZOAH	01858D	21	dialog
6522	PRG	TWN_CAMP	EVTCAMP	00DD2C	35	dialog
6523	MOVIE	EVT137	EVT137	00491D	29	movie
6524	PRG	BTL_C5	BTL_C5	05224E	31	dialog
6525	PRG	TWN_ZOAH	EVTZOAH	02FA10	17	dialog
6526	MENUBK	MENUBK	MENUBK	0029FF	201	ui
6527	PRG	BTL_A7_2	BTL_A72	050E32	5	dialog
6528	PRG	TWN_CARA	EVTCARA	01398D	29	dialog
6529	PRG	TWN_CAMP	EVTCAMP	00D5E8	13	dialog
6530	PRG	1ST_READ	SAVE	03D3AA	29	dialog
6531	PRG	1ST_READ	SAVE	03D278	27	dialog
6532	PRG	TWN_ZOAH	EVTZOAH	02F1F5	21	dialog
6533	PRG	TWN_ZOAH	EVTZOAH	03E399	25	dialog
6534	PRG	TWN_CAMP	EVTCAMP	00C808	25	dialog
6535	PRG	FLD_C8	FLD_T0	012F0C	23	dialog
6536	MENUBK	MENUBK	MENUBK	005D09	19	ui
6537	PRG	BTL_C5_2	BTL_C52	04FA0E	5	dialog
6538	PRG	BTL_D5	BTL_D5	05ADC1	25	dialog
6539	PRG	BTL_D5	BTL_D5	05ADDA	25	dialog
6540	PRG	TWN_ZOAH	EVTZOAH	03B5BB	17	dialog
6541	MENUBK	MENUBK	MENUBK	0003AB	148	ui
6542	PRG	TWN_CARA	EVTCARA	017237	17	dialog
6543	MOVIE	EVT060_1	EVT060_1	001F71	7	movie
6544	MOVIE	EVT089	EVT089	002C85	11	movie
6545	PRG	BTL_B6_2	BTL_B62	053C0A	31	dialog
6546	PRG	BTL_C2	BTL_C2	057813	11	dialog
6547	PRG	BTL_C2	BTL_C2	057CED	9	dialog
6548	PRG	BTL_C8_2	BTL_C82	04F1B1	25	dialog
6549	PRG	BTL_A5_3	BTL_A53	04F8D7	21	dialog
6550	PRG	BTL_B2	BTL_B2	04FC61	7	dialog
6551	PRG	BTL_C2	BTL_C2	057D68	29	dialog
6552	MENUBK	MENUBK	MENUBK	00621F	184	ui
6553	PRG	BTL_T0	BTL_T0	0546FD	126	dialog
6554	COMMON	COMMON	MENU	00D3A1	13	ui
6555	MOVIE	EVT016_1	EVT016_1	0010DA	27	movie
6556	PRG	TWN_ZOAH	EVTZOAH	02FF6F	19	dialog
6557	PRG	TWN_ZOAH	EVTZOAH	02B355	39	dialog
6558	COMMON	COMMON	ITEM	00ACAC	38	ui
6559	PRG	TWN_CARA	EVTCARA	016B2C	25	dialog
6560	COMMON	COMMON	ITEM	00AFE6	21	ui
6561	PRG	TWN_SEEK	EVTSEEK	009901	31	dialog
6562	PRG	TWN_SEEK	EVTSEEK	018104	25	dialog
6563	PRG	TWN_CARA	EVTCARA	012C40	35	dialog
6564	MOVIE	EVT135	EVT135	0046C6	35	movie
6565	PRG	TWN_ZOAH	EVTZOAH	03084E	27	dialog
6566	PRG	BTL_C2	BTL_C2	057795	29	dialog
6567	PRG	TWN_ZOAH	EVTZOAH	02B10E	37	dialog
6568	PRG	FLD_A5	FLD_A5	00D7A8	35	dialog
6569	PRG	TWN_ZOAH	EVTZOAH	03E420	39	dialog
6570	PRG	TWN_ZOAH	EVTZOAH	0234A9	39	dialog
6571	PRG	TWN_CARA	EVTCARA	00CC36	17	dialog
6572	PRG	TWN_ZOAH	EVTZOAH	00C90A	29	slot
6573	PRG	TWN_CARA	EVTCARA	00419A	27	dialog
6574	COMMON	COMMON	ITEM	00AB7C	34	ui
6575	COMMON	COMMON	ITEM	00AB02	48	ui
6576	PRG	TWN_CARA	EVTCARA	00A144	31	dialog
6577	COMMON	COMMON	ITEM	00A8EE	32	ui
6578	COMMON	COMMON	ITEM	00A8CE	32	ui
6579	MOVIE	EVT068_1	EVT068_1	00253F	25	movie
6580	COMMON	COMMON	ITEM	00ABDC	38	ui
6581	COMMON	COMMON	ITEM	00AB9E	34	ui
6582	COMMON	COMMON	ITEM	00AC02	34	ui
6583	PRG	TWN_ZOAH	EVTZOAH	018E77	33	dialog
6584	COMMON	COMMON	ITEM	00ABC0	28	ui
6585	COMMON	COMMON	ITEM	00AC24	32	ui
6586	PRG	TWN_SEEK	EVTSEEK	015CBB	31	dialog
6587	MOVIE	EVT161_2	EVT161_2	005710	31	movie
6588	PRG	TWN_CAMP	EVTCAMP	00DBF0	27	dialog
6589	PRG	FLD_A3	FLD_A3	008E90	23	dialog
6590	PRG	BTL_C2	BTL_C2	057743	35	dialog
6591	MENUBK	MENUBK	MENUBK	000F85	215	ui
6592	COMMON	COMMON	ITEM	00BDD4	36	ui
6593	MOVIE	EVT144	EVT144	004BDE	25	movie
6594	PRG	BTL_C2	BTL_C2	057D40	19	dialog
6595	PRG	TWN_SEEK	EVTSEEK	00BAD2	33	dialog
6596	COMMON	COMMON	ITEM	00AA64	44	ui
6597	COMMON	COMMON	ITEM	00AA3A	42	ui
6598	COMMON	COMMON	ITEM	00AA12	40	ui
6599	COMMON	COMMON	ITEM	00A9E8	42	ui
6600	PRG	BTL_B5	BTL_B5	052078	35	dialog
6601	PRG	BTL_C8	BTL_C8	04E97B	33	dialog
6602	PRG	BTL_C2	BTL_C2	05781E	25	dialog
6603	PRG	BTL_C2	BTL_C2	057A13	15	dialog
6604	PRG	BTL_A3_2	BTL_A32	054F14	21	dialog
6605	PRG	BTL_C4	BTL_C4	053FE6	39	dialog
6606	PRG	BTL_A3_2	BTL_A32	054E8A	35	dialog
6607	PRG	FLD_A3	FLD_A3	009534	21	dialog
6608	PRG	TWN_ZOAH	EVTZOAH	02FF82	23	dialog
6609	COMMON	COMMON	MENU	00D325	7	ui
6610	PRG	MENUEN	MENUEN	004053	125	ui
6611	PRG	BTL_T0	BTL_T0	0551C8	121	dialog
6612	PRG	BTL_D5	BTL_D5	05ABC5	7	dialog
6613	PRG	FLD_A7	FLD_A7	007EFC	135	dialog
6614	PRG	FLD_A7	FLD_A7	0071C3	114	dialog
6615	PRG	MENUEN	MENUEN	001E16	9	ui
6616	PRG	TWN_ZOAH	EVTZOAH	02ABEC	11	dialog
6617	PRG	BTL_D2_2	BTL_D22	05032B	11	dialog
6618	PRG	BTL_C5_2	BTL_C52	04F9FA	11	dialog
6619	PRG	BTL_C5_2	BTL_C52	04FA7B	15	dialog
6620	PRG	TWN_CARA	EVTCARA	01389E	21	dialog
6621	PRG	BTL_B5	BTL_B5	0522F2	19	dialog
6622	PRG	FLD_A3	FLD_A3	009281	21	dialog
6623	PRG	TWN_ZOAH	EVTZOAH	01B0AE	29	dialog
6624	PRG	TWN_ZOAH	EVTZOAH	014E96	37	dialog
6625	PRG	TWN_ZOAH	EVTZOAH	0376F7	25	dialog
6626	PRG	FLAGEDIT	FLAGEDIT	001277	9	ui
6627	PRG	TWN_ZOAH	EVTZOAH	03775B	27	dialog
6628	PRG	BTL_T0	BTL_T0	05548D	96	dialog
6629	MOVIE	EVT068_1	EVT068_1	0024DB	21	movie
6630	PRG	TWN_SEEK	EVTSEEK	0124F2	29	dialog
6631	PRG	MENUEN	MENUEN	005111	161	ui
6632	PRG	BTL_T0	BTL_T0	053DD6	101	dialog
6633	MOVIE	EVT060_2	EVT060_2	0022B2	27	movie
6634	PRG	TWN_CAMP	EVTCAMP	00F155	27	dialog
6635	PRG	BTL_T0	BTL_T0	053CC2	41	dialog
6636	PRG	BTL_T0	BTL_T0	054164	80	dialog
6637	PRG	BTL_T0	BTL_T0	05446B	54	dialog
6638	COMMON	COMMON	ITEM	00ADA8	23	ui
6639	COMMON	COMMON	ITEM	00BE1E	36	ui
6640	MOVIE	EVT060_1	EVT060_1	001F9B	21	movie
6641	PRG	FLD_A3	FLD_A3	009751	131	dialog
6642	PRG	FLD_A3	FLD_A3	00990F	129	dialog
6643	PRG	FLD_C8	FLD_T0	012D75	37	dialog
6644	COMMON	COMMON	ITEM	00A7BB	33	ui
6645	COMMON	COMMON	ITEM	00BF7A	36	ui
6646	PRG	BTL_T0	BTL_T0	053C7A	72	dialog
6647	PRG	BTL_T0	BTL_T0	054074	96	dialog
6648	PRG	FLD_A3	FLD_A3	009CB5	118	dialog
6649	PRG	TWN_CAMP	EVTCAMP	00F1E2	35	dialog
6650	COMMON	COMMON	ITEM	00BB3A	36	ui
6651	PRG	BTL_C2	BTL_C2	057780	21	dialog
6652	PRG	BTL_C2	BTL_C2	057936	13	dialog
6653	MOVIE	EVT000_1	EVT000_1	0001BD	5	movie
6654	PRG	TWN_CAMP	EVTCAMP	00DC8A	21	dialog
6655	PRG	TWN_CARA	EVTCARA	012C63	29	dialog
6656	PRG	TWN_ZOAH	EVTZOAH	037398	37	dialog
6657	PRG	TWN_CARA	EVTCARA	009B87	19	dialog
6658	MENUBK	MENUBK	MENUBK	00194B	15	ui
6659	PRG	TWN_ZOAH	EVTZOAH	01C725	35	dialog
6660	PRG	TWN_ZOAH	EVTZOAH	01C912	35	dialog
6661	MOVIE	EVT122_4	EVT122_4	003585	29	movie
6662	PRG	TWN_SEEK	EVTSEEK	016779	29	dialog
6663	MOVIE	EVT117	EVT117	002E6F	11	movie
6664	PRG	TWN_ZOAH	EVTZOAH	013710	39	dialog
6665	MOVIE	EVT135	EVT135	00468D	27	movie
6666	PRG	TWN_CAMP	EVTCAMP	00D3CE	17	dialog
6667	PRG	FLD_B5	FLD_B5	009077	23	dialog
6668	MENUBK	MENUBK	MENUBK	000936	213	ui
6669	COMMON	COMMON	ITEM	00BA0C	35	ui
6670	PRG	TWN_ZOAH	EVTZOAH	03B3A8	35	dialog
6671	MOVIE	EVT016_2	EVT016_2	00119C	23	movie
6672	MOVIE	EVT122_2	EVT122_2	002F4B	23	movie
6673	PRG	TWN_CARA	EVTCARA	0169B0	39	dialog
6674	PRG	TWN_CAMP	EVTCAMP	00DB8B	11	dialog
6675	MOVIE	EVT041	EVT041	001989	35	movie
6676	PRG	TWN_CAMP	EVTCAMP	00DF96	27	dialog
6677	PRG	TWN_CAMP	EVTCAMP	00E125	29	dialog
6678	PRG	TWN_ZOAH	EVTZOAH	030882	37	dialog
6679	MENUBK	MENUBK	MENUBK	004379	211	ui
6680	COMMON	COMMON	ITEM	00B543	56	ui
6681	PRG	TWN_CAMP	EVTCAMP	00DE1C	35	dialog
6682	COMMON	COMMON	ITEM	00AC8E	30	ui
6683	PRG	TWN_CARA	EVTCARA	00A315	29	dialog
6684	MENUBK	MENUBK	MENUBK	0014F5	159	ui
6685	PRG	TWN_SEEK	EVTSEEK	0099BA	39	dialog
6686	PRG	TWN_ZOAH	EVTZOAH	023A03	29	dialog
6687	COMMON	COMMON	ITEM	00BA2F	44	ui
6688	PRG	FLD_C8	FLD_T0	013F53	29	dialog
6689	PRG	TWN_CAMP	EVTCAMP	00D962	39	dialog
6690	PRG	TWN_SEEK	EVTSEEK	00E79E	39	dialog
6691	PRG	TWN_ZOAH	EVTZOAH	0306B2	37	dialog
6692	PRG	TWN_CARA	EVTCARA	00A4B7	37	slot
6693	PRG	TWN_SEEK	EVTSEEK	00BCD2	31	dialog
6694	MOVIE	EVT160_1	EVT160_1	00539E	21	movie
6695	PRG	TWN_SEEK	EVTSEEK	007294	35	dialog
6696	PRG	TWN_SEEK	EVTSEEK	015BCA	35	dialog
6697	PRG	TWN_ZOAH	EVTZOAH	02F3A1	39	dialog
6698	PRG	TWN_CARA	EVTCARA	00A089	21	dialog
6699	MENUBK	MENUBK	MENUBK	0049B9	235	ui
6700	MOVIE	EVT160_1	EVT160_1	0052C2	21	movie
6701	PRG	FLD_A5	FLD_A5	00D80A	19	dialog
6702	COMMON	COMMON	ITEM	00B6AA	54	ui
6703	MOVIE	EVT134_2	EVT134_2	003C47	25	movie
6704	PRG	TWN_SEEK	EVTSEEK	01227E	25	dialog
6705	COMMON	COMMON	ITEM	00A804	60	ui
6706	PRG	TWN_ZOAH	EVTZOAH	018A0F	37	dialog
6707	MENUBK	MENUBK	MENUBK	003FC7	188	ui
6708	COMMON	COMMON	ITEM	00AB32	40	ui
6709	COMMON	COMMON	ITEM	00B812	34	ui
6710	PRG	TWN_SEEK	EVTSEEK	012661	39	dialog
6711	MOVIE	EVT016_3	EVT016_3	001582	33	movie
6712	MENUBK	MENUBK	MENUBK	0068CC	207	ui
6713	COMMON	COMMON	ITEM	00B834	42	ui
6714	COMMON	COMMON	ITEM	00B8FD	56	ui
6715	COMMON	COMMON	ITEM	00B9CF	48	ui
6716	PRG	TWN_SEEK	EVTSEEK	00EA36	21	dialog
6717	PRG	FLD_A5	FLD_A5	00D45E	29	dialog
6718	MOVIE	EVT000_1	EVT000_1	0001C2	11	movie
6719	MOVIE	EVT016_2	EVT016_2	001292	27	movie
6720	PRG	TWN_CAMP	EVTCAMP	00CADD	27	dialog
6721	MENUBK	MENUBK	MENUBK	00452C	21	ui
6722	COMMON	COMMON	ITEM	00AC68	38	ui
6723	COMMON	COMMON	ITEM	00AC44	36	ui
6724	MENUBK	MENUBK	MENUBK	004652	231	ui
6725	PRG	TWN_CARA	EVTCARA	013139	39	dialog
6726	MOVIE	EVT152	EVT152	004F48	19	movie
6727	MOVIE	EVT000_3	EVT000_3	00082F	21	movie
6728	PRG	TWN_SEEK	EVTSEEK	00D3FF	39	dialog
6729	MOVIE	EVT002	EVT002	000D8E	31	movie
6730	PRG	TWN_ZOAH	EVTZOAH	03B1F3	27	dialog
6731	PRG	BTL_C2_2	BTL_C22	057202	17	dialog
6732	PRG	FLD_A3	FLD_A3	009111	25	dialog
6733	MOVIE	EVT008	EVT008	000E31	11	movie
6734	PRG	TWN_SEEK	EVTSEEK	017DC6	19	dialog
6735	PRG	TWN_CARA	EVTCARA	00A16B	39	dialog
6736	PRG	TWN_ZOAH	EVTZOAH	02F9A5	23	dialog
6737	MOVIE	EVT161_1	EVT161_1	005663	17	movie
6738	PRG	TWN_CARA	EVTCARA	00F836	35	dialog
6739	PRG	TWN_SEEK	EVTSEEK	0180AE	19	dialog
6740	MENUBK	MENUBK	MENUBK	0006A9	203	ui
6741	MOVIE	EVT089	EVT089	002CE4	37	movie
6742	PRG	TWN_ZOAH	EVTZOAH	0375A7	37	dialog
6743	MENUBK	MENUBK	MENUBK	00572E	174	ui
6744	MOVIE	EVT043	EVT043	001C72	7	movie
6745	PRG	TWN_CAMP	EVTCAMP	00F55A	21	dialog
6746	MOVIE	EVT127_1	EVT127_1	003870	23	movie
6747	PRG	TWN_CARA	EVTCARA	00A09E	39	dialog
6748	PRG	FLD_C8	FLD_T0	014119	11	dialog
6749	PRG	TWN_CAMP	EVTCAMP	00D989	39	dialog
6750	PRG	TWN_CAMP	EVTCAMP	00F17D	25	dialog
6751	PRG	BTL_C2_2	BTL_C22	0571A2	17	dialog
6752	MOVIE	EVT000_2	EVT000_2	0005E1	37	movie
6753	COMMON	COMMON	ITEM	00A7AA	17	ui
6754	PRG	FLD_C8	FLD_T0	012CEB	37	dialog
6755	MOVIE	EVT155_3	EVT155_3	0051E8	29	movie
6756	PRG	TWN_ZOAH	EVTZOAH	01C511	35	dialog
6757	PRG	TWN_ZOAH	EVTZOAH	0188C6	33	dialog
6758	PRG	TWN_CARA	EVTCARA	0060EB	31	dialog
6759	PRG	TWN_CARA	EVTCARA	016AC2	33	dialog
6760	PRG	TWN_ZOAH	EVTZOAH	03345B	31	dialog
6761	PRG	TWN_ZOAH	EVTZOAH	038DC0	33	dialog
6762	PRG	TWN_ZOAH	EVTZOAH	019546	27	dialog
6763	PRG	TWN_ZOAH	EVTZOAH	01B023	37	dialog
6764	PRG	TWN_ZOAH	EVTZOAH	014DBC	35	dialog
6765	PRG	FLD_C8	FLD_T0	012C5F	15	dialog
6766	PRG	TWN_ZOAH	EVTZOAH	018546	27	dialog
6767	PRG	BTL_C2_2	BTL_C22	057288	13	dialog
6768	PRG	1ST_READ	SAVE	03D372	27	dialog
6769	PRG	1ST_READ	SAVE	03D244	25	dialog
6770	PRG	TWN_ZOAH	EVTZOAH	030779	25	dialog
6771	PRG	TWN_ZOAH	EVTZOAH	0196E8	25	dialog
6772	PRG	TWN_SEEK	EVTSEEK	00E813	33	dialog
6773	MOVIE	EVT016_2	EVT016_2	001274	25	movie
6774	PRG	TWN_CARA	EVTCARA	00CB4C	39	dialog
6775	MOVIE	EVT152	EVT152	005063	9	movie
6776	PRG	TWN_CAMP	EVTCAMP	00F301	23	dialog
6777	PRG	TWN_CARA	EVTCARA	00A4DC	37	slot
6778	PRG	FLD_C8	FLD_T0	013FF3	27	dialog
6779	PRG	TWN_SEEK	EVTSEEK	015DC7	37	dialog
6780	MOVIE	EVT008	EVT008	000E7C	25	movie
6781	PRG	BTL_C8_2	BTL_C82	04F080	35	dialog
6782	PRG	BTL_C8	BTL_C8	04EAA8	39	dialog
6783	PRG	BTL_C8_2	BTL_C82	04F202	15	dialog
6784	PRG	TWN_ZOAH	EVTZOAH	029258	25	dialog
6785	PRG	TWN_CARA	EVTCARA	01709E	37	dialog
6786	PRG	TWN_CARA	EVTCARA	01714F	35	dialog
6787	MOVIE	EVT134_1	EVT134_1	003A18	7	movie
6788	PRG	BTL_C8	BTL_C8	04E9D4	25	dialog
6789	PRG	TWN_CARA	EVTCARA	00CA06	33	dialog
6790	MOVIE	EVT000_2	EVT000_2	000290	31	movie
6791	PRG	TWN_ZOAH	EVTZOAH	038EF5	35	dialog
6792	PRG	TWN_SEEK	EVTSEEK	0151A6	29	dialog
6793	PRG	FLAGEDIT	FLAGEDIT	0012D4	21	ui
6794	MENUBK	MENUBK	MENUBK	000E2E	169	ui
6795	PRG	TWN_SEEK	EVTSEEK	01521A	39	dialog
6796	PRG	TWN_ZOAH	EVTZOAH	0231D5	31	dialog
6797	PRG	TWN_ZOAH	EVTZOAH	01C86F	35	dialog
6798	PRG	TWN_ZOAH	EVTZOAH	01C565	37	dialog
6799	PRG	TWN_ZOAH	EVTZOAH	01C6A5	29	dialog
6800	PRG	TWN_SEEK	EVTSEEK	015E63	29	dialog
6801	PRG	TWN_SEEK	EVTSEEK	00EBEF	37	dialog
6802	PRG	TWN_CARA	EVTCARA	0169E4	23	dialog
6803	PRG	TWN_CARA	EVTCARA	00A002	27	dialog
6804	PRG	TWN_CARA	EVTCARA	006966	15	dialog
6805	PRG	TWN_ZOAH	EVTZOAH	00EE5B	29	dialog
6806	COMMON	COMMON	ITEM	00A840	44	ui
6807	MOVIE	EVT135	EVT135	0044A8	9	movie
6808	PRG	FLD_A7	FLD_A7	007AFB	121	dialog
6809	PRG	FLD_A7	FLD_A7	007386	100	dialog
6810	PRG	BTL_T0	BTL_T0	055630	119	dialog
6811	COMMON	COMMON	MENU	00D33A	7	ui
6812	PRG	BTL_T0	BTL_T0	055331	123	dialog
6813	PRG	BTL_D5	BTL_D5	05ABFE	7	dialog
6814	PRG	FLD_A7	FLD_A7	0080F6	131	dialog
6815	PRG	FLD_A7	FLD_A7	007317	111	dialog
6816	PRG	BTL_A5_2	BTL_A52	05A9F7	9	dialog
6817	PRG	BTL_D2	BTL_D2	052B5B	9	dialog
6818	PRG	BTL_B5_2	BTL_B52	058C3D	9	dialog
6819	PRG	BTL_A7_2	BTL_A72	050E29	9	dialog
6820	PRG	BTL_C5_2	BTL_C52	04FBB2	29	dialog
6821	PRG	BTL_C2	BTL_C2	057A6B	33	dialog
6822	PRG	BTL_C5_2	BTL_C52	04FB59	15	dialog
6823	PRG	BTL_C5_2	BTL_C52	04FAB0	23	dialog
6824	PRG	BTL_C5_2	BTL_C52	04FA99	23	dialog
6825	PRG	BTL_C2	BTL_C2	057996	31	dialog
6826	PRG	FLD_C8	FLD_T0	014B3F	21	dialog
6827	MOVIE	EVT000_4	EVT000_4	000A2B	17	movie
6828	PRG	TWN_ZOAH	EVTZOAH	023882	25	dialog
6829	PRG	FLD_C8	FLD_T0	012EBE	33	dialog
6830	PRG	TWN_SEEK	EVTSEEK	00D472	33	dialog
6831	MOVIE	EVT000_2	EVT000_2	000401	17	movie
6832	PRG	FLD_C8	FLD_T0	0138DA	25	dialog
6833	PRG	FLD_C8	FLD_T0	013480	33	dialog
6834	PRG	1ST_READ	SAVE	03D3E7	27	dialog
6835	PRG	1ST_READ	SAVE	03D35D	21	dialog
6836	PRG	TWN_CAMP	EVTCAMP	00F196	27	dialog
6837	PRG	TWN_ZOAH	EVTZOAH	03E1B2	23	dialog
6838	MOVIE	EVT089	EVT089	002B13	21	movie
6839	PRG	TWN_SEEK	EVTSEEK	015545	37	dialog
6840	MOVIE	EVT134_2	EVT134_2	003F92	27	movie
6841	PRG	TWN_ZOAH	EVTZOAH	0375F4	25	dialog
6842	PRG	TWN_ZOAH	EVTZOAH	03DDA9	37	dialog
6843	PRG	TWN_ZOAH	EVTZOAH	03B353	31	dialog
6844	PRG	TWN_CARA	EVTCARA	00A468	29	dialog
6845	MOVIE	EVT000_1	EVT000_1	000186	19	movie
6846	MOVIE	EVT152	EVT152	005047	21	movie
6847	PRG	TWN_CARA	EVTCARA	0171A5	39	dialog
6848	MOVIE	EVT135	EVT135	004596	9	movie
6849	PRG	TWN_SEEK	EVTSEEK	00741D	27	dialog
6850	PRG	TWN_CAMP	EVTCAMP	00D788	37	dialog
6851	PRG	TWN_ZOAH	EVTZOAH	03E8AE	33	dialog
6852	PRG	TWN_CARA	EVTCARA	009F5C	35	dialog
6853	PRG	TWN_ZOAH	EVTZOAH	032D0D	35	dialog
6854	PRG	TWN_SEEK	EVTSEEK	008D65	19	dialog
6855	PRG	TWN_ZOAH	EVTZOAH	018B55	39	dialog
6856	PRG	TWN_CAMP	EVTCAMP	00DB73	11	dialog
6857	PRG	BTL_A5	BTL_A5	057D1A	13	dialog
6858	PRG	TWN_SEEK	EVTSEEK	00D652	23	dialog
6859	PRG	BTL_A5_2	BTL_A52	05ACDB	21	dialog
6860	MOVIE	EVT000_1	EVT000_1	00003D	21	movie
6861	PRG	TWN_ZOAH	EVTZOAH	02F789	21	dialog
6862	PRG	FLD_A5	FLD_A5	00D73B	15	dialog
6863	PRG	BTL_A3_2	BTL_A32	054F08	5	dialog
6864	MENUBK	MENUBK	MENUBK	00263A	185	ui
6865	PRG	BTL_C2_2	BTL_C22	057263	13	dialog
6866	PRG	TWN_CAMP	EVTCAMP	00DEF1	31	dialog
6867	MOVIE	EVT122_3	EVT122_3	003048	5	movie
6868	MOVIE	EVT127_1	EVT127_1	0038C3	11	movie
6869	MOVIE	EVT122_3	EVT122_3	0032AF	9	movie
6870	MOVIE	EVT068_2	EVT068_2	002766	29	movie
6871	PRG	TWN_CARA	EVTCARA	016FCF	37	dialog
6872	PRG	FLD_B6	FLD_B6	00A9D7	21	dialog
6873	PRG	FLD_A5	FLD_A5	00F788	7	dialog
6874	PRG	FLD_A5	FLD_A5	00F888	17	dialog
6875	PRG	TWN_CARA	EVTCARA	00FA5B	39	dialog
6876	PRG	FLD_B6	FLD_B6	00AF32	9	dialog
6877	PRG	FLD_B6	FLD_B6	00AF47	15	dialog
6878	MOVIE	EVT122_3	EVT122_3	003253	15	movie
6879	MOVIE	EVT000_2	EVT000_2	000448	23	movie
6880	PRG	BTL_B6	BTL_B6	05B306	21	dialog
6881	PRG	TWN_ZOAH	EVTZOAH	0305C7	19	dialog
6882	PRG	TWN_ZOAH	EVTZOAH	018D5B	21	dialog
6883	PRG	TWN_ZOAH	EVTZOAH	03E378	19	dialog
6884	PRG	MENUEN	MENUEN	002D45	180	ui
6885	PRG	MENUEN	MENUEN	002ACD	176	ui
6886	PRG	MENUEN	MENUEN	002BFD	191	ui
6887	PRG	MENUEN	MENUEN	0029B9	152	ui
6888	PRG	MENUEN	MENUEN	002F9F	178	ui
6889	PRG	MENUEN	MENUEN	002E85	159	ui
6890	PRG	MENUEN	MENUEN	0028C7	105	ui
6891	PRG	TWN_ZOAH	EVTZOAH	02AC4A	29	dialog
6892	PRG	FLAGEDIT	FLAGEDIT	000857	15	ui
6893	PRG	FLAGEDIT	FLAGEDIT	000C70	29	ui
6894	PRG	FLAGEDIT	FLAGEDIT	000C2A	35	ui
6895	PRG	FLAGEDIT	FLAGEDIT	000C4D	35	ui
6896	PRG	FLAGEDIT	FLAGEDIT	00098F	15	ui
6897	PRG	BTL_B2	BTL_B2	04FF54	39	dialog
6898	MOVIE	EVT161_1	EVT161_1	005674	19	movie
6899	MOVIE	EVT041	EVT041	00196C	29	movie
6900	PRG	BTL_C2_2	BTL_C22	0570A7	35	dialog
6901	PRG	TWN_SEEK	EVTSEEK	00E9B9	35	dialog
6902	PRG	FLD_A3	FLD_A3	009F91	11	dialog
6903	PRG	BTL_C2_2	BTL_C22	057213	17	dialog
6904	PRG	BTL_C2_2	BTL_C22	05722F	35	dialog
6905	PRG	FLD_A5	FLD_A5	00D487	17	dialog
6906	PRG	TWN_CARA	EVTCARA	017BD4	15	dialog
6907	COMMON	COMMON	ITEM	00BD1B	36	ui
6908	COMMON	COMMON	ITEM	00BB84	36	ui
6909	PRG	TWN_CARA	EVTCARA	01390A	39	dialog
6910	PRG	TWN_ZOAH	EVTZOAH	0372CC	19	dialog
6911	PRG	TWN_ZOAH	EVTZOAH	01C30D	27	dialog
6912	MOVIE	EVT041	EVT041	0019CD	25	movie
6913	PRG	BTL_C2	BTL_C2	0577C9	7	dialog
6914	PRG	BTL_C5_2	BTL_C52	04FA05	9	dialog
6915	PRG	BTL_C5_2	BTL_C52	04F9AB	33	dialog
6916	PRG	BTL_C5_2	BTL_C52	04F98B	13	dialog
6917	PRG	BTL_C5_2	BTL_C52	04F998	19	dialog
6918	PRG	BTL_C2	BTL_C2	057D53	21	dialog
6919	PRG	TWN_CARA	EVTCARA	00F58C	17	dialog
6920	PRG	TWN_CARA	EVTCARA	00C8D7	29	dialog
6921	PRG	TWN_CARA	EVTCARA	00CDF6	33	dialog
6922	PRG	TWN_CARA	EVTCARA	00CE71	39	dialog
6923	PRG	TWN_CARA	EVTCARA	00CA94	33	dialog
6924	PRG	TWN_ZOAH	EVTZOAH	030656	39	dialog
6925	PRG	BTL_D5	BTL_D5	05ACA0	15	dialog
6926	PRG	MENUEN	MENUEN	0079F5	17	ui
6927	PRG	MENUEN	MENUEN	007A06	17	ui
6928	PRG	BTL_T0	BTL_T0	0544A1	99	dialog
6929	PRG	TWN_SEEK	EVTSEEK	008C98	31	dialog
6930	PRG	TWN_ZOAH	EVTZOAH	02B53F	33	dialog
6931	MOVIE	EVT122_4	EVT122_4	0034D3	29	movie
6932	PRG	TWN_CAMP	EVTCAMP	00DEDC	21	dialog
6933	PRG	TWN_CARA	EVTCARA	00F59D	39	dialog
6934	PRG	TWN_CAMP	EVTCAMP	00D8EE	23	dialog
6935	PRG	BTL_T0	BTL_T0	0541E0	81	dialog
6936	PRG	MENUEN	MENUEN	001E0D	9	ui
6937	PRG	BTL_B6	BTL_B6	05B32E	5	dialog
6938	PRG	TWN_CARA	EVTCARA	00EEA7	35	dialog
6939	COMMON	COMMON	ITEM	00B935	52	ui
6940	PRG	TWN_SEEK	EVTSEEK	016020	33	dialog
6941	PRG	TWN_CAMP	EVTCAMP	00D896	35	dialog
6942	COMMON	COMMON	ITEM	00AB5A	34	ui
6943	PRG	TWN_ZOAH	EVTZOAH	00D86B	23	dialog
6944	MOVIE	EVT135	EVT135	004680	13	movie
6945	COMMON	COMMON	ITEM	00AFA9	29	ui
6946	PRG	MENUEN	MENUEN	001F0F	35	ui
6947	PRG	MENUEN	MENUEN	001EF4	27	ui
6948	PRG	MENUEN	MENUEN	001EAC	72	ui
6949	PRG	MENUEN	MENUEN	001E64	72	ui
6950	PRG	TWN_ZOAH	EVTZOAH	00EDD0	31	dialog
6951	PRG	BTL_C2	BTL_C2	0577DD	21	dialog
6952	COMMON	COMMON	ITEM	00A760	11	ui
6953	PRG	TWN_ZOAH	EVTZOAH	018FBA	37	dialog
6954	PRG	BTL_C5_2	BTL_C52	04FBA1	17	dialog
6955	MOVIE	EVT134_2	EVT134_2	003EF8	19	movie
6956	MOVIE	EVT134_3	EVT134_3	0042BB	35	movie
6957	MOVIE	EVT008	EVT008	000E0F	27	movie
6958	MOVIE	EVT144	EVT144	004B40	39	movie
6959	MOVIE	EVT060_2	EVT060_2	00211C	35	movie
6960	PRG	TWN_ZOAH	EVTZOAH	02B2A4	15	dialog
6961	PRG	TWN_CARA	EVTCARA	00A526	37	slot
6962	PRG	TWN_ZOAH	EVTZOAH	02B274	35	dialog
6963	MOVIE	EVT060_1	EVT060_1	001F78	35	movie
6964	PRG	TWN_CARA	EVTCARA	017531	39	dialog
6965	MOVIE	EVT134_2	EVT134_2	003F81	17	movie
6966	PRG	TWN_CAMP	EVTCAMP	00EDB0	21	dialog
6967	PRG	TWN_ZOAH	EVTZOAH	0302D7	33	dialog
6968	PRG	FLD_B6	FLD_B6	00B393	23	slot
6969	PRG	FLD_B6	FLD_B6	00B27C	25	dialog
6970	PRG	FLD_B6	FLD_B6	00AC03	31	dialog
6971	MOVIE	EVT000_2	EVT000_2	0002EB	23	movie
6972	MENUBK	MENUBK	MENUBK	00347F	15	ui
6973	PRG	TWN_ZOAH	EVTZOAH	01D104	35	dialog
6974	MOVIE	EVT161_2	EVT161_2	0057A1	19	movie
6975	MOVIE	EVT043	EVT043	001D4A	19	movie
6976	PRG	TWN_ZOAH	EVTZOAH	01A98D	39	dialog
6977	PRG	TWN_CARA	EVTCARA	005E99	35	dialog
6978	PRG	TWN_CARA	EVTCARA	01393E	39	dialog
6979	PRG	BTL_T0	BTL_T0	053C0F	107	dialog
6980	PRG	TWN_SEEK	EVTSEEK	006426	35	dialog
6981	MOVIE	EVT000_4	EVT000_4	0009EC	15	movie
6982	MENUBK	MENUBK	MENUBK	00193C	15	ui
6983	PRG	TWN_ZOAH	EVTZOAH	02AB98	15	dialog
6984	PRG	TWN_CARA	EVTCARA	00F62B	27	dialog
6985	COMMON	COMMON	ITEM	00AE9A	19	ui
6986	PRG	TWN_CAMP	EVTCAMP	00C7B5	35	dialog
6987	PRG	TWN_ZOAH	EVTZOAH	03E52B	35	dialog
6988	PRG	TWN_ZOAH	EVTZOAH	023263	33	dialog
6989	PRG	FLD_A3	FLD_A3	0094AB	12	dialog
6990	COMMON	COMMON	ITEM	00A9AE	58	ui
6991	PRG	MENUEN	MENUEN	009813	82	ui
6992	PRG	TWN_EXCA	EVTEXCA	000CD7	13	dialog
6993	MENUBK	MENUBK	MENUBK	005883	149	ui
6994	PRG	FLAGEDIT	FLAGEDIT	000846	17	ui
6995	PRG	FLAGEDIT	FLAGEDIT	000958	17	ui
6996	PRG	FLAGEDIT	FLAGEDIT	000969	13	ui
6997	PRG	TWN_ZOAH	EVTZOAH	02FC55	23	dialog
6998	PRG	TWN_ZOAH	EVTZOAH	0233CF	39	dialog
6999	MOVIE	EVT127_1	EVT127_1	003887	39	movie
7000	MOVIE	EVT122_4	EVT122_4	003517	31	movie
7001	PRG	TWN_SEEK	EVTSEEK	015D11	31	dialog
7002	PRG	BTL_C5_2	BTL_C52	04FB06	23	dialog
7003	PRG	BTL_C5_2	BTL_C52	04FAD6	23	dialog
7004	PRG	BTL_C5_2	BTL_C52	04FAED	25	dialog
7005	MOVIE	EVT000_5	EVT000_5	000B93	19	movie
7006	MENUBK	MENUBK	MENUBK	005DE9	184	ui
7007	PRG	TWN_CAMP	EVTCAMP	00E00B	37	dialog
7008	PRG	TWN_SEEK	EVTSEEK	00644B	27	dialog
7009	PRG	TWN_SEEK	EVTSEEK	00E9E9	39	dialog
7010	PRG	TWN_ZOAH	EVTZOAH	018F68	37	dialog
7011	PRG	TWN_CARA	EVTCARA	00F4C7	21	dialog
7012	PRG	BTL_C5	BTL_C5	052322	27	dialog
7013	PRG	FLD_C2	FLD_C2	00ADF3	13	dialog
7014	PRG	BTL_C2_2	BTL_C22	057084	35	dialog
7015	PRG	BTL_C5	BTL_C5	05228A	35	dialog
7016	PRG	BTL_B5	BTL_B5	05220D	11	dialog
7017	PRG	BTL_C2	BTL_C2	057AB1	25	dialog
7018	PRG	BTL_C8_2	BTL_C82	04F129	29	dialog
7019	PRG	BTL_C2_2	BTL_C22	0572C2	35	dialog
7020	PRG	BTL_C2_2	BTL_C22	0572E5	35	dialog
7021	MOVIE	EVT161_1	EVT161_1	005687	17	movie
7022	MOVIE	EVT000_2	EVT000_2	0004F3	33	movie
7023	PRG	TWN_CAMP	EVTCAMP	00CE42	35	dialog
7024	PRG	TWN_SEEK	EVTSEEK	01888F	23	dialog
7025	PRG	FLD_C8	FLD_T0	014082	37	dialog
7026	PRG	TWN_CAMP	EVTCAMP	00DDC5	35	dialog
7027	PRG	FLD_C8	FLD_T0	013910	19	dialog
7028	PRG	BTL_C5	BTL_C5	052360	25	dialog
7029	PRG	FLD_C8	FLD_T0	01418D	39	dialog
7030	PRG	TWN_ZOAH	EVTZOAH	03E770	27	dialog
7031	MOVIE	EVT043	EVT043	001D5D	27	movie
7032	PRG	TWN_SEEK	EVTSEEK	008CDF	27	dialog
7033	PRG	TWN_SEEK	EVTSEEK	015C69	39	dialog
7034	PRG	TWN_CAMP	EVTCAMP	00DDA6	31	dialog
7035	PRG	TWN_ZOAH	EVTZOAH	013C64	31	dialog
7036	PRG	TWN_ZOAH	EVTZOAH	0300BC	33	dialog
7037	PRG	TWN_ZOAH	EVTZOAH	039AB0	15	dialog
7038	PRG	TWN_CAMP	EVTCAMP	00CC4F	29	dialog
7039	PRG	TWN_CARA	EVTCARA	00CAF0	17	dialog
7040	MOVIE	EVT000_1	EVT000_1	000091	19	movie
7041	PRG	MENUEN	MENUEN	003A65	184	ui
7042	PRG	FLD_A5	FLD_A5	00D692	23	dialog
7043	PRG	FLD_A5	FLD_A5	00F7FF	12	dialog
7044	PRG	FLD_A5	FLD_A5	00F866	20	dialog
7045	PRG	TWN_CAMP	EVTCAMP	00D682	27	dialog
7046	PRG	TWN_CAMP	EVTCAMP	00D491	39	dialog
7047	PRG	TWN_CAMP	EVTCAMP	00D370	39	dialog
7048	PRG	TWN_CAMP	EVTCAMP	00D55F	39	dialog
7049	PRG	TWN_CAMP	EVTCAMP	00D33A	27	dialog
7050	PRG	TWN_CAMP	EVTCAMP	00D7C8	27	dialog
7051	PRG	BTL_A5_2	BTL_A52	05AA3D	7	dialog
7052	PRG	TWN_ZOAH	EVTZOAH	030286	31	dialog
7053	PRG	BTL_C2	BTL_C2	0578B5	29	dialog
7054	PRG	BTL_C2	BTL_C2	057863	11	dialog
7055	PRG	BTL_C5_2	BTL_C52	04F9CC	31	dialog
7056	PRG	BTL_C5_2	BTL_C52	04FBCF	29	dialog
7057	PRG	BTL_C5_2	BTL_C52	04FB68	15	dialog
7058	PRG	BTL_C2	BTL_C2	0578A4	17	dialog
7059	PRG	BTL_C2_2	BTL_C22	0572A2	5	dialog
7060	PRG	FLD_A5	FLD_A5	00D829	21	dialog
7061	COMMON	COMMON	ITEM	00A78F	27	ui
7062	PRG	MENUEN	MENUEN	0003D8	31	ui
7063	PRG	TWN_ZOAH	EVTZOAH	01C7C1	37	dialog
7064	PRG	FLD_C8	FLD_T0	013A01	25	dialog
7065	PRG	TWN_CAMP	EVTCAMP	00F437	31	dialog
7066	MOVIE	EVT134_2	EVT134_2	003E7D	33	movie
7067	PRG	FLD_A3	FLD_A3	009347	17	dialog
7068	MOVIE	EVT054	EVT054	001E0D	11	movie
7069	MENUBK	MENUBK	MENUBK	003368	190	ui
7070	MENUBK	MENUBK	MENUBK	002E93	9	ui
7071	PRG	TWN_ZOAH	EVTZOAH	032E21	35	dialog
7072	PRG	TWN_ZOAH	EVTZOAH	038743	35	dialog
7073	PRG	TWN_ZOAH	EVTZOAH	01D139	39	dialog
7074	PRG	TWN_SEEK	EVTSEEK	009B72	19	dialog
7075	PRG	TWN_ZOAH	EVTZOAH	01ACC8	50	slot
7076	PRG	TWN_ZOAH	EVTZOAH	032EA4	17	dialog
7077	PRG	TWN_ZOAH	EVTZOAH	01C3C1	39	dialog
7078	PRG	TWN_ZOAH	EVTZOAH	032E76	33	dialog
7079	PRG	TWN_ZOAH	EVTZOAH	03EA23	33	dialog
7080	PRG	TWN_CAMP	EVTCAMP	00E0C2	35	dialog
7081	PRG	TWN_ZOAH	EVTZOAH	0239DE	37	dialog
7082	PRG	TWN_ZOAH	EVTZOAH	03B422	33	dialog
7083	PRG	TWN_CARA	EVTCARA	012B59	25	dialog
7084	PRG	TWN_ZOAH	EVTZOAH	013613	39	dialog
7085	PRG	TWN_ZOAH	EVTZOAH	037736	37	dialog
7086	PRG	TWN_ZOAH	EVTZOAH	023528	29	dialog
7087	PRG	TWN_ZOAH	EVTZOAH	018675	37	dialog
7088	PRG	TWN_ZOAH	EVTZOAH	018AD7	37	dialog
7089	PRG	TWN_ZOAH	EVTZOAH	02B56D	33	dialog
7090	PRG	TWN_ZOAH	EVTZOAH	01875F	37	dialog
7091	PRG	TWN_ZOAH	EVTZOAH	0134D4	17	dialog
7092	PRG	TWN_ZOAH	EVTZOAH	019567	33	dialog
7093	PRG	TWN_ZOAH	EVTZOAH	02F3C9	39	dialog
7094	PRG	TWN_ZOAH	EVTZOAH	03B242	37	dialog
7095	PRG	FLAGEDIT	FLAGEDIT	001262	21	ui
7096	PRG	TWN_ZOAH	EVTZOAH	01C7E6	39	dialog
7097	PRG	TWN_ZOAH	EVTZOAH	0185D6	37	dialog
7098	PRG	TWN_ZOAH	EVTZOAH	037105	37	dialog
7099	PRG	TWN_ZOAH	EVTZOAH	0339B9	29	dialog
7100	PRG	MENUEN	MENUEN	005933	134	ui
7101	PRG	TWN_CARA	EVTCARA	016B7F	37	dialog
7102	PRG	TWN_CARA	EVTCARA	00A1A0	31	dialog
7103	PRG	TWN_CARA	EVTCARA	009B17	29	dialog
7104	PRG	TWN_CARA	EVTCARA	00A25E	35	dialog
7105	PRG	FLAGEDIT	FLAGEDIT	000877	15	ui
7106	PRG	FLAGEDIT	FLAGEDIT	000CF4	27	ui
7107	PRG	FLAGEDIT	FLAGEDIT	000CD3	33	ui
7108	PRG	MENUEN	MENUEN	005377	169	ui
7109	PRG	MENUEN	MENUEN	0056DD	159	ui
7110	PRG	MENUEN	MENUEN	0055C7	126	ui
7111	PRG	MENUEN	MENUEN	0054C1	113	ui
7112	PRG	FLAGEDIT	FLAGEDIT	000AEB	15	ui
7113	PRG	TWN_CARA	EVTCARA	00F98D	21	dialog
7114	MOVIE	EVT135	EVT135	004512	7	movie
7115	PRG	FLD_C8	FLD_T0	014614	23	dialog
7116	PRG	FLD_C8	FLD_T0	01467E	39	dialog
7117	MOVIE	EVT068_1	EVT068_1	0024AB	39	movie
7118	MOVIE	EVT060_2	EVT060_2	002299	25	movie
7119	MOVIE	EVT144	EVT144	004C52	27	movie
7120	PRG	TWN_ZOAH	EVTZOAH	032F93	39	dialog
7121	PRG	FLD_C8	FLD_T0	014770	17	dialog
7122	PRG	TWN_CARA	EVTCARA	00FA06	35	dialog
7123	PRG	FLD_C8	FLD_T0	013430	37	dialog
7124	PRG	FLD_C8	FLD_T0	012E06	23	dialog
7125	PRG	TWN_SEEK	EVTSEEK	01893A	35	dialog
7126	MENUBK	MENUBK	MENUBK	001867	158	ui
7127	PRG	TWN_CAMP	EVTCAMP	00F212	33	dialog
7128	PRG	TWN_SEEK	EVTSEEK	018987	39	dialog
7129	PRG	TWN_ZOAH	EVTZOAH	00F1FB	21	dialog
7130	PRG	TWN_CAMP	EVTCAMP	00F032	13	dialog
7131	PRG	FLD_B6	FLD_B6	00A248	27	dialog
7132	PRG	TWN_CAMP	EVTCAMP	00F0BA	37	dialog
7133	PRG	TWN_ZOAH	EVTZOAH	01AF15	33	dialog
7134	PRG	TWN_SEEK	EVTSEEK	0188D0	37	dialog
7135	MOVIE	EVT122_4	EVT122_4	003676	35	movie
7136	PRG	TWN_ZOAH	EVTZOAH	01C84C	35	dialog
7137	PRG	TWN_CAMP	EVTCAMP	00F6FA	35	dialog
7138	PRG	TWN_SEEK	EVTSEEK	017185	27	dialog
7139	PRG	TWN_SEEK	EVTSEEK	012265	23	dialog
7140	MOVIE	EVT160_1	EVT160_1	005377	39	movie
7141	MOVIE	EVT152	EVT152	004F6C	17	movie
7142	MOVIE	EVT122_4	EVT122_4	003536	31	movie
7143	PRG	TWN_ZOAH	EVTZOAH	032F15	23	dialog
7144	PRG	TWN_ZOAH	EVTZOAH	01B095	19	dialog
7145	PRG	FLD_C8	FLD_T0	012C3E	33	dialog
7146	MOVIE	EVT060_2	EVT060_2	002188	21	movie
7147	PRG	TWN_CAMP	EVTCAMP	00ED69	23	dialog
7148	MOVIE	EVT144	EVT144	004C47	11	movie
7149	PRG	FLD_C8	FLD_T0	0143BA	9	dialog
7150	PRG	TWN_CARA	EVTCARA	00F6DD	39	dialog
7151	COMMON	COMMON	ITEM	00BC3D	36	ui
7152	PRG	BTL_B5	BTL_B5	05236D	9	dialog
7153	PRG	TWN_CAMP	EVTCAMP	00E5EE	37	dialog
7154	PRG	TWN_ZOAH	EVTZOAH	03003A	27	dialog
7155	PRG	TWN_CARA	EVTCARA	016C0E	37	dialog
7156	PRG	TWN_SEEK	EVTSEEK	016867	35	dialog
7157	PRG	TWN_CARA	EVTCARA	017081	29	dialog
7158	PRG	BTL_C8_2	BTL_C82	04F157	15	dialog
7159	MENUBK	MENUBK	MENUBK	00172F	54	ui
7160	MOVIE	EVT043	EVT043	001D04	11	movie
7161	MENUBK	MENUBK	MENUBK	002AC8	7	ui
7162	PRG	FLD_A5	FLD_A5	00D642	37	dialog
7163	PRG	BTL_C2	BTL_C2	057BC3	39	dialog
7164	PRG	BTL_C2	BTL_C2	057C31	31	dialog
7165	PRG	BTL_C5_2	BTL_C52	04F931	17	dialog
7166	PRG	BTL_C5_2	BTL_C52	04FA13	15	dialog
7167	PRG	BTL_C5_2	BTL_C52	04F942	17	dialog
7168	PRG	BTL_C5_2	BTL_C52	04FA22	15	dialog
7169	MOVIE	EVT137	EVT137	004974	31	movie
7170	PRG	BTL_C5	BTL_C5	0520D5	25	dialog
7171	PRG	BTL_C5	BTL_C5	052058	27	dialog
7172	PRG	BTL_C2	BTL_C2	057BA6	29	dialog
7173	PRG	BTL_C5_2	BTL_C52	04F953	17	dialog
7174	PRG	BTL_C5_2	BTL_C52	04FA31	15	dialog
7175	PRG	BTL_C5_2	BTL_C52	04F964	17	dialog
7176	PRG	BTL_C5	BTL_C5	052101	31	dialog
7177	PRG	BTL_X0	BTL_X0	05E1E5	17	dialog
7178	MENUBK	MENUBK	MENUBK	006E15	184	ui
7179	MENUBK	MENUBK	MENUBK	006D80	149	ui
7180	PRG	BTL_T0	BTL_T0	054658	45	dialog
7181	PRG	TWN_SEEK	EVTSEEK	015CE3	33	dialog
7182	PRG	BTL_C8_2	BTL_C82	04F198	25	dialog
7183	MOVIE	EVT122_3	EVT122_3	0031FC	31	movie
7184	MENUBK	MENUBK	MENUBK	0026F3	11	ui
7185	MOVIE	EVT160_1	EVT160_1	00546C	21	movie
7186	MOVIE	EVT134_1	EVT134_1	003AC0	19	movie
7187	MOVIE	EVT000_1	EVT000_1	0000AF	37	movie
7188	PRG	TWN_ZOAH	EVTZOAH	02AE4B	37	dialog
7189	PRG	MENUEN	MENUEN	001E41	7	ui
7190	PRG	BTL_T0	BTL_T0	054F47	131	dialog
7191	PRG	TWN_CARA	EVTCARA	00A3A4	37	dialog
7192	PRG	TWN_ZOAH	EVTZOAH	03B276	29	dialog
7193	PRG	TWN_ZOAH	EVTZOAH	03EAEB	37	dialog
7194	PRG	TWN_CARA	EVTCARA	009F35	37	dialog
7195	PRG	TWN_CARA	EVTCARA	00657F	33	dialog
7196	PRG	TWN_CARA	EVTCARA	00A038	29	dialog
7197	PRG	TWN_ZOAH	EVTZOAH	028EFF	35	dialog
7198	PRG	TWN_CARA	EVTCARA	016988	39	dialog
7199	PRG	TWN_ZOAH	EVTZOAH	03E889	37	dialog
7200	PRG	TWN_ZOAH	EVTZOAH	02FAFF	25	dialog
7201	PRG	TWN_ZOAH	EVTZOAH	03E284	17	dialog
7202	PRG	TWN_ZOAH	EVTZOAH	01AE2F	39	dialog
7203	PRG	TWN_SEEK	EVTSEEK	016919	33	dialog
7204	MOVIE	EVT016_3	EVT016_3	0015A3	15	movie
7205	MOVIE	EVT160_1	EVT160_1	005334	35	movie
7206	PRG	BTL_C5	BTL_C5	0521F1	33	dialog
7207	PRG	FLD_C8	FLD_T0	01486C	37	dialog
7208	PRG	BTL_C5	BTL_C5	0522DB	29	dialog
7209	PRG	BTL_A7_2	BTL_A72	050F13	11	dialog
7210	PRG	MENUEN	MENUEN	001E33	7	ui
7211	PRG	BTL_T0	BTL_T0	053EF8	82	dialog
7212	PRG	TWN_ZOAH	EVTZOAH	02F8B1	29	dialog
7213	PRG	TWN_ZOAH	EVTZOAH	03E9D8	7	dialog
7214	PRG	TWN_ZOAH	EVTZOAH	02AC2C	15	dialog
7215	PRG	BTL_B6	BTL_B6	05B183	5	dialog
7216	PRG	TWN_CAMP	EVTCAMP	00DBE3	13	dialog
7217	PRG	BTL_D4	BTL_D4	04F451	9	dialog
7218	PRG	TWN_ZOAH	EVTZOAH	0237A3	27	dialog
7219	PRG	TWN_ZOAH	EVTZOAH	018844	23	dialog
7220	PRG	TWN_ZOAH	EVTZOAH	03388E	37	dialog
7221	MOVIE	EVT016_2	EVT016_2	00142C	17	movie
7222	MOVIE	EVT041	EVT041	001A45	25	movie
7223	MOVIE	EVT060_2	EVT060_2	002238	17	movie
7224	PRG	TWN_ZOAH	EVTZOAH	03EB12	31	dialog
7225	MOVIE	EVT008	EVT008	000F91	19	movie
7226	PRG	BTL_T0	BTL_T0	054CC8	82	dialog
7227	PRG	BTL_T0	BTL_T0	05540C	103	dialog
7228	PRG	BTL_C5	BTL_C5	0520BA	27	dialog
7229	PRG	TWN_CARA	EVTCARA	0137A6	39	dialog
7230	MOVIE	EVT000_2	EVT000_2	0002CA	33	movie
7231	MOVIE	EVT000_2	EVT000_2	00045F	21	movie
7232	MOVIE	EVT089	EVT089	002B77	27	movie
7233	PRG	FLD_C8	FLD_T0	013EAF	35	dialog
7234	PRG	TWN_CARA	EVTCARA	00655B	23	dialog
7235	MOVIE	EVT122_2	EVT122_2	002FB3	21	movie
7236	MENUBK	MENUBK	MENUBK	000518	184	ui
7237	MOVIE	EVT134_3	EVT134_3	0042ED	27	movie
7238	PRG	FLD_C8	FLD_T0	0145D2	33	dialog
7239	PRG	FLD_B6	FLD_B6	00A281	35	dialog
7240	MOVIE	EVT135	EVT135	0045D7	17	movie
7241	PRG	TWN_ZOAH	EVTZOAH	01AF43	37	dialog
7242	PRG	FLD_C8	FLD_T0	012DD7	35	dialog
7243	PRG	BTL_B6_2	BTL_B62	053CA3	23	dialog
7244	MENUBK	MENUBK	MENUBK	00345D	19	ui
7245	MENUBK	MENUBK	MENUBK	00368E	114	ui
7246	PRG	TWN_SEEK	EVTSEEK	018832	17	dialog
7247	PRG	MENUEN	MENUEN	009484	15	ui
7248	PRG	BTL_C8	BTL_C8	04E958	23	dialog
7249	PRG	BTL_C8_2	BTL_C82	04F1CA	25	dialog
7250	MOVIE	EVT040	EVT040	001829	31	movie
7251	PRG	BTL_A7_2	BTL_A72	050EC7	13	dialog
7252	PRG	BTL_C8_2	BTL_C82	04F1E3	31	dialog
7253	PRG	FLD_B6	FLD_B6	00ADEC	29	dialog
7254	PRG	FLD_B6	FLD_B6	00ADB4	29	dialog
7255	PRG	TWN_SEEK	EVTSEEK	00C074	21	dialog
7256	PRG	FLD_A3	FLD_A3	00921C	33	dialog
7257	COMMON	COMMON	ITEM	00B3B0	58	ui
7258	PRG	TWN_ZOAH	EVTZOAH	02B517	37	dialog
7259	PRG	TWN_CARA	EVTCARA	006506	31	dialog
7260	PRG	TWN_ZOAH	EVTZOAH	03E31B	21	dialog
7261	PRG	TWN_ZOAH	EVTZOAH	01E383	33	dialog
7262	PRG	TWN_ZOAH	EVTZOAH	02AE2E	29	dialog
7263	PRG	FLD_B6	FLD_B6	00A852	35	dialog
7264	PRG	TWN_SEEK	EVTSEEK	006781	27	dialog
7265	PRG	TWN_CARA	EVTCARA	00F543	31	dialog
7266	PRG	FLD_C8	FLD_T0	013232	31	dialog
7267	MOVIE	EVT000_3	EVT000_3	000769	13	movie
7268	PRG	FLD_C8	FLD_T0	0134B8	21	dialog
7269	PRG	TWN_SEEK	EVTSEEK	00E757	37	dialog
7270	PRG	TWN_SEEK	EVTSEEK	00BB6C	21	dialog
7271	MOVIE	EVT043	EVT043	001D37	19	movie
7272	PRG	FLD_C8	FLD_T0	013AFC	11	dialog
7273	PRG	FLD_B6	FLD_B6	009D7A	29	dialog
7274	PRG	TWN_SEEK	EVTSEEK	007389	27	dialog
7275	PRG	TWN_SEEK	EVTSEEK	015FFD	35	dialog
7276	PRG	TWN_CARA	EVTCARA	00CB01	31	dialog
7277	PRG	TWN_ZOAH	EVTZOAH	030095	39	dialog
7278	PRG	TWN_ZOAH	EVTZOAH	03741D	33	dialog
7279	PRG	TWN_ZOAH	EVTZOAH	01AE65	39	dialog
7280	PRG	TWN_CARA	EVTCARA	009F8C	35	dialog
7281	PRG	TWN_CAMP	EVTCAMP	00E6CC	35	dialog
7282	PRG	TWN_ZOAH	EVTZOAH	03B332	33	dialog
7283	PRG	TWN_ZOAH	EVTZOAH	02F91E	11	dialog
7284	PRG	TWN_ZOAH	EVTZOAH	030792	37	dialog
7285	COMMON	COMMON	ITEM	00BBA9	36	ui
7286	PRG	BTL_A3_2	BTL_A32	054E2B	9	dialog
7287	PRG	BTL_C5_2	BTL_C52	04FB44	21	dialog
7288	PRG	BTL_C5_2	BTL_C52	04FB88	25	dialog
7289	COMMON	COMMON	MENU	00D1EE	11	ui
7290	PRG	BTL_X0	BTL_X0	05E436	27	dialog
7291	PRG	BTL_A7_2	BTL_A72	050EFC	23	dialog
7292	COMMON	COMMON	MENU	00D1F9	5	ui
7293	COMMON	COMMON	ITEM	00AFA2	7	ui
7294	MOVIE	EVT060_2	EVT060_2	002249	25	movie
7295	PRG	TWN_ZOAH	EVTZOAH	0184C6	19	dialog
7296	MOVIE	EVT043	EVT043	001D0F	31	movie
7297	PRG	TWN_ZOAH	EVTZOAH	032F36	33	dialog
7298	MOVIE	EVT000_4	EVT000_4	00096C	11	movie
7299	MOVIE	EVT122_2	EVT122_2	002F2B	9	movie
7300	MOVIE	EVT068_1	EVT068_1	00250B	23	movie
7301	PRG	TWN_ZOAH	EVTZOAH	03B3CF	35	dialog
7302	PRG	TWN_ZOAH	EVTZOAH	029104	29	dialog
7303	PRG	TWN_CARA	EVTCARA	00687B	35	dialog
7304	PRG	FLD_B6	FLD_B6	00B05E	23	dialog
7305	PRG	BTL_A5_2	BTL_A52	05ABD1	37	dialog
7306	PRG	FLD_A5	FLD_A5	00D2E7	25	dialog
7307	PRG	TWN_SEEK	EVTSEEK	00C31B	25	dialog
7308	PRG	TWN_SEEK	EVTSEEK	00D639	21	dialog
7309	PRG	TWN_SEEK	EVTSEEK	009B12	21	dialog
7310	PRG	TWN_CAMP	EVTCAMP	00F49C	31	dialog
7311	PRG	TWN_CAMP	EVTCAMP	00F348	9	dialog
7312	MOVIE	EVT089	EVT089	002B92	21	movie
7313	PRG	TWN_SEEK	EVTSEEK	018077	13	dialog
7314	PRG	TWN_CARA	EVTCARA	012E55	33	dialog
7315	PRG	TWN_ZOAH	EVTZOAH	03B52E	31	dialog
7316	PRG	TWN_ZOAH	EVTZOAH	02FD75	19	dialog
7317	PRG	TWN_ZOAH	EVTZOAH	02F545	29	dialog
7318	PRG	TWN_ZOAH	EVTZOAH	0303CD	39	dialog
7319	PRG	TWN_ZOAH	EVTZOAH	02FBE2	37	dialog
7320	PRG	BTL_A5	BTL_A5	057C83	21	dialog
7321	PRG	TWN_ZOAH	EVTZOAH	02ACBA	29	dialog
7322	PRG	FLD_B5	FLD_B5	009D9E	19	dialog
7323	MOVIE	EVT041	EVT041	001A24	33	movie
7324	PRG	FLD_A3	FLD_A3	009158	29	dialog
7325	PRG	TWN_SEEK	EVTSEEK	00D433	27	dialog
7326	PRG	BTL_C5	BTL_C5	05214C	19	dialog
7327	COMMON	COMMON	MENU	00D41A	15	ui
7328	PRG	TWN_ZOAH	EVTZOAH	030739	35	dialog
7329	PRG	TWN_ZOAH	EVTZOAH	03E4D0	39	dialog
7330	PRG	TWN_ZOAH	EVTZOAH	03E57E	27	dialog
7331	PRG	TWN_ZOAH	EVTZOAH	032CB6	33	dialog
7332	PRG	BTL_C2	BTL_C2	057A8C	37	dialog
7333	PRG	TWN_ZOAH	EVTZOAH	0136AE	35	dialog
7334	MOVIE	EVT134_1	EVT134_1	003A2E	25	movie
7335	PRG	TWN_ZOAH	EVTZOAH	039A6A	17	dialog
7336	PRG	TWN_ZOAH	EVTZOAH	0132F8	23	dialog
7337	PRG	BTL_B2	BTL_B2	04FCCB	33	dialog
7338	MOVIE	EVT134_3	EVT134_3	004342	15	movie
7339	COMMON	COMMON	MENU	00D35A	21	ui
7340	PRG	TWN_ZOAH	EVTZOAH	0231F4	35	dialog
7341	PRG	TWN_ZOAH	EVTZOAH	0332A2	39	dialog
7342	PRG	TWN_ZOAH	EVTZOAH	02F5ED	35	dialog
7343	PRG	TWN_CAMP	EVTCAMP	00E83B	39	dialog
7344	MOVIE	EVT134_3	EVT134_3	00431B	39	movie
7345	PRG	BTL_A7_2	BTL_A72	050E8C	21	dialog
7346	PRG	BTL_T0	BTL_T0	05383C	31	dialog
7347	PRG	BTL_A7_2	BTL_A72	050E44	23	dialog
7348	PRG	TWN_ZOAH	EVTZOAH	00E79B	37	dialog
7349	MOVIE	EVT122_3	EVT122_3	003262	15	movie
7350	PRG	TWN_ZOAH	EVTZOAH	03E1E9	31	dialog
7351	PRG	TWN_SEEK	EVTSEEK	00BD1D	35	dialog
7352	PRG	TWN_ZOAH	EVTZOAH	0190AB	29	dialog
7353	PRG	TWN_ZOAH	EVTZOAH	03B60D	7	dialog
7354	MOVIE	EVT008	EVT008	000EA4	25	movie
7355	PRG	TWN_ZOAH	EVTZOAH	033387	25	dialog
7356	PRG	TWN_ZOAH	EVTZOAH	01E599	35	dialog
7357	PRG	TWN_ZOAH	EVTZOAH	01C0C9	35	dialog
7358	MOVIE	EVT134_1	EVT134_1	003B33	31	movie
7359	PRG	BTL_C8_2	BTL_C82	04F22E	39	dialog
7360	PRG	FLD_A7	FLD_A7	006C50	27	dialog
7361	PRG	FLD_C8	FLD_T0	014B2A	21	dialog
7362	PRG	BTL_A7_2	BTL_A72	050F1E	15	dialog
7363	PRG	TWN_ZOAH	EVTZOAH	01D2D7	35	dialog
7364	PRG	FLD_A5	FLD_A5	00D76A	23	dialog
7365	PRG	BTL_T0	BTL_T0	053F4A	113	dialog
7366	MOVIE	EVT000_5	EVT000_5	000C2B	19	movie
7367	PRG	FLD_C2	FLD_C2	00ADEC	7	dialog
7368	PRG	BTL_B5	BTL_B5	052354	13	dialog
7369	MOVIE	EVT000_3	EVT000_3	000806	9	movie
7370	MOVIE	EVT000_3	EVT000_3	00080F	13	movie
7371	PRG	TWN_CAMP	EVTCAMP	00C90C	27	dialog
7372	PRG	BTL_C5_2	BTL_C52	04F8C2	23	dialog
7373	PRG	TWN_CARA	EVTCARA	0041B5	39	dialog
7374	PRG	TWN_CAMP	EVTCAMP	00DB96	39	dialog
7375	PRG	TWN_CAMP	EVTCAMP	00DA59	39	dialog
7376	MENUBK	MENUBK	MENUBK	00451B	17	ui
7377	MENUBK	MENUBK	MENUBK	004F27	166	ui
7378	COMMON	COMMON	ITEM	00B74C	58	ui
7379	COMMON	COMMON	ITEM	00B6E0	54	ui
7380	COMMON	COMMON	ITEM	00B716	54	ui
7381	PRG	TWN_CARA	EVTCARA	017007	35	dialog
7382	MOVIE	EVT016_2	EVT016_2	0013F7	13	movie
7383	MENUBK	MENUBK	MENUBK	004C45	209	ui
7384	PRG	BTL_C2_2	BTL_C22	057224	11	dialog
7385	PRG	BTL_C5_2	BTL_C52	04FAC7	15	dialog
7386	PRG	BTL_C2	BTL_C2	0577F2	9	dialog
7387	PRG	TWN_ZOAH	EVTZOAH	02FFAC	23	dialog
7388	PRG	BTL_C8_2	BTL_C82	04F0C7	11	dialog
7389	PRG	BTL_C8_2	BTL_C82	04F166	17	dialog
7390	PRG	BTL_C2_2	BTL_C22	05715A	21	dialog
7391	PRG	FLD_B6	FLD_B6	00B12E	35	dialog
7392	MOVIE	EVT068_2	EVT068_2	002942	11	movie
7393	COMMON	COMMON	ITEM	00BDAF	36	ui
7394	COMMON	COMMON	ITEM	00BD65	36	ui
7395	PRG	BTL_D2_2	BTL_D22	0502B9	19	dialog
7396	PRG	BTL_B6_2	BTL_B62	053BA6	23	dialog
7397	COMMON	COMMON	ITEM	00AF78	21	ui
7398	MOVIE	EVT000_3	EVT000_3	000743	9	movie
7399	PRG	BTL_B5_3	BTL_B53	050D93	5	dialog
7400	PRG	BTL_B6	BTL_B6	05B1DD	5	dialog
7401	PRG	FLD_B6	FLD_B6	00AE57	37	dialog
7402	MOVIE	EVT016_2	EVT016_2	00128D	5	movie
7403	PRG	TWN_CAMP	EVTCAMP	00E32F	31	dialog
7404	PRG	MENUEN	MENUEN	001E04	9	ui
7405	PRG	TWN_ZOAH	EVTZOAH	01C0F9	21	dialog
7406	PRG	TWN_ZOAH	EVTZOAH	038724	31	dialog
7407	PRG	TWN_ZOAH	EVTZOAH	014F66	35	dialog
7408	PRG	TWN_ZOAH	EVTZOAH	014E09	37	dialog
7409	PRG	TWN_ZOAH	EVTZOAH	03765C	37	dialog
7410	PRG	TWN_ZOAH	EVTZOAH	0239B9	35	dialog
7411	PRG	TWN_EXCA	EVTEXCA	001293	35	dialog
7412	PRG	TWN_CAMP	EVTCAMP	00CCDF	37	dialog
7413	PRG	TWN_CARA	EVTCARA	016A0B	27	dialog
7414	PRG	TWN_CAMP	EVTCAMP	00CC1B	39	dialog
7415	PRG	TWN_EXCA	EVTEXCA	00122A	37	dialog
7416	PRG	TWN_CAMP	EVTCAMP	00DACC	39	dialog
7417	PRG	FLD_C8	FLD_T0	014532	21	dialog
7418	PRG	BTL_C2_2	BTL_C22	0570CA	39	dialog
7419	MOVIE	EVT134_3	EVT134_3	0041F9	27	movie
7420	PRG	TWN_ZOAH	EVTZOAH	02B027	9	dialog
7421	PRG	TWN_CAMP	EVTCAMP	00F40F	7	dialog
7422	PRG	TWN_ZOAH	EVTZOAH	018966	33	dialog
7423	PRG	BTL_B5	BTL_B5	052031	25	dialog
7424	PRG	TWN_ZOAH	EVTZOAH	02ADDF	27	dialog
7425	PRG	TWN_CARA	EVTCARA	0136FB	21	dialog
7426	PRG	FLD_A7	FLD_A7	006DD3	5	dialog
7427	PRG	TWN_ZOAH	EVTZOAH	023AF9	37	dialog
7428	PRG	TWN_ZOAH	EVTZOAH	039C4A	35	dialog
7429	PRG	TWN_ZOAH	EVTZOAH	023BD9	33	dialog
7430	PRG	TWN_CAMP	EVTCAMP	00DCD4	29	dialog
7431	PRG	TWN_ZOAH	EVTZOAH	032DB0	37	dialog
7432	MOVIE	EVT122_3	EVT122_3	00307D	19	movie
7433	PRG	TWN_ZOAH	EVTZOAH	03E9FC	37	dialog
7434	PRG	TWN_CAMP	EVTCAMP	00D470	33	dialog
7435	PRG	TWN_ZOAH	EVTZOAH	023BFA	33	dialog
7436	PRG	TWN_SEEK	EVTSEEK	0180EB	25	dialog
7437	PRG	TWN_CAMP	EVTCAMP	00D70B	27	dialog
7438	PRG	TWN_CARA	EVTCARA	01750B	25	dialog
7439	PRG	TWN_ZOAH	EVTZOAH	01ABD7	39	dialog
7440	PRG	TWN_CARA	EVTCARA	006A05	27	dialog
7441	PRG	FLD_C8	FLD_T0	014488	25	dialog
7442	MOVIE	EVT134_1	EVT134_1	003A76	19	movie
7443	MOVIE	EVT134_1	EVT134_1	003AA2	7	movie
7444	PRG	TWN_SEEK	EVTSEEK	015ED7	27	dialog
7445	PRG	TWN_SEEK	EVTSEEK	015F32	31	dialog
7446	PRG	TWN_CARA	EVTCARA	00A244	13	dialog
7447	PRG	MENUEN	MENUEN	0081C3	9	ui
7448	PRG	BTL_B5	BTL_B5	052130	19	dialog
7449	PRG	BTL_B5	BTL_B5	052108	19	dialog
7450	PRG	BTL_B5	BTL_B5	05226B	21	dialog
7451	PRG	BTL_B5	BTL_B5	052218	23	dialog
7452	PRG	BTL_B5	BTL_B5	052236	33	dialog
7453	PRG	BTL_B5	BTL_B5	0520D8	33	dialog
7454	PRG	BTL_B5	BTL_B5	0520B7	13	dialog
7455	PRG	TWN_SEEK	EVTSEEK	015C22	35	dialog
7456	MOVIE	EVT134_2	EVT134_2	003C9E	25	movie
7457	PRG	TWN_ZOAH	EVTZOAH	033774	39	dialog
7458	PRG	TWN_ZOAH	EVTZOAH	0228BD	23	dialog
7459	PRG	TWN_ZOAH	EVTZOAH	01331C	37	dialog
7460	PRG	TWN_ZOAH	EVTZOAH	0333C3	29	dialog
7461	PRG	BTL_A5	BTL_A5	057D12	3	dialog
7462	PRG	TWN_ZOAH	EVTZOAH	02AB83	19	dialog
7463	PRG	BTL_T0	BTL_T0	055029	67	dialog
7464	COMMON	COMMON	ITEM	00AE89	17	ui
7465	COMMON	COMMON	ITEM	00AEAD	19	ui
7466	MOVIE	EVT060_1	EVT060_1	002006	35	movie
7467	MOVIE	EVT060_1	EVT060_1	001FE2	11	movie
7468	COMMON	COMMON	ITEM	00AE68	33	ui
7469	PRG	FLAGEDIT	FLAGEDIT	0011BA	7	ui
7470	PRG	TWN_ZOAH	EVTZOAH	01929F	37	dialog
7471	PRG	FLD_B6	FLD_B6	00A01F	29	dialog
7472	PRG	TWN_ZOAH	EVTZOAH	00D8EA	37	dialog
7473	PRG	TWN_CARA	EVTCARA	00F88D	33	dialog
7474	PRG	TWN_ZOAH	EVTZOAH	0387E7	37	dialog
7475	PRG	TWN_ZOAH	EVTZOAH	013C3D	29	dialog
7476	PRG	TWN_ZOAH	EVTZOAH	01E007	23	dialog
7477	PRG	TWN_ZOAH	EVTZOAH	030495	35	dialog
7478	PRG	TWN_ZOAH	EVTZOAH	03032A	35	dialog
7479	PRG	TWN_ZOAH	EVTZOAH	013E0A	37	dialog
7480	PRG	TWN_ZOAH	EVTZOAH	032C91	37	dialog
7481	PRG	FLD_A3	FLD_A3	0093E8	19	dialog
7482	MOVIE	EVT117	EVT117	002E55	15	movie
7483	MOVIE	EVT135	EVT135	0045E8	27	movie
7484	PRG	FLD_D5	FLD_D5	002D37	11	dialog
7485	PRG	TWN_ZOAH	EVTZOAH	01ACFA	50	slot
7486	MOVIE	EVT029	EVT029	001724	23	movie
7487	MENUBK	MENUBK	MENUBK	002D4A	140	ui
7488	PRG	BTL_A5_2	BTL_A52	05AA2F	5	dialog
7489	PRG	BTL_A5_2	BTL_A52	05ABA8	41	dialog
7490	COMMON	COMMON	MENU	00D32C	7	ui
7491	PRG	BTL_T0	BTL_T0	054560	119	dialog
7492	PRG	BTL_T0	BTL_T0	0552B8	121	dialog
7493	COMMON	COMMON	ITEM	00ADD4	11	ui
7494	COMMON	COMMON	ITEM	00BF30	36	ui
7495	PRG	BTL_D5	BTL_D5	05AB93	7	dialog
7496	PRG	FLD_A7	FLD_A7	007CE2	131	dialog
7497	PRG	FLD_A7	FLD_A7	0072A8	111	dialog
7498	PRG	BTL_A5_2	BTL_A52	05AA00	9	dialog
7499	PRG	FLD_C8	FLD_T0	013111	31	dialog
7500	MENUBK	MENUBK	MENUBK	005918	122	ui
7501	PRG	BTL_C4	BTL_C4	0540A1	21	dialog
7502	PRG	BTL_C4	BTL_C4	0540B6	21	dialog
7503	PRG	BTL_C4	BTL_C4	0540CB	21	dialog
7504	PRG	TWN_ZOAH	EVTZOAH	01C267	35	dialog
7505	PRG	BTL_C5	BTL_C5	052227	39	dialog
7506	MOVIE	EVT008	EVT008	000FAB	15	movie
7507	PRG	TWN_CAMP	EVTCAMP	00E05A	33	dialog
7508	COMMON	COMMON	ITEM	00BB25	21	ui
7509	MOVIE	EVT016_2	EVT016_2	00134A	39	movie
7510	MENUBK	MENUBK	MENUBK	0071C0	11	ui
7511	MOVIE	EVT016_2	EVT016_2	00138A	29	movie
7512	MOVIE	EVT068_2	EVT068_2	002713	23	movie
7513	MOVIE	EVT008	EVT008	000FC1	9	movie
7514	MOVIE	EVT008	EVT008	000FBA	7	movie
7515	PRG	TWN_ZOAH	EVTZOAH	02FCE1	29	dialog
7516	PRG	TWN_ZOAH	EVTZOAH	02ABA7	21	dialog
7517	COMMON	COMMON	ITEM	00B655	37	ui
7518	PRG	BTL_D4	BTL_D4	04F49D	5	dialog
7519	COMMON	COMMON	ITEM	00A89E	48	ui
7520	PRG	BTL_B5_2	BTL_B52	058C29	5	dialog
7521	PRG	BTL_C8_2	BTL_C82	04F0D7	31	dialog
7522	PRG	BTL_C8_2	BTL_C82	04F0F6	31	dialog
7523	PRG	BTL_D5	BTL_D5	05AEC1	9	dialog
7524	PRG	BTL_D5	BTL_D5	05AE7A	21	dialog
7525	PRG	TWN_ZOAH	EVTZOAH	037776	25	dialog
7526	PRG	TWN_ZOAH	EVTZOAH	0374C9	21	dialog
7527	PRG	TWN_ZOAH	EVTZOAH	014D2A	17	dialog
7528	PRG	TWN_ZOAH	EVTZOAH	03743E	23	dialog
7529	PRG	TWN_ZOAH	EVTZOAH	014F31	39	dialog
7530	PRG	TWN_ZOAH	EVTZOAH	03E9DF	7	dialog
7531	COMMON	COMMON	MENU	00D3AE	17	ui
7532	COMMON	COMMON	MENU	00D429	15	ui
7533	PRG	TWN_CARA	EVTCARA	016E58	21	dialog
7534	PRG	BTL_B2	BTL_B2	04FDF5	35	dialog
7535	PRG	BTL_A5_2	BTL_A52	05AB87	33	dialog
7536	PRG	TWN_ZOAH	EVTZOAH	0336DB	27	dialog
7537	PRG	TWN_CAMP	EVTCAMP	00C74B	37	dialog
7538	MOVIE	EVT127_2	EVT127_2	0039E9	5	movie
7539	PRG	TWN_CAMP	EVTCAMP	00E27F	23	dialog
7540	PRG	BTL_A5_3	BTL_A53	04F909	21	dialog
7541	PRG	TWN_ZOAH	EVTZOAH	0335F4	27	dialog
7542	PRG	TWN_ZOAH	EVTZOAH	03366F	39	dialog
7543	COMMON	COMMON	ITEM	00A90E	44	ui
7544	PRG	FLD_A3	FLD_A3	009F58	11	dialog
7545	MENUBK	MENUBK	MENUBK	000774	207	ui
7546	PRG	BTL_C5_2	BTL_C52	04FBEC	19	dialog
7547	PRG	BTL_C5_2	BTL_C52	04FB77	17	dialog
7548	MOVIE	EVT068_1	EVT068_1	002461	9	movie
7549	PRG	TWN_CARA	EVTCARA	013CE1	29	dialog
7550	PRG	TWN_ZOAH	EVTZOAH	03E631	31	dialog
7551	COMMON	COMMON	ITEM	00B380	48	ui
7552	PRG	TWN_CAMP	EVTCAMP	00E40C	39	dialog
7553	COMMON	COMMON	ITEM	00AE36	50	ui
7554	PRG	BTL_B5	BTL_B5	05211B	21	dialog
7555	PRG	BTL_C5_2	BTL_C52	04F9EB	15	dialog
7556	PRG	BTL_C5_2	BTL_C52	04FA8A	15	dialog
7557	PRG	BTL_B5	BTL_B5	0521D7	25	dialog
7558	PRG	FLAGEDIT	FLAGEDIT	0012FE	27	ui
7559	PRG	TWN_CARA	EVTCARA	009646	15	dialog
7560	COMMON	COMMON	ITEM	00BCF6	36	ui
7561	COMMON	COMMON	ITEM	00BCAC	36	ui
7562	COMMON	COMMON	ITEM	00BC18	36	ui
7563	COMMON	COMMON	ITEM	00BD8A	36	ui
7564	PRG	BTL_C5_2	BTL_C52	04FA70	11	dialog
7565	PRG	BTL_T0	BTL_T0	05370E	5	dialog
7566	MOVIE	EVT000_2	EVT000_2	000302	25	movie
7567	PRG	TWN_ZOAH	EVTZOAH	023108	19	dialog
7568	PRG	TWN_ZOAH	EVTZOAH	023128	33	dialog
7569	PRG	TWN_EXCA	EVTEXCA	00125C	13	dialog
7570	PRG	TWN_CAMP	EVTCAMP	00CBFC	31	dialog
7571	PRG	TWN_CAMP	EVTCAMP	00D81F	33	dialog
7572	MOVIE	EVT008	EVT008	000EFA	39	movie
7573	PRG	TWN_SEEK	EVTSEEK	0087D3	19	dialog
7574	COMMON	COMMON	MENU	00D208	3	ui
7575	MOVIE	EVT000_2	EVT000_2	00033A	25	movie
7576	MOVIE	EVT000_2	EVT000_2	000383	19	movie
7577	COMMON	COMMON	MENU	00D20B	3	ui
7578	PRG	TITLE		000495	4	ui
7579	PRG	MENUEN	MENUEN	001E61	3	ui
7580	PRG	BTL_T0	BTL_T0	054AF0	13	dialog
7581	PRG	BTL_T0	BTL_T0	054A81	39	dialog
7582	PRG	BTL_T0	BTL_T0	0546AE	33	dialog
7583	PRG	BTL_T0	BTL_T0	0546F0	13	dialog
7584	PRG	BTL_T0	BTL_T0	0546CF	33	dialog
7585	PRG	BTL_T0	BTL_T0	054AC9	39	dialog
7586	PRG	BTL_T0	BTL_T0	054A66	27	dialog
7587	PRG	BTL_T0	BTL_T0	054AA8	33	dialog
7588	PRG	BTL_T0	BTL_T0	054685	41	dialog
7589	PRG	FLD_C8	FLD_T0	013B13	19	dialog
7590	PRG	FLD_B5	FLD_B5	009C2F	5	dialog
7591	PRG	FLD_C4	FLD_C4	048909	4	dialog
7592	PRG	FLD_C4	FLD_C4	048A1D	4	dialog
7593	PRG	FLD_A5	FLD_A5	0374E1	4	dialog
7594	PRG	FLD_A3	FLD_A3	008E55	3	dialog
1017	PRG	MENUEN	MENUEN	0028C0	7	dialog
95	PRG	TWN_EXCA	EVEEXPL	011214	163	narration
97	PRG	TWN_EXCA	EVEEXPL	011797	151	narration
227	PRG	TWN_RUIN	EVEEXPL	00B100	75	dialog
90	PRG	TWN_RUIN	EVEEXPL	00B2D6	315	narration
95	PRG	TWN_RUIN	EVEEXPL	00B4F0	163	narration
97	PRG	TWN_RUIN	EVEEXPL	00BA73	151	narration
7595	PRG	TWN_CARA	EVTCARA	00F0A0	17	dialog
7596	PRG	TWN_CARA	EVTCARA	0132FE	9	dialog
7597	PRG	TWN_SEEK	EVTSEEK	0086F8	7	dialog
7598	PRG	TWN_SEEK	EVTSEEK	00D77D	9	dialog
7599	PRG	FLD_A5	FLD_A5	00ED74	35	ui
7599	PRG	FLD_A5	FLD_A5	00F266	35	ui
7600	PRG	FLD_C8	FLD_T0	014CDF	8	ui
1291	PRG	BTL_A3	BTL_A3	053221	3	ui
7461	PRG	BTL_A5	BTL_A5	04F91F	3	ui
1207	COMMON	COMMON	MENU	00BFCA	7	ui
1207	COMMON	COMMON	MENU	00BFD5	7	ui
552	PRG	FLD_C2	FLD_C2	00AB19	21	dialog
107	PRG	TWN_ZOAH	EVTZOAH	036F85	21	dialog
7601	COMMON	COMMON	MENU	008A4E	9	ui
