id	kind	count	budget	chars	jp	ko
0	slot	234	11	5	話をやめる	
1	dialog	204	2	1	)	
2	slot	106	9	4	帝国の話	
3	slot	104	19	6	シーカーの話	
4	dialog	96	19	9	ジューバの店への道	
5	slot	96	29	6	ゾアの街の話	
6	dialog	94	7	3	やめる	
7	slot	73	19	6	ドラゴンの話	
8	dialog	70	2	1	る	
9	dialog	64	19	9	バイマンの家への道	
10	dialog	64	11	5	教会への道	
11	dialog	64	17	8	機械置き場への道	
12	dialog	64	11	5	通路への道	
13	slot	64	31	4	酒場の話	
14	slot	64	31	5	開放区の話	
15	dialog	54	9	4	レーザー	
16	slot	40	19	6	攻性生物の話	
17	slot	40	19	5	旧世紀の話	
18	narration	33	25	12	(扉は閉ざされている…)	
19	slot	33	25	5	アゼルの話	
20	dialog	33	5	2	反撃	
21	slot	32	31	7	「護り火」の話	
22	slot	32	29	9	『絶対の客人』の話	
23	slot	32	31	4	ウルの話	
24	slot	32	29	6	ガッシュの話	
25	slot	32	31	6	トビタマの話	
26	dialog	32	17	8	パエットの居場所	
27	slot	32	31	4	司祭の話	
28	slot	32	31	5	神聖区の話	
29	dialog	29	9	4	外に出る	
30	dialog	28	9	4	中に入る	
31	dialog	27	7	3	………	
32	dialog	27	27	13	ドラゴンのタイプをセレクト	
33	dialog	27	25	12	バーサークのリストを表示	
34	dialog	27	19	9	攻撃する敵がいない	
35	dialog	27	5	2	機銃	
36	dialog	26	14	9	<09>ア<04>イよタ。ミ<0C>やぬャ<0B>	
37	dialog	26	11	3	<09>ョ<04><!D5><14>イ<02><!92>ぬ<!E0>	
38	dialog	26	9	3	<0B><12>ら<01>る<01>？\n	
39	dialog	26	10	4	<0B>フ<!F6>ュぬ<!D1><15>ー<0B>	
40	dialog	26	19	9	すでに行なっている	
41	dialog	26	30	17	ゆ)？<08>セ<0E>ゆコチ<02>ぬらア<01><12>よア<02><12>ら<!84>ーチ<03><!92><0F>？<08>？	
42	dialog	26	25	19	ゆ)？<08>セ<0E>れ<0C>らェアアぬらアイ<12>よアウ<12>らュひ	
43	dialog	26	23	18	ゆ)？<08>セ<0E>れ<0C>らェアアぬらアイ<12>よアウュひ	
44	dialog	26	23	11	アイテムのリストを表示	
45	dialog	26	23	11	アイテムを持っていない	
46	dialog	26	11	5	エスケープ	
47	dialog	26	13	6	クチカラボム	
48	dialog	26	17	8	サンダーレーザー	
49	dialog	26	9	4	シールド	
50	dialog	26	11	5	スタンガン	
51	dialog	26	15	7	スタンレーザー	
52	dialog	26	9	4	スピード	
53	dialog	26	17	8	ドラゴンリキッド	
54	dialog	26	9	4	バリアー	
55	dialog	26	9	4	バルカン	
56	dialog	26	17	8	バーサクアンプル	
57	dialog	26	25	12	バーサークを覚えていない	
58	dialog	26	29	14	バーサークポイントが足りない	
59	dialog	26	27	13	バーサークポイントは最大値	
60	dialog	26	13	6	バーティカル	
61	dialog	26	21	10	パーツを持っていない	
62	dialog	26	23	11	ヒットポイントは最大値	
63	dialog	26	29	14	ホーミングレーザーによる攻撃	
64	dialog	26	13	6	ランナウェイ	
65	dialog	26	15	7	リカバーグラス	
66	dialog	26	17	8	リカバーレーザー	
67	dialog	26	12	7	ーらェ<!84>ーチ<03>？<08>？	
68	dialog	26	11	5	使用不可能	
69	dialog	26	33	16	移動以外のドラゴンの行動不能状態	
70	dialog	26	21	10	行動ゲージが足りない	
71	dialog	26	13	6	銃による攻撃	
72	dialog	26	17	8	銃のカスタマイズ	
73	dialog	26	7	3	？？？	
74	dialog	24	3	1	き	
75	dialog	21	4	1	<01> 	
76	dialog	20	2	1	…	
77	dialog	18	2	1	な	
78	slot	18	15	7	セストレンの話	
79	slot	18	7	3	塔の話	
80	dialog	17	7	3	LnKnDn	
81	dialog	17	189	90	エッジは、キャラバンとの住人との\n会話から「ゾア」と呼ばれる街の\n存在を知る。\n大きな街ならば、クレイメン艦隊に\n関する手がかりがつかめるかも\nしれない。\n \n(未完成・将来セリフ組み込み予定)\n	
82	dialog	17	23	11	売却可能な所持品を売る	
83	dialog	17	23	11	店で売っている物を買う	
84	dialog	17	31	15	店で売っている銃のパーツを買う	
85	dialog	17	25	12	手持ちの銃のパーツを売る	
86	dialog	17	21	10	購入／売却の切り替え	
87	dialog	16	206	99	キャラバンのリーダーに会ったエッジ。\nリーダーから、エッジが追っている帝国の\n艦隊(クレイメン艦隊)は禁止区域\n(ゲオルギウス)へと向かったのでは\nないかとの話を聞く。\n \n(未完成・将来デモイベント表示予定)\n	
88	slot	16	29	8	グリグオリグの話	
89	slot	16	29	6	ドローンの話	
90	dialog	16	315	152	酒場の主人から話を聞くエッジ。\nこの近くには「塔」と呼ばれる遣跡があり\nクレイメン艦隊はそこに向かったという。\nこの街に住んでいるパエットという男が、\n塔の事を詳しく知っているらしい。\nエッジは、その男が描いたという塔の総を\n手に入れる。そこには、ドラゴンが見せた\n幻と同じ光景があった。\n \n(未完成・将来操作可能予定)\n	
91	dialog	15	223	107	「護り火」の火種に触れたエッジの\n眼前に、メル=カヴァの幻が展開する。\nメル=カヴァとは、塔の上空を周回する\n巨大なバリア発生装置だった。\nこの幻から、エッジはメル=カヴァの\n場所を知る。\n \n(未完成・将来イベントで処理予定)\n	
92	dialog	15	307	148	エッジに帝国軍を撃退させたバイマンは\nその功によって次期司祭の座につく。\nバイマンは、明日になれば「遣産」を\n見せることができるとエッジに語る。\n一方、パエットは、正体不明の男から\n預った手紙をエッジに渡す。\nそれには、「今夜、空中船のある広場で\n待つ」とだけ記されていた。\n \n(未完成・将来イベントで処理予定)\n	
93	dialog	15	194	93	キャラバンを訪れたエッジの前に、\nガッシュの使いのシーカーが現れた。\n彼の話によると、ガッシュは\n「シーカーの里」と呼ばれる場所で\nエッジを待っているという。\n \n(未完成・将来セリフ組み込み予定)\n	
94	dialog	15	223	107	クレイメンが向かった遣跡「塔」の\n場所を知っているという男・パエット。\n彼は、塔の情報を教えるかわりに、\nゲオルギウスと呼ばれる場所から\n旧世紀の機械部品を取ってくるよう\nエッジに命じる。\n \n(未完成・将来イベントで処理予定)\n	
95	dialog	15	163	78	ゲオルギウスから取ってきた部品を\nパエットに見せるエッジ。\nしかし、パエットはそれに満足せず、\n再度ゲオルギウス行きを命じる。\n \n(未完成・将来イベントで処理予定)\n	
96	dialog	15	231	111	ゾアの街に帝国軍の使者が現れ、\n街は侵略の恐怖にさらされる。\n一方エッジは、パエットの父であり\n街の実力者であるバイマンという男の\n招待を受け、閉ざされた正規住民区画\n「神聖区」への通行証を得る。\n \n(未完成・将来イベントで処理予定)\n	
97	dialog	15	151	72	バイマンは、教会の聖堂の鍵を\nエッジに渡す。そこに、街の遣産である\n「『護り火』の火種」が安置されて\nいるという。\n \n(未完成・将来セリフ組み込み予定)\n	
98	dialog	15	159	76	パエットは、正体不明の男から預った\n手紙をエッジに渡す。\nそれには、「今夜、空中船のある広場で\n待つ」とだけ記されていた。\n \n(未完成・将来セリフ組み込み予定)\n	
99	dialog	15	254	122	再び戻ったエッジに、うってかわって\nなれなれしく接するパエット。\n彼は、エッジがドラゴン乗りである\nことを突き止めたのだ。\nすっかり協力的になったパエットは、\n水没した遣跡「ウル」の地下に\n塔への通路があるらしいと語る。\n \n(未完成・将来イベントで処理予定)\n	
100	dialog	15	13	6	取り引きする	
101	dialog	15	297	143	広場ではクレイメンが待っていたが、\nエッジを助けようとしたパエットの\n乱入によって会見は中断してしまい、\nクレイメンの真意は不明のままとなる。\n次の朝、バイマンは、教会の聖堂の鍵を\nエッジに渡す。そこに、街の遣産である\n「『護り火』の火種」が安置されて\nいるという。\n \n(未完成・ムービー等で処理予定)\n	
102	dialog	15	237	114	戦いに傷ついたシーカー達から、\nアゼルが姿を消したと聞かされるエッジ。\n「編み人」ザドクは、アゼルの行き先は\nウルの地下だと推測する。なぜなら、\nドラゴン同様、彼女もウルのプラントで\n創造されたからだ。\n \n(未完成・将来セリフ組み込み予定)\n	
103	dialog	15	9	4	話をする	
104	narration	14	33	16	(壁をくり抜いて棚を作ってある)	
105	slot	14	17	8	旧世紀の記録機械	
106	dialog	14	2	1	？	
107	narration	13	21	10	(道を聞いてみよう)	
108	dialog	13	21	10	これまでの記録をとる	
109	dialog	13	2	1	よ	
110	dialog	13	11	5	記録しない	
111	dialog	12	18	7	 <03>\nEつFねちい<03>	
112	dialog	12	22	9	 <03>\nょっぬほたてちい<03>	
113	dialog	12	38	17	 EつFねちい <03>\nGHEつIン！ちい<03>	
114	dialog	12	23	11	 GHEつIン！ちいき	
115	dialog	12	21	10	 す…A。Bヴせいき	
116	dialog	12	40	18	 ょっぬほたてちい <03>\nす…A。Bヴせい<03>	
117	narration	12	37	18	(あ、ドラゴンの体力が回復してる…)	
118	narration	12	27	13	(こいつは後回しにしよう)	
119	narration	12	25	12	(こんな効果もあるのか)	
120	narration	12	21	10	(なんだ…この力…)	
121	narration	12	21	10	(まったく違う！？)	
122	narration	12	29	14	(レーザーが弱いからかな…)	
123	narration	12	19	8	(今までの<01><01>とは)	
124	narration	12	17	8	(壊せない！？)	
125	narration	12	25	12	(旧世紀の記録機械だ…)	
126	dialog	12	76	37	おLMりやRふS』あTゾUNOVむゆ\nな？『。ぇWぬあPQ。XYね！なまいさ	
127	dialog	12	23	11	おおズせすせZ％ゲえき	
128	dialog	12	25	11	か<01><01>レぇぉぬほすておいき	
129	dialog	12	56	27	かおみ「ゲえトベー9ぜやJみんやレ\n K『？ほて！えおお	
130	dialog	12	37	18	かすヨひ「ななジあな？れジやゃゅ。お	
131	dialog	12	29	14	かゲすダC？れジDひ)せゲお	
132	dialog	12	66	32	こおLMやNOぼヘごノテ。3へや\n ぼヘオェカゥ9む)ヨほPQおお	
133	dialog	12	7	3	に設定	
134	slot	12	15	7	クレイメンの話	
135	dialog	12	27	13	ナビゲーターの目的地を選択	
136	dialog	12	25	12	ナビゲーター使用不能地域	
137	dialog	12	15	7	ナビゲータ解除	
138	dialog	12	25	12	ワールドマップに移動する	
139	dialog	12	13	6	探索を続ける	
140	dialog	12	18	6	現在の目的地<03><01><01><02><03>	
141	dialog	12	14	4	目的地を<03><01><01><02><03>	
142	dialog	12	17	8	目的地候補 なし	
143	dialog	12	17	8	目的地設定 なし	
144	dialog	12	17	8	目的地設定 解除	
145	ui	12	60	29	見なれない材質でできた板のかけら\n何かが封印されているらしい	
146	dialog	11	13	6	ゲオルギウス	
147	narration	10	23	11	(         )	
148	dialog	10	8	2	<09>\n<09>ソ…<15><02>	
149	dialog	9	16	7	<01>       	
150	slot	9	9	4	そうか…	
151	dialog	9	5	2	とげ	
152	dialog	9	17	8	ステータスクリア	
153	dialog	9	23	11	侵入物排除システム作動	
154	dialog	9	7	3	溶解液	
155	narration	8	35	17	(ずいぶん外れまでやってきたな…)	
156	narration	8	29	14	(旧世紀の機械が置いてある)	
157	dialog	8	4	1	<!DB>械	
158	dialog	8	4	1	<01>北	
159	dialog	8	2	1	」	
160	dialog	8	7	3	とげ嵐	
161	dialog	8	19	9	なんだ、ひやかしか	
162	ui	8	2	1	ね	
163	dialog	8	6	4	ゆむ？<08>？	
164	dialog	8	21	10	よう、調子はどうだ？	
165	dialog	8	6	3	サーよ	
166	dialog	8	11	5	ビクシオマ	
167	slot	8	29	6	マサーンの話	
168	dialog	8	11	5	夜まで待つ	
169	dialog	8	11	5	朝まで待つ	
170	dialog	8	7	3	毎度！	
171	slot	8	19	4	遣跡の話	
172	dialog	8	14	9	陛イヨセぬ？<18>？<08>？<08>？	
173	dialog	8	33	20	？ほ止セア？<09>？<01>モな索メ<08><17>ヲッユマ<01><17><17>ふーョムホ<01><17><03>	
174	narration	7	33	16	(お礼に何かあげた方がいいかな)	
175	narration	7	23	11	(きれいな飾り窓だ…)	
176	narration	7	21	10	(木製のテーブルだ)	
177	narration	7	23	11	(柱に棚がついている)	
178	dialog	7	5	2	え？	
179	dialog	7	17	8	レーザーストーム	
180	dialog	7	17	8	回避システム不良	
181	dialog	7	11	5	塔 最上層	
182	dialog	7	9	4	売らない	
183	dialog	7	13	6	対攻性生物弾	
184	dialog	7	9	4	瞬間移動	
185	dialog	7	9	4	集中砲火	
186	dialog	6	39	19	                   	
187	narration	6	23	11	(    ？    )	
188	narration	6	4	1	(<03>	
189	narration	6	24	10	(<03><01>●●●●●●●●●<03>	
190	narration	6	24	10	(<03><02>♪♪♪♪♪♪♪♪♪<03>	
191	narration	6	24	10	(<03><03>●●●●●●●●●<03>	
192	narration	6	29	14	(あの男はここの住人らしい)	
193	narration	6	23	11	(あれは水道管らしい)	
194	narration	6	39	19	(何か話してるけど…よく聞こえないな)	
195	narration	6	33	16	(旅の荷物をまとめてあるようだ)	
196	narration	6	21	10	(木箱が置いてある)	
197	narration	6	27	13	(森でとれた物だろうか？)	
198	narration	6	25	12	(水の流れる音がする…)	
199	narration	6	17	8	(簡素な寝床だ)	
200	narration	6	21	10	(荷物が置いてある)	
201	narration	6	33	16	(見なれない植物だ…食用らしい)	
202	narration	6	23	11	(門番のアブネルだ…)	
203	dialog	6	6	3	<09>ン<10>ュひ	
204	dialog	6	6	2	<16>れた	
205	slot	6	39	19	■                  	
206	dialog	6	20	9	●●●●●●●●●<03>	
207	dialog	6	5	2	ああ	
208	dialog	6	11	5	かじりつき	
209	dialog	6	9	4	しびれ液	
210	dialog	6	31	15	そのために、強い力を与えられ…	
211	draft	6	19	18	なななななななななななななななななな	
212	dialog	6	17	8	のコントロールを	
213	dialog	6	9	4	ふうん…	
214	slot	6	19	9	ガリル砂漠の越え方	
215	dialog	6	15	7	キャンプを出る	
216	dialog	6	35	17	ショック状態を解除する処置を行った	
217	dialog	6	33	16	ダイレクトアクセスに切りかえます	
218	dialog	6	17	8	ツァスタバターン	
219	dialog	6	33	16	副産物として、心を生じさせたのだ	
220	slot	6	11	5	塔 最下層	
221	dialog	6	39	19	彼女は、塔の制御を尋うために創造された	
222	dialog	6	13	6	現在閉鎖中…	
223	dialog	6	7	3	生体弾	
224	dialog	6	19	9	緊急非常事態発令！	
225	dialog	6	9	4	誘導爆雷	
226	dialog	6	23	11	間もなく目覚めるだろう	
227	dialog	6	75	36	隊長を発見するが深い傷を受けている。\n彼はエッジに地図を渡すと死に絶える。\n	
228	dialog	6	2	1	！	
229	narration	5	23	11	(   ？？？   )	
230	narration	5	23	11	(  ？？？  ？？)	
231	narration	5	23	11	( ？？？  ？？？)	
232	narration	5	11	5	(………)	
233	narration	5	23	11	(■■■■■■■■■)	
234	narration	5	39	19	(あいつは…アルドーという名だったな)	
235	narration	5	33	16	(あいつは…ベゼルとかいったな)	
236	narration	5	21	10	(つぼが置いてある)	
237	narration	5	35	17	(つぼの中の酒が光を放っている…)	
238	narration	5	37	18	(中身がすけるほど薄く削ってある…)	
239	narration	5	25	12	(乗用獣のクーリアだ…)	
240	narration	5	31	15	(儀にも慣れてきたみたいだな)	
241	narration	5	31	15	(大きなテーブルが出してある)	
242	narration	5	25	12	(大きな箱が置いてある)	
243	narration	5	19	9	(忙しそうだな…)	
244	narration	5	31	15	(攻性生物の殻で作った容器だ)	
245	narration	5	33	16	(透明な容器に酒が詰まっている)	
246	narration	5	37	18	(道具屋のバイカが仕事をしている…)	
247	narration	5	23	11	(？  ？？？  ？)	
248	narration	5	23	11	(？？  ？？？  )	
249	narration	5	23	11	(？？？  ？？？ )	
250	narration	5	23	11	(？？？？？？？？？)	
251	dialog	5	12	5	<!E0>14階 東	
252	dialog	5	22	9	<03><01>レーザーを発射せよ<03>	
253	dialog	5	20	8	<03>\nローター・パイル<03>	
254	dialog	5	4	1	<0C>…	
255	dialog	5	4	1	<0D>…	
256	dialog	5	4	1	<11>？	
257	dialog	5	19	9	いいって、いいって	
258	dialog	5	7	3	うん…	
259	dialog	5	21	10	そ、そんなことないさ	
260	dialog	5	7	3	そうだ	
261	dialog	5	8	5	ら)＋<08>＋<08>＋	
262	ui	5	84	40	アトルムドラゴンを倒した\n時に変化した姿。\n翼の内側に、目のような\n模様ができている。	
263	ui	5	96	46	ガリル砂漠で、ハイガを\n倒した時に変化した姿。\nこの時から、身体を自由に\n変形できるようになった。	
264	ui	5	86	41	ゲオルギウスで目覚めた\n巨大なドラゴンを倒した\n時に変化した姿。\n翼のしま模様が美しい。	
265	ui	5	127	58	セストレンで戦った。\nなぜ、<01><01>と\n同じ姿なんだ？ 旧世紀の\n意志を守る敵の、真の姿が\nこれだというのか？\nだとすれば、儀の\n<01><01>は…？	
266	dialog	5	9	4	ゾアの街	
267	ui	5	78	37	タム・バシレウスを倒した\n時に変化した姿。\n甲殻におおわれた部分が\n増えている。	
268	dialog	5	11	5	ヴェロクス	
269	dialog	5	9	4	体当たり	
270	dialog	5	33	16	何もわからないままでいたくないの	
271	dialog	5	17	8	回避システム作動	
272	dialog	5	31	15	塔に行くのは、今でも怖いけど…	
273	dialog	5	15	7	戦闘機ジンコウ	
274	ui	5	112	53	攻性生物に寄生された\nグリグオリグを倒した時に\n変化した姿。\n少しずつ、人の姿に\n近づいてきているような\n気がする。	
275	dialog	5	9	4	火炎噴射	
276	dialog	5	7	3	神経弾	
277	dialog	5	21	10	第2種警戒態勢発令！	
278	dialog	4	39	19	                  ロ	
279	dialog	4	39	19	                 ロー	
280	dialog	4	39	19	                ローリ	
281	dialog	4	39	19	               ローリン	
282	dialog	4	39	19	              ローリング	
283	dialog	4	39	19	             ローリングス	
284	dialog	4	39	19	            ローリングスタ	
285	dialog	4	39	19	           ローリングスター	
286	dialog	4	39	19	          ローリングスタート	
287	dialog	4	39	19	         ローリングスタート！	
288	dialog	4	39	19	        ローリングスタート！ 	
289	dialog	4	39	19	       ローリングスタート！  	
290	dialog	4	39	19	      ローリングスタート！   	
291	dialog	4	39	19	     ローリングスタート！    	
292	dialog	4	39	19	    ローリングスタート！     	
293	dialog	4	39	19	   ローリングスタート！      	
294	dialog	4	39	19	  ローリングスタート！       	
295	dialog	4	39	19	 ローリングスタート！        	
296	narration	4	23	11	(       ？ )	
297	narration	4	23	11	(      ？  )	
298	narration	4	23	11	(     ？   )	
299	narration	4	23	11	(    ■    )	
300	narration	4	23	11	(    ◆    )	
301	narration	4	23	11	(   ■■■   )	
302	narration	4	23	11	(   ◆◆◆   )	
303	narration	4	23	11	(   ？     )	
304	narration	4	23	11	(  ■■■■■  )	
305	narration	4	23	11	(  ◆◆◆◆◆  )	
306	narration	4	23	11	(  ？      )	
307	narration	4	23	11	( ■■■■■■■ )	
308	narration	4	23	11	( ◆◆◆◆◆◆◆ )	
309	narration	4	23	11	( ？       )	
310	narration	4	26	10	(<03><02>♪<03><01>♪♪♪♪♪♪♪♪<03>	
311	narration	4	26	10	(<03><02>♪♪<03><01>♪♪♪♪♪♪♪<03>	
312	narration	4	26	10	(<03><02>♪♪♪<03><01>♪♪♪♪♪♪<03>	
313	narration	4	26	10	(<03><02>♪♪♪♪<03><01>♪♪♪♪♪<03>	
314	narration	4	26	10	(<03><02>♪♪♪♪♪<03><01>♪♪♪♪<03>	
315	narration	4	26	10	(<03><02>♪♪♪♪♪♪<03><01>♪♪♪<03>	
316	narration	4	26	10	(<03><02>♪♪♪♪♪♪♪<03><01>♪♪<03>	
317	narration	4	26	10	(<03><02>♪♪♪♪♪♪♪♪<03><01>♪<03>	
318	narration	4	24	10	(<03><05>●●●●●●●●●<03>	
319	narration	4	26	10	(<03><07>♪<03><02>♪♪♪♪♪♪♪♪<03>	
320	narration	4	26	10	(<03><07>♪♪<03><02>♪♪♪♪♪♪♪<03>	
321	narration	4	26	10	(<03><07>♪♪♪<03><02>♪♪♪♪♪♪<03>	
322	narration	4	26	10	(<03><07>♪♪♪♪<03><02>♪♪♪♪♪<03>	
323	narration	4	26	10	(<03><07>♪♪♪♪♪<03><02>♪♪♪♪<03>	
324	narration	4	26	10	(<03><07>♪♪♪♪♪♪<03><02>♪♪♪<03>	
325	narration	4	26	10	(<03><07>♪♪♪♪♪♪♪<03><02>♪♪<03>	
326	narration	4	26	10	(<03><07>♪♪♪♪♪♪♪♪<03><02>♪<03>	
327	narration	4	24	10	(<03><07>♪♪♪♪♪♪♪♪♪<03>	
328	narration	4	24	10	(<03>\n●●●●●●●●●<03>	
329	narration	4	23	11	(◆◆◆◆◆◆◆◆◆)	
330	narration	4	35	17	(あとで、道でも聞いてみようかな)	
331	narration	4	35	17	(あの人、ヤエルという名だったな)	
332	narration	4	33	16	(あの男は…キトールといったな)	
333	narration	4	37	18	(ここでの肩書きは「調整士」らしい)	
334	narration	4	29	14	(ごく簡単なつくりのイスだ)	
335	narration	4	27	13	(つぼにはふたがしてある)	
336	narration	4	21	10	(よく寝ているな…)	
337	narration	4	25	12	(クーリアが眠っている)	
338	narration	4	39	19	(ゾアで道具屋をやっていたヤレドだ…)	
339	narration	4	23	11	(丈夫そうな木箱だ…)	
340	narration	4	31	15	(中身は取り出してあるらしい)	
341	narration	4	27	13	(儀を警戒してるのかな…)	
342	narration	4	21	10	(元気そうな子供だ)	
343	narration	4	25	12	(大きな木が生えている)	
344	narration	4	27	13	(小さなイスが置いてある)	
345	narration	4	31	15	(攻性生物の殻を彫った飾りだ)	
346	narration	4	35	17	(攻性生物の透明な羽で作ってある)	
347	narration	4	27	13	(旅の荷物がまとめてある)	
348	narration	4	21	10	(旧世紀の発掘物だ)	
349	narration	4	37	18	(木が育つほど土が肥えているのか…)	
350	narration	4	27	13	(熱心に本を読んでいる…)	
351	narration	4	27	13	(発掘品の加工をしている)	
352	narration	4	29	14	(発掘品の加工をしている…)	
353	narration	4	33	16	(警戒はしなくなったみたいだ…)	
354	narration	4	29	14	(門番が見張りをしている…)	
355	narration	4	21	10	(門番のシフレだ…)	
356	narration	4	21	10	(食料が蓄えてある)	
357	narration	4	27	13	(餌を食べるのをやめた…)	
358	narration	4	23	11	(？        )	
359	narration	4	23	11	(？？？   ？？？)	
360	dialog	4	24	21	<02><01>エ」。なカむキむク…はるツむはるツむはるツ	
361	dialog	4	36	16	<03><01>タイプセレクトアイコンを選択せよ<03>	
362	dialog	4	7	2	<09>\n<07>み術	
363	dialog	4	4	1	<0E>だ	
364	dialog	4	39	17	<1E><16><1A><01>(ずいぶん外れまでやってきたな…)	
365	dialog	4	4	2	…)	
366	slot	4	41	19	…■                 	
367	dialog	4	5	2	…？	
368	dialog	4	29	14	これ以上はかんべんしてくれよ	
369	dialog	4	9	4	という。	
370	dialog	4	11	5	どうして？	
371	dialog	4	7	3	ねらえ	
372	ui	4	9	4	はじめに	
373	ui	4	17	8	まだ覚えていない	
374	dialog	4	5	2	やれ	
375	dialog	4	2	1	れ	
376	dialog	4	17	8	アトルムドラゴン	
377	dialog	4	9	4	ギリィク	
378	dialog	4	39	19	グスタート！             	
379	dialog	4	23	11	グレイスリングをあげる	
380	dialog	4	2	1	コ	
381	dialog	4	21	10	ザアルナッツをあげる	
382	dialog	4	9	4	シャプリ	
383	dialog	4	21	10	ジェムレンズをあげる	
384	dialog	4	39	19	スタート！              	
385	dialog	4	39	19	タート！               	
386	dialog	4	7	3	トゥプ	
387	dialog	4	39	19	ト！                 	
388	dialog	4	13	6	メル=カヴァ	
389	dialog	4	5	2	ヤリ	
390	dialog	4	39	19	リングスタート！           	
391	dialog	4	11	5	レイガスト	
392	dialog	4	39	19	ローリングスタート！         	
393	dialog	4	39	19	ングスタート！            	
394	dialog	4	39	19	ート！                	
395	dialog	4	39	19	ーリングスタート！          	
396	dialog	4	5	2	了解	
397	dialog	4	25	12	何かの役に立つかもしれん	
398	dialog	4	27	13	俺の読む本がなくなっちまう	
399	dialog	4	9	4	光子環波	
400	dialog	4	3	1	塔	
401	dialog	4	5	2	変光	
402	dialog	4	7	3	大アゴ	
403	dialog	4	17	8	対攻性生物弾・改	
404	dialog	4	35	17	少し前まで、たくさん人がいたのに…	
405	dialog	4	9	4	払わない	
406	dialog	4	17	8	持って行きなさい	
407	dialog	4	5	2	点火	
408	dialog	4	9	4	無視する	
409	dialog	4	11	5	生体弾噴射	
410	dialog	4	14	6	砂漠<05>蒼き遣跡	
411	dialog	4	7	3	神聖区	
412	dialog	4	15	7	誘導爆雷艦カラ	
413	dialog	4	39	19	！                  	
414	narration	3	39	19	(あの子は…確か、エンカクといったな)	
415	narration	3	15	7	(この匂い…)	
416	narration	3	15	7	(この本は…)	
417	narration	3	33	16	(しまった、持ち合わせがない…)	
418	narration	3	21	10	(すごい量の本だ…)	
419	narration	3	33	16	(ずいぶん物を残していったな…)	
420	narration	3	29	14	(たき木に布をかぶせてある)	
421	narration	3	39	19	(キャラバンの長のアンユウという男だ)	
422	narration	3	31	15	(キャラバンの長のハンターだ)	
423	narration	3	39	19	(クーリアが身体を洗ってもらっている)	
424	narration	3	29	14	(クーリアに引かせる荷車だ)	
425	narration	3	35	17	(ザアルの実か…辺境では貴重品だ)	
426	narration	3	35	17	(シーカーが独自に作った物らしい)	
427	narration	3	29	14	(パエット…無事だったのか)	
428	narration	3	37	18	(中身を取り出すための上げぶたか…)	
429	narration	3	29	14	(何かの材料にするのかな…)	
430	narration	3	31	15	(何か手仕事をしているようだ)	
431	narration	3	33	16	(儀の持ち物に目をとめたようだ)	
432	narration	3	21	10	(塔に関する記録だ)	
433	narration	3	27	13	(変わった形のランプだな)	
434	narration	3	19	9	(大きな布の袋だ)	
435	narration	3	35	17	(大きな箱だ…中身は旅の荷物かな)	
436	narration	3	31	15	(太った男がぶらついている…)	
437	narration	3	27	13	(妙に身なりのいい奴だ…)	
438	narration	3	29	14	(床に上げぶたがついている)	
439	narration	3	33	16	(攻性生物の内臓が保存してある)	
440	narration	3	33	16	(攻性生物の内臓の防腐液潰けだ)	
441	narration	3	39	19	(攻性生物の透明な羽でできた飾り窓だ)	
442	narration	3	33	16	(攻性生物をバラすための道具だ)	
443	narration	3	39	19	(敷布の染め方はシーカー独特のものだ)	
444	narration	3	33	16	(旅の荷物がまとめてあるけど…)	
445	narration	3	35	17	(旅の荷物を入れる袋が置いてある)	
446	narration	3	27	13	(昼間は仕事がないらしい)	
447	narration	3	31	15	(木の実がたくさん干してある)	
448	narration	3	31	15	(本棚だ…立派な本ばかりだな)	
449	narration	3	33	16	(棚の上にランプが置いてある…)	
450	narration	3	29	14	(植物の油を使ったランプだ)	
451	narration	3	31	15	(発光酒を飲んだ…すごい味だ)	
452	narration	3	29	14	(発掘品が入っているらしい)	
453	narration	3	37	18	(確か、この下には醸造機があったな)	
454	narration	3	27	13	(穀物が入っているらしい)	
455	narration	3	19	9	(若い女の人だ…)	
456	narration	3	21	10	(荷車が止めてある)	
457	narration	3	35	17	(道具屋のヤレドだ…忙しそうだな)	
458	narration	3	21	10	(香木が立ててある)	
459	narration	3	9	4	(！！)	
460	narration	3	23	11	(！！！！！！！！！)	
461	narration	3	23	11	(？ ？ ？ ？ ？)	
462	dialog	3	11	5	2000Dn	
463	dialog	3	11	5	20Dn払う	
464	dialog	3	6	2	<!86>ート	
465	dialog	3	4	1	<!9C>な	
466	dialog	3	16	6	<03><01>銃を発射せよ<03>	
467	dialog	3	23	9	<03>\n   ■<05>1<05>■   	
468	dialog	3	23	9	<03>\n  ■■<05>2<05>■■  	
469	dialog	3	23	9	<03>\n ■■■<05>3<05>■■■ 	
470	dialog	3	14	5	<03>\n2番ゲート<03>	
471	dialog	3	14	5	<03>\n3番ゲート<03>	
472	dialog	3	4	1	<0D>ぜ	
473	dialog	3	6	2	<16>え方	
474	dialog	3	6	2	<17>いぜ	
475	dialog	3	4	1	<1B>ぜ	
476	dialog	3	8	3	<1E>いる)	
477	dialog	3	33	16	…お話なら、母に聞いてください…	
478	dialog	3	29	20	※※※※※※※※、ャアスーわスらもア。＋	
479	dialog	3	11	5	あ…ごめん	
480	dialog	3	19	9	あ、ああ…うまいよ	
481	dialog	3	13	6	ありがとう…	
482	dialog	3	21	10	ありがとうございます	
483	dialog	3	9	4	いくぞ！	
484	dialog	3	7	3	え…？	
485	dialog	3	7	3	ええ…	
486	dialog	3	37	18	おまえらがへたばると、俺も困るんでな	
487	dialog	3	27	13	お宝は死んでも手放さねえよ	
488	dialog	3	35	17	こいつをとっときな、ハンターさんよ	
489	dialog	3	29	14	すいません、仕事があるので…	
490	dialog	3	27	13	そうだ、こいつをとっときな	
491	dialog	3	9	4	そして…	
492	dialog	3	11	5	それだけだ	
493	dialog	3	35	17	それは、ウルの秘められた場所にある	
494	dialog	3	35	17	でも、こんな物どこに持ってたんだ？	
495	dialog	3	17	8	どういう意味だ？	
496	dialog	3	4	2	な)	
497	dialog	3	9	4	なぜだ？	
498	dialog	3	9	4	にあるわ	
499	dialog	3	15	7	のキーコードを	
500	dialog	3	23	11	のロックを解除します…	
501	dialog	3	7	3	へえ…	
502	dialog	3	7	3	へへ…	
503	dialog	3	35	17	ほう…私の蔵書に興味があるのかね？	
504	dialog	3	35	17	まさに、宝の持ちぐされってやつだな	
505	dialog	3	37	18	まだ、こんな土地が残ってたんですね…	
506	dialog	3	29	14	よかったら、持って行きたまえ	
507	dialog	3	2	1	ろ	
508	slot	3	3	1	を	
509	dialog	3	7	3	アクレ	
510	dialog	3	13	6	ウル 北奥部	
511	ui	3	29	14	ウルの地下遣跡の封印を解く鍵	
512	dialog	3	13	6	オアシスの話	
513	dialog	3	17	8	キャラバンを出る	
514	dialog	3	15	7	キャンプに行く	
515	ui	3	105	49	ゲオルギウスで戦ったと\nいうドラゴンも、これと\n似た姿をしていたらしい。\nこれが<01><01>の\n本当の姿なのだろうか。	
516	ui	3	11	5	ゲートの鍵	
517	dialog	3	13	6	ザムクレート	
518	dialog	3	13	6	シーカーの里	
519	dialog	3	19	9	シーカーの里に行く	
520	dialog	3	14	9	セ<0F>ゆハマ<0C>よコソ<10>タ<13>ー	
521	dialog	3	23	11	セストレン・エクスシス	
522	dialog	3	9	4	セチュラ	
523	dialog	3	9	4	ゾアの森	
524	dialog	3	17	8	タム・バシレウス	
525	dialog	3	11	5	タム・プロ	
526	dialog	3	6	3	チ内部	
527	dialog	3	19	9	トビタマイシを売る	
528	ui	3	37	18	ドラゴン乗りの少年が書いたという日記	
529	dialog	3	17	8	ドームへのゲート	
530	ui	3	11	5	フローター	
531	dialog	3	7	3	ベモス	
532	dialog	3	2	1	ム	
533	dialog	3	9	4	メラコラ	
534	dialog	3	31	15	メル=カヴァの資料なんだけど…	
535	dialog	3	17	8	メル=カヴァ内部	
536	dialog	3	9	4	ヤリ乱射	
537	slot	3	25	9	ワームの抜け穴の話	
538	dialog	3	11	5	ヴェロキタ	
539	dialog	3	7	3	串刺し	
540	dialog	3	39	19	今となっては、あんな街でもなつかしいよ	
541	dialog	3	15	7	入力して下さい	
542	dialog	3	39	19	君とドラゴンがいる以上、もはや無用だな	
543	dialog	3	5	2	回復	
544	slot	3	25	6	地下遣跡の話	
545	slot	3	15	7	塔 上部格納層	
546	slot	3	15	7	塔 下部格納層	
547	slot	3	11	5	塔 中間層	
548	dialog	3	35	17	外が、こんなに物騒だったとはなあ…	
549	dialog	3	37	18	外界との交渉に備えて集めた資料だが…	
550	dialog	3	7	3	寄生虫	
551	dialog	3	15	7	帝国軍空中艦隊	
552	dialog	3	21	10	帝国軍空中艦隊駐屯地	
553	dialog	3	31	15	引き続き第1種警戒態勢を維持！	
554	dialog	3	33	16	彼女にとって、唯一戻るべき生地…	
555	dialog	3	39	19	旦那がこのまま戻らなかったら、やばいぜ	
556	ui	3	135	63	最後に戦った相手だ。\nそのおぞましい姿の中には\n確かに、ドラゴンの収まる\n座がある。\n儀の<01><01>が\nいるべき本当の場所は、\nあそこなのだろうか。	
557	dialog	3	29	14	本当か？ なんか苦しそうだぜ	
558	dialog	3	33	16	根性あるじゃねえか、気に入ったぜ	
559	dialog	3	9	4	横列反射	
560	dialog	3	7	3	消化液	
561	dialog	3	17	8	火炎噴射艇アナラ	
562	dialog	3	5	2	爆撃	
563	dialog	3	5	2	爆発	
564	dialog	3	7	3	発掘所	
565	dialog	3	5	2	矢骨	
566	dialog	3	16	7	砂漠<05>ワーム地帯	
567	dialog	3	18	8	砂漠<05>碧のオアシス	
568	dialog	3	7	3	碧の玉	
569	dialog	3	13	6	神聖区に行く	
570	dialog	3	39	19	神聖区のお偉い連中が隠してると思うんだ	
571	dialog	3	9	4	禁止区域	
572	dialog	3	17	8	空中戦艦ヴァルナ	
573	dialog	3	11	5	笑いかける	
574	dialog	3	9	4	縦列反射	
575	dialog	3	31	15	荷物、なくしたんじゃないのか？	
576	dialog	3	5	2	落盤	
577	dialog	3	9	4	街を出る	
578	dialog	3	27	13	話なら、注文してからにしな	
579	dialog	3	13	6	謎の遣跡 1	
580	dialog	3	13	6	謎の遣跡 2	
581	dialog	3	9	4	買わない	
582	dialog	3	13	6	通路への入□	
583	dialog	3	17	8	通路遣跡への入□	
584	dialog	3	13	6	里の外に出る	
585	dialog	3	33	16	金がねえなら、来るんじゃねえよ！	
586	dialog	3	15	7	金はいらねえよ	
587	dialog	3	13	6	開放します…	
588	dialog	3	13	6	開放区に行く	
589	movie	3	7	3	隊長！	
590	dialog	3	5	2	離散	
591	dialog	3	9	4	黒い遣跡	
592	dialog	2	42	19	                  <03><01>記<03>	
593	dialog	2	42	19	                 <03><01>記録<03>	
594	dialog	2	40	18	                <03><01>記録<03>	
595	dialog	2	22	9	       <03><01>記録<03>	
596	dialog	2	20	8	      <03><01>記録<03>	
597	dialog	2	18	7	     <03><01>記録<03>	
598	dialog	2	16	6	    <03><01>記録<03>	
599	dialog	2	95	45	    防御力上昇\n      ↑\n攻撃力上昇← →心技力上昇\n      ↓\n    機動力上昇	
600	dialog	2	14	5	   <03><01>記録<03>	
601	dialog	2	12	4	  <03><01>記録<03>	
602	dialog	2	10	3	 <03><01>記録<03>	
603	narration	2	23	11	(        ？)	
604	narration	2	23	11	(   ！！！   )	
605	narration	2	23	11	(  ？？？？？  )	
606	narration	2	23	11	( ？ ？ ？ ？ )	
607	narration	2	23	11	( ？？？？？？？ )	
608	narration	2	15	6	(<01><01>がいる…)	
609	narration	2	24	10	(<03><01>★★★★★★★★★<03>	
610	narration	2	24	10	(<03><01>♪♪♪♪♪♪♪♪♪<03>	
611	narration	2	24	10	(<03><03>♪♪♪♪♪♪♪♪♪<03>	
612	narration	2	24	10	(<03><04>♪♪♪♪♪♪♪♪♪<03>	
613	narration	2	24	10	(<03><05>★★★★★★★★★<03>	
614	narration	2	24	10	(<03>\n★★★★★★★★★<03>	
615	narration	2	39	19	(…ダメだ、ロックされてて動かせない)	
616	narration	2	25	12	(「編み人」のザドクだ)	
617	narration	2	29	14	(あちこち改造してあるな…)	
618	narration	2	33	16	(あのつぼはとくに大きいけど…)	
619	narration	2	29	14	(あのつぼはとくに大きいな)	
620	narration	2	29	14	(あのつぼは薬品入りらしい)	
621	narration	2	29	14	(あの光の粒子のせいか！！)	
622	narration	2	27	13	(あの男はハンターらしい)	
623	narration	2	37	18	(あの男はボアズという名だったな…)	
624	narration	2	29	14	(あれは、門番のシフレだ…)	
625	narration	2	27	13	(あれも売り物なのかな…)	
626	narration	2	29	14	(あんな所に扉がついている)	
627	narration	2	37	18	(いいたき木だ…森の近くだからかな)	
628	narration	2	39	19	(きれいな水が入っている…飲み水だな)	
629	narration	2	29	14	(きれいな細工のランプだ…)	
630	narration	2	27	13	(くっ、吹き飛ばされた…)	
631	narration	2	27	13	(ここからは出られないな)	
632	narration	2	31	15	(ここで酒を作っているのか…)	
633	narration	2	39	19	(この壁の裏には水道管があるからな…)	
634	narration	2	35	17	(この家の住人でもなさそうだが…)	
635	narration	2	29	14	(この店の主人の部屋らしい)	
636	narration	2	35	17	(この本棚は、古びた本が多いな…)	
637	narration	2	33	16	(これじゃ、2階には行けないな)	
638	narration	2	35	17	(これはあまり手を加えてないな…)	
639	narration	2	39	19	(これも、シーカーの研究材料なのか…)	
640	narration	2	35	17	(こんなもの、一体どうするんだ？)	
641	narration	2	25	12	(さすがに量が多いな…)	
642	narration	2	29	14	(しかし、よく飽きないな…)	
643	narration	2	35	17	(しかも、全部手書きの写本らしい)	
644	narration	2	29	14	(しまった、引き離された！)	
645	narration	2	29	14	(すっかり元気になったな…)	
646	narration	2	31	15	(ずいぶんため込んであるな…)	
647	narration	2	35	17	(ずいぶん昔に作られたものらしい)	
648	narration	2	27	13	(たき木が立てかけてある)	
649	narration	2	39	19	(つぼには穀物や水が入っているようだ)	
650	narration	2	37	18	(つらかったんだろうな、アゼルも…)	
651	narration	2	27	13	(でも、壊れやすそうだな)	
652	narration	2	27	13	(どうやって使うのかな？)	
653	narration	2	31	15	(どうやら今は入れないらしい)	
654	narration	2	31	15	(なんとなく元気がないようだ)	
655	narration	2	29	14	(ほとんどが保存食のようだ)	
656	narration	2	23	11	(もう何も残ってない)	
657	narration	2	25	12	(もう何も残ってない…)	
658	narration	2	29	14	(もっと近よって見てみよう)	
659	narration	2	33	16	(よかった…元気になったらしい)	
660	narration	2	27	13	(よく燃えそうなたき木だ)	
661	narration	2	35	17	(よく見ると、手を加えた跡がある)	
662	narration	2	29	14	(アゼルは気を失ったままだ)	
663	narration	2	19	9	(エレベータだ！)	
664	narration	2	27	13	(ダメだ、何も残ってない)	
665	narration	2	25	12	(テーブルが置いてある)	
666	narration	2	33	16	(ハンターがよく使う組みひもだ)	
667	narration	2	23	11	(パエットの空中船だ)	
668	narration	2	27	13	(パエットの空中船だ…！)	
669	narration	2	37	18	(パエットは、発掘品を加工している)	
670	narration	2	27	13	(ランプが床に置いてある)	
671	narration	2	23	11	(中身はからっぽだ…)	
672	narration	2	27	13	(中身も他と違うのかな？)	
673	narration	2	17	8	(他に方法は…)	
674	narration	2	31	15	(何のために作られたのかな？)	
675	narration	2	33	16	(何の用でここに来たんだろう？)	
676	narration	2	31	15	(儀を待ってくれてるみたいだ)	
677	narration	2	31	15	(入□がふさがれてるみたいだ)	
678	narration	2	39	19	(出入□を守るように飾りが置いてある)	
679	narration	2	25	12	(司祭の孫のベゼルだ…)	
680	narration	2	21	10	(喜んでるみたいだ)	
681	narration	2	23	11	(喜んでるみたいだ…)	
682	narration	2	31	15	(地面に実がこぼれ落ちている)	
683	narration	2	25	12	(壁に道具がかけてある)	
684	narration	2	23	11	(大がかりな風車だな)	
685	narration	2	25	12	(大きな机が置いてある)	
686	narration	2	35	17	(大きな道具箱に布をかぶせてある)	
687	narration	2	29	14	(大きな醸造機が置いてある)	
688	narration	2	27	13	(大型の機械が置いてある)	
689	narration	2	31	15	(天井からランプが吊ってある)	
690	narration	2	39	19	(安全に崖を越えて行けそうなんだが…)	
691	narration	2	21	10	(小さなテーブルだ)	
692	narration	2	35	17	(小さな飾りが壁に取りつけてある)	
693	narration	2	31	15	(巻いた織物が立てかけてある)	
694	narration	2	21	10	(彼女のためにも！)	
695	narration	2	37	18	(戦艦のエンジンに使われるやつだな)	
696	narration	2	29	14	(扉の前に飾りが立ててある)	
697	narration	2	37	18	(扉の向こうで、話し声が聞こえる…)	
698	narration	2	35	17	(折畳み式のはしごがかかった窓だ)	
699	narration	2	33	16	(換気のための風車が回っている)	
700	narration	2	35	17	(攻性生物の吐く酸を中和する薬だ)	
701	narration	2	33	16	(攻性生物の眼を使った飾りだ…)	
702	narration	2	37	18	(敷布に薬の匂いがしみついている…)	
703	narration	2	29	14	(料理をするためのかまどだ)	
704	narration	2	21	10	(旧世紀の機械だ…)	
705	narration	2	27	13	(早くあれを止めないと…)	
706	narration	2	29	14	(早く決着をつけなければ…)	
707	narration	2	31	15	(机の上にランプが置いてある)	
708	narration	2	21	10	(板造りの吊り床だ)	
709	narration	2	35	17	(棚にのっているのは薬品のようだ)	
710	narration	2	33	16	(棚にはつぼや食器がのっている)	
711	narration	2	35	17	(棚の中に薬のつぼがしまってある)	
712	narration	2	35	17	(棚の中に酒のつぼがしまってある)	
713	narration	2	35	17	(横にあるロックを外すのが先か…)	
714	narration	2	35	17	(歳のわりには元気がよさそうだな)	
715	narration	2	33	16	(死んだように眠り続けている…)	
716	narration	2	23	11	(水がめが置いてある)	
717	narration	2	29	14	(水をくみ上げる風車だろう)	
718	narration	2	35	17	(治療のための機械みたいだけど…)	
719	narration	2	27	13	(治療のための道具らしい)	
720	narration	2	39	19	(物が多すぎるな…もっと減らさないと)	
721	narration	2	35	17	(獲物をバラすのに忙しいらしい…)	
722	narration	2	27	13	(発掘品を加工したものだ)	
723	narration	2	27	13	(発掘物を運ぶコンテナだ)	
724	narration	2	31	15	(粗いけど、丈夫そうな生地だ)	
725	narration	2	29	14	(素焼きのつぼが置いてある)	
726	narration	2	29	14	(素焼きの容器が置いてある)	
727	narration	2	25	12	(織りの粗い敷布だな…)	
728	narration	2	25	12	(若い女のシーカーだ…)	
729	narration	2	37	18	(若い男が、息を殺して座っている…)	
730	narration	2	31	15	(葬式の準備をしているらしい)	
731	narration	2	31	15	(薬の入った道具が置いてある)	
732	narration	2	35	17	(誰かが、空中船を整備している…)	
733	narration	2	35	17	(買い手があるとは思えないけど…)	
734	narration	2	17	8	(資材置き場だ)	
735	narration	2	35	17	(透明な飾りが取りつけられている)	
736	narration	2	27	13	(速度に気をつけないと…)	
737	narration	2	23	11	(道具箱が置いてある)	
738	narration	2	27	13	(酒場の主人のジューバだ)	
739	narration	2	27	13	(階段がふさがれている…)	
740	narration	2	23	11	(頑丈そうな作業机だ)	
741	narration	2	23	11	(風車が回っている…)	
742	narration	2	21	10	(食器の入った棚だ)	
743	narration	2	29	14	(餌でもやってみようかな…)	
744	narration	2	37	18	(香木が立ててある…古い物ばかりだ)	
745	narration	2	33	16	(高価そうなランプが置いてある)	
746	narration	2	23	11	(！！！   ！！！)	
747	narration	2	9	4	(！？)	
748	narration	2	23	11	(？       ？)	
749	narration	2	23	11	(？？     ？？)	
750	narration	2	23	11	(？？？？ ？？？？)	
751	dialog	2	4	1	)<1D><1B>	
752	dialog	2	13	6	10000Dn	
753	ui	2	15	7	10の月19日	
754	dialog	2	11	5	1500Dn	
755	dialog	2	11	5	9000Dn	
756	dialog	2	16	7	<!A2>ゃないだろうな	
757	dialog	2	10	4	<!DD>通路北□	
758	dialog	2	4	1	<!DF>□	
759	dialog	2	6	2	<!E2>納層	
760	dialog	2	4	1	<01>み<01>	
761	dialog	2	6	2	<01>西側	
762	dialog	2	22	9	<03><01>アイテムを使用せよ<03>	
763	dialog	2	24	10	<03><01>バーサークを発動せよ<03>	
764	dialog	2	24	10	<03><01>敵の後方向に移動せよ<03>	
765	dialog	2	8	2	<03><01>記録<03>	
766	dialog	2	6	1	<03><01>録<03>	
767	dialog	2	25	10	<03><04>口口口口<05>GO<05>口口口口	
768	dialog	2	20	8	<03><05>ドームゲートキー<03>	
769	dialog	2	14	5	<03>\n1番ゲート<03>	
770	dialog	2	18	7	<03>\nライト・ゲート<03>	
771	dialog	2	18	7	<03>\nレフト・ゲート<03>	
772	dialog	2	11	6	<09>ツ<!E2>テ<!E3>モ<0C>ト。、	
773	dialog	2	12	7	<0B>ゆニわニ・<11><!8B><02>セ。	
774	dialog	2	6	4	<0B>ゆハセア	
775	dialog	2	14	6	<0D>からさ、な？	
776	dialog	2	4	1	<0D>よ	
777	dialog	2	6	2	<0D>機械	
778	dialog	2	4	1	<0D>？	
779	dialog	2	6	2	<0E>なあ	
780	dialog	2	6	2	<0F>な…	
781	dialog	2	4	1	<11>！	
782	dialog	2	8	3	<12>たが…	
783	dialog	2	18	8	<16>ざされている…)	
784	dialog	2	8	3	<1B>いで…	
785	dialog	2	6	2	<1B>が…	
786	dialog	2	6	2	<1B>ね…	
787	dialog	2	4	1	<1E>…	
788	dialog	2	10	4	<1E>ゆく…)	
789	dialog	2	4	1	<1E>る	
790	dialog	2	4	1	<1F>よ	
791	dialog	2	28	13	<1F>りで砂漠越えはできないし…	
792	dialog	2	39	19	…                  	
793	dialog	2	39	19	………                	
794	dialog	2	9	4	…………	
795	dialog	2	39	19	……………              	
796	dialog	2	39	19	……………………           	
797	dialog	2	39	19	…………………………         	
798	dialog	2	39	19	………………………………       	
799	dialog	2	39	19	……………………………………     	
800	dialog	2	39	19	……………………………………………  	
801	dialog	2	39	19	…………………………………………………	
802	dialog	2	13	6	…ありがとう	
803	dialog	2	23	11	…おまえ、ハンターだな	
804	dialog	2	27	13	…ここ、物置じゃないのか？	
805	dialog	2	11	5	…ごめん…	
806	dialog	2	19	9	…で、どんな感じ？	
807	dialog	2	35	17	…な、なんだ、帝国軍じゃねえのか…	
808	dialog	2	35	17	…結局、ゾアは全滅しちまったってさ	
809	dialog	2	29	14	…説得の通じる相手じゃない…	
810	dialog	2	39	19	■■                 	
811	movie	2	4	1	『<01>	
812	dialog	2	25	12	あ、それ？ お酒の材料よ	
813	dialog	2	25	12	ああ、おまえにまかせるよ	
814	dialog	2	31	15	ああそうかい、だったら帰んな！	
815	dialog	2	37	18	あいつ、時々ガラクタ拾ってくるんです	
816	dialog	2	33	16	あたしは「探索兵」のラグってんだ	
817	dialog	2	39	19	あったら、うちのひとに見せてやっとくれ	
818	dialog	2	39	19	あなたと、ドラゴンに助けられましたね…	
819	dialog	2	35	17	あの子、すっかり元気になっただろ？	
820	dialog	2	31	15	あらかた突っ返されるみたいで…	
821	dialog	2	27	13	ありがたい！ そのかわり…	
822	dialog	2	35	17	あんた、珍しい品物持ってないかい？	
823	dialog	2	35	17	あんたがドラゴン乗りか…よろしくね	
824	dialog	2	23	11	あんたのご主人だけどさ	
825	dialog	2	13	6	あんたは…？	
826	dialog	2	27	13	あんたは、息子の命の恩人だ	
827	dialog	2	11	5	あんたは？	
828	dialog	2	39	19	あんな道楽も、たまには役に立つんだねえ	
829	dialog	2	11	5	い、いや…	
830	dialog	2	31	15	いいか、ゲオルギウスまで行って	
831	dialog	2	29	14	いいの…たぶん、そうだと思う	
832	dialog	2	9	4	いまだ！	
833	dialog	2	31	15	いまや、生き残りはワシらだけだ	
834	dialog	2	31	15	いや、それはちゃんと買い取るよ	
835	dialog	2	23	11	いや、まだ、ちょっと…	
836	dialog	2	15	7	いよいよだな…	
837	dialog	2	31	15	うちのひとが作ってくれたんだよ	
838	dialog	2	33	16	うちの父ちゃんもハンターなんだ！	
839	dialog	2	9	4	うわっ！	
840	dialog	2	37	18	ええ…森の恵みをよそ者に売るとかで…	
841	dialog	2	13	6	ええ、まあ…	
842	dialog	2	39	19	えよ■■               	
843	dialog	2	37	18	えらい連中に関わっちまったみたいだぜ	
844	dialog	2	25	12	え？ 具合が悪いのかい？	
845	dialog	2	29	14	おいおい、ドラゴンがいたって	
846	dialog	2	23	11	おっかなくないのかい？	
847	dialog	2	21	10	おどかすんじゃねえよ	
848	dialog	2	31	15	おやめよ、おびえてるじゃないか	
849	dialog	2	39	19	お客が気味悪がるから、内緒にしといてね	
850	dialog	2	31	15	お礼に、これを受け取ってほしい	
851	dialog	2	7	3	か…)	
852	dialog	2	39	19	かえよ■■              	
853	dialog	2	33	16	かわりに俺の持ち物、何でもやるよ	
854	dialog	2	39	19	こいつら後ろには攻撃できないみたいだぜ	
855	dialog	2	31	15	ここでは手に入らない品なんでね	
856	dialog	2	39	19	ここに来た帝国軍…たぶん、特務部隊だぜ	
857	dialog	2	23	11	ここの雇われハンターさ	
858	dialog	2	29	14	こちらを向いている奴は撃つな	
859	dialog	2	27	13	こないだ借りた金だけどよ…	
860	dialog	2	31	15	このキャラバンで一番高価な物だ	
861	dialog	2	31	15	この仕事も、結構もうかるんだぜ	
862	dialog	2	39	19	この街に住めば、誰だって信心深くなるさ	
863	dialog	2	9	4	ごめん…	
864	dialog	2	23	11	ごめん…実はそうなんだ	
865	dialog	2	15	7	ごめんなさい…	
866	dialog	2	35	17	さあ、もういいだろう…あとは明日だ	
867	dialog	2	33	16	しかし、断った方がいいだろうなあ	
868	dialog	2	15	7	じっと見つめる	
869	dialog	2	39	19	じゃあ、もたもたしてないで行ってこいよ	
870	dialog	2	21	10	すっげえ強いんだぜ！	
871	dialog	2	35	17	すみませんでした…お役に立てなくて	
872	dialog	2	37	18	そいつのうまさがわかれば、一人前だぜ	
873	dialog	2	27	13	そいつはわかってるんだが…	
874	dialog	2	39	19	そいつを外さないと、地下には行けないぜ	
875	dialog	2	23	11	そこがあいつの部屋です	
876	dialog	2	31	15	そこにいるヤエルは…ま、なんだ	
877	dialog	2	33	16	そこをシーカーどもに拾われたんだ	
878	dialog	2	39	19	それで、倉庫に収める分が減ってるんだね	
879	dialog	2	9	4	それに、	
880	dialog	2	9	4	そんな…	
881	dialog	2	25	12	そんな！ 約束が違うよ！	
882	dialog	2	35	17	たいした物はないかもしれませんが…	
883	dialog	2	19	9	ただ、なんとなく…	
884	dialog	2	35	17	たぶん、水位が変わったせいだろうな	
885	dialog	2	37	18	だが、エンカクはもう死んじまったんだ	
886	dialog	2	39	19	だけど、ひとりで砂漠越えはできないし…	
887	dialog	2	9	4	だって…	
888	dialog	2	37	18	ちょっとばかり、話を急ぎすぎたかなあ	
889	dialog	2	25	12	つかみどころのない男だよ	
890	dialog	2	9	4	つむじ風	
891	dialog	2	27	13	で、これからどうするんだ？	
892	dialog	2	29	14	でないと、作業が進まないだろ	
893	dialog	2	29	14	でも、すぐ不時着しちまってさ	
894	dialog	2	16	7	と\n表示される。	
895	dialog	2	33	16	とにかく、儀はアゼルを探してみる	
896	dialog	2	19	9	どうかしたのかい？	
897	dialog	2	27	13	どうせ、俺には使えねえんだ	
898	dialog	2	33	16	どうだ、発光酒の味にゃ慣れたか？	
899	dialog	2	23	11	どうだい、この空中船？	
900	dialog	2	11	5	な、頼むぜ	
901	dialog	2	21	10	なんか用か、ぼうず？	
902	dialog	2	37	18	なんたって、俺がまとめたものだからな	
903	dialog	2	19	9	なんだ、まだダメか	
904	dialog	2	25	12	なんだ、取り引きなしかい	
905	dialog	2	13	6	なんだって？	
906	dialog	2	31	15	なんで不時着しちまったのかなあ	
907	dialog	2	26	13	な思いはしたくないからな…	
908	ui	2	2	1	に	
909	dialog	2	33	16	にいちゃん、ひとりで旅してるの？	
910	dialog	2	13	6	にらみつける	
911	dialog	2	18	9	に来てほしいそうだ	
912	dialog	2	39	19	ぬりかえよ■■            	
913	dialog	2	17	8	ねえ、お母さん…	
914	dialog	2	37	18	ひとりで砂漠越えは無理さ、考え直せよ	
915	dialog	2	31	15	ひとり旅って、どんな感じかな？	
916	dialog	2	21	10	ふしぎな感じがする…	
917	dialog	2	4	2	ほゆ<09>	
918	dialog	2	17	8	ほら、持ってけよ	
919	dialog	2	23	11	ほれ、これを持っていけ	
920	dialog	2	23	11	ほんとに、ありがとうよ	
921	dialog	2	35	17	ぼうずも、いっぺん相手してもらえよ	
922	dialog	2	37	18	ま、シーカーはみんなそんなもんだがな	
923	dialog	2	17	8	ま、待ってくれよ	
924	dialog	2	15	7	まかしとけって	
925	dialog	2	9	4	まさか…	
926	dialog	2	17	8	まだなんか用か？	
927	dialog	2	23	11	まだまだー…うわぁぁ…	
928	dialog	2	29	14	まだ若いのに、ひとり旅かい？	
929	dialog	2	37	18	まったく…これだから無知な奴は困るぜ	
930	dialog	2	39	19	みんな、神様に助けられたと思っているぜ	
931	dialog	2	4	2	め□	
932	dialog	2	12	6	めないと…)	
933	dialog	2	37	18	もう、こんな思いはしたくないからな…	
934	dialog	2	15	7	もう、大丈夫…	
935	dialog	2	29	14	もう、戦えないかもしれない…	
936	dialog	2	33	16	もう少し大きくなったらな、へへ…	
937	dialog	2	37	18	もっと長く飛べるはずだったんだけど…	
938	dialog	2	10	5	やしないさ	
939	dialog	2	31	15	やっぱり、戦うしかないのか！？	
940	dialog	2	39	19	よ■■                	
941	dialog	2	15	7	よう、新顔だな	
942	dialog	2	31	15	よかったら、買っていってくれよ	
943	dialog	2	39	19	よそから物を買わないと不自由するんだよ	
944	dialog	2	35	17	よその人とお話したこと、なくって…	
945	dialog	2	26	12	よむー<08>ソ<1E><01><1E><13><16>ア<!E1><!84><!EB>り<!DC>りェセ<0C>タ<03>？<08>？	
946	dialog	2	11	5	よろしくね	
947	dialog	2	4	2	ら…	
948	dialog	2	12	6	らないけど…	
949	dialog	2	4	2	り…	
950	dialog	2	39	19	りかえよ■■             	
951	dialog	2	6	3	るだろ	
952	dialog	2	3	2	ろ？	
953	dialog	2	23	11	わかった…よろしく頼む	
954	dialog	2	13	6	わかったよ…	
955	dialog	2	39	19	わからん…今、資料庫を調べてるところだ	
956	dialog	2	21	10	わざわざすまないな…	
957	dialog	2	37	18	わたしは、「守人」のラーダってもんさ	
958	slot	2	41	2	をぬ	
959	slot	2	41	3	をぬり	
960	slot	2	41	4	をぬりか	
961	slot	2	41	5	をぬりかえ	
962	slot	2	41	6	をぬりかえよ	
963	slot	2	41	7	をぬりかえよ■	
964	slot	2	41	8	をぬりかえよ■■	
965	slot	2	41	9	をぬりかえよ■■ 	
966	dialog	2	21	10	をぬりかえよ■■  	
967	dialog	2	23	11	をぬりかえよ■■   	
968	dialog	2	25	12	をぬりかえよ■■    	
969	dialog	2	27	13	をぬりかえよ■■     	
970	dialog	2	29	14	をぬりかえよ■■      	
971	dialog	2	31	15	をぬりかえよ■■       	
972	dialog	2	33	16	をぬりかえよ■■        	
973	dialog	2	35	17	をぬりかえよ■■         	
974	dialog	2	37	18	をぬりかえよ■■          	
975	dialog	2	39	19	をぬりかえよ■■           	
976	dialog	2	21	10	を入力してください…	
977	dialog	2	13	6	を開放します	
978	dialog	2	23	11	アカデミー直属の連中さ	
979	dialog	2	11	5	アシュティ	
980	dialog	2	19	9	アゼル…どうして…	
981	ui	2	158	75	アゼルが乗るアトルムの\n最終形態。\n巨大な雷撃兵器を装備して\n襲ってきたが、どうにか\n倒すことができた。\n彼女の唯一のパートナーを\n尋うことになって\nしまったが…。	
982	dialog	2	37	18	アゼルが戻っても、この有様じゃあな…	
983	dialog	2	9	4	アルスロ	
984	dialog	2	19	9	アンチアイウィング	
985	dialog	2	25	12	アンチストライプウィング	
986	dialog	2	25	12	アンチバリアントウィング	
987	dialog	2	25	12	アンチパンツァーウィング	
988	dialog	2	21	10	アンチベースウィング	
989	dialog	2	19	9	イヴァス＆イヴィア	
990	dialog	2	5	2	ウル	
991	dialog	2	23	11	ウルの地下なんだけどな	
992	ui	2	142	68	ウルの地下遣跡で戦った。\nふ化したタルメランは、\n短時間でタルバーニへと\n羽化する。同時に攻撃力も\n上がってしまうので、\nその前に倒しておきたい。	
993	ui	2	172	82	ウルの地下遣跡で戦った。\nふ化したデルメランは、\n短時間でデルバーニへと\n羽化する。\nまた、仲間の成長を早める\n能力もあるので、群れで\n現れた時には、先に倒して\nおいた方がいい。	
994	dialog	2	13	6	ウル地下遣跡	
995	movie	2	9	4	エッジ、	
996	dialog	2	27	13	エッジ、これ持って行けよ！	
997	slot	2	25	12	エネルギーパイロンルーム	
998	dialog	2	17	8	エルスディノーツ	
999	dialog	2	17	8	エレベータに乗る	
1000	dialog	2	25	12	エレベーター：14階 東	
1001	dialog	2	23	11	エレベーター：地下1階	
1002	dialog	2	23	11	エレベーター：地下2階	
1003	slot	2	23	11	エレベーター：地下3階	
1004	slot	2	23	11	エレベーター：地下4階	
1005	dialog	2	21	10	エンカクの薬だけどさ	
1006	dialog	2	13	6	カイナスの村	
1007	dialog	2	7	3	カドロ	
1008	dialog	2	17	8	カンヘルドラゴン	
1009	dialog	2	6	3	カーと	
1010	dialog	2	27	13	ガッシュに伝言を頼まれてね	
1011	dialog	2	39	19	ガッシュの事は、ワシらもよく知らんのだ	
1012	dialog	2	9	4	ガノーク	
1013	dialog	2	11	5	ガリル砂漠	
1014	dialog	2	19	9	ガードプロテクトを	
1015	dialog	2	11	5	キャラバン	
1016	dialog	2	9	4	キャンプ	
1017	dialog	2	7	3	クルル	
1018	dialog	2	27	13	クレイメンが死んだ場所だよ	
1019	dialog	2	13	6	クレイメン艦	
1020	dialog	2	17	8	ゲームを終了する	
1021	dialog	2	9	4	コゲダマ	
1022	dialog	2	11	5	コナナの巣	
1023	dialog	2	19	9	ザアルナッツをやる	
1024	dialog	2	13	6	システム解除	
1025	dialog	2	15	7	シャドウフレア	
1026	dialog	2	13	6	シャプリの巣	
1027	dialog	2	15	7	シンクロナイザ	
1028	dialog	2	29	14	シーカーどもの話、聞いたか？	
1029	dialog	2	5	2	スラ	
1030	dialog	2	9	4	ズースー	
1031	dialog	2	11	5	セストレン	
1032	dialog	2	21	10	ゾアハーベストをやる	
1033	dialog	2	15	7	タム・バクプロ	
1034	dialog	2	25	12	タム・リッサ＆タム・プロ	
1035	dialog	2	11	5	タルバーニ	
1036	dialog	2	11	5	タルメラン	
1037	dialog	2	10	8	チアりハセ。ホ<0E>？	
1038	dialog	2	17	8	ツァスタバダイブ	
1039	dialog	2	23	11	ツァスタバ専用機ソーマ	
1040	dialog	2	15	7	ツインブレイズ	
1041	dialog	2	15	7	テールアッパー	
1042	dialog	2	11	5	デルバーニ	
1043	dialog	2	11	5	デルメラン	
1044	dialog	2	13	6	トゥプナック	
1045	ui	2	9	4	トラコラ	
1046	dialog	2	19	12	ナアわヲ・<11><!89>\nタノらヨ＋<15><!89><08>セ。	
1047	dialog	2	15	7	ナーガのマユ1	
1048	dialog	2	15	7	ナーガのマユ2	
1049	dialog	2	15	7	ナーガのマユ3	
1050	dialog	2	11	5	ヌリシンハ	
1051	dialog	2	9	4	ハイシュ	
1052	dialog	2	23	11	ハヌマン＆強襲艦クオパ	
1053	dialog	2	23	11	ハヌマン＆強襲艦ハオト	
1054	dialog	2	25	12	ハンターなどに用はないよ	
1055	dialog	2	23	11	バイカから話は聞いたよ	
1056	dialog	2	23	11	バックアタック発動準備	
1057	dialog	2	19	9	バリスタ自律管制室	
1058	dialog	2	27	13	パエット…無事だったのか！	
1059	dialog	2	37	18	パエットさんが買ってくれるそうですが	
1060	dialog	2	11	5	パラサイト	
1061	dialog	2	17	8	パラサイトスピン	
1062	dialog	2	17	8	フォス＆ウンブラ	
1063	dialog	2	39	19	プロテクトってのがかかってるらしいんだ	
1064	dialog	2	13	6	ベルディスト	
1065	dialog	2	7	3	ペイン	
1066	dialog	2	9	4	マサーン	
1067	dialog	2	11	5	ミシュティ	
1068	dialog	2	19	9	メル=カヴァ中心炉	
1069	dialog	2	23	11	メル=カヴァ第2中心炉	
1070	dialog	2	17	8	メル=カヴァ船上	
1071	dialog	2	17	8	メル=カヴァ船底	
1072	dialog	2	19	9	ヤレドの店の隣だよ	
1073	dialog	2	19	18	ョー」アアなアイーーイな＋ウイイュャ	
1074	dialog	2	16	8	ラがまえをしとる	
1075	dialog	2	17	8	ラージガンを売る	
1076	dialog	2	7	3	ルピス	
1077	dialog	2	7	3	ルーナ	
1078	dialog	2	15	7	レリーフルーム	
1079	dialog	2	17	8	ロックヴァイパー	
1080	dialog	2	7	3	ロロス	
1081	dialog	2	21	10	ワシの名はラドガムだ	
1082	dialog	2	37	18	ワシらは、荒れ果てた故郷を捨てたんだ	
1083	dialog	2	9	4	ワムシシ	
1084	dialog	2	4	2	ンさ	
1085	dialog	2	11	5	ヴァダズム	
1086	ui	2	174	83	ヴァルナ級が採用される\nまでは主力戦艦だったが、\n今ではほとんどが廃艦に\nなっているらしい。\nしかし、兵装だけは今の\nものに替えられているので\n火力だけならヴァルナ級に\n匹敵する。	
1087	dialog	2	31	15	一応、おまえと同業のつもりだよ	
1088	dialog	2	7	3	七宝水	
1089	dialog	2	11	5	七宝水乱射	
1090	dialog	2	15	7	中型戦艦タパス	
1091	movie	2	9	4	今のは…	
1092	dialog	2	27	13	今度、俺の家に遊びに来いよ	
1093	dialog	2	37	18	今度ばかりは、ちょっと敵が多すぎたぜ	
1094	dialog	2	35	17	仕事が欲しいなら、他をあたるがいい	
1095	dialog	2	11	5	体に触れる	
1096	dialog	2	31	15	何かあったら、また寄ってくれよ	
1097	dialog	2	33	16	何が神の守護地だ…お笑いぐさだぜ	
1098	dialog	2	35	17	何も、ふみ倒そうってんじゃねえんだ	
1099	dialog	2	39	19	何を頼まれたか忘れたんじゃないだろうな	
1100	dialog	2	35	17	使えそうな部品を探してくるんだよ！	
1101	dialog	2	23	11	俺…足をやられたんです	
1102	dialog	2	31	15	俺、もう少しドラゴンを見てるよ	
1103	dialog	2	19	9	俺、ラウルってんだ	
1104	dialog	2	29	14	俺、結局足手まといだったね…	
1105	dialog	2	25	12	俺がここまで直したんだぜ	
1106	dialog	2	33	16	俺の事は、もうほっといてくれよ…	
1107	dialog	2	21	10	俺は、広場の方にいる	
1108	dialog	2	29	14	俺はひとりで生きていくんだ…	
1109	dialog	2	39	19	俺みたいな雇われハンターは、結構多いぜ	
1110	dialog	2	21	10	俺も連れてってくれよ	
1111	dialog	2	39	19	俺達が塔に行きたがってるのを知っていた	
1112	dialog	2	7	3	値切る	
1113	dialog	2	29	14	値段は…こんなものでどうだ？	
1114	dialog	2	9	4	催涙ガス	
1115	dialog	2	27	13	儀は塔に行かなきゃならない	
1116	dialog	2	7	3	光子砲	
1117	dialog	2	15	7	光子砲バリスタ	
1118	dialog	2	15	7	光粒子レーザー	
1119	dialog	2	13	6	光粒子分散弾	
1120	dialog	2	39	19	全滅しなかったのが、せめてもの救いです	
1121	dialog	2	29	14	内臓は薬になるし、塩もとれる	
1122	dialog	2	5	2	分離	
1123	dialog	2	23	11	初陣とはそういうものだ	
1124	dialog	2	7	3	別に…	
1125	dialog	2	35	17	別に、おまえが悪いわけじゃないって	
1126	dialog	2	5	2	副砲	
1127	dialog	2	23	11	取り引きに来たのかい？	
1128	dialog	2	27	13	司令塔から緊急信号を受信！	
1129	dialog	2	17	8	各艦の健闘を祈る	
1130	dialog	2	5	2	合体	
1131	dialog	2	23	11	合流するはずだったんだ	
1132	dialog	2	13	6	塔 1階 北	
1133	dialog	2	13	6	塔 1階 西	
1134	dialog	2	9	4	塔 2階	
1135	dialog	2	9	4	塔 3階	
1136	dialog	2	9	4	塔 4階	
1137	slot	2	9	4	塔 5階	
1138	slot	2	9	4	塔 6階	
1139	dialog	2	13	6	塔 7階 西	
1140	slot	2	23	11	塔 8階 回転通路北□	
1141	slot	2	23	11	塔 8階 回転通路東□	
1142	slot	2	23	11	塔 8階 回転通路西□	
1143	slot	2	23	11	塔 9階 回転通路北□	
1144	slot	2	23	11	塔 9階 回転通路東□	
1145	slot	2	23	11	塔 9階 回転通路西□	
1146	slot	2	23	4	塔10階	
1147	slot	2	9	4	塔11階	
1148	slot	2	9	4	塔12階	
1149	slot	2	9	4	塔13階	
1150	slot	2	13	6	塔14階 北	
1151	slot	2	13	6	塔14階 東	
1152	slot	2	13	6	塔14階 西	
1153	slot	2	15	7	塔15階 東1	
1154	slot	2	13	6	塔15階 西	
1155	dialog	2	25	12	塔とつながったせいかな？	
1156	dialog	2	19	9	変な事聞く子だねえ	
1157	dialog	2	23	11	外の人間には秘密なんだ	
1158	dialog	2	23	11	夜になったら来てくれよ	
1159	dialog	2	27	13	夜はたいてい帰ってるからさ	
1160	dialog	2	19	9	夜間哨戒艇ドルヴァ	
1161	dialog	2	21	10	夢を見てから、何か…	
1162	dialog	2	31	15	大丈夫、ひとりでも戻れるからさ	
1163	dialog	2	25	12	大丈夫、まかしときなって	
1164	dialog	2	15	7	大型戦艦ナラカ	
1165	dialog	2	13	6	大型誘導爆雷	
1166	dialog	2	13	6	大変だねえ…	
1167	dialog	2	37	18	天敵であると同時に、生活の糧なんだよ	
1168	dialog	2	31	15	女っ気がねえと客足が鈍るからな	
1169	dialog	2	31	15	実は、あんたの事を待ってたんだ	
1170	dialog	2	27	13	実は、ここで仲間と会った後	
1171	dialog	2	29	14	実は、当分返せそうにねえんだ	
1172	dialog	2	39	19	家から勝手に持ってっていいからさ、な？	
1173	dialog	2	25	12	家って、どこにあるんだ？	
1174	dialog	2	17	8	寄生グリグオリグ	
1175	dialog	2	11	5	対空誘導弾	
1176	dialog	2	11	5	少し…怖い	
1177	ui	2	197	94	帝国軍の中でも、特殊な\n任務につく部隊が使用する\n船だ。3方向に攻撃できる\n6連装誘導爆雷を積んで\nいる。\n爆雷点火から発射までには\n時間がかかるので、その\n間に爆雷を撃ち落とせば\n痛い目にあわずにすむ。	
1178	ui	2	195	93	帝国軍の空中騎兵連隊が\n使っている戦闘機。\n運動性と引きかえに装甲が\n薄くなっていて、攻撃を\n受ければ、あっという間に\n墜落してしまう。\nしかし、腕のいい操縦士が\n扱えば、光の矢をかわす\nこともできる。	
1179	dialog	2	29	14	当階の警戒態勢を発令します…	
1180	dialog	2	25	12	彼女にとって、あそこは…	
1181	dialog	2	27	13	彼女は、塔を開く唯一の鍵だ	
1182	dialog	2	29	14	彼女も、旧世紀の産物だからな	
1183	dialog	2	82	39	心技型は\n3ゲージたまっている間\nBPが少しずつ回復する。\nBPが足りない時に有効。	
1184	dialog	2	90	43	心技型専用バーサークは\nケトキス(BP一定率回復)。\nアイテムを使わずに\nBPを回復できる。	
1185	dialog	2	9	4	思念雷撃	
1186	dialog	2	21	10	戦術揚陸母艦バリオー	
1187	dialog	2	13	6	戦闘機カルラ	
1188	dialog	2	9	4	拡散雷撃	
1189	dialog	2	5	2	挑発	
1190	dialog	2	5	2	捕食	
1191	dialog	2	7	3	攻城砲	
1192	dialog	2	37	18	攻性生物どもに追い立てられるようにな	
1193	dialog	2	39	19	攻性生物の体は、爪の先まで役立つもんさ	
1194	dialog	2	27	13	攻性生物の体液なんだけど…	
1195	dialog	2	101	48	攻撃型は\n3ゲージたまっている間に\n攻撃を受けると\n一定確率で反撃を行う。\nより多く攻撃したい時に有効。	
1196	dialog	2	98	47	攻撃型専用バーサークは\nリューヴ(レーザー威力上昇)。\nレーザー攻撃で与えるダメージが\n大きくなる。	
1197	dialog	2	39	19	新天地を求めて、ここまで旅してきたが…	
1198	dialog	2	37	18	旅に出てから、ずっと心細かったんです	
1199	dialog	2	33	16	旅人との取り引きも、大事な仕事だ	
1200	dialog	2	29	14	旅人や行商人がよく来るからな	
1201	dialog	2	17	8	旗艦グリグオリグ	
1202	ui	2	144	69	旧式艦を改良したもの。\nエンジンの出力が弱く、\n火炎噴射砲しか積むことが\nできなかったらしいが、\n装甲には、最近発掘された\n素材を使っているようだ。	
1203	movie	2	7	3	早く！	
1204	ui	2	101	47	昔、帝都に現れたという\nドラゴンも、これと同じ\n姿をしていたらしい。\nこれが<01><01>の\n本当の姿なのだろうか。	
1205	dialog	2	39	19	昔の記録に、手がかりがあるかもしれない	
1206	dialog	2	31	15	最近、開放区によく行くらしいね	
1207	ui	2	7	3	未使用	
1208	dialog	2	5	2	極光	
1209	dialog	2	82	39	標準型は\n3ゲージたまっている間\nHPが少しずつ回復する。\nHPが足りない時に有効。	
1210	dialog	2	96	46	標準型専用バーサークは\nケミトマ(HP一定率回復)。\nBPやアイテムを使わずに\nHPを回復できる。	
1211	dialog	2	101	48	機動型は\n3ゲージたまると同時に\nステータス異常が回復する。\nステータス異常攻撃を行う\n敵に対して有効。	
1212	dialog	2	94	45	機動型専用バーサークは\nリューリア(ゲージ速度上昇)。\nより多くの行動を\n実行できるようになる。	
1213	dialog	2	9	4	機能停止	
1214	dialog	2	9	4	機能回復	
1215	dialog	2	9	4	機銃乱射	
1216	dialog	2	21	10	欲しけりゃ持ってけよ	
1217	dialog	2	37	18	歳のわりには、いいツラがまえをしとる	
1218	dialog	2	17	8	気にする事はない	
1219	dialog	2	5	2	水柱	
1220	dialog	2	3	1	泥	
1221	dialog	2	15	7	浄化装置000	
1222	dialog	2	15	7	浄化装置001	
1223	dialog	2	15	7	浄化装置002	
1224	dialog	2	5	2	液胞	
1225	dialog	2	12	5	渓谷<05>最深部	
1226	dialog	2	9	4	渓谷地帯	
1227	dialog	2	35	17	湖に、トビタマが住み着いたらしいぜ	
1228	dialog	2	13	6	湖上の艦隊戦	
1229	dialog	2	11	5	灼熱の吐息	
1230	dialog	2	7	3	炸裂弾	
1231	ui	2	5	2	無し	
1232	dialog	2	33	16	無知な連中は、これだから困るよな	
1233	dialog	2	7	3	熱の息	
1234	dialog	2	23	11	特0号噴進弾ヴァラーハ	
1235	dialog	2	39	19	狩りができそうな歳にゃ見えなかったし…	
1236	dialog	2	35	17	狩りだけでは生計が立てられんからな	
1237	dialog	2	21	10	生体エネルギー粒子炉	
1238	dialog	2	11	5	生体弾乱射	
1239	dialog	2	7	3	甲殻手	
1240	dialog	2	5	2	発射	
1241	dialog	2	7	3	発射！	
1242	dialog	2	29	14	発掘品の加工が、俺の仕事でね	
1243	dialog	2	11	5	発掘所上空	
1244	dialog	2	11	5	発掘所周辺	
1245	dialog	2	7	3	白熱光	
1246	dialog	2	7	3	皇帝砲	
1247	dialog	2	25	12	相棒と一緒に住んでるんだ	
1248	dialog	2	35	17	相棒のアブネルから話は聞いてますよ	
1249	dialog	2	39	19	眠っていた機能を、無理に開かれたみたい	
1250	dialog	2	5	2	眼光	
1251	dialog	2	29	14	砂漠の向こうで別のシーカーと	
1252	dialog	2	33	16	砂漠の越え方は、俺が教えてやるよ	
1253	dialog	2	39	19	神の恵みを、この目で見られるんだからね	
1254	dialog	2	31	15	神聖区のために働くことなんだよ	
1255	dialog	2	37	18	神聖区の住民権を得るための近道はね…	
1256	dialog	2	39	19	私、生まれた村から出たことがなくって…	
1257	dialog	2	11	5	移動物感知	
1258	dialog	2	15	7	移動砲台ハンサ	
1259	dialog	2	19	9	空中城砦艦ヴリトラ	
1260	dialog	2	25	12	空中戦艦ヴァルナ・輸送型	
1261	dialog	2	9	4	空中機雷	
1262	dialog	2	25	12	空中船で脱出できたんでね	
1263	dialog	2	13	6	突撃艦マルト	
1264	dialog	2	7	3	粘着液	
1265	dialog	2	11	5	結晶石爆発	
1266	dialog	2	5	2	自爆	
1267	dialog	2	25	12	苦しいわけじゃないけど…	
1268	dialog	2	9	4	蒼の大玉	
1269	dialog	2	7	3	蒼の玉	
1270	dialog	2	9	4	行くぞ！	
1271	dialog	2	31	15	街の入□の横に、階段があるだろ	
1272	dialog	2	33	16	街の入□の横にある階段を越えて…	
1273	dialog	2	37	18	街や村を離れるほど、物騒になるからな	
1274	dialog	2	23	11	要するに、余り物なんだ	
1275	movie	2	13	6	覚えてるか？	
1276	dialog	2	5	2	触手	
1277	dialog	2	33	16	評議会も、その辺を考えてほしいね	
1278	dialog	2	29	14	話があるんだ…あとで来てくれ	
1279	dialog	2	35	17	詳しい場所は、この地図に書いてある	
1280	dialog	2	23	11	誘導爆雷艦カラ＆護衛機	
1281	dialog	2	9	4	説明終了	
1282	dialog	2	21	10	誰の助けもいらないよ	
1283	dialog	2	39	19	近所の爺さんが、銃の修理を頼んできてね	
1284	dialog	2	11	5	近接対空弾	
1285	dialog	2	19	9	逃げたりしないから	
1286	dialog	2	13	6	連装式軽爆雷	
1287	dialog	2	11	5	違うのか？	
1288	dialog	2	37	18	違うわ…そういう時は、すぐわかるから	
1289	dialog	2	21	10	遣跡ゲオルギウス上空	
1290	dialog	2	27	13	適当に持って行ってください	
1291	ui	2	3	1	酸	
1292	dialog	2	7	3	重散弾	
1293	dialog	2	17	8	重散弾砲出力上昇	
1294	dialog	2	15	7	重迎撃機ゲラキ	
1295	dialog	2	13	6	量産ドラゴン	
1296	dialog	2	7	3	針千本	
1297	dialog	2	5	2	鉤爪	
1298	dialog	2	7	3	開放区	
1299	dialog	2	84	40	防御型は\n3ゲージたまっている間\n防御力がさらに上昇する。\nHPを温存したい時に有効。	
1300	dialog	2	92	44	防御型専用バーサークは\nツァオ(防御力上昇)。\n敵の攻撃で受けるダメージを\nより小さくできる。	
1301	dialog	2	9	4	雨降らし	
1302	dialog	2	5	2	雷撃	
1303	dialog	2	9	4	雷雲招集	
1304	dialog	2	11	5	電磁発振砲	
1305	dialog	2	17	8	駆逐艦ヴァジュラ	
1306	dialog	2	9	4	高射重砲	
1307	dialog	2	5	2	！？	
1308	ui	1	7	3	  全	
1309	ui	1	7	3	  前	
1310	ui	1	7	3	  右	
1311	ui	1	7	3	  左	
1312	ui	1	7	3	  後	
1313	dialog	1	15	7	 はい いいえ	
1314	ui	1	7	3	 前右	
1315	ui	1	7	3	 前左	
1316	ui	1	7	3	 前後	
1317	ui	1	7	3	 可変	
1318	ui	1	7	3	 左右	
1319	ui	1	7	3	 後右	
1320	ui	1	7	3	 後左	
1321	ui	1	5	2	 ＋	
1322	narration	1	23	11	(        ■)	
1323	narration	1	23	11	(       ◆◆)	
1324	narration	1	23	11	(      ■■■)	
1325	narration	1	23	11	(     ◆◆◆◆)	
1326	narration	1	23	11	(    ■■■■■)	
1327	narration	1	23	11	(   ◆◆◆◆◆◆)	
1328	narration	1	23	11	(   ！ ！   )	
1329	narration	1	23	11	(   ？ ？   )	
1330	narration	1	23	11	(  ■■■■■■■)	
1331	narration	1	23	11	(  ！     ！)	
1332	narration	1	23	11	(  ？     ？)	
1333	narration	1	23	11	( ◆◆◆◆◆◆◆◆)	
1334	narration	1	23	11	( ！    ！  )	
1335	narration	1	23	11	( ！  ！    )	
1336	narration	1	23	11	( ？    ？  )	
1337	narration	1	23	11	( ？  ？    )	
1338	narration	1	13	6	(2匹目…)	
1339	narration	1	37	18	(3体の敵を同時に攻撃できるやつだ)	
1340	narration	1	23	10	(<01><01>…よく寝ているな)	
1341	slot	1	23	10	(<01><01>が回復していく…)	
1342	narration	1	23	10	(<01><01>が新しい力を…！)	
1343	narration	1	25	11	(<01><01>の力じゃ開かない！)	
1344	narration	1	26	10	(<03><01>★<03><05>★★★★★★★★<03>	
1345	narration	1	26	10	(<03><01>★<03>\n★★★★★★★★<03>	
1346	narration	1	26	10	(<03><01>★★<03><05>★★★★★★★<03>	
1347	narration	1	26	10	(<03><01>★★<03>\n★★★★★★★<03>	
1348	narration	1	26	10	(<03><01>★★★<03><05>★★★★★★<03>	
1349	narration	1	26	10	(<03><01>★★★<03>\n★★★★★★<03>	
1350	narration	1	26	10	(<03><01>★★★★<03><05>★★★★★<03>	
1351	narration	1	26	10	(<03><01>★★★★<03>\n★★★★★<03>	
1352	narration	1	26	10	(<03><01>★★★★★<03><05>★★★★<03>	
1353	narration	1	26	10	(<03><01>★★★★★<03>\n★★★★<03>	
1354	narration	1	26	10	(<03><01>★★★★★★<03><05>★★★<03>	
1355	narration	1	26	10	(<03><01>★★★★★★<03>\n★★★<03>	
1356	narration	1	26	10	(<03><01>★★★★★★★<03><05>★★<03>	
1357	narration	1	26	10	(<03><01>★★★★★★★<03>\n★★<03>	
1358	narration	1	26	10	(<03><01>★★★★★★★★<03><05>★<03>	
1359	narration	1	26	10	(<03><01>★★★★★★★★<03>\n★<03>	
1360	narration	1	26	10	(<03><03>♪<03><07>♪♪♪♪♪♪♪♪<03>	
1361	narration	1	26	10	(<03><03>♪♪<03><07>♪♪♪♪♪♪♪<03>	
1362	narration	1	26	10	(<03><03>♪♪♪<03><07>♪♪♪♪♪♪<03>	
1363	narration	1	26	10	(<03><03>♪♪♪♪<03><07>♪♪♪♪♪<03>	
1364	narration	1	26	10	(<03><03>♪♪♪♪♪<03><07>♪♪♪♪<03>	
1365	narration	1	26	10	(<03><03>♪♪♪♪♪♪<03><07>♪♪♪<03>	
1366	narration	1	26	10	(<03><03>♪♪♪♪♪♪♪<03><07>♪♪<03>	
1367	narration	1	26	10	(<03><03>♪♪♪♪♪♪♪♪<03><07>♪<03>	
1368	narration	1	26	10	(<03><04>♪<03><07>♪♪♪♪♪♪♪♪<03>	
1369	narration	1	26	10	(<03><04>♪♪<03><07>♪♪♪♪♪♪♪<03>	
1370	narration	1	26	10	(<03><04>♪♪♪<03><07>♪♪♪♪♪♪<03>	
1371	narration	1	26	10	(<03><04>♪♪♪♪<03><07>♪♪♪♪♪<03>	
1372	narration	1	26	10	(<03><04>♪♪♪♪♪<03><07>♪♪♪♪<03>	
1373	narration	1	26	10	(<03><04>♪♪♪♪♪♪<03><07>♪♪♪<03>	
1374	narration	1	26	10	(<03><04>♪♪♪♪♪♪♪<03><07>♪♪<03>	
1375	narration	1	26	10	(<03><04>♪♪♪♪♪♪♪♪<03><07>♪<03>	
1376	narration	1	26	10	(<03><05>★<03><01>★★★★★★★★<03>	
1377	narration	1	26	10	(<03><05>★★<03><01>★★★★★★★<03>	
1378	narration	1	26	10	(<03><05>★★★<03><01>★★★★★★<03>	
1379	narration	1	26	10	(<03><05>★★★★<03><01>★★★★★<03>	
1380	narration	1	26	10	(<03><05>★★★★★<03><01>★★★★<03>	
1381	narration	1	26	10	(<03><05>★★★★★★<03><01>★★★<03>	
1382	narration	1	26	10	(<03><05>★★★★★★★<03><01>★★<03>	
1383	narration	1	26	10	(<03><05>★★★★★★★★<03><01>★<03>	
1384	narration	1	22	9	(<03><05>プロテクトキー1<03>	
1385	narration	1	22	9	(<03><05>プロテクトキー2<03>	
1386	narration	1	22	9	(<03><05>プロテクトキー3<03>	
1387	narration	1	20	8	(<03><05>プロテクトキー<03>	
1388	narration	1	26	10	(<03><07>♪<03><03>♪♪♪♪♪♪♪♪<03>	
1389	narration	1	26	10	(<03><07>♪<03><04>♪♪♪♪♪♪♪♪<03>	
1390	narration	1	26	10	(<03><07>♪♪<03><03>♪♪♪♪♪♪♪<03>	
1391	narration	1	26	10	(<03><07>♪♪<03><04>♪♪♪♪♪♪♪<03>	
1392	narration	1	26	10	(<03><07>♪♪♪<03><03>♪♪♪♪♪♪<03>	
1393	narration	1	26	10	(<03><07>♪♪♪<03><04>♪♪♪♪♪♪<03>	
1394	narration	1	26	10	(<03><07>♪♪♪♪<03><03>♪♪♪♪♪<03>	
1395	narration	1	26	10	(<03><07>♪♪♪♪<03><04>♪♪♪♪♪<03>	
1396	narration	1	26	10	(<03><07>♪♪♪♪♪<03><03>♪♪♪♪<03>	
1397	narration	1	26	10	(<03><07>♪♪♪♪♪<03><04>♪♪♪♪<03>	
1398	narration	1	26	10	(<03><07>♪♪♪♪♪♪<03><03>♪♪♪<03>	
1399	narration	1	26	10	(<03><07>♪♪♪♪♪♪<03><04>♪♪♪<03>	
1400	narration	1	26	10	(<03><07>♪♪♪♪♪♪♪<03><03>♪♪<03>	
1401	narration	1	26	10	(<03><07>♪♪♪♪♪♪♪<03><04>♪♪<03>	
1402	narration	1	26	10	(<03><07>♪♪♪♪♪♪♪♪<03><03>♪<03>	
1403	narration	1	26	10	(<03><07>♪♪♪♪♪♪♪♪<03><04>♪<03>	
1404	narration	1	26	10	(<03>\n★<03><01>★★★★★★★★<03>	
1405	narration	1	26	10	(<03>\n★★<03><01>★★★★★★★<03>	
1406	narration	1	26	10	(<03>\n★★★<03><01>★★★★★★<03>	
1407	narration	1	26	10	(<03>\n★★★★<03><01>★★★★★<03>	
1408	narration	1	26	10	(<03>\n★★★★★<03><01>★★★★<03>	
1409	narration	1	26	10	(<03>\n★★★★★★<03><01>★★★<03>	
1410	narration	1	26	10	(<03>\n★★★★★★★<03><01>★★<03>	
1411	narration	1	26	10	(<03>\n★★★★★★★★<03><01>★<03>	
1412	narration	1	18	7	(<03>\n停泊中の艦隊<03>	
1413	narration	1	20	8	(<03>\n内側から攻める<03>	
1414	narration	1	19	9	(…1、2、3…)	
1415	narration	1	15	7	(…あと2つ)	
1416	narration	1	15	7	(…あと3つ)	
1417	narration	1	15	7	(…あと4つ)	
1418	narration	1	19	9	(…あとひとつか)	
1419	narration	1	25	12	(…あのワームの親かな)	
1420	narration	1	37	18	(…あの船？ …いや、船の中か！？)	
1421	narration	1	29	14	(…あるべき、本当の姿！？)	
1422	narration	1	13	6	(…あれ？)	
1423	narration	1	11	5	(…え？)	
1424	narration	1	35	17	(…こいつの他にもドラゴンが！？)	
1425	narration	1	35	17	(…ここと崖をつないで通れれば、)	
1426	narration	1	21	10	(…ここを通れば、)	
1427	narration	1	35	17	(…さては、儀らを親と間違えたな)	
1428	narration	1	15	7	(…だけど…)	
1429	narration	1	37	18	(…だめだ、とっくに冷たくなってる)	
1430	narration	1	31	15	(…だめだな、閉鎖されてる…)	
1431	narration	1	19	9	(…というわけか)	
1432	narration	1	17	8	(…とにかく、)	
1433	narration	1	23	11	(…どういう意味だ？)	
1434	narration	1	35	17	(…どうやら先回りできたらしいな)	
1435	narration	1	33	16	(…まだ、はめる場所が5つある)	
1436	narration	1	33	16	(…まだ、はめる場所が6つある)	
1437	narration	1	39	19	(…もうメッセージは送られてこない…)	
1438	narration	1	17	8	(…やっぱり、)	
1439	narration	1	27	13	(…やっぱり、この遣跡…)	
1440	narration	1	27	13	(…キー、ということは…)	
1441	narration	1	27	13	(…プロテクトキー2か…)	
1442	narration	1	29	14	(…一体、どういうことだ？)	
1443	narration	1	37	18	(…予想以上に帝国軍の動きが速い…)	
1444	narration	1	35	17	(…今のは、あの時のドラゴン！！)	
1445	narration	1	31	15	(…塔と何か関係あるのか…？)	
1446	narration	1	27	13	(…森の上に続いているな)	
1447	narration	1	19	9	(…生体兵装…？)	
1448	narration	1	39	19	(…貴重なものはほとんど尋われてるな)	
1449	narration	1	23	11	(…！？ …何だ！？)	
1450	narration	1	11	5	(…！？)	
1451	narration	1	9	4	(…？)	
1452	narration	1	23	11	(■        )	
1453	narration	1	23	11	(■■■      )	
1454	narration	1	23	11	(■■■■■    )	
1455	narration	1	23	11	(■■■■■■■  )	
1456	narration	1	23	11	(◆◆       )	
1457	narration	1	23	11	(◆◆◆◆     )	
1458	narration	1	23	11	(◆◆◆◆◆◆   )	
1459	narration	1	23	11	(◆◆◆◆◆◆◆◆ )	
1460	narration	1	37	18	(「やばい本」って、これのことか…)	
1461	narration	1	25	12	(「守人」のラーダだ…)	
1462	narration	1	27	13	(「探索兵」のペレツだ…)	
1463	narration	1	23	11	(「探索兵」のラグだ)	
1464	narration	1	25	12	(「探索兵」のラグだ…)	
1465	narration	1	27	13	(あ…起こしちゃったかな)	
1466	narration	1	15	7	(あ…転んだ)	
1467	narration	1	17	8	(あいつの体…)	
1468	narration	1	31	15	(あそこからはもう入れないな)	
1469	narration	1	27	13	(あちこち直した跡がある)	
1470	narration	1	35	17	(あっ、戦艦が……くずれてゆく…)	
1471	narration	1	15	7	(あと少し…)	
1472	narration	1	22	9	(あの<03>\n黒い遣跡の所<03>	
1473	narration	1	39	19	(あのつぼには薬品が入っているらしい)	
1474	narration	1	37	18	(あのガーディアンが起動するように)	
1475	narration	1	39	19	(あのシーカーは…エフタとかいったな)	
1476	narration	1	35	17	(あの人…ヤエルという名だったな)	
1477	narration	1	31	15	(あの動力源を破壊すれば！！)	
1478	narration	1	33	16	(あの場所からのメッセージだ…)	
1479	narration	1	39	19	(あの子の名は…確かローダといったな)	
1480	narration	1	39	19	(あの強力なバリアを何とかしないと！)	
1481	narration	1	29	14	(あの服装は…シーカーだな)	
1482	narration	1	29	14	(あの男がここの主人らしい)	
1483	narration	1	25	12	(あの男は旅人らしい…)	
1484	narration	1	27	13	(あの袋も作物入りらしい)	
1485	narration	1	35	17	(あの遣跡からのメッセージか？…)	
1486	narration	1	33	16	(あの遣跡からのメッセージだ…)	
1487	narration	1	39	19	(あの部屋には食料が蓄えてあるらしい)	
1488	narration	1	33	16	(あの黒い船…クレイメン艦隊！)	
1489	narration	1	31	15	(あまりいいエサじゃないな…)	
1490	narration	1	29	14	(あれ、ガッシュがいない…)	
1491	narration	1	33	16	(あれから目覚める様子はない…)	
1492	narration	1	29	14	(あれが「護り火」の火種…)	
1493	narration	1	15	7	(あれだな…)	
1494	narration	1	17	8	(あれは…塔！)	
1495	narration	1	21	10	(あれは…隊長！！)	
1496	narration	1	15	7	(あれは！！)	
1497	narration	1	23	11	(あれ？ あの子は…)	
1498	narration	1	35	17	(あれ？ この下に落ちてるのは…)	
1499	narration	1	39	19	(あれ？ この人…確か、ゾアの街の…)	
1500	narration	1	35	17	(あれ？ 機嫌を悪くしたみたいだ)	
1501	narration	1	33	16	(あんな所にも何か置いてあるな)	
1502	narration	1	27	13	(いつ通ってもすごいな…)	
1503	narration	1	23	11	(いや…移動してる…)	
1504	narration	1	33	16	(いや、あの沈んでた黒い遣跡！)	
1505	narration	1	35	17	(いや、今は戻ってる場合じゃない)	
1506	narration	1	37	18	(いろんな物が雑多に積み上げてある)	
1507	narration	1	33	16	(うわぁ！どうしたんだ一体！？)	
1508	narration	1	17	8	(おかしいな…)	
1509	narration	1	39	19	(お互い、生きのびられればいいけど…)	
1510	narration	1	29	14	(かなり使い込んであるな…)	
1511	narration	1	31	15	(かなり昔に作られた物だな…)	
1512	narration	1	31	15	(かなり細工が行き届いてるな)	
1513	narration	1	27	13	(かまってほしいのかな？)	
1514	narration	1	35	17	(かまどの中で残り火が燃えている)	
1515	narration	1	35	17	(きっと何かの鍵が必要なんだな…)	
1516	narration	1	33	16	(きれいに手入れしてあるけど…)	
1517	narration	1	29	14	(くそっ、攻撃が効かない！)	
1518	narration	1	17	8	(くそっ！！…)	
1519	narration	1	25	12	(ぐっすり寝ているな…)	
1520	narration	1	39	19	(こいつ、どうして旧世紀の船の中に…)	
1521	narration	1	29	14	(こいつにはりついて行こう)	
1522	narration	1	31	15	(こいつにも名前がいるかな…)	
1523	narration	1	31	15	(こいつの真下の方が安全か…)	
1524	narration	1	29	14	(こいつも、変わった男だな)	
1525	narration	1	37	18	(こいつを乗りこなすのは大変そうだ)	
1526	narration	1	39	19	(こいつを使って、ここの遣跡の封印を)	
1527	narration	1	23	11	(こいつを沈めれば…)	
1528	narration	1	25	12	(こいつを破壊すれば…)	
1529	narration	1	35	17	(こういう事には一生懸命なんだな)	
1530	narration	1	33	16	(ここから先は警戒が厳しいな…)	
1531	narration	1	37	18	(ここから先へは戻れそうにないな…)	
1532	narration	1	37	18	(ここから向こう側に光を入れるのか)	
1533	narration	1	19	9	(ここがウルか！)	
1534	narration	1	23	11	(ここが中心部か！？)	
1535	narration	1	35	17	(ここで全冥分の食事を作るらしい)	
1536	narration	1	31	15	(ここで教典を焼くような奴は)	
1537	narration	1	24	10	(ここになら<03><05>船の部品<03>	
1538	narration	1	37	18	(ここにはあんな生き物までいるのか)	
1539	narration	1	19	9	(ここにもいたか)	
1540	narration	1	37	18	(ここに来た人が立てていくのかな…)	
1541	narration	1	35	17	(ここの北側だとか言ってたかな…)	
1542	narration	1	13	6	(ここは…)	
1543	narration	1	29	14	(ここはもう破壊したはず…)	
1544	narration	1	37	18	(ここまでをもう一度調べてみるか…)	
1545	narration	1	23	10	(ここも<01><01>には無理か)	
1546	narration	1	39	19	(ここを落ちて遣跡で気づくまでの間…)	
1547	narration	1	23	11	(ここを解除すると、)	
1548	narration	1	37	18	(ここを越えては行けそうにないな…)	
1549	narration	1	35	17	(ここ以外に森の中へは入れないな)	
1550	narration	1	33	16	(こちらには気づく様子もないな)	
1551	narration	1	29	14	(こっちが気になるみたいだ)	
1552	narration	1	33	16	(こっちを気にしてるみたいだ…)	
1553	narration	1	33	16	(このはしごはずいぶん低いな…)	
1554	narration	1	35	17	(このままじゃ、長くはもたないぞ)	
1555	narration	1	37	18	(このまま北へ飛べばたどり着ける！)	
1556	narration	1	39	19	(この位置からだと、よくわからないな)	
1557	narration	1	35	17	(この光が街を照らしているのか…)	
1558	narration	1	19	9	(この前来た時に)	
1559	narration	1	39	19	(この向こうは通路になっているらしい)	
1560	narration	1	31	15	(この奥に何があるんだろう？)	
1561	narration	1	27	13	(この巨体を沈めるには…)	
1562	narration	1	37	18	(この本は相当読みふるしてあるな…)	
1563	narration	1	35	17	(この本棚は、新しい本が多いな…)	
1564	narration	1	39	19	(この柱は、攻性生物の殻で作ってある)	
1565	narration	1	31	15	(この機械、まだ生きている…)	
1566	narration	1	31	15	(この機械は壊れているらしい)	
1567	narration	1	31	15	(この機械を使ったんだろうか)	
1568	narration	1	27	13	(この穀物は売り物らしい)	
1569	narration	1	33	16	(この紋章に埋まってるのって…)	
1570	narration	1	35	17	(この臭い、何とかならないかな！)	
1571	narration	1	31	15	(この街に関する記録らしい…)	
1572	narration	1	31	15	(この街の住人の基標らしい…)	
1573	narration	1	31	15	(この街の実力者のようだが…)	
1574	narration	1	37	18	(この袋には、旅の荷物が入っている)	
1575	narration	1	31	15	(この辺りに住んでいる奴かな)	
1576	narration	1	39	19	(この道具箱、ずっと放ってあるのかな)	
1577	narration	1	35	17	(この遣跡が眠っているせいかな…)	
1578	narration	1	39	19	(この遣跡で何をしようとしてるんだ？)	
1579	narration	1	37	18	(この部品は組み立ての途中みたいだ)	
1580	narration	1	35	17	(この銃で攻性生物と戦ったのか…)	
1581	narration	1	15	7	(これかな？)	
1582	narration	1	31	15	(これからは自分との闘いだ！)	
1583	narration	1	39	19	(これが…全部さっきと同じ物なのか…)	
1584	narration	1	37	18	(これが、さっきの遣跡が言っていた)	
1585	narration	1	37	18	(これが、旅で使う水袋になるんだな)	
1586	narration	1	27	13	(これがキーってことは、)	
1587	narration	1	39	19	(これが全部、ここの住人のものなのか)	
1588	narration	1	15	7	(これが！？)	
1589	narration	1	33	16	(これじゃ、すぐ破れてしまうな)	
1590	narration	1	37	18	(これだけ戦闘を繰り返せば当然か…)	
1591	narration	1	19	9	(これで2つ目…)	
1592	narration	1	19	9	(これで3つ目…)	
1593	narration	1	35	17	(これで、お互い命の恩人どうしか)	
1594	narration	1	31	15	(これで、約束は果たしたな…)	
1595	narration	1	39	19	(これでこの遣跡の封印が1つ解けた、)	
1596	narration	1	23	11	(これで塔に行ける…)	
1597	narration	1	37	18	(これで役に立つ物が作れるのかな？)	
1598	narration	1	19	9	(これで最後か？)	
1599	narration	1	19	9	(これなのか！？)	
1600	narration	1	23	11	(これは…ドラゴン？)	
1601	narration	1	19	9	(これは…一体…)	
1602	narration	1	31	15	(これは！ さっきと同じ！？)	
1603	narration	1	35	17	(これも、旧世紀の発掘品なのかな)	
1604	narration	1	33	16	(これもパエットが作ったのかな)	
1605	narration	1	29	14	(これも修理する気なのかな)	
1606	narration	1	35	17	(これ以上話をする気はないらしい)	
1607	narration	1	37	18	(こんなに食料の蓄えがあるなんて…)	
1608	narration	1	37	18	(こんな大きな物、よく持ち込んだな)	
1609	narration	1	33	16	(こんな所にまで来るとはなあ…)	
1610	narration	1	35	17	(さすがにまいってるみたいだな…)	
1611	narration	1	26	11	(さっき<03>\n鍵を取った場所<03>	
1612	narration	1	25	12	(さっきと同じ要領だな)	
1613	narration	1	37	18	(さっきのがスイッチだったのか……)	
1614	narration	1	37	18	(さっきのが動力源じゃないのか！？)	
1615	narration	1	39	19	(さっきの場所には戻れなくなったな…)	
1616	narration	1	31	15	(さっきの巨石がはまってる…)	
1617	narration	1	31	15	(さっきは新記録をだせたけど)	
1618	narration	1	33	16	(しかたない、他に道を探そう…)	
1619	narration	1	17	8	(しょうがない)	
1620	narration	1	27	13	(じきに目が覚めるだろう)	
1621	narration	1	25	12	(じっと座ったままだ…)	
1622	narration	1	35	17	(すぐにもここを出られそうなのに)	
1623	narration	1	25	12	(すごく大きなかまどだ)	
1624	narration	1	25	12	(すごく暗い雰囲気だ…)	
1625	narration	1	23	11	(すっかり回復したな)	
1626	narration	1	31	15	(ずいぶん勝ち誇った感じだ…)	
1627	narration	1	27	13	(ずいぶん古びた焼却炉だ)	
1628	narration	1	27	13	(ずいぶん古びた箱だな…)	
1629	narration	1	33	16	(ずいぶん派手にやってくれたな)	
1630	narration	1	29	14	(ずいぶん立派なかまどだ…)	
1631	narration	1	27	13	(ずいぶん蓄えが多いな…)	
1632	narration	1	33	16	(ずいぶん薄い布で包んである…)	
1633	narration	1	29	14	(ずいぶん身なりのいい男だ)	
1634	narration	1	39	19	(せいぜいひとり分の大きさしかないな)	
1635	narration	1	25	12	(そういうことなのか？)	
1636	narration	1	17	8	(そういえば…)	
1637	narration	1	39	19	(そうだ、ハンターのラドガムって人だ)	
1638	narration	1	35	17	(そうだ、砂漠で同じ物を見たな！)	
1639	narration	1	29	14	(その間の記憶が全くない…)	
1640	narration	1	31	15	(そばに染料も置いてあるな…)	
1641	narration	1	39	19	(それがあれば、ここで何かが起きる…)	
1642	narration	1	39	19	(それに、帝国軍も放っておけないし…)	
1643	narration	1	17	8	(それにしても)	
1644	narration	1	37	18	(それにしても、ずいぶん大きいな…)	
1645	narration	1	17	8	(それに数も…)	
1646	narration	1	39	19	(そんなにドラゴンが見たかったのかな)	
1647	narration	1	25	12	(たき火が燃えている…)	
1648	narration	1	17	8	(たき火の跡だ)	
1649	narration	1	27	13	(たぶん…何かの装置だな)	
1650	narration	1	37	18	(たぶん、塔をよみがえらせるために)	
1651	narration	1	37	18	(たぶん、森に住む小動物の肉だろう)	
1652	narration	1	37	18	(だから、ガッシュが操作できたのか)	
1653	narration	1	39	19	(だけど、これで攻性生物もこの辺りに)	
1654	narration	1	11	5	(ちっ！)	
1655	narration	1	27	13	(ちょっと動かしてみよう)	
1656	narration	1	33	16	(ちょっと大きすぎじゃないかな)	
1657	narration	1	35	17	(ちょっと機嫌が良くなったかな…)	
1658	narration	1	31	15	(つぼにはみんな封がしてある)	
1659	narration	1	33	16	(つぼにはみんな封をしてあるな)	
1660	narration	1	15	7	(つまり…、)	
1661	narration	1	33	16	(でも、あまり使った跡がないな)	
1662	narration	1	39	19	(でも、ちょっともったいなかったかな)	
1663	narration	1	25	12	(でも、どうして突然…)	
1664	narration	1	31	15	(でも、よく手入れされている)	
1665	narration	1	33	16	(でも、手入れは行き届いている)	
1666	narration	1	37	18	(とにかく、本人に話を聞かないと…)	
1667	narration	1	39	19	(ともあれ、2つ目の封印は解いたんだ)	
1668	narration	1	33	16	(どうしてついて来たんだろう？)	
1669	narration	1	33	16	(どうして嫌われてるんだろう？)	
1670	narration	1	29	14	(どうやっても開かないな…)	
1671	narration	1	31	15	(どこかで制御しているのか？)	
1672	narration	1	29	14	(どこかに、なかったかな…)	
1673	narration	1	39	19	(どこかにスイッチがあるはずなんだが)	
1674	narration	1	39	19	(どこかに入□がありそうなものだけど)	
1675	narration	1	27	13	(どれも使い込んであるな)	
1676	narration	1	29	14	(どれも手が加えてあるな…)	
1677	narration	1	33	16	(どれも長い間使ってないらしい)	
1678	narration	1	29	14	(なきがらを布で包んである)	
1679	narration	1	37	18	(なぜ、ここにシーカーがいるんだ？)	
1680	narration	1	33	16	(なるほど、こういうしかけか…)	
1681	narration	1	33	16	(なるほど、入□は開いたけど…)	
1682	narration	1	37	18	(なるほど、通路はつながったけど…)	
1683	narration	1	33	16	(なんだ…頭に声が響いてくる…)	
1684	narration	1	15	7	(なんだ…？)	
1685	narration	1	35	17	(なんだか、ふしぎな感じがする…)	
1686	narration	1	15	7	(なんだ！？)	
1687	narration	1	19	9	(なんて強さだ…)	
1688	narration	1	29	14	(なんでこんなところに…？)	
1689	narration	1	27	13	(はしごが立てかけてある)	
1690	narration	1	29	14	(はしごが立てかけてある…)	
1691	narration	1	17	8	(ひどい熱だ…)	
1692	narration	1	27	13	(ふしぎな光を発している)	
1693	narration	1	21	10	(ふしぎな男だな…)	
1694	narration	1	19	9	(ぶあつい写本だ)	
1695	narration	1	33	16	(まあ、こいつは後回しにしよう)	
1696	narration	1	37	18	(まさか…帝国軍のじゃないだろうな)	
1697	narration	1	15	7	(まずは1匹)	
1698	narration	1	33	16	(また変化があったかもしれない)	
1699	narration	1	17	8	(また奴らか！)	
1700	narration	1	23	11	(また騒がしくなった)	
1701	narration	1	33	16	(まだ、かなり油が残っている…)	
1702	narration	1	33	16	(まだ、はめる場所が7つある…)	
1703	narration	1	13	6	(まだか…)	
1704	narration	1	19	9	(まだこんなに！)	
1705	narration	1	35	17	(まだ光の粒子が吐き出されてる！)	
1706	narration	1	19	9	(まだ沈まない…)	
1707	narration	1	25	12	(まだ食べる気なのか？)	
1708	narration	1	35	17	(まめに相手をしていたせいかな？)	
1709	narration	1	33	16	(まわりが浮き上がってきてる！)	
1710	narration	1	39	19	(みんな、こんな風に死んでいくのか…)	
1711	narration	1	13	6	(めしべ？)	
1712	narration	1	25	12	(もう一度挑戦するか？)	
1713	narration	1	17	8	(もう少しだ…)	
1714	narration	1	37	18	(もし、このまま目覚めなかったら…)	
1715	narration	1	25	12	(もっと近よってみよう)	
1716	narration	1	31	15	(もっと近よって調べてみよう)	
1717	narration	1	39	19	(やっぱり、ドラゴンの子供なのかな？)	
1718	narration	1	35	17	(やっぱり、動力源を叩かないと！)	
1719	narration	1	17	8	(やっぱりだ…)	
1720	narration	1	29	14	(やっぱりシーカーなのかな)	
1721	narration	1	31	15	(やれやれ、やっと一段落だな)	
1722	narration	1	29	14	(よかった…安心したようだ)	
1723	narration	1	37	18	(よく見ると、まだ何か残ってるな…)	
1724	narration	1	27	13	(よし、もう一度挑戦だ！)	
1725	narration	1	23	11	(よし、森に入ろう！)	
1726	narration	1	27	13	(よし、森の上へ出よう！)	
1727	narration	1	23	11	(わかるってことか…)	
1728	narration	1	33	16	(わき目もふらずに調べている…)	
1729	narration	1	35	17	(わざと儀を無視してるみたいだ…)	
1730	narration	1	31	15	(わりといい燃料を使ってるな)	
1731	narration	1	39	19	(ん？ …体の下に、銃が落ちているな)	
1732	narration	1	39	19	(ん？ よく見るとまだ何か残ってるぞ)	
1733	narration	1	33	16	(アゼル…まだ目が覚めないのか)	
1734	narration	1	27	13	(アゼルが寝ていた寝床だ)	
1735	narration	1	33	16	(アゼルのそばに何か置いてある)	
1736	narration	1	37	18	(アゼルは、じっと発掘物を見ている)	
1737	narration	1	29	14	(アゼルは連れて行けないな)	
1738	narration	1	15	7	(アゼル！！)	
1739	narration	1	33	16	(アリ地獄に落ちる事あるんだ…)	
1740	narration	1	25	12	(エレベータのロックだ)	
1741	narration	1	29	14	(エレベーターも壊れたし…)	
1742	narration	1	23	11	(エンジンの伝達線だ)	
1743	narration	1	29	14	(ガッシュ、つらそうだな…)	
1744	narration	1	37	18	(ガッシュが言ってた「処置」って…)	
1745	narration	1	39	19	(ガッシュはなぜ使いをよこしたのかな)	
1746	narration	1	39	19	(ガラクタが山のように積み上げてある)	
1747	narration	1	35	17	(ガラクタの山に布をかぶせてある)	
1748	narration	1	29	14	(キャラバンのリーダーか…)	
1749	narration	1	35	17	(クレイメンとやりあったのか……)	
1750	narration	1	39	19	(クレイメンの言っていたゲートって…)	
1751	narration	1	29	14	(クレイメン達の目的って…)	
1752	narration	1	31	15	(クーリアのエサが置いてある)	
1753	narration	1	37	18	(クーリアのフンを固めた燃料の火だ)	
1754	narration	1	33	16	(クーリアの変種にも見えるな…)	
1755	narration	1	25	12	(ゲートのようだけど…)	
1756	narration	1	37	18	(ザアルの実か…確かに高価なものだ)	
1757	narration	1	27	13	(シーカーがやったのか？)	
1758	narration	1	23	11	(シーカーの女の子だ)	
1759	narration	1	29	14	(スナグサの実が入っている)	
1760	narration	1	39	19	(ゾアの街で手に入れた旧世紀の機械だ)	
1761	narration	1	29	14	(ゾアの街にいたハンターだ)	
1762	narration	1	37	18	(ゾアの街にいたハンターの死体だ…)	
1763	narration	1	29	14	(テーブルがかたづけてある)	
1764	narration	1	31	15	(ドラゴンじゃダメってことか)	
1765	narration	1	21	10	(ドラゴンでいいか)	
1766	narration	1	27	13	(ドラゴンと鍵があれば、)	
1767	narration	1	37	18	(ドラゴンに関する本もあるみたいだ)	
1768	narration	1	21	10	(ドラゴンの幻だ…)	
1769	narration	1	25	12	(ドラゴンの紋章…！？)	
1770	narration	1	27	13	(ドラゴンを尋われた…？)	
1771	narration	1	35	17	(ハンターがよく使う携帯ランプだ)	
1772	narration	1	39	19	(ハンターが弾薬入れによく使っている)	
1773	narration	1	31	15	(ハンターが身につける防具だ)	
1774	narration	1	27	13	(ハンターのラドガムだ…)	
1775	narration	1	27	13	(ハンターの使う道具だ…)	
1776	narration	1	23	11	(ハンターの死体だ…)	
1777	narration	1	29	14	(パエットが作業をしている)	
1778	narration	1	37	18	(パエットぐらいしかいないよなあ…)	
1779	narration	1	31	15	(パエットだ…不機嫌そうだな)	
1780	narration	1	37	18	(パエットには聞こえてないのか…？)	
1781	narration	1	37	18	(パエットに見せてもらった通りだ…)	
1782	narration	1	35	17	(パエットの欲しがってる物って…)	
1783	narration	1	39	19	(パエットは、じっと発掘品を見ている)	
1784	narration	1	15	7	(パエット！)	
1785	narration	1	31	15	(プロテクトキーってやつか…)	
1786	narration	1	21	10	(プロテクトキー？)	
1787	narration	1	25	12	(マクランジュエルか…)	
1788	narration	1	39	19	(マクランジュエルが欲しいらしいな…)	
1789	narration	1	39	19	(マクランジュエルを調達するんだっけ)	
1790	narration	1	37	18	(メル=カヴァが見えた時と同じだ…)	
1791	narration	1	37	18	(メル=カヴァの一部のようだけど…)	
1792	narration	1	33	16	(ラグス草を栽培しているらしい)	
1793	narration	1	37	18	(ランプを外した台だけが吊ってある)	
1794	narration	1	35	17	(ランプを降ろすのに使ったらしい)	
1795	narration	1	17	8	(ランプ台だ…)	
1796	narration	1	19	9	(ワームの幼性？)	
1797	narration	1	25	12	(一体、何の用だろう？)	
1798	narration	1	27	13	(一応満足したみたいだな)	
1799	narration	1	23	11	(一緒についてくるぞ)	
1800	narration	1	39	19	(上等のランプだ…本を読むためだろう)	
1801	narration	1	21	10	(不思議な男だな…)	
1802	narration	1	33	16	(中が空洞になってる…通れるな)	
1803	narration	1	37	18	(中身はほとんど持ち出されてるな…)	
1804	narration	1	21	10	(主を失った船か…)	
1805	narration	1	35	17	(乗せてやった方がよかったかな…)	
1806	narration	1	21	10	(井戸が掘ってある)	
1807	narration	1	37	18	(井戸というより、地下の通路だな…)	
1808	narration	1	23	11	(人が倒れている…！)	
1809	narration	1	37	18	(今では、この男がゾアの支配者か…)	
1810	narration	1	33	16	(今のが遣跡のガーディアンか！)	
1811	narration	1	31	15	(今の声…直接頭に響いてきた)	
1812	narration	1	31	15	(今はこのまま寝かせてやろう)	
1813	narration	1	39	19	(今はこの男の言うことを聞くしかない)	
1814	narration	1	33	16	(今はこれを修理しているらしい)	
1815	narration	1	21	10	(今は動いてない…)	
1816	narration	1	33	16	(今夜、ここに来いと書いてある)	
1817	narration	1	39	19	(今度はもっと戦い方を工夫してみよう)	
1818	narration	1	33	16	(今日は気が立ってるみたいだ…)	
1819	narration	1	31	15	(今日は特に調子がよさそうだ)	
1820	narration	1	27	13	(仕組んでたってわけか…)	
1821	narration	1	21	10	(他にもいるかな…)	
1822	narration	1	31	15	(他に手がかりを探してみよう)	
1823	narration	1	31	15	(他に道を探すしかないのか？)	
1824	narration	1	27	13	(仲間の所に戻ったのかな)	
1825	narration	1	29	14	(体力が落ちてきたみたいだ)	
1826	slot	1	29	14	(体裁のいいものじゃないな)	
1827	narration	1	21	10	(何かいるのか！？)	
1828	narration	1	29	14	(何かが作動したみたいだ…)	
1829	narration	1	31	15	(何かが引きあげられている？)	
1830	narration	1	31	15	(何かの作業をしているようだ)	
1831	narration	1	17	8	(何かの紋章だ)	
1832	narration	1	31	15	(何かの道具が下げられている)	
1833	narration	1	21	10	(何かの鍵らしいが)	
1834	narration	1	27	13	(何かはめ込んであるぞ…)	
1835	narration	1	35	17	(何かをはめるみたいな形だけど…)	
1836	narration	1	17	8	(何か光ってる)	
1837	narration	1	33	16	(何か変化があったかもしれない)	
1838	narration	1	31	15	(何か話してるみたいだけど…)	
1839	narration	1	17	8	(何だ、こいつ)	
1840	narration	1	23	11	(何だろう、これは？)	
1841	narration	1	11	5	(何だ！)	
1842	narration	1	25	12	(何だ？ この遣跡は…)	
1843	narration	1	27	13	(何だ？ 帝国軍の奴ら…)	
1844	narration	1	25	12	(何でも売ってるんだな)	
1845	narration	1	29	14	(何に使うのかさっぱりだ…)	
1846	narration	1	23	11	(何に使うんだろう？)	
1847	narration	1	31	15	(何のための装置なんだろう？)	
1848	narration	1	21	10	(何も起こらない…)	
1849	narration	1	33	16	(何も起こらなければいいけど…)	
1850	narration	1	29	14	(何をやろうとしてるんだ？)	
1851	narration	1	21	10	(作りかけの水袋だ)	
1852	narration	1	31	15	(作物が山のように積んである)	
1853	narration	1	31	15	(作物を運ぶためのかごらしい)	
1854	narration	1	29	14	(保存燃料を使ったたき火だ)	
1855	narration	1	33	16	(倉庫の換気のための風車らしい)	
1856	narration	1	27	13	(倒す方法が別にあるのか)	
1857	narration	1	27	13	(傷だらけになっている…)	
1858	narration	1	33	16	(儀がこの遣跡の封印を解くのを)	
1859	narration	1	39	19	(儀にはガラクタにしか見えないけど…)	
1860	narration	1	35	17	(儀の事は気にしてないみたいだ…)	
1861	narration	1	31	15	(儀らを仲間だと思ったのかな)	
1862	narration	1	31	15	(儀を警戒しているみたいだ…)	
1863	narration	1	25	12	(儀式に使う祭壇らしい)	
1864	narration	1	25	12	(儀式に使う道具らしい)	
1865	narration	1	29	14	(光の粒子を吹き出してる…)	
1866	narration	1	35	17	(入□が爆破されていて入れない…)	
1867	narration	1	35	17	(全部、動かせということなのか…)	
1868	narration	1	33	16	(内部か…とにかく先に進もう…)	
1869	narration	1	23	11	(刈り取り用の農具だ)	
1870	narration	1	39	19	(力を出しつくしてしまったんだろう…)	
1871	narration	1	21	10	(動きが止まった…)	
1872	narration	1	29	14	(動力源が2つあったのか！)	
1873	narration	1	37	18	(反撃されないためには銃しかないな)	
1874	narration	1	31	15	(反撃を上にさせて巣を狙おう)	
1875	narration	1	35	17	(取ってきた部品を検分している…)	
1876	narration	1	33	16	(古びたひもが壁にかかっている)	
1877	narration	1	27	13	(古びた木箱が置いてある)	
1878	narration	1	15	7	(古井戸だ…)	
1879	narration	1	37	18	(古井戸だ…すっかり水がかれている)	
1880	narration	1	21	10	(司祭のダモンだ…)	
1881	narration	1	31	15	(吊り床が壁に取りつけてある)	
1882	narration	1	27	13	(吊り床が放り出してある)	
1883	narration	1	31	15	(吊り床が柱にとりつけてある)	
1884	narration	1	39	19	(吊り床を支える網が引きちぎってある)	
1885	narration	1	23	11	(吊り床を支える網だ)	
1886	narration	1	19	9	(同じ印の遣跡…)	
1887	narration	1	27	13	(向こう側へは渡れないな)	
1888	narration	1	37	18	(場所は…ゾアの北…95万リオン？)	
1889	narration	1	35	17	(塔へ行く道の入□があるとすれば)	
1890	narration	1	25	12	(塩が入っているらしい)	
1891	narration	1	37	18	(墜落したらしい…ひどく壊れている)	
1892	narration	1	39	19	(壁から引きちぎって放り出したらしい)	
1893	narration	1	35	17	(壁に、古びたひもがかかっている)	
1894	narration	1	29	14	(壁の向こうに井戸が見える)	
1895	narration	1	35	17	(壁の隙間から大きな家が見える…)	
1896	narration	1	27	13	(壁の隙間から扉が見える)	
1897	narration	1	33	16	(壊れた機械と、妙な薬のつぼだ)	
1898	narration	1	33	16	(壊れているけど、立派な銃だ…)	
1899	narration	1	29	14	(変わった飾りが立っている)	
1900	narration	1	21	10	(多分この場所だ…)	
1901	narration	1	39	19	(夜になったら、またここに来てみよう)	
1902	narration	1	29	14	(大きさのわりに軽そうだな)	
1903	narration	1	27	13	(大きなかごが置いてある)	
1904	narration	1	19	9	(大きなかまどだ)	
1905	narration	1	27	13	(大きな木箱が置いてある)	
1906	narration	1	17	8	(大きな木箱だ)	
1907	narration	1	29	14	(大きな水がめが置いてある)	
1908	narration	1	23	11	(大きな焼却炉がある)	
1909	narration	1	33	16	(大きな荷物に布をかぶせてある)	
1910	narration	1	33	16	(天井に物を吊るのに使うらしい)	
1911	narration	1	25	12	(天井に管が通っている)	
1912	narration	1	15	7	(天幕の柱だ)	
1913	narration	1	27	13	(天幕をしまう箱だろうか)	
1914	narration	1	37	18	(奴ら、儀が封印を解くのを見こして)	
1915	narration	1	25	12	(威嘯のつもりにしては)	
1916	narration	1	33	16	(嫌われてるらしい…まいったな)	
1917	narration	1	33	16	(子供をたおすのもあきてきたな)	
1918	narration	1	25	12	(完全に暴走している！)	
1919	narration	1	35	17	(実のならない木を育てるなんて…)	
1920	narration	1	35	17	(実は子供は経験値がないんだよな)	
1921	narration	1	33	16	(客の座るイスがかたづけてある)	
1922	narration	1	21	10	(客の座るイスだ…)	
1923	narration	1	29	14	(封をしたつぼが置いてある)	
1924	narration	1	25	12	(封印が解けたせいで、)	
1925	narration	1	41	20	(封印を解くたびに、ここに変化がある…)	
1926	narration	1	31	15	(小さいけど、きれいな寝床だ)	
1927	narration	1	21	10	(小さなかまどだ…)	
1928	narration	1	21	10	(小さな女の子だ…)	
1929	narration	1	17	8	(小さな暖炉だ)	
1930	narration	1	29	14	(小さな機械がついている…)	
1931	narration	1	17	8	(小さな苗床だ)	
1932	narration	1	25	12	(小型の炉が置いてある)	
1933	narration	1	33	16	(少し量が減っているみたいだな)	
1934	narration	1	31	15	(屋根に風車がすえつけてある)	
1935	narration	1	25	12	(布で隠してあるけど…)	
1936	narration	1	23	11	(布の袋が置いてある)	
1937	narration	1	25	12	(布や染料が置いてある)	
1938	narration	1	19	9	(布張りの箱だ…)	
1939	narration	1	37	18	(帝国との戦いになるかもしれない…)	
1940	narration	1	33	16	(帝国の戦艦が撃沈されている…)	
1941	narration	1	39	19	(帝国の書物だ…どこかで拾ったのかな)	
1942	narration	1	21	10	(帝国の書物だ…！)	
1943	narration	1	37	18	(帝国の書物も混ざってるみたいだな)	
1944	narration	1	29	14	(帝国軍が怖くないのかな？)	
1945	narration	1	27	13	(帝国軍が爆破している…)	
1946	narration	1	25	12	(干し肉が吊るしてある)	
1947	narration	1	23	11	(年老いた女の人だ…)	
1948	narration	1	39	19	(年老いた男だ…でも哀えた様子はない)	
1949	narration	1	29	14	(床に機械が放り出してある)	
1950	narration	1	31	15	(床の上にランプが置いてある)	
1951	narration	1	33	16	(役に立ちそうな本はないかな…)	
1952	narration	1	29	14	(彼女は生きて戻れたのか…)	
1953	narration	1	37	18	(後の通路みたいなのが気になるな…)	
1954	narration	1	37	18	(後ろにのびてる通路に続いてるのか)	
1955	narration	1	39	19	(心が通じるって、こんな感じなのかな)	
1956	narration	1	18	7	(急いで<03>\n指令塔<03>	
1957	narration	1	21	10	(戦いの犠牲者か…)	
1958	narration	1	29	14	(戦い方がまずかったかな…)	
1959	narration	1	17	8	(戻ってみよう)	
1960	narration	1	33	16	(扉がテーブルでふさがれている)	
1961	narration	1	23	11	(扉が閉まっている…)	
1962	narration	1	33	16	(手つきにも活気が出てきたな…)	
1963	narration	1	35	17	(手を加えすぎて失敗したらしいな)	
1964	narration	1	27	13	(手紙だ！ いつの間に…)	
1965	narration	1	23	11	(折畳み式のテントだ)	
1966	narration	1	27	13	(持ち運びには向かないな)	
1967	narration	1	23	11	(持ち運び式の炉だ…)	
1968	narration	1	39	19	(指揮を取っている場所さえわかれば！)	
1969	narration	1	27	13	(探せば、まだいそうだな)	
1970	narration	1	37	18	(換気のために管を通しているようだ)	
1971	narration	1	31	15	(携帯ランプを改造した物だ…)	
1972	narration	1	37	18	(操縦機とエンジンをつなぐ伝達線だ)	
1973	narration	1	29	14	(攻性生物が寄生している！)	
1974	narration	1	39	19	(攻性生物でも子を守ろうとするんだ…)	
1975	narration	1	31	15	(攻性生物にやられたらしい…)	
1976	narration	1	21	10	(攻性生物のマユ…)	
1977	narration	1	23	11	(攻性生物のマユか…)	
1978	narration	1	25	12	(攻性生物の体の一部だ)	
1979	narration	1	27	13	(攻性生物の体の一部だ…)	
1980	narration	1	33	16	(攻性生物の体内にできる宝石だ)	
1981	narration	1	31	15	(攻性生物の体液を塗った布だ)	
1982	narration	1	31	15	(攻性生物の内臓が干してある)	
1983	narration	1	31	15	(攻性生物の内臓で作ってある)	
1984	narration	1	33	16	(攻性生物の内臓や体液の匂いだ)	
1985	narration	1	21	10	(攻性生物の死体だ)	
1986	narration	1	37	18	(攻性生物の殻に模様をつけた飾りだ)	
1987	narration	1	31	15	(攻性生物の腕が吊るしてある)	
1988	narration	1	37	18	(攻性生物の腕だ…爪を抜いてあるな)	
1989	narration	1	39	19	(攻性生物はたいてい殻が堅いからな…)	
1990	narration	1	23	11	(攻生成物避けの香石)	
1991	narration	1	25	12	(敷布が放り出してある)	
1992	narration	1	27	13	(敷布の下に何かあるぞ…)	
1993	narration	1	29	14	(料理をしているみたいだ…)	
1994	narration	1	31	15	(旅の道具が入っているようだ)	
1995	narration	1	39	19	(旧世紀からずっと動き続けてるのかな)	
1996	narration	1	25	12	(旧世紀のエレベータだ)	
1997	narration	1	35	17	(旧世紀の伝説にあるドラゴン！？)	
1998	narration	1	23	11	(旧世紀の機械がある)	
1999	narration	1	33	16	(旧世紀の機械が光を発している)	
2000	narration	1	31	15	(旧世紀の機械が吊るしてある)	
2001	narration	1	39	19	(旧世紀の機械が幻を出しているらしい)	
2002	narration	1	19	9	(旧世紀の機械だ)	
2003	narration	1	25	12	(旧世紀の沈没船？か…)	
2004	narration	1	35	17	(旧世紀の発掘品、手作りの道具…)	
2005	narration	1	21	10	(旧世紀の空中船だ)	
2006	narration	1	23	11	(旧世紀の空中船だ…)	
2007	narration	1	23	11	(旧世紀の記録機械だ)	
2008	narration	1	29	14	(旧世紀の部品も使ってある)	
2009	narration	1	33	16	(旧世紀の銃！ まだ使えそうだ)	
2010	narration	1	39	19	(旧式の銃だが、よく手入れされている)	
2011	narration	1	33	16	(早く3つ目の鍵を探さなきゃ…)	
2012	narration	1	25	12	(早く何とかしないと！)	
2013	narration	1	33	16	(昼間は動きを止めているらしい)	
2014	narration	1	29	14	(普通に仕事をしてるけど…)	
2015	narration	1	29	14	(普通の家で使うランプだ…)	
2016	narration	1	33	16	(普通の獣の皮なんて、珍しいな)	
2017	narration	1	39	19	(暖炉の中で、小さな火が燃えている…)	
2018	narration	1	31	15	(暴走しているのは、あれか…)	
2019	narration	1	19	9	(最後の封印、か)	
2020	narration	1	23	11	(最後の封印の鍵か…)	
2021	narration	1	37	18	(最近、中身を持ち出したみたいだな)	
2022	narration	1	33	16	(最近、銃を持ち出したらしい…)	
2023	narration	1	33	16	(木々がびっしりはびこっている)	
2024	narration	1	29	14	(木と布でできたテーブルだ)	
2025	narration	1	27	13	(木のはしごが置いてある)	
2026	narration	1	29	14	(木の実や種が入ったかごだ)	
2027	narration	1	29	14	(木の板で作った吊り床だ…)	
2028	narration	1	33	16	(木の根本に、何か落ちている…)	
2029	narration	1	21	10	(木彫りの飾り柱だ)	
2030	narration	1	37	18	(木彫りの飾り柱だ…細かい細工だな)	
2031	narration	1	29	14	(木箱がたくさん置いてある)	
2032	narration	1	27	13	(本がたくさん並んでいる)	
2033	narration	1	35	17	(本棚だ…色々な書物が置いてある)	
2034	narration	1	37	18	(机の上に、たくさん書物が出ている)	
2035	narration	1	31	15	(机の上にも機械が置いてある)	
2036	narration	1	23	11	(架け橋が壊されてる)	
2037	narration	1	37	18	(棚と同じように作られたテーブルだ)	
2038	narration	1	31	15	(棚には売り物が並んでいる…)	
2039	narration	1	33	16	(棚には本や物入れがのっている)	
2040	narration	1	27	13	(棚には雑貨がのっている)	
2041	narration	1	27	13	(棚には食器がのっている)	
2042	narration	1	27	13	(棚の上に箱が載っている)	
2043	narration	1	35	17	(棚の中に油のつぼがしまってある)	
2044	narration	1	37	18	(棚の中に香料のつぼがしまってある)	
2045	narration	1	37	18	(森からは、こんな物がとれるのか…)	
2046	narration	1	31	15	(森の中にも続いているようだ)	
2047	narration	1	39	19	(森の中の街だけあって、いいたき木だ)	
2048	narration	1	19	9	(森の中へ入ろう)	
2049	narration	1	35	17	(機械の部品がたくさん出してある)	
2050	narration	1	33	16	(機械や道具が入っているらしい)	
2051	narration	1	23	11	(次はがんばるぞ！！)	
2052	narration	1	35	17	(次はこいつに合う鍵穴探しだな…)	
2053	narration	1	19	9	(止まっている！)	
2054	narration	1	33	16	(武器、日用品、旧世紀の機械…)	
2055	narration	1	29	14	(歩くのはうまくないんだな)	
2056	narration	1	37	18	(死んでる…攻性生物にやられたのか)	
2057	narration	1	39	19	(死体から、光る石がこぼれ落ちている)	
2058	narration	1	29	14	(残ってるのは、これだけか)	
2059	narration	1	31	15	(残ってるのはこれぐらいか…)	
2060	narration	1	21	10	(毛皮が干してある)	
2061	narration	1	19	9	(気づかれた！！)	
2062	narration	1	39	19	(気のせいか、いつもより元気がいいな)	
2063	narration	1	27	13	(気の荒いクーリアだな…)	
2064	narration	1	23	11	(気落ちした様子だ…)	
2065	narration	1	11	5	(水袋だ)	
2066	narration	1	19	9	(汚い敷布だな…)	
2067	narration	1	39	19	(洞窟？ …の、ようにも見えるけど…)	
2068	narration	1	37	18	(渓谷で拾った銃に目をとめたようだ)	
2069	narration	1	37	18	(滝を見ていると吸い込まれそうだ…)	
2070	narration	1	39	19	(焼却炉の中で、本が焼け残っている…)	
2071	narration	1	27	13	(照明用の機械だろうか…)	
2072	narration	1	23	11	(熱が下がっている…)	
2073	narration	1	29	14	(熱と湿気を防ぐ特製の箱だ)	
2074	narration	1	27	13	(燃料はまだ使えるかな…)	
2075	narration	1	29	14	(特に変わった様子はないな)	
2076	narration	1	35	17	(特殊な器官を取り出しているらしい	
2077	narration	1	37	18	(狩りの無事を祈るためのしきたりだ)	
2078	narration	1	19	9	(狩りの獲物か…)	
2079	narration	1	39	19	(獲物をバラすための道具が入っている)	
2080	narration	1	27	13	(珍しい模様の敷布だな…)	
2081	narration	1	19	9	(生物の鼓動…？)	
2082	narration	1	21	10	(疲れてるのかな…)	
2083	narration	1	35	17	(発掘品いじりが役に立ったんだな)	
2084	narration	1	33	16	(発掘品の細工をしているようだ)	
2085	narration	1	27	13	(発掘品を加工した物だ…)	
2086	narration	1	31	15	(石碑のような物が置いてある)	
2087	narration	1	39	19	(砂漠で見た事があるような植物だな…)	
2088	narration	1	35	17	(破壊しちゃったけど、大丈夫かな)	
2089	narration	1	29	14	(確か、機械が墜落したのは)	
2090	narration	1	25	12	(祈りに集中している…)	
2091	narration	1	29	14	(祈りを捧げているようだ…)	
2092	narration	1	25	12	(祭壇が片づけてある…)	
2093	narration	1	25	12	(祭壇に銃が飾ってある)	
2094	narration	1	33	16	(祭壇に銃を飾るための台座だ…)	
2095	narration	1	33	16	(穀物が入ったつぼが並んでいる)	
2096	narration	1	15	7	(穀物の山だ)	
2097	narration	1	31	15	(穀物や油のつぼが並んでいる)	
2098	narration	1	19	9	(穀物入りの袋だ)	
2099	narration	1	37	18	(空いた箱から中身が出しかけてある)	
2100	narration	1	25	12	(窓の灯は消えている…)	
2101	narration	1	37	18	(立派な寝床だけど…ちょっと汚いな)	
2102	narration	1	39	19	(竜巻で何かが引きあげられている！？)	
2103	narration	1	25	12	(箱の中はからっぽだ…)	
2104	narration	1	27	13	(箱の中身は衣類のようだ)	
2105	narration	1	33	16	(簡単に消えることはないだろう)	
2106	slot	1	29	10	(簡素な吊り床だ…)	
2107	narration	1	39	19	(粒子に当たると外にはじき出される…)	
2108	narration	1	37	18	(約束の場所は、あの渓谷だったな…)	
2109	narration	1	33	16	(紋章に封印されていたのかな？)	
2110	narration	1	31	15	(細かい細工を施した飾り柱だ)	
2111	narration	1	31	15	(腹のふくれる代物じゃないな)	
2112	narration	1	27	13	(船の方に集まってるぞ…)	
2113	narration	1	31	15	(色々な形のつぼが置いてある)	
2114	narration	1	35	17	(色々な機械を組み合わせてある…)	
2115	narration	1	27	13	(色々な物が吊ってある…)	
2116	narration	1	33	16	(若い女の人が掃除をしている…)	
2117	narration	1	29	14	(若い男が寝ころんでいる…)	
2118	narration	1	31	15	(若い男だ…かなり酔ってるな)	
2119	narration	1	35	17	(若い男だ…ここの住人だろうか？)	
2120	narration	1	25	12	(若い男のシーカーだ…)	
2121	narration	1	21	10	(荷物を入れる袋だ)	
2122	narration	1	31	15	(落ち着きなく歩き回っている)	
2123	narration	1	31	15	(薬の材料にでもするのかな…)	
2124	narration	1	23	11	(街の外に通じる門だ)	
2125	narration	1	31	15	(装置がうなりをあげはじめた)	
2126	narration	1	27	13	(装置が動き出したのか…)	
2127	narration	1	27	13	(装置が止まったせいかな)	
2128	narration	1	27	13	(見たことのない木の実だ)	
2129	narration	1	27	13	(見たところ何も変化は…)	
2130	narration	1	25	12	(見なれない攻性生物だ)	
2131	narration	1	37	18	(親のところまで連れていってやるか)	
2132	narration	1	29	14	(親の巣の跡に何かある…？)	
2133	narration	1	33	16	(解いていけば、この場所の謎が)	
2134	narration	1	29	14	(誰かが入った跡がある…！)	
2135	narration	1	29	14	(調べものをしているようだ)	
2136	narration	1	19	9	(警戒が厳しい…)	
2137	narration	1	33	16	(赤いワームなんて、珍しいな…)	
2138	narration	1	29	14	(身体を洗ってもらっている)	
2139	narration	1	31	15	(農具がたくさんしまってある)	
2140	narration	1	35	17	(近くで見ると、結構大がかりだな)	
2141	narration	1	31	15	(近づきやすくなったはずだ…)	
2142	narration	1	29	14	(近よらないと動かせないな)	
2143	narration	1	37	18	(近よらないと鍵を使うのは無理だな)	
2144	narration	1	21	10	(道具屋のヤレドだ)	
2145	narration	1	13	6	(道具箱だ)	
2146	narration	1	35	17	(道具箱の中身が床に転がっている)	
2147	narration	1	29	14	(遠すぎてよく聞こえないな)	
2148	narration	1	25	12	(遠出の時に使う水袋だ)	
2149	narration	1	19	9	(遣跡への入□だ)	
2150	narration	1	21	10	(邪魔するように…)	
2151	narration	1	23	11	(鉢植えが置いてある)	
2152	narration	1	19	9	(銃が置いてある)	
2153	narration	1	35	17	(銃で下にいる奴らを狙ってみるか)	
2154	narration	1	29	14	(銃の台座だけが残っている)	
2155	narration	1	33	16	(銃の攻撃力を上げる部品だな…)	
2156	narration	1	39	19	(錠前がついている…開けるのは無理だ)	
2157	narration	1	25	12	(鍵がないと外せない…)	
2158	narration	1	31	15	(門の開閉はここで行うようだ)	
2159	narration	1	25	12	(門は閉ざされている…)	
2160	narration	1	21	10	(門番の詰所らしい)	
2161	narration	1	17	8	(開いてないな)	
2162	narration	1	13	6	(開かない)	
2163	narration	1	37	18	(間違いない…これは旧世紀の機械だ)	
2164	narration	1	27	13	(防具が壁にかかっている)	
2165	narration	1	25	12	(降りて調べてみるか…)	
2166	narration	1	25	12	(隣の区画に通じる門だ)	
2167	narration	1	39	19	(隣の部屋からガラクタがあふれている)	
2168	narration	1	31	15	(雇われハンターのラウルだ…)	
2169	narration	1	27	13	(難しそうな本が多いな…)	
2170	narration	1	17	8	(霧が晴れた！)	
2171	narration	1	19	9	(静かになったな)	
2172	narration	1	21	10	(静かになったな…)	
2173	narration	1	31	15	(頭に直接響いてくる…感じだ)	
2174	narration	1	35	17	(頭をつぶさないときりがないぞ…)	
2175	narration	1	37	18	(風がやまない限り先には行けないな)	
2176	narration	1	21	10	(風がやんでいる…)	
2177	narration	1	21	10	(風が吹いている…)	
2178	narration	1	33	16	(風向と風力を計っているらしい)	
2179	narration	1	39	19	(風網を止めるスイッチを探すのが先か)	
2180	narration	1	27	13	(食事を作っているらしい)	
2181	narration	1	29	14	(食事用のテーブルだけど…)	
2182	narration	1	23	11	(食器の入った棚だ…)	
2183	narration	1	17	8	(飲まれる！？)	
2184	narration	1	21	10	(飲み水の蓄えだ…)	
2185	narration	1	29	14	(飲み水や食料が置いてある)	
2186	narration	1	31	15	(飲み水や食料が置いてある…)	
2187	narration	1	37	18	(飾りの後ろに、木の像が並んでいる)	
2188	narration	1	37	18	(飾り窓の向こうから光がさしている)	
2189	narration	1	37	18	(香木が立ててある…古い物が多いな)	
2190	narration	1	35	17	(香辛料としては高く売れるけど…)	
2191	narration	1	17	8	(騒がしいな…)	
2192	narration	1	15	7	(驚いたな！)	
2193	narration	1	27	13	(高熱で眠り続けている…)	
2194	narration	1	23	11	(！      ！ )	
2195	narration	1	21	10	(！！ 聞こえる…)	
2196	narration	1	19	9	(！？ あれは…)	
2197	narration	1	37	18	(！？ これがメル=カヴァなのか…)	
2198	narration	1	19	9	(．．．幻聴か？)	
2199	narration	1	23	11	(？      ？ )	
2200	narration	1	7	3	(？)	
2201	dialog	1	11	5	)<01>キャンプ	
2202	dialog	1	4	2	)<02>メ	
2203	dialog	1	4	2	)<03>ツ	
2204	dialog	1	4	2	)<05>ホ	
2205	dialog	1	41	19	)<1D><1A><01>(…だめだ、とっくに冷たくなってる)	
2206	dialog	1	35	16	)<1D><1A><01>(よく仕込まれたクーリアだな)	
2207	dialog	1	33	15	)<1D><1A><01>(餌でもやってみようかな…)	
2208	dialog	1	8	1	)<1D><1A><01><18><09><09>	
2209	dialog	1	13	5	)<1D><1A><01>…………	
2210	dialog	1	17	13	)<1D><1A><01>イス」ゥスゆゆりもョ。ォ	
2211	dialog	1	17	13	)<1D><1A><01>イス」・スゆらろもョ。ォ	
2212	dialog	1	17	13	)<1D><1A><01>イスイースゆゆりもョ。ォ	
2213	dialog	1	17	13	)<1D><1A><01>イスェ「スゆゆよもョ。ォ	
2214	dialog	1	17	13	)<1D><1A><01>イスークスりらゆもョ。ォ	
2215	dialog	1	15	6	)<1D><1A><01>キャラバン	
2216	dialog	1	17	7	)<1D><1A><01>シーカーの里	
2217	dialog	1	13	5	)<1D><1A><01>ゾアの街	
2218	dialog	1	11	4	)<1D><1A><01>発掘所	
2219	dialog	1	8	2	)\n\nを<0B><01><1B>	
2220	dialog	1	8	3	)\n\nをひ<01><1B>	
2221	dialog	1	8	3	)\n\nをエ<01><1B>	
2222	dialog	1	8	3	)\n\nをト<01><1B>	
2223	dialog	1	8	3	)\n\nをリ<01><1B>	
2224	dialog	1	16	8	)当やばい男だぜ	
2225	ui	1	17	8	000エッジ負傷	
2226	ui	1	27	13	002エッジ意識を取り戻す	
2227	ui	1	19	9	004ドラゴン登場	
2228	ui	1	15	7	006発掘所へ	
2229	ui	1	17	8	008隊長の遣言	
2230	ui	1	29	14	011追われるガッシュを発見	
2231	ui	1	25	12	014ガッシュとの出会い	
2232	ui	1	37	18	016ドラゴン伝承をガッシュから聞く	
2233	ui	1	23	11	022ガッシュとの別れ	
2234	ui	1	29	14	024「クレイメン艦隊」の噂	
2235	ui	1	35	17	029アーウェン艦を撃破〜AD登場	
2236	ui	1	25	12	034パエットからの依頼	
2237	ui	1	25	12	040帝国軍に拿捕される	
2238	ui	1	19	9	041帝国軍の尋問	
2239	ui	1	21	10	043シーカーの襲撃	
2240	ui	1	23	11	049ガッシュとの再会	
2241	ui	1	23	11	052パエットとの交渉	
2242	ui	1	19	9	053透視版の映像	
2243	ui	1	27	13	054ツァスタヴァ少尉登場	
2244	ui	1	17	8	057AD登場2	
2245	ui	1	17	8	059ウル地下へ	
2246	ui	1	23	11	060アゼルとの出会い	
2247	ui	1	23	11	067エレベーター乗る	
2248	ui	1	19	9	068アゼルの独白	
2249	ui	1	17	8	071再会の予感	
2250	ui	1	21	10	072パエットと空へ	
2251	ui	1	23	11	074帝国からの先遣隊	
2252	ui	1	25	12	078バイマンからの依頼	
2253	ui	1	21	10	087バイマンの陰謀	
2254	ui	1	31	15	089クレイメン部下深夜の襲撃	
2255	ui	1	29	14	090Aメル=カヴァが見える	
2256	ui	1	23	11	090遣産の見せたもの	
2257	ui	1	179	86	1)最上層から外周部13階へ→\n  13階から昇降機で12階へ→\n  12階から上部格納層へ\n\n2)上部格納層から外周部11階へ→\n  11階から昇降機で9階へ→\n  9階から中間層へ	
2258	dialog	1	19	9	10000Dnで売る	
2259	dialog	1	11	5	1000Dn	
2260	dialog	1	17	8	1000Dnで買う	
2261	dialog	1	19	9	100Dnでいいんだ	
2262	dialog	1	11	5	10Dn払う	
2263	ui	1	15	7	10の月22日	
2264	ui	1	15	7	10の月23日	
2265	ui	1	15	7	10の月25日	
2266	ui	1	37	18	117アゼル助けるエッジ／帝国軍登場	
2267	ui	1	13	6	118街消滅	
2268	ui	1	15	7	11の月14日	
2269	ui	1	15	7	11の月16日	
2270	ui	1	13	6	11の月2日	
2271	ui	1	13	6	11の月8日	
2272	ui	1	31	15	120クレイメン艦登場(前半)	
2273	ui	1	31	15	121クレイメン艦登場(後半)	
2274	ui	1	23	11	122クレイメンの告白	
2275	ui	1	35	17	127アゼルの覚醒／クレイメンの死	
2276	ui	1	23	11	128攻性生物対帝国軍	
2277	ui	1	15	7	12の月20日	
2278	ui	1	13	6	12の月3日	
2279	ui	1	13	6	12の月6日	
2280	ui	1	21	10	134シーカーの正体	
2281	ui	1	21	10	135アゼル目覚める	
2282	ui	1	17	8	137帝国軍襲来	
2283	ui	1	19	9	142アゼルの説得	
2284	ui	1	19	9	144アゼルの決意	
2285	ui	1	15	7	150塔再潜入	
2286	ui	1	27	13	152エッジとアゼルの別れ	
2287	ui	1	27	13	153セストレンへ、塔爆破	
2288	ui	1	25	12	155＿1戦闘ムービー1	
2289	ui	1	25	12	155＿2戦闘ムービー2	
2290	ui	1	25	12	155＿3戦闘ムービー3	
2291	ui	1	25	12	155＿4戦闘ムービー4	
2292	ui	1	25	12	155＿5戦闘ムービー5	
2293	ui	1	23	11	159ドラゴンとの別れ	
2294	ui	1	35	17	160荒野にてエッジを待つガッシュ	
2295	ui	1	13	6	1の月25日	
2296	ui	1	13	6	1の月26日	
2297	ui	1	13	6	1の月27日	
2298	dialog	1	106	51	1ゲージ以上たまっていれば\nコマンドアイコンを開き\nその時にたまっているゲージ量で\n可能な行動を選択できる。	
2299	dialog	1	37	18	1号、2号貯水層の注水を開始します…	
2300	dialog	1	11	5	1号貯水層	
2301	dialog	1	31	15	1階まで降りれば、最上層までの	
2302	dialog	1	9	4	200Dn	
2303	movie	1	17	8	20年、30年…	
2304	dialog	1	11	5	2号貯水層	
2305	ui	1	149	71	2度も彼女を助けてくれた事、\n礼を言う。\n \nだが、正直、彼女は\n君には荷の重過ぎる存在のはずだ。\n実際に、そのままでは、\n彼女が意識を取り戻す事もない。	
2306	ui	1	167	80	3)中間層から外周部8階へ→\n  8階から昇降機で6階へ→\n  6階から下部格納層へ\n\n4)下部格納層から外周部5階へ→\n  5階から昇降機で4階へ→\n  4階から最下層へ	
2307	dialog	1	24	10	3つの<03><05>プロテクトキー<03>	
2308	dialog	1	11	5	3号貯水層	
2309	movie	1	21	10	4番発掘所より入電！	
2310	dialog	1	9	4	500Dn	
2311	dialog	1	15	7	500Dnで買う	
2312	dialog	1	23	11	50年前にここに落ちた	
2313	dialog	1	27	7	6\n<0A>け\n<0A>な\n<0A>む\n<0A>を\n<0A>「\n<0A>ョ	
2314	dialog	1	15	7	800Dnで買う	
2315	dialog	1	17	8	9000Dnで売る	
2316	ui	1	11	5	9の月8日	
2317	dialog	1	10	4	<!87>令が出た	
2318	dialog	1	33	15	<!8B><01>(こちらに気づく様子もない…)	
2319	dialog	1	12	5	<!9C>変わったね	
2320	dialog	1	14	6	<!9C>安置されとる	
2321	dialog	1	8	3	<!A0>の前だ	
2322	ui	1	3	1	<!A0>よ	
2323	dialog	1	14	6	<!A1>かりそうだよ	
2324	dialog	1	4	1	<!A2>さ	
2325	dialog	1	16	7	<!A3>は死んじまった	
2326	dialog	1	14	6	<!A6>いそうだな)	
2327	dialog	1	18	8	<!A6>いたいはそうだな	
2328	dialog	1	4	1	<!A6>ぜ	
2329	dialog	1	4	1	<!A6>？	
2330	dialog	1	8	3	<!A8>なのだ	
2331	dialog	1	8	3	<!A9>あり…	
2332	dialog	1	6	2	<!A9>す！	
2333	dialog	1	10	4	<!A9>はないぞ	
2334	dialog	1	14	6	<!A9>手に入れた？	
2335	dialog	1	4	1	<!A9>？	
2336	dialog	1	12	5	<!AA>うしよう…	
2337	dialog	1	12	5	<!AA>うやって？	
2338	dialog	1	4	1	<!AA>な	
2339	dialog	1	10	4	<!B0>い男だぜ	
2340	dialog	1	6	2	<!B1>れ液	
2341	dialog	1	12	5	<!BA>ねえのか？	
2342	dialog	1	8	3	<!BA>ねえよ	
2343	dialog	1	16	7	<!BD>すぐ飛ぶだけだ	
2344	dialog	1	4	1	<!BD>た	
2345	dialog	1	6	2	<!BD>たな	
2346	dialog	1	8	3	<!BD>たのは	
2347	dialog	1	20	9	<!BD>てのは、おまえか？	
2348	dialog	1	6	2	<!BD>てよ	
2349	dialog	1	10	4	<!BD>てるのさ	
2350	dialog	1	4	1	<!C0>だ	
2351	dialog	1	6	2	<!D4>した	
2352	dialog	1	10	4	<!DA>えときな	
2353	dialog	1	8	3	<!DE>内部)	
2354	dialog	1	10	4	<!EC>き物でな	
2355	dialog	1	4	1	<!F8>だ	
2356	dialog	1	4	1	<!FE><!96>セ	
2357	dialog	1	16	7	<!FF>た子なんだもの	
2358	dialog	1	4	2	<!FF>モョ	
2359	dialog	1	38	18	<01>(この扉の向こうには何があるんだ？)	
2360	dialog	1	34	16	<01>(どこかで見た事があるような…)	
2361	dialog	1	26	12	<01>(帝国軍のトロッコか？)	
2362	dialog	1	35	16	<01><01>(若い女の人が掃除をしている…)	
2363	dialog	1	15	12	<01><01>イスエクスゆりわもョ。ォ	
2364	ui	1	14	3	<01><02><03><04><05>\n<07><08><09><1F>なにぬ	
2365	ui	1	27	8	<01><02><03><04><05>\n<07><15><16><17><18><19><1A><1B><1C><1D><1E><1F>なにぬねのはひふ	
2366	ui	1	30	11	<01><02><03><04><05>\n<07><15><16><17><18><19><1A><1B><1C><1D><1E><1F>へほまみむめもやゆよら	
2367	ui	1	34	15	<01><02><03><04><05>\n<07><15><16><17><18><19><1A><1B><1C><1D><1E><1F>へほまみむめもりるれろわをん…	
2368	ui	1	44	25	<01><02><03><04><05>\n<07><15><16><17><18><19><1A><1B><1C><1D><1E><1F>へほまみむめもりるれろわをん…()『』！？ー＋。「	
2369	dialog	1	19	13	<01><10><09><05>ホ<01>イスー・スゆゆよもョ。ォ	
2370	dialog	1	19	13	<01><10><09><05>リ<01>イスー「スゆゆよもョ。ォ	
2371	ui	1	6	2	<01>\n<05>。ッ	
2372	ui	1	6	2	<01>\n<05>。ハ	
2373	ui	1	6	2	<01>\n<05>。ン	
2374	ui	1	6	2	<01>\n<05>。？	
2375	ui	1	6	2	<01>\n<05>ホカ	
2376	ui	1	6	2	<01>\n<05>ホサ	
2377	dialog	1	14	12	<01>イス、」スゆゆよもョ。ォ	
2378	dialog	1	11	6	<02>る<1E>＋<1E>。<1E>「ュひ	
2379	dialog	1	30	13	<03><01>アイテムアイコンを選択せよ<03>	
2380	dialog	1	16	6	<03><01>何か行動せよ<03>	
2381	dialog	1	24	10	<03><01>敵の前方向に移動せよ<03>	
2382	dialog	1	24	10	<03><01>敵の右方向に移動せよ<03>	
2383	dialog	1	27	11	<03><04>口口口<05>START<05>口口口	
2384	dialog	1	20	8	<03><05>プロテクトキー1<03>	
2385	dialog	1	20	8	<03><05>プロテクトキー2<03>	
2386	dialog	1	20	8	<03><05>プロテクトキー3<03>	
2387	dialog	1	26	11	<03>\n(フルゲージ クラス)<03>	
2388	dialog	1	24	10	<03>\n(フルゲージクラス)<03>	
2389	dialog	1	26	11	<03>\n1号機ローター・パイル<03>	
2390	dialog	1	26	11	<03>\n2号機ローター・パイル<03>	
2391	dialog	1	26	11	<03>\n3号機ローター・パイル<03>	
2392	dialog	1	26	11	<03>\n4号機ローター・パイル<03>	
2393	dialog	1	26	11	<03>\n5号機ローター・パイル<03>	
2394	dialog	1	26	11	<03>\n6号機ローター・パイル<03>	
2395	dialog	1	30	13	<03>\nAGILITY CLASS<03>	
2396	dialog	1	28	12	<03>\nATTACK CLASS<03>	
2397	dialog	1	30	13	<03>\nDEFENSE CLASS<03>	
2398	dialog	1	26	11	<03>\nEXCELLENT！！<03>	
2399	dialog	1	36	16	<03>\nFULLーGAUGE CLASS<03>	
2400	dialog	1	24	10	<03>\nHARD FIGHT<03>	
2401	dialog	1	24	10	<03>\nNICE FIGHT<03>	
2402	dialog	1	28	12	<03>\nPOISON(ポイズン)<03>	
2403	dialog	1	34	15	<03>\nSPIRITUAL CLASS<03>	
2404	dialog	1	26	11	<03>\nTOUGH FIGHT<03>	
2405	dialog	1	24	10	<03>\nVERY GOOD！<03>	
2406	dialog	1	26	11	<03>\n「STUN(スタン)」<03>	
2407	dialog	1	14	5	<03>\nセストレン<03>	
2408	dialog	1	14	5	<03>\nバーサーク<03>	
2409	dialog	1	22	9	<03>\nホーミングレーザー<03>	
2410	dialog	1	10	3	<03>\n心技力<03>	
2411	dialog	1	10	3	<03>\n攻撃力<03>	
2412	dialog	1	10	3	<03>\n機動力<03>	
2413	dialog	1	16	6	<03>\n特0号噴進弾<03>	
2414	dialog	1	14	5	<03>\n補修ビット<03>	
2415	dialog	1	12	4	<03>\n転送装置<03>	
2416	dialog	1	6	1	<03>\n銃<03>	
2417	dialog	1	10	3	<03>\n防御力<03>	
2418	dialog	1	101	50	<04>に<04>に<04>に<04>に<04>に<04>に<04>に<04>に<04>に<04>に<04>に<04>に<04>に<04>に<04>に<04>に<04>に<04>に<04>に<04>に<04>に<04>に<04>に<04>に<04>に<04>に<04>に<04>に<04>に<04>に<04>に<04>に<04>に<04>に<04>に<04>に<04>に<04>に<04>に<04>に<04>に<04>に<04>に<04>に<04>に<04>に<04>に<04>に<04>に<04>に	
2419	ui	1	11	2	<05><05><05>素体<05><05><05>	
2420	ui	1	11	3	<05><05>心技型<05><05>	
2421	ui	1	11	3	<05><05>攻撃型<05><05>	
2422	ui	1	11	3	<05><05>標準型<05><05>	
2423	ui	1	11	3	<05><05>機動型<05><05>	
2424	ui	1	11	3	<05><05>防御型<05><05>	
2425	dialog	1	4	2	<05>りり	
2426	ui	1	11	4	<05>究極形態<05>	
2427	dialog	1	8	1	<09>\n<05><!F2>ツ<1B><09>	
2428	dialog	1	8	1	<09>\n<05><!F2>ヨ<1B><09>	
2429	dialog	1	7	2	<09>\n<05>「フ<07>	
2430	dialog	1	16	3	<09>\n<05>ェめ<01><19><1B><09>\n<05>ュ<0F><02><09>	
2431	dialog	1	9	2	<09>\n<05>ェウ<01><19><07>	
2432	dialog	1	8	2	<09>\n<05>ェメ<1B><09>	
2433	dialog	1	8	2	<09>\n<05>ェレ<1B><09>	
2434	dialog	1	8	2	<09>\n<05>クむ<02><09>	
2435	dialog	1	17	7	<09>\n<05>ヤぬ<01>遣跡最下層	
2436	dialog	1	8	2	<09>\n<05>ュの<02><09>	
2437	dialog	1	8	2	<09>\n<05>ュァ<03><09>	
2438	dialog	1	8	2	<09>\n<05>ュコ<02><09>	
2439	dialog	1	19	13	<09>\n<07>)<!CC><01>イスーキスゆゆらもョ。ォ	
2440	dialog	1	20	13	<09>\n<07>)<!CC><1D><01>イスェースゆゆりもョ。ォ	
2441	dialog	1	8	1	<09>\n<07><!D3>神<07>	
2442	dialog	1	8	1	<09>\n<07><09>」<01><07>	
2443	dialog	1	20	12	<09>\n<07><0D><!C1><1D><01>イスゥヲスゆゆりもョ。ォ	
2444	dialog	1	12	3	<09>\n<07><13>「も<09><01>む<1D><1B>	
2445	dialog	1	8	1	<09>\n<07><13>チ\n<09>	
2446	dialog	1	36	15	<09>\n<07>に<05><1D><01>(調べものをしているようだ)	
2447	dialog	1	18	4	<09>\n<07>に<05><1D><10><05><0D><1A><01>………	
2448	dialog	1	24	14	<09>\n<07>に<05><1D><10><05>ラ<1A><01>イスー＋スゆゆよもョ。ォ	
2449	dialog	1	10	4	<09>\n<07>にはぬツ<0F><09>	
2450	dialog	1	8	2	<09>\n<07>ひめ<01><07>	
2451	dialog	1	19	13	<09>\n<07>ョ<10><01>イスョイスゆれろもョ。ォ	
2452	dialog	1	8	1	<09>\n<08><!CF>ヌ<01><07>	
2453	dialog	1	8	1	<09>\n<08>ヒ<!99><02><09>	
2454	dialog	1	8	2	<09>\n<08>ヒ索<09>	
2455	dialog	1	8	3	<09>\n<08>フヌふ<09>	
2456	dialog	1	8	3	<09>\n<08>フョふ<09>	
2457	dialog	1	8	2	<09>\n<08>ホ、<02><09>	
2458	dialog	1	8	2	<09>\n<08>ルに<01><07>	
2459	dialog	1	8	2	<09>\n<09>ソ…<05><09>	
2460	dialog	1	24	13	<09>\n<09>ヤ<!CD><1D><10><05><1A><1A><01>イス「ォスゆゆよもョ。ォ	
2461	dialog	1	8	1	<09>\n\n』<!EA><03><09>	
2462	dialog	1	8	2	<09>\n\nむ『<01><07>	
2463	dialog	1	8	2	<09>\n\nロイ\n<09>	
2464	dialog	1	8	2	<09>\n\nロ燃<07>	
2465	dialog	1	8	1	<09>\n\n！<05><02><09>	
2466	dialog	1	8	2	<09>\n\n！ひ<02><09>	
2467	dialog	1	8	2	<09>\n\n！ウ<01><07>	
2468	dialog	1	26	12	<09>たちのやるべき事をやる…	
2469	dialog	1	24	10	<09>ュぬン<!F0><!D3><11>やー<1F>ソテ<!F3><!D2><10><1F>ら<1F>ね<!D3><05>。<0B>	
2470	dialog	1	24	10	<09>ュぬン<!F0><!D3><17>やー<1F>ソテ<!F3><!D2><16><1F>ら<1F>ね<!D3><0D>。<0B>	
2471	dialog	1	24	10	<09>ュぬン<!F0><!D3><1D>やー<1F>ソテ<!F3><!D2><1C><1F>ら<1F>ね<!D3><15>。<0B>	
2472	dialog	1	24	12	<09>ュぬン<!F0><!D3>ねやー<1F>ソテ<!F3><!D2>ぬ<1F>ら<1F>ね<!D3><1D>。<0B>	
2473	dialog	1	24	13	<09>ュぬン<!F0><!D3>ほやー<1F>ソテ<!F3><!D2>へ<1F>ら<1F>ね<!D3>は。<0B>	
2474	ui	1	27	16	<09>ン<!FC><!D7>な<!93>ゆ<!92>よりレ<!90>ゆテムやらモ<14>エィ、<08><!D3><1C>、	
2475	ui	1	8	4	<0B>ン<04><07>セ？コ	
2476	dialog	1	8	3	<0C>たりな	
2477	dialog	1	22	10	<0C>ったら、見せてくれよ	
2478	dialog	1	4	1	<0C>る	
2479	ui	1	6	2	<0D>\n<05>ホト	
2480	dialog	1	6	2	<0D>し…	
2481	dialog	1	16	7	<0D>すんじゃねえよ	
2482	dialog	1	4	1	<0D>ぞ	
2483	dialog	1	6	2	<0D>ぞ…	
2484	dialog	1	4	1	<0D>る	
2485	dialog	1	8	3	<0D>る…)	
2486	dialog	1	10	4	<0D>るらしい	
2487	dialog	1	10	4	<0D>るんだ…	
2488	dialog	1	16	7	<0D>方知ってるか？	
2489	dialog	1	4	1	<0E>ぜ	
2490	dialog	1	6	2	<0E>ぜ！	
2491	dialog	1	6	2	<0E>だ)	
2492	dialog	1	4	1	<0E>な	
2493	dialog	1	6	2	<0E>？)	
2494	dialog	1	6	2	<0F>か？	
2495	dialog	1	6	2	<0F>しな	
2496	dialog	1	10	4	<0F>つだけさ	
2497	dialog	1	24	11	<0F>ないようにしてるのか…	
2498	dialog	1	8	3	<0F>るから	
2499	ui	1	6	2	<10>\n<05>ルの	
2500	dialog	1	12	5	<11>、おまえ？	
2501	dialog	1	4	1	<11>ら	
2502	dialog	1	6	2	<11>ら…	
2503	dialog	1	6	2	<12>っと	
2504	dialog	1	4	1	<12>よ	
2505	dialog	1	6	2	<13>れる	
2506	dialog	1	4	1	<14>て	
2507	dialog	1	4	1	<14>ど	
2508	dialog	1	12	5	<14>やがったな	
2509	dialog	1	5	3	<14>エエ…	
2510	dialog	1	10	4	<15>とがある	
2511	dialog	1	6	2	<15>とさ	
2512	dialog	1	6	2	<15>とだ	
2513	dialog	1	14	6	<16>れているのよ	
2514	dialog	1	8	3	<17>い…)	
2515	dialog	1	10	4	<17>いので？	
2516	dialog	1	10	4	<17>ておいた	
2517	dialog	1	4	1	<18>が	
2518	dialog	1	4	1	<18>る	
2519	dialog	1	8	3	<1A>うだよ	
2520	dialog	1	10	4	<1B>い方向を	
2521	dialog	1	8	3	<1B>から…	
2522	dialog	1	8	3	<1B>からな	
2523	dialog	1	8	3	<1B>そうだ	
2524	dialog	1	6	2	<1B>のは	
2525	dialog	1	10	4	<1B>らしいぜ	
2526	dialog	1	10	4	<1B>んだけど	
2527	dialog	1	8	3	<1D>だろう	
2528	dialog	1	10	4	<1E>いるぞ…	
2529	dialog	1	14	6	<1E>ほしいそうだ	
2530	dialog	1	4	1	<1E>よ	
2531	dialog	1	6	2	<1E>るな	
2532	dialog	1	16	7	<1E>機能解除される	
2533	dialog	1	6	2	<1E>話だ	
2534	dialog	1	26	9	<1F>\n<07>ッョ\n<07>ヒの\n<07>ヘな\n<07>マ<1C>\n<07>ム<18>\n<07>モ<14>	
2535	dialog	1	4	1	<1F>だ	
2536	dialog	1	14	6	<1F>っといてくれ	
2537	dialog	1	10	4	<1F>思ってる	
2538	dialog	1	10	4	<1F>連続攻撃	
2539	ui	1	27	13	AGILITY CLASS	
2540	ui	1	25	12	ATTACK CLASS	
2541	ui	1	16	7	BOX<05>GAME	
2542	ui	1	3	1	BP	
2543	ui	1	19	9	BPがある程度回復	
2544	ui	1	15	7	BPが少し回復	
2545	ui	1	15	7	BPが足りない	
2546	ui	1	13	6	BPは最大値	
2547	ui	1	21	10	BPを100回復する	
2548	ui	1	21	10	BPを250回復する	
2549	ui	1	21	10	BPを500回復する	
2550	ui	1	19	9	BPを50回復する	
2551	ui	1	36	16	BP一定率回復 心技型 <03><01>3ゲージ<03>	
2552	ui	1	13	6	B・レーザー	
2553	ui	1	27	13	DEFENSE CLASS	
2554	ui	1	3	1	Dn	
2555	ui	1	150	70	Dーユニットと呼ばれる\n記録版のようなものを\n全て集めた時に変化した\n異様な姿。なんだか、\n儀の<01><01>が\n手の届かないところに\n行ってしまったような\n感じだ…。	
2556	ui	1	23	11	EXCELLENT！！	
2557	ui	1	9	4	EXIT	
2558	ui	1	3	1	EXP	
2559	ui	1	23	11	EXTRA CLASS	
2560	ui	1	33	16	FULLーGAUGE CLASS	
2561	ui	1	21	10	HARD FIGHT	
2562	ui	1	19	9	HPとBPは最大値	
2563	ui	1	27	13	HPとBPを完全に回復する	
2564	ui	1	13	6	HPは最大値	
2565	ui	1	23	11	HPを1000回復する	
2566	ui	1	21	10	HPを200回復する	
2567	ui	1	21	10	HPを500回復する	
2568	ui	1	36	16	HPを回復する     <03><01>1ゲージ<03>	
2569	ui	1	36	16	HPを大きく回復する  <03><01>1ゲージ<03>	
2570	ui	1	21	10	HPを完全に回復する	
2571	ui	1	36	16	HPを完全に回復する  <03><01>1ゲージ<03>	
2572	ui	1	36	16	HP一定率回復 標準型 <03><01>3ゲージ<03>	
2573	ui	1	3	1	Kn	
2574	ui	1	3	1	Ln	
2575	ui	1	21	10	NICE FIGHT	
2576	dialog	1	17	8	NO BLOCK	
2577	dialog	1	15	7	NO DATA	
2578	ui	1	31	15	SPIRITUAL CLASS	
2579	ui	1	23	11	TOUGH FIGHT	
2580	ui	1	21	10	VERY GOOD！	
2581	dialog	1	78	37	\n2番目に高い評価。\n得られる経験値はやや多い。\nアイテムを入手することもある。	
2582	dialog	1	43	20	\n3番目に高い評価。\n得られる経験値は普通。	
2583	dialog	1	49	23	\n4番目に高い評価。\n得られる経験値はやや少ない。	
2584	ui	1	28	10	\n<02>テ<!DE>\n<05>ツコ\n<01>コャ\n<05>ツト\n<04><!BC><!A0>\n<05>ツリや<!E6><!E7>	
2585	dialog	1	27	11	\n<03>\n(アジリティ クラス)<03>	
2586	dialog	1	25	10	\n<03>\n(アタック クラス)<03>	
2587	dialog	1	27	11	\n<03>\n(エクストラ クラス)<03>	
2588	dialog	1	21	8	\n<03>\n(エクセレント)<03>	
2589	dialog	1	31	13	\n<03>\n(スピリチュアル クラス)<03>	
2590	dialog	1	21	8	\n<03>\n(タフファイト)<03>	
2591	dialog	1	29	12	\n<03>\n(ディフェンス クラス)<03>	
2592	dialog	1	23	9	\n<03>\n(ナイスファイト)<03>	
2593	dialog	1	23	9	\n<03>\n(ハードファイト)<03>	
2594	dialog	1	21	8	\n<03>\n(ベリーグッド)<03>	
2595	dialog	1	27	11	\n<03>\nEXTRA CLASS<03>	
2596	dialog	1	17	3	\n<05><!98>イ\n<05><!9E>へ\n<05><!9F>ツ\n<05><!9F><!86>	
2597	draft	1	20	11	\n<05><!EE><!AC>\n<05><!EE><!C0>。ュォォュャりもォ。＋	
2598	dialog	1	5	2	\n<05>。る	
2599	dialog	1	5	2	\n<05>」ツ	
2600	dialog	1	5	2	\n<05>アハ	
2601	dialog	1	5	2	\n<05>ォへ	
2602	ui	1	23	10	\n<05>ケ<14>\n<05>ケェ\n<05>コヨ\n<05>サシクルル	
2603	ui	1	5	2	\n<05>ノロ	
2604	ui	1	29	18	\n<05>ヒ)\n<05>ヒ」\n<05>フ<08>\n<05>フ<10>ヲ」＋ァォウアァもォ。＋	
2605	ui	1	5	2	\n<05>ヘの	
2606	ui	1	5	2	\n<05>ホッ	
2607	dialog	1	5	2	\n<05>マコ	
2608	dialog	1	9	4	\n<05>ミョ\n<05>ムャ	
2609	dialog	1	5	2	\n<05>ムな	
2610	dialog	1	17	7	\n<05>モゆ\n<05>ル<04>\n<05>レ？\n<05>レタ	
2611	ui	1	5	2	\n<05>ヤヌ	
2612	ui	1	28	19	\n<05>リコ\n<05>リテ\n<05>ルゆ\n<05>ルをエオスクウアウもォ。＋	
2613	ui	1	5	1	\n<05>ル<1D>	
2614	dialog	1	17	2	\n<05>レ<!9C>\n<05><!82>ホ\n<05><!83><!AC>\n<05><!83><!CE>	
2615	dialog	1	83	40	\n<05>ロの\n<05>ロト隊長を発見するが深い傷を受けている。\n彼はエッジに地図を渡すと死に絶える。\n	
2616	draft	1	6	2	\n<05>ーイ<02>	
2617	ui	1	27	14	\n<05>追\n<05>必\n<05>区\n<05>軸ウーウイウョもォ。＋	
2618	dialog	1	15	12	\n<05>？ィ、ェ「。ォャもォ。＋	
2619	dialog	1	21	14	\n<07>イの\n<07>ケネ\n<07>ケホアヲュョもア。＋	
2620	dialog	1	63	26	\n<08><15>な\n<08><15>へ\n<08><15>ゆ\n<08><15>を\n<08><15>？\n<08><15>ヲ\n<08><15>ョ\n<08><15>カ\n<08><15>ヲ\n<08><15>セ\n<08><15>ニ\n<08><15>ホハミモツフトねねェーウ「ャ、	
2621	dialog	1	20	15	\n<09>みェ\n<09>みョーァー＋ュォ＋もォ。＋	
2622	dialog	1	20	15	\n<09>め？\n<09>め「ーァー＋ュォ＋もォ。＋	
2623	dialog	1	37	9	\n<0A>K\n<0A>W\n<0A>型\n<0A>生\n<0A>物\n<0A>移\n<0A>違\n<0A>定\n<0A>登	
2624	dialog	1	9	4	\n<0A>…メ\n<0A>』も	
2625	dialog	1	9	4	\n<0A>にハ\n<0A>はひ	
2626	dialog	1	9	3	\n<0A>エイ\n<0A>ク<0E>	
2627	dialog	1	37	9	\n<0A>コ\n<0A>ニ\n<0A>メ\n<0A>ヴ\n<0A>ゾ\n<0A>ビ\n<0A>ぜ\n<0A>ば\n<0A>ょ	
2628	dialog	1	57	24	\n<0A>ト<04>\n<0A>ト<0C>\n<0A>ト<14>\n<0A>ト<1C>\n<0A>トの\n<0A>トむ\n<0A>トる\n<0A>ト)\n<0A>ト「\n<0A>トる\n<0A>ト)\n<0A>ト「\n<0A>トェ\n<0A>トイ	
2629	dialog	1	9	3	\n<0A>ネコ\n<0A>フ<16>	
2630	dialog	1	53	25	\n<0A>メ<18>\n<0A>メな\n<0A>メへ\n<0A>メゆ\n<0A>メを\n<0A>メ？\n<0A>メヲ\n<0A>メョ\n<0A>メ？\n<0A>メヲ\n<0A>メョ\n<0A>メカ\n<0A>メセ	
2631	dialog	1	37	9	\n<0A>期\n<0A>予\n<0A>本\n<0A>一\n<0A>眠\n<0A>立\n<0A>所\n<0A>丈\n<0A>害	
2632	dialog	1	63	36	\n<0B>サ<14>\n<0B>サ<1C>\n<0B>サの\n<0B>サむ\n<0B>サる\n<0B>サ)\n<0B>サ「\n<0B>サェ\n<0B>サ)\n<0B>サイ\n<0B>サコ\n<0B>サツハミモツフトねねェーウ「ャ、	
2633	dialog	1	51	24	\nHPを回復したり\nバリアを張ったりするバーサーク。	
2634	dialog	1	13	1	\n\n<!CA>イ\n\n<!CC><!9A>\n\n<!CC><!C0>	
2635	draft	1	63	26	\n\n<19>な\n\n<19>へ\n\n<19>ゆ\n\n<19>を\n\n<19>？\n\n<19>ヲ\n\n<19>ョ\n\n<19>カ\n\n<19>ヲ\n\n<19>セ\n\n<19>ニ\n\n<19>ホハミモツフトねねェーウ「ャ、	
2636	dialog	1	13	6	\n\n」む\n\n・＋\n\n・イ	
2637	draft	1	24	6	\n\nは<!D8>\n\nは<!E0>\n\nは<!E8>\n\nは<!F0>\n\nは<!F8>\n\nひ	
2638	draft	1	12	3	\n\nひ<08>\n\nひ<10>\n\nひ	
2639	draft	1	27	19	\n\nひ<18>\n\nひな\n\nひへハミモツフトねねェーウ「ャ、	
2640	draft	1	63	37	\n\nやゆ\n\nやを\n\nや？\n\nやヲ\n\nやョ\n\nやカ\n\nやセ\n\nやニ\n\nやカ\n\nやホ\n\nやヨ\n\nやハミモツフトねねェーウ「ャ、	
2641	draft	1	63	38	\n\n＋む\n\n＋る\n\n＋)\n\n＋「\n\n＋ェ\n\n＋イ\n\n＋コ\n\n＋ツ\n\n＋イ\n\n＋ハ\n\n＋メ\n\n＋レハミモツフトねねェーウ「ャ、	
2642	ui	1	4	2	\nへに	
2643	dialog	1	101	48	\nエッジの通常攻撃。\n方向ボタンで照準を動かして\n敵を狙い撃ちできる。\nただし、一度に撃てるのは1ヶ所。	
2644	dialog	1	62	29	\nドラゴンの特殊行動。\n敵の防御力を無視した\n強力な攻撃を行う。	
2645	dialog	1	95	45	\nドラゴンの通常攻撃。\n複数のレーザーを発射する。\n一度に発射できるレーザーの数には\n制限がある。	
2646	dialog	1	103	49	\nマヒ状態になったドラゴンは\nレーザーやバーサークを封じられ\n位置取り以外の行動が\nできなくなってしまう。	
2647	dialog	1	62	29	\n敵を一定回数攻撃したり\n戦闘の補助を行ったりする\nバーサーク。	
2648	dialog	1	84	40	\n敵全体を攻撃するバーサーク。\n敵との距離に関係なく\nそれぞれに一定ダメージを与える。	
2649	dialog	1	92	44	\n敵全体を攻撃するバーサーク。\n近くの敵にはダメージが大きいが\n遠ざかるほどダメージは弱まる。	
2650	dialog	1	45	21	\n最も低い評価。\n得られる経験値は最も少ない。	
2651	dialog	1	74	35	\n最も高い評価。\n得られる経験値は最も多い。\nアイテムを入手することもある。	
2652	dialog	1	3	1	×	
2653	dialog	1	16	6	…<03>\n1番ゲート<03>	
2654	movie	1	25	12	…Dタイプ01起動確認…	
2655	slot	1	41	19	………………………………………………■	
2656	slot	1	41	19	……………………………………………■ 	
2657	slot	1	41	19	…………………………………………■  	
2658	slot	1	41	19	………………………………………■   	
2659	slot	1	41	19	……………………………………■    	
2660	slot	1	41	19	…………………………………■     	
2661	slot	1	41	19	………………………………■      	
2662	slot	1	41	19	……………………………■       	
2663	slot	1	41	19	…………………………■        	
2664	slot	1	41	19	………………………■         	
2665	slot	1	41	19	……………………■          	
2666	slot	1	41	19	…………………■           	
2667	slot	1	41	19	………………■            	
2668	slot	1	41	19	……………■             	
2669	slot	1	41	19	…………■              	
2670	slot	1	41	19	………■               	
2671	dialog	1	13	6	………そうね	
2672	slot	1	41	19	……■                	
2673	dialog	1	37	18	……くっ…こんな所で、あの発掘物を…	
2674	slot	1	39	15	…■             	
2675	slot	1	39	18	…■                	
2676	dialog	1	7	3	…ああ	
2677	dialog	1	9	4	…ああ…	
2678	dialog	1	15	7	…あいつって？	
2679	movie	1	15	7	…あいつは！！	
2680	dialog	1	13	6	…あなたは？	
2681	movie	1	17	8	…あのひとは！？	
2682	dialog	1	23	11	…あれ、何の話だっけ？	
2683	dialog	1	31	15	…あれは、もっと恐ろしいもんだ	
2684	dialog	1	31	15	…あんたに見捨てられた街がね！	
2685	dialog	1	39	19	…いくつかのドラゴンはここで試作された	
2686	dialog	1	29	14	…いや、べつに止めやしねえよ	
2687	movie	1	23	11	…いや、君ひとりだけだ	
2688	dialog	1	9	4	…うん…	
2689	movie	1	11	5	…えっ…？	
2690	dialog	1	33	16	…おまえ、本当にハンターなのか？	
2691	dialog	1	39	19	…おまえさん、遣跡を見たことがあるだろ	
2692	dialog	1	39	19	…おまえに、ひとつ言っておくことがある	
2693	movie	1	23	11	…おまえは…あの時の…	
2694	movie	1	21	10	…おまえはどうなんだ	
2695	dialog	1	19	9	…おまえも、少しは	
2696	dialog	1	33	16	…おれたち、どこまで行くのかな？	
2697	movie	1	33	16	…かつて、一夜にして3つの大陸を	
2698	dialog	1	33	16	…きっと私と同じように、永い間…	
2699	movie	1	11	5	…くそっ…	
2700	movie	1	23	11	…くそっ、逃がしたか…	
2701	dialog	1	33	16	…こいつらみんな、死んでるのか？	
2702	dialog	1	25	12	…ここが、ドームなのか…	
2703	dialog	1	29	14	…ここを襲った群れのようにな	
2704	dialog	1	33	16	…この船で、街を出る気はないの？	
2705	movie	1	29	14	…これがこの『塔』と呼ばれる	
2706	movie	1	37	18	…これ以上、あのひとの邪魔をするな…	
2707	dialog	1	17	8	…ごめんなさい…	
2708	dialog	1	27	13	…さっきの男…大丈夫かな…	
2709	dialog	1	17	8	…しかたがない…	
2710	dialog	1	15	7	…じいちゃん？	
2711	dialog	1	11	5	…すまん…	
2712	dialog	1	23	11	…そういうものなのか？	
2713	dialog	1	15	7	…そういう事だ	
2714	dialog	1	11	5	…そうか…	
2715	dialog	1	15	7	…そうか、なら	
2716	dialog	1	13	6	…そうだな…	
2717	dialog	1	31	15	…そう言うあんたは、何なんだ？	
2718	movie	1	17	8	…そう願いたいな	
2719	movie	1	39	19	…そこに、セストレンに何があるのかを…	
2720	dialog	1	21	10	…そこまでは知らねえ	
2721	movie	1	19	9	…そして…すまない	
2722	movie	1	31	15	…そのために私は帰ってきたのだ	
2723	dialog	1	25	12	…それで、修理したのか？	
2724	dialog	1	37	18	…それとこれとは、関係のないことです	
2725	dialog	1	35	17	…それに、私のアトルムなら大丈夫だ	
2726	dialog	1	21	10	…それはできないわ…	
2727	dialog	1	33	16	…それはな、ワシの仲間達の形見だ	
2728	dialog	1	31	15	…そんなもんがあればの話だがな	
2729	movie	1	29	14	…だけど、かんちがいしないで	
2730	movie	1	17	8	…ついて来たまえ	
2731	dialog	1	31	15	…てめえ、ケンカ売ってんのか？	
2732	movie	1	15	7	…でなければ…	
2733	dialog	1	37	18	…でも、もう元の場所には戻れないぞ…	
2734	dialog	1	35	17	…でも俺、やっぱり家には戻らないよ	
2735	dialog	1	25	12	…とうとう追いついた！！	
2736	dialog	1	29	14	…どっかで音がしなかったか？	
2737	dialog	1	33	16	…な、なんでこんな所にいるんだ…	
2738	dialog	1	15	7	…なあ、エッジ	
2739	movie	1	19	9	…なぜ、儀と戦う？	
2740	dialog	1	33	16	…なんだって、わざわざこんな事…	
2741	dialog	1	13	6	…なんだと？	
2742	dialog	1	17	8	…ねえ、エッジ…	
2743	movie	1	11	5	…ふうん、	
2744	dialog	1	11	5	…まあいい	
2745	dialog	1	19	9	…また来たのかよ…	
2746	movie	1	29	14	…まだ…名前も聞いてなかった	
2747	dialog	1	19	9	…まだ、起きないよ	
2748	dialog	1	31	15	…まったく、わけがわかんねえぜ	
2749	movie	1	17	8	…もうそろそろ…	
2750	movie	1	19	9	…ものすごい数です	
2751	dialog	1	35	17	…もはや、ここに留まることは難しい	
2752	dialog	1	33	16	…やっぱり、ここには住めないの？	
2753	dialog	1	19	9	…やめた方がいいよ	
2754	dialog	1	25	12	…よろしくお願いします…	
2755	dialog	1	33	16	…わかった、次から何かするときは	
2756	movie	1	29	14	…アゼル、君はどうなるんだ？	
2757	movie	1	39	19	…アゼルはそのために作られた兵器なのだ	
2758	dialog	1	29	14	…アゼル？ どうかしたのか？	
2759	movie	1	11	5	…エッジ…	
2760	movie	1	27	13	…クレイメンに聞いたのか…	
2761	movie	1	17	8	…クレイメンめ…	
2762	movie	1	11	5	…バカな！	
2763	slot	1	39	18	…プ■               	
2764	slot	1	39	18	…プラ■              	
2765	slot	1	39	18	…プラン■             	
2766	slot	1	39	18	…プラント■            	
2767	slot	1	39	18	…プラントの■           	
2768	slot	1	39	18	…プラントの再■          	
2769	slot	1	39	18	…プラントの再起■         	
2770	slot	1	39	18	…プラントの再起動■        	
2771	slot	1	39	18	…プラントの再起動を■       	
2772	slot	1	39	18	…プラントの再起動を開■      	
2773	slot	1	39	18	…プラントの再起動を開始■     	
2774	slot	1	39	18	…プラントの再起動を開始し■    	
2775	slot	1	39	18	…プラントの再起動を開始しま■   	
2776	slot	1	39	18	…プラントの再起動を開始しまし■  	
2777	slot	1	39	18	…プラントの再起動を開始しました…■	
2778	slot	1	39	18	…プラントの再起動を開始しました■ 	
2779	dialog	1	37	18	…中には、ちょいとやばいのもあるがな	
2780	movie	1	39	19	…主を失ってもその行動を止めはしないか	
2781	slot	1	41	19	…予■                	
2782	slot	1	41	19	…予備■               	
2783	slot	1	41	19	…予備シ■              	
2784	slot	1	41	19	…予備シス■             	
2785	slot	1	41	19	…予備システ■            	
2786	slot	1	41	19	…予備システム■           	
2787	slot	1	41	19	…予備システムで■          	
2788	slot	1	41	19	…予備システムでの■         	
2789	slot	1	41	19	…予備システムでの起■        	
2790	slot	1	41	19	…予備システムでの起動■       	
2791	slot	1	41	19	…予備システムでの起動を■      	
2792	slot	1	41	19	…予備システムでの起動を開■     	
2793	slot	1	41	19	…予備システムでの起動を開始■    	
2794	slot	1	41	19	…予備システムでの起動を開始し■   	
2795	slot	1	41	19	…予備システムでの起動を開始しま■  	
2796	slot	1	41	19	…予備システムでの起動を開始します…■	
2797	slot	1	41	19	…予備システムでの起動を開始します■ 	
2798	dialog	1	25	12	…人間に、なったんだよ…	
2799	dialog	1	39	19	…今のガーディアンのこと、考えていたの	
2800	dialog	1	37	18	…以前はあのひとの望みに答えること、	
2801	dialog	1	25	12	…会わせる顔がないんだよ	
2802	dialog	1	25	12	…会わなくていいのかい？	
2803	dialog	1	25	12	…何考えてんだ、あいつ？	
2804	dialog	1	15	7	…使えないかな	
2805	movie	1	27	13	…俺達シーカーの間じゃあ、	
2806	dialog	1	25	12	…儀は、アゼルと塔に行く	
2807	dialog	1	21	10	…再起動を実行します	
2808	dialog	1	21	10	…別に、何でもねえよ	
2809	dialog	1	15	7	…別人みたいだ	
2810	movie	1	9	4	…力…？	
2811	movie	1	17	8	…助かったのか…	
2812	dialog	1	29	14	…問題ない、あそこが出□だ…	
2813	movie	1	25	12	…塔によって再生しても、	
2814	movie	1	9	4	…夢…？	
2815	dialog	1	31	15	…実際は、そうでもないんだがな	
2816	movie	1	27	13	…少年、エッジに宿りし魂…	
2817	movie	1	11	5	…帝国軍…	
2818	dialog	1	31	15	…帝国軍はすでに塔の登頂部から	
2819	dialog	1	27	13	…忘れる事はできなくてもね	
2820	movie	1	31	15	…悪いが、それ以上は言えんな…	
2821	dialog	1	31	15	…我が一族も、これで終わりか…	
2822	dialog	1	39	19	…戦いたけりゃ、勝手に戦って死にやがれ	
2823	dialog	1	9	4	…戦い？	
2824	dialog	1	17	8	…戻ろう、アゼル	
2825	dialog	1	10	5	…抜け穴？	
2826	dialog	1	27	13	…持ち主の死体も一緒だった	
2827	movie	1	37	18	…最後に反対者によって作られたものが	
2828	dialog	1	27	13	…正直いって予想外だった…	
2829	dialog	1	21	10	…残るは本艦のみか…	
2830	dialog	1	39	19	…殺ったのは巣の方だけだ…下手をすると	
2831	dialog	1	23	11	…無事でいてください…	
2832	movie	1	17	8	…生きてる…！？	
2833	dialog	1	27	13	…生きて帰ってくる方が先さ	
2834	dialog	1	19	9	…知りたくなくても	
2835	movie	1	27	13	…私は、おまえたちとは違う	
2836	dialog	1	11	5	…移行確認	
2837	dialog	1	39	19	…結局、あんたもみんなと同じなんだね…	
2838	dialog	1	39	19	…結局、ウルを越えることはできなかった	
2839	dialog	1	29	14	…絶対、なにか企んでやがるぜ	
2840	slot	1	41	19	…維■                	
2841	slot	1	41	19	…維持■               	
2842	slot	1	41	19	…維持シ■              	
2843	slot	1	41	19	…維持シス■             	
2844	slot	1	41	19	…維持システ■            	
2845	slot	1	41	19	…維持システム■           	
2846	slot	1	41	19	…維持システムの■          	
2847	slot	1	41	19	…維持システムの活■         	
2848	slot	1	41	19	…維持システムの活動■        	
2849	slot	1	41	19	…維持システムの活動を■       	
2850	slot	1	41	19	…維持システムの活動を開■      	
2851	slot	1	41	19	…維持システムの活動を開始■     	
2852	slot	1	41	19	…維持システムの活動を開始し■    	
2853	slot	1	41	19	…維持システムの活動を開始しま■   	
2854	slot	1	41	19	…維持システムの活動を開始しまし■  	
2855	slot	1	41	19	…維持システムの活動を開始しました…■	
2856	slot	1	41	19	…維持システムの活動を開始しました■ 	
2857	movie	1	39	19	…艦橋に攻性生物がびっしりはりついてる	
2858	dialog	1	15	7	…落ち着いた？	
2859	dialog	1	13	6	…行くのか？	
2860	dialog	1	11	5	…行こう…	
2861	movie	1	13	6	…西に行く？	
2862	dialog	1	31	15	…貴様ら、これがどういう意味か	
2863	slot	1	39	15	…防■            	
2864	slot	1	41	19	…防■                	
2865	slot	1	39	15	…防御■           	
2866	slot	1	41	19	…防御■               	
2867	slot	1	39	15	…防御シ■          	
2868	slot	1	41	19	…防御シ■              	
2869	slot	1	39	15	…防御シス■         	
2870	slot	1	41	19	…防御シス■             	
2871	slot	1	39	15	…防御システ■        	
2872	slot	1	41	19	…防御システ■            	
2873	slot	1	39	15	…防御システム■       	
2874	slot	1	41	19	…防御システム■           	
2875	slot	1	39	15	…防御システムの■      	
2876	slot	1	41	19	…防御システムの■          	
2877	slot	1	41	19	…防御システムの活■         	
2878	slot	1	41	19	…防御システムの活動■        	
2879	slot	1	41	19	…防御システムの活動を■       	
2880	slot	1	41	19	…防御システムの活動を開■      	
2881	slot	1	41	19	…防御システムの活動を開始■     	
2882	slot	1	41	19	…防御システムの活動を開始し■    	
2883	slot	1	41	19	…防御システムの活動を開始しま■   	
2884	slot	1	41	19	…防御システムの活動を開始しまし■  	
2885	slot	1	41	19	…防御システムの活動を開始しました…■	
2886	slot	1	41	19	…防御システムの活動を開始しました■ 	
2887	slot	1	39	15	…防御システムの稼■     	
2888	slot	1	39	15	…防御システムの稼働■    	
2889	slot	1	39	15	…防御システムの稼働に■   	
2890	slot	1	39	15	…防御システムの稼働に問■  	
2891	slot	1	39	15	…防御システムの稼働に問題…■	
2892	slot	1	39	15	…防御システムの稼働に問題■ 	
2893	dialog	1	7	3	…！？	
2894	dialog	1	19	9	…？ 何だよ突然…	
2895	dialog	1	21	17	※\n<04>わるョミヌフメトな」ミミヘミにに	
2896	ui	1	23	11	※ムービーで使用した総	
2897	ui	1	19	9	※基地の構造概念図	
2898	slot	1	39	15	■              	
2899	slot	1	39	18	■                 	
2900	ui	1	10	5	。<04>＋<08>ー<0C>に<08>ぬ	
2901	dialog	1	78	37	。\nバーサークの威力が上がり、\nより少ないBPで\nバーサークを使えるようになる。	
2902	dialog	1	80	38	。\nレーザーの威力が上がるので\nレーザーを多用して戦う場合に\n有効なタイプである。	
2903	dialog	1	70	33	。\n位置取りの速度が上がり、\nすばやく敵を倒すことが\nできるようになる。	
2904	dialog	1	56	26	。\n能力は平均的なので\n特に欠点はないが\n逆に利点もない。	
2905	dialog	1	84	40	。\n防御力が高いので、\n敵から受けるダメージが小さく、\nHP回復の回数も少なくてすむ。	
2906	dialog	1	4	2	「<02>レ	
2907	dialog	1	4	2	「<03>ハ	
2908	dialog	1	4	2	「<05>ヨ	
2909	dialog	1	25	12	「守人」の血のせいかねえ	
2910	dialog	1	27	13	「探索兵」の補給は大変だよ	
2911	dialog	1	35	17	「探索兵」達の士気が上がっています	
2912	movie	1	15	7	「滅亡」はない	
2913	ui	1	187	90	「編み人」ギムトによる記録。\n\n以下に記すのは、ウル近辺で発掘した\n情報系構造体に収められていた記録の\n解読をまとめたものである。\nその内容は、ウルの北方に位置する\n『塔』の構造を示している。	
2914	ui	1	173	83	「編み人」ザドクによる記録。\n\n旧世紀の支配者たちは、この世界の\n命を支え、それを斉かすであろう\n人間の数と力を抑えるため、各地に\n強力な管理機構を遣した。\nそれが『塔』である。	
2915	ui	1	173	83	「編み人」ノアデアによる記録。\n\n遣跡内にある機械のほとんどは\nエンジンなどの動力系構造体だが、\nごくまれに、映像や音声を記録する\nための、情報系構造体が発見される\nことがある。	
2916	dialog	1	37	18	「護り火」じゃ、帝国は止められないぜ	
2917	dialog	1	39	19	「護り火」については、調べがついている	
2918	dialog	1	37	18	「護り火」の火種は、教会の聖堂にある	
2919	dialog	1	39	19	「護り火」の火種は、神聖区にあるんだが	
2920	dialog	1	27	13	「護り火」を信じてるんだろ	
2921	dialog	1	37	18	「重力の道」の彼方に連れて行かれるぞ	
2922	dialog	1	35	17	「重力の道」の彼方に運ばれるらしい	
2923	dialog	1	4	2	」さ	
2924	dialog	1	26	12	」という概念が\n存在する。	
2925	dialog	1	16	7	」に\n対応する。	
2926	dialog	1	39	19	『…1枚のメモリープレートに封印し…』	
2927	dialog	1	18	7	『…<03><05>Dユニット<03>	
2928	dialog	1	24	10	『…<03>\nライト・ウィング<03>	
2929	dialog	1	24	10	『…<03>\nライト・ウイング<03>	
2930	dialog	1	31	15	『……願わくば後世の人間が…』	
2931	dialog	1	27	13	『…あるいは我々よりも…』	
2932	dialog	1	29	14	『…しかし、それはもはや…』	
2933	dialog	1	21	10	『…しかし我々は…』	
2934	dialog	1	26	11	『…それぞれを…<03>\n12個<03>	
2935	dialog	1	39	19	『…と言えるものだったかもしれない…』	
2936	dialog	1	19	9	『…もっと別の…』	
2937	dialog	1	31	15	『…わずかな望みを託して……』	
2938	dialog	1	29	14	『…ドラゴンというよりも…』	
2939	dialog	1	35	17	『…ドラゴンの究極ともいうべき…』	
2940	dialog	1	33	16	『…ライト・ウィングに関する…』	
2941	dialog	1	33	16	『…ライト・ウイングに関する…』	
2942	dialog	1	21	10	『…個体データを…』	
2943	dialog	1	29	14	『…地表各地にばらまいた…』	
2944	dialog	1	29	14	『…形態の開発に成功した…』	
2945	dialog	1	35	17	『…我々の意志を引き維ぐことに…』	
2946	dialog	1	35	17	『…我々の暴走と判断した当局は…』	
2947	dialog	1	21	10	『…我々はついに…』	
2948	dialog	1	39	19	『…消去するようにとの決断を下した…』	
2949	dialog	1	21	10	『…記録の一切を…』	
2950	dialog	1	19	9	『…高次の存在…』	
2951	dialog	1	31	15	『あの襲撃事件から3日たった』	
2952	dialog	1	33	16	『おそらくは反対派の仕業だろう』	
2953	dialog	1	29	14	『おまえ』の望んでた場所だ…	
2954	dialog	1	35	17	『このドローンをアゼルと名づける』	
2955	dialog	1	37	18	『これならば、目標値を越えるはずだ』	
2956	dialog	1	39	19	『だが、このままでは重大な欠陥がある』	
2957	dialog	1	39	19	『ドローンF07…思考指数98…失敗』	
2958	dialog	1	39	19	『ドローンF16…思考指数94…失敗』	
2959	dialog	1	35	17	『今回の実験体はうまく行っている』	
2960	dialog	1	37	18	『例の問題も寿命の操作で解決ずみだ』	
2961	dialog	1	35	17	『例の機構の組み込み認可が下りる』	
2962	dialog	1	11	5	『塔』…？	
2963	ui	1	56	27	『塔』と呼ばれる遣跡の総\n旧世紀の記録機械で描かれたもの	
2964	movie	1	31	15	『塔』に秘められた力に比べれば	
2965	ui	1	42	20	『塔』に関する\n帝国アカデミーの実験報告書	
2966	ui	1	124	59	『塔』の下部格納層を\n守っていたガーディアン。\n塔のあちこちに配置された\n下級ガーディアンの\n上位種として生み出された\nらしい。	
2967	ui	1	174	83	『塔』の中で戦った。\n侵入者を阻むしかけが作動\nすると襲ってくる、下級\nガーディアン。\n強力な攻撃を一度だけ\n行って、すぐに逃げ出して\nしまう。体力が残り少ない\n時には危険な敵だ。	
2968	ui	1	159	76	『塔』の中で戦った。\n侵入者を阻むしかけが作動\nすると襲ってくる、下級\nガーディアン。\n正面に放つ光の矢をさける\nために移動すると、それに\n反応して直接攻撃を行う。	
2969	ui	1	134	64	『塔』の中部層を守って\nいたガーディアン。2体が\n一緒になって襲ってきた。\nというより、2体まとめて\nひとつの個体だったのかも\nしれない。	
2970	movie	1	29	14	『塔』の力を手に入れるために	
2971	ui	1	38	18	『塔』の機能に関する\nシーカーの研究書	
2972	ui	1	11	5	『塔』の総	
2973	dialog	1	25	12	『塔』の話はできねえな！	
2974	dialog	1	39	19	『塔』を探して、うろうろしてるそうだぜ	
2975	ui	1	25	12	『塔』発見〜引き上げまで	
2976	ui	1	21	10	『塔』起動実験報告書	
2977	dialog	1	39	19	『尋われたドローンはまだ発見されない』	
2978	dialog	1	39	19	『彼女はまだインプリントが終ってない』	
2979	dialog	1	39	19	『災いの種にならなければいいのだが…』	
2980	movie	1	37	18	『絶対の客人』とでも訳せばいいのかな	
2981	movie	1	21	10	『絶対の客人』とは、	
2982	dialog	1	19	9	『絶対の客人』も！	
2983	movie	1	19	9	『絶対の客人』よ…	
2984	movie	1	17	8	』…君だけなのだ	
2985	movie	1	5	2	』よ	
2986	ui	1	62	31	【528】ツ<0C>【524】ツ<10>チ<10>「<08>【516】テ<0C>【268】チ<10>タ<0C>「<10>。<08>【260】ツ<08>チ<0C>タ<0C>。<10>＋<04>チ<08>タ<04>「<0C>ソ<08>。<0C>＋<0C>ね<04>タ<08>ソ<08>＋<0C>ー<08>ね	
2987	dialog	1	5	2	あ…	
2988	dialog	1	39	19	あ…そうか、あんたらは行けないんだっけ	
2989	dialog	1	17	8	あ、あの、これ…	
2990	dialog	1	35	17	あ、いや、ないならいい、先を急ごう	
2991	dialog	1	15	7	あ、しまった！	
2992	dialog	1	13	6	あ、そうか！	
2993	dialog	1	33	16	あ、そうだ、伝言もあったんだっけ	
2994	dialog	1	37	18	あ、それから例の約束、忘れんでくれよ	
2995	dialog	1	25	12	あ、ちょっと待ってくれ…	
2996	dialog	1	37	18	あ、どこにあるのか調べる方が先だな…	
2997	dialog	1	13	6	あ、エッジ！	
2998	dialog	1	13	6	あ、悪い悪い	
2999	dialog	1	29	14	あ、父ちゃんにはないしょだよ	
3000	dialog	1	25	12	ああ…お孫さんを残してね	
3001	dialog	1	31	15	ああ…だけど、水脈への入り□が	
3002	dialog	1	15	7	ああ、あんたか	
3003	dialog	1	17	8	ああ、ご苦労さん	
3004	dialog	1	17	8	ああ、そうだけど	
3005	dialog	1	29	14	ああ、やっと調べがついたんだ	
3006	dialog	1	21	10	ああ、よく来てくれた	
3007	dialog	1	17	8	ああ、よろしく…	
3008	dialog	1	37	18	ああ、ラドガムの爺さんと組んでたんだ	
3009	dialog	1	27	13	ああ、一杯やろうってんだな	
3010	dialog	1	27	13	ああ、何十年も前の話だがな	
3011	dialog	1	37	18	ああ、君、ちょっと頼まれてくれないか	
3012	dialog	1	13	6	ああ、君か…	
3013	dialog	1	13	6	ああ、大丈夫	
3014	movie	1	25	12	ああ、悪い夢でも見たのか	
3015	dialog	1	19	9	ああ、数千年前から	
3016	movie	1	39	19	ああいった、攻性生物にやられた街や村の	
3017	dialog	1	39	19	ああやって侵入者の侵攻を阻むと同時に、	
3018	ui	1	167	80	あいかわらず発掘じょうは、ガラクタ\nばかりほりおこしている。\n\nつうしんきで やつと話しをした。\nてい国のがっこうにはいるためには\nそれなりにたくさんのお金がいる\nらしい。	
3019	dialog	1	39	19	あいつ、俺の仕事を道楽だと思ってやがる	
3020	dialog	1	31	15	あいつ、行っちまったみたいだな	
3021	dialog	1	25	12	あいつから話は聞いてるよ	
3022	dialog	1	25	12	あいつが教会に用事とはね	
3023	dialog	1	31	15	あいつと、なんかあったんだろ？	
3024	dialog	1	37	18	あいつなら、いろいろ知ってると思うぜ	
3025	dialog	1	27	13	あいつに代わって礼を言うよ	
3026	dialog	1	37	18	あいつの恩人なら、俺にとっても恩人だ	
3027	dialog	1	17	8	あいつの親父だよ	
3028	movie	1	13	6	あいつは！！	
3029	dialog	1	35	17	あいつら、あそこで何やってるんだ？	
3030	dialog	1	39	19	あいつら、砂漠を周回する習性があってな	
3031	dialog	1	33	16	あいつらがまた来たと思ったんだよ	
3032	dialog	1	33	16	あいつらについて行くことにしたよ	
3033	dialog	1	33	16	あいつらも、旧世紀文明の残り物だ	
3034	dialog	1	25	12	あえてあなたを選んだの…	
3035	movie	1	27	13	あきらめていないようだが…	
3036	dialog	1	29	14	あそこで繁殖しているようだな	
3037	dialog	1	29	14	あそこの接続部分を切りかえて	
3038	dialog	1	39	19	あそこの竜巻は、その船が起こしてるのさ	
3039	movie	1	25	12	あそこは退屈だったけど、	
3040	dialog	1	39	19	あたし、ほんとは畑仕事のほうが好きなの	
3041	dialog	1	35	17	あたし、ヴェラトの村で生まれたのよ	
3042	dialog	1	19	9	あたしが恐いのはね	
3043	dialog	1	39	19	あたしはここで子供達の無事を祈ってるよ	
3044	dialog	1	23	11	あたしも困ってるんだよ	
3045	dialog	1	39	19	あたしゃ、どうもあの人は信用できないよ	
3046	dialog	1	31	15	あたし達、どうなるんだろうねえ	
3047	dialog	1	31	15	あたし達、干からびちまうからね	
3048	dialog	1	39	19	あたし達が、なんであの子を守ったのか…	
3049	dialog	1	39	19	あたし達のことは、もうほっといておくれ	
3050	dialog	1	31	15	あたし達の目的は聞いたんだろ？	
3051	dialog	1	20	8	あたし達は、<03>\nゾア<03>	
3052	dialog	1	27	13	あっ、新しいハンターだね！	
3053	dialog	1	21	10	あったはずなんだが…	
3054	dialog	1	19	9	あっちに行ってろ！	
3055	dialog	1	17	8	あっち行っとくれ	
3056	dialog	1	39	19	あといくつか、下の層にも同じ物があるわ	
3057	dialog	1	29	14	あとで様子を見に行ってやりな	
3058	dialog	1	26	11	あとは<03>\nローター・パイル<03>	
3059	movie	1	13	6	あとは…儀が	
3060	movie	1	29	14	あとはこれが上へ運んでくれる	
3061	dialog	1	31	15	あとは地下をまっすぐ飛ぶだけだ	
3062	dialog	1	33	16	あとは客足が戻れば言うことなしね	
3063	movie	1	15	7	あとは彼女が…	
3064	dialog	1	13	6	あとひとり？	
3065	dialog	1	19	9	あなた、よそ者ね…	
3066	dialog	1	39	19	あなたが、薬を取ってきてくれるなんて…	
3067	dialog	1	33	16	あなたが思っているほどドラゴンは	
3068	dialog	1	35	17	あなたとドラゴンの働きのおかげです	
3069	dialog	1	39	19	あなたとドラゴンの間に、何かを感じるの	
3070	dialog	1	35	17	あなたと共にあれば、大丈夫でしょう	
3071	dialog	1	17	8	あなたにあげる！	
3072	movie	1	31	15	あなたに行って確かめてほしいの	
3073	dialog	1	33	16	あなたのためだけに存在している…	
3074	dialog	1	19	9	あなたのドラゴンと	
3075	dialog	1	37	18	あなたの故郷は、どんなところですか？	
3076	dialog	1	19	9	あなたの方にこそ…	
3077	ui	1	217	105	あなたは、あなたの血をけがしたり、\n薄めたりしてはならない。\n打ち捨てられた人と交わることも、\nいたずらに子孫を増やすことも、\nつつしまなければならない。\nなぜなら、新たなるゾアの民は、\nつねに神の手で置かれるからである。	
3078	ui	1	176	85	あなたは、ゾアの外から来た糧を\nとってはならない。\nなぜなら、それらの糧は、すでに\n打ち捨てられたものだからである。\nあなたは、森のもたらす恵みのみで\n命をつながなければならない。	
3079	dialog	1	39	19	あなたは、普通の人間と違う感じがする…	
3080	ui	1	211	102	あなたは、生から死に至る道を\nすべてゾアの地で歩まねばならない。\nなぜなら、地上はすべて、争いの\nけがれを受けているからである。\nゾアの外に立ち、再びけがれた者は、\n再びさばきを受けるさだめを\n負わなければならない。	
3081	dialog	1	31	15	あなたも…扉を開いてほしいの？	
3082	dialog	1	31	15	あなたも旅してる世界ですから…	
3083	movie	1	35	17	あなたをセストレンに送ると同時に、	
3084	dialog	1	29	14	あなたを見たような気がするの	
3085	dialog	1	29	14	あなた達が生まれるずっと前…	
3086	dialog	1	24	10	あの<03>\nローター・パイル<03>	
3087	dialog	1	9	4	あのさ…	
3088	dialog	1	23	11	あのでっかいの、見た？	
3089	dialog	1	21	10	あのね、神さまがね、	
3090	dialog	1	39	19	あのひと、また妙な物売りつけたんだね…	
3091	movie	1	13	6	あのひとが…	
3092	dialog	1	35	17	あのひとが目覚めさせてくれるまで…	
3093	dialog	1	33	16	あのひとの敵は私の敵…それだけだ	
3094	movie	1	27	13	あのひとの言っていたこと、	
3095	movie	1	29	14	あのひとの邪魔をするからだ…	
3096	dialog	1	29	14	あのひとは、いつも言ってたわ	
3097	movie	1	31	15	あのひとはこの世界を守ろうと…	
3098	dialog	1	35	17	あのひとも、狩りに出られればねえ…	
3099	dialog	1	33	16	あのひとも、食べ物や水をくれたわ	
3100	movie	1	21	10	あのひとを殺したの…	
3101	dialog	1	33	16	あのひと？ クレイメンの事か！？	
3102	dialog	1	37	18	あのガッシュって奴に、頼まれたのか？	
3103	dialog	1	23	11	あのガーディアン達と、	
3104	movie	1	35	17	あのデカブツだけは俺達の手に負えん	
3105	ui	1	125	60	あのデッカイふうしゃのおかげで\nこうせい生物もほとんど\nよりつかない。\nここはおもったよりも らくなしごと\nだったかもしれない。	
3106	dialog	1	39	19	あのパエットって男、あんたの知り合い？	
3107	dialog	1	39	19	あの乗り物、アンユウ達が見つけたんだよ	
3108	dialog	1	39	19	あの乗り物は、この近くに落ちとったんだ	
3109	dialog	1	29	14	あの乗り物は、たいしたもんだ	
3110	dialog	1	33	16	あの人の邪魔をするなら…殺す、と	
3111	dialog	1	25	12	あの司祭め、はかったな！	
3112	dialog	1	27	13	あの塔は、完全に目覚めたわ	
3113	movie	1	21	10	あの大量の攻性生物を	
3114	dialog	1	39	19	あの子…感づいちまったのかもしれないね	
3115	dialog	1	35	17	あの子、ずっと熱が下がんないんだよ	
3116	dialog	1	29	14	あの子、どんどん弱ってるんだ	
3117	dialog	1	31	15	あの子、全然じっとしてなくて…	
3118	dialog	1	25	12	あの子、逃げたんだって？	
3119	dialog	1	35	17	あの子にも見せてやりたかったねえ…	
3120	dialog	1	37	18	あの子のことは、しょうがなかったんだ	
3121	dialog	1	37	18	あの子の事、忘れたわけじゃないけど…	
3122	dialog	1	31	15	あの子の事では、世話になったな	
3123	dialog	1	35	17	あの子は、大事なお話の最中なんだよ	
3124	dialog	1	25	12	あの子も…もう、いない…	
3125	dialog	1	31	15	あの子もそのつもりみたいだし…	
3126	dialog	1	35	17	あの少女に危害が加わるといけません	
3127	movie	1	33	16	あの戦艦も、塔も…旧世紀の全てが	
3128	movie	1	21	10	あの攻性生物の群れ…	
3129	dialog	1	37	18	あの時、おまえのような奴がいればな…	
3130	movie	1	25	12	あの時から始まった旅の…	
3131	dialog	1	21	10	あの時言ったはずだ…	
3132	dialog	1	37	18	あの森で戦ったら、例の神殿もやばいぜ	
3133	dialog	1	37	18	あの森なら、楽に暮らせるだろうからね	
3134	dialog	1	31	15	あの焼け跡が、何だかわかるか？	
3135	movie	1	29	14	あの男…クレイメン達を追え…	
3136	dialog	1	29	14	あの男、大丈夫なんですかね？	
3137	movie	1	17	8	あの発掘所でな！	
3138	movie	1	27	13	あの発掘物を尋回する以外、	
3139	dialog	1	31	15	あの砂をどける方法があるはずだ	
3140	dialog	1	23	11	あの砲の正面は危険だな	
3141	dialog	1	23	11	あの程度なら朝メシ前さ	
3142	dialog	1	21	10	あの船、すげえだろ！	
3143	dialog	1	39	19	あの船に乗ってたガキ、何者だったんだ？	
3144	dialog	1	29	14	あの赤い奴を早めに倒すんだ！	
3145	dialog	1	35	17	あの里の人達と一緒に行くことだって	
3146	dialog	1	39	19	あの霧は「メル=カヴァ」が作ってるんだ	
3147	dialog	1	27	13	あの黒いドラゴンのことか？	
3148	movie	1	19	9	あまり時間がない…	
3149	dialog	1	33	16	あやうく殺されるところだったぜ…	
3150	dialog	1	35	17	あら、あたしに会いに来てくれたの？	
3151	dialog	1	19	9	あら、よく来たわね	
3152	dialog	1	23	11	あらいやだ、ほんとだよ	
3153	dialog	1	11	5	ありがたい	
3154	dialog	1	27	13	ありがたいと思わなくちゃね	
3155	dialog	1	15	7	ありがたい事だ	
3156	dialog	1	13	6	ありがたい！	
3157	dialog	1	37	18	ありがてえ！ これで食料が買えるぜ！	
3158	movie	1	11	5	ありがとう	
3159	dialog	1	23	11	ありがとうございます…	
3160	dialog	1	19	9	ありがとうエッジ、	
3161	dialog	1	11	5	ありがとよ	
3162	dialog	1	13	6	ありがとよ！	
3163	dialog	1	31	15	ありゃ、俺達の理解を超えてるよ	
3164	movie	1	29	14	あるべき姿にしようとしている	
3165	dialog	1	19	9	あるわけないだろ…	
3166	dialog	1	39	19	ある国が旧世紀の空飛ぶ船を発掘したんだ	
3167	movie	1	25	12	ある物、いや人を探してる	
3168	dialog	1	35	17	あれ、その銃…俺が修理した奴だよな	
3169	dialog	1	26	11	あれが<03>\nローター・パイル<03>	
3170	dialog	1	17	8	あれが…抜け穴？	
3171	dialog	1	17	8	あれが弱点だ！！	
3172	movie	1	29	14	あれさえ手に入れば、帝国など	
3173	dialog	1	33	16	あれだけ痛めつけられたのにかよ？	
3174	dialog	1	39	19	あれのおかげで、攻性生物が寄りつかねえ	
3175	movie	1	17	8	あれは……何だ？	
3176	dialog	1	25	12	あれは…クレイメン艦隊！	
3177	dialog	1	33	16	あれは、この街を滅ぼしかねん男だ	
3178	dialog	1	35	17	あれは、そこから掘り出した物なんだ	
3179	dialog	1	35	17	あれは、評議会に認められた子なのだ	
3180	movie	1	37	18	あれは普通の人間に扱えるものではない	
3181	dialog	1	11	5	あれは！？	
3182	movie	1	29	14	あれも塔から生まれ出たものだ	
3183	movie	1	17	8	あれを使えばよい	
3184	dialog	1	37	18	あれを持つ資格なんか、俺にはないんだ	
3185	dialog	1	35	17	あれを昇れば、すぐ目の前に見えるよ	
3186	movie	1	31	15	あれを皇帝に渡すわけにはいかん	
3187	dialog	1	7	3	あれ？	
3188	dialog	1	29	14	あれ？ おまえは来ないのか？	
3189	dialog	1	17	8	あれ？ その銃…	
3190	dialog	1	27	13	あんた、なんかわけありだね	
3191	dialog	1	21	10	あんた、ハンターだね	
3192	dialog	1	31	15	あんた、ハンターのエッジだろ？	
3193	dialog	1	35	17	あんた、一緒に戦ってくれるんだろ？	
3194	dialog	1	33	16	あんた、俺の顔に見覚えないかい？	
3195	dialog	1	33	16	あんた、教典読んだ事ないのかい？	
3196	dialog	1	21	10	あんた、旅の人だろ？	
3197	dialog	1	25	12	あんた、確かゾアの街で…	
3198	dialog	1	39	19	あんた、神聖区で仕事もらったんだって？	
3199	dialog	1	19	9	あんたがエッジだな	
3200	dialog	1	33	16	あんたがシーカーの仲間だって噂…	
3201	movie	1	29	14	あんたが起こした攻性生物にな	
3202	dialog	1	33	16	あんたなら知ってるって言うのか？	
3203	dialog	1	17	8	あんたのおかげさ	
3204	dialog	1	19	9	あんたのおかげさ…	
3205	dialog	1	35	17	あんたのお連れさんなら、心配ないよ	
3206	dialog	1	39	19	あんたのドラゴンが狙いなんじゃないか？	
3207	movie	1	39	19	あんたの仲間も、あの世で大喜びだぜぇ！	
3208	dialog	1	33	16	あんたの技術には助けられたからね	
3209	movie	1	23	11	あんたの探してる人って	
3210	dialog	1	29	14	あんたの空中船、墜落してたよ	
3211	dialog	1	39	19	あんたの親父さんは、違うみたいだけど…	
3212	dialog	1	35	17	あんたの連れは、病室に運んであるよ	
3213	dialog	1	11	5	あんたは…	
3214	movie	1	39	19	あんたは、いやあんた達は一体何者なんだ	
3215	dialog	1	39	19	あんたみたいに戦いをやめたりはしない！	
3216	dialog	1	33	16	あんたも、そこの人だったんだろ？	
3217	movie	1	29	14	あんたも、その人もゾアの街に	
3218	dialog	1	29	14	あんたも、ハンターだったのか	
3219	dialog	1	39	19	あんたも、腰をすえて暮らした方がいいよ	
3220	dialog	1	37	18	あんたも、遣跡を掘り返してるのかい？	
3221	dialog	1	29	14	あんたもシーカーだったのか？	
3222	movie	1	19	9	あんたも来ないか？	
3223	dialog	1	19	9	あんたも顔が広いな	
3224	dialog	1	35	17	あんたを巻き込むわけにはいかないよ	
3225	dialog	1	37	18	あんた達が神聖区に来る前の話だけど…	
3226	dialog	1	35	17	あんた達の話は、わけがわからないよ	
3227	dialog	1	35	17	あんた達も、この里の子になるかい？	
3228	dialog	1	39	19	あんな奴に持たせとくのはもったいないぜ	
3229	dialog	1	29	14	あんな焼け跡じゃ暮らせないよ	
3230	dialog	1	27	13	い、いや、そうじゃなくて…	
3231	dialog	1	29	14	い、いや、確かにそうだけど…	
3232	movie	1	33	16	いいか、よけいなことに関わるなよ	
3233	movie	1	21	10	いいか、約束だからな	
3234	movie	1	9	4	いいかね	
3235	dialog	1	39	19	いいじゃないか、人助けみたいなものだし	
3236	dialog	1	19	9	いいぜ、持ってけよ	
3237	movie	1	39	19	いいだろう、だけど地上に出られるまでだ	
3238	dialog	1	29	14	いいだろうなあ、外の世界は…	
3239	dialog	1	23	11	いいのかい？ アゼル…	
3240	dialog	1	13	6	いいのか？…	
3241	dialog	1	9	4	いいわ、	
3242	dialog	1	11	5	いいんだよ	
3243	dialog	1	31	15	いい子だから、じっとしててね…	
3244	dialog	1	29	14	いい子だから、もう少しお待ち	
3245	dialog	1	13	6	いい気味だわ	
3246	dialog	1	21	10	いい物そろってるだろ	
3247	dialog	1	27	13	いい買い物だと思うけどなあ	
3248	dialog	1	23	11	いえ、そのような事は…	
3249	dialog	1	33	16	いきなり、そんなこと言われても…	
3250	dialog	1	7	3	いくぞ	
3251	dialog	1	29	14	いくらなんでも、頑丈すぎるぜ	
3252	ui	1	190	92	いずれの武器も、我が軍の保有する\n同種兵装のそれをはるかに上回る\n破壊力を有している。アカデミーの\n試算によれば、ドラゴン1頭の潜在\n能力は、最低でもヴァルナ級空中戦艦\n50隻に匹敵するという。	
3253	dialog	1	33	16	いたずらに命を惜しむつもりはない	
3254	dialog	1	39	19	いっそ、共倒れになっちまえばいいのによ	
3255	dialog	1	33	16	いっそ、街が占領されねえもんかな	
3256	dialog	1	33	16	いったい、どんな所なんだろうねえ	
3257	dialog	1	31	15	いつかはここを出ていくつもりさ	
3258	dialog	1	39	19	いつでも、この街にぶっ放せるって話だぜ	
3259	dialog	1	17	8	いつでもいけます	
3260	ui	1	209	101	いつの日か、ラギは力を取り戻して\n大空に帰っていくだろう。そして、\nその背中には、たぶん儀ではない\n誰かが乗っているだろう。\nでも、儀はそれを悲しまない。\n託されたものを失わない限り、彼は\n儀とともにあるのだから。	
3261	dialog	1	39	19	いつまでもガラクタばかりいじっとらんで	
3262	dialog	1	29	14	いつまでも悲しんではおれんよ	
3263	dialog	1	37	18	いつまでも旅慣れしないねえ、おまえは	
3264	dialog	1	27	13	いつ死ぬかわかんないけど…	
3265	ui	1	15	7	いにしえの峡谷	
3266	dialog	1	17	8	いにしえの闘飛場	
3267	dialog	1	17	8	いまさら何を驚く	
3268	dialog	1	25	12	いました、攻性生物です！	
3269	dialog	1	7	3	いまだ	
3270	ui	1	193	93	いまだによみ書きがまともにできない\nおれとちがってエッジはあたまもいい\nなんとかして 帝国のがっこうに\nいれてやりたいとおもう。\n\nへんきょうの よう兵などまっとうな\nにんげんのするしごとじゃない。	
3271	ui	1	219	106	いまだ文明の光を知らぬ辺境の民は、\n旧世紀の産物をいたずらに恐怖し、\n愚かな信仰の対象とするのみである。\nそれら地に埋もれた遣産を、正当なる\n維承者、すなわち皇帝陛下のもとに\nお返しするのが、我が軍に与えられた\n使命である。	
3272	dialog	1	23	11	いや…そんなことないよ	
3273	movie	1	17	8	いや…何でもない	
3274	dialog	1	25	12	いや、あんな連中とは違う	
3275	slot	1	33	16	いや、いいんだ、人違いだったから	
3276	dialog	1	23	11	いや、この間は失礼した	
3277	dialog	1	33	16	いや、そういうわけじゃないけど…	
3278	dialog	1	31	15	いや、それは本当のウルじゃない	
3279	dialog	1	25	12	いや、ちょっと、これは…	
3280	dialog	1	31	15	いや、まあ…色々考えがあってな	
3281	movie	1	35	17	いや、もっと後になるかもしれんがな	
3282	dialog	1	25	12	いや、やっぱりやめとこう	
3283	dialog	1	17	8	いや、別に何も…	
3284	movie	1	35	17	いや、旧世紀の遣跡、全てを破壊する	
3285	dialog	1	33	16	いやいや、あくまで例えばの話だよ	
3286	dialog	1	33	16	いやなら、無理にとは言いませんが	
3287	dialog	1	9	4	いや違う	
3288	dialog	1	29	14	いろいろ倉庫から出してきたぜ	
3289	dialog	1	37	18	いろんな人が、戦いで死んでいったけど	
3290	dialog	1	33	16	ううん…ごめんなさい、もう大丈夫	
3291	dialog	1	29	14	うかつに壁を越えようとしたら	
3292	dialog	1	31	15	うかつに遣跡を目覚めさせると…	
3293	dialog	1	29	14	うちのフェイの事、どう思う？	
3294	dialog	1	39	19	うちのフェイを、嫁にする気はないかい？	
3295	dialog	1	35	17	うちの娘とよく話をしているようだな	
3296	dialog	1	29	14	うちの娘に何するつもりだい！	
3297	dialog	1	7	3	うっ…	
3298	movie	1	25	12	うなされてたみたいだけど	
3299	movie	1	15	7	うなされてた？	
3300	dialog	1	33	16	うまくあしらえば、なんとでもなる	
3301	dialog	1	27	13	うるせえな、あっちに行けよ	
3302	dialog	1	31	15	うるせえ！ 俺の知ったことか！	
3303	dialog	1	13	6	うわぁぁぁ！	
3304	dialog	1	13	6	うわぁぁーー	
3305	dialog	1	19	9	うわっ、前はやばい	
3306	dialog	1	31	15	うわっ！スピードが上がったぞ！	
3307	dialog	1	5	2	うん	
3308	dialog	1	39	19	うん…これが飛べば遠くに行けるんだろ？	
3309	dialog	1	19	9	うん…わかってるよ	
3310	dialog	1	35	17	うん…一体、どこに行ったんだろう？	
3311	dialog	1	31	15	うん…少なくとも、儀にはあるよ	
3312	dialog	1	23	11	うん、もうすぐ終わるよ	
3313	dialog	1	9	4	うーん…	
3314	dialog	1	19	9	え…いいんですか？	
3315	movie	1	13	6	え、い、いや	
3316	dialog	1	5	2	ええ	
3317	dialog	1	21	10	ええ、でも私は大丈夫	
3318	dialog	1	23	11	ええっ？ なんでだよ！	
3319	movie	1	9	4	えっ！？	
3320	movie	1	7	3	えっ？	
3321	dialog	1	27	13	えらいこと…って、どんな？	
3322	dialog	1	7	3	え！？	
3323	dialog	1	29	14	え？ …ああ、ごめんなさい…	
3324	dialog	1	17	8	え？ あ、ああ…	
3325	dialog	1	25	12	え？ ああ、そうだけど…	
3326	dialog	1	15	7	え？ いいの？	
3327	dialog	1	13	6	え？ でも…	
3328	dialog	1	19	9	え？ でも、儀は…	
3329	dialog	1	21	10	え？ でも、悪いよ…	
3330	dialog	1	29	14	え？ 場所がわからないのか？	
3331	dialog	1	27	13	え？ 遣跡に住んでたのか？	
3332	dialog	1	31	15	お、おどかそうったってだめだぜ	
3333	dialog	1	15	7	お、落ちます！	
3334	dialog	1	15	7	おい、ぼうず…	
3335	movie	1	31	15	おい、誰が寝ていいって言った！	
3336	dialog	1	23	11	おいおい、あわてるなよ	
3337	movie	1	19	9	おい！ おまえ！！	
3338	dialog	1	31	15	おかげで、病気が治りそうです…	
3339	dialog	1	31	15	おかげで助かったよ、ありがとう	
3340	dialog	1	31	15	おかしいな…この規模の遣跡なら	
3341	dialog	1	33	16	おじさん、早く帰ってこないかな…	
3342	dialog	1	37	18	おじさん達は、まだ戻ってませんけど…	
3343	dialog	1	31	15	おそらく、メッカニア熱だと思う	
3344	dialog	1	29	14	おそらく、行き先はウルだろう	
3345	movie	1	21	10	おそらくは…奴が……	
3346	ui	1	151	73	おそらく我が友は、君を塔に導こうと\nしていることだろう。\nそれは、塔の死滅という彼の目的に、\n我々には知り得ない理由で、乗り手が\n深く関わっているからだ。	
3347	movie	1	25	12	おそらく生存者はいまい…	
3348	dialog	1	37	18	おばちゃんのごはん、まずいんだよなあ	
3349	dialog	1	33	16	おまえ、この船に興味があるのか？	
3350	dialog	1	19	9	おまえ、ケガは…？	
3351	dialog	1	39	19	おまえ、バイマンさんに金積んだんだろ？	
3352	dialog	1	39	19	おまえ、俺の事、ごくつぶしだと思うか？	
3353	movie	1	35	17	おまえ、戦いっぱなしだったんだろ？	
3354	dialog	1	17	8	おまえ、新顔だな	
3355	dialog	1	39	19	おまえ、狩りを始めてどれくらいになる？	
3356	movie	1	37	18	おまえがいるとは思いもしなかったが…	
3357	dialog	1	27	13	おまえが発掘所で見た女か？	
3358	dialog	1	37	18	おまえが追ってる、クレイメンって奴…	
3359	dialog	1	13	6	おまえさん…	
3360	dialog	1	25	12	おまえさん、大物になるぜ	
3361	dialog	1	31	15	おまえさん、本なんか読むのか？	
3362	dialog	1	27	13	おまえさん、本気なのかい？	
3363	dialog	1	39	19	おまえさんの持って来た銃を改造したんだ	
3364	dialog	1	27	13	おまえさんを監視してたんだ	
3365	dialog	1	31	15	おまえだって、わかってるだろ？	
3366	dialog	1	31	15	おまえと二人、ドラゴンもなしで	
3367	dialog	1	37	18	おまえなら、きっと丈夫な子が産めるよ	
3368	movie	1	35	17	おまえに会ったのだって偶然じゃない	
3369	dialog	1	33	16	おまえに帝国退治を頼んだことか？	
3370	dialog	1	29	14	おまえに預かりもんだ、ほらよ	
3371	dialog	1	23	11	おまえのせいじゃないよ	
3372	dialog	1	27	13	おまえのための戦いじゃない	
3373	dialog	1	37	18	おまえのような奴こそ、生き残るべきだ	
3374	dialog	1	33	16	おまえの仕事は、第5地点の監視だ	
3375	dialog	1	39	19	おまえの後ろで、おとなしくしてるから！	
3376	dialog	1	33	16	おまえの本当の力を見せてくれ！！	
3377	dialog	1	27	13	おまえの本当の名前を示せ…	
3378	movie	1	31	15	おまえの生きのびる方法はない…	
3379	dialog	1	23	11	おまえの相棒と一緒にな	
3380	dialog	1	29	14	おまえの知り合いじゃないの？	
3381	dialog	1	35	17	おまえは、その意志の外に存在する…	
3382	dialog	1	37	18	おまえはいいよな…皆にあてにされてよ	
3383	dialog	1	39	19	おまえはそれについて私に質問しなかった	
3384	dialog	1	31	15	おまえは先に出□で待っててくれ	
3385	dialog	1	11	5	おまえも、	
3386	dialog	1	37	18	おまえも、ここの噂聞いて来たんだろ？	
3387	dialog	1	39	19	おまえもここに住みたいんじゃねえのか？	
3388	dialog	1	35	17	おまえもハンターなら、わかるだろう	
3389	dialog	1	29	14	おまえら、よく探したのかよ？	
3390	movie	1	37	18	おまえを、殺さなければならなくなる…	
3391	dialog	1	29	14	おまえを呼んだ者に伝えておけ	
3392	dialog	1	37	18	おまえを見ていると、若い頃を思い出す	
3393	dialog	1	39	19	おまえ達が攻性生物と呼ぶ奴らも大差ない	
3394	dialog	1	35	17	おまえ達の事も、あの事件の記憶も…	
3395	dialog	1	27	13	おや…君は、確か開放区で…	
3396	dialog	1	39	19	おや、そんな事を言ってもよろしいので？	
3397	dialog	1	23	11	おや、よそ者じゃないか	
3398	dialog	1	29	14	おやめよ、斉えてるじゃないか	
3399	dialog	1	37	18	おや？ それは私が頼んだ物じゃないか	
3400	dialog	1	19	9	おや？止まったのか	
3401	dialog	1	33	16	おれ、はやく大きくなりたいなあ！	
3402	dialog	1	39	19	おれが大きくなったら、てつだうからさ！	
3403	dialog	1	27	13	おれが病気だったからかな？	
3404	dialog	1	33	16	おれたちといっしょに来るんだろ？	
3405	dialog	1	39	19	お母さん、攻性生物や帝国が恐くないの？	
3406	dialog	1	21	10	お母さんが言ってたよ	
3407	dialog	1	23	11	お母さんに言われてるの	
3408	movie	1	25	12	お気持ちはわかりますが…	
3409	dialog	1	25	12	お父さんがつけてくれたの	
3410	dialog	1	27	13	お父さんにもらった宝物なの	
3411	dialog	1	23	11	お礼に、こいつをやるよ	
3412	movie	1	19	9	お笑いぐさだぜ！！	
3413	ui	1	176	85	かくのごとき巨大な力は、旧世紀\n文明の維承者たる皇帝陛下のもとで\n正しく管理されねばならない。それが\n世界秩序の確立に貢献する道であり、\n我が軍はそのためにこそ存在するので\nある。	
3414	ui	1	100	48	かつて、\n世界は、神とともにあった。\n人は、神の栄光のもとにあった。\n万象は、幸いをなすものであった。	
3415	dialog	1	37	18	かつて、ドラゴン乗りだった男の記録だ	
3416	movie	1	27	13	かつての力を失った人類は、	
3417	movie	1	15	7	かなりのものだ	
3418	dialog	1	15	7	かなりやられた	
3419	dialog	1	35	17	かべの向こうって、何があるのかな？	
3420	dialog	1	21	10	かまわん！ 動くか？	
3421	dialog	1	29	14	かわいそうだと思ったんだろ？	
3422	dialog	1	27	13	かわりに、これあげるからさ	
3423	dialog	1	17	8	かんちがいするな	
3424	dialog	1	17	8	かん違いするなよ	
3425	dialog	1	19	9	が、今は無理だな…	
3426	dialog	1	11	5	が先だ！)	
3427	dialog	1	23	11	きっと、みんな喜びます	
3428	dialog	1	27	13	きっと、ドラゴンの仕業だぜ	
3429	dialog	1	27	13	きっと君の役にも立つだろう	
3430	ui	1	95	45	きょうもおめあてのものは\nみつからなかったようだ。\n\nあいかわらず やつからのれんらくは\nこない。	
3431	dialog	1	31	15	きれいだと思ったけど…変かな？	
3432	dialog	1	37	18	きれいにしないと、病気になっちゃうよ	
3433	dialog	1	29	14	くそっ…戦うしかないのか！？	
3434	movie	1	31	15	くそっ、やっぱり追ってきたか！	
3435	movie	1	19	9	くそっ！ くそっ！	
3436	dialog	1	25	12	くっ、なんとかもたせろ！	
3437	dialog	1	25	12	くっ、対攻性生物弾を使え	
3438	dialog	1	7	3	くっ！	
3439	dialog	1	11	5	くらえ！！	
3440	dialog	1	13	6	ぐわぁぁーー	
3441	dialog	1	35	17	けっこういい土地じゃないか、ここは	
3442	movie	1	19	9	こいつが必要なんだ	
3443	dialog	1	39	19	こいつが直ったら、すぐにでも出ていくよ	
3444	ui	1	134	64	こいつとは、ウルで再び\n戦うことになったが、この\n時も決着をつけることは\nできなかった。\n出会うたびに、新しい力を\n身につけているようだ。	
3445	dialog	1	39	19	こいつには静かな暮らしを与えてやりたい	
3446	dialog	1	21	10	こいつはいい遣跡だな	
3447	movie	1	29	14	こいつはいつもの雑種じゃない	
3448	dialog	1	15	7	こいつは礼金だ	
3449	dialog	1	31	15	こいつも受け取ってくれないか？	
3450	movie	1	27	13	こいつらに管理されていれば	
3451	dialog	1	11	5	こいつらは	
3452	dialog	1	39	19	こいつを売ってくれるのか、ありがたい！	
3453	movie	1	35	17	こういう時はそう言って謝るんだって	
3454	dialog	1	33	16	こうすれば速度を変えてくれるのか	
3455	dialog	1	39	19	こうでもしないと親父を閉め出せないんだ	
3456	dialog	1	27	13	こう言っちゃなんだけどね…	
3457	dialog	1	35	17	ここ…最初来た時には通らなかった…	
3458	dialog	1	31	15	ここ、ウルって遣跡なんだけど…	
3459	slot	1	33	13	ここ、俺だけの隠れ家なんだ	
3460	dialog	1	33	16	ここから、塔を止められないのか？	
3461	dialog	1	29	14	ここからさらに下のドームに、	
3462	dialog	1	29	14	ここからは下り坂になっている	
3463	dialog	1	33	16	ここから下に抜けるのが一番近道よ	
3464	dialog	1	27	13	ここから先は、一人でいくよ	
3465	dialog	1	29	14	ここから先は道の分岐も激しい	
3466	dialog	1	37	18	ここがちょうど真ん中の層に当たるわ…	
3467	dialog	1	17	8	ここが塔の最上階	
3468	dialog	1	27	13	ここじゃ「調整士」だけどな	
3469	dialog	1	29	14	ここじゃねえよ、隣の神聖区さ	
3470	movie	1	7	3	ここだ	
3471	dialog	1	125	60	ここでは\nタイプセレクト画面で、実際に\n形態変化を試すことができる。\nそののち、その形態が属する\nタイプについての解説を行なう。	
3472	dialog	1	39	19	ここでは、認められた子供しか育てられん	
3473	dialog	1	27	13	ここでは手に入らないんだよ	
3474	dialog	1	39	19	ここなら、静かに暮らせると思ったのに…	
3475	dialog	1	39	19	ここにいる限り、住民は安全というわけだ	
3476	dialog	1	31	15	ここには、気軽に立ち寄ってくれ	
3477	dialog	1	37	18	ここには、食料の買いつけに来てるんだ	
3478	dialog	1	19	9	ここにはそれっきり	
3479	ui	1	23	11	ここにはもう用はない…	
3480	dialog	1	21	10	ここに住んでる人か？	
3481	movie	1	21	10	ここに攻め込んだのさ	
3482	ui	1	135	65	ここに書き記すのは、私に託された\n秘密の、ごく一部でしかない。\nわずかな知識ではあるが、私と同じ\n境遇に立つ君の助けとなれば幸いで\nある。	
3483	dialog	1	33	16	ここに来るまで、大変だったんだろ	
3484	movie	1	27	13	ここに来るまでに見ただろう	
3485	dialog	1	27	13	ここに残るように言われたの	
3486	dialog	1	35	17	ここに流れてきた連中の吹きだまりよ	
3487	dialog	1	39	19	ここに流れ着いた旅人達と争いが起きてね	
3488	dialog	1	39	19	ここの人達だって、きっと認めてくれるさ	
3489	dialog	1	27	13	ここの外周部へ出るゲートよ	
3490	movie	1	27	13	ここの攻性生物の戦闘能力は	
3491	dialog	1	25	12	ここの連中、払いが悪いぜ	
3492	dialog	1	39	19	ここの連中は、みんな帝国をなめてるんだ	
3493	dialog	1	31	15	ここの遣跡で何か作動するものが	
3494	dialog	1	35	17	ここの遣跡を越えれば砂漠も終わり…	
3495	dialog	1	31	15	ここの食いもの、うまいんだぜ！	
3496	dialog	1	37	18	ここは、あまり長居する場所ではないぞ	
3497	dialog	1	27	13	ここは、まだ森に近すぎる…	
3498	dialog	1	39	19	ここは、ハンターなどの来る所ではないぞ	
3499	dialog	1	25	12	ここは、戦いのない街だ…	
3500	dialog	1	27	13	ここは、私でもダメみたい…	
3501	dialog	1	37	18	ここは、私達の村にどこか似ています…	
3502	dialog	1	31	15	ここは俺を信用してくれよ、な？	
3503	dialog	1	17	8	ここは俺んちだぜ	
3504	dialog	1	11	5	ここは昔、	
3505	dialog	1	31	15	ここまでやれるとは思わなかった	
3506	dialog	1	33	16	ここまで来て、また行き止まりか…	
3507	movie	1	23	11	ここも…やられたのか…	
3508	movie	1	21	10	ここも、もう終わりだ	
3509	dialog	1	37	18	ここも、帝国に占領されちゃうのかな…	
3510	dialog	1	19	9	ここらにある遣物が	
3511	dialog	1	31	15	ここを守らなきゃいけないからね	
3512	dialog	1	37	18	ここを守るのも、大切な使命だと思うよ	
3513	dialog	1	33	16	ここを抜け出せるってわけだな！？	
3514	movie	1	33	16	ここを見れば、帝国は俺達を疑う…	
3515	dialog	1	33	16	こちらにくるぞ！艦を密集させろ！	
3516	movie	1	11	5	こっちだ…	
3517	movie	1	25	12	こっちへゆっくり出てこい	
3518	dialog	1	37	18	こないだ、記録機械とかをこしらえてな	
3519	dialog	1	37	18	こないだ、遣跡でいいもの見つけたんだ	
3520	dialog	1	31	15	こないだ、銃の修理を頼まれてさ	
3521	ui	1	25	12	このCDのムービーを再生	
3522	movie	1	31	15	この、旗艦グリグオリグの力でな	
3523	ui	1	194	94	この「乗り手」の正体は不明だが、\nドラゴンと連携した俊敏な反応や\n高度な戦闘行動は、普通の人間には\n不可能なわざであり、アカデミーでは\n攻性生物に類する人型の創造物では\nないかとする説が有力である。	
3524	dialog	1	29	14	この「護り火」は、ゾアの命だ	
3525	movie	1	23	11	この『塔』を破壊します	
3526	dialog	1	35	17	このあたりに帝国が来てるってのによ	
3527	ui	1	293	141	このしごとがおわったら あいつを\n帝国へつれていってやるつもりだ。\nしょうらい あいつがえらくなっても\nおれのことであいつがバカにされたり\nはずかしいおもいしないように\n俺もあしたから日記だけじゃなく\nすこしべんきょうもしようとおもう。\n<05><05>エッジはいつか、おれのことを\nおやじとよんでくれるだろうか。	
3528	dialog	1	33	16	このでかい銃、どこで手に入れた？	
3529	ui	1	149	72	このとき、神の知恵は、\nことごとく争いに用いられた。\n神の火は、地を焼きつくし、\n神の道具は、命あるものを打ち殺し、\n攻性生物は、人を喰う軍勢となった。	
3530	dialog	1	27	13	このまま、まっすぐでいい…	
3531	dialog	1	27	13	このままじゃ助からないよ…	
3532	dialog	1	23	11	このままだと、やばいぜ	
3533	dialog	1	35	17	このままだと、上納金も払えませんよ	
3534	dialog	1	37	18	このままだと、満足に乾季が越せません	
3535	dialog	1	29	14	このままだと先には行けないな	
3536	dialog	1	37	18	このままではダメだ！ この場は退こう	
3537	dialog	1	39	19	このままでも、飛ぶだけなら問題ないんだ	
3538	movie	1	33	16	このまま旗艦艦隊に引き渡しますか	
3539	dialog	1	121	58	このように、位置取りによって\n敵の攻撃をかわしたり\n効果的に攻撃したりできる。\n位置取りを制すれば\n戦いを有利に進められる。	
3540	dialog	1	29	14	このゲートは開きそうもないわ	
3541	dialog	1	31	15	このコブ…まさか、ズースーか！	
3542	dialog	1	33	16	このコントロールエリアを目指して	
3543	dialog	1	17	8	このドラゴンは、	
3544	movie	1	23	11	このハンターくずれが！	
3545	dialog	1	31	15	このパエット様はだまされねえぜ	
3546	dialog	1	33	16	このフローターは出力が落ちている	
3547	dialog	1	25	12	このプラントの貯水槽だ…	
3548	dialog	1	29	14	この世ならぬ道で塔とつながり	
3549	dialog	1	39	19	この世の物とは思えない遣跡もあるからな	
3550	movie	1	29	14	この人たちの言っていること、	
3551	dialog	1	67	31	この他に、以下の2系統がある。\n<03>\nFULLーGAUGE CLASS<03>	
3552	dialog	1	31	15	この作物は、みんな神聖区の物さ	
3553	ui	1	219	106	この俺が ガラにもなくこんな日記\nなんかつけはじめたのは やはり\nあいつのためかもしれない。\nおもえば 親がわりだなどと\n□はばったいことも、何度も言ったが\nこれといって おやらしいことは\nいままで なにもしてやれなかった。	
3554	dialog	1	39	19	この倉庫の蓄えも、徐々に減り始めている	
3555	dialog	1	37	18	この先に地上へ出るエレベーターがある	
3556	movie	1	27	13	この場所は自由に使ってくれ	
3557	dialog	1	35	17	この塔は、そういった空間の連なりで	
3558	movie	1	27	13	この声…ドラゴンなのか！？	
3559	dialog	1	39	19	この子、あなたになついてるみたいですね	
3560	dialog	1	37	18	この子とは、村からずっと一緒なんです	
3561	dialog	1	35	17	この子には、ずっと無理させてるから	
3562	dialog	1	29	14	この子は重い病気だそうです…	
3563	movie	1	19	9	この少ない戦力じゃ	
3564	ui	1	120	57	この形態のハイガは動きが\nとても速かったが、その\nせいか後方が死角になって\nいた。\n攻撃力は、それほど高く\nなかったようだ。	
3565	ui	1	113	54	この形態は、両腕の機能が\n発達していて、弱点の頭を\nかばうような動きを見せて\nいた。攻撃も強力になって\nいたようだ。	
3566	dialog	1	75	36	この敵の前方の防御力は普通で\n前から攻撃すると\n普通にダメージを与えられる。	
3567	dialog	1	69	33	この敵の左右の防御力は高く\nそのためほとんどダメージを\n与えられない。	
3568	ui	1	172	83	この時、森林上空で新種の攻性生物が\n発見された。\n既存の攻性生物の体系のいずれにも\n属さないこの個体は、辺境の伝承から\n「ドラゴン」と命名され、調査のため\n別働隊が編成された。	
3569	movie	1	31	15	この村にいた仲間が残した遣言さ	
3570	movie	1	21	10	この村もこんな事には	
3571	dialog	1	23	11	この武器では届かないぞ	
3572	movie	1	21	10	この発掘所を守ってる	
3573	movie	1	35	17	この砂漠を越えたとこで街を造ってる	
3574	dialog	1	11	5	この私も…	
3575	dialog	1	29	14	この船、もうすぐ完成するんだ	
3576	dialog	1	25	12	この船、本当にくれるの？	
3577	dialog	1	29	14	この艦は捨てる！総冥退避ー！	
3578	dialog	1	33	16	この街じゃ、戦う必要がないんだぜ	
3579	dialog	1	31	15	この街には、何しに来たんだい？	
3580	dialog	1	39	19	この街の「遣産」は、非常に貴重なものだ	
3581	dialog	1	29	14	この街の司祭を務めるダモンだ	
3582	dialog	1	17	8	この街は好かん…	
3583	dialog	1	33	16	この街を仕切ってるのは、評議会だ	
3584	dialog	1	37	18	この街を守る仕事につく気はないかね？	
3585	dialog	1	33	16	この辺の行商人に聞いたんだけどね	
3586	dialog	1	35	17	この辺は、食べ物が多いから助かるよ	
3587	dialog	1	27	13	この辺り、様子がおかしいぜ	
3588	dialog	1	25	12	この辺を旅してるんだろ？	
3589	dialog	1	23	11	この遣跡のシステムには	
3590	dialog	1	17	8	この遣跡の中で、	
3591	dialog	1	29	14	この里も、もう終わりだねえ…	
3592	dialog	1	39	19	この門を抜けると、正面に倉庫があって…	
3593	dialog	1	21	10	この開放区で働いてる	
3594	dialog	1	31	15	この開放区も、悪い所じゃないぜ	
3595	dialog	1	35	17	この間、ここに店を出したばかりでね	
3596	dialog	1	39	19	この間までは、ただのハンターだったんだ	
3597	dialog	1	23	11	この階の警戒システムを	
3598	dialog	1	27	13	これ、みんな売り物なのか？	
3599	dialog	1	27	13	これ、受け取ってくれないか	
3600	dialog	1	27	13	これから、この街は変わるぞ	
3601	movie	1	19	9	これからどうするか	
3602	dialog	1	19	9	これからどうする？	
3603	dialog	1	33	16	これから先、儀の身に何か起きたら	
3604	dialog	1	35	17	これが…こいつも攻性生物なのか！？	
3605	dialog	1	33	16	これが…ドラゴンの力なのか…！？	
3606	dialog	1	23	11	これが、その聖堂の鍵だ	
3607	dialog	1	21	10	これが噂のドラゴン…	
3608	dialog	1	27	13	これしか買えないんですか？	
3609	movie	1	7	3	これだ	
3610	dialog	1	31	15	これで、あの子の薬が作れるぞ！	
3611	dialog	1	19	9	これで、あの障害を	
3612	dialog	1	33	16	これで、しばらくは食っていけるな	
3613	dialog	1	35	17	これで、地上に出られるゲートが開く	
3614	dialog	1	33	16	これで、帝国が攻めてきても安心だ	
3615	dialog	1	39	19	これで、神聖区の連中さえいなけりゃなあ	
3616	dialog	1	21	10	これで下へ出られるわ	
3617	dialog	1	29	14	これで何とか砂漠が越えられる	
3618	dialog	1	29	14	これで終わらせる…悪く思うな	
3619	dialog	1	15	7	これで終わりだ	
3620	movie	1	15	7	これで終わる…	
3621	dialog	1	27	13	これで陛下に…うわぁぁぁ…	
3622	dialog	1	25	12	これで食料でも買うといい	
3623	dialog	1	37	18	これと同じ物を調達してきてほしいんだ	
3624	movie	1	11	5	これは…！	
3625	dialog	1	35	17	これは、司祭様にいただいた教典だよ	
3626	dialog	1	33	16	これは、森からとってきた食料だよ	
3627	dialog	1	23	11	これは君にさしあげよう	
3628	dialog	1	33	16	これは私自身が決めたことだから…	
3629	dialog	1	39	19	これほどの物は、めったに掘り出せないぜ	
3630	dialog	1	31	15	これほどの獲物が手に入るとはな	
3631	dialog	1	37	18	これも、ドラゴンが現れたせいでしょう	
3632	dialog	1	31	15	これより我が隊は攻撃を開始する	
3633	dialog	1	23	11	これより迎撃戦闘に入る	
3634	ui	1	162	78	これらの障害の修復は極めて困難で\nあり、ほとんどの症例が廃来処分と\nなっている。\nただし、同調機能障害については、\n強度の心理的ショックによって修復\nする場合がある。	
3635	ui	1	153	74	これをうまく利用すれば、我々の里を\n攻性生物から守る手段として使える\nかもしれない。今後も、この種の\n構造体の研究は、積極的に続けていく\n必要があるだろう。	
3636	dialog	1	29	14	これをやるから、少し勉強しろ	
3637	dialog	1	143	69	これを使うためには、まず\nそのバーサークに対応したタイプに\n変形しなければならない。\nまた、ゲージを3つ必要とするが\nそのかわりBPは消費しない。	
3638	dialog	1	39	19	これを持っていけ…戦いの役に立つだろう	
3639	dialog	1	23	11	これを渡してほしいんだ	
3640	dialog	1	21	10	これを読んでみたまえ	
3641	ui	1	21	10	これ以上かけられない	
3642	dialog	1	35	17	これ以上そいつを陛下に近づけるな！	
3643	ui	1	239	116	これ以上の戦力消耗は、メッカニア\n侵攻作戦に影響を与えると判断した\n軍司令部は、第2次捕獲部隊の全滅を\nもって、シェルクーフ捕獲作戦の無期\n延期を決定。全兵力を侵攻作戦に投入\nした結果、9の月3日、メッカニア\n連邦は、正式に帝国の属領となった。	
3644	movie	1	23	11	これ以上は追ってこない	
3645	dialog	1	31	15	これ以上食べ物持って行かれたら	
3646	dialog	1	27	13	こんなくだらねえガラクタで	
3647	dialog	1	31	15	こんなことを考える気持ちだって	
3648	dialog	1	31	15	こんなにすごい力があったのにさ	
3649	movie	1	23	11	こんなものか、実戦って	
3650	dialog	1	27	13	こんな事しかできないけど…	
3651	dialog	1	33	16	こんな所にいていいのか、おまえ？	
3652	dialog	1	31	15	こんな時に、よく出歩けるもんだ	
3653	dialog	1	23	11	こんな時に来るなんて…	
3654	dialog	1	37	18	こんな武器じゃ、気休めにしかならんな	
3655	dialog	1	37	18	こんな焼け跡に何があるっていうんだい	
3656	dialog	1	25	12	こんな街の親玉になって…	
3657	dialog	1	13	6	ご、ごめん…	
3658	dialog	1	13	6	ごくろうさん	
3659	dialog	1	7	3	ごめん	
3660	dialog	1	29	14	ごめん…この前は言いすぎたよ	
3661	dialog	1	33	16	ごめん、家の様子が変だったから…	
3662	movie	1	11	5	ごめんだね	
3663	dialog	1	13	6	ごめんなさい	
3664	dialog	1	27	13	ごめんなさい…心配、かけて	
3665	dialog	1	29	14	ごめんね、変な事言っちまって	
3666	dialog	1	31	15	ごらん…子供達の「魂の像」だよ	
3667	dialog	1	37	18	ごらんのとおりさ…連中もやるもんだね	
3668	slot	1	27	13	さあ…よくわからないけど…	
3669	movie	1	27	13	さあ、…ボタンを押してくれ	
3670	movie	1	33	16	さあ、アゼルよ、扉を開けるのだ！	
3671	movie	1	37	18	さあ、私を殺してくれ『絶対の客人』よ	
3672	dialog	1	15	7	さあ、答えを…	
3673	dialog	1	33	16	さあな…俺は頼まれただけだからよ	
3674	dialog	1	35	17	さすがに奴もフラフラになってきたぞ	
3675	dialog	1	19	9	さすがハンターだな	
3676	dialog	1	37	18	さっきのガーディアンを倒したことで、	
3677	dialog	1	25	12	さっきのドームまで戻ろう	
3678	dialog	1	31	15	さっさとこの街から出て行きな…	
3679	dialog	1	29	14	さっさと片づけて先を急ごうぜ	
3680	dialog	1	23	11	さてと、積もる話もある	
3681	dialog	1	37	18	さらに下に降りてキーを探すのが先決だ	
3682	movie	1	9	4	しかし…	
3683	dialog	1	31	15	しかし…ありゃ、変わった子だね	
3684	dialog	1	9	4	しかし、	
3685	ui	1	194	94	しかし、この世の者がセストレンに\n触れるためには、空間断層を越える\n「扉」を開かねばならない。\nそれは、すべての塔の中枢にひとしく\n与えられているが、扉を開くための\n手段は、まだ見出されてはいない。	
3686	dialog	1	35	17	しかし、その実体は不明のままだった	
3687	movie	1	25	12	しかし、それだけじゃない	
3688	ui	1	209	101	しかし、もう1頭のドラゴンの突入に\nよって、塔の動力は暴走、自爆して\n完全に消滅した。\nこの直前、塔に収納されたドラゴンが\n巨大化して、もう1頭と最後の戦闘を\n行ったという報告も存在するが、その\n真偽は不明である。	
3689	ui	1	213	103	しかし、ドラゴンは最強の攻性生物で\nあると同時に、塔の機能と深い関係が\nあることが判明している。\nゆえに我が軍は、ドラゴンと塔の\n秘密を明らかにするため、いかなる\n犠牲を払ってもドラゴンを捕獲せねば\nならないのである。	
3690	ui	1	137	66	しかし、万象のなす災いは、\n絶え間なく人を殺し続け、\nさばき得る道を人に歩ませなかった。\nゆえに、神はドラゴンを創造して、\n人の世に放った。	
3691	dialog	1	33	16	しかし、今度の狩りはきつかったぜ	
3692	ui	1	209	101	しかし、別働隊の報告を待たずして、\nシェルクーフとともに確認されていた\n大型戦艦が出現。捕獲部隊と交戦\n状態に入った。\n戦艦はわずか1隻であったが、その\n戦力は圧倒的であり、数分間の戦闘で\n部隊の大半が撃破された。	
3693	movie	1	23	11	しかし、力は欲望を生み	
3694	dialog	1	33	16	しかし、彼女の存在が状況を変えた	
3695	dialog	1	37	18	しかし、戦いを捨てた奴よりはましか…	
3696	dialog	1	35	17	しかし、本物のドラゴンはすごいや！	
3697	dialog	1	31	15	しかし、致命的斉威とはならない	
3698	ui	1	163	79	しかし、長期間の稼動による消耗や\n故障などの理由から、すべての塔が\n機能しているわけではないので、\n旧世紀の終わりから数千年を経た\n今でも、環境再生は完了していない。	
3699	ui	1	225	109	しかしながら、攻性生物の知能程度は\n著しく低く、アカデミーの手によって\nその行動様式も解明されつつある。\n我が軍の兵器・部隊編成・戦術は、\nそれらの研究に基づいて考案された\nものであり、適切に運用されれば\n絶大なる効果を発揮する。	
3700	dialog	1	37	18	しかたない、引き返して別の道を探そう	
3701	dialog	1	13	6	しかない！)	
3702	dialog	1	9	4	しかも…	
3703	dialog	1	21	10	しかも、その人間は…	
3704	dialog	1	25	12	しっかりしてるね、あんた	
3705	dialog	1	29	14	しばらく、ここで暮らしてみな	
3706	movie	1	21	10	しばらく、一人にして	
3707	dialog	1	11	5	しまった！	
3708	dialog	1	29	14	しまった！ こっちは囮か！？	
3709	movie	1	13	6	しまった！！	
3710	dialog	1	25	12	しらばっくれてもだめだよ	
3711	dialog	1	9	4	しーっ…	
3712	dialog	1	25	12	じいちゃんの話、聞いたよ	
3713	dialog	1	39	19	じかに拝めるのは、司祭ぐらいだろうなあ	
3714	movie	1	29	14	じっとしてれば通りすぎていく	
3715	movie	1	9	4	じゃあ…	
3716	movie	1	33	16	じゃあ、あんたの目的は何なんだ？	
3717	dialog	1	37	18	じゃあ、あんたはなんで逃げないんだ？	
3718	dialog	1	31	15	じゃあ、みんなとは別行動なの？	
3719	dialog	1	35	17	じゃあ、パエットはどうするつもり？	
3720	movie	1	31	15	じゃあ、儀を助けてくれた時も…	
3721	dialog	1	27	13	じゃあ、同じだね、あたしと	
3722	movie	1	19	9	じゃあその目的は？	
3723	dialog	1	22	9	すぐ、<03>\nシーカーの里<03>	
3724	dialog	1	37	18	すぐ、シーカーの里に来てほしいそうだ	
3725	movie	1	17	8	すぐ監視台に行く	
3726	dialog	1	25	12	すげえ大砲か何かがあって	
3727	movie	1	9	4	すごい…	
3728	dialog	1	39	19	すごい… 地下にこんな空洞があるなんて	
3729	dialog	1	35	17	すごい生命力だ…奴は不死身なのか？	
3730	dialog	1	33	16	すっかり客足がとだえちまったな…	
3731	movie	1	27	13	すでに塔への入□は封印した	
3732	movie	1	17	8	すでに死んだ星に	
3733	dialog	1	29	14	すでに起動してるわ…だから…	
3734	ui	1	188	91	すべての人が、神ののぞみにかない、\nはるか東方の恵みの森に置かれた日が\n人の世の終息の日となる。\n人なき人の世は、再び無にかえされ、\n恵みの森から出たすべての人が、\n新たな世界の創造をになう。	
3735	movie	1	21	10	すべては、それからだ	
3736	movie	1	11	5	すまない…	
3737	movie	1	9	4	すまん…	
3738	dialog	1	21	10	すまん…俺の落ち度だ	
3739	dialog	1	37	18	すまんが、奴の事は□外せんでくれんか	
3740	dialog	1	31	15	すまんが、用ならあとにしてくれ	
3741	dialog	1	29	14	ずいぶん下までやってきたな…	
3742	dialog	1	29	14	ずいぶん派手に動いてやがるな	
3743	dialog	1	35	17	ずいぶん物騒な神様じゃねえか、え？	
3744	dialog	1	31	15	ずいぶん落ち着いてるじゃねえか	
3745	dialog	1	37	18	ずっと、こっちを見てたみたいだけど…	
3746	dialog	1	35	17	ずっと、ひとりで旅してるんですか？	
3747	movie	1	33	16	ずっと、行動を監視させてもらった	
3748	dialog	1	31	15	ずっと、見ていてくれたのかい？	
3749	dialog	1	37	18	ずっと働いてる俺には、何もなしかよ…	
3750	dialog	1	29	14	ずっと家に戻ってないらしいよ	
3751	dialog	1	39	19	ずっと東に進めば、たどり着けるはずだよ	
3752	dialog	1	37	18	ずっと街にいるわけにはいかないからね	
3753	movie	1	13	6	せ…世界！？	
3754	movie	1	35	17	せっかくあの戦乱を生きのびたんだ…	
3755	dialog	1	33	16	せっかくお許しを得た子なんだもの	
3756	dialog	1	29	14	せっかく助けてやったのにさ！	
3757	dialog	1	35	17	せめて、このくらいしてあげないと…	
3758	dialog	1	33	16	せめて今だけは、一人の人間として	
3759	dialog	1	37	18	ぜいたく言うなって、なぐられるからさ	
3760	dialog	1	31	15	そ…それがどうしたってんだよ？	
3761	dialog	1	33	16	そいつで、塔の総を描いたんだとよ	
3762	dialog	1	31	15	そいつにそって、右へ進んでみな	
3763	dialog	1	31	15	そいつの事は、もうどうでもいい	
3764	dialog	1	27	13	そいつの入□が見つかれば…	
3765	dialog	1	29	14	そいつは、おまえ達しだいだよ	
3766	dialog	1	31	15	そいつは、ちょうどよかったぜ！	
3767	dialog	1	19	9	そいつは燦光石だよ	
3768	dialog	1	37	18	そいつをやるから、あとは本人に聞きな	
3769	dialog	1	37	18	そいつを抜けて、すぐ右だって聞いたぜ	
3770	dialog	1	19	9	そいつを探そうぜ！	
3771	dialog	1	21	10	そいつを考えようぜ！	
3772	dialog	1	25	12	そいつを越えりゃ目の前だ	
3773	dialog	1	5	2	そう	
3774	dialog	1	31	15	そう…あなた、シェラっていうの	
3775	dialog	1	15	7	そう、例えば…	
3776	movie	1	15	7	そう、彼女を…	
3777	dialog	1	23	11	そう、道具屋のヤレドさ	
3778	dialog	1	15	7	そういうこった	
3779	movie	1	13	6	そういう事だ	
3780	movie	1	39	19	そういえば、君の名前も聞いてなかったな	
3781	dialog	1	27	13	そういや、妙な噂を聞いたな	
3782	dialog	1	7	3	そうか	
3783	dialog	1	37	18	そうか…、エッジ、ここはワームの巣だ	
3784	dialog	1	19	9	そうか…ありがとう	
3785	dialog	1	19	9	そうか…ありがとよ	
3786	dialog	1	39	19	そうか…えらいものに目をつけやがったな	
3787	dialog	1	17	8	そうか…そうだな	
3788	dialog	1	35	17	そうか…でも、なんで隠れてるんだ？	
3789	dialog	1	31	15	そうか…やっぱり行っちまったか	
3790	movie	1	13	6	そうか…夢…	
3791	movie	1	23	11	そうか、君が儀の中に…	
3792	dialog	1	11	5	そうかい…	
3793	dialog	1	39	19	そうか？ いい買い物だと思うけどなあ…	
3794	dialog	1	37	18	そうこなくっちゃ！ あんた、得したぜ	
3795	dialog	1	23	11	そうじゃないよ、ただ…	
3796	dialog	1	39	19	そうすりゃ、死んだ子の事を考えずにすむ	
3797	movie	1	39	19	そうすれば、あの人たちは無事逃げられる	
3798	dialog	1	33	16	そうすれば、上空の本体も力を失う	
3799	dialog	1	31	15	そうだ…君、これを買わないか？	
3800	dialog	1	39	19	そうだ、さっきの男は、大丈夫だろうか？	
3801	movie	1	25	12	そうだ、そのために塔を…	
3802	dialog	1	19	9	そうだ、それでいい	
3803	dialog	1	13	6	そうだけど…	
3804	dialog	1	29	14	そうだったら、いいんだけどな	
3805	dialog	1	11	5	そうだな…	
3806	dialog	1	37	18	そうだな…あんたには教えてもいいかな	
3807	dialog	1	13	6	そうだなあ…	
3808	dialog	1	13	6	そうだろうな	
3809	dialog	1	13	6	そうですか…	
3810	movie	1	15	7	そうではない…	
3811	dialog	1	15	7	そうでもないさ	
3812	dialog	1	13	6	そうなのか？	
3813	dialog	1	37	18	そうなりゃ、こんな仕事ともおさらばさ	
3814	dialog	1	19	9	そうね…ありがとう	
3815	dialog	1	31	15	そうね…この辺りは、水もわくし	
3816	movie	1	27	13	そうは思わんかね、エッジ君	
3817	dialog	1	39	19	そうやって、我々はこの生活を守ってきた	
3818	dialog	1	19	9	そう時間はないぞ…	
3819	dialog	1	29	14	そう決着を急ぐこともあるまい	
3820	movie	1	27	13	そう考えた旧世紀の賢人達に	
3821	dialog	1	37	18	そう自分に言い聞かせて、働いてるのさ	
3822	dialog	1	27	13	そう言っても過言じゃないわ	
3823	slot	1	50	18	そう言わずに、考え直してもらえんかね	
3824	dialog	1	17	8	そう願いたいな…	
3825	dialog	1	23	11	そこが塔の一番上の層だ	
3826	movie	1	37	18	そこで攻性生物のエサにでもなりな！！	
3827	dialog	1	39	19	そこには「護り火」の火種が安置されとる	
3828	dialog	1	21	10	そこへ行けたとしても	
3829	dialog	1	33	16	そこまで無事にたどり着けたらな…	
3830	dialog	1	29	14	そこらの軍人とはわけが違うぜ	
3831	dialog	1	17	8	そこをどいてくれ	
3832	dialog	1	33	16	そこを抜ければ、砂漠を出られるぜ	
3833	dialog	1	17	8	そこを退いてくれ	
3834	dialog	1	29	14	そこを集中攻撃すれば倒せる！	
3835	dialog	1	35	17	そして、いつかまた争いになるのだぞ	
3836	movie	1	23	11	そして、そのためには…	
3837	dialog	1	39	19	そして、その正体と組織力は常に隠される	
3838	movie	1	27	13	そして、数千年に渡る使命が	
3839	movie	1	29	14	そっちのハンターは我々の手で	
3840	dialog	1	15	7	その、つまり…	
3841	dialog	1	31	15	そのうち、他の国を攻め出してな	
3842	dialog	1	27	13	そのうち、目が覚めるはずさ	
3843	dialog	1	35	17	そのうちわかるようになるよ、きっと	
3844	dialog	1	13	6	そのかわり…	
3845	dialog	1	39	19	そのかわり、何かあったら手を貸してくれ	
3846	movie	1	27	13	そのせいで砂漠の攻性生物が	
3847	dialog	1	29	14	そのための旅だし、戦いなんだ	
3848	movie	1	37	18	そのつもりで儀をここに置いてたんだろ	
3849	dialog	1	39	19	そのへんのバカどもには無理だろうけどな	
3850	dialog	1	37	18	そのまま進めば、通路に入れるはずだよ	
3851	dialog	1	23	11	そのまま進んでください	
3852	movie	1	39	19	そのクレイメンって奴は砂漠へ向かったぜ	
3853	dialog	1	37	18	そのドラゴンには、彼女が乗ってたんだ	
3854	ui	1	135	65	そのラギは、また新たな力を見せた。\n戦いを終えたラギは、光を放ちながら\n一瞬で脱皮を遂げた。\nあれが、ドラゴンの成長のやり方\nなのだろう。	
3855	dialog	1	25	12	その上の層に出たところだ	
3856	dialog	1	37	18	その中で一番偉いのが、司祭ってわけよ	
3857	dialog	1	33	16	その使命を果たすためなら何度でも	
3858	dialog	1	35	17	その全てを破壊するには、おそらく…	
3859	ui	1	153	74	その内容は、「ドローン」と呼ばれる\n創造物に関するものである。しかし、\nこのようなものが実際に発掘されたと\nいう記録は、「編み人」の間には\n伝わっていない。	
3860	movie	1	35	17	その前に、ここを早く離れた方がいい	
3861	movie	1	35	17	その力に振り回されているというのに	
3862	movie	1	35	17	その力は、我々帝国にこそふさわしい	
3863	dialog	1	29	14	その場所が、ゲオルギウスか…	
3864	dialog	1	29	14	その壁にそって、右に進むと…	
3865	dialog	1	29	14	その壁にそって、右に進むんだ	
3866	dialog	1	27	13	その左側が、教会なんだとよ	
3867	ui	1	231	112	その後、改めて追跡調査が行われたが\n予測飛行コース上にシェルクーフの\n姿はなく、ただ大規模な戦闘跡を\n無数に確認するのみであった。\nシェルクーフは、この戦闘によって\n破壊されたと思われるが、それを可能\nならしめた戦力の実体は不明である。	
3868	dialog	1	39	19	その指揮官ともなりゃ、相当やばい男だぜ	
3869	dialog	1	33	16	その攻撃はやつを成長させるだけだ	
3870	dialog	1	31	15	その方が安全だろうし、それに…	
3871	ui	1	159	77	その日の日没までに、水を浴びて身を\n清め、ワント麻で織られた新しい布で\n作られた服をまとわねばならない。\nまた、祈りの夜の間は、いかなる\n燈火も用いてはならない。	
3872	dialog	1	11	5	その時は…	
3873	dialog	1	35	17	その時は、帝国の技術者にでもなるさ	
3874	movie	1	23	11	その機能を尋われている	
3875	dialog	1	31	15	その笛は、村に伝わる宝だったの	
3876	movie	1	21	10	その罪は万死に値する	
3877	movie	1	17	8	その行動の全てが	
3878	dialog	1	31	15	その試作段階の途中で破来された	
3879	ui	1	164	79	その道が、神ののぞみにかなった時、\n死せる人は、はるか東方の恵みの森に\n置かれる。\nその地には、生の苦役も、\n人の世のあらゆるけがれもなく、\n万象が人に手を差しのべる。	
3880	ui	1	213	103	その道が、神ののぞみをはずれた時、\n死せる人は、新たなからだとともに\n再び人の世に打ち捨てられる。\nよき道を歩まないかぎり、人は、\n何度でも苦難の生をつとめ、\n何度でも死の闇を味わい、\n何度でもさばきの前にさらされる。	
3881	dialog	1	27	13	その遣跡って、どんな所だ？	
3882	dialog	1	29	14	その遣跡を目覚めさせた者は…	
3883	dialog	1	33	16	その銃が、やたらと立派なんだよな	
3884	movie	1	23	11	その銃とシンクロさせる	
3885	movie	1	37	18	その鍵ともいうべきアゼルを手に入れる	
3886	dialog	1	27	13	その首飾り、ガッシュのだな	
3887	dialog	1	23	11	そりゃ、おまえはいいさ	
3888	dialog	1	29	14	そりゃ、同じシーカーだからな	
3889	movie	1	27	13	そりゃそうも言いたくなるさ	
3890	dialog	1	23	11	それ…ヴェラトの笛よね	
3891	dialog	1	19	9	それ、欲しいのか？	
3892	dialog	1	39	19	それからも、何度も死ぬような目にあった	
3893	dialog	1	39	19	それが、何のために存在するのかさえも…	
3894	movie	1	31	15	それが、君が発掘されたとたんに	
3895	dialog	1	23	11	それがシーカーの鉄則だ	
3896	movie	1	19	9	それが俺達の鉄則だ	
3897	movie	1	25	12	それが旧世紀に与えられた	
3898	dialog	1	31	15	それが本当のハンターってもんだ	
3899	dialog	1	29	14	それが私の存在の全てだった…	
3900	dialog	1	25	12	それじゃ、これでどうだ？	
3901	dialog	1	27	13	それじゃ、これならどうだ？	
3902	dialog	1	33	16	それじゃ、奴も死んじまったんだな	
3903	dialog	1	33	16	それじゃ、次はウルの話をしようか	
3904	dialog	1	31	15	それじゃ、遠慮なくもらっとくわ	
3905	dialog	1	39	19	それじゃ俺達、何のために戦ったんだよ？	
3906	ui	1	205	99	それぞれの塔に1頭ずつ授けられた\nドラゴンは、与えられた使命を今でも\n果たし続けている。\n旧世紀の兵器を操る帝国軍でさえ\nその守りを破ることはできない。\nドラゴンの力に対抗できるのは、\n同じドラゴンだけなのだ。	
3907	dialog	1	67	32	それぞれの行動は\n必要なゲージ量があれば\nいつでも好きな時に行える。	
3908	movie	1	13	6	それだけか？	
3909	dialog	1	29	14	それだけは、わかってほしい…	
3910	dialog	1	23	11	それって…どんな話だ？	
3911	dialog	1	39	19	それで、父ちゃんの狩りをてつだうんだ！	
3912	dialog	1	17	8	それでも、儀は…	
3913	dialog	1	37	18	それでも、君がこの街を見捨てるのなら	
3914	movie	1	13	6	それなのに…	
3915	dialog	1	39	19	それなのに、私は力に目覚めてしまった…	
3916	dialog	1	11	5	それなら…	
3917	dialog	1	9	4	それに…	
3918	movie	1	17	8	それに…あれは…	
3919	dialog	1	39	19	それに…いずれ、わかるかもしれねえしな	
3920	dialog	1	25	12	それに、しょせんは子供だ	
3921	dialog	1	35	17	それに、たとえ「護り火」が消えても	
3922	dialog	1	29	14	それに、まだ無事に出られると	
3923	movie	1	39	19	それにあんたには聞きたい事が山ほどある	
3924	dialog	1	17	8	それにさわるな！	
3925	dialog	1	31	15	それにしても…すごいな、あんた	
3926	slot	1	33	16	それにしても、よくここに入れたね	
3927	movie	1	35	17	それにはああいう方法しかなかった…	
3928	movie	1	17	8	それに帝国軍は？	
3929	dialog	1	23	11	それは、あんたにやるよ	
3930	ui	1	199	96	それは、攻性生物の行動を制御する\n力場を発生する機能である。\nおそらく、記録されている情報を保護\nするためのものだろう。\nただし、構造体の動力が小さいので、\n力場の範囲と効力はかなり限られる\nようである。	
3931	dialog	1	15	7	それはできない	
3932	dialog	1	17	8	それは儀も同じさ	
3933	dialog	1	35	17	それほどの細工はめったに見られんぞ	
3934	movie	1	25	12	それまで待っててくれ！！	
3935	dialog	1	31	15	それも、ドラゴンの力ってやつか	
3936	dialog	1	25	12	それも、真っ黒いやつがな	
3937	dialog	1	35	17	それより、おまえに渡す物があるんだ	
3938	dialog	1	33	16	それより、なんであんたがここに…	
3939	dialog	1	33	16	それより、街を出なくていいのか？	
3940	dialog	1	39	19	それをめぐって、2匹のドラゴンが戦った	
3941	dialog	1	39	19	それをネタに、評議会を斉してるんだとよ	
3942	dialog	1	19	9	それを作動させれば	
3943	movie	1	17	8	それを押せば動く	
3944	movie	1	37	18	それを邪魔する者は誰も近づけさせない	
3945	dialog	1	39	19	それを開くことができるのは、彼女だけだ	
3946	dialog	1	39	19	それ以来、俺は銃を持てなくなっちまった	
3947	movie	1	25	12	そんな…そんなバカな！？	
3948	dialog	1	31	15	そんなこと、できるわけないだろ	
3949	dialog	1	35	17	そんなに、あの子が気になるのかい？	
3950	dialog	1	31	15	そんなにあたしの事、気になる？	
3951	dialog	1	27	13	そんなに急ぐ事ないのにねえ	
3952	movie	1	27	13	そんなに悪い所じゃなかった	
3953	dialog	1	23	11	そんなものがあるのか？	
3954	dialog	1	19	9	そんなんじゃないよ	
3955	dialog	1	27	13	そんな事、気にしやしないよ	
3956	dialog	1	23	11	そんな事がわかるのか？	
3957	dialog	1	31	15	そんな事じゃ、生きのびられんぞ	
3958	dialog	1	15	7	そんな事ないさ	
3959	movie	1	35	17	そんな事より生きのびる方法を考えろ	
3960	dialog	1	23	11	そんな人が、どうして…	
3961	dialog	1	31	15	そんな場所が、本当にあるのか？	
3962	dialog	1	27	13	そんな大切な物だったのか…	
3963	dialog	1	29	14	そんな奴、この街にはいないよ	
3964	dialog	1	136	64	そんな時、位置取り中から前もって\nボタンを押したままにしておけば\n位置取り終了と同時に\n敵より先に行動することができる。\nこれを<03>\n先行入力<03>	
3965	dialog	1	21	10	そんな物があるのか？	
3966	movie	1	19	9	そんな目で見るなよ	
3967	movie	1	11	5	そんな！？	
3968	dialog	1	19	9	たいした事じゃない	
3969	dialog	1	17	8	たいした事ないよ	
3970	dialog	1	17	8	たいした奴だな…	
3971	dialog	1	35	17	たいした武器も持ってなかったしなあ	
3972	dialog	1	37	18	たいした武器を持ってるわけじゃないし	
3973	dialog	1	37	18	たいした物じゃないが、お礼のしるしだ	
3974	dialog	1	35	17	たいていの連中が、そう信じてるがな	
3975	dialog	1	27	13	たかが一匹だ、叩きつぶすぞ	
3976	dialog	1	7	3	ただ…	
3977	dialog	1	9	4	ただ…？	
3978	ui	1	176	85	ただ、こいつには、普通に戦っても\n勝てないような秘密があるらしいから\n注意が必要だ。\n「番人」に出くわしたら、その近くを\nよく調べてみてくれ。なにか特別な\n設備があるかもしれない。	
3979	movie	1	25	12	ただ、与えられた力が違う	
3980	dialog	1	31	15	ただ、偶然塔が写ってた透視板を	
3981	dialog	1	39	19	ただ、帝国の基地について調べてるから…	
3982	dialog	1	37	18	ただ、昼間は店を閉めてるはずですが…	
3983	movie	1	35	17	ただ、誰が敵か気づいてほしいだけだ	
3984	dialog	1	19	9	ただ、造られただけ	
3985	dialog	1	84	40	ただし、\n位置取りは逆に遅くなるので\n位置取りによる時間のロスが\n大きくなってしまう。	
3986	dialog	1	84	40	ただし、\n防御力は逆に低くなるので、\n攻撃を受けた時のダメージが\n大きくなってしまう。	
3987	dialog	1	37	18	ただし、めんどうは持ち込まんでくれよ	
3988	dialog	1	106	51	ただし、バーサークの威力は\n逆に低くなる。また、\nより多くのBPを消費しなければ\nバーサークを使えなくなる。	
3989	dialog	1	82	39	ただし、レーザーの威力は\n逆に低くなるので\nその分を銃でおぎなうことが\n重要になる。	
3990	dialog	1	108	52	ただし、位置取りをしている間は\nゲージが増加しないため\n位置取りを多く行なうほど\n時間のロスになることに注意。	
3991	dialog	1	25	12	ただし、俺の名は出すなよ	
3992	dialog	1	31	15	ただし、君のドラゴンだけは違う	
3993	dialog	1	123	59	ただし、異常になるのは\nドラゴンだけである。\n銃の発射やアイテムの使用は\nエッジの行動なので\nステータスに関係なく可能である。	
3994	dialog	1	23	11	ただの乗り手ではなく、	
3995	movie	1	29	14	ただの兵器ですら扱いきれず、	
3996	movie	1	23	11	ただの殺殲兵器にすぎん	
3997	dialog	1	35	17	たちまち攻性生物が襲ってくるんだぜ	
3998	movie	1	31	15	たとえそうでも、あのひとは私を	
3999	dialog	1	33	16	たぶん、あたしが最後の生き残り…	
4000	dialog	1	31	15	たぶん、シーカーの仕業だろうな	
4001	dialog	1	31	15	たぶん、戦の道具だったんだろう	
4002	dialog	1	7	3	だ…)	
4003	dialog	1	13	6	だ、だめか…	
4004	dialog	1	29	14	だ、大丈夫、なんとかなるって	
4005	dialog	1	37	18	だいいち、それ、どこで手に入れたの？	
4006	dialog	1	29	14	だいいち、バイマンって誰だ？	
4007	dialog	1	19	9	だいぶ流されたな…	
4008	dialog	1	21	10	だいぶ落ちてきたな…	
4009	dialog	1	39	19	だから、あたしは、いつも通り働くだけ…	
4010	dialog	1	25	12	だから、あなたが死ねば、	
4011	movie	1	31	15	だから、あのひとのために戦う…	
4012	dialog	1	27	13	だから、かくれんぼしたの！	
4013	dialog	1	39	19	だから、そいつの正体がわかったんだよ！	
4014	movie	1	35	17	だから、何度も言ってる…じゃないか	
4015	dialog	1	37	18	だから、司祭様はよそ者に厳しいんだよ	
4016	dialog	1	29	14	だから、時々えらいことになる	
4017	dialog	1	29	14	だから、物思う力が強すぎる…	
4018	dialog	1	37	18	だからこそ、多くの者が森の奥に行って	
4019	movie	1	15	7	だからエッジ、	
4020	movie	1	11	5	だから！！	
4021	dialog	1	15	7	だが、いつかは	
4022	dialog	1	39	19	だが、うまくいく見込みはほとんどない…	
4023	movie	1	25	12	だが、その内部に潜入し、	
4024	movie	1	27	13	だが、それもここで終わりだ	
4025	movie	1	19	9	だが、どうやって？	
4026	dialog	1	29	14	だが、ひとつだけ共通点がある	
4027	movie	1	35	17	だが、もう止められる者は誰もいない	
4028	movie	1	25	12	だが、エゴと言われようと	
4029	ui	1	167	81	だが、ドラゴンの戦闘力は、現存する\n兵器をはるかに超えるものであった。\n建造中の試作兵器をも投入した深夜の\n戦闘は、捕獲部隊と発掘所の全滅と\nいう、最悪の結果に終わった。	
4030	dialog	1	35	17	だが、上空から森を越えるのは難しい	
4031	movie	1	17	8	だが、何で突然…	
4032	dialog	1	23	11	だが、俺は体が弱くてな	
4033	dialog	1	33	16	だが、塔は世界中に散らばっている	
4034	movie	1	31	15	だが、失われた文明の力を借りた	
4035	movie	1	31	15	だが、帝都を滅ぼしたこの力も、	
4036	dialog	1	25	12	だが、旅は続けねばならん	
4037	ui	1	217	105	だが、旧世紀においても、塔の存在を\nよしとしない者たちがいた。\n塔の創造主たちは、彼らによって塔が\n破壊されることを怖れ、世界の泉\n「ウル」の胎内から、塔の守護者たる\n最強の攻性生物を産み出した。\nそれが、ドラゴンである。	
4038	movie	1	21	10	だが、旧世紀の亡霊に	
4039	ui	1	190	92	だが、現在我が軍の使用する兵器は\n全て発掘物の修復・改造品であり、\n絶対数は常に不足状態にある。ゆえに\nその取り扱いには細心の注意を払い、\n動力の消耗を最小限に抑えるように\n心がけねばならない。	
4040	movie	1	25	12	だが、生きてるんじゃない	
4041	dialog	1	31	15	だが、私はここに残ることにする	
4042	dialog	1	25	12	だが、私はよそ者は好かん	
4043	dialog	1	39	19	だがな…見ての通り、貧しいキャラバンだ	
4044	dialog	1	33	16	だがな、統治には伝説が必要なのだ	
4045	ui	1	122	59	だがやつのいう金も むりをすれば\nはらえないがくじゃない。\nおれのからだも あといく年かは\nまともにはたらいてくれるだろう。	
4046	dialog	1	9	4	だけど…	
4047	dialog	1	35	17	だけど…このドラゴン、どうやったら	
4048	movie	1	15	7	だけど…私は…	
4049	movie	1	25	12	だけど、そうじゃなくても	
4050	dialog	1	31	15	だけど、今の私は自分の意志で、	
4051	movie	1	25	12	だけど、奴は本望だろうよ	
4052	dialog	1	35	17	だけどな、俺のような人間がいるから	
4053	dialog	1	25	12	だったら、これ読んでみな	
4054	dialog	1	39	19	だったら、ちょっと頼まれてくれないか？	
4055	dialog	1	33	16	だったら、どうして雇ってるんだ？	
4056	dialog	1	37	18	だったら、シーカーの仲間になったら…	
4057	dialog	1	35	17	だったら、ローダ、かくれなくちゃ！	
4058	dialog	1	33	16	だったら、父ちゃんが見つけなよ！	
4059	movie	1	17	8	だって、あれは…	
4060	movie	1	27	13	だとしても、ここで発掘した	
4061	dialog	1	29	14	だますつもりはなかったんだ…	
4062	dialog	1	25	12	だめ…じかに接続しないと	
4063	movie	1	11	5	だめか…！	
4064	dialog	1	27	13	だれもいなくてつまんない…	
4065	dialog	1	31	15	ちぇっ…軽く言ってくれるよなあ	
4066	dialog	1	33	16	ちぇっ、ガラクタしか残ってねえや	
4067	dialog	1	29	14	ちえっ、ケチくせえ野郎だな！	
4068	movie	1	13	6	ちくしょう！	
4069	dialog	1	37	18	ちっ、実験機が…装甲ブロックを閉じろ	
4070	dialog	1	27	13	ちゃんと生きて戻って来いよ	
4071	dialog	1	25	12	ちゃんと買い取ってやるよ	
4072	dialog	1	27	13	ちょ、ちょっと待ってくれよ	
4073	dialog	1	11	5	ちょいと！	
4074	dialog	1	37	18	ちょうど、あんたぐらいの歳の頃だった	
4075	movie	1	13	6	ちょうどいい	
4076	dialog	1	37	18	ちょうどいい、あとを追いかけようぜ！	
4077	dialog	1	29	14	ちょうど真ん中あたりを抜けて	
4078	dialog	1	25	12	ちょっといい感じの所だね	
4079	dialog	1	39	19	ちょっと商売しようと思って来たんだが…	
4080	movie	1	15	7	ちょっと待って	
4081	movie	1	19	9	ちょっと待ってくれ	
4082	dialog	1	19	9	ちょっと待ってて…	
4083	dialog	1	39	19	ちょっと待てよ、それはつまりドラゴンは	
4084	movie	1	15	7	ついて来てくれ	
4085	dialog	1	17	8	つかの間の時は、	
4086	dialog	1	35	17	つまり…ドラゴンの、なりそこない…	
4087	dialog	1	25	12	つまりそこまで行ければ、	
4088	ui	1	215	104	ていこくのしごとをうけて この \nはっくつじょうについてから もう\n2しゅうかんになる。\nていこくのやつらはなにかをひっしで\nさがしている。 せきにんしゃの\nじいさんは もう20ねんちかく\nそいつを さがしているらしい。	
4089	dialog	1	37	18	てめえ、シーカーと仲がいいんだってな	
4090	dialog	1	35	17	てめえこそ、勝手に入ってきやがって	
4091	dialog	1	29	14	てめえと給金を分ける気はねえ	
4092	dialog	1	39	19	てめえに言っても、わかんねえだろうがな	
4093	dialog	1	25	12	てめえに言ってもムダか…	
4094	dialog	1	23	11	てめえもそう思うだろ？	
4095	dialog	1	23	11	てめえら、考えが甘いぜ	
4096	dialog	1	33	16	てめえらハンターの気が知れねえよ	
4097	dialog	1	29	14	で、うまい具合に水を抜けば…	
4098	movie	1	21	10	で、こんなのと一緒に	
4099	dialog	1	25	12	で、どう進む？ これから	
4100	dialog	1	67	32	である。\n何もしないとたまっていき\n3ゲージ分まで持つことができる。	
4101	dialog	1	29	14	でかい遣跡でも見つけたのかな	
4102	dialog	1	11	5	できている	
4103	dialog	1	77	37	できるだけ赤い方向をさけ\n緑の方向にいるようにすれば\n安全に戦うことができる。	
4104	movie	1	13	6	できるはずだ	
4105	dialog	1	25	12	でけえ声出すんじゃねえよ	
4106	dialog	1	33	16	でけえ艦隊が近づいてるそうだが…	
4107	dialog	1	35	17	でなきゃ、伝説が残るわけないからな	
4108	dialog	1	31	15	でなきゃ、作る意味がないもんな	
4109	dialog	1	35	17	でなけりゃ、人間様に恨みがあるのさ	
4110	movie	1	19	9	では、すでに塔へ？	
4111	dialog	1	7	3	でも…	
4112	dialog	1	37	18	でも…あれは、渓谷に行った時だったな	
4113	dialog	1	35	17	でも…まだ店は開いてないはずだけど	
4114	dialog	1	35	17	でも、あなたこそいいの？ エッジ…	
4115	dialog	1	37	18	でも、いきなりあんなこと言われても…	
4116	dialog	1	35	17	でも、うまく行く見込み、あるのか？	
4117	dialog	1	39	19	でも、おまえ、彼女の扱い方知ってるか？	
4118	dialog	1	29	14	でも、この事は誰にも言うなよ	
4119	dialog	1	27	13	でも、こんな貴重なものを…	
4120	dialog	1	15	7	でも、そこは…	
4121	dialog	1	31	15	でも、そのひとはもういないの…	
4122	dialog	1	21	10	でも、その闇の中で…	
4123	dialog	1	15	7	でも、それは…	
4124	dialog	1	19	9	でも、どうして…？	
4125	dialog	1	17	8	でも、どうして？	
4126	dialog	1	39	19	でも、なんであんな奴らがこの遣跡の奥に	
4127	dialog	1	33	16	でも、ほら、儀が持ってるよりは…	
4128	dialog	1	33	16	でも、まあ…今回はやめとこうかな	
4129	dialog	1	37	18	でも、みんな神聖区の連中が独り占めさ	
4130	dialog	1	35	17	でも、ローダは、あなたのこと好きよ	
4131	slot	1	37	18	でも、今はその力に頼るしかないんだよ	
4132	ui	1	186	90	でも、今はそれだけじゃない。\nなぜか、使命感に似た気持ちがある。\nあの旧世紀のフネを、このまま放って\nおくわけにはいかない。ラギの翼が\n力を貸してくれる限り、儀はあれを\n追い続けるつもりだ。	
4133	dialog	1	37	18	でも、今はドラゴンがいるじゃないか！	
4134	dialog	1	31	15	でも、俺は完璧を目指したいのさ	
4135	dialog	1	25	12	でも、俺は普通の人間だぜ	
4136	ui	1	99	48	でも、儀にとっては同じクーリアだ。\n変種の証である不思議な青白い光も、\n災いの前兆だなんて思えない。	
4137	dialog	1	37	18	でも、大地を歩いたことは、なかった…	
4138	dialog	1	39	19	でも、意味なんていらないんじゃないかな	
4139	dialog	1	23	11	でも、持ち主は死んでた	
4140	dialog	1	33	16	でも、数千年の眠りから目覚めても	
4141	dialog	1	39	19	でも、旅の途中でみんな死んでしまって…	
4142	dialog	1	25	12	でも、本当は違うんだろ？	
4143	dialog	1	33	16	でも、村は帝国に焼かれちゃってね	
4144	dialog	1	29	14	でも、森には必ず攻性生物が…	
4145	dialog	1	29	14	でも、生まれたのはずっと昔…	
4146	dialog	1	35	17	でも、私は、規格外のドローンだから	
4147	dialog	1	17	8	でも、私はまだ…	
4148	dialog	1	29	14	でも、詳しいことはわからない	
4149	dialog	1	19	9	でも、身体は違う…	
4150	dialog	1	15	7	でも、違ったの	
4151	dialog	1	37	18	でも、霧みたいなものが邪魔するって…	
4152	dialog	1	71	34	で確認できる。\n敵は常に中心に表示され\nドラゴンはその周りに表示される。	
4153	dialog	1	17	8	で間違いないか？	
4154	dialog	1	25	12	とうとう…ここまで来た…	
4155	dialog	1	35	17	とうとう、旗艦艦隊が出張ってきたぜ	
4156	dialog	1	19	9	ところが、ある日…	
4157	dialog	1	31	15	ところが、ちと水が増えすぎてな	
4158	dialog	1	19	9	ところで、エッジ…	
4159	dialog	1	29	14	ところで、相談があるんだが…	
4160	dialog	1	19	9	として分割して…』	
4161	ui	1	174	84	とっさに逃げ込んだ森の中には、村の\n焼け跡で見た巨大な攻性生物がいた。\nおそらく、旧世紀のフネと行動を\nともにしていたのだろう。\n徐々に、フネとの距離が縮まって\nいくのを感じる。	
4162	dialog	1	31	15	とっととすませて、戻って来いよ	
4163	dialog	1	37	18	とっとと出てって、死んじまえってんだ	
4164	dialog	1	35	17	とっとと逃げた方がいいかもしれんぞ	
4165	movie	1	23	11	とても勝ち目などない…	
4166	movie	1	19	9	とても脱出は無理だ	
4167	dialog	1	37	18	とにかく、そいつを壊せば霧は消えるぜ	
4168	dialog	1	35	17	とにかく、仲間の仇を討たねばならん	
4169	dialog	1	35	17	とにかく、地下の通り道を探すことだ	
4170	movie	1	31	15	とにかく、陛下への報告を急ごう	
4171	dialog	1	35	17	とりつくしまがなかったって言うか…	
4172	dialog	1	35	15	と表示される。\nこれを<03>\n弱点マーク<03>	
4173	dialog	1	31	15	どいつもこいつも腰抜けばかりだ	
4174	dialog	1	17	8	どういうことだ？	
4175	dialog	1	19	9	どういうつもりだよ	
4176	dialog	1	35	17	どうか、みんなを守ってやっておくれ	
4177	ui	1	190	92	どうか、我が友に力を貸して、彼の\n目的を果たす手助けをしてほしい。\nそれは、旧世紀の意志から世界を\n解き放つことであり、ひいては\n君自身の上にも投げられた死の影を\n打ち払うことにもつながるのだ。	
4178	dialog	1	39	19	どうか、異教徒から我らをお守り下さい…	
4179	dialog	1	37	18	どうした、すっとんきょうな声出して？	
4180	movie	1	21	10	どうした？ エッジ！	
4181	dialog	1	39	19	どうして…死んでるんじゃなかったのか？	
4182	dialog	1	23	11	どうして、それを儀に…	
4183	dialog	1	37	18	どうして、みんなシーカーを嫌うんだ？	
4184	dialog	1	29	14	どうして、人間を襲うのかな？	
4185	dialog	1	15	7	どうしてかな？	
4186	dialog	1	37	18	どうしてそういうこと先に言わないんだ	
4187	dialog	1	35	17	どうしても、知りたいことがあるから	
4188	dialog	1	29	14	どうしても忘れられねえんだ…	
4189	ui	1	151	72	どうして旧世紀のフネを追うのか、\n実のところ自分でもよくわからない。\n \nかたきを討つ？ \n \n少なくとも、最初はそういう気持ちで\n動いていたかもしれない。	
4190	dialog	1	29	14	どうして街を見捨てたんだよ！	
4191	movie	1	17	8	どうすりゃいい…	
4192	dialog	1	39	19	どうせ、あれでは使いものにならんだろう	
4193	dialog	1	25	12	どうせ、その辺の遣跡から	
4194	dialog	1	25	12	どうせ、俺は腰抜けだよ！	
4195	dialog	1	25	12	どうせ、街を出るんだから	
4196	dialog	1	21	10	どうだ、うめえだろ？	
4197	dialog	1	39	19	どうだ、パエットの奴を説得してくれんか	
4198	dialog	1	19	9	どうだい、お客さん	
4199	dialog	1	21	10	どうだった、首尾は？	
4200	movie	1	33	16	どうだ！ 俺も役に立つもんだろ…	
4201	dialog	1	29	14	どうもやりずらいね、この街は	
4202	dialog	1	27	13	どうも頼りないな、おまえは	
4203	dialog	1	25	12	どうやって同調してるの？	
4204	dialog	1	39	19	どうやって戦えばいいんだ、こんな奴！？	
4205	ui	1	159	76	どうやら、こいつが\nタム・プロを産んでいた\nようだ。武器が届かない\n頭上から攻撃してくるので\n面食らったが、攻め方が\nわかってしまえば、どうと\nいうことはなかった。	
4206	dialog	1	35	17	どうやら、エンカクは助かりそうだよ	
4207	dialog	1	29	14	どうやら、ゾアが近いらしい…	
4208	dialog	1	37	18	どうやら、一ヶ所に集まってるらしい…	
4209	dialog	1	35	17	どうやら、俺達の旅はまだ続きそうだ	
4210	dialog	1	37	18	どうやら、旧世紀にも戦があったらしい	
4211	dialog	1	37	18	どうやら不完全な状態で目覚めたようだ	
4212	dialog	1	15	7	どう思ったね？	
4213	dialog	1	33	16	どう答えたらいいか、わからなくて	
4214	dialog	1	29	14	どう見ても帝国兵じゃないし…	
4215	dialog	1	31	15	どこかそのあたりに降ろしてくれ	
4216	dialog	1	35	17	どこかで、さっきの戦闘のダメージを	
4217	dialog	1	39	19	どこかであれと同じような形をした遣物が	
4218	dialog	1	33	16	どこかの水路のゲートを開いたな…	
4219	dialog	1	23	11	どこか近くに降りようぜ	
4220	dialog	1	29	14	どことなくドラゴンに似てる…	
4221	dialog	1	37	18	どこの誰かは知らんが無茶をしたものだ	
4222	movie	1	31	15	どちらが正しいのかはわからない	
4223	movie	1	17	8	どちらにしても、	
4224	dialog	1	13	6	どちらも同じ	
4225	movie	1	11	5	どっちだ！	
4226	dialog	1	27	13	どっちにしても、お断りだね	
4227	dialog	1	33	16	どっちにしても、調査は後回しだよ	
4228	dialog	1	37	18	どんな所にあるのかさえわからないの…	
4229	dialog	1	4	2	な<02>カ	
4230	dialog	1	4	2	な<02>ツ	
4231	dialog	1	4	2	な<03>ヲ	
4232	dialog	1	4	2	な<05>イ	
4233	dialog	1	26	13	な\n<07>ュェ\n<07>チセ\n<07>テョ\n<07>ナ？\n<07>ヌゆ\n<07>ノな	
4234	movie	1	11	5	な…何だ…	
4235	dialog	1	31	15	な、何だ？ 怒っているのか！？	
4236	movie	1	7	3	なあ、	
4237	dialog	1	13	6	なあ、あんた	
4238	movie	1	35	17	なあ、そこまでするほどの奴なのか？	
4239	dialog	1	15	7	なあ、エッジ…	
4240	dialog	1	15	7	なあ、若いの…	
4241	dialog	1	21	10	なあ、金貸してくれよ	
4242	dialog	1	33	16	なあに、ほとんどが死んだ空洞だよ	
4243	dialog	1	33	16	ないけど…なんとかなるよ、きっと	
4244	dialog	1	10	5	ないな…)	
4245	dialog	1	32	14	なお、ガーディアン<03>\nヌリシンハ<03>	
4246	dialog	1	96	46	なお、バーサークには\nレベルアップで得られる\n前述の4系統以外にも\n他の条件で得られるものがある。	
4247	ui	1	180	87	なお、メッカニア併合後に行われた\n調査によって、シェルクーフは\n探索部隊との遭遇前に、飛行コースを\n突如変更して、エルピス地方の村落を\n雷撃によって全滅させている事実が\n判明している。	
4248	dialog	1	10	5	なかったよ	
4249	dialog	1	21	10	なかなかいい子だろ？	
4250	dialog	1	25	12	なかなかいい狩りだった…	
4251	dialog	1	12	6	なさそうだが	
4252	movie	1	27	13	なぜ、そうまでして奴を守る	
4253	dialog	1	33	16	なぜ、クレイメンの味方をする！？	
4254	movie	1	23	11	なぜ、ドラゴンを操れる	
4255	dialog	1	33	16	なぜか、人間を目の仇にしてやがる	
4256	dialog	1	25	12	なぜだ！？ やめてくれ！	
4257	movie	1	13	6	なぜ儀らを…	
4258	dialog	1	11	5	なぜ来た…	
4259	movie	1	17	8	なぜ正体を隠す？	
4260	dialog	1	9	4	なだめる	
4261	dialog	1	14	7	なってるはずだ	
4262	ui	1	6	5	ななななな	
4263	dialog	1	9	4	なに…？	
4264	dialog	1	21	10	なに、心配せんでいい	
4265	dialog	1	29	14	なにか手があるはずだ…来たぞ	
4266	ui	1	197	95	なのに、あの時理解したことが、もう\n思い出せない。夢の中で悟った真理を\n目覚めとともに忘れてしまった…\nそんな感じだ。\n今はただ、胸が苦しい。あまりにも\n大きなものを抱え込んで、心の中が\n渦巻いている。	
4267	dialog	1	39	19	なのに、俺はここでじっとしてるしかない	
4268	dialog	1	39	19	なのにあんたは街を守ってくれなかった！	
4269	dialog	1	12	11	なはゆをカなはゆをカな	
4270	dialog	1	16	15	なはゆをカなはゆをカなはゆをカ	
4271	dialog	1	37	18	なら、「重力の道」には用心することだ	
4272	dialog	1	17	8	なら、いいけど…	
4273	dialog	1	29	14	なら、どうすりゃいいんだよ？	
4274	dialog	1	37	18	なら、自分で調べに行ったらどうだい？	
4275	movie	1	23	11	ならなかっただろうがね	
4276	dialog	1	35	17	ならば、それなりの対応を考えねばな	
4277	dialog	1	37	18	ならば、それも神の思し召しでしょうな	
4278	dialog	1	17	8	なりそこないだ…	
4279	dialog	1	37	18	なるべくお伺いを立てるようにするよ…	
4280	dialog	1	29	14	なるほど、こういうしかけか…	
4281	dialog	1	35	17	なるほど、こうやって行きたい方向を	
4282	dialog	1	25	12	なんか、うさんくせえなあ	
4283	dialog	1	33	16	なんか、みんな元気ないんだよなあ	
4284	dialog	1	39	19	なんか、働くのがバカらしくなってきたぜ	
4285	dialog	1	31	15	なんかあてがあるのか、おまえ？	
4286	dialog	1	23	11	なんかの足しになるだろ	
4287	dialog	1	21	10	なんか妙な奴だったな	
4288	dialog	1	39	19	なんか無茶なこと頼まれたんじゃないか？	
4289	dialog	1	13	6	なんか用か？	
4290	dialog	1	33	16	なんせ、帝国に関わった男だからな	
4291	dialog	1	33	16	なんたって、ドラゴンがいるからな	
4292	dialog	1	35	17	なんたって「護り火」の番人だからな	
4293	dialog	1	23	11	なんだ、あの爆発は！？	
4294	dialog	1	37	18	なんだ、うちのじいちゃんかと思ったよ	
4295	dialog	1	19	9	なんだ、おまえは！	
4296	dialog	1	23	11	なんだ、つまんねえの！	
4297	dialog	1	27	13	なんだ、ぼうずも飲むのか？	
4298	dialog	1	25	12	なんだ、やっぱりガキだな	
4299	dialog	1	21	10	なんだ、ハンターかよ	
4300	dialog	1	23	11	なんだ、不信心な奴だな	
4301	dialog	1	21	10	なんだ、不満そうだな	
4302	dialog	1	27	13	なんだ、知らなかったのか？	
4303	dialog	1	31	15	なんだ、知らねえのか、ぼうず？	
4304	dialog	1	35	17	なんだい…黙ってちゃはじまらないよ	
4305	dialog	1	23	11	なんだい、あの態度は！	
4306	dialog	1	19	9	なんだい、あんた？	
4307	dialog	1	35	17	なんだか…得体が知れない感じだった	
4308	dialog	1	27	13	なんだか、感じが変わったね	
4309	dialog	1	27	13	なんだかいやな予感がする…	
4310	dialog	1	13	6	なんだって！	
4311	dialog	1	23	11	なんだと？ 一体誰が…	
4312	dialog	1	35	17	なんだよ、じいちゃんは関係ないだろ	
4313	dialog	1	23	11	なんだよ、その言い方？	
4314	dialog	1	17	8	なんだよ、それ…	
4315	dialog	1	27	13	なんだ？ この青い奴は！？	
4316	dialog	1	31	15	なんて奴だ！ 変形しやがった！	
4317	dialog	1	17	8	なんて生命力だ！	
4318	dialog	1	29	14	なんで、おまえみたいな奴に…	
4319	dialog	1	37	18	なんで、こんな世界を作ったんだろうね	
4320	dialog	1	35	17	なんで、わざわざ外に出たがるんだ？	
4321	movie	1	33	16	なんでこんなとこに？ って顔だな	
4322	dialog	1	37	18	なんでも、開放区の方に行ってるとか…	
4323	movie	1	35	17	なんで追わなきゃならないんです！？	
4324	dialog	1	29	14	なんとかこいつを止めないと…	
4325	dialog	1	25	12	なんとか飛んでくれそうだ	
4326	dialog	1	37	18	なんと言われても、取り引きはできんよ	
4327	movie	1	33	16	なんと言われようと人間はあがく…	
4328	dialog	1	4	2	な！	
4329	dialog	1	4	2	な？	
4330	ui	1	6	2	に<04>な<04><01>	
4331	dialog	1	26	11	に\n<07>アェ\n<07>ユ<10>\n<07>ラ<1C>\n<07>ルへ\n<07>ロる\n<07>ン？	
4332	dialog	1	4	2	に…	
4333	dialog	1	27	13	にいちゃん、知らないかい？	
4334	dialog	1	37	18	にいちゃんが薬をくれたって、ほんと？	
4335	dialog	1	12	6	に会ったら…	
4336	dialog	1	94	45	に分けられる。\nレベルアップ時の能力の上がり方や\nバーサークの覚え方は\nタイプによって変化する。	
4337	dialog	1	12	6	に持っている	
4338	dialog	1	17	8	に関する報告…』	
4339	ui	1	2	1	ぬ	
4340	ui	1	6	3	ね<04>ぬ<08>に	
4341	dialog	1	27	13	ねえ、ドラゴンって何なの？	
4342	dialog	1	11	5	の1号機よ	
4343	dialog	1	11	5	の2号機よ	
4344	dialog	1	11	5	の3号機よ	
4345	dialog	1	11	5	の4号機よ	
4346	dialog	1	9	4	の5号機	
4347	dialog	1	11	5	の6号機よ	
4348	dialog	1	4	2	の<02>コ	
4349	dialog	1	4	2	の<02>ニ	
4350	dialog	1	4	2	の<03>ェ	
4351	dialog	1	4	2	の<05>カ	
4352	dialog	1	68	32	の\nバーサークは、\n各タイプに1種ずつ存在する\n専用バーサークである。	
4353	dialog	1	7	3	の…』	
4354	dialog	1	7	3	の、…	
4355	dialog	1	17	8	のどこかにあるわ	
4356	dialog	1	4	2	のは	
4357	dialog	1	20	10	の子の薬が作れるぞ！	
4358	dialog	1	19	9	の守護を最優先せよ	
4359	dialog	1	27	13	の封印が強制解除されました	
4360	dialog	1	23	11	の森を目指してるんだよ	
4361	dialog	1	8	4	の目」…	
4362	dialog	1	10	5	の通り道さ	
4363	dialog	1	13	6	の開発を…』	
4364	dialog	1	41	19	は\n1ゲージを消費することで\n発射できる。	
4365	dialog	1	72	34	は\n1ゲージを消費することで\n発射できる。\nこの銃は、敵を狙い撃ちできる。	
4366	dialog	1	60	28	は\nその種類によって\n必要なゲージ数が\n1〜3ゲージと異なる。	
4367	dialog	1	4	2	は…	
4368	dialog	1	21	10	はい、これあげるね！	
4369	ui	1	48	23	はきつぶされたクツ\n店で売ればわずかだが金になる	
4370	movie	1	11	5	はじめるわ	
4371	movie	1	5	2	はっ	
4372	dialog	1	6	3	はね…	
4373	dialog	1	4	3	はりツ	
4374	dialog	1	20	10	は一生懸命なんだな)	
4375	movie	1	9	4	ひ、人？	
4376	movie	1	15	7	ひさしぶりだな	
4377	dialog	1	27	13	ひさびさに帰ってきたからな	
4378	dialog	1	23	11	ひでえ国だぜ、あそこは	
4379	movie	1	15	7	ひとつ聞きたい	
4380	dialog	1	19	9	ひとつ試してやろう	
4381	dialog	1	17	8	ひとの勝手だろ…	
4382	dialog	1	31	15	ひとりで…さびしくないですか？	
4383	dialog	1	33	16	ひとりで遣跡から戻って来るとは…	
4384	dialog	1	37	18	ひとり死んだら、二人産めばいいんだよ	
4385	dialog	1	39	19	ひまならジューバの話でも聞いてあげてよ	
4386	ui	1	31	15	ひみちゅのフラグbyMたかはC	
4387	dialog	1	25	12	ひるむな！ まだいける！	
4388	dialog	1	33	16	ひるむな！ 各銃座、撃ちまくれ！	
4389	dialog	1	35	17	びっくりしたけど…うれしかったです	
4390	dialog	1	23	11	ふう、何とか倒せたか…	
4391	dialog	1	19	9	ふうん…ま、いいや	
4392	movie	1	13	6	ふざけるなよ	
4393	movie	1	21	10	ふん、さっきまではな	
4394	dialog	1	35	17	ふん、まあいい…おおよそ察しはつく	
4395	dialog	1	39	19	ふーん…なら、ジューバの店に行ってみな	
4396	dialog	1	5	2	ふ化	
4397	dialog	1	4	2	へ<02>セ	
4398	dialog	1	4	2	へ<02>ハ	
4399	dialog	1	4	2	へ<03>ョ	
4400	dialog	1	4	2	へ<05>コ	
4401	dialog	1	8	2	へ\n\nを<1D><01><1B>	
4402	dialog	1	8	3	へ\n\nを。<01><1B>	
4403	dialog	1	8	3	へ\n\nをる<01><1B>	
4404	dialog	1	4	2	へ…	
4405	dialog	1	35	17	へえ…あんたがドラゴンの乗り手か！	
4406	dialog	1	31	15	へえ…いい銃持ってるじゃねえか	
4407	dialog	1	35	17	へえ…普通の人間と変わんないんだね	
4408	dialog	1	35	17	へえ、司祭様と張り合おうってのかね	
4409	dialog	1	39	19	へたすりゃ、国ひとつ滅ぼしかねないのさ	
4410	dialog	1	31	15	へっ！ でけえ□叩くじゃねえか	
4411	dialog	1	21	10	へっ！ バカ言うなよ	
4412	dialog	1	21	10	への道を開いてもらう	
4413	dialog	1	31	15	へへ…これで、貸し借りなしだな	
4414	dialog	1	4	2	ほう	
4415	dialog	1	33	16	ほう…まあ、無理にとは言わんがね	
4416	dialog	1	33	16	ほう…神聖区民の頼みを断るとはね	
4417	dialog	1	35	17	ほう、どのくらい仕込まれとるのかな	
4418	dialog	1	21	10	ほう、なかなかやるな	
4419	dialog	1	17	8	ほう、わかるか？	
4420	dialog	1	35	17	ほうびに帝国旗艦の力を見せてやろう	
4421	dialog	1	35	17	ほとんどの者は、すでに里を脱出した	
4422	dialog	1	15	7	ほら、こいつさ	
4423	dialog	1	31	15	ほら、そこ、しっかり押さえろよ	
4424	dialog	1	27	13	ほら、例のハンターが来たよ	
4425	dialog	1	15	7	ほれ、見てみな	
4426	dialog	1	25	12	ぼうず、悪い事は言わねえ	
4427	dialog	1	37	18	ぼうずの薬を調達してくれたんだってな	
4428	dialog	1	11	5	ま、いいよ	
4429	dialog	1	31	15	ま、おまえなら大丈夫だろうけど	
4430	dialog	1	31	15	ま、これからはごひいきに頼むよ	
4431	dialog	1	29	14	ま、これからもよろしく頼むぜ	
4432	movie	1	33	16	ま、その辺はあんたの方が詳しいか	
4433	movie	1	17	8	ま、それもいいさ	
4434	dialog	1	29	14	ま、そんなに気にする事ないさ	
4435	dialog	1	15	7	ま、なんとかね	
4436	dialog	1	29	14	ま、まあ、ちょっと待ちたまえ	
4437	dialog	1	29	14	ま、ハンターらしい最期かもな	
4438	dialog	1	33	16	ま、世間様の評判なんて関係ないさ	
4439	dialog	1	25	12	ま、今回は敵が敵だからね	
4440	movie	1	21	10	ま、少し待てばわかる	
4441	movie	1	37	18	ま、帝国じゃ逆の言われ方をしてるし、	
4442	dialog	1	31	15	ま、若いうちはそれでもよかろう	
4443	dialog	1	21	10	まあ、そういうこった	
4444	dialog	1	21	10	まあ、そうなんですか	
4445	dialog	1	21	10	まあ、そう言わずに…	
4446	dialog	1	33	16	まあ、今すぐ返事をくれとは言わん	
4447	dialog	1	13	6	まあ、待てよ	
4448	dialog	1	25	12	まあ、無理もないだろうな	
4449	dialog	1	19	9	まあ、無理もないな	
4450	dialog	1	33	16	まあいい…私はキトールという者だ	
4451	dialog	1	35	17	まあいいや…おれ、エンカクってんだ	
4452	dialog	1	7	3	まあな	
4453	dialog	1	23	11	まあよかろう、ただし…	
4454	dialog	1	37	18	まいったなあ…パエットに何て言おう…	
4455	dialog	1	31	15	まさか、ドラゴンが出るとはねえ	
4456	dialog	1	35	17	まさか、司祭自ら掟を曲げるとはな…	
4457	dialog	1	29	14	まさか、彼女が姿を消すとは…	
4458	movie	1	25	12	まさか、我が帝国に取って	
4459	movie	1	39	19	まさか君が噂のドラゴン使いだったとはな	
4460	dialog	1	25	12	まさか本当じゃないわよね	
4461	dialog	1	39	19	まさか本物に出くわす時が来るとはなあ…	
4462	dialog	1	9	4	まさか！	
4463	ui	1	143	69	まず、動力反応の上昇とともに、\n海中から大規模な攻性生物群が出現。\nさらに、外殻が展開し、1頭の\nドラゴンを収納したのち、完全起動\n状態に入った。	
4464	dialog	1	27	13	まず、通路を抜けてください	
4465	dialog	1	21	10	まずい、仲間を呼んだ	
4466	dialog	1	25	12	まずいぞ…怒らせたか！？	
4467	dialog	1	11	5	まずいな、	
4468	dialog	1	23	11	まずいな、早く回復しろ	
4469	dialog	1	11	5	まずいな！	
4470	dialog	1	31	15	まずは、これを受け取ってほしい	
4471	dialog	1	39	19	まずは、森の下にある根を弱らせることだ	
4472	dialog	1	33	16	まずは、水を抜かなきゃならんがな	
4473	dialog	1	39	19	また、すぐに出て行ってしまうんですね…	
4474	dialog	1	33	16	また、新しいしもべを造っている…	
4475	dialog	1	33	16	また、昔みたいに村を作れるかな？	
4476	dialog	1	35	17	また、連中に吸い上げられちまうのさ	
4477	movie	1	23	11	また君に借りができたな	
4478	movie	1	27	13	まだ、やることがあるから…	
4479	dialog	1	31	15	まだ、アンユウは帰ってないが…	
4480	dialog	1	31	15	まだ、仕事は片づかないのかい？	
4481	dialog	1	17	8	まだ、倒せない！	
4482	dialog	1	35	17	まだ、儀が帝国に雇われてたころにね	
4483	dialog	1	25	12	まだ、店は開けてないわよ	
4484	dialog	1	27	13	まだ、戦い、終わんないの？	
4485	dialog	1	37	18	まだ装甲が不完全なブロックがあります	
4486	dialog	1	27	13	まだ詳しく調べてないのによ	
4487	dialog	1	17	8	まだ追ってくる！	
4488	dialog	1	25	12	まったく…何様のつもりだ	
4489	dialog	1	27	13	まったく、最近のよそ者は…	
4490	dialog	1	31	15	まったくだ…こいつの力が帝国に	
4491	dialog	1	39	19	まっとうな人間の仕事じゃないってわけさ	
4492	dialog	1	7	3	まで)	
4493	dialog	1	19	9	まで行ってみよう)	
4494	dialog	1	39	19	まともに暮らせる土地に行きたいもんだぜ	
4495	dialog	1	39	19	まともに暮らせる土地を見つけるまではな	
4496	dialog	1	6	3	まりよ	
4497	ui	1	201	97	まるで、神々の戦のようだった。\nでも、戦っていたのは普通の兵隊だ。\n神の乗り物に乗っていても、儀と同じ\n人間だったはずだ。\nなのに、身を守るためとはいえ、儀は\n彼らを撃ってしまった。\n何のためらいもなしに。	
4498	dialog	1	17	8	まわりを1周する	
4499	dialog	1	37	18	みんな、ここに魂を預けて旅してるのさ	
4500	dialog	1	33	16	みんな、そんなに力が欲しいのか…	
4501	dialog	1	31	15	みんな、どうして逃げないのかな	
4502	dialog	1	33	16	みんな、よそ者がきらいなんだって	
4503	dialog	1	39	19	みんな、一度は買いつけに行くんだってさ	
4504	dialog	1	35	17	みんな、居場所を尋われた人達なんだ	
4505	dialog	1	35	17	みんな、攻性生物に殺されてしまった	
4506	dialog	1	37	18	みんな、早く森から帰ってこないかなあ	
4507	movie	1	17	8	みんながいたし…	
4508	dialog	1	4	2	む<02>ツ	
4509	dialog	1	4	2	む<02>ホ	
4510	dialog	1	4	2	む<03>イ	
4511	dialog	1	4	2	む<05>セ	
4512	dialog	1	10	5	むだからな	
4513	movie	1	39	19	むろん、旧世紀の人間達にも反対者はいた	
4514	dialog	1	18	9	めの層に当たるわ…	
4515	dialog	1	4	2	める	
4516	dialog	1	15	7	もあるかも…)	
4517	dialog	1	37	18	もう、この街には必要ないものだからな	
4518	dialog	1	31	15	もう、この街にゃ来ねえだろうよ	
4519	dialog	1	29	14	もう、ろくな物は残ってないよ	
4520	movie	1	29	14	もう、一人にはなりたくない…	
4521	movie	1	27	13	もう、後戻りはできませんぞ	
4522	dialog	1	23	11	もういい、君には頼まん	
4523	dialog	1	23	11	もういいよ、どうでも…	
4524	dialog	1	27	13	もういいよ、他をあたるから	
4525	dialog	1	11	5	もうやめる	
4526	dialog	1	33	16	もう一度ゲートにアクセスしてみて	
4527	dialog	1	27	13	もう何も言わん、行ってこい	
4528	dialog	1	19	9	もう使えないのか？	
4529	dialog	1	39	19	もう少し、余分に売っていただけませんか	
4530	dialog	1	29	14	もう少し、安くならないかな？	
4531	movie	1	17	8	もう水も食料も…	
4532	movie	1	21	10	もう追ってこないかな	
4533	dialog	1	21	10	もう降りちゃったよ！	
4534	dialog	1	33	16	もしかすると、おまえのドラゴンに	
4535	ui	1	147	71	もし後世、志ある者がこの塔を目指す\nならば、それは必ずや困難な道のりと\nなるであろう。\nここに書き残す記録が、その者を導く\nしるべとなれば幸いである。	
4536	dialog	1	37	18	もちろん、働きに応じて相応の礼はする	
4537	dialog	1	17	8	もちろん挑戦する	
4538	dialog	1	29	14	もっとすげえもんがあるはずだ	
4539	dialog	1	33	16	もっとまともな奴がいるはずだが…	
4540	dialog	1	35	17	もっとも、ゾアの街はもうないけどね	
4541	dialog	1	33	16	もっとも、今は誰もいねえと思うぜ	
4542	ui	1	174	84	もっとも、塔の機能が十全であった\nならば、我々を含む人間の絶対数は\n現在よりさらに厳しく抑制され、\n再生の手が届かぬわずかな地において\nより苛酷な生を強いられていたこと\nだろう。	
4543	movie	1	21	10	もっとも、帝国はまだ	
4544	movie	1	21	10	もっとも、神様なんて	
4545	dialog	1	25	12	もっとよく考えて来たまえ	
4546	dialog	1	13	6	もっと値切る	
4547	dialog	1	25	12	もともと、ここの地下から	
4548	dialog	1	35	17	もともと、そのために作ったものだし	
4549	dialog	1	33	16	もともと、俺たちゃ嫌われ者なんだ	
4550	dialog	1	39	19	もともと旧世紀の連中が作った物なんだぜ	
4551	dialog	1	23	11	もはや、帝国は無力だ…	
4552	dialog	1	19	9	もはやこれまでか…	
4553	ui	1	24	13	や<!D6>ヒアや<!C6>フタ<!DC>ンの<!E2><14><!D1>チ<!E2><!85>わチ<!C3>セ<0D>？	
4554	dialog	1	28	13	や<!E6>ュぬ<!D3>わ。<0B>フ。ー<03><!90>ト<!D3>れ。<0B><02><!E6>ー<03><!E3><01><!90>ソ<!E4>	
4555	dialog	1	19	9	やったな、エッジ！	
4556	dialog	1	9	4	やった！	
4557	dialog	1	35	17	やった！砂が吹き飛ばされていく！！	
4558	dialog	1	39	19	やっと、ここまでたどり着いたってのにさ	
4559	dialog	1	25	12	やっと会うことができたな	
4560	dialog	1	37	18	やっと目的地に着いたら、これだもんな	
4561	dialog	1	13	6	やっぱり…！	
4562	dialog	1	29	14	やっぱり、ここも独立してる…	
4563	dialog	1	37	18	やっぱり、ドラゴンは味方だったんだ…	
4564	movie	1	35	17	やっぱり、帝国の奴らだったんだろ？	
4565	dialog	1	35	17	やっぱり、止めた方がよかったかなあ	
4566	slot	1	50	13	やっぱりだめだよ…悪いけど	
4567	dialog	1	13	6	やっぱりだ！	
4568	dialog	1	21	10	やっぱり暴走している	
4569	dialog	1	31	15	やはり、あれが直らんことには…	
4570	dialog	1	29	14	やばいぜ、目覚めやがった！！	
4571	dialog	1	21	10	やむをえん、応戦する	
4572	dialog	1	39	19	やむをえん、試作段階だがヴリトラをだす	
4573	dialog	1	33	16	やむを得ん、各冥第一種戦闘配備！	
4574	movie	1	15	7	やめた方がいい	
4575	movie	1	11	5	やられた？	
4576	dialog	1	11	5	やれやれ…	
4577	dialog	1	13	6	やれるのか？	
4578	ui	1	4	3	ゆ)ソ	
4579	dialog	1	4	2	ゆ<02>ニ	
4580	dialog	1	4	2	ゆ<02>メ	
4581	dialog	1	4	2	ゆ<03>カ	
4582	dialog	1	4	2	ゆ<05>ツ	
4583	ui	1	192	93	ゆえに、兵士諸君に要求されるのは、\nいかなる時も上官の命令に従い、\n恐慌に襲われることなく、冷静に\nそれを遂行することである。\nさすれば、敵の種類・規模の如何に\n関わらず確実に撃破できるであろう。	
4584	ui	1	126	61	ゆえに、司令塔周囲の内部防壁は\n常に閉鎖された状態にある。\nこれが開放されるのは、物資搬入時と\n第2種警戒態勢発令時のみである。	
4585	ui	1	231	112	ゆえに、辺境の民の無意味な反抗に\nあっても、躊躇してはならない。\n反抗は単に無知ゆえであり、帝国には\n彼らを保護する義務があるからだ。\n我が軍の戦いは侵略にあらず。目先の\n情に惑わされず、常に大義をもって\n行動することを望むものである。	
4586	dialog	1	39	19	ゆくゆくは大陸一の商業都市になるだろう	
4587	dialog	1	19	9	ゆっくりしてってね	
4588	movie	1	19	9	ゆっくり休むといい	
4589	dialog	1	21	10	ゆっくり休んでお行き	
4590	dialog	1	19	9	ゆっくり考えてくれ	
4591	dialog	1	19	9	ゆっくり考えとくれ	
4592	dialog	1	17	16	ゆよらりるれろわをんソタチツテト	
4593	dialog	1	17	16	ゆよらりるれろわをんー＋。「」、	
4594	dialog	1	21	10	よう、どうかしたか？	
4595	dialog	1	19	9	よう、なんか用か？	
4596	dialog	1	27	13	よう、無事だったようだな！	
4597	dialog	1	15	7	ようし、発射！	
4598	dialog	1	20	10	ような奴がいればな…	
4599	dialog	1	20	10	ような形をした遣物が	
4600	movie	1	33	16	ようやくこの力を我が物にできる…	
4601	dialog	1	23	11	よう！ ひさしぶりだな	
4602	dialog	1	37	18	よう！ 無事だったか、ドラゴン乗り！	
4603	dialog	1	33	16	よかった…あの子が元気になって…	
4604	dialog	1	17	8	よかっただって？	
4605	dialog	1	35	17	よかったら、あんたも見送っておくれ	
4606	dialog	1	29	14	よかったら、今度乗せてくれよ	
4607	dialog	1	25	12	よかったら、使ってくれよ	
4608	ui	1	15	7	よき人への戒め	
4609	movie	1	29	14	よくここまで追ってきたものだ	
4610	dialog	1	27	13	よくしてくれた人もいたのに	
4611	dialog	1	33	16	よくて追放、へたすりゃ命がないぜ	
4612	dialog	1	31	15	よくわからないけど…ないと思う	
4613	dialog	1	31	15	よく今まで生きのびられたもんだ	
4614	movie	1	19	9	よく知らないようだ	
4615	dialog	1	29	14	よけいな事は考えずに養生しろ	
4616	dialog	1	21	10	よし、上昇！ 上昇！	
4617	dialog	1	19	9	よし、離脱するぞ！	
4618	dialog	1	21	10	よし、高度を下げろ！	
4619	dialog	1	33	16	よしっ、敵を主砲の射界にとらえろ	
4620	dialog	1	25	12	よそじゃ飲めねえ代物だぜ	
4621	dialog	1	29	14	よそで売れば、いい金になるぞ	
4622	dialog	1	29	14	よそとの付き合いもあるんでな	
4623	dialog	1	39	19	よそに比べりゃ、楽園みたいな所だからな	
4624	dialog	1	35	17	よその里の仲間も来てくれるはずだよ	
4625	dialog	1	33	16	よそ者が来たら、かくれなさいって	
4626	dialog	1	31	15	よそ者って、食べ物ないんでしょ	
4627	dialog	1	31	15	よそ者とのいざこざはごめんだよ	
4628	dialog	1	33	16	よそ者にうろうろされると困るねえ	
4629	dialog	1	25	12	よそ者には縁のない部屋だ	
4630	dialog	1	39	19	よそ者に流せば、奴らは限りなく増長する	
4631	dialog	1	33	16	よそ者に聞かせるような話ではない	
4632	dialog	1	27	13	よそ者をあまり信用すると…	
4633	dialog	1	31	15	よっぽど命が惜しくねえらしいな	
4634	movie	1	33	16	よほどの目的がないとつらいからな	
4635	dialog	1	31	15	よみがえるって聞いたことがある	
4636	dialog	1	28	13	よむー<08>ソ<1E><01><1E><13><16>ア<!E1>ソ<!E3><!84><!EB>り<!DC>りェセ<0C>タ<03>？<08>？	
4637	dialog	1	32	15	よむー<08>ソ<1E>ゆ<1C><0D><1A>ッ<02><13><18>ア<!E1>ソ<!E3><!84><!EB>り<!DC>りェセ<0C>タ<03>？<08>？	
4638	dialog	1	28	14	よむー<08>ソ<1E>ゆ<1C>ッ<01><13><17>ア<!E1>り<!DC><!84><!EB>りェセ<0C>タ<03>？<08>？	
4639	dialog	1	32	16	よむー<08>ソ<1E>ゆ<1C>ッ<01><13><17>ソ<!E3>ア<!E1>マ<0C><!84><!EB>り<!DC>りェセ<0C>タ<03>？<08>？	
4640	dialog	1	32	15	よむー<08>ソ<1E>ゆ<1C>ッ<02><0D><1A><13><18>ア<!E1>り<!DC>りェ<!84><!EB>ソ<!E3>セ<0C>タ<03>？<08>？	
4641	dialog	1	31	15	よろしい…では、受け取りたまえ	
4642	dialog	1	23	11	よろしくお願いします！	
4643	dialog	1	35	17	よろしくな、ハンターのにいちゃん！	
4644	dialog	1	25	12	よろしく頼むよ、エッジ君	
4645	dialog	1	4	2	よ？	
4646	dialog	1	4	2	らう	
4647	dialog	1	4	2	らよ	
4648	dialog	1	10	5	られないぜ	
4649	dialog	1	6	3	りたい	
4650	dialog	1	11	8	りむ。<08>チ』り<1C>ーア	
4651	dialog	1	24	19	りむ。<08>ーッマ<08>チ』り<1C>ねぬソ。アエマ<08>タり。	
4652	dialog	1	22	17	りむ。<08>ーーチ』り<1C>ソ。<13>にマ<08>アエタり。	
4653	dialog	1	7	3	りん粉	
4654	dialog	1	4	2	る<02>ハ	
4655	dialog	1	4	2	る<02>ヨ	
4656	dialog	1	4	2	る<03>コ	
4657	dialog	1	4	2	る<05>ニ	
4658	dialog	1	4	2	る…	
4659	dialog	1	6	3	るから	
4660	dialog	1	8	4	るからさ	
4661	dialog	1	4	2	るぞ	
4662	dialog	1	6	3	るのさ	
4663	dialog	1	8	4	れたの？	
4664	dialog	1	4	2	れよ	
4665	dialog	1	8	4	れるのだ	
4666	dialog	1	4	2	れん	
4667	dialog	1	12	6	れんでくれよ	
4668	movie	1	17	8	ろくなことがない	
4669	dialog	1	19	9	ろくに商売もできん	
4670	dialog	1	39	19	わかった…でも、養ってもらう必要はない	
4671	dialog	1	23	11	わかった…どんな用だ？	
4672	movie	1	11	5	わかった、	
4673	dialog	1	13	6	わかっておる	
4674	dialog	1	27	13	わかっておる、例のものだな	
4675	movie	1	11	5	わかってる	
4676	dialog	1	35	17	わかってるって、わけありなんだろ？	
4677	dialog	1	37	18	わかってると思うが、他言無用だからな	
4678	dialog	1	17	8	わかってるのか！	
4679	movie	1	13	6	わかってる！	
4680	movie	1	27	13	わからない、だけど大丈夫…	
4681	movie	1	9	4	わからん	
4682	dialog	1	33	16	わからん…だが、ドラゴンって奴は	
4683	dialog	1	9	4	わかるさ	
4684	movie	1	13	6	わかるだろう	
4685	movie	1	39	19	わけもわからないうちに味方に攻撃されて	
4686	movie	1	31	15	わざわざ、ウルのガーディアンを	
4687	dialog	1	31	15	わざわざ外に行きたがるなんてさ	
4688	movie	1	21	10	わずかずつではあるが	
4689	ui	1	68	33	わずかに現存するドラゴン用の装備\n移動中のレーザー発射能力を強化する	
4690	movie	1	35	17	われ、攻性生物と遭遇…救助信号です	
4691	dialog	1	4	2	を<02>ホ	
4692	dialog	1	4	2	を<02>レ	
4693	dialog	1	4	2	を<03>セ	
4694	dialog	1	4	2	を<05>ハ	
4695	dialog	1	72	34	を\n消費する。\nそのため、BPが足りないと\nそのバーサークは使用できない。	
4696	dialog	1	24	11	を\n行ってくる敵もいる。	
4697	dialog	1	94	45	を上げると、\nバーサークの威力が上がる。\nまた、より少ないBPで\nバーサークを使えるようになる。	
4698	dialog	1	69	33	を上げると、\nレーザーの威力が上がる。\nただし、銃の威力は変わらない。	
4699	dialog	1	80	38	を上げると、\n位置取りの速度が上がるので\n位置取りによる時間のロスが\n少なくなる。	
4700	dialog	1	49	23	を上げると、\n敵から受けるダメージが\n小さくなる。	
4701	dialog	1	107	51	を使う時も\n1ゲージを消費する。\nアイテムを使う時は\nウインドウを開き、方向ボタンで\n使うアイテムを選択する。	
4702	dialog	1	12	6	を守ってきた	
4703	dialog	1	8	4	を守る…	
4704	dialog	1	13	6	を封印します	
4705	dialog	1	20	10	を尋われた人達なんだ	
4706	dialog	1	19	9	を破壊しないと！)	
4707	dialog	1	2	1	ん	
4708	dialog	1	4	2	んさ	
4709	dialog	1	4	2	んぜ	
4710	dialog	1	12	6	んだ、ほらよ	
4711	dialog	1	8	4	んだね…	
4712	dialog	1	11	7	ア<11><02>)タむチね＋	
4713	ui	1	19	9	アイウィング心技型	
4714	ui	1	19	9	アイウィング攻撃型	
4715	ui	1	19	9	アイウィング標準型	
4716	ui	1	19	9	アイウィング機動型	
4717	ui	1	19	9	アイウィング防御型	
4718	ui	1	27	13	アイテムのリストを表示  	
4719	movie	1	25	12	アカデミーからの報告では	
4720	ui	1	219	106	アカデミーでは、優秀な人材による\n研究が日夜行われ、旧世紀の技術に\n関する謎は着実に解明されつつある。\nエンジンをはじめとする機械類を、\n帝国自らの手で生産するという目標が\n達成される日は、もはや目前に迫って\nいるのである。	
4721	dialog	1	16	8	アクセスしてみて	
4722	ui	1	21	10	アシュティ(上位体)	
4723	ui	1	182	87	アシュティのリーダー。\n角の有無で見分けがつく。\nこいつの吐くしびれ液を\nくらうと、動きがとれなく\nなってしまう。\n群れの中にこいつがいたら\n真っ先に倒しておかないと\n痛い目にあうだろう。	
4724	movie	1	7	3	アゼル	
4725	dialog	1	9	4	アゼル…	
4726	movie	1	23	11	アゼル…そうか、塔を…	
4727	dialog	1	21	10	アゼル…約束してくれ	
4728	dialog	1	21	10	アゼル、たぶん君は…	
4729	dialog	1	23	11	アゼル、どうしたんだ？	
4730	dialog	1	19	9	アゼル、儀はただ…	
4731	movie	1	29	14	アゼル、君はだまされてるんだ	
4732	movie	1	17	8	アゼル、君は！？	
4733	dialog	1	21	10	アゼル、心配してるよ	
4734	movie	1	17	8	アゼルが必要…か	
4735	movie	1	19	9	アゼルが必要なんだ	
4736	movie	1	33	16	アゼルにはドラゴンを導いてもらう	
4737	dialog	1	33	16	アゼルに何をさせるつもりなんだ？	
4738	dialog	1	17	8	アゼルのことか？	
4739	dialog	1	39	19	アゼルのように、造られた人間のことか？	
4740	dialog	1	23	11	アゼルの話、聞いたか？	
4741	dialog	1	33	16	アゼルは、どこの国で生まれたの？	
4742	dialog	1	33	16	アゼルは、誰に名前をもらったの？	
4743	movie	1	27	13	アゼルはそこに下ろしたまえ	
4744	movie	1	15	7	アゼルはまだ…	
4745	dialog	1	25	12	アゼルを収容する方が先だ	
4746	movie	1	33	16	アゼルを旧世紀の使命から解放し、	
4747	dialog	1	39	19	アトルム…まだ完全に目覚めていないのか	
4748	dialog	1	21	10	アトルムが呼んでる…	
4749	dialog	1	37	18	アトルムに乗って、いろんな所を見たわ	
4750	ui	1	19	9	アトルムドラゴン1	
4751	ui	1	19	9	アトルムドラゴン2	
4752	ui	1	19	9	アトルムドラゴン3	
4753	ui	1	19	9	アトルムドラゴン4	
4754	dialog	1	27	13	アトルム？ 君が乗っている	
4755	dialog	1	37	18	アブネルの野郎に、金貸したんだって？	
4756	dialog	1	29	14	アルドーの奴は置いて行くか…	
4757	ui	1	15	7	アンチレーザー	
4758	dialog	1	31	15	アンユウのおじさんに聞きました	
4759	dialog	1	29	14	アンユウのおじさん達、遅いね	
4760	dialog	1	33	16	アンユウの旦那、がっくりきてたろ	
4761	dialog	1	27	13	アンユウの旦那、大丈夫かな	
4762	dialog	1	37	18	アンユウは、トビタマを探しに行ったよ	
4763	dialog	1	39	19	アンユウも、あんたを気に入ってるんだよ	
4764	dialog	1	35	17	アンユウも、少しは救われたかねえ…	
4765	dialog	1	29	14	アンユウ達も帰ってこれるんだ	
4766	movie	1	33	16	アーウェン、反逆の時は今しかない	
4767	ui	1	21	10	アームウィング心技型	
4768	ui	1	21	10	アームウィング攻撃型	
4769	ui	1	21	10	アームウィング標準型	
4770	ui	1	21	10	アームウィング機動型	
4771	ui	1	21	10	アームウィング防御型	
4772	dialog	1	4	2	イ<03>レ	
4773	dialog	1	21	10	ウル 南部水没遣跡群	
4774	dialog	1	19	9	ウル 遣跡通路内部	
4775	ui	1	164	78	ウルで戦った。\nめったに出会うことのない\n珍しい敵だ。おまけに、\n一度攻撃すると、すぐに\n逃げてしまう。こういう\n相手は、出会いがしらに\nバーサーク技で攻撃するに\n限る。	
4776	ui	1	113	54	ウルで戦った。\nドラゴンに似た姿なので\nこう呼ばれているが、力は\n遠く及ばない。最近は数も\nかなり減っているようだ。	
4777	ui	1	178	85	ウルで戦った。\n砂漠に住むアシュティが、\n水辺の環境に合わせて変化\nしたものだ。攻撃方法や\n生態は、ほとんど同じと\nいっていいだろう。\nただし、アシュティよりは\n多少打たれ強いようだ。	
4778	ui	1	164	78	ウルで戦った。\n砂漠に住むアシュティが、\n水辺の環境に合わせて変化\nしたものだ。攻撃方法や\n生態は、ほとんど同じと\nいっていいだろう。\nリーダーの役目もほぼ一緒\nらしい。	
4779	ui	1	111	53	ウルで戦った。\n砂漠に住んでいるトゥプが\n水辺の環境に合わせて変化\nしたものだ。リーダーの\n役目もほぼ一緒らしい。	
4780	ui	1	174	83	ウルで戦った。\n砂漠に住んでいるトゥプが\n水辺の環境に合わせて変化\nしたものだ。攻撃方法や\n生態は、ほとんど同じと\nいっていいだろう。\nただし、トゥプよりは多少\n打たれ強いようだ。	
4781	dialog	1	35	17	ウルには、でっけえ街があったんだぜ	
4782	ui	1	48	23	ウルに住む生物・トビタマの\n分泌物が固まったもの	
4783	dialog	1	27	13	ウルの事なら、何でも聞きな	
4784	dialog	1	37	18	ウルの地下深くに、その生成施設がある	
4785	ui	1	88	42	ウルの地下遣跡で使った\n旧世紀の乗り物。\n出力は小さいが、光の矢を\n撃ち出すことができる。	
4786	ui	1	123	59	ウルの地下遣跡で戦った。\n周囲にいる仲間が傷つくと\nダメージを回復させる。\nたまに粘着液を吐き出して\n自ら攻撃することもある。	
4787	ui	1	167	80	ウルの地下遣跡で戦った。\n攻性生物タルメランの卵。\nふ化すると厄介なので、\nその前に倒しておきたい。\n銃弾のエネルギーを吸収\nしてしまうので、攻撃する\n時には注意が必要だ。	
4788	ui	1	165	79	ウルの地下遣跡で戦った。\n攻性生物デルメランの卵。\nふ化すると厄介なので、\nその前に倒しておきたい。\n光のエネルギーを吸収して\nしまうので、攻撃する\n時には注意が必要だ。	
4789	ui	1	136	65	ウルの地下遣跡で戦った。\n攻撃された時だけ反撃する\n珍しい攻性生物。\nこいつは他のタム・プロと\n違い、爆発する卵のような\nものを持っている。	
4790	ui	1	138	66	ウルの地下遣跡で戦った。\n攻撃された時だけ反撃する\n珍しい攻性生物。\n銃で撃つと上を向く。この\n状態なら、反撃されても\nこちらには当たらない。	
4791	ui	1	27	13	ウルの地下遣跡のドームの鍵	
4792	dialog	1	31	15	ウルの方に飛んでったってんだろ	
4793	dialog	1	29	14	ウルの水職人に伝わる発光酒だ	
4794	dialog	1	39	19	ウルの近くに、ドラゴンが出たって話だぜ	
4795	dialog	1	33	16	ウルは、世界の泉であると同時に…	
4796	movie	1	19	9	ウルへと通じている	
4797	ui	1	11	5	ウルクリア	
4798	ui	1	23	11	ウルボス戦(AD＃2)	
4799	ui	1	27	13	ウル中ボス戦(ヌリシンハ)	
4800	ui	1	42	20	ウル北方の『塔』に関する\nシーカーの研究書	
4801	ui	1	25	12	ウル北方の塔に関する記録	
4802	ui	1	17	8	ウル地下2クリア	
4803	ui	1	27	13	ウル地下ザコ戦(攻性生物)	
4804	ui	1	19	9	ウル地下遣跡クリア	
4805	ui	1	37	18	ウル地下遣跡ボス戦(ダイオウビレイ)	
4806	ui	1	35	17	ウル地下遣跡中ボス戦(ミヤビレイ)	
4807	ui	1	19	9	ウル地下遣跡進入可	
4808	ui	1	15	7	ウル連続戦闘1	
4809	ui	1	15	7	ウル連続戦闘2	
4810	ui	1	15	7	ウル連続戦闘3	
4811	ui	1	11	5	ウル進入可	
4812	ui	1	9	4	ウンブラ	
4813	dialog	1	4	2	ェ<03>メ	
4814	ui	1	33	21	エカ頭セ。？<09>？<01>メな飾ヤ<08><15>ニーオミ<01><15>ふは＋ッアマ<01><15><13>	
4815	movie	1	9	4	エッジ…	
4816	movie	1	29	14	エッジ、おまえは逃げるんだ…	
4817	movie	1	17	8	エッジ、どうだ？	
4818	dialog	1	35	17	エッジ、バリアを張った方がいいぞ！	
4819	movie	1	35	17	エッジ、初めて会った時に行った村を	
4820	dialog	1	17	8	エッジ、見てみろ	
4821	dialog	1	31	15	エッジ、赤いやつが群れのボスだ	
4822	dialog	1	29	14	エッジ、赤い奴が群れのボスだ	
4823	movie	1	17	8	エッジ、逃げろ！	
4824	movie	1	19	9	エッジ、頼めるか？	
4825	dialog	1	20	8	エッジが<03>\nアイテム<03>	
4826	dialog	1	28	12	エッジの通常攻撃である<03>\n銃<03>	
4827	ui	1	60	29	エッジはいつか、おれのことを\nおやじとよんでくれるだろうか。	
4828	ui	1	19	9	エッジへの手紙・1	
4829	ui	1	19	9	エッジへの手紙・2	
4830	movie	1	17	8	エッジ君…後は…	
4831	movie	1	11	5	エッジ君、	
4832	movie	1	29	14	エッジ君、これは戦争なのだよ	
4833	movie	1	27	13	エッジ！ よそ見をするな！	
4834	dialog	1	37	18	エッジ！ 上のエネルギーパイロンを！	
4835	dialog	1	33	16	エドナさん…あそこに、よそ者が…	
4836	dialog	1	15	7	エネルギー充填	
4837	dialog	1	15	7	エネルギー循環	
4838	ui	1	149	72	エネルギー消費量が極めて低いため、\n特定の場合(休眠状態からの再起動・\nショックによる機能停止時など)を\n除き、外部からのエネルギー補給は\n不要である。	
4839	ui	1	15	7	エネルギー補給	
4840	movie	1	29	14	エラー…消去未遂…追撃せよ…	
4841	movie	1	21	10	エラーの封印を確認…	
4842	movie	1	39	19	エラーの復活を確認……再度、封印せよ…	
4843	ui	1	29	14	エレベーターのロックを外す鍵	
4844	dialog	1	22	10	エレベーター・ゲート<03>	
4845	dialog	1	21	10	エレベーター：10階	
4846	slot	1	25	10	エレベーター：11階	
4847	dialog	1	21	10	エレベーター：12階	
4848	dialog	1	21	10	エレベーター：13階	
4849	dialog	1	25	12	エレベーター：15階 西	
4850	dialog	1	25	12	エレベーター：15階東1	
4851	dialog	1	25	12	エレベーター：15階東2	
4852	dialog	1	23	11	エレベーター：1階 西	
4853	dialog	1	25	12	エレベーター：2階 東側	
4854	dialog	1	25	12	エレベーター：2階 西側	
4855	dialog	1	25	12	エレベーター：3階 東側	
4856	dialog	1	25	12	エレベーター：3階 西側	
4857	dialog	1	19	9	エレベーター：4階	
4858	dialog	1	19	9	エレベーター：5階	
4859	dialog	1	19	9	エレベーター：6階	
4860	slot	1	25	11	エレベーター：7階 南	
4861	dialog	1	23	11	エレベーター：7階 東	
4862	dialog	1	23	11	エレベーター：8階 北	
4863	dialog	1	33	16	エレベーター：8階 回転通路北□	
4864	dialog	1	23	11	エレベーター：8階 東	
4865	dialog	1	23	11	エレベーター：8階 西	
4866	slot	1	25	12	エレベーター：8階 西□	
4867	dialog	1	25	12	エレベーター：9階 東□	
4868	slot	1	25	12	エレベーター：9階 西□	
4869	slot	1	23	11	エレベーター：地下5階	
4870	dialog	1	31	15	エンカクが、病気になったんです	
4871	dialog	1	27	13	エンカクが病気になったんだ	
4872	dialog	1	25	12	エンカクが病気になって…	
4873	dialog	1	37	18	エンカクの事…まだ気にしてるのかい？	
4874	dialog	1	31	15	エンカクの命が助かっただけでも	
4875	dialog	1	29	14	エンカクの様子、見ましたか？	
4876	dialog	1	29	14	エンカクの熱が下がったんだよ	
4877	dialog	1	31	15	エンカクの熱が下がったんだよ！	
4878	dialog	1	29	14	エンジンの研究が終わったらな	
4879	ui	1	21	10	エンジンユニット入手	
4880	dialog	1	3	2	ォヨ	
4881	dialog	1	33	16	オアシスも、地下の通り道になるぜ	
4882	ui	1	52	24	オレや大佐のかわりに\n閣下を守ってくれ。\n \nたのむ。	
4883	ui	1	19	9	カイナスの村進入可	
4884	dialog	1	27	13	カラ級誘導爆雷艦、沈没確認	
4885	dialog	1	29	14	カートリッジからロードします	
4886	dialog	1	27	13	カートリッジにセーブします	
4887	dialog	1	26	13	カ緒に行くことだってできる	
4888	dialog	1	37	18	ガキのくせにやるじゃねえか、へへへ…	
4889	movie	1	17	8	ガキめ、しぶとい	
4890	dialog	1	11	5	ガッシュ…	
4891	dialog	1	27	13	ガッシュ、あれがオアシス？	
4892	dialog	1	29	14	ガッシュから、話は聞いたかね	
4893	dialog	1	31	15	ガッシュが、あんたを待ってるよ	
4894	dialog	1	33	16	ガッシュが、そこで待ってるはずだ	
4895	dialog	1	33	16	ガッシュがよこしてきたって事は…	
4896	dialog	1	39	19	ガッシュが言ってたのって、あの子の事？	
4897	dialog	1	31	15	ガッシュなら、監視台に行ったよ	
4898	ui	1	48	23	ガッシュにもらった空中船の部品\n今度は本物らしい	
4899	ui	1	56	27	ガッシュにもらった首飾り\nシーカー独特の装飾が施してある	
4900	dialog	1	37	18	ガッシュの、シーカーの所へ戻ってくれ	
4901	dialog	1	19	9	ガッシュの命令でな	
4902	dialog	1	23	11	ガッシュの師でもあった	
4903	ui	1	54	26	ガッシュの師でもあったドラゴン乗りが\n書いたという書物	
4904	dialog	1	39	19	ガッシュは、そこを攻めるつもりなのか…	
4905	dialog	1	17	8	ガッシュ達だって	
4906	dialog	1	39	19	ガッシュ達と一緒に行くことだってできる	
4907	movie	1	33	16	ガッシュ達は、その間に逃げてくれ	
4908	movie	1	11	5	ガッシュ！	
4909	ui	1	38	18	ガラコウセキの原石\n店で売れば金になる	
4910	dialog	1	31	15	ガリル砂漠で世話になったってさ	
4911	ui	1	128	61	ガリル砂漠で戦った。\nこいつのように角のない\nアシュティは、攻撃を\nされない方向に回り込み、\nすきを見て攻めていれば\n簡単に倒せる。	
4912	ui	1	161	77	ガリル砂漠で戦った。\nトゥプを招き寄せる性質が\nあるらしい。また、攻撃を\n受けると即座にその方向に\n反撃してくる。ただし、\n後ろに反撃することだけは\nできないようだ。	
4913	ui	1	167	80	ガリル砂漠で戦った。\n小型の攻性生物で、狩りの\n獲物としては手ごろだ。\n装甲が厚いわりにすばやく\nダメージを与えにくいが、\n攻撃は単調なので、とくに\n手ごわい相手ではない。	
4914	ui	1	176	84	ガリル砂漠で戦った。\n岩のふりをしていて、敵が\n近寄った時に襲ってくる。\n背中が弱点。\nダメージを受けると、その\n方向に向き直って攻撃して\nくることがあるので、気を\nつけた方がいい。	
4915	ui	1	211	101	ガリル砂漠で戦った。\n常に群れで行動している。\nこういう奴らは群れ全体が\n1匹の生物だと考えた方が\nいい。1体倒したところで\nその攻撃力はほとんど\n弱まらない。群れを率いて\nいる個体を倒すのが、一番\n確実な方法だろう。	
4916	dialog	1	37	18	ガリル砂漠なら、でかい地下遣跡もある	
4917	ui	1	203	97	ガリル砂漠の地下の空洞で\n戦った。\n光の粉をまき散らしながら\n飛ぶ姿は美しいが、それに\n見とれていては、命が\nいくつあっても足りない。\nその光が、さらに恐ろしい\n巨大攻性生物・ハイガを\n呼び寄せているのだから。	
4918	ui	1	17	8	ガリル砂漠クリア	
4919	ui	1	37	18	ガリル砂漠ボス戦(ハイシュ＆ハイガ)	
4920	ui	1	33	16	ガリル砂漠中ボス戦A(ズースー)	
4921	ui	1	17	8	ガリル砂漠進入可	
4922	dialog	1	23	11	ガーディアン ドラゴン	
4923	dialog	1	29	14	ガーディアンの起動システムと	
4924	ui	1	21	10	ガーディアンドラゴン	
4925	dialog	1	4	2	キタ	
4926	dialog	1	11	5	キトール…	
4927	ui	1	29	14	キャラバン(ゾアの森)進入可	
4928	ui	1	29	14	キャラバン(ゾアの街)進入可	
4929	ui	1	27	13	キャラバン(平原A)進入可	
4930	ui	1	27	13	キャラバン(平原B)進入可	
4931	ui	1	27	13	キャラバン(砂漠A)進入可	
4932	ui	1	27	13	キャラバン(砂漠B)進入可	
4933	dialog	1	39	19	キャラバンに入るのも、悪くないよなあ…	
4934	ui	1	31	15	キャンプ(カイナスの村)進入可	
4935	ui	1	31	15	キャンプ(シーカーの里)進入可	
4936	ui	1	27	13	キャンプ(ゾアの森)進入可	
4937	ui	1	23	11	キャンプ(平原)進入可	
4938	ui	1	25	12	キャンプ(発掘所)進入可	
4939	ui	1	25	12	キャンプ(砂漠A)進入可	
4940	ui	1	25	12	キャンプ(砂漠B)進入可	
4941	dialog	1	8	3	ク\n\nねイ<01><1B>	
4942	dialog	1	8	3	ク\n\nねソ<01><1B>	
4943	dialog	1	37	18	ク\n\nねミ<01>(これは…！ 旧世紀の船！！)	
4944	ui	1	17	8	クルル(上位体)	
4945	movie	1	13	6	クレイメン…	
4946	dialog	1	29	14	クレイメン…おまえとのケリは	
4947	movie	1	37	18	クレイメン、貴様には罪を償ってもらう	
4948	ui	1	25	12	クレイメンからの手紙入手	
4949	movie	1	35	17	クレイメンが守ろうとした全ての源…	
4950	dialog	1	23	11	クレイメンというひとよ	
4951	movie	1	33	16	クレイメンにいくらもらった、あ？	
4952	dialog	1	37	18	クレイメンの事は…気の毒だと思ってる	
4953	dialog	1	25	12	クレイメンの使った入□は	
4954	ui	1	17	8	クレイメンの手紙	
4955	dialog	1	35	17	クレイメンの目当ても、それだと思う	
4956	ui	1	27	13	クレイメンの署名がある手紙	
4957	ui	1	135	64	クレイメンの部下の\nツァスタバが乗っていた\n戦闘機。\n機体の運動性を最大限に\n発揮して襲ってきたが、\n本気で儀らを殺す気は\nなかったらしい。	
4958	movie	1	29	14	クレイメンは…奴はどこだ！？	
4959	dialog	1	39	19	クレイメンは『塔』を探してるらしいんだ	
4960	movie	1	31	15	クレイメンは攻性生物に殺された	
4961	movie	1	15	7	クレイメンめ…	
4962	movie	1	25	12	クレイメンめ…やりおるわ	
4963	movie	1	17	8	クレイメンを追え	
4964	dialog	1	25	12	クレイメン艦よりの返信、	
4965	ui	1	222	106	クレイメン艦隊で使われて\nいる、対攻性生物用の\n戦闘艦。軽量で小回りが\nきくだけでなく、兵装も\n大型の攻性生物を意識した\nものになっている。\n神経弾には毒矢のような\n効果があり、重散弾砲は\nどんな攻性生物の殻も破る\n破壊力を持つ。	
4966	ui	1	172	82	クレイメン艦隊の旗艦。\nだが、禁止区域で戦った\n時には、クレイメンは艦を\n離れており、かわりに\n副官のアーウェンが指揮を\nとっていた。\n帝国軍を引きつけるための\n囮だったらしい。	
4967	dialog	1	27	13	クレイメン艦隊はここから…	
4968	ui	1	23	11	クレイメン艦隊進軍状況	
4969	movie	1	15	7	クレイメン閣下	
4970	movie	1	33	16	クレイメン閣下にたてつくなんざ、	
4971	movie	1	15	7	クレイメン！！	
4972	movie	1	15	7	クレイメン！？	
4973	dialog	1	31	15	クーリアに乗せてやったんだろ？	
4974	ui	1	40	19	クーリアのフンの化石\n店で売れば金になる	
4975	ui	1	27	13	クールマ型前線基地警備心得	
4976	ui	1	229	111	クールマ型水上前線基地は、2重の\n可動防壁(それぞれ「外部防壁」\n「内部防壁」と呼称)と、その内側に\n配置された各施設から成っている。\nその中でも、最優先で防衛しなければ\nならないのが、基地の中央にある\n司令塔である。(次ページ参照)	
4977	dialog	1	27	13	グリグオリグを攻撃するなら	
4978	dialog	1	9	4	ケトキス	
4979	ui	1	21	10	ゲオルギウス2クリア	
4980	ui	1	29	14	ゲオルギウス2ボス戦(GD)	
4981	ui	1	35	17	ゲオルギウス2中ボス戦(ヴァルナ)	
4982	ui	1	21	10	ゲオルギウス2進入可	
4983	ui	1	25	12	ゲオルギウス2．5進入可	
4984	ui	1	21	10	ゲオルギウス3クリア	
4985	ui	1	21	10	ゲオルギウス3進入可	
4986	ui	1	149	71	ゲオルギウスで出会う\n竜巻のまわりに浮いている\n岩の近くにいる。\nこいつの攻撃は、岩の\n向こうからでも当たるので\n常に視界に入れながら\n戦わないと不利だ。	
4987	dialog	1	17	8	ゲオルギウスには	
4988	ui	1	153	74	ゲオルギウスに来て2日目。\nあのフネを追って、とうとうこんな\nところにまで来てしまった。\n人間の世界は、数万リオンの彼方だ。\nいまさらながら、孤独を感じる。	
4989	dialog	1	31	15	ゲオルギウスに行ってこいってさ	
4990	dialog	1	102	49	ゲージが複数たまっていて\n連続で行動したい場合なども、\n先行入力しておけば\n敵に割り込まれる心配はない。	
4991	ui	1	17	8	ゲージが足りない	
4992	dialog	1	15	7	ゲージについて	
4993	dialog	1	83	38	ゲージを3つためると、\nその時のタイプに応じた\n特殊能力が発動する。\nこれを<03>\nスキル<03>	
4994	ui	1	15	7	ゲージ速度上昇	
4995	ui	1	36	16	ゲージ速度上昇 機動型 <03><01>3ゲージ<03>	
4996	dialog	1	23	11	ゲートは私が開けてみる	
4997	ui	1	13	6	ゲームクリア	
4998	ui	1	21	10	コアのバリアの説明用	
4999	dialog	1	37	18	コントロールはすでに解除されている…	
5000	movie	1	21	10	コントロールを失って	
5001	movie	1	29	14	コントロールを尋う事はできる	
5002	dialog	1	31	15	コントロールエリアに降りる前に	
5003	dialog	1	40	18	コントロールエリアは一番下の<03>\n地下1階<03>	
5004	ui	1	167	81	コース変更の理由は不明だが、攻撃の\n対象となった村落では、クーリアが\n多数飼育されており、それが何らかの\n形でシェルクーフを呼び寄せたのでは\nないかとする説が有力である。	
5005	ui	1	31	15	サウンドテスト：ファイルを選ぶ	
5006	dialog	1	31	15	サーチライトでの警戒を忌るな！	
5007	ui	1	27	13	サーチライトカウントフラグ	
5008	ui	1	36	17	ザアルの実\n貴重品なので高値で売れる	
5009	dialog	1	23	11	ザドクもそう言ってたろ	
5010	ui	1	19	9	シェルクーフの失踪	
5011	ui	1	19	9	シェルクーフの発見	
5012	ui	1	23	11	シェルクーフ事件報告書	
5013	dialog	1	17	8	シェルクーフ内部	
5014	ui	1	19	9	シップパーツ？入手	
5015	slot	1	23	11	シャプリの安全方向は？	
5016	dialog	1	35	17	シーカーから、あんたの事聞いたんだ	
5017	movie	1	33	16	シーカーが組織だっていったけど、	
5018	dialog	1	33	16	シーカーだって、あんたと同じだよ	
5019	dialog	1	31	15	シーカーって、一体何者なんだ？	
5020	movie	1	23	11	シーカーってのは高度に	
5021	movie	1	37	18	シーカーって集団がまさにそれなのさ…	
5022	dialog	1	37	18	シーカーとの噂、ずいぶん広まってるな	
5023	dialog	1	39	19	シーカーと一緒なら、また会えるだろうし	
5024	dialog	1	35	17	シーカーと親しくするのはやめときな	
5025	dialog	1	33	16	シーカーと関わるなど、感心せんな	
5026	dialog	1	17	8	シーカーの…里？	
5027	dialog	1	35	17	シーカーの噂は前から聞いていたが…	
5028	dialog	1	39	19	シーカーの連中、ここを捨てるんだってな	
5029	ui	1	33	16	シーカーの里の場所が記された地図	
5030	dialog	1	23	11	シーカーの里へようこそ	
5031	ui	1	23	11	シーカーの里・キャンプ	
5032	ui	1	19	9	シーカーの里進入可	
5033	dialog	1	15	7	シーカーの里？	
5034	dialog	1	39	19	シーカーの間じゃ有名だぜ…あの艦隊は、	
5035	dialog	1	37	18	シーカーは、それを掘り返してるんだぜ	
5036	movie	1	27	13	シーカーはもう200年近く	
5037	movie	1	25	12	シーカーは死んでも仲間に	
5038	ui	1	175	85	シーカーは組織力が弱く、ハンターと\n同程度の武装しか有していないので、\n直接的な斉威とはならない。しかし、\n発掘物を所持している場合が多いので\n重火器の使用は控えるのが望ましい。	
5039	ui	1	17	8	シーカーへの対処	
5040	dialog	1	19	9	シーカーみたいにさ	
5041	ui	1	207	100	ジグが熱を出した。お産が近いので\nつきっきりで世話をする。こいつを\n死なせてしまったら、ひどく叱られる\nことになるだろう。\n結局みんなは、腕のいい世話係が\n欲しいだけで、それが儀である必要は\nないのかもしれない。	
5042	ui	1	199	96	ジグは死んでしまった。思ったとおり\n叱られたし、食事も抜かれた。けど、\nそんなことはもうどうでもいい。\n\n儀は、みんなに嘘をついた。\nみんなに死産だと言った変種の子は、\nいま、物置の隅で寝息をたてている。	
5043	dialog	1	37	18	ジューバの奴、ちゃんとまけてくれた？	
5044	dialog	1	35	17	ジューバの店は、誰だってお得意様さ	
5045	dialog	1	30	13	スイッチは5号機と同じ<03>\n3階<03>	
5046	dialog	1	20	8	スイッチは<03>\n14階<03>	
5047	dialog	1	22	9	スイッチは<03>\n15階よ<03>	
5048	dialog	1	18	7	スイッチは<03>\n3階<03>	
5049	dialog	1	18	7	スイッチは<03>\n4階<03>	
5050	dialog	1	18	7	スイッチは<03>\n7階<03>	
5051	dialog	1	39	19	スキアド・オプス…すなわち「影の目」…	
5052	ui	1	144	69	スキアド・オプス・ランディと\n「編み人」ピネハスによる記録。\n\n以下に記すのは、ウル近辺で発掘した\n情報系構造体に収められていた記録の\n解読である。	
5053	ui	1	31	15	スキアド・オプス・ランディの書	
5054	dialog	1	7	3	スキル	
5055	ui	1	17	8	スタン状態を治す	
5056	dialog	1	135	65	ステータス異常は、時間がたてば\n回復するが、アイテムを使って\nすぐに回復させることもできる。\nスタン以外のステータス異常は\n以下のとおり。	
5057	dialog	1	19	9	ステータス異常攻撃	
5058	dialog	1	56	27	ステータス異常攻撃を受けたため\nドラゴンがマヒしている。	
5059	ui	1	19	9	ストップ状態を治す	
5060	ui	1	25	12	ストライプウィング心技型	
5061	ui	1	25	12	ストライプウィング攻撃型	
5062	ui	1	25	12	ストライプウィング標準型	
5063	ui	1	25	12	ストライプウィング機動型	
5064	ui	1	25	12	ストライプウィング防御型	
5065	dialog	1	19	9	スピードが下がった	
5066	ui	1	17	8	スロウ状態を治す	
5067	slot	1	23	10	ズースーの倒し方は？	
5068	dialog	1	21	10	ズースー？なんだ！？	
5069	dialog	1	12	8	セ<0F>ゆハよコソ<10>タ<13>ー	
5070	dialog	1	16	10	セ<0F>ゆハよコモ<01>ソ<10>タ<13><05>・ー	
5071	dialog	1	16	10	セ<0F>ゆハソ<!E3>マ<0C>よコソ<10>タ<13>ー	
5072	dialog	1	20	12	セ<0F>ゆハソ<!E3>マ<0C>よコソ<10>モ<01><05>・タ<13>ー	
5073	dialog	1	15	7	セストレン…？	
5074	dialog	1	27	13	セストレンがどんな場所で、	
5075	dialog	1	37	18	セストレンって遣跡の事、知らないか？	
5076	ui	1	128	62	セストレンとは、旧世紀の管理意志の\n座であり、空間断層によって隠された\n絶対不可侵の遣跡であり、すべての\n塔の制御を行う場である。	
5077	dialog	1	37	18	セストレンに対抗する力を求めた者達だ	
5078	dialog	1	39	19	セストレンに至る唯一の鍵だというのに…	
5079	movie	1	21	10	セストレンに送ります	
5080	dialog	1	37	18	セストレンの作り出した、この世界と…	
5081	dialog	1	25	12	セストレンへ向かうための	
5082	movie	1	23	11	セストレンを倒す以前に	
5083	ui	1	17	8	セストレンクリア	
5084	ui	1	35	17	セストレンボス戦(アンチドラゴン)	
5085	ui	1	43	21	セストレンボス戦(アンチドラゴン最終形態)	
5086	ui	1	31	15	セストレン中ボス戦(タイプ0)	
5087	ui	1	31	15	セストレン中ボス戦(タイプ1)	
5088	ui	1	31	15	セストレン中ボス戦(タイプ2)	
5089	ui	1	31	15	セストレン中ボス戦(タイプ3)	
5090	ui	1	31	15	セストレン中ボス戦(タイプ4)	
5091	ui	1	17	8	セストレン進入可	
5092	dialog	1	21	10	セーブが終了しました	
5093	dialog	1	15	7	セーブできます	
5094	dialog	1	29	14	セーブできる空きがありません	
5095	dialog	1	60	29	セーブ中です。電源を切ると正しく\n保存できない恐れがあります	
5096	dialog	1	15	9	ソ<03>よコ<!D0>オ<02>ヒににねに<!A0><10>	
5097	dialog	1	15	10	ソ<03>よハ<!D0>ス<02>サににねに<!A0>ぬ	
5098	ui	1	19	9	ソロウィング心技型	
5099	ui	1	19	9	ソロウィング攻撃型	
5100	ui	1	19	9	ソロウィング標準型	
5101	ui	1	19	9	ソロウィング機動型	
5102	ui	1	19	9	ソロウィング防御型	
5103	dialog	1	37	18	ゾアから出たことなかったんだぜ、俺は	
5104	dialog	1	33	16	ゾアで商売してたほうが楽だったぜ	
5105	dialog	1	31	15	ゾアに根を下ろす望みも絶たれた	
5106	dialog	1	37	18	ゾアの事で、いやな噂聞いちまってよ…	
5107	ui	1	9	4	ゾアの書	
5108	dialog	1	14	6	ゾアの森<05>内部	
5109	dialog	1	18	8	ゾアの森<05>紅き遣跡	
5110	dialog	1	23	11	ゾアの森が近いらしいよ	
5111	dialog	1	39	19	ゾアの森でなら、安心して暮らせるはずだ	
5112	ui	1	159	76	ゾアの森で戦った。\nこれは帝国アカデミーでの\n呼び名だ。昔、ドラゴンが\n帝都に現れた時、大量に\n目撃されたらしい。\nこいつも、旧世紀生まれの\n血統書つきなのだろう。	
5113	ui	1	122	58	ゾアの森で戦った。\n塔から攻めてきた群れの\n中にいた攻性生物。上に\n乗っているやつは、森林で\n戦うために生み出された\nらしい。	
5114	ui	1	128	61	ゾアの森で戦った。\n塔から攻めてきた群れの\n中にいた攻性生物。下に\nぶら下がっているやつは、\n森林で戦うために\n生み出されたらしい。	
5115	dialog	1	39	19	ゾアの森なんて、ぜいたく言わねえからよ	
5116	dialog	1	25	12	ゾアの森のなれの果てだ…	
5117	dialog	1	23	11	ゾアの森は特別なんだよ	
5118	ui	1	15	7	ゾアの森クリア	
5119	ui	1	35	17	ゾアの森ボス戦(寄生グリグオリグ)	
5120	ui	1	21	10	ゾアの森中ボスA弱り	
5121	ui	1	21	10	ゾアの森中ボスB弱り	
5122	ui	1	21	10	ゾアの森中ボスC弱り	
5123	ui	1	21	10	ゾアの森中ボスD弱り	
5124	ui	1	21	10	ゾアの森中ボスE弱り	
5125	ui	1	21	10	ゾアの森中ボスF弱り	
5126	ui	1	21	10	ゾアの森中ボスG弱り	
5127	ui	1	21	10	ゾアの森中ボスH弱り	
5128	ui	1	31	15	ゾアの森中ボス戦(マサーンA)	
5129	ui	1	31	15	ゾアの森中ボス戦(マサーンB)	
5130	ui	1	31	15	ゾアの森中ボス戦(マサーンC)	
5131	ui	1	31	15	ゾアの森中ボス戦(マサーンD)	
5132	ui	1	31	15	ゾアの森中ボス戦(マサーンE)	
5133	ui	1	31	15	ゾアの森中ボス戦(マサーンF)	
5134	ui	1	31	15	ゾアの森中ボス戦(マサーンG)	
5135	ui	1	31	15	ゾアの森中ボス戦(マサーンH)	
5136	ui	1	15	7	ゾアの森進入可	
5137	dialog	1	31	15	ゾアの街が吹っ飛ぶのが見えたよ	
5138	dialog	1	39	19	ゾアの街でおまえさんを監視してたんだが	
5139	dialog	1	29	14	ゾアの街にいたシーカーだろ？	
5140	ui	1	48	23	ゾアの街に伝わる書物\n街の掟について記されている	
5141	ui	1	25	12	ゾアの街の教会の聖堂の鍵	
5142	ui	1	52	25	ゾアの街の正規住人区画\n「神聖区」に入るための通行証	
5143	ui	1	175	84	ゾアの街の言い伝えには、\nメル=カヴァを支える「両輪」という\n表現がある。\n古くさい言い回しだが、要するに\nメル=カヴァは2基のエンジンで\n飛んでいるということが言いたい\nらしい。	
5144	dialog	1	39	19	ゾアの街の連中も、助けたかったんだがな	
5145	ui	1	15	7	ゾアの街進入可	
5146	dialog	1	31	15	ゾアの話なら、結構有名だけど…	
5147	dialog	1	33	16	ゾアの話は、確かに本当だったが…	
5148	dialog	1	36	24	タやら<!CC>ら<!BC>アねを)ォ<0B><1E><!88>ー<04>アにォ<0B>カるッ<04><!90>イア<11><02>)タむチね＋	
5149	dialog	1	46	29	タやら<!CC>ら<!BC>アは<!D2><1E>を)＋<0B><1E><!8A>チ<!F3>ム<04>ォ<0B>ヌりー<04>アにォ<0B>カりッ<04>ア<11><!90>ぬ<02>)タむチね＋	
5150	dialog	1	36	24	タやら<!CC>ら<!BC>ーぬをむォ<0B><1E><!87>ア<04>ーよォ<0B>カねッ<04><!90>ネア<11><02>)タむチね＋	
5151	dialog	1	36	24	タやら<!CC>ら<!BC>ーのをむォ<0B><1E><!89>ア<04>ーよォ<0B>カはッ<04><!90>』ア<11><02>)タむチね＋	
5152	dialog	1	19	9	タイプと成長の関係	
5153	dialog	1	104	50	タイプにより特殊能力がある。\n3ゲージたまっている状態において\nゲージもBPも消費しないで\n自動発動する。	
5154	dialog	1	21	10	タイプセレクトの効果	
5155	dialog	1	50	24	タイプセレクトの意味として\n次の5つの効果がある。	
5156	dialog	1	21	10	タイプセレクトの練習	
5157	dialog	1	21	10	タイプセレクトの説明	
5158	dialog	1	101	48	タイプセレクトを行うと\nドラゴンの基本能力を\n調整することができる。\n調整できる基本能力は\n以下の4つ。	
5159	dialog	1	50	24	タイプセレクト画面では\n次のような位置関係がある。	
5160	dialog	1	100	48	タイプ専用のバーサークは\nどれも有効に使えるが\nゲージ消費が大きいため\n使いどころを考えることが重要。	
5161	dialog	1	21	10	タイプ専用バーサーク	
5162	dialog	1	9	4	タムプロ	
5163	dialog	1	13	6	タム・リッサ	
5164	ui	1	17	8	タム・リッサ＆巣	
5165	dialog	1	11	5	タラン放出	
5166	dialog	1	23	11	タルバーニ＆デルバーニ	
5167	dialog	1	23	11	タルメラン＆デルメラン	
5168	ui	1	7	3	ダイン	
5169	movie	1	9	4	ダメだ！	
5170	dialog	1	19	9	ダメだ！ 落ちる！	
5171	dialog	1	27	13	ダメです、噴射弾急速接近…	
5172	dialog	1	18	9	チになってるはずだ	
5173	dialog	1	10	8	チチりコセ。ホ<0E>？	
5174	dialog	1	13	10	チーのら<14>よーッ<14>ぬアー	
5175	dialog	1	6	3	ッジ君	
5176	dialog	1	7	3	ツァオ	
5177	movie	1	27	13	ツァスタバ、ザコにかまうな	
5178	ui	1	21	10	ツァスタバの走り書き	
5179	dialog	1	11	5	ツァーノス	
5180	ui	1	40	24	ツーろ)のに碧<!90>ふ玉セソ上<!85>ソ位タ<!F2><!E0>「<02>め<!85>タゆへ回<!85>チホ<!90>復<!E0>	
5181	dialog	1	15	7	テストタイプ…	
5182	dialog	1	13	6	テンカ発進！	
5183	ui	1	19	9	ディスクチェンジ用	
5184	ui	1	17	8	トゥプ(上位体)	
5185	ui	1	148	71	トゥプの群れを率いている\nリーダー。どうやら、この\n種の攻性生物は、リーダー\nだけが意志を持っている\nようだ。それを利用すれば\n群れは簡単に追い払える。	
5186	dialog	1	31	15	トゥプの群れを離散させるには？	
5187	ui	1	23	11	トゥプナック(上位体)	
5188	dialog	1	19	9	トゥプ＆アシュティ	
5189	dialog	1	37	18	トビタマってのは、変わった生き物でな	
5190	dialog	1	39	19	トビタマなんて、簡単には見つからないぜ	
5191	dialog	1	39	19	トビタマを見つけなきゃ、薬が作れない…	
5192	dialog	1	39	19	トラコラとメラコラ、攻撃力が強いのは？	
5193	dialog	1	19	9	トラコラ＆メラコラ	
5194	dialog	1	31	15	ド、ドラゴン型攻性生物を確認！	
5195	dialog	1	17	8	ドラゴン、来ます	
5196	dialog	1	13	6	ドラゴンか…	
5197	dialog	1	37	18	ドラゴンが、セストレンを破壊すれば…	
5198	dialog	1	39	19	ドラゴンがいりゃ、こわいものなしだろ？	
5199	dialog	1	25	12	ドラゴンがいるんだからな	
5200	dialog	1	39	19	ドラゴンが助けてくれるのを見てただけだ	
5201	dialog	1	39	19	ドラゴンが帝国軍を追っ払うって話だが…	
5202	dialog	1	35	17	ドラゴンが焼き払っちまったらしいぜ	
5203	movie	1	33	16	ドラゴンそのものの事だったのさ！	
5204	dialog	1	15	7	ドラゴンでいい	
5205	ui	1	17	8	ドラゴンと『塔』	
5206	ui	1	195	94	ドラゴンといえば、また例の奴を\n見かけた。村の焼け跡でラギを叩き\n落とした、もう1頭のドラゴンだ。\nあれから時々姿を現すが、襲ってくる\n様子はない。\nあいつも、旧世紀のフネを目指して\nいるのだろうか？	
5207	dialog	1	31	15	ドラゴンと一戦まじえるって話だ	
5208	dialog	1	31	15	ドラゴンと一緒に戦えるなんて…	
5209	dialog	1	29	14	ドラゴンと帝国をダシにしてな	
5210	dialog	1	35	17	ドラゴンどうしの戦いに巻き込まれて	
5211	movie	1	21	10	ドラゴンなしじゃな…	
5212	dialog	1	37	18	ドラゴンに乗るって、どんな気分だい？	
5213	ui	1	21	10	ドラゴンに名前付けた	
5214	ui	1	30	14	ドラゴンに関する\n帝国の研究書	
5215	slot	1	29	10	ドラゴンに関する書物	
5216	ui	1	21	10	ドラゴンに関する研究	
5217	ui	1	186	90	ドラゴンに関する記録の中で特に注目\nすべきは、その背に人間を騎乗させて\nいたという目撃例であろう。\nクーリアなど、退化したごく一部の\n種を除けば、このような行動を示す\n攻性生物は皆無である。	
5218	dialog	1	19	9	ドラゴンの…戦場？	
5219	dialog	1	35	17	ドラゴンのご加護があったんだろうな	
5220	dialog	1	23	11	ドラゴンのなれの果てさ	
5221	dialog	1	65	31	ドラゴンのステータスは、この\nステータス表示エリアに\n表示される。	
5222	dialog	1	62	28	ドラゴンのステータスを\n異常な状態にする\n<03>\nステータス異常攻撃<03>	
5223	ui	1	223	108	ドラゴンの主な武器は、□腔内より\n発射される複数の雷撃である。この\n雷撃は、目標に向けて屈曲するという\n特異な性質を持っている。\nまた、個体によっては、若干の\n追尾性を備えた実体弾や、生体粒子の\n波動を放つことが確認されている。	
5224	ui	1	17	8	ドラゴンの乗り手	
5225	ui	1	15	7	ドラゴンの出現	
5226	dialog	1	35	17	ドラゴンの力で、あたし達を導いてよ	
5227	movie	1	25	12	ドラゴンの力を使えるのだ	
5228	dialog	1	39	19	ドラゴンの力を愚劣な謀略に使いおって！	
5229	ui	1	165	80	ドラゴンの力を求めるならば、\n人よ、神ののぞみにかなう者であれ。\n矢は、つねに争いの地に放たれる。\n殻は、つねによき人の守りとなる。\n翼は、つねによき道の上にはばたく。	
5230	dialog	1	31	15	ドラゴンの加護があったのだろう	
5231	ui	1	27	13	ドラゴンの姿が刻まれた紋章	
5232	dialog	1	31	15	ドラゴンの封印を破ろうとしてな	
5233	dialog	1	19	9	ドラゴンの少年よ…	
5234	dialog	1	41	18	ドラゴンの形態は、大きく5つの\n<03>\nタイプ<03>	
5235	dialog	1	33	16	ドラゴンの戦場に人をやるなんてよ	
5236	ui	1	17	8	ドラゴンの戦闘力	
5237	ui	1	15	7	ドラゴンの捕獲	
5238	dialog	1	39	17	ドラゴンの特殊行動である\n<03>\nバーサーク<03>	
5239	ui	1	196	95	ドラゴンの異端児である我が友は、\nその誕生もまた異端であった。\n我が友は、クーリアの変種として生を\n受け、私の庇護のもとで育った。\nそして、塔のひとつと遭遇したとき、\n突如ドラゴンの力に目覚めたのだ。	
5240	ui	1	15	7	ドラゴンの誕生	
5241	dialog	1	47	21	ドラゴンの通常攻撃である\n<03>\nホーミングレーザー<03>	
5242	dialog	1	31	15	ドラゴンの降臨を予言するとは…	
5243	ui	1	159	76	ドラゴンは、\n人のほかに神が創造した\nただひとつのものであり、\n争いのけがれを受けなかった\nただひとつのものであり、\n神が打ち捨てなかった\nただひとつのものである。	
5244	ui	1	153	74	ドラゴンは、救いの手であり、\nまた、さばきの目である。\nドラゴンは、よき人を助けるために、\nまた、人の争いを絶つために、\n人の世の上を飛び、その力をふるう。	
5245	dialog	1	49	22	ドラゴンはガリル砂漠での戦いで\n<03>\nタイプセレクト<03>	
5246	dialog	1	21	10	ドラゴンは神の使者だ	
5247	movie	1	37	18	ドラゴンは神様の使いって事になってる	
5248	dialog	1	13	6	ドラゴンも、	
5249	dialog	1	37	18	ドラゴンもいるんだし、なんとかなるさ	
5250	movie	1	29	14	ドラゴンもそれを望んでるし…	
5251	dialog	1	37	18	ドラゴンも目的を失って機能解除される	
5252	movie	1	37	18	ドラゴンをコントロールできるのなら、	
5253	dialog	1	35	17	ドラゴンを尋われるわけにはいかん…	
5254	movie	1	27	13	ドラゴンを手に入れた人間を	
5255	dialog	1	21	10	ドラゴン乗りなのにさ	
5256	ui	1	23	11	ドラゴン乗りの日記・1	
5257	ui	1	23	11	ドラゴン乗りの日記・2	
5258	ui	1	23	11	ドラゴン乗りの日記・3	
5259	dialog	1	31	15	ドラゴン型攻性生物、高速接近中	
5260	dialog	1	25	12	ドラゴン型攻性生物を確認	
5261	ui	1	21	10	ドラゴン移動時操作系	
5262	dialog	1	37	18	ドラゴン襲来、わが艦隊…か、壊滅！？	
5263	ui	1	21	10	ドラゴン遣跡の鍵入手	
5264	movie	1	13	6	ドラゴン！？	
5265	dialog	1	11	5	ドローン…	
5266	ui	1	15	7	ドローンの機能	
5267	dialog	1	29	14	ドローンの生地でもあるからだ	
5268	ui	1	31	15	ドローン自律構造体に関する記録	
5269	dialog	1	13	6	ドームゲート	
5270	dialog	1	39	19	ドームゲートキーはたぶんその坂の途中だ	
5271	ui	1	9	4	ナウパダ	
5272	dialog	1	21	10	ナウパダ＆タルバーニ	
5273	dialog	1	21	11	ナシ\n<0A><!83>)や<!E6>や<!96>や<!86>ュぬ<!DE>。ン<!F0>ャ<0B>	
5274	dialog	1	21	10	ナシ\n<0A><!83><!D4>や<!E6>や<!96>や<!86>ュぬ<!DE>。ン<!F0>ャ<0B>	
5275	dialog	1	21	11	ナシ\n<0A><!84>メや<!E6>や<!96>や<!86>ュぬ<!DE>。ン<!F0>ャ<0B>	
5276	dialog	1	21	11	ナシ\n<0A><!8B>へや<!E6>や<!96>や<!86>ュぬ<!DE>。ン<!F0>ャ<0B>	
5277	dialog	1	21	10	ナシ\n<0A><!94><!D4>や<!E6>や<!96>や<!86>ュぬ<!DE>。ン<!F0>ャ<0B>	
5278	dialog	1	21	10	ナシ\n<0A><!A6><!94>や<!E6>や<!96>や<!86>ュぬ<!DE>。ン<!F0>ャ<0B>	
5279	dialog	1	21	10	ナシ\n<0A><!AF><!E4>や<!E6>や<!96>や<!86>ュぬ<!DE>。ン<!F0>ャ<0B>	
5280	dialog	1	21	10	ナシ\n<0A><!BA><08>や<!E6>や<!96>や<!86>ュぬ<!DE>。ン<!F0>ャ<0B>	
5281	dialog	1	21	11	ナシ\n<0A><!C4>ホや<!E6>や<!96>や<!86>ュぬ<!DE>。ン<!F0>ャ<0B>	
5282	dialog	1	21	10	ナシ\n<0A><!CD><!C0>や<!E6>や<!96>や<!86>ュぬ<!DE>。ン<!F0>ャ<0B>	
5283	dialog	1	21	10	ナシ\n<0A><!D2><!94>や<!E6>や<!96>や<!86>ュぬ<!DE>。ン<!F0>ャ<0B>	
5284	dialog	1	21	10	ナシ\n<0A><!DD><!F0>や<!E6>や<!96>や<!86>ュぬ<!DE>。ン<!F0>ャ<0B>	
5285	dialog	1	21	11	ナシ\n<0A><!DE>カや<!E6>や<!96>や<!86>ュぬ<!DE>。ン<!F0>ャ<0B>	
5286	dialog	1	21	10	ナシ\n<0A><!E9><!84>や<!E6>や<!96>や<!86>ュぬ<!DE>。ン<!F0>ャ<0B>	
5287	dialog	1	21	10	ナシ\n<0A><!F2><!AC>や<!E6>や<!96>や<!86>ュぬ<!DE>。ン<!F0>ャ<0B>	
5288	dialog	1	21	11	ナシ\n<0A><!FC>？や<!E6>や<!96>や<!86>ュぬ<!DE>。ン<!F0>ャ<0B>	
5289	dialog	1	21	11	ナシ\n<0A>ム<!98>や<!E6>や<!96>や<!86>ュぬ<!DE>。ン<!F0>ャ<0B>	
5290	dialog	1	21	11	ナシ\n<0A>ラ<!B4>や<!E6>や<!96>や<!86>ュぬ<!DE>。ン<!F0>ャ<0B>	
5291	dialog	1	21	11	ナシ\n<0A>ル<1C>や<!E6>や<!96>や<!86>ュぬ<!DE>。ン<!F0>ャ<0B>	
5292	dialog	1	21	10	ナシ\n<0B><!B3><04>や<!E6>や<!96>や<!86>ュぬ<!DE>。ン<!F0>ャ<0B>	
5293	dialog	1	21	10	ナシ\n<0B><!C4><!84>や<!E6>や<!96>や<!86>ュぬ<!DE>。ン<!F0>ャ<0B>	
5294	dialog	1	21	12	ナシ\n<0B>、ョや<!E6>や<!96>や<!86>ュぬ<!DE>。ン<!F0>ャ<0B>	
5295	dialog	1	21	11	ナシ\n<0B>や<!E4>や<!E6>や<!96>や<!86>ュぬ<!DE>。ン<!F0>ャ<0B>	
5296	dialog	1	21	12	ナシ\n<0B>るホや<!E6>や<!96>や<!86>ュぬ<!DE>。ン<!F0>ャ<0B>	
5297	dialog	1	21	11	ナシ\n<0B>ィ<!B4>や<!E6>や<!96>や<!86>ュぬ<!DE>。ン<!F0>ャ<0B>	
5298	dialog	1	21	12	ナシ\n<0B>サセや<!E6>や<!96>や<!86>ュぬ<!DE>。ン<!F0>ャ<0B>	
5299	dialog	1	7	3	ハイガ	
5300	ui	1	19	9	ハイガ(完全形態)	
5301	ui	1	15	7	ハイガ(幼生)	
5302	ui	1	19	9	ハイガ(機動形態)	
5303	ui	1	19	9	ハイガ(防御形態)	
5304	dialog	1	11	5	ハイシュ？	
5305	dialog	1	29	14	ハンターから買う物はないよ！	
5306	dialog	1	31	15	ハンターがいないと心細いかい？	
5307	dialog	1	39	19	ハンターとして死ねれば、それでいいのだ	
5308	dialog	1	21	10	ハンターのお守りです	
5309	dialog	1	37	18	ハンターのエッジってのは、おまえか？	
5310	dialog	1	35	17	ハンターの仕事は、いつも命がけだ…	
5311	dialog	1	39	19	ハンターの戦いに、意味はあると思うか？	
5312	dialog	1	29	14	ハンターの爺さん、喜んでたろ	
5313	dialog	1	29	14	ハンターの誇りがある限りはな	
5314	dialog	1	35	17	ハンターの誇りってもんがねえのか？	
5315	dialog	1	33	16	ハンターみたいな感じだったけど…	
5316	dialog	1	37	18	ハンター一人っきりってのは、心細いね	
5317	dialog	1	37	18	ハンター風情が、いいご身分じゃないか	
5318	dialog	1	35	17	バイカの家内のコウです、よろしくね	
5319	dialog	1	33	16	バイマンが通行証を出したようだな	
5320	dialog	1	15	7	バイマンさん…	
5321	dialog	1	35	17	バイマンさんから、君の事は聞いたよ	
5322	dialog	1	35	17	バイマンさんがおっしゃってましたよ	
5323	dialog	1	33	16	バイマンさんが予言なさったんだよ	
5324	dialog	1	31	15	バイマンさんのお宅は、ええと…	
5325	dialog	1	37	18	バイマンさんの家は、教会の裏だってよ	
5326	dialog	1	39	19	バイマンさんは、前の司祭とは違うからな	
5327	dialog	1	31	15	バイマンの…新しい司祭の提案だ	
5328	dialog	1	35	17	バイマンの奴め、何を考えておるのだ	
5329	dialog	1	33	16	バイマンも同じ事を言っていたな…	
5330	ui	1	19	9	バインド状態を治す	
5331	movie	1	13	6	バカ、無茶だ	
5332	dialog	1	15	7	バカな子だね…	
5333	dialog	1	13	6	バカ者めが…	
5334	dialog	1	39	19	バラした獲物は、バイカにも回しておいた	
5335	dialog	1	19	9	バリアが解けてる！	
5336	ui	1	25	12	バリアントウィング心技型	
5337	ui	1	25	12	バリアントウィング攻撃型	
5338	ui	1	25	12	バリアントウィング標準型	
5339	ui	1	25	12	バリアントウィング機動型	
5340	ui	1	25	12	バリアントウィング防御型	
5341	dialog	1	11	5	バーサーク	
5342	dialog	1	95	46	バーサークには6つの系統がある。\nレベルアップで覚えるものが4系統\nその他が2系統に分けられる。	
5343	dialog	1	17	8	バーサークの系統	
5344	dialog	1	19	9	バーサークレーザー	
5345	dialog	1	15	7	パイロンルーム	
5346	slot	1	25	8	パイロンルーム1	
5347	slot	1	25	8	パイロンルーム2	
5348	dialog	1	17	8	パイロンルーム3	
5349	dialog	1	29	14	パエット、俺にも手伝わせてよ	
5350	dialog	1	37	18	パエットさんなら、機械置き場だろうな	
5351	dialog	1	35	17	パエットさんは、街の外に行ってるよ	
5352	dialog	1	25	12	パエットとベゼルだけどよ	
5353	dialog	1	37	18	パエットと一緒にこの船で脱出した時…	
5354	dialog	1	37	18	パエットなら、街の外に行っちまったぜ	
5355	dialog	1	25	12	パエットには悪いけどさ…	
5356	dialog	1	27	13	パエットに会ったんだって？	
5357	dialog	1	35	17	パエットに用？ 今は神聖区にいるよ	
5358	ui	1	50	24	パエットに頼まれて入手した\n空中船の部品らしきもの	
5359	ui	1	58	28	パエットに頼まれて入手した部品\n実際はただのガラクタだった	
5360	dialog	1	35	17	パエットの奴、まいってなかったか？	
5361	dialog	1	33	16	パエットの奴に紹介してもらってよ	
5362	dialog	1	23	11	パエットの知り合いか？	
5363	dialog	1	37	18	パエットの親父が、予言をしたんだとよ	
5364	dialog	1	33	16	パエットの親父が選ばれたらしいぜ	
5365	dialog	1	39	19	パエットの親父の予言が当たるとはなあ…	
5366	dialog	1	37	18	パエットも呆れちまったんじゃねえか？	
5367	dialog	1	39	19	パエット達は、空中船で脱出したらしいぜ	
5368	ui	1	25	12	パンツァーウィング心技型	
5369	ui	1	25	12	パンツァーウィング攻撃型	
5370	ui	1	25	12	パンツァーウィング標準型	
5371	ui	1	25	12	パンツァーウィング機動型	
5372	ui	1	25	12	パンツァーウィング防御型	
5373	ui	1	17	8	パンドラボックス	
5374	dialog	1	29	14	ファイナルガードプロテクトの	
5375	ui	1	19	9	ファイル読み込み中	
5376	dialog	1	106	51	フィールド上では制限無く\nタイプセレクトを行うことができ、\n戦闘中でのタイプセレクトは\n1ゲージを消費する。	
5377	dialog	1	35	17	フェイなら、エンカクの看病してるよ	
5378	ui	1	7	3	フォス	
5379	ui	1	182	88	フネの中心には、力を使い果たして\n眠るラギの姿があった。\n石のように冷たく固まってはいたが、\n彼の命の灯は消えていないことを\n儀は知っている。儀の胸の中にある\n何かが、そう教えてくれる。	
5380	ui	1	11	5	フリーター	
5381	dialog	1	29	14	ブースター安定、順調に加速中	
5382	dialog	1	23	11	ブースター点火準備完了	
5383	dialog	1	31	15	プラントへの侵入を許可します…	
5384	ui	1	27	13	プレイヤーのマップ上の位置	
5385	ui	1	35	17	プレイヤーのマップ上の位置(保存)	
5386	dialog	1	17	8	プレートオープン	
5387	dialog	1	17	8	プレートクローズ	
5388	dialog	1	39	19	プロテクトキー1の入力を確認しました…	
5389	ui	1	21	10	プロテクトキー1入手	
5390	dialog	1	39	19	プロテクトキー2の入力を確認しました…	
5391	ui	1	21	10	プロテクトキー2入手	
5392	dialog	1	39	19	プロテクトキー3の入力を確認しました…	
5393	ui	1	21	10	プロテクトキー3入手	
5394	dialog	1	33	16	プロテクト開錠の際には注意せよ…	
5395	ui	1	9	4	プーキオ	
5396	dialog	1	29	14	プーキオに呼ばれて来るのは？	
5397	dialog	1	17	8	プーキオ＆トゥプ	
5398	dialog	1	37	18	ベゼルの奴、その船で街を出るんだとよ	
5399	movie	1	9	4	ベッド？	
5400	ui	1	15	7	ベースウィング	
5401	ui	1	17	8	ペイン状態を治す	
5402	dialog	1	19	9	ホーミングレーザー	
5403	dialog	1	29	14	ボアズが、そう言ってたとな！	
5404	ui	1	19	9	ポイズン状態を治す	
5405	movie	1	35	17	ポイント確認…シェルクーフを起動…	
5406	dialog	1	37	18	マサーンが、空の守りを固めているのだ	
5407	dialog	1	6	3	マシさ	
5408	ui	1	27	13	マップを表示       	
5409	dialog	1	7	3	マヒ中	
5410	ui	1	21	10	ミシュティ(上位体)	
5411	dialog	1	35	17	ムダ死ににはならないと思うんだよな	
5412	dialog	1	35	17	メッカニア熱にかかっちまってねえ…	
5413	dialog	1	27	13	メッカニア熱にやられたんだ	
5414	ui	1	166	80	メッカニア軍との戦闘によって\nシェルクーフの追跡が中断、位置が\n不明となったため、捕獲部隊は\nシェルクーフの予測飛行コース上の\n森林地帯に戦力を展開、監視体勢を\n整えた。	
5415	ui	1	192	93	メッカニア連邦からの使者が、\n成長したクーリアを買い取りに来る。\n儀のガドに高値がついたらしく、\n今日の食事はいつもより多かった。\nでも、殺された変種の子の後始末を\nしたので、食べる気になれない。	
5416	dialog	1	9	4	メリソナ	
5417	dialog	1	17	8	メル=カヴァ…？	
5418	ui	1	188	90	メル=カヴァで戦った。\nこれまでに出会った、どの\n攻性生物よりもすばやい。\n後方が弱点だが、なかなか\n狙い撃つことができない。\n相手の動きを追うよりも、\n敵が前に来る一瞬を狙う\n方がいいだろう。	
5419	ui	1	38	18	メル=カヴァに関する\nパエットの研究書	
5420	ui	1	131	63	メル=カヴァの内部で、\nバリスタを守るバリアを制御していた装置。\n中心部にある弱点は、\nレーザーを吸収する盾と\n装甲で防御されていた。	
5421	ui	1	136	65	メル=カヴァの内部通路を\n守っている。正面に強力な\n光の矢を撃ってくるが、\n通路いっぱいに広がって\nいるので、左右によける\nことができない。	
5422	ui	1	217	105	メル=カヴァの各部からは、光の\n粒子が吹き出している。俺が飛ばした\n記録機械の端末は、この粒子に\n触れたとたん破壊されてしまった。\nたとえドラゴンでも、粒子の流れに\nまともにぶつかれば、吹き飛ばされて\nしまうにちがいない。	
5423	ui	1	23	11	メル=カヴァの破壊方法	
5424	ui	1	190	91	メル=カヴァの船底に格納\nされている砲台。3方向へ\n攻撃をしてくるうえ、\n強力なバリアで守られて\nいるので、こちらの攻撃が\n届かない。バリアを何とか\nしない限り、正面から戦う\nのは、かなり危険だ。	
5425	dialog	1	39	19	メル=カヴァの資料だ、絶対に役に立つぜ	
5426	dialog	1	37	18	メル=カヴァの資料だ、絶対役に立つぜ	
5427	ui	1	19	9	メル=カヴァクリア	
5428	ui	1	31	15	メル=カヴァボス戦(AD＃3)	
5429	ui	1	21	10	メル=カヴァ中ボス戦	
5430	ui	1	19	9	メル=カヴァ研究書	
5431	ui	1	19	9	メル=カヴァ進入可	
5432	dialog	1	25	12	ヤエルに頼まれちまってよ	
5433	dialog	1	32	16	ュが言ってたのって、あの子の事？	
5434	dialog	1	32	16	ュは、そこを攻めるつもりなのか…	
5435	dialog	1	4	2	ョ<03>ヨ	
5436	dialog	1	14	7	ョもあるからな	
5437	dialog	1	15	14	ョミヌフメトな」ミミヘミにに	
5438	dialog	1	33	16	ヨタ話が生きがいだからね、あいつ	
5439	ui	1	15	7	ライトウィング	
5440	dialog	1	35	17	ラウルから、昔の話を聞いたらしいな	
5441	ui	1	158	76	ラギが儀のもとを去ったという事実も\nあの幻ほどには心を動かさない。\n別れの一瞬、儀は、ラギが秘めている\n秘密を託されたのだ。\n \n彼と、そして世界の誕生の秘密を。	
5442	ui	1	217	105	ラギの姿も、何度も変身するうちに\nすっかり変わってしまった。光の矢の\n威力も格段に上がった。まさに伝説の\nドラゴンそのものだ。\nでも、心だけは、昔のままのラギだと\n信じたい。ラギだけが、ただひとつ\n儀に残されたものだから。	
5443	ui	1	217	105	ラギの成長は、驚くほど早い。一歳の\n誕生日を迎えるころには、すっかり\n大人になっているだろう。\nはばたく力も上がっている。運動の\nために走らせていたら、一瞬だけど\n体が浮かんだ。この分だと、本当に\n空を飛べるかもしれない！	
5444	ui	1	9	4	ラギ牧場	
5445	dialog	1	26	13	ラコラ、攻撃力が強いのは？	
5446	dialog	1	23	11	ラドガムのじゃねえか！	
5447	ui	1	30	14	ランプの油\n店で売れば金になる	
5448	dialog	1	25	12	ラーダの手術の腕は確かだ	
5449	dialog	1	15	7	リミッター開放	
5450	dialog	1	11	5	リューリア	
5451	dialog	1	9	4	リューヴ	
5452	dialog	1	15	7	リーダーを倒す	
5453	dialog	1	4	2	ルを	
5454	movie	1	23	11	ルーアは知ってるのか？	
5455	dialog	1	25	12	レベル1まで解除します…	
5456	dialog	1	25	12	レベル2まで解除します…	
5457	dialog	1	42	20	レベルアップによって\n覚えることができる。	
5458	dialog	1	121	58	レベルアップの際\nバーサークを覚えることがある。\nバーサークには系統があり\nタイプセレクトでの調整が\n覚えやすさに関係する。	
5459	ui	1	21	10	レーザーの攻撃力上昇	
5460	dialog	1	108	52	レーザーは、ドラゴンに近い敵から\n順に命中していく。\n狙って撃つことはできないが\nエッジの銃よりも威力は高い。	
5461	dialog	1	17	8	レーザーをよける	
5462	ui	1	36	16	レーザー力上昇 攻撃型 <03><01>3ゲージ<03>	
5463	dialog	1	125	60	レーダー内の赤い方向は\nダメージの大きい攻撃や\nステータス異常攻撃など\n危険度の高い攻撃が行われる\n方向であることを示している。	
5464	dialog	1	26	12	ロ<01>(   ！！！   )	
5465	dialog	1	21	10	ロックされているわ…	
5466	dialog	1	15	7	ロンギヌスの槍	
5467	dialog	1	33	16	ローダ、お友だちほしいのになあ…	
5468	dialog	1	29	14	ローダには近づかんでもらおう	
5469	dialog	1	13	6	ロードします	
5470	dialog	1	14	7	ワの聖堂にある	
5471	dialog	1	29	14	ワシと、あとひとりを除いてな	
5472	dialog	1	35	17	ワシには、皆の安全を守る義務がある	
5473	dialog	1	29	14	ワシの息子が死んでしまった…	
5474	dialog	1	17	8	ワシも、もう年だ	
5475	dialog	1	35	17	ワシらの希望は灰になってしまった…	
5476	dialog	1	33	16	ワシらの目的地は消えてしまった…	
5477	dialog	1	39	19	ワシらも、あんたの事情には□をはさまん	
5478	dialog	1	7	3	ワーム	
5479	dialog	1	11	5	ワーム…？	
5480	dialog	1	37	18	ワームが作ってくれる、地下の通り道さ	
5481	dialog	1	19	9	ワームだけは別だな	
5482	dialog	1	37	18	ワームとじゃれてないで先を急ごうぜ！	
5483	dialog	1	27	13	ワームの幼生を助けるのか？	
5484	dialog	1	33	16	ワームの抜け穴、オアシスの水脈…	
5485	dialog	1	15	7	ワームの隠れ穴	
5486	dialog	1	19	9	ワーム親子の隠れ穴	
5487	ui	1	21	10	ワールドマップに移動	
5488	ui	1	29	14	ワールドマップに移動できない	
5489	dialog	1	29	14	ワールドレコードをクリアする	
5490	dialog	1	8	4	ワ路東□	
5491	dialog	1	4	2	ヲ<03>ホ	
5492	dialog	1	4	2	ヲ<05>レ	
5493	dialog	1	20	10	ンの、なりそこない…	
5494	dialog	1	6	3	ンの話	
5495	dialog	1	8	4	ン乗り！	
5496	ui	1	146	70	ヴァルナ級空中戦艦の\n標準型。帝国領の外へ遠征\nするため、攻性生物をマヒ\nさせる特殊な弾薬を積んで\nいる。これを使われると、\n戦闘が長びくので不利だ。	
5497	dialog	1	35	17	ヴェラトの村の生き残りに会ったら…	
5498	dialog	1	39	19	ヴェラトの生き残りって人、見つかったよ	
5499	ui	1	21	10	ヴェロキタ(中軸体)	
5500	ui	1	21	10	ヴェロクス(中軸体)	
5501	dialog	1	21	10	ヴェロクスの特徴は？	
5502	dialog	1	23	11	ヴェロクス＆ヴェロキタ	
5503	dialog	1	31	15	ヴリトラの力、試させてもらうぞ	
5504	ui	1	185	89	・1号基…外周部15階東側\n・2号基…外周部14階西側\n・3号基…外周部7階西側\n・4号基…外周部4階東側\n・5号基…外周部3階西側\n・6号基…外周部3階北側\n    (階下からのみ進入可)	
5505	dialog	1	21	14	・<03><09>\n<05>ョ<12><01>イス・アスゆゆわもョ。ォ	
5506	dialog	1	10	5	・んでみな	
5507	dialog	1	135	65	・基本性能の調整\n・成長その1〜基本性能の上昇\n・成長その2〜バーサーク獲得\n・タイプ専用その1〜3ゲージ技\n・タイプ専用その2〜特殊能力	
5508	dialog	1	2	1	ー	
5509	ui	1	10	3	ー<04>に<08>な<04><02><08><01>	
5510	dialog	1	19	14	ー<0F><09><04>中イスキースりゆよもョ。ォ	
5511	dialog	1	13	11	ーァー＋ュォ＋もォ。＋	
5512	movie	1	31	15	一人で戦って勝てる相手ではない	
5513	ui	1	13	6	一人用テント	
5514	dialog	1	27	13	一体、どういうことなんだ？	
5515	dialog	1	17	8	一体、何がだよ？	
5516	dialog	1	23	11	一体、何者なんだろうな	
5517	movie	1	15	7	一体どこが！！	
5518	dialog	1	37	18	一刻も早く、なんとかしてもらわんとな	
5519	dialog	1	35	17	一度、ドラゴンに乗せてくれないか？	
5520	dialog	1	31	15	一度同調すると、伝わってくるの	
5521	dialog	1	15	7	一度道を下ると	
5522	dialog	1	29	14	一応、この前のお礼のつもりよ	
5523	dialog	1	23	11	一応、神聖区民だけど…	
5524	dialog	1	39	19	一族の血を絶やすわけにはいかないんだよ	
5525	movie	1	23	11	一時休戦…ってことか？	
5526	dialog	1	37	18	一段下がったところが、機械置き場だよ	
5527	dialog	1	37	18	一段下がったところが、機械置き場です	
5528	movie	1	17	8	一緒に来ないか？	
5529	dialog	1	29	14	上がってこれないかもしれない	
5530	dialog	1	31	15	上のフロアと縦につながっている	
5531	dialog	1	21	10	上へ向って飛びたまえ	
5532	dialog	1	29	14	上層部に出て、敵の本隊を叩け	
5533	dialog	1	21	10	上昇した！すごいな…	
5534	dialog	1	20	8	上空への<03>\n転送装置<03>	
5535	dialog	1	37	18	上空を飛べば、必ず道を阻まれるだろう	
5536	dialog	1	11	5	下降した！	
5537	dialog	1	17	8	与えられた使命を	
5538	dialog	1	37	18	与えられた使命を守り続けることこそが	
5539	dialog	1	35	17	世界は、旧世紀の意志から開放される	
5540	ui	1	153	74	世界をいまの形に定めているのは、\n『塔』と呼ばれる遣跡群である。\n各地に建造された塔は、旧世紀の\n世界管理の要として、攻性生物による\n死の裁きを司っている。	
5541	movie	1	27	13	世界を人の手に返そうとした	
5542	movie	1	31	15	世界を再び人の手に戻せるのは、	
5543	movie	1	27	13	世界を破滅から守るためのね	
5544	movie	1	27	13	世界を護る存在がいるんなら	
5545	dialog	1	35	17	世界管理の意志を無に還す鍵だという	
5546	movie	1	35	17	世間には、ただの盗掘者集団みたいに	
5547	dialog	1	33	16	両側の攻性生物が直接エネルギーを	
5548	movie	1	27	13	両者の長い戦いの時が過ぎて	
5549	movie	1	23	11	中から現われやがった！	
5550	movie	1	29	14	中身はさっきまで戦ってた彼ら	
5551	ui	1	203	98	中間層には、外周部の構造を変える\n回転機構が存在する。\nこれを作動させると、外周部8階と\n9階が一部つなぎ変わり、移動可能な\n範囲が変化する。\n9階から8階、8階から6階に\n移る際には重要な場所となるだろう。	
5552	ui	1	17	8	中間層の回転機構	
5553	dialog	1	25	12	主砲、充填完了しました！	
5554	dialog	1	17	8	主砲、充填急げ！	
5555	dialog	1	15	7	主砲、発射準備	
5556	dialog	1	19	9	主砲、続けていくぞ	
5557	dialog	1	17	8	主砲はまだか！？	
5558	dialog	1	35	17	主砲を除く各部、出力開放、いけます	
5559	dialog	1	29	14	主砲旋回急げ、日が暮れるぞ！	
5560	dialog	1	11	5	主翼部投来	
5561	dialog	1	35	17	乗ってた男の子は死んじまったけど…	
5562	movie	1	21	10	乗れって…言うのか？	
5563	dialog	1	23	11	了解、これより交戦する	
5564	dialog	1	17	8	了解、健闘を祈る	
5565	slot	1	31	15	二度とその巣は使わねえんだとさ	
5566	dialog	1	31	15	二股に分かれた橋があっただろ？	
5567	dialog	1	21	10	亡くなったんですか…	
5568	movie	1	17	8	人々を歓喜させた	
5569	dialog	1	31	15	人が増えないようにしてるのか…	
5570	movie	1	5	2	人だ	
5571	dialog	1	19	9	人によって造られ、	
5572	dialog	1	33	16	人の似姿に造ったりしたのかしら…	
5573	dialog	1	37	18	人の姿を与えられた、旧世紀の創造物だ	
5574	dialog	1	39	19	人の手によって作り出された生き物…！？	
5575	dialog	1	19	9	人を…探してるんだ	
5576	dialog	1	39	19	人前で乗り回してると、色々めんどうだぜ	
5577	movie	1	33	16	人手はいくらあっても足りないんだ	
5578	dialog	1	35	17	人死にが出たのを、気にしたのかねえ	
5579	movie	1	35	17	人為的な手が加えられた跡があると…	
5580	ui	1	15	7	人移動時操作系	
5581	dialog	1	25	12	人見知りが激しい娘でね…	
5582	dialog	1	39	19	人間が、神様みたいな力を持ってた時代さ	
5583	dialog	1	35	17	人間が触れるべきじゃないってことさ	
5584	dialog	1	27	13	人間だって、生まれた時から	
5585	movie	1	27	13	人間の扱う物ではないのだ…	
5586	dialog	1	33	16	人間ふたりぐらい、軽いもんだろ？	
5587	dialog	1	29	14	人間らしいわけじゃないんだ…	
5588	movie	1	35	17	人間以外の誰かがコントロールせねば	
5589	movie	1	33	16	人類が生き続ける環境を作ること…	
5590	movie	1	19	9	人類の生存を斉かす	
5591	movie	1	35	17	人類を滅亡から守るためのものなのだ	
5592	movie	1	13	6	仇討ち、か…	
5593	dialog	1	38	18	今あるデータは消えます。\nいいですか？	
5594	ui	1	25	12	今いる場所のマップを表示	
5595	dialog	1	33	16	今じゃ、世界中にはびこってやがる	
5596	dialog	1	25	12	今じゃ、何もかも湖の底よ	
5597	dialog	1	37	18	今じゃ、大陸のほとんどが帝国の領土さ	
5598	movie	1	33	16	今じゃ、帝国軍にまで追われてる…	
5599	movie	1	31	15	今だってろくなことなんてないさ	
5600	dialog	1	37	18	今でも、この世界を縛り続けているのだ	
5601	dialog	1	11	5	今ならまだ	
5602	dialog	1	13	6	今ならまだ、	
5603	dialog	1	29	14	今のうちにお礼を言っておくわ	
5604	dialog	1	31	15	今のが、この塔のガーディアン…	
5605	dialog	1	31	15	今のが、最後のガーディアンよ…	
5606	dialog	1	31	15	今のが警戒システムのセンサーよ	
5607	dialog	1	22	9	今のタイプは<03>\n心技型<03>	
5608	dialog	1	22	9	今のタイプは<03>\n攻撃型<03>	
5609	dialog	1	22	9	今のタイプは<03>\n標準型<03>	
5610	dialog	1	22	9	今のタイプは<03>\n機動型<03>	
5611	dialog	1	22	9	今のタイプは<03>\n防御型<03>	
5612	dialog	1	33	16	今のパートナーを信じたらどうだ？	
5613	dialog	1	31	15	今の一撃はかなり効いたみたいだ	
5614	dialog	1	35	17	今の君は、あのガーディアン達を見て	
5615	movie	1	35	17	今の奴は、敵味方の区別なく攻撃する	
5616	dialog	1	39	19	今は、次期司祭を決定する微妙な時期でな	
5617	dialog	1	39	19	今はエッジ、あなたを、信じているから…	
5618	movie	1	33	16	今は俺がそのシーカー達を束ねてる	
5619	dialog	1	27	13	今は君に期待するしかない…	
5620	dialog	1	29	14	今までの奴とは雰囲気が違う…	
5621	movie	1	33	16	今までは、こんなことはなかった…	
5622	dialog	1	35	17	今度、給金が下げられるらしいんです	
5623	dialog	1	35	17	今度の獲物を使って、こしらえたんだ	
5624	dialog	1	25	12	今度は、シーカーの客だぜ	
5625	dialog	1	39	19	今度は、バイマンさんが街を仕切るんだね	
5626	dialog	1	25	12	今度は何しに来たんだい？	
5627	dialog	1	17	8	今度は何なんだ？	
5628	dialog	1	33	16	今度は薬作りか…休むひまもないぜ	
5629	dialog	1	31	15	今後はおまえにまかせようと思う	
5630	dialog	1	37	18	今日のところは、これで引き取ってくれ	
5631	ui	1	193	93	今日のゆうがた やっとやつからの\nれんらくがとどいた。\nどうやら ていこくアカデミーは\nすごくあたまのいいやつしか \n入れないところらしい。\nやつは がっこうに入るほうが さき\nだろうといっていた。	
5632	ui	1	193	93	今日の出来事を、どう言棄にすれば\nいいのだろう。\nゲオルギウスに沈んだ旧世紀のフネ。\n例のドラゴンが、異形の姿となって\n挑んできた最後の戦い。\nそして、その戦いに勝った後に、\nラギが見せてくれた幻。	
5633	dialog	1	33	16	仕事を探してんなら、他をあたりな	
5634	dialog	1	31	15	他の仲間は、みんな死んじまった	
5635	dialog	1	39	19	他の創造物とつながり、操ることができる	
5636	slot	1	33	12	他の奴には黙っててくれよ	
5637	dialog	1	39	19	他の子は生まれてきちゃだめって言ったの	
5638	dialog	1	23	11	他の遣物に同調したんだ	
5639	ui	1	215	104	他種自律構造体との同調・制御。\n複雑かつ巨大な構造体と同調するには\nそれに比例して高度な思考レベルが\n必要となる。\nしかし、思考レベル80以上の個体の\n生産は、自我発生の可能性が極めて\n高いので、全面的に禁じられている。	
5640	movie	1	21	10	代わろうとするとはな	
5641	dialog	1	25	12	代金を払いに来たのかい？	
5642	dialog	1	95	45	以下の性能の上昇に関係する。\n・レーザーの基本威力\n・BPの最大値\n・HPの最大値\n・銃の基本威力	
5643	dialog	1	119	57	以下の性能を一時的に調整できる。\n・レーザーの威力\n・バーサークの威力＆消費BP\n・敵の攻撃によるダメージ\n・位置取り速度	
5644	dialog	1	115	55	以下の系統のバーサークに関係。\n・攻撃系統バーサーク\n・心技系統バーサーク\n・防御系統バーサーク\n・機動系統バーサーク	
5645	dialog	1	17	8	仲間を殺しすぎた	
5646	dialog	1	31	15	任務完遂のため捨て身でかかるぞ	
5647	dialog	1	25	12	位置取り1〜敵からの攻撃	
5648	dialog	1	23	11	位置取り2〜敵への攻撃	
5649	dialog	1	83	40	位置取りは、敵に対して\n方向ボタンで左方向か右方向に\n90度ずつ回り込むことで行う。	
5650	dialog	1	97	47	位置取りはゲージを消費しないので\n好きな時に行なうことができるが\n位置取り中はゲージが増加しない。	
5651	dialog	1	39	19	住民権をもらえるのは、まだまだ先ですね	
5652	dialog	1	37	18	体が弱いから、しょうがないんだけどさ	
5653	dialog	1	33	16	体を張って食いぶちを稼ぐなんて…	
5654	dialog	1	15	7	体力を回復する	
5655	dialog	1	11	5	体力回復液	
5656	dialog	1	23	11	何か、まずい事言った？	
5657	dialog	1	31	15	何かあったら、いつでも来てくれ	
5658	dialog	1	29	14	何かあるといけないからって…	
5659	dialog	1	37	18	何かいい品物があったら、見せてくれよ	
5660	dialog	1	13	6	何かいるぞ！	
5661	dialog	1	29	14	何かこしらえとるかもしれんぞ	
5662	dialog	1	74	35	何かの能力を上げると\n何かが下がるので\n状況に合わせて調整することが\n重要。	
5663	dialog	1	33	16	何かやらかすんなら、昼間にしとけ	
5664	dialog	1	112	54	何かを極端に強く育てることも\n全てを平均的に育てるも自由。\n自分のプレイスタイルに合うように\n育てることができる。	
5665	dialog	1	33	16	何かを残したくなる時が来るものだ	
5666	dialog	1	21	10	何か知ってるのか！？	
5667	dialog	1	27	13	何か起こんなきゃいいがな…	
5668	dialog	1	23	11	何か重要な目的のために	
5669	dialog	1	33	16	何か食べた方がいいんじゃないか？	
5670	dialog	1	21	10	何がうれしいってんだ	
5671	dialog	1	31	15	何がわかるってんだ、このガキ！	
5672	movie	1	15	7	何するつもりだ	
5673	dialog	1	19	9	何だか知らねえが…	
5674	dialog	1	33	16	何だここは…これが塔の中心部…？	
5675	dialog	1	13	6	何だこりゃ？	
5676	movie	1	11	5	何だって？	
5677	dialog	1	15	7	何だよ？ 急に	
5678	dialog	1	23	11	何だ！ 降ってきた！？	
5679	dialog	1	17	8	何だ？ こいつ…	
5680	dialog	1	21	10	何だ？ このスイッチ	
5681	movie	1	17	8	何でもないんだ…	
5682	dialog	1	31	15	何でも聞けって言ったじゃないか	
5683	dialog	1	37	18	何のために作られたのかは、誰も知らん	
5684	dialog	1	21	10	何の意味もないのに…	
5685	movie	1	7	3	何も…	
5686	movie	1	21	10	何もない、異状なしだ	
5687	dialog	1	35	17	何も知らずに、砂漠は越えられないぜ	
5688	movie	1	19	9	何も知らねえガキが	
5689	dialog	1	29	14	何より、抜け穴を作ってくれる	
5690	dialog	1	31	15	何をしたって、死ぬときは死ぬし	
5691	movie	1	19	9	何度でも再建できる	
5692	dialog	1	37	18	何度も見たよ…「透視板」の幻だけどな	
5693	dialog	1	17	8	何階だ？ ここ…	
5694	movie	1	7	3	何！？	
5695	dialog	1	23	11	何！？ そんなバカな…	
5696	dialog	1	23	11	何！？近くにいるのか？	
5697	movie	1	5	2	何？	
5698	dialog	1	139	67	余ったゲージ量はそのまま残る。\n1ゲージたまるごとに使うか\n複数ゲージためてから使うか\n状況に応じて使い分けることで\n戦いを有利に進められる。	
5699	dialog	1	39	19	作りかけもあるけど、だいたいはそうだな	
5700	dialog	1	19	9	作動を始めたはずだ	
5701	dialog	1	15	7	作動停止します	
5702	dialog	1	19	9	使用されていません	
5703	ui	1	19	9	使用する必要がない	
5704	dialog	1	87	42	例えば、現在ドラゴンのいる\n色がついていない方向に対しては\n危険度の低い攻撃が行われる。	
5705	dialog	1	116	56	例えば、自分の位置取り中にも\n敵のゲージは進行しているので、\n位置取りが終わったとたんに\n攻撃されてしまう場合がある。	
5706	movie	1	19	9	例のものを運び出す	
5707	dialog	1	15	7	例の弾薬を使え	
5708	dialog	1	21	10	例の薬が効いたようだ	
5709	movie	1	13	6	侵入者だ！！	
5710	dialog	1	19	9	侵入者の存在を確認	
5711	dialog	1	33	16	侵入者確認…ガーディアン作動開始	
5712	dialog	1	11	5	侵攻中だ…	
5713	movie	1	21	10	便乗して見に来たのさ	
5714	dialog	1	7	3	信号弾	
5715	dialog	1	23	11	信号弾射出地点付近です	
5716	dialog	1	35	17	信心が足りないと思われないようにね	
5717	dialog	1	5	2	修復	
5718	dialog	1	29	14	修復作業完了、問題ありません	
5719	dialog	1	37	18	俺…戦えない体になったらどうしよう…	
5720	dialog	1	35	17	俺、「探索兵」見習いのルーベンです	
5721	dialog	1	35	17	俺、あの船に乗って、外に出たいんだ	
5722	dialog	1	23	11	俺、まだ訓練中なんです	
5723	dialog	1	39	19	俺、シーカーの仲間に入ったばかりなんだ	
5724	dialog	1	19	9	俺、ベゼルってんだ	
5725	dialog	1	33	16	俺、ベゼルってんだ！ よろしく！	
5726	dialog	1	39	19	俺、初めて戦いに出る事になったんです！	
5727	dialog	1	33	16	俺、自分の力で生きていきたいんだ	
5728	movie	1	7	3	俺か？	
5729	dialog	1	13	6	俺が知るかよ	
5730	dialog	1	27	13	俺が礼を言うのも変だけど…	
5731	dialog	1	35	17	俺が驚くようなものを拾ってくるまで	
5732	dialog	1	37	18	俺たちは、俺たちのやるべき事をやる…	
5733	dialog	1	35	17	俺だって、いつもこうやってるんだぜ	
5734	movie	1	31	15	俺だって彼女が憎いわけじゃない	
5735	dialog	1	27	13	俺と一緒に逃げてきた奴だよ	
5736	dialog	1	33	16	俺には、例の記録機械があるからな	
5737	dialog	1	37	18	俺の仕事中には、めんどうを起こすなよ	
5738	dialog	1	31	15	俺の名はアルドーだ、覚えときな	
5739	dialog	1	29	14	俺の名はバイカだ、よろしくな	
5740	dialog	1	39	19	俺の名はベゼル…ゾアの司祭ダモンの孫さ	
5741	dialog	1	25	12	俺の村のある所だったんだ	
5742	dialog	1	31	15	俺の研究がシーカーの間に残れば	
5743	dialog	1	35	17	俺の研究って、一体何だったんだよ…	
5744	dialog	1	35	17	俺の計算じゃ、帝国にだって行けるぜ	
5745	dialog	1	27	13	俺は、あそこの出身だからよ	
5746	dialog	1	31	15	俺は、この街を捨てる気はねえよ	
5747	dialog	1	25	12	俺は、アルドーってもんだ	
5748	dialog	1	21	10	俺は、ヤレドってんだ	
5749	dialog	1	27	13	俺は、当分ここから出ねえよ	
5750	dialog	1	31	15	俺は、昼間はたいていここにいる	
5751	dialog	1	37	18	俺は、神聖区門番のアブネルってもんだ	
5752	dialog	1	35	17	俺は「探索兵」ペレツだ、よろしくな	
5753	dialog	1	23	11	俺は「調整士」ヤレドだ	
5754	movie	1	25	12	俺はこの辺りを調べてくる	
5755	movie	1	37	18	俺はこの里の人間を守らなきゃならない	
5756	dialog	1	39	19	俺はただ、頼まれて銃を修理しただけだぜ	
5757	dialog	1	31	15	俺はエフタってんだ、よろしくな	
5758	dialog	1	35	17	俺はシフレっていうんだ、よろしくな	
5759	movie	1	21	10	俺は他にやる事がある	
5760	dialog	1	31	15	俺は何年も門番をやっていますが	
5761	dialog	1	19	9	俺は最後まで残るよ	
5762	dialog	1	33	16	俺は村を出て、帝国の傭兵になった	
5763	dialog	1	37	18	俺は脱走して、村に知らせに行ったが…	
5764	dialog	1	31	15	俺みたいになりたくなけりゃあな	
5765	dialog	1	35	17	俺も、いろんな場所を旅してきたが…	
5766	dialog	1	31	15	俺も、おまえと同業だったんだぜ	
5767	dialog	1	31	15	俺も、何か残してみたくなってさ	
5768	dialog	1	35	17	俺も、神聖区のお役に立ちたいです…	
5769	dialog	1	23	11	俺もよく知らねえけど…	
5770	dialog	1	25	12	俺も前線で戦いたいなあ…	
5771	dialog	1	35	17	俺をごまかせるとでも思ってんのか！	
5772	dialog	1	17	8	俺を説得しろって	
5773	dialog	1	35	17	俺達が、ろくな物拾ってこねえからさ	
5774	movie	1	15	7	俺達がもう一度	
5775	movie	1	37	18	俺達が最初に会った渓谷があっただろう	
5776	dialog	1	39	19	俺達だけが、この街に逃げ込んだんだが…	
5777	dialog	1	37	18	俺達にとっちゃ、宝物庫みたいなもんさ	
5778	dialog	1	21	10	俺達にゃ縁のねえ所よ	
5779	dialog	1	19	9	俺達にゃ関係ねえよ	
5780	dialog	1	39	19	俺達の一族じゃ、男は必ずハンターになる	
5781	movie	1	21	10	俺達の手には負えん！	
5782	dialog	1	39	19	俺達は、わざわざ金で買わなきゃならねえ	
5783	dialog	1	21	10	俺達はそろそろ出るよ	
5784	movie	1	23	11	俺達は帝国軍に雇われて	
5785	dialog	1	39	19	俺達みたいなのを受け入れてくれるのかね	
5786	movie	1	19	9	俺達も例外じゃない	
5787	movie	1	17	8	俺達シーカーは、	
5788	ui	1	130	63	個体によって役割は多少異なるが、\n塔の機能は大きく2つに分けられる。\nすなわち、環境維持・再生機能と\n攻性生物生産・統括機能である。	
5789	dialog	1	21	10	倒した…危なかった…	
5790	ui	1	27	13	倒した敵のデータを表示  	
5791	dialog	1	37	18	倒せば昇進も間違いないぞ、攻撃開始！	
5792	ui	1	173	84	停滞した状況を打破したのは、辺境で\n入手された、情報保存系の発掘物で\nあった。それに記録されていた情報を\n分析した結果、塔はドラゴンと密接な\n関係にあることが判明したのである。	
5793	dialog	1	21	10	側方に火力を集中しろ	
5794	movie	1	33	16	傭兵とはいえ、帝国にいたんだろ？	
5795	movie	1	15	7	儀が塔へ行けば	
5796	dialog	1	27	13	儀だって、仲間を殺された…	
5797	movie	1	17	8	儀にどうしろと？	
5798	dialog	1	27	13	儀には、そんな事できないよ	
5799	dialog	1	31	15	儀には、まだやることがあるんだ	
5800	dialog	1	39	19	儀には、やらなくちゃいけないことがある	
5801	movie	1	37	18	儀にもわからない…だけどドラゴンって	
5802	movie	1	27	13	儀の事を覚えているのなら、	
5803	dialog	1	33	16	儀の腕で倒すことができるのか…？	
5804	movie	1	9	4	儀は…、	
5805	movie	1	13	6	儀は…エッジ	
5806	dialog	1	29	14	儀は…神の使いなんかじゃない	
5807	movie	1	27	13	儀は、あの発掘所にいたんだ	
5808	dialog	1	23	11	儀は、そうは思わない…	
5809	dialog	1	33	16	儀は、今の方が普通だと思うけどな	
5810	dialog	1	39	19	儀は、遣跡の発掘所を警備してたんだけど	
5811	movie	1	35	17	儀はまだおまえを許したわけじゃない	
5812	movie	1	23	11	儀はもう一度、塔に行く	
5813	dialog	1	29	14	儀は君と戦うつもりはない！！	
5814	movie	1	29	14	儀らがここで何を守ってるのか	
5815	dialog	1	35	17	儀らは、発掘所で一度会ってるんだよ	
5816	movie	1	25	12	儀らも襲われたんだって…	
5817	dialog	1	31	15	優しい人だって、わかったから…	
5818	dialog	1	39	19	元来、帝国の始祖はシーカーの一派だった	
5819	dialog	1	21	10	元気で結構じゃないか	
5820	dialog	1	5	2	充電	
5821	dialog	1	57	26	先の3つは微妙な調整に対応し\n後の2つは後述の「<03>\nタイプ<03>	
5822	dialog	1	23	11	先日はすみませんでした	
5823	dialog	1	19	9	先行入力と連続攻撃	
5824	dialog	1	80	38	先行入力は、\n・敵(自分)の位置取り中\n・敵(自分)の行動中\nに行うことができる。	
5825	dialog	1	116	56	先行入力をうまく利用すれば、\n時間のロスを減らせるだけでなく\n敵の先手を取りやすくなるので、\n戦いが非常に有利になる。	
5826	ui	1	9	4	光の粒子	
5827	dialog	1	101	47	光学耐性の敵には効果が弱い。\n光学耐性の敵に銃を向けると\n<03>\nANTI LASER\n(アンチ レーザー)<03>	
5828	dialog	1	11	5	光栄です！	
5829	dialog	1	11	5	光粒子充填	
5830	dialog	1	19	9	光粒子炉融合20％	
5831	dialog	1	19	9	光粒子炉融合50％	
5832	dialog	1	19	9	光粒子炉融合90％	
5833	dialog	1	33	16	入るのは楽でも、出るのはつらいぜ	
5834	dialog	1	37	18	全うするためだけに生き続けるものたち	
5835	movie	1	21	10	全てが仕組まれたのだ	
5836	slot	1	29	14	全ての塔は、一瞬で死に絶える	
5837	dialog	1	33	16	全ての塔をコントロールする場所だ	
5838	dialog	1	25	12	全ての塔を統べる魂の器…	
5839	movie	1	29	14	全てはこいつを破壊するためだ	
5840	movie	1	31	15	全てはこの世界を取り戻すためだ	
5841	movie	1	25	12	全ては今、私と共にある…	
5842	dialog	1	17	8	全てを回収し、…	
5843	movie	1	27	13	全てを手にしようとしている	
5844	ui	1	36	16	全てを焼きつくす大爆発 <03><01>2ゲージ<03>	
5845	movie	1	17	8	全て終わったんだ	
5846	ui	1	23	11	全ステータス異常を治す	
5847	ui	1	36	16	全ステータス異常を治す <03><01>1ゲージ<03>	
5848	ui	1	5	2	全幅	
5849	dialog	1	19	9	全滅したもようです	
5850	dialog	1	23	11	全艦、戦闘隊形を取れ！	
5851	ui	1	5	2	全長	
5852	ui	1	5	2	全高	
5853	dialog	1	7	3	共食い	
5854	dialog	1	37	18	兵隊相手ならいい商売になるぜ、きっと	
5855	dialog	1	13	6	具合はどう？	
5856	dialog	1	35	17	内乱があって、帝都が壊滅したとか…	
5857	dialog	1	27	13	内部の構造も少し変化してる	
5858	movie	1	25	12	再び、全てを始めるために	
5859	movie	1	25	12	再びわれらの時代が来たと	
5860	movie	1	21	10	再び時代は回り始めた	
5861	dialog	1	23	11	再充填に少しかかります	
5862	dialog	1	5	2	再生	
5863	movie	1	23	11	再生させるためのものだ	
5864	dialog	1	15	7	再生は夢の続き	
5865	dialog	1	15	7	再起動を急げ！	
5866	dialog	1	7	3	再配置	
5867	dialog	1	15	7	冗談じゃねえや	
5868	dialog	1	25	12	出□の右側にあるそうです	
5869	dialog	1	19	9	出□を探すのが先だ	
5870	dialog	1	27	13	出て行った…って、どこに？	
5871	movie	1	29	14	出られるならとっくに出てる…	
5872	dialog	1	19	9	出力が上がらない…	
5873	ui	1	36	16	出力が不安定なレーザー <03><01>2ゲージ<03>	
5874	dialog	1	17	8	出力上昇、発進！	
5875	dialog	1	29	14	出力低下、高度を保てません！	
5876	dialog	1	21	10	切りかえるスイッチよ	
5877	movie	1	9	4	初めてよ	
5878	dialog	1	27	13	初めて会った時の事は謝るよ	
5879	dialog	1	29	14	初めて名前を呼んでくれたのは	
5880	dialog	1	23	11	初めて見る攻性生物だな	
5881	dialog	1	27	13	初めて見る顔だね…旅の人？	
5882	dialog	1	25	12	別に、斉えることないだろ	
5883	dialog	1	21	10	別に、謝るこたねえよ	
5884	dialog	1	9	4	別に何も	
5885	dialog	1	25	12	別に好きで雇っとりゃせん	
5886	dialog	1	23	11	別に驚くにはあたらない	
5887	dialog	1	21	10	別の攻撃に切り替えろ	
5888	dialog	1	9	4	制圧射撃	
5889	dialog	1	37	18	前の司祭様の息子さん夫婦は、その時…	
5890	dialog	1	29	14	前は、もっと冷たい感じだった	
5891	ui	1	7	3	前左右	
5892	ui	1	7	3	前後右	
5893	ui	1	7	3	前後左	
5894	slot	1	23	2	前方	
5895	dialog	1	15	7	前方銃座、開け	
5896	dialog	1	23	11	副砲、充填完了しました	
5897	dialog	1	17	8	副砲、砲撃用意！	
5898	dialog	1	29	14	副砲の動力伝達に障害が発生！	
5899	dialog	1	29	14	副砲動力、復旧完了しました！	
5900	dialog	1	27	13	力が目覚めたから、わかるの	
5901	dialog	1	17	8	力が目覚める前…	
5902	dialog	1	27	13	力になってやろうじゃないか	
5903	dialog	1	17	8	力を与えすぎた…	
5904	dialog	1	5	2	加速	
5905	dialog	1	31	15	加速最終局面、噴進弾射出します	
5906	dialog	1	33	16	加速最終局面までブースターで滑走	
5907	dialog	1	19	9	加速準備できました	
5908	dialog	1	25	12	助かるときは助かるものよ	
5909	movie	1	15	7	助けてもいいぞ	
5910	dialog	1	25	12	助けてやりたかったねえ…	
5911	dialog	1	27	13	助けてやるんじゃなかったよ	
5912	movie	1	13	6	助けは呼んだ	
5913	dialog	1	25	12	動いてる奴なんか、特にね	
5914	dialog	1	29	14	動きがあったら本隊に知らせろ	
5915	movie	1	25	12	動きがあればわかるはずだ	
5916	dialog	1	39	19	動きが止まった！ エッジ、チャンスだ！	
5917	dialog	1	23	11	動作を切りかえればいい	
5918	dialog	1	9	4	動力復旧	
5919	ui	1	19	9	動力装置の停止方法	
5920	dialog	1	27	13	勝手に住み着いちまったのさ	
5921	dialog	1	27	13	勝手に居着いてもいいんだぜ	
5922	dialog	1	15	7	北奥部への出□	
5923	dialog	1	33	16	半分は、それが目当てだったからな	
5924	dialog	1	23	11	南部水没遣跡群への出□	
5925	dialog	1	37	18	危ない時は、それを使って逃げるんだな	
5926	dialog	1	31	15	危険な狩りもしなくてすむだろう	
5927	ui	1	9	4	卵(大)	
5928	ui	1	9	4	卵(小)	
5929	dialog	1	33	16	厄介事が片づいてからでいいからさ	
5930	ui	1	185	89	原初の夕べ、\n神は、人にかけたのぞみを捨てた。\n神は、人の世を去り、\n神の知恵もまた人の魂から去った。\n人の作ったすべてのものと、\n人の壊したすべてのものが、\n人自身とともに打ち捨てられた。	
5931	ui	1	119	57	原初の昼、\n人は、世界を創造した。\nいかなる人の道具より強い道具と、\nいかなる人の火より熱い火が、\n万象にかたちを与えた。	
5932	ui	1	173	83	原初の朝、\n神は、すべての人を創造した。\nみずからにかわって、\n世界を創造させるためである。\n弱き人にそれを可能ならしめるべく、\n神の持てる知恵は、\nことごとく人の魂に注がれた。	
5933	ui	1	84	40	原初の黄昏、\n人は、争いを始めた。\n闇を知らぬ人は、黄昏を恐れ、\n心乱して殺しあった。	
5934	ui	1	11	5	原初日の書	
5935	ui	1	185	89	原初日の終わり、\n神は、人を打ち捨てて世界を去った。\n人が互いに争い、\n神ののぞみからはずれたためである。\n以来、人はさばきを待つ身となり、\n死に至る道をよりよく歩むことが\nつとめとなった。	
5936	movie	1	35	17	原因となった、地下の遣跡の暴走には	
5937	dialog	1	29	14	去年と同じだけ払ってるのに…	
5938	dialog	1	31	15	友達に用事だって言ってたけど…	
5939	dialog	1	25	12	友達に用事だとか言ってよ	
5940	dialog	1	25	12	反応しているのかもしれん	
5941	dialog	1	13	6	収容…って…	
5942	dialog	1	37	18	取り引き中なんだ、邪魔しないでくれよ	
5943	movie	1	31	15	古の時代の謎に迫ろうとしていた	
5944	dialog	1	5	2	召喚	
5945	dialog	1	11	5	叱りつける	
5946	dialog	1	9	4	右腕マヒ	
5947	dialog	1	15	7	右舷に敵影確認	
5948	dialog	1	13	6	右舷動力停止	
5949	dialog	1	27	13	司祭になりたくねえのかな？	
5950	dialog	1	19	9	司祭の孫のベゼルさ	
5951	dialog	1	31	15	司祭をやめさせられたんだってね	
5952	dialog	1	21	10	司祭様にしかられるぜ	
5953	dialog	1	31	15	司祭様に対して、失礼じゃないか	
5954	dialog	1	29	14	司祭様に知られると困るんでな	
5955	dialog	1	19	9	司祭様のお孫さんね	
5956	dialog	1	37	18	司祭選出のために働いてくれたそうだな	
5957	dialog	1	119	57	各タイプには\n専用のバーサークが存在し、\nそのタイプでないと使用できない。\nゲージを3ゲージ消費するが\nBPは消費しない。	
5958	ui	1	17	8	各ドラゴンモデル	
5959	dialog	1	57	26	各バーサークは決まった量の\n<03>\nバーサークポイント(BP)<03>	
5960	dialog	1	39	19	各冥、帝国艦隊の力を思い知らせてやれ！	
5961	movie	1	27	13	各地に散らばる塔や遣跡は、	
5962	dialog	1	19	9	各機、哨戒を忌るな	
5963	dialog	1	29	14	各機、弾をしこたまくれてやれ	
5964	dialog	1	21	10	各機、聞いての通りだ	
5965	dialog	1	21	10	各機、遅れをとるな！	
5966	dialog	1	19	9	各機とも油断するな	
5967	ui	1	50	24	各種兵器の装甲に使用される甲皮\n店で売れば金になる	
5968	dialog	1	21	10	各艦、死ぬ気でかかれ	
5969	ui	1	27	13	各設定の変更       	
5970	dialog	1	39	19	各部に伝達、皇帝砲発射の衝撃に備えろ！	
5971	dialog	1	33	16	各銃座、対攻性生物弾に切り替えろ	
5972	dialog	1	41	20	各銃座、積み残しはなしだ！全弾ぶち込め！	
5973	dialog	1	29	14	各隊とも、とにかく時間を稼げ	
5974	dialog	1	17	8	各隊とも後に続け	
5975	dialog	1	23	11	各隊へ、攻撃を開始する	
5976	movie	1	7	3	同時刻	
5977	dialog	1	35	17	同様の発掘品に関する記録があるのだ	
5978	dialog	1	23	11	同調してて、私だけでは	
5979	dialog	1	17	8	同調って、何と？	
5980	dialog	1	31	15	名前くらいなら、入力されてるわ	
5981	dialog	1	13	6	名前をつける	
5982	movie	1	33	16	向こうから呼んでくれているようだ	
5983	dialog	1	33	16	君、ここをどこだと思ってるんだね	
5984	dialog	1	33	16	君、それをひとつ売ってくれないか	
5985	ui	1	203	98	君がこれを読んでいるということは、\n私の命を受けたシーカーたちが、\n正しきドラゴン乗りとして、君を\n見出したことを意味する。\n私もまた、君と同じくドラゴンと\n出会い、『塔』をめぐる戦いに身を\n投じた者である。	
5986	ui	1	170	82	君が乗るドラゴンは、我が友の魂を\n宿している。\nそれは、この世でただ1頭の、\n「塔を殺す」ドラゴンの魂である。\nゆえに、君は他のすべてのドラゴンを\n敵に回さなければならない。	
5987	dialog	1	27	13	君が情報を必要とする限りな	
5988	movie	1	19	9	君こそが『絶対の…	
5989	dialog	1	27	13	君だけでもドラゴンに乗って	
5990	dialog	1	35	17	君とドラゴンがいれば、街は安泰だよ	
5991	dialog	1	35	17	君には君の都合があるかもしれんが…	
5992	movie	1	29	14	君に会いに来たのはその事だ…	
5993	dialog	1	33	16	君に渡した書物にも書いてあるが…	
5994	movie	1	21	10	君に見せたい物がある	
5995	dialog	1	29	14	君に託されるべきものだからだ	
5996	dialog	1	21	10	君のおかげでもあるさ	
5997	dialog	1	39	19	君のドラゴンがセストレンを破壊した時…	
5998	dialog	1	39	19	君のドラゴンには、塔を破壊する力がある	
5999	dialog	1	39	19	君のドラゴンを指す言棄だとわかったのは	
6000	dialog	1	29	14	君は、あそこで生まれたんだね	
6001	dialog	1	23	11	君はなにがどうあっても	
6002	movie	1	25	12	君はクレイメンという男を	
6003	dialog	1	17	8	君は全部承知で…	
6004	dialog	1	29	14	君は息子と仲がいいんだったな	
6005	dialog	1	37	18	君も、この街の噂を聞いて来たのかね？	
6006	movie	1	29	14	君も帝国に関わってきたのなら	
6007	dialog	1	31	15	君をここに置き去りにしてかい？	
6008	movie	1	21	10	君自身が決めればいい	
6009	dialog	1	5	2	吸収	
6010	dialog	1	31	15	吸収させるな、次は自爆してくる	
6011	dialog	1	15	7	吸収されている	
6012	dialog	1	13	6	吸排気□開放	
6013	dialog	1	17	8	呆れた野郎だぜ…	
6014	dialog	1	9	4	周回探知	
6015	dialog	1	21	10	周回探知システム作動	
6016	movie	1	19	9	周辺国家との戦争は	
6017	movie	1	7	3	味方？	
6018	dialog	1	29	14	命のつながりのようなものを…	
6019	movie	1	27	13	命を捨てに行くようなもんだ	
6020	dialog	1	19	9	唯一の私の仲間だ…	
6021	dialog	1	31	15	商品としても非常に高価なものだ	
6022	dialog	1	35	17	商売の時だけ相手にしてりゃいいんだ	
6023	dialog	1	9	4	噂だ、噂	
6024	dialog	1	21	10	噂は本当だったんだな	
6025	dialog	1	35	17	噴進弾射出と同時に戦域を離脱する！	
6026	dialog	1	23	11	回復しているんだろう…	
6027	dialog	1	86	41	回復系のバーサークは\n1ゲージで使用できる。\nレベルアップによって\n覚えることができる。	
6028	ui	1	9	4	回転砲台	
6029	dialog	1	13	6	回転砲台準備	
6030	dialog	1	13	6	回転通路内部	
6031	dialog	1	13	6	回転速度最大	
6032	ui	1	186	90	国境地帯での戦に巻き込まれる。\n旧世紀の武器を使った戦は、今までの\nものとは全然違う。攻性生物のような\n乗り物が無数に空を飛び交い、それを\n撃ち落とそうとして、様々な色の光が\n天に放たれる。	
6033	dialog	1	39	19	地上に残った人間のために遣わされたんだ	
6034	dialog	1	39	19	地上の入□が、かろうじて生きてるだけさ	
6035	dialog	1	15	7	地上へのゲート	
6036	dialog	1	39	19	地上へ直接出られるエレベーターがある…	
6037	slot	1	23	4	地下1階	
6038	dialog	1	9	4	地下2階	
6039	dialog	1	21	10	地下2階 へのゲート	
6040	slot	1	23	6	地下3階 東	
6041	slot	1	23	6	地下3階 西	
6042	dialog	1	23	11	地下3階 西へのゲート	
6043	slot	1	23	4	地下4階	
6044	dialog	1	13	6	地下4階だ…	
6045	dialog	1	9	4	地下5階	
6046	dialog	1	35	17	地下から行く道が、封印されてたんだ	
6047	dialog	1	25	12	地下での戦闘と同じ要領だ	
6048	dialog	1	33	16	地下にある、ばかでかい遣跡の跡だ	
6049	movie	1	19	9	地下には来たけど…	
6050	ui	1	124	59	地下の施設の封印を\n解除したときに復活した\nウルのガーディアン。\n分離や合体をしながら、\n雷を使った様々な攻撃を\nしかけてきた。	
6051	dialog	1	35	17	地下の施設を3つのキーで封印した…	
6052	dialog	1	39	19	地下の水脈が、そのまま通り道になるのさ	
6053	dialog	1	39	19	地下を掘り進んだ跡が、通り道になるのさ	
6054	dialog	1	29	14	地下を通るって…どうやって？	
6055	dialog	1	11	5	地下ドーム	
6056	dialog	1	9	4	地下通路	
6057	dialog	1	35	17	地下遣跡への入□が砂でふさがれてる	
6058	dialog	1	9	4	地下？階	
6059	dialog	1	11	5	地下？？階	
6060	slot	1	23	10	地下？？階への入り□	
6061	ui	1	9	4	地図入手	
6062	dialog	1	35	17	地面に降りたら、すぐ直っちまったよ	
6063	dialog	1	35	17	基地を警備した時の指示書ならあるぜ	
6064	dialog	1	161	78	基本能力には相関関係があり、\n攻撃力を上げると心技力が下がる。\n心技力を上げると攻撃力が下がる。\n防御力を上げると機動力が下がる。\n機動力を上げると防御力が下がる。	
6065	dialog	1	7	3	場所：	
6066	dialog	1	13	6	塔 7階 南	
6067	dialog	1	13	6	塔 7階 東	
6068	slot	1	23	6	塔 8階 北	
6069	slot	1	23	6	塔 8階 東	
6070	slot	1	23	6	塔 8階 西	
6071	dialog	1	27	13	塔 中間層(回転通路内部)	
6072	dialog	1	15	7	塔15階 東2	
6073	ui	1	11	5	塔1クリア	
6074	ui	1	23	11	塔1ボス戦(バリオー)	
6075	ui	1	11	5	塔1進入可	
6076	ui	1	11	5	塔2クリア	
6077	ui	1	15	7	塔2中ボス戦A	
6078	ui	1	15	7	塔2中ボス戦B	
6079	ui	1	11	5	塔2進入可	
6080	dialog	1	13	6	塔、だと…？	
6081	ui	1	136	65	塔から生まれ出た純血種が\nゾアの森に根づいたもの。\n森の上空に出ている部分を\n攻撃しても、力の源である\n根が活動している限り\n効きめがない。	
6082	dialog	1	7	3	塔が…	
6083	dialog	1	39	19	塔が目覚めた以上、戦いはさけられません	
6084	dialog	1	19	9	塔が起動したせいで	
6085	dialog	1	21	10	塔とか、管理者とか…	
6086	ui	1	15	7	塔とセストレン	
6087	dialog	1	27	13	塔と同調するための、特別製	
6088	dialog	1	33	16	塔には、すごい力があるらしいんだ	
6089	ui	1	25	12	塔による被害と新防衛構想	
6090	dialog	1	37	18	塔に行けるっていうんで、調べてたんだ	
6091	dialog	1	29	14	塔のせいで、死んでしまったわ	
6092	dialog	1	9	4	塔の上空	
6093	ui	1	187	90	塔の休眠状態を破るため、第2機甲\n連隊の全空中戦艦のエンジンから\n動力を引き出し、外部刺激として\n使用した。\n塔が起動準備状態に移行し、完全に\n浮上するまでには、12日間の連続\n稼動を要した。	
6094	dialog	1	39	19	塔の外へ出て、体勢を整えることも可能よ	
6095	dialog	1	33	16	塔の守護者として創造された存在だ	
6096	dialog	1	31	15	塔の底部から高速飛行物体接近中	
6097	ui	1	176	85	塔の引き上げ成功を機に、本格的な\n調査が開始されたが、起動に必要な\n要素の解明は困難を極めた。\n外部刺激実験も引き続き行われたが、\n浮上以後、明確な反応は確認できなく\nなっていた。	
6098	ui	1	9	4	塔の探索	
6099	ui	1	115	55	塔の最上層で襲ってきた。\n空中機雷や対空誘導弾など\n驚くほどたくさんの武器を\n持っていたが、こいつは\nただの囮だった。	
6100	dialog	1	29	14	塔の最下層を占拠したそうです	
6101	ui	1	9	4	塔の機能	
6102	ui	1	21	10	塔の機能に関する記録	
6103	movie	1	25	12	塔の機能を止めるためには	
6104	dialog	1	35	17	塔の破壊を目指す、唯一の個体なのだ	
6105	ui	1	11	5	塔の総入手	
6106	dialog	1	11	5	塔の話だよ	
6107	ui	1	15	7	塔の起動と自爆	
6108	dialog	1	21	10	塔の防衛システムは、	
6109	dialog	1	37	18	塔の防衛システムも大分無力化してるわ	
6110	movie	1	33	16	塔は…セストレンはどうするんだ？	
6111	dialog	1	35	17	塔は、セストレンに通じる道でもある	
6112	ui	1	163	79	塔は、大気・水・土壌などを浄化して\n生存に適した環境を拡大する一方、\n再生した環境を斉かす要素、すなわち\n人間を排除するため、内部で生産した\n攻性生物を使役している。	
6113	movie	1	31	15	塔への道を教えてくれるのならな	
6114	movie	1	39	19	塔や攻性生物を含む、この世界の全てが…	
6115	dialog	1	25	12	塔をめぐる、でかい戦がな	
6116	dialog	1	15	7	塔をめぐる戦…	
6117	movie	1	31	15	塔を外部から破壊する事は難しい	
6118	dialog	1	37	18	塔を探してる奴がいるとは聞いてたが…	
6119	movie	1	13	6	塔を破壊！？	
6120	slot	1	25	12	塔中間層(回転通路内部)	
6121	ui	1	194	94	塔内部には、ローター・パイルと\n呼ばれる動力装置が6基存在する。\nこれが起動すると、層内の移動が\n阻まれるが、外周部にある制御装置で\n停止させることが可能である。\n制御装置の場所は以下の通りである。	
6122	dialog	1	27	13	塔内部の対侵入者システムも	
6123	ui	1	17	8	塔内部の移動経路	
6124	ui	1	182	88	塔内部は5つの層に分かれているが、\nそれぞれは断絶しており、各々の層を\n行き来するためには、15階から成る\n外周部を通らなければならない。\n塔内部の移動経路は、以下のように\nなっている。	
6125	dialog	1	7	3	増強粉	
6126	dialog	1	39	19	壁を越える道は、まだ見つかっていない…	
6127	ui	1	38	18	壊れた掘削機の部品\n店で売れば金になる	
6128	ui	1	35	17	売却できないアイテムのリストを表示	
6129	ui	1	33	16	売却できるアイテムのリストを表示	
6130	dialog	1	25	12	変な目で見るんじゃねえよ	
6131	dialog	1	33	16	変な霧に邪魔されて行けないんだよ	
6132	movie	1	19	9	変わった…名前だな	
6133	dialog	1	39	19	変わらぬ守護と恵みに、感謝を捧げます…	
6134	dialog	1	19	9	変異種型攻性生物だ	
6135	dialog	1	11	5	変異種！？	
6136	ui	1	217	105	変種の子には、ラギと名づけた。\n儀がなぜこいつを育てる気になったか\n聞いたら、みんな、きっと儀のことを\n笑うだろう。\n村の言い伝えや写本には、決まって\nドラゴンが出てくる。そして、ラギの\n姿は、そのドラゴンを思わせるのだ。	
6137	ui	1	135	65	変種は生まれ次第撃ち殺す。それが\n村の掟だ。変種は人になつかず\n売り物にならない。そして何より、\n不吉の象徴だった。\n…大人たちの間では。	
6138	dialog	1	27	13	外との交流は不幸しか生まん	
6139	dialog	1	39	19	外との取り引きが正式に認められたそうだ	
6140	dialog	1	33	16	外には、あんな化け物がいるのかよ	
6141	dialog	1	37	18	外には、戦艦の残骸が落ちてるんだろ？	
6142	dialog	1	37	18	外に分け与えるなど、神の意思に反する	
6143	dialog	1	23	11	外の世界って、物騒だろ	
6144	dialog	1	35	17	外の世界も、もう恐くなくなりました	
6145	movie	1	35	17	外の世界よりドラゴンに導かれた者…	
6146	dialog	1	29	14	外の世界を見てみたいんだとよ	
6147	dialog	1	29	14	外の子供と一緒にされては困る	
6148	dialog	1	15	7	外周部に出れば	
6149	dialog	1	21	10	外周部へ移りましょう	
6150	dialog	1	37	18	外界との交易は、必要悪だと思いますが	
6151	dialog	1	37	18	外界との取り引きの事だが…キトール、	
6152	ui	1	215	104	外部防壁内の戦力が著しく消耗し、\n内部防壁内の戦力投入が不可欠と\n判断された時点で、第2種警戒態勢が\n発令される。\nただし、内部防壁の開放は、同時に\n司令塔への侵入を許すことになるので\n戦力運用は慎重に行わねばならない。	
6153	dialog	1	37	18	多くの同胞が、森の奥に探索に出たが…	
6154	movie	1	23	11	多数の巨大生物を撃退し	
6155	ui	1	36	16	多数の風の刃      <03><01>2ゲージ<03>	
6156	dialog	1	39	19	夜が明けたら、こっちに出てくるだろうぜ	
6157	dialog	1	31	15	夜になったら、またいらっしゃい	
6158	dialog	1	31	15	夜になると街を照らす光のことさ	
6159	dialog	1	29	14	夜の間は、この門の向こう側さ	
6160	movie	1	39	19	夢を見るのが初めてみたいな□ぶりだな…	
6161	dialog	1	25	12	大きな街もあるって話だよ	
6162	dialog	1	37	18	大丈夫、いつかはいい土地が見つかるよ	
6163	dialog	1	27	13	大丈夫、消耗しただけだから	
6164	dialog	1	31	15	大丈夫、香石は夜まで充分もつよ	
6165	dialog	1	17	8	大丈夫か、エッジ	
6166	movie	1	11	5	大丈夫か！	
6167	movie	1	11	5	大丈夫か？	
6168	dialog	1	33	16	大丈夫だ、今度はドラゴンがいる！	
6169	dialog	1	39	19	大丈夫だよ、神様が守ってくださるからさ	
6170	dialog	1	35	17	大事な話なんだ、見てわからんのか？	
6171	dialog	1	17	8	大事にしておあげ	
6172	ui	1	17	8	大広間への鍵入手	
6173	ui	1	36	16	大気を焦がす大火球   <03><01>2ゲージ<03>	
6174	ui	1	15	7	大陸一帯の地図	
6175	dialog	1	31	15	天からドラゴンがやって来るって	
6176	ui	1	36	16	天から降り注ぐ光の柱  <03><01>2ゲージ<03>	
6177	dialog	1	15	7	天に帰る前に…	
6178	ui	1	36	16	天地を切り裂く電撃   <03><01>2ゲージ<03>	
6179	ui	1	190	92	奇跡的に生還した士官の証言によれば\nここでも全滅直前にドラゴンの姿が\n目撃されている。しかし、その外見は\n第1次捕獲部隊の報告にあるそれとは\n著しく異なっており、誤認ではないか\nとの見方もある。	
6180	movie	1	9	4	女がいた	
6181	dialog	1	27	13	女房が、なんか言ってただろ	
6182	movie	1	31	15	奴が塔にたどり着く前に粉砕せよ	
6183	dialog	1	29	14	奴のテントに行ってみるといい	
6184	movie	1	19	9	奴はまだ死んでない	
6185	dialog	1	21	10	奴は仲間を成長させる	
6186	dialog	1	37	18	奴は撃った方向に確実に反撃してくるぞ	
6187	dialog	1	33	16	奴は背中が弱点だ！ よく狙えよ！	
6188	movie	1	23	11	奴は薄汚い裏切り者だ！	
6189	movie	1	7	3	奴ら…	
6190	movie	1	37	18	奴ら、何度も手痛い目にあってるからな	
6191	dialog	1	27	13	奴ら、撃つとこっちを向くぜ	
6192	dialog	1	21	10	奴ら、逃げ出したぞ！	
6193	movie	1	21	10	奴らには目も耳もない	
6194	dialog	1	35	17	奴らの本隊まで、あとどのくらいだ！	
6195	dialog	1	27	13	奴らの武器は旧世紀の物だ…	
6196	dialog	1	25	12	奴らはここで突然変異した	
6197	dialog	1	39	19	奴らは危害を加えなきゃおとなしいもんだ	
6198	movie	1	23	11	奴らは巣からは離れない	
6199	movie	1	35	17	奴らは谷にそって…北へ向かってる…	
6200	dialog	1	31	15	奴らは遣跡が目当てなんだからな	
6201	ui	1	180	86	姿も大きさも全然違うが、\nハイシュとハイガは、同じ\n種のオスとメスにあたる。\nこの時のハイガはほとんど\n攻撃力を持たないが、\nオスであるハイシュを食う\nことで、機動形態へと姿を\n変える。	
6202	ui	1	5	2	威力	
6203	dialog	1	35	17	娘が悪い事を覚えると、困るんだがね	
6204	dialog	1	9	4	嬉しい…	
6205	dialog	1	35	17	子供が戻ってきたら、巣を飛び立って	
6206	dialog	1	27	13	子供を放し飼いにしとくんだ	
6207	dialog	1	35	17	子供達を養わなくちゃいけないんでね	
6208	movie	1	17	8	守られているのだ	
6209	movie	1	15	7	守るだって！？	
6210	ui	1	171	82	守護地に生まれた人は、\n司祭によって定められた夜に、\n神への祈りを捧げなければならない。\n\nまず、祈りの夜の来る日には、\n清められたわき水のほかには、\n何も□にしてはならない。	
6211	ui	1	149	72	守護地に生まれた人よ、心せよ。\nあなたの血は、さばきを経て選ばれた\nよき人につらなる。\nあなたの血は、終息日において、\n新たな創造の手となる人に流れる。	
6212	ui	1	145	70	守護地に生まれた人よ、忘れるな。\nあなたの上に降る「護り火」は、\n掟と引きかえであることを。\nその光は、終息日まで、\n絶えることがあってはならない。	
6213	dialog	1	37	18	安くしとくぜ…どうだ、こんなもんで？	
6214	dialog	1	23	11	安全装置解除、行くぞ！	
6215	movie	1	19	9	完全に消滅しました	
6216	dialog	1	27	13	完全に独立しているみたい…	
6217	dialog	1	35	17	完全に破壊するしかない、できるか？	
6218	dialog	1	31	15	完全に街を牛耳った気でいやがる	
6219	dialog	1	9	4	完全形態	
6220	ui	1	177	85	宙に浮かぶ旧世紀の機械に向けて、\nラギが放ったもの…それはドラゴンの\n「光の矢」だった。\n \n儀の夢想は、現実になってしまった。\n今まで儀のまわりにあった、全ての\n現実を代償にして。	
6221	dialog	1	9	4	実はな…	
6222	dialog	1	15	7	実を言うとさ…	
6223	dialog	1	15	7	実を言うとな…	
6224	dialog	1	31	15	実際は、旧世紀の防衛装置なんだ	
6225	dialog	1	37	18	実際はどうだか、わかったもんじゃねえ	
6226	dialog	1	33	16	寄生されないように気をつけないと	
6227	ui	1	13	6	対攻性生物戦	
6228	ui	1	149	71	対攻性生物戦用にガス弾を\n装備した戦闘機。\n後ろをとらなければろくに\n攻撃が当たらないうえ、\nガスをくらうと、こちらの\n行動がほとんど封じされて\nしまう。	
6229	ui	1	119	57	対攻性生物用の攻撃機。\n攻撃力や防御力を下げる\n特殊な弾を撃ってくるが、\n強力な武器を積むために\n耐久力を犠牲にしている。	
6230	ui	1	163	78	対攻性生物用の攻撃機。\n神経弾や対攻性生物弾を\n積んでいる。護衛機を\n従えていることも多い。\nこちらの動きを追って砲を\n向けてくるが、落ち着いて\n逃げれば大丈夫だろう。	
6231	dialog	1	19	9	対物センサー始動…	
6232	dialog	1	33	16	対空誘導レーダー停止しました！！	
6233	dialog	1	17	8	対空誘導弾発射！	
6234	dialog	1	35	17	対空迎撃戦闘モード、高速射撃開始！	
6235	dialog	1	19	9	対空迎撃戦闘開始！	
6236	dialog	1	17	8	対空迎撃準備完了	
6237	dialog	1	37	18	封印の解き方が、まだわかんないからね	
6238	dialog	1	21	10	封印を解除すること…	
6239	dialog	1	7	3	封印？	
6240	dialog	1	23	11	尋うか、焼き払うか、だ	
6241	ui	1	48	23	小動物・カゼノメのエサ\n木の実を細かく砕いたもの	
6242	dialog	1	35	17	小金目当てに体を張るバカはいねえよ	
6243	dialog	1	27	13	少し、出力上げといたからな	
6244	dialog	1	35	17	少しは…役に立てるかと思ったけど…	
6245	dialog	1	31	15	少しは将来のことを考えろ、とな	
6246	dialog	1	25	12	少ないが、とっといてくれ	
6247	dialog	1	33	16	少なくとも、外よりはずっとマシさ	
6248	dialog	1	29	14	少年、エッジの心に宿りし者よ	
6249	dialog	1	27	13	少年がひとり乗っとったが…	
6250	dialog	1	37	18	岩の壁を越えたけりゃ、抜け道を探しな	
6251	dialog	1	35	17	巣の中で固まった分泌物が必要なんだ	
6252	dialog	1	33	16	巣を破壊されて怒っているのだろう	
6253	slot	1	23	2	左右	
6254	dialog	1	9	4	左腕マヒ	
6255	dialog	1	15	7	左舷に敵影確認	
6256	dialog	1	13	6	左舷動力停止	
6257	dialog	1	17	8	左舷護衛艦隊壊滅	
6258	dialog	1	31	15	巨大な生物の実験場だったのだ…	
6259	ui	1	21	10	差出人の名がない手紙	
6260	dialog	1	23	11	帝国がここに来た目的…	
6261	dialog	1	25	12	帝国がここを占領したら…	
6262	dialog	1	33	16	帝国がそう簡単に引きさがるもんか	
6263	movie	1	37	18	帝国がやばい物を発掘したっていうから	
6264	dialog	1	27	13	帝国がらみなんだろ、どうせ	
6265	dialog	1	35	17	帝国が二度と来ないという保証はない	
6266	movie	1	25	12	帝国が塔と呼び追い求め、	
6267	dialog	1	31	15	帝国が攻めてきたら、おしまいだ	
6268	dialog	1	35	17	帝国が攻めてきた方がよかったのか？	
6269	dialog	1	35	17	帝国ってのは、そういう連中なんだよ	
6270	dialog	1	37	18	帝国ってのはひどい奴らだね、まったく	
6271	dialog	1	25	12	帝国って言や、聞いたか？	
6272	movie	1	35	17	帝国と同じく旧世紀の力を手に入れた	
6273	dialog	1	37	18	帝国と関わりがあったなんて知れたら…	
6274	dialog	1	25	12	帝国なんかより、ずっとな	
6275	dialog	1	23	11	帝国に売ろうってのか？	
6276	dialog	1	29	14	帝国に焼かれてしまったんだ！	
6277	dialog	1	33	16	帝国の事に詳しい人を探してるんだ	
6278	dialog	1	29	14	帝国の体制は崩れつつあります	
6279	ui	1	56	27	帝国の前線基地の警備兵に対して\n基地の構造を解説した書類	
6280	dialog	1	33	16	帝国の基地がつぶされたんだってよ	
6281	ui	1	130	62	帝国の基地のあちこちで\n見かける機体。\n武装がないぶん動きが早く\n攻撃が当たりにくいうえ、\nこちらを発見すると援軍を\n呼ぶ厄介な敵だ。	
6282	dialog	1	33	16	帝国の基地の事、知りたいんだけど	
6283	ui	1	132	63	帝国の基地の防衛線近くで\n戦った。\n大きな砲身が狙いをつけて\nくるが、砲台の旋回が遅い\nので、こちらが動き続けて\nいれば、まず大丈夫だ。	
6284	dialog	1	23	11	帝国の基地は全滅だとよ	
6285	ui	1	182	87	帝国の基地を守っていた\n初めて見る型の戦艦。\n帝国軍では、特殊な武器や\nエンジンが発掘されると、\nそれに合わせた試作艦が\n作られると聞いたことが\nある。たぶん、この艦も\nそのひとつだろう。	
6286	ui	1	158	75	帝国の基地を守っている\n機体。\n爆雷を積んでいるが、\n前方にしか撃つことが\nできないらしい。ただし\n見かけのわりにすばやく、\n油断していると後ろを\nとられてしまう。	
6287	dialog	1	33	16	帝国の影がある土地には留まれんよ	
6288	movie	1	27	13	帝国の手によって発掘された	
6289	movie	1	17	8	帝国の特務部隊…	
6290	dialog	1	35	17	帝国の狙いは「護り火」だよ、きっと	
6291	dialog	1	27	13	帝国の連中があわてるわけだ	
6292	dialog	1	35	17	帝国の連中だって、似たようなもんさ	
6293	dialog	1	39	19	帝国の連中は、たぶんその向こうにいるぞ	
6294	dialog	1	37	18	帝国の金なんか、こっちからお断りだよ	
6295	dialog	1	31	15	帝国は、逆に目の仇にしてるがな	
6296	movie	1	27	13	帝国は旧世紀の遣跡の発掘を	
6297	dialog	1	21	10	帝国も攻めてくるしさ	
6298	movie	1	17	8	帝国戦艦ってのは	
6299	ui	1	186	90	帝国暦71年6の月10日未明、\n全長2100リオンに及ぶ直方体の\n飛行物体が、攻性生物や戦艦を伴って\n国境方面に進行中であることを、\nメッカニア連邦領土内に侵入していた\n探索部隊が確認した。	
6300	ui	1	201	97	帝国暦89年2の月18日、\n帝都近海の海底に、微弱な動力反応が\n探知された。\n予備調査の結果、これは休眠状態の\n遣跡のもので、起動時の動力指数は\n帝国の保有するあらゆる遣跡のそれを\n凌駕しうると試算された。	
6301	ui	1	180	87	帝国暦89年の『塔』起動実験に\nおいて、2頭のドラゴンがまったく\n相反する行動をとったことが\n解釈の混乱を招いているのだが、\nこれに関しては、いまだ情報不足で\nあると言わざるを得ない。	
6302	ui	1	54	26	帝国空中戦艦の通信記録\nクレイメン艦隊と戦った時のもの	
6303	dialog	1	39	19	帝国軍が、あわてて調べに行ったらしいぜ	
6304	ui	1	163	78	帝国軍が、ゾアの街を\n焼きつくそうとして使った\n兵器。自ら飛行する巨大な\n砲弾のようなものだ。\n着弾する前に破壊して\nいなければ、儀らも爆発に\n巻き込まれていただろう。	
6305	ui	1	109	52	帝国軍がゲオルギウスで\n発掘していたドラゴンが\nよみがえった姿。\n旧世紀の船を守るのが、\nその使命だったらしい。	
6306	dialog	1	31	15	帝国軍が仲間割れしてるらしいぜ	
6307	dialog	1	33	16	帝国軍が仲間割れしてるんだってな	
6308	ui	1	42	20	帝国軍が地方出身の新兵に\n配布している冊子	
6309	dialog	1	33	16	帝国軍が行っちまうまで待つだけさ	
6310	dialog	1	39	19	帝国軍が逃げたという知らせがあったが…	
6311	dialog	1	25	12	帝国軍と戦っているらしい	
6312	dialog	1	27	13	帝国軍に見つからなかった？	
6313	dialog	1	33	16	帝国軍のこと、心配してるのかい？	
6314	ui	1	115	55	帝国軍の主力空中戦艦。\n今までに100隻以上も\n建造されているらしい。\nこれは輸送型で、武装の\n一部を取り外してある。	
6315	dialog	1	29	14	帝国軍の基地の噂、聞いたか？	
6316	dialog	1	23	11	帝国軍の士官が言ってた	
6317	dialog	1	35	17	帝国軍の存在は、住民の安全に関わる	
6318	dialog	1	37	18	帝国軍の技術って、進んでるんだろうな	
6319	dialog	1	15	7	帝国軍の書類だ	
6320	movie	1	23	11	帝国軍の最後の切り札、	
6321	dialog	1	27	13	帝国軍の送り火ってところさ	
6322	dialog	1	35	17	帝国軍はすでに塔の上層部を制圧した	
6323	dialog	1	37	18	帝国軍も、ドラゴンを欲しがってたのか	
6324	ui	1	13	6	帝国軍人心得	
6325	ui	1	144	69	帝国軍旗艦グリグオリグに\n攻性生物がとりついた姿。\n皇帝砲はまだ生きていたが\n人間が操っているわけでは\nなく、ただやみくもに\n撃っているだけだった。	
6326	ui	1	207	99	帝国軍空中艦隊の旗艦。\n皇帝の乗艦でもあるが、\nむしろ王宮そのものが空に\n浮いていると言った方が\nいいかもしれない。\n最大の武器は、皇帝砲と\n名づけられた雷撃兵器。\nゾアの街は、これ一発で\n吹き飛ばされてしまった。	
6327	ui	1	21	10	帝国軍空中艦隊クリア	
6328	ui	1	31	15	帝国軍空中艦隊ボス戦(ソーマ)	
6329	ui	1	39	19	帝国軍空中艦隊中ボス戦(グリグオリグ)	
6330	ui	1	27	13	帝国軍空中艦隊駐屯地クリア	
6331	ui	1	37	18	帝国軍空中艦隊駐屯地ボス戦(噴進弾)	
6332	ui	1	41	20	帝国軍空中艦隊駐屯地中ボス戦(ヴリトラ)	
6333	ui	1	27	13	帝国軍空中艦隊駐屯地進入可	
6334	ui	1	19	9	帝国軍艦隊進軍状況	
6335	movie	1	9	4	帝国軍！	
6336	movie	1	11	5	帝国軍！？	
6337	movie	1	9	4	帝国軍？	
6338	ui	1	25	12	帝国領で使われている通貨	
6339	movie	1	5	2	帝都	
6340	movie	1	29	14	帝都に大規模な研究機関を設け	
6341	movie	1	31	15	帝都の仕掛けもそろそろ作動する	
6342	movie	1	37	18	帝都の作戦も順調に進行中です…しかし	
6343	dialog	1	39	19	帝都の半分が焼けちまった事もあるそうだ	
6344	movie	1	33	16	帝都を中心とした半径1万リオン、	
6345	ui	1	163	79	帝都上空を周回するグリグオリグは、\nそれ自体が宙に浮かぶ王宮である。\nこれが完成した暁には、たとえ\nドラゴンといえども、皇帝陛下に\n危害を加えることは不可能であろう。	
6346	ui	1	136	66	帝都内におけるドラゴン同士の戦闘、\n海中から出現した攻性生物の攻撃、\nさらには塔の自爆によって、帝都の\n約6割の地域が壊滅的打撃を受けた。	
6347	dialog	1	25	12	帰ってから必ずつけてやる	
6348	dialog	1	35	17	帰ってこられる保証はどこにもないわ	
6349	movie	1	33	16	帰って来たら、あそこで再会しよう	
6350	dialog	1	31	15	年月は、全てを風化させてしまう	
6351	ui	1	194	94	幸い、王宮とアカデミーの被害は\n軽微なものであったが、これを機に\n帝都(特に王宮)の防衛構想が大幅に\n見直されることとなった。その結果、\n超大型空中戦艦「グリグオリグ」の\n建造が開始されたのである。	
6352	dialog	1	9	4	幼体放出	
6353	dialog	1	7	3	幼生体	
6354	ui	1	29	14	広範囲に威力のある手投げ爆弾	
6355	dialog	1	35	17	度がすぎると、司祭様ににらまれるよ	
6356	dialog	1	35	17	度が過ぎると、司祭様ににらまれるよ	
6357	dialog	1	21	10	度胸あるのね、あんた	
6358	movie	1	27	13	廃来して次の居場所を探す…	
6359	dialog	1	25	12	弱点がどこかに隠されてる	
6360	ui	1	21	10	弱点に当ると威力増大	
6361	dialog	1	27	13	弱点を尻尾で守ってやがる！	
6362	ui	1	36	16	強力な追尾貫通レーザー <03><01>2ゲージ<03>	
6363	movie	1	19	9	強引に進める一方で	
6364	ui	1	25	12	弾が近い敵3体に分散する	
6365	dialog	1	27	13	弾種変更、対攻性生物弾だ！	
6366	dialog	1	13	6	弾頭信管作動	
6367	ui	1	21	10	当たりづらいが威力大	
6368	dialog	1	27	13	当り前じゃないか、バカだね	
6369	dialog	1	29	14	当分、酒代はまけといてやるぜ	
6370	ui	1	198	96	当然、メル=カヴァを落とすためには\nそのエンジンを壊せばいいわけだが、\nそこまでの道は「死の光を放つ番人」\n(これも言い伝えにある呼び方だ)に\nふさがれている。たぶん、自律型の\n砲台みたいなものだろう。	
6371	dialog	1	9	4	当然さ！	
6372	dialog	1	29	14	当階の警戒態勢を解除します…	
6373	dialog	1	35	17	役に立たなかったら、突っ返すんだよ	
6374	movie	1	21	10	役目だからじゃないわ	
6375	dialog	1	39	19	役立ちそうな物は、何も残ってなかったよ	
6376	movie	1	23	11	役者がそろったようだな	
6377	ui	1	219	106	彼がなぜ異端の誕生を遂げたのか、\nそれは定かではない。彼が私のもとで\n幼き日を過ごしたのも、単なる偶然で\nしかなかったのかもしれない。\nしかし、彼は私を乗り手に選び、\n塔によって故郷を滅ぼされた私もまた\n彼の翼と力を欲した。	
6378	dialog	1	31	15	彼と同じ、ドラゴン乗りの君にな	
6379	dialog	1	35	17	彼には「調整士」の素質がありそうだ	
6380	dialog	1	37	18	彼は、この里を率いたシーカーであり…	
6381	dialog	1	31	15	彼は、その力を私に与えてくれる	
6382	movie	1	37	18	彼は『塔』の力を使い、再びこの世界を	
6383	movie	1	21	10	彼らが行ってきたのは	
6384	dialog	1	39	19	彼らが食料を持ち帰れば、万事解決します	
6385	dialog	1	37	18	彼らは帝国を興し、国力を増強したが…	
6386	movie	1	17	8	彼らは手に入る力	
6387	dialog	1	39	19	彼らは欲を満たすために行ったのではない	
6388	movie	1	29	14	彼らは生態系の管理者なのだよ	
6389	dialog	1	35	17	彼女が、ドラゴンをセストレンに導き	
6390	movie	1	27	13	彼女が協力してくれるのか？	
6391	dialog	1	31	15	彼女になら、それができるはずだ	
6392	dialog	1	33	16	彼女には、ここに残ってもらいます	
6393	dialog	1	23	11	彼女に何かあったのか？	
6394	dialog	1	37	18	彼女の力は、災いにもつながりますが…	
6395	dialog	1	29	14	彼女の力を使えば、おそらく…	
6396	dialog	1	35	17	彼女は、なんとしても守らねばならん	
6397	dialog	1	27	13	彼女は、俺達にまかせてくれ	
6398	dialog	1	37	18	彼女を傷つけずにアトルムだけを狙う…	
6399	movie	1	7	3	彼女？	
6400	movie	1	31	15	待ってくれ…味方だ、俺達味方だ	
6401	dialog	1	25	12	待ってくれ！ アゼル！！	
6402	dialog	1	15	7	待ってエッジ、	
6403	movie	1	17	8	待て…これを見ろ	
6404	dialog	1	29	14	待て…水の、流れる音がする…	
6405	dialog	1	37	18	待てよ、儀達のドラゴンはどうするんだ	
6406	ui	1	7	3	後左右	
6407	slot	1	23	2	後方	
6408	dialog	1	19	9	後続隊、後は頼む…	
6409	dialog	1	17	8	後部安定尾翼投来	
6410	dialog	1	15	7	得体が知れない	
6411	dialog	1	23	11	得体の知れねえ連中だぜ	
6412	dialog	1	11	5	復旧急げ！	
6413	movie	1	27	13	復活させてくれるとはな！！	
6414	movie	1	21	10	徹底した実験が必要だ	
6415	dialog	1	21	10	心当たり、あるのか？	
6416	ui	1	7	3	心技力	
6417	dialog	1	119	57	心技力を高めて戦っていると\n心技系統バーサークが\n早めに得られる。\n全体大ダメージのバーサーク。\nSKILL CLASS。	
6418	dialog	1	7	3	心技型	
6419	dialog	1	135	65	心技型で長く戦っていると\nレベルアップした時に\n最大BPが上がりやすい。また、\nSPIRITUAL CLASSの\nバーサークを覚えやすい。	
6420	dialog	1	115	55	心技型で長く戦っていると\n最大BPが上がりやすい。\nまた、\nSPIRITUAL CLASSの\nバーサークを覚えやすい。	
6421	dialog	1	13	6	心配しないで	
6422	movie	1	9	4	心配ない	
6423	movie	1	23	11	必ず…必ず帰ってくる！	
6424	ui	1	173	83	必ず、ウンブラとともに\n行動している。それぞれ、\n左右と前後に対する攻撃を\n無効化する力があるうえ、\nこちらに反応して動くのが\n厄介だ。効率よく倒すには\n少し頭を使う必要がある。	
6425	ui	1	171	82	必ず、フォスとともに\n行動している。それぞれ、\n左右と前後に対する攻撃を\n無効化する力があるうえ、\nこちらに反応して動くのが\n厄介だ。効率よく倒すには\n少し頭を使う必要がある。	
6426	dialog	1	27	13	必ず、帰ってきてください…	
6427	movie	1	23	11	必要以上の詮索は無用、	
6428	dialog	1	5	2	怒り	
6429	dialog	1	13	6	思い出したぜ	
6430	dialog	1	39	19	思い切って、街の外に出たかいがあったぜ	
6431	movie	1	19	9	思ったよりねばる…	
6432	movie	1	15	7	思わせてるがな	
6433	movie	1	11	5	思わない…	
6434	ui	1	178	86	思考器官の複雑さゆえに、生産数は\n微々たるものであり、重要度の高い\n生産施設の統括用として、優先的に\n配備されている。\nまた、高機能攻性生物の頭脳として\n利用する計画も進行中である。	
6435	dialog	1	23	11	急いで隊長の所に戻ろう	
6436	dialog	1	11	5	急ぐぞ！！	
6437	dialog	1	17	8	急げよ、エッジ君	
6438	movie	1	25	12	急げよ！ 時間がない！！	
6439	movie	1	25	12	急げ！ 『帝国軍』が来る	
6440	ui	1	27	13	性能を見る        	
6441	dialog	1	35	17	恐くなっちまったんだよ、戦うのが…	
6442	dialog	1	9	4	恐ろしい	
6443	dialog	1	35	17	息をつく間を与えるな、畳みかける！	
6444	dialog	1	37	18	息子が助かったのが、せめてもの救いだ	
6445	dialog	1	39	19	息子が助かったのは、あんたのおかげだよ	
6446	dialog	1	31	15	息子の死に目には会えたんだもの	
6447	dialog	1	21	10	息子も死んでしまった	
6448	dialog	1	31	15	息子を甘やかすわけではないが…	
6449	movie	1	35	17	悪いが、もう一晩だけつきあってくれ	
6450	dialog	1	21	10	悪いな、商談中なんだ	
6451	dialog	1	19	9	悪いようにはしない	
6452	slot	1	25	12	悪いようにはしやしないさ	
6453	dialog	1	35	17	悪い悪い、空飛んだの初めてだからさ	
6454	dialog	1	21	10	悪い話じゃないだろ？	
6455	dialog	1	19	9	悪い話ではなかろう	
6456	dialog	1	29	14	悪かったな、変な事言い出して	
6457	movie	1	25	12	情報をつかんでいるようだ	
6458	movie	1	25	12	情報を伝える術を知ってる	
6459	ui	1	25	12	情報系構造体に関する記録	
6460	movie	1	13	6	意外だったか	
6461	movie	1	27	13	意外と隠れ場所があってな、	
6462	ui	1	11	5	意識融合体	
6463	dialog	1	23	11	意識融合体シェルクーフ	
6464	dialog	1	21	10	意識融合体ヌリシンハ	
6465	dialog	1	17	8	意識融合体ヌース	
6466	dialog	1	19	9	意識融合体ハヌマン	
6467	dialog	1	25	12	意識融合体プロトタイプD	
6468	dialog	1	23	11	意識融合体メル=カヴァ	
6469	dialog	1	23	11	意識融合体ランドドーラ	
6470	movie	1	11	5	愚かな事だ	
6471	movie	1	27	13	愚か者め…私は囮にすぎん…	
6472	dialog	1	37	18	感謝の心は、教会への寄付で示せばよい	
6473	ui	1	221	107	慣例に基づき、予備調査によって得た\n情報を皇室伝承と比較したところ、\n当該遣跡は、旧世紀の禁断兵器\n『塔』のひとつであることが判明。\n皇帝陛下の動命により、全ての発掘\n作業は中断され、塔の再起動に全力が\n注がれることとなった。	
6474	dialog	1	13	6	慣性飛行段階	
6475	dialog	1	5	2	憤怒	
6476	dialog	1	7	3	成長光	
6477	dialog	1	39	19	我々が君を監視していたのも、そのためだ	
6478	movie	1	23	11	我々が思っている以上に	
6479	dialog	1	35	17	我々に残された「遣産」、すなわち…	
6480	dialog	1	31	15	我々の世代になってからのことだ	
6481	dialog	1	13	6	我々の役目…	
6482	ui	1	205	99	我々の旅は、空の塔・シェルクーフを\nゲオルギウスに沈めることで終わり、\n力を使い果たした我が友は、肉体を\n捨てて深い眠りについた。\nそれが、再び生ある身体に目覚め、\n新たな乗り手として君を選んだという\nわけだ。	
6483	dialog	1	35	17	我々の自給もおぼつかなくなるのだぞ	
6484	dialog	1	37	18	我々は、また同じ過ちを犯してしまう…	
6485	movie	1	37	18	我々は目に見えない旧世紀の力によって	
6486	movie	1	27	13	我々は自分の首を絞め続ける	
6487	dialog	1	33	16	我々も、ここを守るため出発します	
6488	ui	1	204	99	我々シーカーが、塔とセストレンに\nよる管理システムの存在を知ることが\nできたのも、情報系構造体の再起動に\n成功したからだが、この種の構造体の\n一部には、情報の記録以外にも重要な\n機能が存在することがわかった。	
6489	movie	1	35	17	我々人類の輝かしい未来への扉をな！	
6490	movie	1	31	15	我々人類はそれをあっという間に	
6491	ui	1	178	86	我が軍の最大の目的は、旧世紀の禁断\n兵器『塔』を手中にすることにある。\n皇室伝承によれば、各地に点在する\n塔のそれぞれに、全世界を破壊して\nなお余りある能力が与えられていると\nいう。	
6492	ui	1	180	87	我らの目に映るものは、ただひとつを\nのぞいて、この時に創造された。\n水や草や獣は、人の糧として、\n遣跡は、人と神の家として、\n攻性生物は、人のしもべとして、\nそれぞれの役割を果たした。	
6493	dialog	1	39	19	我らは、このような里を各地に持っている	
6494	ui	1	203	98	我らは、打ち捨てられた人の世にて、\n生の苦役をつとめねばならない。\nそれは、我らにつらなる人の犯した\nあやまちゆえである。\n再び神の栄光を求めるならば、\n死に至るまでの道をもって、\nさばきを受けねばならない。	
6495	ui	1	215	104	戦いが終わった時、我が友であった\nドラゴンは、自らの存在の秘密を\n私に託して去っていった。\nのちにシーカーの一冥となった私は、\n「編み人」達の協力を得て、それを\n読み解こうとしてきたが、全てを解明\nするには至らなかった。	
6496	dialog	1	33	16	戦いにまぎれて、彼女は姿を消した	
6497	dialog	1	39	19	戦いに巻き込まれるのがいやだったんだな	
6498	dialog	1	37	18	戦いに巻き込まれるのは、もういやだ！	
6499	slot	1	29	10	戦いに役立ちそうな物	
6500	dialog	1	29	14	戦いのためだけに費やされて…	
6501	dialog	1	31	15	戦いを見るの初めてだろ、あいつ	
6502	dialog	1	39	19	戦うのは、ドラゴンだけでいいじゃないか	
6503	ui	1	200	97	戦っている間、儀はラギと一体に\nなったようだった。恐れは消え去り、\n自信と使命感が全身にあふれていた。\nあれは儀自身の意思なのか…それとも\nドラゴンとしてのラギの意思が、儀を\n突き動かしていただけなのか。	
6504	dialog	1	27	13	戦はどうなっちまったんだ？	
6505	dialog	1	9	4	戦績評価	
6506	dialog	1	98	47	戦闘に勝利すると\n戦い方が5段階で評価される。\nこの評価が高いほど\n経験値やアイテムが得やすくなる。	
6507	dialog	1	17	8	戦闘システム説明	
6508	dialog	1	77	37	戦闘レーダー内の各方向の色は\nその方向に対する\n敵の攻撃の危険度を表している。	
6509	dialog	1	86	40	戦闘中のドラゴンとエッジは\n行動エネルギーを共有している。\nそれが<03>\nシンクロナスゲージ<03>	
6510	ui	1	13	6	戦闘時操作系	
6511	movie	1	15	7	戦闘装備…作動	
6512	dialog	1	17	8	戻って来たのか…	
6513	dialog	1	33	16	戻って来たら、すぐにあとを追うよ	
6514	dialog	1	27	13	所属と形式を明らかにせよ…	
6515	ui	1	13	6	所有アイテム	
6516	movie	1	13	6	扉を開きます	
6517	dialog	1	23	11	手がかりを探しましょう	
6518	dialog	1	21	10	手ごわい相手だった…	
6519	dialog	1	27	13	手すきの者は消火にあたれ！	
6520	dialog	1	37	18	手伝いだったら、昔からやってたけど…	
6521	dialog	1	21	10	手伝いならお断りだぜ	
6522	dialog	1	35	17	手当たりしだいに掘り返してるだけだ	
6523	movie	1	29	14	手当たりしだいに攻撃している	
6524	dialog	1	31	15	手柄をあげるぞ、迎撃戦闘開始！	
6525	dialog	1	17	8	手紙…誰からだ？	
6526	ui	1	201	97	打ち捨てられぬ人の手によって\nけがれなき世界が創造された日が\n原初日のよみがえりとなる。\n神は再び世界の上に立ち、\n栄光と幸いを世界にもたらす。\nそれは、終わりのない一日であり、\n我らに約された救済である。	
6527	dialog	1	5	2	投下	
6528	dialog	1	29	14	折り入って話があるんだけどね	
6529	dialog	1	13	6	抜け穴って？	
6530	dialog	1	29	14	拡張メモリーからロードします	
6531	dialog	1	27	13	拡張メモリーにセーブします	
6532	dialog	1	21	10	拾ってきたんだろうが	
6533	dialog	1	25	12	持ち主の死体も一緒だった	
6534	dialog	1	25	12	持ってけよ、金はいらねえ	
6535	dialog	1	23	11	指揮艦の存在を確認した	
6536	ui	1	19	9	捕獲部隊全滅の経緯	
6537	dialog	1	5	2	排気	
6538	dialog	1	25	12	排除する…あの時と同じに	
6539	dialog	1	25	12	排除する…誤った意志も…	
6540	dialog	1	17	8	掟なんかなくてさ	
6541	ui	1	148	71	掟を破るつもりはなかった。\nただ、殺せなかった。\nこいつの肩から生えている小さな翼が\n儀の心を捉えてしまったから。\n \nそう、こいつには翼があったのだ。	
6542	dialog	1	17	8	探してどうする？	
6543	movie	1	7	3	撃つな	
6544	movie	1	11	5	撃つな！！	
6545	dialog	1	31	15	撃て、分離した時のあれが弱点だ	
6546	dialog	1	11	5	撃てぃっ！	
6547	dialog	1	9	4	撃てぃ！	
6548	dialog	1	25	12	撃てぇ！ 撃ちまくれ！！	
6549	dialog	1	21	10	撃てば赤く光るはずだ	
6550	dialog	1	7	3	撃て！	
6551	dialog	1	29	14	撃墜に失敗、これより帰投する	
6552	ui	1	184	89	撤退した残存部隊の報告に基づいて\n編成された第2次捕獲部隊は、\nゲオルギウス付近でシェルクーフに\n遭遇、接触を図ったが、その表面に\n設置されていた雷撃兵器の集中攻撃を\n受け、全滅に至った。	
6553	dialog	1	126	61	操作はコマンドアイコンで行なうが\nレーザーと銃はアイコンを出さずに\nボタン一つでも発射できる。\n押したままで使用することも可能。	
6554	ui	1	13	6	操作系を変更	
6555	movie	1	27	13	攻性生物…あの化け物どもさ	
6556	dialog	1	19	9	攻性生物かなんかに	
6557	dialog	1	39	19	攻性生物から、人間の生きる場所を守る…	
6558	ui	1	38	18	攻性生物が体内で作る宝石\n高値で売れる	
6559	dialog	1	25	12	攻性生物が全然いないんだ	
6560	ui	1	21	10	攻性生物が寄ってくる	
6561	dialog	1	31	15	攻性生物が近づいてるんだってね	
6562	dialog	1	25	12	攻性生物が造られた時代よ	
6563	dialog	1	35	17	攻性生物でも、食べればうまいもんさ	
6564	movie	1	35	17	攻性生物と…グリグオリグ、両方です	
6565	dialog	1	27	13	攻性生物とはわけが違うんだ	
6566	dialog	1	29	14	攻性生物と交戦中との報告あり	
6567	dialog	1	37	18	攻性生物どもから、この一帯を守っとる	
6568	dialog	1	35	17	攻性生物なんざほっときゃいいのによ	
6569	dialog	1	39	19	攻性生物のいない森なんて、初めて見たよ	
6570	dialog	1	39	19	攻性生物のいねえ森ってのはいいもんだぜ	
6571	dialog	1	17	8	攻性生物の仲間？	
6572	slot	1	29	9	攻性生物の体の一部	
6573	dialog	1	27	13	攻性生物の体の中に入っとる	
6574	ui	1	34	16	攻性生物の体液\n店で売れば金になる	
6575	ui	1	48	23	攻性生物の光学器官を磨き込んだもの\n高値で売れる	
6576	dialog	1	31	15	攻性生物の動きがおかしいそうだ	
6577	ui	1	32	15	攻性生物の感覚器官\n高値で売れる	
6578	ui	1	32	15	攻性生物の攻撃器官\n高値で売れる	
6579	movie	1	25	12	攻性生物の方にずっと近い	
6580	ui	1	38	18	攻性生物の特殊装甲\n店で売れば金になる	
6581	ui	1	34	16	攻性生物の甲皮\n店で売れば金になる	
6582	ui	1	34	16	攻性生物の眼球\n店で売れば金になる	
6583	dialog	1	33	16	攻性生物の群れと出くわしちまって	
6584	ui	1	28	13	攻性生物の肉塊\n高値で売れる	
6585	ui	1	32	15	攻性生物の運動器官\n高値で売れる	
6586	dialog	1	31	15	攻性生物は、いわば塔のしもべだ	
6587	movie	1	31	15	攻性生物は減ったが、嵐が激しい	
6588	dialog	1	27	13	攻性生物も、帝国軍の武器も	
6589	dialog	1	23	11	攻性生物よけの風網か！	
6590	dialog	1	35	17	攻性生物らしき影を見たとの報告あり	
6591	ui	1	215	104	攻性生物を倒した後、儀は初めて\n旧世紀の遣跡に入った。\n遣跡の中は、想像とはまるで違った。\n番人のように襲ってくる攻性生物の\n群れ、大陸全てが潤うほどの湖、\n奇妙な機械が眠り続ける迷宮。\nそこには、死の匂いだけがあった。	
6592	ui	1	36	16	攻性生物を召喚する   <03><01>2ゲージ<03>	
6593	movie	1	25	12	攻性生物を引きつけられる	
6594	dialog	1	19	9	攻性生物を発見した	
6595	dialog	1	33	16	攻性生物を見たことなかったのか？	
6596	ui	1	44	21	攻性生物ハヌマンのポッド\n店で売れば金になる	
6597	ui	1	42	20	攻性生物ハヌマンの尻尾\n店で売れば金になる	
6598	ui	1	40	19	攻性生物ハヌマンの爪\n店で売れば金になる	
6599	ui	1	42	20	攻性生物ハヌマンの甲皮\n店で売れば金になる	
6600	dialog	1	35	17	攻性生物接近、人間が乗っています！	
6601	dialog	1	33	16	攻性生物接近、例のドラゴン型です	
6602	dialog	1	25	12	攻性生物接近！砲台旋回！	
6603	dialog	1	15	7	攻性生物発見！	
6604	dialog	1	21	10	攻撃が…効かない！？	
6605	dialog	1	39	19	攻撃が全てあのバリアにはじかれてしまう	
6606	dialog	1	35	17	攻撃が効かない！？ 跳ね返してる！	
6607	dialog	1	21	10	攻撃の種類とその効果	
6608	dialog	1	23	11	攻撃を受けたんだろうな	
6609	ui	1	7	3	攻撃力	
6610	ui	1	125	58	攻撃力や防御力、さらに\nすばやさも上がった\n最後の形態。\nこいつを倒すと同時に\n<01><01>も\n変形能力を手に入れた。\n単なる偶然だろうか？	
6611	dialog	1	121	58	攻撃力を高めて戦っていると\n攻撃系統バーサークが\n早めに得られる。\n光学属性のバーサーク。\nATTACK CLASSと呼称。	
6612	dialog	1	7	3	攻撃型	
6613	dialog	1	135	65	攻撃型で長く戦っていると\nレベルアップした時に\nレーザーの威力が上がりやすい。\nまた、ATTACK CLASSの\nバーサークを覚えやすい。	
6614	dialog	1	114	55	攻撃型で長く戦っていると\nレーザーの威力が上がりやすい。\nまた、ATTACK CLASSの\nバーサークを覚えやすい。	
6615	ui	1	9	4	攻撃方向	
6616	dialog	1	11	5	放っておく	
6617	dialog	1	11	5	放出□閉鎖	
6618	dialog	1	11	5	放熱モード	
6619	dialog	1	15	7	放熱モード終了	
6620	dialog	1	21	10	故郷の村を思い出すよ	
6621	dialog	1	19	9	救助信号を発信しろ	
6622	dialog	1	21	10	教えればいいんだな…	
6623	dialog	1	29	14	教会に行っているひまなどない	
6624	dialog	1	37	18	教会の入□の脇に、通路があるんだとよ	
6625	dialog	1	25	12	教会の脇の通路を通って…	
6626	ui	1	9	4	教会の鍵	
6627	dialog	1	27	13	教会は、その左側だそうです	
6628	dialog	1	96	46	数値の割り振りの度合いにより\n標準型・攻撃型・心技型・防御型\n機動型の5つに\nタイプは分けられる。	
6629	movie	1	21	10	数千年間、いた場所だ	
6630	dialog	1	29	14	数百年以上の時を要するだろう	
6631	ui	1	161	77	数種の攻性生物が共生する\n群体のような奴だ。\nわれを忘れて、地上まで\n追って来たところを見ると\n地下にいた攻性生物たちの\n産みの親のような存在\nだったのかもしれない。	
6632	dialog	1	101	47	敵からの攻撃に対処するために\nドラゴンは敵の前後左右4方向に\n移動することができる。\nこれを<03>\n位置取り<03>	
6633	movie	1	27	13	敵が来た時の処理はまかせる	
6634	dialog	1	27	13	敵だったんでしょ、あなたの	
6635	dialog	1	41	18	敵とドラゴンの位置関係は\n<03>\n戦闘レーダー<03>	
6636	dialog	1	80	37	敵に大きなダメージを与えるには\n弱点を狙って攻撃すればよい。\n弱点には<03>\nWEAK<03>	
6637	dialog	1	54	26	敵の弱点や、集団の中の特定の敵を\n集中して攻撃できる。	
6638	ui	1	23	11	敵の攻撃を一定時間防ぐ	
6639	ui	1	36	16	敵の攻撃を一定時間防ぐ <03><01>2ゲージ<03>	
6640	movie	1	21	10	敵の数が増えるだけだ	
6641	dialog	1	131	63	敵の数が多くても、1体あたりの\nダメージは変わらないので\n一度に多くの敵と戦う場合に有効。\nレベルアップによって\n覚えることができる。	
6642	dialog	1	129	62	敵の数が多くても少なくても\n総攻撃回数は変わらないので\n少数の敵に対して使った方が有効。\nレベルアップによって\n覚えることができる。	
6643	dialog	1	37	18	敵の機動部隊が君のところに向かうまで	
6644	ui	1	33	16	敵の目をくらませて戦闘から逃げる	
6645	ui	1	36	16	敵の目をくらませ逃げる <03><01>2ゲージ<03>	
6646	dialog	1	72	34	敵の行動は\nドラゴンが敵に対して\nどの方向にいるかによって\n変わってくる。	
6647	dialog	1	96	46	敵の防御力は\n方向によって異なるので\nどの方向から攻撃するかによって\n与えるダメージが違ってくる。	
6648	dialog	1	118	57	敵を倒すまでの時間が短く\n敵から受けたダメージが小さいほど\n高い評価を得ることができる。\n評価は、高い順に以下のとおり。	
6649	dialog	1	35	17	敵を倒せばすむってもんじゃなかった	
6650	ui	1	36	16	敵を切り裂く風の刃   <03><01>2ゲージ<03>	
6651	dialog	1	21	10	敵影を確認、援軍求む	
6652	dialog	1	13	6	敵影を確認！	
6653	movie	1	5	2	敵？	
6654	dialog	1	21	10	文明の力ってやつをな	
6655	dialog	1	29	14	料理の仕方にコツがいるけどね	
6656	dialog	1	37	18	新しい司祭様の方針だと聞きましたが…	
6657	dialog	1	19	9	新しい品が入ったよ	
6658	ui	1	15	7	新たな乗り手へ	
6659	dialog	1	35	17	新たな実りを探しているのでしょう？	
6660	dialog	1	35	17	新たな恵みが見つかる保証はないのだ	
6661	movie	1	29	14	新たな目的を与えるためにな…	
6662	dialog	1	29	14	新入りが増えると、気が楽だよ	
6663	movie	1	11	5	新手か！！	
6664	dialog	1	39	19	新顔のハンターがあっさり神聖区入りして	
6665	movie	1	27	13	方位07、2500リオン、	
6666	dialog	1	17	8	方法は色々あるぜ	
6667	dialog	1	23	11	施設へ進入する際には…	
6668	ui	1	213	103	旅に出てから3日目。キャラバンから\n水と食料を分けてもらう。\n例の旧世紀の機械(みんな「フネ」と\n呼んでいるようだ。メッカニアが発掘\nしたものだという)の行方も聞いた。\nどうやら帝国との国境地帯に向かって\nいるらしい。	
6669	ui	1	35	17	旅に必要な最低限の荷物が入っている	
6670	dialog	1	35	17	旅の荷物とか、ここに隠してあるんだ	
6671	movie	1	23	11	旅をする事になったのか	
6672	movie	1	23	11	旗艦『グリグオリグ』だ	
6673	dialog	1	39	19	旦那が戻ってすぐ、ぼうずは死んじまった	
6674	dialog	1	11	5	旧世紀か…	
6675	movie	1	35	17	旧世紀がそうやって滅びたようにね…	
6676	dialog	1	27	13	旧世紀が残した化け物どもさ	
6677	dialog	1	29	14	旧世紀が神の時代だって話だよ	
6678	dialog	1	37	18	旧世紀って、なんで滅んじまったのかな	
6679	ui	1	211	102	旧世紀において、塔は\n「アレル・セストレン」すなわち\n「セストレンの下儀」と呼ばれた。\nすべての塔は、セストレンがこの世に\n力を及ぼすための道具にすぎず、\nセストレンが破壊されたとき、\n塔は二度と目覚めぬ眠りにつく。	
6680	ui	1	56	27	旧世紀に使われていた銃\nパーツを装着すれば攻撃力が上がる	
6681	dialog	1	35	17	旧世紀のでかい建物…いや、機械かな	
6682	ui	1	30	14	旧世紀のエンジン\n高値で売れる	
6683	dialog	1	29	14	旧世紀のガラクタいじりなんて	
6684	ui	1	159	77	旧世紀のフネの残骸を見つけた。\n内部は、死んだように静まりかえって\nいた。攻性生物もみんな死んでいた。\nラギが、秘められた力を使って、\nフネの命を封じ込めたのだ。	
6685	dialog	1	39	19	旧世紀の事なんて、俺達には関係ないよ！	
6686	dialog	1	29	14	旧世紀の事にも妙に詳しいし…	
6687	ui	1	44	21	旧世紀の人型創造物に関する\nシーカーの研究書	
6688	dialog	1	29	14	旧世紀の人達は、どうして私を	
6689	dialog	1	39	19	旧世紀の力で、無敵の軍隊を作りやがった	
6690	dialog	1	39	19	旧世紀の力に人間がかなうわけないだろ！	
6691	dialog	1	37	18	旧世紀の力の本質が、理解できないのさ	
6692	slot	1	37	11	旧世紀の力は、神の力だ	
6693	dialog	1	31	15	旧世紀の力を相手に戦うなんて…	
6694	movie	1	21	10	旧世紀の呪縛を解き、	
6695	dialog	1	35	17	旧世紀の子は、みんなああなのかい？	
6696	dialog	1	35	17	旧世紀の意志は、滅びたわけではない	
6697	dialog	1	39	19	旧世紀の技術には、すごい力があるんだぜ	
6698	dialog	1	21	10	旧世紀の技術の塊だよ	
6699	ui	1	235	114	旧世紀の技術を持たぬ辺境の民は、\n我が軍にとって斉威とはなり得ない。\n真の斉威は、我が軍と同じく旧世紀の\n力を有するもの、すなわち攻性生物で\nある。生物兵器として強大な戦闘力を\n与えられた彼らは、生身の人間では\n到底対抗し得ない外敵である。	
6700	movie	1	21	10	旧世紀の残した遣跡、	
6701	dialog	1	19	9	旧世紀の沈没船か…	
6702	ui	1	54	26	旧世紀の発掘物で作られた大型銃\n弾は撃ちつくされている	
6703	movie	1	25	12	旧世紀の研究を続けている	
6704	dialog	1	25	12	旧世紀の研究を行っている	
6705	ui	1	60	29	旧世紀の硬貨と言われているもの\n店で売ればわずかだが金になる	
6706	dialog	1	37	18	旧世紀の空飛ぶ船を直してるって話だぜ	
6707	ui	1	188	91	旧世紀の管理からの解放という我々の\n目的は、すべての塔の破壊もしくは\n無力化と言い換えてもよい。\n以下に記すのは、多くの「編み人」\nたちが積み重ねてきた、塔に関する\n研究をまとめたものである。	
6708	ui	1	40	19	旧世紀の素材で作られた腕輪\n高値で売れる	
6709	ui	1	34	16	旧世紀の船に関する\n帝国軍の報告書	
6710	dialog	1	39	19	旧世紀の記録に、そう記されている場所だ	
6711	movie	1	33	16	旧世紀の記録には、そう書いてある	
6712	ui	1	207	100	旧世紀の記録によれば、ドラゴンと\n禁断兵器『塔』は、何らかの形で同調\nしているという。\nこの解釈として、アカデミーでは\n「ドラゴン=塔の守護者」説と\n「ドラゴン=塔の破壊者」説の2つが\nほぼ同等の支持を得ている。	
6713	ui	1	42	20	旧世紀の記録機械に関する\nシーカーの研究書	
6714	ui	1	56	27	旧世紀の記録機械の一種\n戦った相手の情報を分析・記録する	
6715	ui	1	48	23	旧世紀の記録機械の一種\n音声情報が収められている	
6716	dialog	1	21	10	旧世紀の連中ってさ…	
6717	dialog	1	29	14	旧世紀の遣物にふさがれてるな	
6718	movie	1	11	5	旧世紀の？	
6719	movie	1	27	13	旧世紀を滅ぼした悪魔だとよ	
6720	dialog	1	27	13	旧世紀を滅ぼした遣跡だって	
6721	ui	1	21	10	旧世紀兵器の取り扱い	
6722	ui	1	38	18	旧世紀兵器の外装甲\n店で売れば金になる	
6723	ui	1	36	17	旧世紀兵器の残骸\n店で売れば金になる	
6724	ui	1	231	112	旧世紀文明の力は、地上にはびこる\n攻性生物を駆逐し、再び人類を世界の\n主人とするために行使される。\n帝国の領土拡大は、より多くの遣跡や\nエンジンを確保するためであり、\nそれらは全て、攻性生物から人民を\n守るために有効利用されるのである。	
6725	dialog	1	39	19	早いとこ、薬が見つからないもんかねえ…	
6726	movie	1	19	9	早く、ドラゴンへ…	
6727	movie	1	21	10	早くここから出るんだ	
6728	dialog	1	39	19	早く一人前になって、戦いに出たいなあ…	
6729	movie	1	31	15	早く上に戻らないと…隊長達が…	
6730	dialog	1	27	13	早く修理をすませなくちゃ…	
6731	dialog	1	17	8	早く叩き落とせ！	
6732	dialog	1	25	12	早く発掘所に戻らないと…	
6733	movie	1	11	5	早く行け！	
6734	dialog	1	19	9	早く起きないかな…	
6735	dialog	1	39	19	早めにここを離れた方がいいかもしれんぞ	
6736	dialog	1	23	11	明日、もう一度来いって	
6737	movie	1	17	8	明朝、ここを出る	
6738	dialog	1	35	17	昔は、クーリアもいっぱいいたんです	
6739	dialog	1	19	9	昔？ どのくらい？	
6740	ui	1	203	98	昨日、儀は帰る場所を失った。\n住んでいた家も、村のみんなも、\nあの光とともに消えてしまった。\n突然現れた、旧世紀の巨大な機械。\nその機械が放った一条の光は、儀の\n生まれた村を、黒焦げの廃虚に変えて\nしまった。	
6741	movie	1	37	18	昼間から、なんか怪しいと思ってたんだ	
6742	dialog	1	37	18	昼間は、たいていあそこにいるはずだよ	
6743	ui	1	174	84	時を同じくして、帝都東方97000\nリオンの地点にて、2頭のドラゴンが\n発見された。\n第9発掘所方面へ飛行中のドラゴンを\n捕獲するため、ただちに国境付近に\n捕獲部隊が展開された。	
6744	movie	1	7	3	時間だ	
6745	dialog	1	21	10	普通に乗ってるだけさ	
6746	movie	1	23	11	普通の人間じゃあるまい	
6747	dialog	1	39	19	普通の子供があれに乗ってたなんてなあ…	
6748	dialog	1	11	5	最下層よ…	
6749	dialog	1	39	19	最初は、攻性生物相手に戦ってたんだが…	
6750	dialog	1	25	12	最初はそう思ってたけど…	
6751	dialog	1	17	8	最大出力で加速！	
6752	movie	1	37	18	最大戦速、15分で到着すると伝えろ！	
6753	ui	1	17	8	最強の手投げ爆弾	
6754	dialog	1	37	18	最短ルートのゲートはすでに開けてある	
6755	movie	1	29	14	最近、やけに変種が生まれる…	
6756	dialog	1	35	17	最近、よそ者とやけに親しいようだな	
6757	dialog	1	33	16	最近、ガラクタ集めの仕事がねえな	
6758	dialog	1	31	15	最近、ドラゴンの噂をよく聞くな	
6759	dialog	1	33	16	最近、帝国軍を全然見かけねえな…	
6760	dialog	1	31	15	最近は、評議会の目が厳しくてな	
6761	dialog	1	33	16	最近は、買い手が増えてますので…	
6762	dialog	1	27	13	最近は仕事が少なくて困るぜ	
6763	dialog	1	37	18	有事の際は、私の命令に従ってもらうぞ	
6764	dialog	1	35	17	朝になるまで出てこねえよ、あいつは	
6765	dialog	1	15	7	期待している…	
6766	dialog	1	27	13	未来の神聖区民に向かってよ	
6767	dialog	1	13	6	末端誘導段階	
6768	dialog	1	27	13	本体RAMからロードします	
6769	dialog	1	25	12	本体RAMにセーブします	
6770	dialog	1	25	12	本当にやばいと思ってたら	
6771	dialog	1	25	12	本当に安全になるまではな	
6772	dialog	1	33	16	本当に生き残りはいなかったのか？	
6773	movie	1	25	12	本当のところはわからんよ	
6774	dialog	1	39	19	本当のウルは、岩の壁で隠されているんだ	
6775	movie	1	9	4	本当は…	
6776	dialog	1	23	11	本当は、それが普通なの	
6777	slot	1	37	16	本当は、触れてはいけない物なんだ	
6778	dialog	1	27	13	本当は何も変わらないのに…	
6779	dialog	1	37	18	本来の目的は、徐々に忘れられていった	
6780	movie	1	25	12	本物の帝国軍が来る前に…	
6781	dialog	1	35	17	本隊からの情報通りだな…迎撃開始！	
6782	dialog	1	39	19	本隊へ、我が隊は全滅、敵は例のドラゴ…	
6783	dialog	1	15	7	本隊より入電、	
6784	dialog	1	25	12	村にいた頃がなつかしいわ	
6785	dialog	1	37	18	村に着いた時には、焼け跡しかなかった	
6786	dialog	1	35	17	村を帝国に売った、裏切り者だからな	
6787	movie	1	7	3	来たか	
6788	dialog	1	25	12	来たか、やつを足止めする	
6789	dialog	1	33	16	東の方って、なにがあるんだろう？	
6790	movie	1	31	15	栄華を誇った文明が滅んで数千年	
6791	dialog	1	35	17	森からは、作物がたくさんとれるんだ	
6792	dialog	1	29	14	森から接近するしかないだろう	
6793	ui	1	21	10	森での中ボスの説明用	
6794	ui	1	169	82	森の上で、また帝国軍と出くわす。\nその武器や規模より、彼らが人間で\nあるという事実の方が恐ろしかった。\n彼らと正面から戦っていたら、また\n無数の兵士の命を尋っていたはずだ。	
6795	dialog	1	39	19	森の各所には、マサーンが根を張っている	
6796	dialog	1	31	15	森の向こうにあるっていう遣跡よ	
6797	dialog	1	35	17	森の恵みは、我々に与えられたものだ	
6798	dialog	1	37	18	森の恵みは、我々神聖区民だけのものだ	
6799	dialog	1	29	14	森の恵みをやたらにつみ取れば	
6800	dialog	1	29	14	森の炎は、当分消えないだろう	
6801	dialog	1	37	18	森は、月が変わるまで燃えてるだろうね	
6802	dialog	1	23	11	森を焼いたのは帝国だぜ	
6803	dialog	1	27	13	森を焼いたのは帝国らしいな	
6804	dialog	1	15	7	構わないけど…	
6805	dialog	1	29	14	構造体の生命形態、判別不能…	
6806	ui	1	44	21	様々な用途で使用される油\n店で売れば金になる	
6807	movie	1	9	4	様子は？	
6808	dialog	1	121	58	標準型で長く戦っていると\nレベルアップした時に\n各能力が平均的に上がる。\nまた、各クラスのバーサークを\n平均的に覚えていく。	
6809	dialog	1	100	48	標準型で長く戦っていると\n各能力が平均的に上がる。\nまた、各クラスのバーサークを\n平均的に覚えていく。	
6810	dialog	1	119	57	標準型：徐々にHP回復\n攻撃型：一定確率で反撃\n心技型：徐々にBP回復\n防御型：防御力2倍\n機動型：ステータス異常自動解除	
6811	ui	1	7	3	機動力	
6812	dialog	1	123	59	機動力を高めて戦っていると\n機動系統バーサークが\n早めに得られる。\n補助と物理属性のバーサーク。\nAGIRITY CLASS。	
6813	dialog	1	7	3	機動型	
6814	dialog	1	131	63	機動型で長く戦っていると\nレベルアップした時に\n銃の威力が上がりやすい。また、\nAGILITY CLASSの\nバーサークを覚えやすい。	
6815	dialog	1	111	53	機動型で長く戦っていると\n銃の威力が上がりやすい。\nまた、\nAGILITY CLASSの\nバーサークを覚えやすい。	
6816	dialog	1	9	4	機動形態	
6817	dialog	1	9	4	機能低下	
6818	dialog	1	9	4	機能異常	
6819	dialog	1	9	4	機銃掃射	
6820	dialog	1	29	14	機関部、第2エンジン接続完了	
6821	dialog	1	33	16	機関部損傷、これ以上もちません！	
6822	dialog	1	15	7	機関部異常なし	
6823	dialog	1	23	11	機関部破損、被害甚大！	
6824	dialog	1	23	11	機関部破損、被害軽微！	
6825	dialog	1	31	15	機関部被弾、戦闘維続不能です！	
6826	dialog	1	21	10	次々と襲ってくるわよ	
6827	movie	1	17	8	次の作戦に移るぞ	
6828	dialog	1	25	12	次の司祭の話、聞いたか？	
6829	dialog	1	33	16	次の部隊がそこに向かっているぞ…	
6830	dialog	1	33	16	次は、みんなと一緒に行けるかもね	
6831	movie	1	17	8	欲望は戦乱を生む	
6832	dialog	1	25	12	止められるようになったわ	
6833	dialog	1	33	16	止めるスイッチがあるかもしれない	
6834	dialog	1	27	13	正しいデータではありません	
6835	dialog	1	21	10	正しく記録できません	
6836	dialog	1	27	13	正直、わからなくなったんだ	
6837	dialog	1	23	11	正直言って、恐かったよ	
6838	movie	1	21	10	正直言って驚いたよ…	
6839	dialog	1	37	18	正確には人間ではないが…まあ、そうだ	
6840	movie	1	27	13	正義は俺達にないかもしれん	
6841	dialog	1	25	12	正面に壁が見えるはずです	
6842	dialog	1	37	18	武器なんかもあるから、見てってくれよ	
6843	dialog	1	31	15	武器もひととおり買ってあるんだ	
6844	dialog	1	29	14	武器や薬がなけりゃ戦えない…	
6845	movie	1	19	9	死にたくないならな	
6846	movie	1	21	10	死ぬわけじゃないわ…	
6847	dialog	1	39	19	死んだみんなにとっては、おんなじことさ	
6848	movie	1	9	4	死んだよ	
6849	dialog	1	27	13	死んだ子を天に帰す準備だよ	
6850	dialog	1	37	18	死んだ遣跡の跡が、空洞になってるのさ	
6851	dialog	1	33	16	残った一方が、船を封印したそうだ	
6852	dialog	1	35	17	残った俺達を思ってのことだろうな…	
6853	dialog	1	35	17	残念だが、よそ者の居場所などないよ	
6854	dialog	1	19	9	気づかなかったか？	
6855	dialog	1	39	19	気の毒にな…その金、絶対返ってこねえよ	
6856	dialog	1	11	5	気をつけな	
6857	dialog	1	13	6	気をつけろ！	
6858	dialog	1	23	11	気を抜くと命を落とすぞ	
6859	dialog	1	21	10	気を抜くなよ、エッジ	
6860	movie	1	21	10	気楽でいいな、子供は	
6861	dialog	1	21	10	気楽でうらやましいね	
6862	dialog	1	15	7	気楽に行こうぜ	
6863	dialog	1	5	2	気絶	
6864	ui	1	185	89	水や草や獣は、人からその姿を隠し、\n遣跡は、人に扉を閉ざし、\n攻性生物は、人を喰い続けた。\nかくして、\n神は、人の世とともになく、\n我らは、神の栄光からへだたり、\n万象は、我らに災いをなす。	
6865	dialog	1	13	6	水平尾翼投来	
6866	dialog	1	31	15	水源、森…それと遣跡の近くだな	
6867	movie	1	5	2	水？	
6868	movie	1	11	5	永かった…	
6869	movie	1	9	4	永遠にな	
6870	movie	1	29	14	永遠の闇から呼び戻してくれた	
6871	dialog	1	37	18	汚い仕事だけど、給金はよかったからな	
6872	dialog	1	21	10	決まったわけじゃない	
6873	dialog	1	7	3	沈没船	
6874	dialog	1	17	8	沈没船下の隠れ穴	
6875	dialog	1	39	19	泣いてばかりじゃ、生きていけませんから	
6876	dialog	1	9	4	注意しろ	
6877	dialog	1	15	7	注意しろって…	
6878	movie	1	15	7	消費してしまう	
6879	movie	1	23	11	深刻化の一途をたどった	
6880	dialog	1	21	10	深追いする必要はない	
6881	dialog	1	19	9	渓谷で見つけたんだ	
6882	dialog	1	21	10	渓谷で見つけたんだ…	
6883	dialog	1	19	9	渓谷に落ちてたんだ	
6884	ui	1	180	86	渓谷地帯で戦った。\n2匹が一緒に行動している\nことが多い。\n後ろに回り込めば安全だが\n動きがすばやいのでかなり\n難しい。逆に回り込まれて\n大アゴに襲われないように\n気をつける必要がある。	
6885	ui	1	176	84	渓谷地帯で戦った。\nこちらを追うようにして\n向きを変えてくるが、回り\n込んで危険方向をさければ\n無傷で倒せる相手だ。\nただし、複数いる場合は、\nそれぞれの向きに注意する\n必要がある。	
6886	ui	1	191	91	渓谷地帯で戦った。\nメラコラとの違いは、頭の\n飾りと特殊攻撃だ。\nたくさんの針を集中して\n撃ってくるので危険だが、\n前に回り込んで、針を出す\n□を攻撃すれば、大きな\nダメージを与えることが\nできる。	
6887	ui	1	152	72	渓谷地帯で戦った。\n体力を回復する力を持つ\n厄介な敵だ。\n仲間の体力も回復して\nしまうので、群れの中に\nこいつがいる時は、\n狙いをつけて先に倒した\n方がいい。	
6888	ui	1	178	85	渓谷地帯で戦った。\n尻尾の先にある袋の力で\n空を飛んでいるらしい。\n頭部は、衝撃を吸収する\n皮膚でおおわれているので\n攻撃を受けつけない。\nだが、知能の方は、あまり\n高くはないようだ。	
6889	ui	1	159	76	渓谷地帯で戦った。\n発掘所のどこかにいると\n噂されていた奴だ。確実に\n弱点を狙っていかないと、\n長期戦になるだろう。\nシャプリの幼体が際限なく\n出てくるのも厄介だ。	
6890	ui	1	105	50	渓谷地帯で戦った。\n背中を見せない限り襲って\nこないし、動きも遅い。\n油断さえしなければ確実に\n倒せる敵だ。	
6891	dialog	1	29	14	渓谷地帯にいない攻性生物は？	
6892	ui	1	15	7	渓谷地帯クリア	
6893	ui	1	29	14	渓谷地帯ボス戦(ガケオコリ)	
6894	ui	1	35	17	渓谷地帯中ボス戦(ヘビムシの巣A)	
6895	ui	1	35	17	渓谷地帯中ボス戦(ヘビムシの巣B)	
6896	ui	1	15	7	渓谷地帯進入可	
6897	dialog	1	39	19	渡ってたらって考えると、ぞっとするな…	
6898	movie	1	19	9	準備を…始めてくれ	
6899	movie	1	29	14	滅ぼそうと考えている男なのだ	
6900	dialog	1	35	17	滑走用レール浮上、緊急発進準備完了	
6901	dialog	1	35	17	滝に近い方が、監視台に通じてるのさ	
6902	dialog	1	11	5	滝裏の洞穴	
6903	dialog	1	17	8	火力を集中しろ！	
6904	dialog	1	35	17	炉心内温度上昇、冷却装置作動します	
6905	dialog	1	17	8	点滅しはじめた…	
6906	dialog	1	15	7	無事だったのか	
6907	ui	1	36	16	無数の光の矢を解き放つ <03><01>2ゲージ<03>	
6908	ui	1	36	16	無数の風の刃      <03><01>2ゲージ<03>	
6909	dialog	1	39	19	無理が効くのは、若いうちだけなんだから	
6910	dialog	1	19	9	無礼な□をきいて…	
6911	dialog	1	27	13	無秩序なよそ者とは違うのだ	
6912	movie	1	25	12	焼いたと言われる『塔』…	
6913	dialog	1	7	3	照明弾	
6914	dialog	1	9	4	熱量過多	
6915	dialog	1	33	16	熱隔離壁から異音発生、危険です！	
6916	dialog	1	13	6	燃料気化榴弾	
6917	dialog	1	19	9	燃料気化榴弾発射！	
6918	dialog	1	21	10	爆雷にて撃墜を試みる	
6919	dialog	1	17	8	父が言ってました	
6920	dialog	1	29	14	父ちゃんがやっつけたんだぜ！	
6921	dialog	1	33	16	父ちゃんたちがひろってきたんだ！	
6922	dialog	1	39	19	父ちゃんに聞いても、教えてくれないんだ	
6923	dialog	1	33	16	父ちゃんの話、聞いてるんだからさ	
6924	dialog	1	39	19	爺さんが死んだのは、俺の責任じゃないよ	
6925	dialog	1	15	7	物理攻撃構造体	
6926	ui	1	17	8	物理攻撃構造体1	
6927	ui	1	17	8	物理攻撃構造体2	
6928	dialog	1	99	46	物理耐性の敵には効果が弱い。\n物理耐性の敵に銃を向けると\n<03>\nANTI SHOT\n(アンチ ショット)<03>	
6929	dialog	1	31	15	物資が調達できないと困るだろ？	
6930	dialog	1	33	16	特に、おまえのような物知らずはな	
6931	movie	1	29	14	特に、それが攻性生物ならばな	
6932	dialog	1	21	10	特に数が多い場所は…	
6933	dialog	1	39	19	特別な薬を飲ませないと助からないって…	
6934	dialog	1	23	11	特務部隊の指揮官なんだ	
6935	dialog	1	81	39	特定方向からの攻撃に対して\n回避や反撃を行う敵や\n特定方向からのみ狙える敵もいる。	
6936	ui	1	9	4	特殊攻撃	
6937	dialog	1	5	2	狙い	
6938	dialog	1	35	17	狩りに出るのって、命がけなんですね	
6939	ui	1	52	25	狩りの無事を祈るお守り\n攻性生物の外殻で作られている	
6940	dialog	1	33	16	独力で空中船を組み上げたそうだな	
6941	dialog	1	35	17	独自に旧世紀の研究も進めてるらしい	
6942	ui	1	34	16	珍しい種類の食用植物\n高値で売れる	
6943	dialog	1	23	11	珍しい銃だから、つい…	
6944	movie	1	13	6	現れました！	
6945	ui	1	29	14	現在のタイプでは使用できない	
6946	ui	1	35	17	現在までに倒したクレイメン艦隊兵装	
6947	ui	1	27	13	現在までに倒した帝国軍兵装	
6948	ui	1	72	35	現在までに倒した攻性生物(変異種)\n旧世紀の姿と性能を失い、野生化した種	
6949	ui	1	72	35	現在までに倒した攻性生物(純血種)\n旧世紀の姿と性能を今も維持している種	
6950	dialog	1	31	15	現在アクセス中の構造体に警告…	
6951	dialog	1	21	10	現在交戦中、援軍求む	
6952	ui	1	11	5	現在装着中	
6953	dialog	1	37	18	現役のハンター様にゃ、わかんねえよな	
6954	dialog	1	17	8	現状を報告しろ！	
6955	movie	1	19	9	生かされてるだけだ	
6956	movie	1	35	17	生かされ続けるのは、もうごめんだ！	
6957	movie	1	27	13	生きてたのか…よく無事で…	
6958	movie	1	39	19	生きのびさえすれば、また戦える時が来る	
6959	movie	1	35	17	生きのびる方法？ どういう意味だ？	
6960	dialog	1	15	7	生きるためか…	
6961	slot	1	37	9	生きるためにはな…	
6962	dialog	1	35	17	生きるためにやってることなんだから	
6963	movie	1	35	17	生き残りがいる事を知らせてどうする	
6964	dialog	1	39	19	生き残りって人が、見つからなかったら？	
6965	movie	1	17	8	生き残りなんだ…	
6966	dialog	1	21	10	生まれたんじゃない…	
6967	dialog	1	33	16	生まれる場所間違ったかなあ、俺…	
6968	slot	1	23	7	生体兵器実験棟	
6969	dialog	1	25	12	生体兵器実験棟へのゲート	
6970	dialog	1	31	15	生体兵装での侵入を禁止します…	
6971	movie	1	23	11	生物兵器に斉かされつつ	
6972	ui	1	15	7	生産・稼動状況	
6973	dialog	1	35	17	用がすんだら、早々に立ち去ることだ	
6974	movie	1	19	9	由縁があるんだろ？	
6975	movie	1	19	9	甲板に脱出するんだ	
6976	dialog	1	39	19	申しわけないが、席を外してもらえんかな	
6977	dialog	1	35	17	申し遅れたが、ワシの名はアンユウだ	
6978	dialog	1	39	19	男どもは、さっさと発ちたがってるけど…	
6979	dialog	1	107	51	画面には表示されないが\n敵もゲージを持っており\n一定間隔で行動する。\nゲージのたまる速さは\n敵によって異なる。	
6980	dialog	1	35	17	留守の間に、出て行っちまったそうだ	
6981	movie	1	15	7	畜生、待…て…	
6982	ui	1	15	7	異端のドラゴン	
6983	dialog	1	15	7	疲れるのを待つ	
6984	dialog	1	27	13	病気だったのがうそみたい…	
6985	ui	1	19	9	発射弾数が上昇する	
6986	dialog	1	35	17	発掘品なら、少しばかり取って来たぜ	
6987	dialog	1	35	17	発掘品ひとつのために、街をつぶす…	
6988	dialog	1	33	16	発掘品を毎日いじり回してる変人よ	
6989	dialog	1	12	5	発掘所<05>上空	
6990	ui	1	58	28	発掘所で掘り出された石のクズ\n店で売ればわずかだが金になる	
6991	ui	1	82	39	発掘所の地下の遣跡で、\n初めて出会った時の姿。\nすべては、あの時から\n始まったんだ。	
6992	dialog	1	13	6	発掘所を出る	
6993	ui	1	149	72	発掘所を破壊したドラゴンが、帝都\n防衛線に接近した時点で、軍司令部は\nドラゴンの捕獲を断念。\n残存部隊をもって迎撃にあたったが、\n撃滅は不可能であった。	
6994	ui	1	17	8	発掘所上空クリア	
6995	ui	1	17	8	発掘所上空進入可	
6996	ui	1	13	6	発掘所進入可	
6997	dialog	1	23	11	登るの、速いじゃないか	
6998	dialog	1	39	19	白い船と黒い船が、撃ちあってたんだとよ	
6999	movie	1	39	19	皇帝たる私に銃を向けるとは、クレイメン	
7000	movie	1	31	15	皇帝はそれを知り、彼女を探した	
7001	dialog	1	31	15	皇帝は死に、旗艦艦隊も全滅した	
7002	dialog	1	23	11	皇帝砲、次弾装填完了！	
7003	dialog	1	23	11	皇帝砲発射準備まだか！	
7004	dialog	1	25	12	皇帝砲発射準備整いました	
7005	movie	1	19	9	皇帝陛下、ご指示を	
7006	ui	1	184	89	皇帝陛下の動命により、当該飛行物体\n(現地語に基づき「シェルクーフ」と\n呼称)の追跡が開始されたが、探索\n部隊と合流する時点で、メッカニア\n連邦軍と衝突。全面戦争に発展する\n結果となった。	
7007	dialog	1	37	18	盗っ人呼ばわりしたけりゃ、かまわんぜ	
7008	dialog	1	27	13	監視をつけとくべきだったよ	
7009	dialog	1	39	19	監視台なんてめったに使わないんだけど…	
7010	dialog	1	37	18	目の前で食われていく、仲間の姿がよ！	
7011	dialog	1	21	10	目を覚まさないんです	
7012	dialog	1	27	13	目標、グリグオリグに接近中	
7013	dialog	1	13	6	目標、ゾア！	
7014	dialog	1	35	17	目標、ゾア！ 全てを灰にしてやる！	
7015	dialog	1	35	17	目標、側面に移動！ 砲旋回まだか！	
7016	dialog	1	11	5	目標を捕捉	
7017	dialog	1	25	12	目標を確認、ドラゴンです	
7018	dialog	1	29	14	目標発見、対空誘導弾発射準備	
7019	dialog	1	35	17	目標破壊可能ライン到達まで5分です	
7020	dialog	1	35	17	目標破壊可能ライン到達まで7分です	
7021	movie	1	17	8	目的のない旅…か	
7022	movie	1	33	16	目的地4番発掘所まで、あと30分	
7023	dialog	1	35	17	目覚めさせるための処置をするだけだ	
7024	dialog	1	23	11	目覚めたばかりのころ…	
7025	dialog	1	37	18	目覚めた時は違ったかもしれない、でも	
7026	dialog	1	35	17	目覚めた遣跡は、何をするかわからん	
7027	dialog	1	19	9	直接アクセスして、	
7028	dialog	1	25	12	直衛編隊、連携で行くぞ！	
7029	dialog	1	39	19	直通エレベーターが使えるかもしれない…	
7030	dialog	1	27	13	相変わらずだなあ、あいつも	
7031	movie	1	27	13	相棒が待ってる、おまえのな	
7032	dialog	1	27	13	相棒にもそう言っといてくれ	
7033	dialog	1	39	19	真に恐ろしいのは、統制された集団なのだ	
7034	dialog	1	31	15	眠った遣跡が目覚めちまうんだよ	
7035	dialog	1	31	15	眠気をこらえるのにもひと苦労さ	
7036	dialog	1	33	16	知ってるってことになっちゃって…	
7037	dialog	1	15	7	知ってるのか？	
7038	dialog	1	29	14	知ってるよ…一度、戦ったから	
7039	dialog	1	17	8	知ってるよ、それ	
7040	movie	1	19	9	知りたくないのか？	
7041	ui	1	184	88	砂の海を移動する島としか\n言いようのない奴だ。\n空中戦艦でもなければ、\nこいつと対等に戦うことは\nできないだろう。\nガッシュが倒し方を教えて\nくれなかったら、儀らも\nどうなっていたことか…。	
7042	dialog	1	23	11	砂をどける事ができるぞ	
7043	dialog	1	12	5	砂漠<05>抜け穴	
7044	dialog	1	20	9	砂漠<05>枯れたオアシス	
7045	dialog	1	27	13	砂漠のあちこちに開いてるぜ	
7046	dialog	1	39	19	砂漠のオアシスも、たいてい遣跡がらみだ	
7047	dialog	1	39	19	砂漠の攻性生物は、地上に住んでるからな	
7048	dialog	1	39	19	砂漠の攻性生物はわりと手ごわいんだが…	
7049	dialog	1	27	13	砂漠は地下を通って越える…	
7050	dialog	1	27	13	砂漠越えも終わりってわけだ	
7051	dialog	1	7	3	砂潜り	
7052	dialog	1	31	15	研究材料にはもってこいだからな	
7053	dialog	1	29	14	砲台、なにをしている、側方だ	
7054	dialog	1	11	5	砲台、旋回	
7055	dialog	1	31	15	砲台動力部温度上昇、危険です！	
7056	dialog	1	29	14	砲塔部、リアクター順調作動中	
7057	dialog	1	15	7	砲塔部異常なし	
7058	dialog	1	17	8	砲手、旋回急げ！	
7059	dialog	1	5	2	破壊	
7060	dialog	1	21	10	破壊しちまったぜ！？	
7061	ui	1	27	13	破壊力を強化した手投げ爆弾	
7062	ui	1	31	20	碧セア？<09>？<01>玉メ<08><16>ヲモなアナム<01><16>わひーーチミ<01><16>ね	
7063	dialog	1	37	18	確か、おまえはバイマンに恩があったな	
7064	dialog	1	25	12	確か、もう1体下の層に…	
7065	dialog	1	31	15	確かに、何かを感じたんだけど…	
7066	movie	1	33	16	確かに、奴の言う通りこれは世界を	
7067	dialog	1	17	8	確認できません！	
7068	movie	1	11	5	礼を言うぜ	
7069	ui	1	190	92	祈りの前に食物を□にした者、\n祈りの前に身を清めなかった者、\n日々の営みのけがれをまとったまま\n祈りを捧げた者、地上の燈火によって\n「護り火」をけがした者は、\nただちに守護地を去らねばならない。	
7070	ui	1	9	4	祈りの掟	
7071	dialog	1	35	17	神から盗んだ品を売りつけようとはな	
7072	dialog	1	35	17	神に仕える資質を認められたんですよ	
7073	dialog	1	39	19	神に見捨てられて、なお祈りに来たのか？	
7074	dialog	1	19	9	神の使いのくせに…	
7075	slot	1	50	18	神の使いは、神の街を守るべきだろう？	
7076	dialog	1	17	8	神の守護、ねえ…	
7077	dialog	1	39	19	神の守護が、それだけ偉大だということだ	
7078	dialog	1	33	16	神の守護を裏切ることになるからな	
7079	dialog	1	33	16	神の遣産だとか、悪魔の巣だとかな	
7080	dialog	1	35	17	神の領域を荒らす罰当たりってわけさ	
7081	dialog	1	37	18	神をも恐れぬってのは、奴らのことだな	
7082	dialog	1	33	16	神様に守ってもらうんじゃなくてさ	
7083	dialog	1	25	12	神様の力で守られてるのさ	
7084	dialog	1	39	19	神聖区じゃ、司祭の次ぐらいに偉いんだぜ	
7085	dialog	1	37	18	神聖区に入ると、正面に倉庫があります	
7086	dialog	1	29	14	神聖区に入れてもらえねえんで	
7087	dialog	1	37	18	神聖区に雇われて、はした金稼いでも…	
7088	dialog	1	37	18	神聖区のお坊ちゃんの言いそうなこった	
7089	dialog	1	33	16	神聖区の下働きなどしちゃいかんぞ	
7090	dialog	1	37	18	神聖区の奴がいると、酒がまずくなるぜ	
7091	dialog	1	17	8	神聖区の通行証だ	
7092	dialog	1	33	16	神聖区の連中、ケチくせえからなあ	
7093	dialog	1	39	19	神聖区の連中は、それがわかってないのさ	
7094	dialog	1	37	18	神聖区の連中は、外の世界がこわいんだ	
7095	ui	1	21	10	神聖区への許可証入手	
7096	dialog	1	39	19	神聖区入りを推薦してもらったはずだが…	
7097	dialog	1	37	18	神聖区民になるには、下積みがいるのさ	
7098	dialog	1	37	18	神聖区民になるには、勉強も必要なのさ	
7099	dialog	1	29	14	神聖区民を相手に値切る気か？	
7100	ui	1	134	64	禁止区域で戦った。\nこのドラゴンも、伝説と\n同じく、敵を追う光の矢を\n武器にしている。一度に\n数十本もの光の矢を放つ\n攻撃が、特に危険だ。	
7101	dialog	1	37	18	禁止区域に、ドラゴンが出たんだってな	
7102	dialog	1	31	15	禁止区域に行くって…本気かい？	
7103	dialog	1	29	14	禁止区域の遣跡には気をつけな	
7104	dialog	1	35	17	禁止区域の遣跡は、重力を操るそうだ	
7105	ui	1	15	7	禁止区域クリア	
7106	ui	1	27	13	禁止区域ボス戦(AD＃1)	
7107	ui	1	33	16	禁止区域中ボス戦(クレイメン艦)	
7108	ui	1	169	81	禁止区域近辺で出会う。\n編隊を組んで飛ぶ姿は、\n帝国軍の戦闘機のようだ。\n後方への攻撃ができない\nかわりに、レーザーを回避\nする能力がある。それさえ\n何とかすれば楽に倒せる。	
7109	ui	1	159	76	禁止区域近辺で戦った。\n水に潜っている間は攻撃を\n受けつけない。\nヴェロクスと同じように、\n他と姿が違うやつが群れに\n混じっている。これも、\n指揮をとる個体だろう。	
7110	ui	1	126	60	禁止区域近辺で戦った。\n水に潜っている間は攻撃を\n受けつけない。\n短い光の矢を放つ攻撃が\n危険だが、よく見ればその\n前兆がわかる。	
7111	ui	1	113	54	禁止区域近辺で戦った。\n編隊を組んで飛ぶ姿は、\n帝国軍の戦闘機のようだ。\n角の長いやつが、指揮を\nとっているらしい。	
7112	ui	1	15	7	禁止区域進入可	
7113	dialog	1	21	10	私…待ってますから…	
7114	movie	1	7	3	私が…	
7115	dialog	1	23	11	私が、私であるために…	
7116	dialog	1	39	19	私がここまで来られたのはあなたのおかげ	
7117	movie	1	39	19	私が眠ってたベッドに、そう記されていた	
7118	movie	1	25	12	私が船をコントロールする	
7119	movie	1	27	13	私が行って、彼とドラゴンを	
7120	dialog	1	39	19	私が開放区にいたことは、黙っててくれよ	
7121	dialog	1	17	8	私じゃダメだわ…	
7122	dialog	1	35	17	私たちの村も、こんな感じの所でした	
7123	dialog	1	37	18	私たちを完全に外敵とみなしているのよ	
7124	dialog	1	23	11	私としても不本意だがな	
7125	dialog	1	35	17	私に、守られる理由なんてないのに…	
7126	ui	1	158	76	私にとって、いや、君にとって納得の\nできる終幕を始めよう。\nアゼルと共に塔に来るがいい。\n君たちの侵入コースを開けておく。\n \n        K．F．クレイメン	
7127	dialog	1	33	16	私にとっては、大切なひとだったの	
7128	dialog	1	39	19	私に与えられた使命は、もう無意味だって	
7129	dialog	1	21	10	私に礼を言う事はない	
7130	dialog	1	13	6	私のせいで…	
7131	dialog	1	27	13	私のためだけに用意された、	
7132	dialog	1	37	18	私の役目は、塔の制御だけだったから…	
7133	dialog	1	33	16	私の提案を受ける気になったかね？	
7134	dialog	1	37	18	私の身体は、地上の糧を受けつけないの	
7135	movie	1	35	17	私は、ただありのままを話しただけだ	
7136	dialog	1	35	17	私は、よそ者と取り引きする気はない	
7137	dialog	1	35	17	私は、地の底で何千年も眠っていたわ	
7138	dialog	1	27	13	私は「探索兵」シメオンです	
7139	dialog	1	23	11	私は「編み人」ザドクだ	
7140	movie	1	39	19	私は『絶対の客人』を導く存在にすぎない	
7141	movie	1	17	8	私はここに残るわ	
7142	movie	1	31	15	私はそれを知り、彼女を強尋した	
7143	dialog	1	23	11	私はキトールという者だ	
7144	dialog	1	19	9	私は色々忙しいのだ	
7145	dialog	1	33	16	私も…君が無事に帰って来ることを	
7146	movie	1	21	10	私も、この足だからな	
7147	dialog	1	23	11	私も、そう思っていた…	
7148	movie	1	11	5	私も行くわ	
7149	dialog	1	9	4	私自身…	
7150	dialog	1	39	19	私達の居場所は、もうないんでしょうか？	
7151	ui	1	36	16	秘めたる潜在能力を発動 <03><01>2ゲージ<03>	
7152	dialog	1	9	4	稲妻放出	
7153	dialog	1	37	18	空から塔に行く方法が見つかったんでな	
7154	dialog	1	27	13	空中から塔へ行こうとしても	
7155	dialog	1	37	18	空中戦艦が、東の方に飛んで行ったけど	
7156	dialog	1	35	17	空中戦艦と戦うはめになるとはなあ…	
7157	dialog	1	29	14	空中戦艦の方がずっと早かった	
7158	dialog	1	15	7	空中機雷放出！	
7159	ui	1	54	26	空中船のある広場にて待つ。\n日が落ちたら来い。    	
7160	movie	1	11	5	立てるか？	
7161	ui	1	7	3	竜の書	
7162	dialog	1	37	18	竜巻を起こすスイッチになってるはずだ	
7163	dialog	1	39	19	第1、第2ブロック、機能停止しました！	
7164	dialog	1	31	15	第1、第2ブロック、機能回復！	
7165	dialog	1	17	8	第1回転砲台準備	
7166	dialog	1	15	7	第1排気□開放	
7167	dialog	1	17	8	第2回転砲台準備	
7168	dialog	1	15	7	第2排気□開放	
7169	movie	1	31	15	第2次防衛線までは放来させろ！	
7170	dialog	1	25	12	第2編隊、応答ありません	
7171	dialog	1	27	13	第2編隊長からグリグオリグ	
7172	dialog	1	29	14	第3ブロック、消失しました！	
7173	dialog	1	17	8	第3回転砲台準備	
7174	dialog	1	15	7	第3排気□開放	
7175	dialog	1	17	8	第4回転砲台準備	
7176	dialog	1	31	15	第6編隊、迎撃に向かって下さい	
7177	dialog	1	17	8	答える必要はない	
7178	ui	1	184	89	粒子が止められない場合は、なんとか\n当たらないようにするしかない。\n特にエンジンからは、絶え間なく\n粒子が降り注いでいるので面倒だが、\nそれから身を守るための仕掛けも\nどこかにあるはずだ。	
7179	ui	1	149	72	粒子の噴出□を壊しておくのが、一番\nいいやり方だろう。\n中には、噴出□を全部壊さないと\n先に進めないところもあるらしいから\nせいぜい景気よくやってくれ。	
7180	dialog	1	45	20	系統別に効果が多少異なる。\n<03>\nATTACK系<03>	
7181	dialog	1	33	16	純血種ほど、その指令に忠実に動く	
7182	dialog	1	25	12	索敵モード2に移行しろ！	
7183	movie	1	31	15	終りない資源の浪費と戦争だけだ	
7184	ui	1	11	5	終息日の書	
7185	movie	1	21	10	終焉する時が来たのだ	
7186	movie	1	19	9	組織化された集団だ	
7187	movie	1	37	18	経験から言うと、帝国に首を突っ込むと	
7188	dialog	1	37	18	経験を積めば、いいハンターになれるぞ	
7189	ui	1	7	3	経験値	
7190	dialog	1	131	63	経験値がたまるとレベルアップし\nドラゴンと銃の基本性能が上昇、\nタイプセレクトでどう調整して\n戦っているかが\nその上昇具合に影響する。	
7191	dialog	1	37	18	結局、こんな仕事しかできなかったんだ	
7192	dialog	1	29	14	結局、みんな何もしなかった…	
7193	dialog	1	37	18	結局、みんな連中と取り引きしてるんだ	
7194	dialog	1	37	18	結局、アンユウは途中で帰ってきたんだ	
7195	dialog	1	33	16	結局、ワシは薬を持ち帰れなかった	
7196	dialog	1	29	14	結局、俺も奴らと同類なのかな	
7197	dialog	1	35	17	結局、帝国軍も神様には勝てないのよ	
7198	dialog	1	39	19	結局、旦那は薬を取ってこれなかったんだ	
7199	dialog	1	37	18	結局、船を守ってた方が戦いに敗れて…	
7200	dialog	1	25	12	結局、街はもとどおりか…	
7201	dialog	1	17	8	結構面白かったよ	
7202	dialog	1	39	19	統治者として帝国と交渉することになるな	
7203	dialog	1	33	16	絶対、あの4つの遣跡が怪しいって	
7204	movie	1	15	7	絶対の客人…？	
7205	movie	1	35	17	絶対の客人？ それってドラゴンの…	
7206	dialog	1	33	16	続いてヴァルナ級戦艦が会敵します	
7207	dialog	1	37	18	緊急活動時のエネルギーを供給してるの	
7208	dialog	1	29	14	総冥退艦せよ、艦を放来する！	
7209	dialog	1	11	5	総冥退避！	
7210	ui	1	7	3	総重量	
7211	dialog	1	82	39	緑の方向は\n敵がその方向に攻撃できないことを\n示している。\nそのため安全地帯となる。	
7212	dialog	1	29	14	置いといても邪魔になるだけさ	
7213	dialog	1	7	3	美しい	
7214	dialog	1	15	7	群れが合体する	
7215	dialog	1	5	2	羽化	
7216	dialog	1	13	6	考えてもみろ	
7217	dialog	1	9	4	耐性変化	
7218	dialog	1	27	13	聖なる方々の聖なるねぐらさ	
7219	dialog	1	23	11	聞いたか、黒い船の話！	
7220	dialog	1	37	18	聞いたか？ ドラゴンが降臨するそうだ	
7221	movie	1	17	8	聞いてどうする？	
7222	movie	1	25	12	聞く方法はいくらでもある	
7223	movie	1	17	8	聞こえるだろう？	
7224	dialog	1	31	15	背に腹はかえられんってとこだな	
7225	movie	1	19	9	胸の…ポケット……	
7226	dialog	1	82	39	能力を得た。\nタイプセレクトとは\nドラゴンの形態を自由に\n変化させられる能力である。	
7227	dialog	1	103	48	能力変化、レベルアップでの\n能力上昇・バーサークの獲得は\n微妙な調整に対応しているが\nその他に「<03>\nタイプ<03>	
7228	dialog	1	27	13	脱出装置が！ うわぁぁぁ…	
7229	dialog	1	39	19	腰を落ちつけるのは、当分おあずけだねえ	
7230	movie	1	33	16	自らが生み出した遣伝子改造による	
7231	movie	1	21	10	自らの優勢を保つため	
7232	movie	1	27	13	自分があそこで何をしたかも	
7233	dialog	1	35	17	自分が呼ばれるのを待っていたのよ…	
7234	dialog	1	23	11	自分が生きた証としてな	
7235	movie	1	21	10	自分だけ特別扱いか？	
7236	ui	1	184	89	自分でも、子供じみた考えだと思う。\nそれでも儀は、ラギの成長した姿を\n見てみたい。そして、一度でいいから\nあの翼で飛んでみたい。\n小さい頃に聞いたおとぎ話に出てきた\nドラゴン乗りのように。	
7237	movie	1	27	13	自分で歩きはじめる為には…	
7238	dialog	1	33	16	自分にしかできないことをしたいの	
7239	dialog	1	35	17	自分のパートナーを信用したらどうだ	
7240	movie	1	17	8	自分の主張通り、	
7241	dialog	1	37	18	自分の立場がまだ理解できんらしいな…	
7242	dialog	1	35	17	自分はそこで高みの見物というわけか	
7243	dialog	1	23	11	自律ができなくなってる	
7244	ui	1	19	9	自我発生による障害	
7245	ui	1	114	54	自我発生症状をきたしたドローンは、\n以下の障害を併発する。\n\n1)同調機能障害\n2)論理パターン混乱\n3)命令認識障害	
7246	dialog	1	17	8	自然に回復するわ	
7247	ui	1	15	7	自走砲ランカー	
7248	dialog	1	23	11	自走砲ランカー＆護衛艇	
7249	dialog	1	25	12	船体強度低下、危険です！	
7250	movie	1	31	15	船内に拘留しておけ、出航が近い	
7251	dialog	1	13	6	艦橋部損傷！	
7252	dialog	1	31	15	艦長！ ダメです、もちません！	
7253	dialog	1	29	14	艦隊…って、じゃあ、やっぱり	
7254	dialog	1	29	14	艦隊も、ここを通って行く時に	
7255	dialog	1	21	10	色々考えたんだけど…	
7256	dialog	1	33	16	色んな物があんなに小さく見える…	
7257	ui	1	58	28	花粉を受粉させてできた黄金の実\n最高速度を上げる効果がある	
7258	dialog	1	37	18	若いうちは、とにかく場数を踏むことだ	
7259	dialog	1	31	15	若いうちは、一人旅もいいだろう	
7260	dialog	1	21	10	若いのに冷静なんだな	
7261	dialog	1	33	16	若い人の気持ちはわからないねえ…	
7262	dialog	1	29	14	若造にしては、なかなかやるな	
7263	dialog	1	35	17	落ちる！！ しっかりつかまってろ！	
7264	dialog	1	27	13	落ち合う場所を、忘れるなよ	
7265	dialog	1	31	15	薬を、ありがとうございました…	
7266	dialog	1	31	15	融通の効く生き物じゃないのよ…	
7267	movie	1	13	6	血統書つきだ	
7268	dialog	1	21	10	行きましょう、エッジ	
7269	dialog	1	37	18	行くあてがないんなら、仲間になりなよ	
7270	dialog	1	21	10	行くあてはあるのか？	
7271	movie	1	19	9	行くって…どこに？	
7272	dialog	1	11	5	行くよ！！	
7273	dialog	1	29	14	行こう、たぶん下に抜けられる	
7274	dialog	1	27	13	行っちまったよ、あの子は…	
7275	dialog	1	35	17	街から来た、パエットという男だが…	
7276	dialog	1	31	15	街が湖にしずんじゃったんだよね	
7277	dialog	1	39	19	街の人間に自慢してたら、俺が塔のことを	
7278	dialog	1	33	16	街の入□の横にある階段を越えると	
7279	dialog	1	39	19	街の安全と引き換えにドラゴンの情報を…	
7280	dialog	1	35	17	街の焼け跡に、掘り返した跡があった	
7281	dialog	1	35	17	街の言い伝えに出てくる「神の車」さ	
7282	dialog	1	33	16	街を出たら、ハンターになろうかな	
7283	dialog	1	11	5	街を出る？	
7284	dialog	1	37	18	街を捨てて逃げ出してるよ、あいつは！	
7285	ui	1	36	16	衝撃反応エネルギー球  <03><01>2ゲージ<03>	
7286	dialog	1	9	4	衝撃吸収	
7287	dialog	1	21	10	被害状況を報告しろ！	
7288	dialog	1	25	12	被害軽微、問題ありません	
7289	ui	1	11	5	装備を変更	
7290	dialog	1	27	13	装甲が外れた…あと少しだ！	
7291	dialog	1	23	11	装甲大破、もちません！	
7292	ui	1	5	2	装着	
7293	ui	1	7	3	装着中	
7294	movie	1	25	12	裏側に起動スイッチがある	
7295	dialog	1	19	9	見かけねえ顔だな…	
7296	movie	1	31	15	見かけのわりには大丈夫そうだな	
7297	dialog	1	33	16	見たところ、旅をしているようだな	
7298	movie	1	11	5	見たのか？	
7299	movie	1	9	4	見たまえ	
7300	movie	1	23	11	見た目は人間に近いが、	
7301	dialog	1	35	17	見つかったら、捨てられちゃうからね	
7302	dialog	1	29	14	見つけたんだよ、村の焼け跡で	
7303	dialog	1	35	17	見つけた時には、もう手遅れだったよ	
7304	dialog	1	23	11	見ておきたいものがある	
7305	dialog	1	37	18	見てみろ、腕が動かなくなっているぞ。	
7306	dialog	1	25	12	見てればわかる…来るぞ！	
7307	dialog	1	25	12	見ろよ、この発掘品の山…	
7308	dialog	1	21	10	見張りも大切な仕事だ	
7309	dialog	1	21	10	見捨てられただって？	
7310	dialog	1	31	15	規格外品の思考は、人間に近いの	
7311	dialog	1	9	4	規格外？	
7312	movie	1	21	10	覚えているはずだ！！	
7313	dialog	1	13	6	覚えてないわ	
7314	dialog	1	33	16	親のあたしが言うのもなんだけど…	
7315	dialog	1	31	15	親父さん、結構話がわかるんだな	
7316	dialog	1	19	9	親父ならこの中だぜ	
7317	dialog	1	29	14	親父の仕事、本当にやるのか？	
7318	dialog	1	39	19	親父の奴、すっかり調子に乗っちまってさ	
7319	dialog	1	37	18	親父の話なんかするなよ、胸くそ悪いぜ	
7320	dialog	1	21	10	角がある奴に注意しろ	
7321	dialog	1	29	14	角のあるアシュティの武器は？	
7322	dialog	1	19	9	解除を承認します…	
7323	movie	1	33	16	言いたくなければそれでもいいがね	
7324	dialog	1	29	14	言う事を聞いてくれるんだろう	
7325	dialog	1	27	13	訓練の方は、どんな調子だ？	
7326	dialog	1	19	9	訓練通りにいくぞ！	
7327	ui	1	15	7	設定を元に戻す	
7328	dialog	1	35	17	評議会でうまく立ち回りたいだけだよ	
7329	dialog	1	39	19	評議会の対応しだいじゃ戦になっちまうな	
7330	dialog	1	27	13	評議会の発表、聞いたかい？	
7331	dialog	1	33	16	評議会も、少し考えてほしいものだ	
7332	dialog	1	37	18	試作段階とはいえ、このヴリトラまで…	
7333	dialog	1	35	17	話があるから、神聖区まで来いってよ	
7334	movie	1	25	12	話しておきたい事がある…	
7335	dialog	1	17	8	話なら、あとでな	
7336	dialog	1	23	11	話なら、後にしてくれよ	
7337	dialog	1	33	16	話はあとだ、帝国戦艦が来るぞ！！	
7338	movie	1	15	7	話を聞いてくれ	
7339	ui	1	21	10	該当するマップが無い	
7340	dialog	1	35	17	詳しいことは、パエットにでも聞きな	
7341	dialog	1	39	19	詳しい事は知らないが、よくやってくれた	
7342	dialog	1	35	17	詳しい奴に話を聞いた方がいいかもな	
7343	dialog	1	39	19	詳しい資料が街のどこかにあるはずなんだ	
7344	movie	1	39	19	詳しくは「編み人」のザドクが知っている	
7345	dialog	1	21	10	誘導爆雷、いけるか？	
7346	dialog	1	31	15	誘導爆雷、全て撃ち尽くしました	
7347	dialog	1	23	11	誘導爆雷再装填、急げ！	
7348	dialog	1	37	18	読みふるしたやつなら持ってっていいぜ	
7349	movie	1	15	7	誰かが…そう、	
7350	dialog	1	31	15	誰だって、あれには圧倒されるさ	
7351	dialog	1	35	17	誰だって、旧世紀の力と戦ってるんだ	
7352	dialog	1	29	14	誰だって腰抜けになっちまうさ	
7353	dialog	1	7	3	誰だ！	
7354	movie	1	25	12	誰なんです、そいつは！？	
7355	dialog	1	25	12	誰に許可をもらったんだ？	
7356	dialog	1	35	17	誰の許しをもらったのか知らないけど	
7357	dialog	1	35	17	誰の許しを得て、ここに入ってきた！	
7358	movie	1	31	15	誰もこんな人間がリーダーだとは	
7359	dialog	1	39	19	諸君、よくやった、我々の囮作戦は成功だ	
7360	dialog	1	27	13	警戒レベルを1に移行します	
7361	dialog	1	21	10	警戒態勢を解かないと	
7362	dialog	1	15	7	護衛艦、撃沈！	
7363	dialog	1	35	17	貴様も、神の怒りを受けるがよいわ！	
7364	dialog	1	23	11	赤いワームか、珍しいな	
7365	dialog	1	113	54	赤い方向は\nダメージの大きい攻撃や\nステータス異常攻撃など\n危険度の高い攻撃が行われる\n方向であることを示している。	
7366	movie	1	19	9	赤子のようなものだ	
7367	dialog	1	7	3	起動！	
7368	dialog	1	13	6	超バーサーク	
7369	movie	1	9	4	足場だ！	
7370	movie	1	13	6	足場を狙え！	
7371	dialog	1	27	13	身体の方、何ともないのか？	
7372	dialog	1	23	11	輪形陣に穴が開きました	
7373	dialog	1	39	19	辺境じゃ、それが金の代わりになるわけだ	
7374	dialog	1	39	19	辺境じゃ、神の時代だなんて言われてるが	
7375	dialog	1	39	19	辺境じゃ、神様の使いって事になってるぜ	
7376	ui	1	17	8	辺境での作戦行動	
7377	ui	1	166	80	辺境では、ドラゴンが神の使いと\n崇められているが、それは根拠なき\n迷信である。\nドラゴンもまた攻性生物であり、その\n驚異的な戦闘力は、我が軍に幾多の\n被害を及ぼしている。	
7378	ui	1	58	28	辺境で流布している書物\nドラゴンに関する伝承が記されている	
7379	ui	1	54	26	辺境で流布している書物\n創世に関する伝承が記されている	
7380	ui	1	54	26	辺境で流布している書物\n終末に関する伝承が記されている	
7381	dialog	1	35	17	辺境のある地域を制圧する命令が出た	
7382	movie	1	13	6	辺境の旅は…	
7383	ui	1	209	101	辺境部族の中には、帝国の財産である\n遣跡を、盗掘の目的で荒し回る一団が\n存在する。\n彼らはシーカーと呼称され、辺境では\n一応の認知を得ているが、その行為は\n帝国に対する反逆であり、発見しだい\nせん滅せねばならない。	
7384	dialog	1	11	5	迎撃急げ！	
7385	dialog	1	15	7	迎撃機発進完了	
7386	dialog	1	9	4	近いぞ！	
7387	dialog	1	23	11	近寄ることもできないよ	
7388	dialog	1	11	5	近接光学砲	
7389	dialog	1	17	8	近接光学砲発射！	
7390	dialog	1	21	10	近接対空防御装置作動	
7391	dialog	1	35	17	迷わないよう、注意して進んでくれ…	
7392	movie	1	11	5	追ってきた	
7393	ui	1	36	16	追尾貫通エネルギー波  <03><01>2ゲージ<03>	
7394	ui	1	36	16	追尾貫通レーザー    <03><01>2ゲージ<03>	
7395	dialog	1	19	9	送っているみたいだ	
7396	dialog	1	23	11	逃げられそうにないな…	
7397	ui	1	21	10	逃げることができない	
7398	movie	1	9	4	逃げろ！	
7399	dialog	1	5	2	逃亡	
7400	dialog	1	5	2	逃走	
7401	dialog	1	37	18	逆に奴らを本気で怒らせたかもしれない	
7402	movie	1	5	2	逆？	
7403	dialog	1	31	15	途中で、戦いになるかもしれない	
7404	ui	1	9	4	通常攻撃	
7405	dialog	1	21	10	通行証なら持ってるよ	
7406	dialog	1	31	15	通行証を発行されたということは	
7407	dialog	1	35	17	通路なら、ジューバの店の隣にあるぜ	
7408	dialog	1	37	18	通路を抜けると、正面に壁があるからよ	
7409	dialog	1	37	18	通路を抜けると、正面に壁が見えるから	
7410	dialog	1	35	17	連中、よく平気で遣跡に入れるもんだ	
7411	dialog	1	35	17	連中、一体何をやらかそうってんだ？	
7412	dialog	1	37	18	連中、本格的に黒い艦隊を追い始めたぜ	
7413	dialog	1	27	13	連中のやり方はいつも同じさ	
7414	dialog	1	39	19	連中もドラゴンを掘り出したらしいからな	
7415	dialog	1	37	18	連中より先に、ここを見つけてりゃなあ	
7416	dialog	1	39	19	連中ドラゴンにはやられっぱなしだからな	
7417	dialog	1	21	10	進む気でいるんだろ？	
7418	dialog	1	39	19	遂にこの噴進弾を実戦投入する時が来たか	
7419	movie	1	27	13	過去に全てドラゴンによって	
7420	dialog	1	9	4	違うな…	
7421	dialog	1	7	3	違うの	
7422	dialog	1	33	16	遠くの遣跡まで足をのばせってのか	
7423	dialog	1	25	12	遠慮するな、派手にやれ！	
7424	dialog	1	27	13	遠慮せんでいい、持っていけ	
7425	dialog	1	21	10	遠慮はいらないからね	
7426	dialog	1	5	2	遣跡	
7427	dialog	1	37	18	遣跡からわく水で、年中潤ってたもんさ	
7428	dialog	1	35	17	遣跡に興味持ってるって聞いたんでね	
7429	dialog	1	33	16	遣跡の事がわかる奴なんていねえよ	
7430	dialog	1	29	14	遣跡の事は、よく知らないんだ	
7431	dialog	1	37	18	遣跡の奥から取って来た永久発光体だぜ	
7432	movie	1	19	9	遣跡の役目なのだよ	
7433	dialog	1	37	18	遣跡の見方は、土地によっていろいろだ	
7434	dialog	1	33	16	遣跡の近くには、水がある事が多い	
7435	dialog	1	33	16	遣跡は、岩の壁に守られてるからな	
7436	dialog	1	25	12	遣跡やエンジン、そして…	
7437	dialog	1	27	13	遣跡？ 危険じゃないのか？	
7438	dialog	1	25	12	適当にごまかしといてくれ	
7439	dialog	1	39	19	選ばれた民として、生活が保証されるのだ	
7440	dialog	1	27	13	選り好みなどしちゃおれんよ	
7441	dialog	1	25	12	選択肢は残されているのよ	
7442	movie	1	19	9	部下達が監視してる	
7443	movie	1	7	3	部下？	
7444	dialog	1	27	13	里は、遣跡探索の拠点なのだ	
7445	dialog	1	31	15	里を率いる者に与えられる名前だ	
7446	dialog	1	13	6	重力の…道？	
7447	ui	1	9	4	重散弾砲	
7448	dialog	1	19	9	重散弾砲、旋回停止	
7449	dialog	1	19	9	重散弾砲、旋回開始	
7450	dialog	1	21	10	重散弾砲、限界です！	
7451	dialog	1	23	11	重散弾砲で叩き落とすぞ	
7452	dialog	1	33	16	重散弾砲充填完了、出力開放します	
7453	dialog	1	33	16	重散弾砲出力低下、充填に入ります	
7454	dialog	1	13	6	重散弾砲起動	
7455	dialog	1	35	17	野性化した攻性生物は、確かに強力だ	
7456	movie	1	25	12	野放しにはできないんでな	
7457	dialog	1	39	19	金が欲しいなら、そう言えばよかったのに	
7458	dialog	1	23	11	金さえ払ってくれりゃな	
7459	dialog	1	37	18	金ならそのうち返すって、せっつくなよ	
7460	dialog	1	29	14	金に困ったら、私に言ってくれ	
7461	dialog	1	3	1	鈴	
7462	dialog	1	19	9	銃だけを使って攻撃	
7463	dialog	1	67	32	銃の基本性能が\nドラゴンの機動力の影響を受けて\n成長することに注意。	
7464	ui	1	17	8	銃の威力が上がる	
7465	ui	1	19	9	銃の威力が倍になる	
7466	movie	1	35	17	銃を下ろすかどうかはそれから決める	
7467	movie	1	11	5	銃を下ろせ	
7468	ui	1	33	16	銃パーツ無しを示すダミーナンバー	
7469	ui	1	7	3	銃入手	
7470	dialog	1	37	18	長居してると、俺みたいになっちまうぜ	
7471	dialog	1	29	14	長居をしては奴らに感づかれる	
7472	dialog	1	37	18	長年、生死をともにした連中だったが…	
7473	dialog	1	33	16	長旅で疲れてるんです、この子も…	
7474	dialog	1	37	18	門番じゃ、大した事はできませんからね	
7475	dialog	1	29	14	門番ってのは、退屈な仕事だぜ	
7476	dialog	1	23	11	門番は何してるのかねえ	
7477	dialog	1	35	17	開放区に住んでる爺さんなんだけど…	
7478	dialog	1	35	17	開放区の奴に拾いに行かせようかな…	
7479	dialog	1	37	18	開放区は、そうやってできたんだからな	
7480	dialog	1	37	18	開放区まで来ないと、酒が飲めんとは…	
7481	dialog	1	19	9	間に合いません！！	
7482	movie	1	15	7	間に合うのか…	
7483	movie	1	27	13	間引かれて死んだんだからな	
7484	dialog	1	11	5	間違いない	
7485	slot	1	50	14	関係ないよ…儀はただの人間だ	
7486	movie	1	23	11	閣下は今ごろ『塔』に…	
7487	ui	1	140	67	防がれない光の矢と、\n貫かれない殻と、\n力尽きない翼が、\nすなわち、ドラゴンの力である。\n人の世のいかなるものも、\nドラゴンの前には無力である。	
7488	dialog	1	5	2	防御	
7489	dialog	1	41	20	防御しているぞ！ あの腕が邪魔なんだが…	
7490	ui	1	7	3	防御力	
7491	dialog	1	119	57	防御力の高い敵に有効だが\n弱点に命中しても\n威力は変わらない。\nドラゴンの回復や、戦闘を補助する\n効果のバーサークもある。	
7492	dialog	1	121	58	防御力を高めて戦っていると\n防御系統バーサークが\n早めに得られる。\n回復と防御のバーサーク。\nDEFFENCE CLASS。	
7493	ui	1	11	5	防御力上昇	
7494	ui	1	36	16	防御力上昇   防御型 <03><01>3ゲージ<03>	
7495	dialog	1	7	3	防御型	
7496	dialog	1	131	63	防御型で長く戦っていると\nレベルアップした時に\n最大HPが上がりやすい。また、\nDEFENSE CLASSの\nバーサークを覚えやすい。	
7497	dialog	1	111	53	防御型で長く戦っていると\n最大HPが上がりやすい。\nまた、\nDEFENSE CLASSの\nバーサークを覚えやすい。	
7498	dialog	1	9	4	防御形態	
7499	dialog	1	31	15	防衛システムのコントロールは、	
7500	ui	1	122	59	防衛線を突破した2頭のドラゴンは、\n戦闘を行いつつ、帝都を経由して塔に\n接近。これと前後して、塔の活動に\n変化が生じ始めた。	
7501	dialog	1	21	10	防護システム04起動	
7502	dialog	1	21	10	防護システム09起動	
7503	dialog	1	21	10	防護システム13起動	
7504	dialog	1	35	17	限られた恵みで命をつなぐための掟だ	
7505	dialog	1	39	19	陛下の御前で醜態をさらすわけにはいかん	
7506	movie	1	15	7	隊長、これは…	
7507	dialog	1	33	16	隊長からそう聞いてたんで、つい…	
7508	ui	1	21	10	隊長が持っていた帳面	
7509	movie	1	39	19	隊長には、クレイメンを追えって言われた	
7510	ui	1	11	5	隊長の日記	
7511	movie	1	29	14	隊長やみんなの仇を討ちたい…	
7512	movie	1	23	11	隊長達を殺したんだ！！	
7513	movie	1	9	4	隊長！！	
7514	movie	1	7	3	隊長？	
7515	dialog	1	29	14	階段をふさいじまってるんでね	
7516	dialog	1	21	10	隠れている弱点を探す	
7517	ui	1	37	18	雇われハンター・ラウルから託された笛	
7518	dialog	1	5	2	離脱	
7519	ui	1	48	23	雷撃兵器に使用される光学器官\n店で売れば金になる	
7520	dialog	1	5	2	雷針	
7521	dialog	1	31	15	電磁発振砲、充電局面に入ります	
7522	dialog	1	31	15	電磁発振砲の射角にとらえました	
7523	dialog	1	9	4	震動探知	
7524	dialog	1	21	10	震動探知システム作動	
7525	dialog	1	25	12	青い二本柱が目印だとか…	
7526	dialog	1	21	10	青い扉が目印だからね	
7527	dialog	1	17	8	青い扉が目印だぜ	
7528	dialog	1	23	11	青い扉が見えるはずです	
7529	dialog	1	39	19	青い柱が、入□の両脇に立ってるそうだぜ	
7530	dialog	1	7	3	面白い	
7531	ui	1	17	8	音声の設定を変更	
7532	ui	1	15	7	音声出力の設定	
7533	dialog	1	21	10	預った物も渡してきた	
7534	dialog	1	35	17	頭だ！ 頭を狙って、動きを止めろ！	
7535	dialog	1	33	16	頭への攻撃が一番効果ありそうだな	
7536	dialog	1	27	13	頼まれてた物、持ってきたよ	
7537	dialog	1	37	18	頼まれてた部品、取ってこれなかった！	
7538	movie	1	5	2	頼む	
7539	dialog	1	23	11	頼む、一度でいいんだ！	
7540	dialog	1	21	10	頼んだぞ、エッジ！！	
7541	dialog	1	27	13	頼んだぞ、礼ははずむからな	
7542	dialog	1	39	19	頼んだ物はまだか？ 早く持って来てくれ	
7543	ui	1	44	21	風網のファン\n旧世紀の材質なので高値で売れる	
7544	dialog	1	11	5	風網制御板	
7545	ui	1	207	100	飛ぶ練習をするために、村の外に\n出ていた儀らだけが助かった。\n不思議と涙は出なかった。目の前で\n村が燃えているのに、なにか悪い夢の\nように思えて仕方なかった。\nむしろ、その後に起きたラギの異変が\n儀を恐れさせた。	
7546	dialog	1	19	9	飛行甲板、換装完了	
7547	dialog	1	17	8	飛行甲板異常なし	
7548	movie	1	9	4	食うか？	
7549	dialog	1	29	14	食べ物と水の減り具合だけだよ	
7550	dialog	1	31	15	食料の買いつけじゃなさそうだが	
7551	ui	1	48	23	食虫植物の赤い花粉\n飛行速度を保持する効果がある	
7552	dialog	1	39	19	首尾はどうだった？ 塔には行けたのか？	
7553	ui	1	50	24	香石のかけら\n持つと敵の状況をナビゲータに表示する	
7554	dialog	1	21	10	馬鹿な！？私の船が…	
7555	dialog	1	15	7	駆動部温度上昇	
7556	dialog	1	15	7	駆動部温度安定	
7557	dialog	1	25	12	駆逐艦ヴァジュラ＆護衛艇	
7558	ui	1	27	13	駐屯地、本読んでの台詞変化	
7559	dialog	1	15	7	高く買い取るぜ	
7560	ui	1	36	16	高出力分散型レーザー  <03><01>2ゲージ<03>	
7561	ui	1	36	16	高出力集中型レーザー  <03><01>2ゲージ<03>	
7562	ui	1	36	16	高周波振動の衝撃波   <03><01>2ゲージ<03>	
7563	ui	1	36	16	高熱の火球を発生させる <03><01>2ゲージ<03>	
7564	dialog	1	11	5	高速射撃砲	
7565	dialog	1	5	2	鱗粉	
7566	movie	1	25	12	黄昏の時代を過ごしていた	
7567	dialog	1	19	9	黒い空中戦艦の話！	
7568	dialog	1	33	16	黒い船！？ この近くにいるのか！	
7569	dialog	1	13	6	黒い艦隊か…	
7570	dialog	1	31	15	黒い艦隊と一戦まじえるためだろ	
7571	dialog	1	33	16	黒い艦隊を指揮してるって言ったな	
7572	movie	1	39	19	黒い艦隊を率いる男の話を聞いた事がある	
7573	dialog	1	19	9	黙ってて悪かったな	
7574	ui	1	3	1	％	
7575	movie	1	25	12	（帝国）が出現した時から	
7576	movie	1	19	9	（旧世紀）の兵器は	
7577	ui	1	3	1	＋	
7578	ui	1	4	2	＋<04>ー	
7579	ui	1	3	1	．	
7580	dialog	1	13	6	：1ゲージ化	
7581	dialog	1	39	17	：ゲージ低速化\n<03>\nSTOP(ストップ)<03>	
7582	dialog	1	33	14	：多数の敵に\n<03>\nAGILITY系<03>	
7583	dialog	1	13	6	：守り重視に	
7584	dialog	1	33	14	：少数の敵に\n<03>\nDEFENSE系<03>	
7585	dialog	1	39	17	：攻撃防御低下\n<03>\nBIND(バインド)<03>	
7586	dialog	1	27	11	：毒\n<03>\nSLOW(スロウ)<03>	
7587	dialog	1	33	14	：移動不可\n<03>\nPAIN(ペイン)<03>	
7588	dialog	1	41	18	：近い順に威力大\n<03>\nSPIRITUAL系<03>	
7589	dialog	1	19	9	？ …行き止まり？	
7590	dialog	1	5	2	？)	
7591	dialog	1	4	2	？<02>ヨ	
7592	dialog	1	4	2	？<03>ニ	
7593	dialog	1	4	2	？<05>メ	
7594	dialog	1	3	2	？な	
7595	dialog	1	17	8	あ、あの、これ…	저,저기,이거…
7596	dialog	1	9	4	…うん…	…응…
7597	dialog	1	7	3	あれ？	어라?
7598	dialog	1	9	4	…ああ…	…아아…
7599	ui	1	35	17	               記録	               기록
7600	ui	1	8	7	<0C>録機械	<0C>기계
7601	ui	1	9	4	ドラゴン	드래곤
