kind	count	slot_min	bytes	chars	first	text
slot	234	19	11	5	TWN_CAMP+00BCEF	話をやめる
dialog	202		2	1	FLD_C8+01513B	)
slot	106	19	9	4	TWN_CAMP+00BC65	帝国の話
slot	104	19	13	6	TWN_CAMP+00BCD8	シーカーの話
dialog	96		19	9	TWN_ZOAH+013E2F	ジューバの店への道
slot	96	29	13	6	TWN_SEEK+0128CF	ゾアの街の話
dialog	87		7	3	TWN_CAMP+00FCF8	やめる
slot	73	19	13	6	TWN_CAMP+00BC7C	ドラゴンの話
dialog	70		2	1	FLD_B6+00AF90	る
dialog	64		19	9	TWN_ZOAH+013E64	バイマンの家への道
dialog	64		11	5	TWN_ZOAH+013E77	教会への道
dialog	64		17	8	TWN_ZOAH+013E53	機械置き場への道
dialog	64		11	5	TWN_ZOAH+013E82	通路への道
slot	64	31	9	4	TWN_ZOAH+023E6D	酒場の話
slot	64	31	11	5	TWN_ZOAH+023E4E	開放区の話
dialog	47		9	4	BTL_A3+0574BB	レーザー
slot	40	19	13	6	TWN_CAMP+00BCC1	攻性生物の話
slot	40	19	11	5	TWN_CAMP+00BC93	旧世紀の話
narration	33		25	12	TWN_SEEK+004268	(扉は閉ざされている…)
slot	33	25	11	5	TWN_CAMP+00EE6A	アゼルの話
slot	32	31	15	7	TWN_ZOAH+023EAB	「護り火」の話
slot	32	29	19	9	TWN_SEEK+0127AD	『絶対の客人』の話
slot	32	31	9	4	TWN_ZOAH+023F08	ウルの話
slot	32	29	13	6	TWN_SEEK+0128B2	ガッシュの話
slot	32	31	13	6	TWN_ZOAH+023F27	トビタマの話
dialog	32		17	8	TWN_ZOAH+013E42	パエットの居場所
slot	32	31	9	4	TWN_ZOAH+023ECA	司祭の話
slot	32	31	11	5	TWN_ZOAH+023E8C	神聖区の話
dialog	30		5	2	BTL_A3+0574C4	反撃
dialog	29		9	4	TWN_CARA+003CE9	外に出る
dialog	28		9	4	TWN_CARA+003996	中に入る
dialog	26		19	9	BTL_A3+05762B	すでに行なっている
dialog	26		23	11	BTL_A3+0574C9	アイテムのリストを表示
dialog	26		23	11	BTL_A3+057561	アイテムを持っていない
dialog	26		11	5	BTL_A3+05749C	エスケープ
dialog	26		13	6	BTL_A3+057407	クチカラボム
dialog	26		17	8	BTL_A3+057414	サンダーレーザー
dialog	26		9	4	BTL_A3+05743F	シールド
dialog	26		11	5	BTL_A3+0574B0	スタンガン
dialog	26		15	7	BTL_A3+0573F8	スタンレーザー
dialog	26		9	4	BTL_A3+057482	スピード
dialog	26		27	13	BTL_A3+05750A	ドラゴンのタイプをセレクト
dialog	26		17	8	BTL_A3+05748B	ドラゴンリキッド
dialog	26		9	4	BTL_A3+057436	バリアー
dialog	26		9	4	BTL_A3+0574A7	バルカン
dialog	26		17	8	BTL_A3+057471	バーサクアンプル
dialog	26		25	12	BTL_A3+0574E0	バーサークのリストを表示
dialog	26		25	12	BTL_A3+057578	バーサークを覚えていない
dialog	26		29	14	BTL_A3+0575DC	バーサークポイントが足りない
dialog	26		27	13	BTL_A3+057610	バーサークポイントは最大値
dialog	26		13	6	BTL_A3+057448	バーティカル
dialog	26		21	10	BTL_A3+057591	パーツを持っていない
dialog	26		23	11	BTL_A3+0575F9	ヒットポイントは最大値
dialog	26		29	14	BTL_A3+057532	ホーミングレーザーによる攻撃
dialog	26		13	6	BTL_A3+057455	ランナウェイ
dialog	26		15	7	BTL_A3+057462	リカバーグラス
dialog	26		17	8	BTL_A3+057425	リカバーレーザー
dialog	26		11	5	BTL_A3+057556	使用不可能
dialog	26		19	9	BTL_A3+05763E	攻撃する敵がいない
dialog	26		33	16	BTL_A3+0575A6	移動以外のドラゴンの行動不能状態
dialog	26		21	10	BTL_A3+0575C7	行動ゲージが足りない
dialog	26		13	6	BTL_A3+057525	銃による攻撃
dialog	26		17	8	BTL_A3+0574F9	銃のカスタマイズ
dialog	26		7	3	BTL_A3+05754F	？？？
dialog	24		3	1	FLD_A3+040CC1	き
dialog	21		4	1	FLD_A5+00F080	<01> 
dialog	20		5	2	BTL_A7_2+050FCB	機銃
dialog	18		3	1	BTL_B5+0523AE	…
slot	18	25	15	7	TWN_CAMP+00EE38	セストレンの話
slot	18	25	7	3	TWN_CAMP+00EE1F	塔の話
slot	16	29	17	8	TWN_SEEK+012756	グリグオリグの話
slot	16	29	13	6	TWN_SEEK+012804	ドローンの話
ui	15		2	1	FLAGEDIT+001371	な
narration	14		33	16	TWN_ZOAH+00CA5B	(壁をくり抜いて棚を作ってある)
dialog	14	23	17	8	FLD_A3+009F47	旧世紀の記録機械
narration	13		21	10	TWN_ZOAH+013341	(道を聞いてみよう)
dialog	13		21	10	FLD_A3+02D36B	これまでの記録をとる
dialog	13		3	1	FLD_C8+013860	よ
dialog	13		11	5	FLD_A3+02D380	記録しない
dialog	12		18	7	FLD_A3+040CE1	 <03>\nEつFねちい<03>
dialog	12		22	9	FLD_A3+040C6E	 <03>\nょっぬほたてちい<03>
dialog	12		38	17	FLD_A3+040D0A	 EつFねちい <03>\nGHEつIン！ちい<03>
dialog	12		23	11	FLD_A3+040CF3	 GHEつIン！ちいき
dialog	12		21	10	FLD_A3+040C84	 す…A。Bヴせいき
dialog	12		40	18	FLD_A3+040C99	 ょっぬほたてちい <03>\nす…A。Bヴせい<03>
narration	12		37	18	FLD_A3+02D314	(あ、ドラゴンの体力が回復してる…)
narration	12		27	13	FLD_A3+02D3F6	(こいつは後回しにしよう)
narration	12		25	12	FLD_A3+02D339	(こんな効果もあるのか)
narration	12		21	10	FLD_A3+02D38B	(なんだ…この力…)
narration	12		21	10	FLD_A3+02D3B3	(まったく違う！？)
narration	12		29	14	FLD_A3+02D3D9	(レーザーが弱いからかな…)
narration	12		19	8	FLD_A3+02D3A0	(今までの<01><01>とは)
narration	12		17	8	FLD_A3+02D3C8	(壊せない！？)
narration	12		25	12	FLD_A3+02D352	(旧世紀の記録機械だ…)
dialog	12		76	37	FLD_A3+040DAD	おLMりやRふS』あTゾUNOVむゆ\nな？『。ぇWぬあPQ。XYね！なまいさ
dialog	12		23	11	FLD_A3+040DF9	おおズせすせZ％ゲえき
dialog	12		25	11	FLD_A3+040C30	か<01><01>レぇぉぬほすておいき
dialog	12		56	27	FLD_A3+040D33	かおみ「ゲえトベー9ぜやJみんやレ\n K『？ほて！えおお
dialog	12		37	18	FLD_A3+040C49	かすヨひ「ななジあな？れジやゃゅ。お
dialog	12		29	14	FLD_A3+040CC4	かゲすダC？れジDひ)せゲお
dialog	12		66	32	FLD_A3+040D6B	こおLMやNOぼヘごノテ。3へや\n ぼヘオェカゥ9む)ヨほPQおお
slot	12	12	6	5	FLD_A3+040C08	なはるツな
slot	12	12	11	10	FLD_A3+040BD8	なはるツもはゆらツな
dialog	12		6	5	FLD_A3+040C18	なはれツな
slot	12	12	11	10	FLD_A3+040BF0	なはれツもはゆりツな
dialog	12		7	3	FLD_A3+02D44D	に設定
dialog	12		5	4	FLD_A3+040C28	はりツな
slot	12	12	10	9	FLD_A3+040BC0	はりツもはゆらツな
dialog	12		6	5	FLD_A3+040C10	めはるツな
slot	12	12	11	10	FLD_A3+040BE4	めはるツもはゆらツな
dialog	12		6	5	FLD_A3+040C20	めはれツな
slot	12	12	11	10	FLD_A3+040BFC	めはれツもはゆりツな
slot	12	12	3	2	FLD_A3+040BCC	カ…
slot	12	19	15	7	TWN_CAMP+00BC4E	クレイメンの話
dialog	12		27	13	FLD_A3+02D411	ナビゲーターの目的地を選択
dialog	12		25	12	FLD_A3+02D496	ナビゲーター使用不能地域
dialog	12		15	7	FLD_A3+02D487	ナビゲータ解除
dialog	12		25	12	FLD_A3+02D2FB	ワールドマップに移動する
dialog	12		13	6	FLD_A3+02D2EE	探索を続ける
dialog	12		18	6	FLD_A3+02D42C	現在の目的地<03><01><01><02><03>
dialog	12		14	4	FLD_A3+02D43F	目的地を<03><01><01><02><03>
dialog	12		17	8	FLD_A3+02D476	目的地候補 なし
dialog	12		17	8	FLD_A3+02D465	目的地設定 なし
dialog	12		17	8	FLD_A3+02D454	目的地設定 解除
dialog	12		3	1	FLD_B6+00B075	？
dialog	11		7	3	BTL_B6_2+053C40	………
draft	11		223	107	TWN_E006+00B20E	「護り火」の火種に触れたエッジの\n眼前に、メル=カヴァの幻が展開する。\nメル=カヴァとは、塔の上空を周回する\n巨大なバリア発生装置だった。\nこの幻から、エッジはメル=カヴァの\n場所を知る。\n \n(未完成・将来イベントで処理予定)\n
draft	11		307	148	TWN_E006+00AE7C	エッジに帝国軍を撃退させたバイマンは\nその功によって次期司祭の座につく。\nバイマンは、明日になれば「遣産」を\n見せることができるとエッジに語る。\n一方、パエットは、正体不明の男から\n預った手紙をエッジに渡す。\nそれには、「今夜、空中船のある広場で\n待つ」とだけ記されていた。\n \n(未完成・将来イベントで処理予定)\n
draft	11		189	90	TWN_E006+00A84F	エッジは、キャラバンとの住人との\n会話から「ゾア」と呼ばれる街の\n存在を知る。\n大きな街ならば、クレイメン艦隊に\n関する手がかりがつかめるかも\nしれない。\n \n(未完成・将来セリフ組み込み予定)\n
draft	11		206	99	TWN_E006+00A90C	キャラバンのリーダーに会ったエッジ。\nリーダーから、エッジが追っている帝国の\n艦隊(クレイメン艦隊)は禁止区域\n(ゲオルギウス)へと向かったのでは\nないかとの話を聞く。\n \n(未完成・将来デモイベント表示予定)\n
draft	11		194	93	TWN_E006+00B2ED	キャラバンを訪れたエッジの前に、\nガッシュの使いのシーカーが現れた。\n彼の話によると、ガッシュは\n「シーカーの里」と呼ばれる場所で\nエッジを待っているという。\n \n(未完成・将来セリフ組み込み予定)\n
draft	11		223	107	TWN_E006+00AB15	クレイメンが向かった遣跡「塔」の\n場所を知っているという男・パエット。\n彼は、塔の情報を教えるかわりに、\nゲオルギウスと呼ばれる場所から\n旧世紀の機械部品を取ってくるよう\nエッジに命じる。\n \n(未完成・将来イベントで処理予定)\n
dialog	11		13	6	1ST_READ+03D452	ゲオルギウス
draft	11		163	78	TWN_E006+00ABF4	ゲオルギウスから取ってきた部品を\nパエットに見せるエッジ。\nしかし、パエットはそれに満足せず、\n再度ゲオルギウス行きを命じる。\n \n(未完成・将来イベントで処理予定)\n
draft	11		231	111	TWN_E006+00AD95	ゾアの街に帝国軍の使者が現れ、\n街は侵略の恐怖にさらされる。\n一方エッジは、パエットの父であり\n街の実力者であるバイマンという男の\n招待を受け、閉ざされた正規住民区画\n「神聖区」への通行証を得る。\n \n(未完成・将来イベントで処理予定)\n
draft	11		151	72	TWN_E006+00B177	バイマンは、教会の聖堂の鍵を\nエッジに渡す。そこに、街の遣産である\n「『護り火』の火種」が安置されて\nいるという。\n \n(未完成・将来セリフ組み込み予定)\n
draft	11		159	76	TWN_E006+00AFAF	パエットは、正体不明の男から預った\n手紙をエッジに渡す。\nそれには、「今夜、空中船のある広場で\n待つ」とだけ記されていた。\n \n(未完成・将来セリフ組み込み予定)\n
draft	11		25	12	TWN_E006+00BDC4	人死ちの住のパーツを深る
draft	11		21	10	TWN_E006+00BDDD	会話／深彼の呼り街え
draft	11		254	122	TWN_E006+00AC97	再び戻ったエッジに、うってかわって\nなれなれしく接するパエット。\n彼は、エッジがドラゴン乗りである\nことを突き止めたのだ。\nすっかり協力的になったパエットは、\n水没した遣跡「ウル」の地下に\n塔への通路があるらしいと語る。\n \n(未完成・将来イベントで処理予定)\n
dialog	11		13	6	TWN_CARA+00943E	取り引きする
draft	11		297	143	TWN_E006+00B04E	広場ではクレイメンが待っていたが、\nエッジを助けようとしたパエットの\n乱入によって会見は中断してしまい、\nクレイメンの真意は不明のままとなる。\n次の朝、バイマンは、教会の聖堂の鍵を\nエッジに渡す。そこに、街の遣産である\n「『護り火』の火種」が安置されて\nいるという。\n \n(未完成・ムービー等で処理予定)\n
draft	11		237	114	TWN_E006+00B3AF	戦いに傷ついたシーカー達から、\nアゼルが姿を消したと聞かされるエッジ。\n「編み人」ザドクは、アゼルの行き先は\nウルの地下だと推測する。なぜなら、\nドラゴン同様、彼女もウルのプラントで\n創造されたからだ。\n \n(未完成・将来セリフ組み込み予定)\n
draft	11		23	11	TWN_E006+00BD8E	深彼地図な渡死絶を深る
draft	11		31	15	TWN_E006+00BDA5	見で深っている住のパーツを受う
draft	11		23	11	TWN_E006+00BD77	見で深っている傷を受う
dialog	11		9	4	TWN_CARA+00944B	話をする
draft	11		315	152	TWN_E006+00A9DA	酒場の主人から話を聞くエッジ。\nこの近くには「塔」と呼ばれる遣跡があり\nクレイメン艦隊はそこに向かったという。\nこの街に住んでいるパエットという男が、\n塔の事を詳しく知っているらしい。\nエッジは、その男が描いたという塔の総を\n手に入れる。そこには、ドラゴンが見せた\n幻と同じ光景があった。\n \n(未完成・将来操作可能予定)\n
draft	11		7	3	TWN_E006+00BD70	隊長発
narration	10		23	11	TWN_CAMP+012719	(         )
dialog	9		16	7	FLD_A5+00E27A	<01>       
dialog	9		8	2	TWN_ZOAH+00FF57	<09>\n<09>ソ…<15><02>
dialog	9	50	9	4	TWN_CAMP+00F463	そうか…
dialog	9		23	11	BTL_A7+053BA7	侵入物排除システム作動
narration	8		35	17	FLD_A7+02B35F	(ずいぶん外れまでやってきたな…)
narration	8		29	14	TWN_CARA+003E4D	(旧世紀の機械が置いてある)
dialog	8		4	1	FLD_C8+014B72	<!DB>械
dialog	8		4	1	FLD_C8+014B90	<01>北
dialog	8		2	1	FLD_C8+015292	」
ui	8		2	1	FLAGEDIT+001389	ね
dialog	8		6	3	FLD_C8+014D60	サーよ
dialog	8		17	8	BTL_C4+0540EF	ステータスクリア
dialog	8		11	5	BTL_D5+05AC39	ビクシオマ
slot	8	29	13	6	TWN_SEEK+012773	マサーンの話
dialog	8		11	5	TWN_CAMP+00FD2F	夜まで待つ
dialog	8		11	5	TWN_CAMP+00FD0E	朝まで待つ
slot	8	19	9	4	TWN_CAMP+00BCAA	遣跡の話
narration	7		23	11	TWN_ZOAH+00C124	(きれいな飾り窓だ…)
narration	7		21	10	TWN_ZOAH+00DE80	(木製のテーブルだ)
narration	7		23	11	TWN_SEEK+00439C	(柱に棚がついている)
dialog	7		5	2	TWN_CARA+00C75E	え？
dialog	7		17	8	BTL_A7+053C00	回避システム不良
dialog	7		11	5	FLD_C8+0150DD	塔 最上層
dialog	7		9	4	TWN_CARA+009768	売らない
dialog	7		13	6	BTL_C2+057856	対攻性生物弾
dialog	7		7	3	BTL_A5+057C73	溶解液
dialog	7		9	4	BTL_B5+052344	瞬間移動
dialog	6		39	19	FLD_A5+00DDBC	                   
narration	6		23	11	TWN_CAMP+012913	(    ？    )
narration	6		4	1	TWN_CAMP+013E1C	(<03>
narration	6		24	10	TWN_CAMP+013E01	(<03><01>●●●●●●●●●<03>
narration	6		24	10	TWN_CAMP+0140A4	(<03><02>♪♪♪♪♪♪♪♪♪<03>
narration	6		24	10	TWN_CAMP+013F60	(<03><03>●●●●●●●●●<03>
narration	6		29	14	TWN_ZOAH+01C334	(あの男はここの住人らしい)
narration	6		23	11	TWN_ZOAH+00B853	(あれは水道管らしい)
narration	6		39	19	TWN_ZOAH+01E1FF	(何か話してるけど…よく聞こえないな)
narration	6		33	16	TWN_CARA+003AAF	(旅の荷物をまとめてあるようだ)
narration	6		21	10	TWN_CARA+003C03	(木箱が置いてある)
narration	6		27	13	TWN_ZOAH+00BB35	(森でとれた物だろうか？)
narration	6		25	12	TWN_ZOAH+00B83A	(水の流れる音がする…)
narration	6		17	8	TWN_SEEK+0048C7	(簡素な寝床だ)
narration	6		21	10	TWN_CARA+003A9A	(荷物が置いてある)
narration	6		33	16	TWN_ZOAH+00BB14	(見なれない植物だ…食用らしい)
narration	6		23	11	TWN_ZOAH+013297	(門番のアブネルだ…)
dialog	6		6	2	TWN_SEEK+015656	<16>れた
dialog	6	41	39	19	FLD_A5+00F18D	■                  
dialog	6		20	9	TWN_CAMP+013E20	●●●●●●●●●<03>
dialog	6		31	15	TWN_SEEK+015616	そのために、強い力を与えられ…
dialog	6		17	8	FLD_C8+013889	のコントロールを
dialog	6		9	4	TWN_CAMP+00F3A8	ふうん…
slot	6	19	19	9	TWN_CAMP+00C097	ガリル砂漠の越え方
dialog	6		15	7	TWN_CAMP+00FCE9	キャンプを出る
dialog	6		35	17	TWN_SEEK+015669	ショック状態を解除する処置を行った
dialog	6		33	16	FLD_C8+01389A	ダイレクトアクセスに切りかえます
dialog	6		33	16	TWN_SEEK+015635	副産物として、心を生じさせたのだ
slot	6	17	11	5	FLD_C8+014D3C	塔 最下層
dialog	6		39	19	TWN_SEEK+0155EF	彼女は、塔の制御を尋うために創造された
dialog	6		13	6	FLD_B6+00AAB9	現在閉鎖中…
dialog	6		19	9	FLD_C2+00AD28	緊急非常事態発令！
dialog	6		23	11	TWN_SEEK+01568C	間もなく目覚めるだろう
dialog	6		9	4	BTL_B2+04FC6D	集中砲火
dialog	6		2	1	TWN_CARA+00984D	！
narration	5		23	11	TWN_CAMP+01261C	(   ？？？   )
narration	5		23	11	TWN_CAMP+012E1B	(  ？？？  ？？)
narration	5		23	11	TWN_CAMP+012E04	( ？？？  ？？？)
narration	5		11	5	FLD_B5+0099B2	(………)
narration	5		23	11	TWN_CAMP+013968	(■■■■■■■■■)
narration	5		39	19	TWN_ZOAH+0186E0	(あいつは…アルドーという名だったな)
narration	5		33	16	TWN_ZOAH+03B0A5	(あいつは…ベゼルとかいったな)
narration	5		21	10	TWN_ZOAH+00DCF5	(つぼが置いてある)
narration	5		35	17	TWN_ZOAH+00DD0A	(つぼの中の酒が光を放っている…)
narration	5		37	18	TWN_ZOAH+00DE3C	(中身がすけるほど薄く削ってある…)
narration	5		31	15	TWN_CARA+00B0C7	(儀にも慣れてきたみたいだな)
narration	5		31	15	TWN_ZOAH+00DE61	(大きなテーブルが出してある)
narration	5		25	12	TWN_CARA+003DA6	(大きな箱が置いてある)
narration	5		19	9	TWN_CARA+00966B	(忙しそうだな…)
narration	5		31	15	TWN_ZOAH+00DE1D	(攻性生物の殻で作った容器だ)
narration	5		33	16	TWN_ZOAH+00DDFC	(透明な容器に酒が詰まっている)
narration	5		37	18	TWN_CARA+00967E	(道具屋のバイカが仕事をしている…)
narration	5		23	11	TWN_CAMP+012E32	(？  ？？？  ？)
narration	5		23	11	TWN_CAMP+012E49	(？？  ？？？  )
narration	5		23	11	TWN_CAMP+012DED	(？？？  ？？？ )
narration	5		23	11	TWN_CAMP+0127FF	(？？？？？？？？？)
dialog	5		12	5	FLD_C8+0151D3	<!E0>14階 東
dialog	5		22	9	BTL_T0+054AFD	<03><01>レーザーを発射せよ<03>
dialog	5		20	8	FLD_C8+014826	<03>\nローター・パイル<03>
dialog	5		4	1	FLD_B6+00A0DA	<0D>…
dialog	5		4	1	TWN_CAMP+00CFBC	<11>？
dialog	5		19	9	TWN_CAMP+00C850	いいって、いいって
dialog	5		7	3	TWN_CARA+0171F3	うん…
dialog	5		21	10	TWN_ZOAH+022A56	そ、そんなことないさ
dialog	5		9	4	1ST_READ+03D479	ゾアの街
dialog	5		17	8	BTL_A7+053BC7	レーザーストーム
dialog	5		9	4	BTL_A3_2+054E39	体当たり
dialog	5		33	16	TWN_CAMP+00F9A0	何もわからないままでいたくないの
dialog	5		17	8	BTL_A7+053BD8	回避システム作動
dialog	5		31	15	TWN_CAMP+00F981	塔に行くのは、今でも怖いけど…
dialog	5		21	10	FLD_C2+00ABE1	第2種警戒態勢発令！
dialog	4		39	19	FLD_A5+00D965	                  ロ
dialog	4		39	19	FLD_A5+00D98C	                 ロー
dialog	4		39	19	FLD_A5+00D9B3	                ローリ
dialog	4		39	19	FLD_A5+00D9DA	               ローリン
dialog	4		39	19	FLD_A5+00DA01	              ローリング
dialog	4		39	19	FLD_A5+00DA29	             ローリングス
dialog	4		39	19	FLD_A5+00DA50	            ローリングスタ
dialog	4		39	19	FLD_A5+00DA77	           ローリングスター
dialog	4		39	19	FLD_A5+00DA9E	          ローリングスタート
dialog	4		39	19	FLD_A5+00DAC5	         ローリングスタート！
dialog	4		39	19	FLD_A5+00DAEC	        ローリングスタート！ 
dialog	4		39	19	FLD_A5+00DB14	       ローリングスタート！  
dialog	4		39	19	FLD_A5+00DB3C	      ローリングスタート！   
dialog	4		39	19	FLD_A5+00DB64	     ローリングスタート！    
dialog	4		39	19	FLD_A5+00DB8C	    ローリングスタート！     
dialog	4		39	19	FLD_A5+00DBB4	   ローリングスタート！      
dialog	4		39	19	FLD_A5+00DBDC	  ローリングスタート！       
dialog	4		39	19	FLD_A5+00DC04	 ローリングスタート！        
narration	4		23	11	TWN_CAMP+012B80	(       ？ )
narration	4		23	11	TWN_CAMP+012B69	(      ？  )
narration	4		23	11	TWN_CAMP+012B52	(     ？   )
narration	4		23	11	TWN_CAMP+013A4E	(    ■    )
narration	4		23	11	TWN_CAMP+013A65	(    ◆    )
narration	4		23	11	TWN_CAMP+013B06	(   ■■■   )
narration	4		23	11	TWN_CAMP+013B1D	(   ◆◆◆   )
narration	4		23	11	TWN_CAMP+012B24	(   ？     )
narration	4		23	11	TWN_CAMP+013BBE	(  ■■■■■  )
narration	4		23	11	TWN_CAMP+013BD5	(  ◆◆◆◆◆  )
narration	4		23	11	TWN_CAMP+012B0D	(  ？      )
narration	4		23	11	TWN_CAMP+013C76	( ■■■■■■■ )
narration	4		23	11	TWN_CAMP+013C8D	( ◆◆◆◆◆◆◆ )
narration	4		23	11	TWN_CAMP+012AF6	( ？       )
narration	4		26	10	TWN_CAMP+0145B1	(<03><02>♪<03><01>♪♪♪♪♪♪♪♪<03>
narration	4		26	10	TWN_CAMP+014594	(<03><02>♪♪<03><01>♪♪♪♪♪♪♪<03>
narration	4		26	10	TWN_CAMP+014577	(<03><02>♪♪♪<03><01>♪♪♪♪♪♪<03>
narration	4		26	10	TWN_CAMP+01455A	(<03><02>♪♪♪♪<03><01>♪♪♪♪♪<03>
narration	4		26	10	TWN_CAMP+01453D	(<03><02>♪♪♪♪♪<03><01>♪♪♪♪<03>
narration	4		26	10	TWN_CAMP+014520	(<03><02>♪♪♪♪♪♪<03><01>♪♪♪<03>
narration	4		26	10	TWN_CAMP+014503	(<03><02>♪♪♪♪♪♪♪<03><01>♪♪<03>
narration	4		26	10	TWN_CAMP+0144E6	(<03><02>♪♪♪♪♪♪♪♪<03><01>♪<03>
narration	4		24	10	TWN_CAMP+013F45	(<03><05>●●●●●●●●●<03>
narration	4		26	10	TWN_CAMP+0140BF	(<03><07>♪<03><02>♪♪♪♪♪♪♪♪<03>
narration	4		26	10	TWN_CAMP+0140DC	(<03><07>♪♪<03><02>♪♪♪♪♪♪♪<03>
narration	4		26	10	TWN_CAMP+0140F9	(<03><07>♪♪♪<03><02>♪♪♪♪♪♪<03>
narration	4		26	10	TWN_CAMP+014116	(<03><07>♪♪♪♪<03><02>♪♪♪♪♪<03>
narration	4		26	10	TWN_CAMP+014133	(<03><07>♪♪♪♪♪<03><02>♪♪♪♪<03>
narration	4		26	10	TWN_CAMP+014150	(<03><07>♪♪♪♪♪♪<03><02>♪♪♪<03>
narration	4		26	10	TWN_CAMP+01416D	(<03><07>♪♪♪♪♪♪♪<03><02>♪♪<03>
narration	4		26	10	TWN_CAMP+01418A	(<03><07>♪♪♪♪♪♪♪♪<03><02>♪<03>
narration	4		24	10	TWN_CAMP+013350	(<03><07>♪♪♪♪♪♪♪♪♪<03>
narration	4		24	10	TWN_CAMP+013DE6	(<03>\n●●●●●●●●●<03>
narration	4		23	11	TWN_CAMP+013D45	(◆◆◆◆◆◆◆◆◆)
narration	4		35	17	TWN_ZOAH+01336B	(あとで、道でも聞いてみようかな)
narration	4		35	17	TWN_ZOAH+028CCA	(あの人、ヤエルという名だったな)
narration	4		33	16	TWN_ZOAH+032FF4	(あの男は…キトールといったな)
narration	4		29	14	TWN_ZOAH+00CA00	(ごく簡単なつくりのイスだ)
narration	4		27	13	TWN_ZOAH+00DF4D	(つぼにはふたがしてある)
narration	4		21	10	TWN_CARA+00B3C6	(よく寝ているな…)
narration	4		25	12	TWN_CARA+00B3DB	(クーリアが眠っている)
narration	4		23	11	TWN_CARA+003C18	(丈夫そうな木箱だ…)
narration	4		31	15	TWN_SEEK+004922	(中身は取り出してあるらしい)
narration	4		25	12	TWN_CARA+00B229	(乗用獣のクーリアだ…)
narration	4		27	13	TWN_CARA+00B122	(儀を警戒してるのかな…)
narration	4		21	10	TWN_CARA+00C6F3	(元気そうな子供だ)
narration	4		25	12	TWN_ZOAH+00B6F3	(大きな木が生えている)
narration	4		27	13	TWN_ZOAH+00CA1D	(小さなイスが置いてある)
narration	4		31	15	TWN_SEEK+00514C	(攻性生物の殻を彫った飾りだ)
narration	4		35	17	TWN_ZOAH+00C13B	(攻性生物の透明な羽で作ってある)
narration	4		27	13	TWN_ZOAH+00FD74	(旅の荷物がまとめてある)
narration	4		21	10	TWN_EXCA+000D19	(旧世紀の発掘物だ)
narration	4		37	18	TWN_ZOAH+00B6CE	(木が育つほど土が肥えているのか…)
narration	4		27	13	TWN_ZOAH+03714D	(熱心に本を読んでいる…)
narration	4		29	14	TWN_ZOAH+03DDCE	(発掘品の加工をしている…)
narration	4		33	16	TWN_CARA+00B0E6	(警戒はしなくなったみたいだ…)
narration	4		29	14	TWN_ZOAH+013405	(門番が見張りをしている…)
narration	4		21	10	TWN_ZOAH+037168	(門番のシフレだ…)
narration	4		21	10	TWN_SEEK+004CF4	(食料が蓄えてある)
narration	4		27	13	TWN_CARA+00B107	(餌を食べるのをやめた…)
narration	4		23	11	TWN_CAMP+012ADF	(？        )
narration	4		23	11	TWN_CAMP+012633	(？？？   ？？？)
dialog	4		36	16	BTL_T0+0556A7	<03><01>タイプセレクトアイコンを選択せよ<03>
dialog	4		7	2	TWN_CARA+005CEF	<09>\n<07>み術
dialog	4		4	1	TWN_CARA+00A133	<0C>…
dialog	4		4	1	TWN_CARA+00A163	<0E>だ
dialog	4		39	17	FLD_A3+02D2C7	<1E><16><1A><01>(ずいぶん外れまでやってきたな…)
dialog	4		4	2	TWN_CARA+0062B2	…)
slot	4	41	39	19	FLD_B5+00A096	…■                 
dialog	4		5	2	FLD_B6+009E07	…？
dialog	4		5	2	TWN_CAMP+00DAC7	ああ
dialog	4		29	14	TWN_ZOAH+00E82E	これ以上はかんべんしてくれよ
dialog	4		9	4	BTL_A5+057C7A	しびれ液
dialog	4		9	4	BTL_T0+053E3B	という。
dialog	4		5	2	BTL_A5+057C13	とげ
dialog	4		19	9	TWN_ZOAH+03DCAE	なんだ、ひやかしか
dialog	4		7	3	BTL_B5+052361	ねらえ
dialog	4		5	2	BTL_B5+052368	やれ
dialog	4		21	10	TWN_ZOAH+03DC62	よう、調子はどうだ？
dialog	4		2	1	TWN_ZOAH+0192C4	れ
dialog	4		17	8	BTL_B5+05231C	アトルムドラゴン
dialog	4		9	4	BTL_X0+05E271	ギリィク
dialog	4		39	19	FLD_A5+00DCCC	グスタート！             
dialog	4		2	1	FLD_B5+00B0EC	コ
dialog	4		39	19	FLD_A5+00DCF4	スタート！              
dialog	4		39	19	FLD_A5+00DD1C	タート！               
dialog	4		17	8	BTL_B5+051FD0	ツァスタバターン
dialog	4		39	19	FLD_A5+00DD6C	ト！                 
dialog	4		13	6	1ST_READ+03D4A6	メル=カヴァ
dialog	4		39	19	FLD_A5+00DC7C	リングスタート！           
dialog	4		39	19	FLD_A5+00DC2C	ローリングスタート！         
dialog	4		39	19	FLD_A5+00DCA4	ングスタート！            
dialog	4		11	5	BTL_A7+053B9C	ヴェロクス
dialog	4		39	19	FLD_A5+00DD44	ート！                
dialog	4		39	19	FLD_A5+00DC54	ーリングスタート！          
dialog	4		5	2	BTL_B5+052152	了解
dialog	4		25	12	TWN_SEEK+004579	何かの役に立つかもしれん
dialog	4		27	13	TWN_ZOAH+00E84B	俺の読む本がなくなっちまう
dialog	4		3	1	1ST_READ+03D4B3	塔
dialog	4		17	8	BTL_C2+057CF6	対攻性生物弾・改
dialog	4		35	17	TWN_CAMP+00F951	少し前まで、たくさん人がいたのに…
dialog	4		9	4	TWN_ZOAH+022907	払わない
dialog	4		17	8	TWN_SEEK+004568	持って行きなさい
dialog	4		7	3	TWN_ZOAH+03DC9A	毎度！
dialog	4		5	2	BTL_A7_2+050FD9	点火
dialog	4		9	4	TWN_CAMP+01022F	無視する
dialog	4		7	3	1ST_READ+03D40D	発掘所
dialog	4		14	6	FLD_A5+00F79F	砂漠<05>蒼き遣跡
dialog	4		7	3	BTL_B5+0520D1	神経弾
dialog	4		7	3	TWN_ZOAH+00B291	神聖区
dialog	4		9	4	BTL_A7_2+050FD0	誘導爆雷
draft	4		75	36	TWN_E006+00A804	隊長を発見するが深い傷を受けている。\n彼はエッジに地図を渡すと死に絶える。\n
dialog	4		39	19	FLD_A5+00DD94	！                  
narration	3		39	19	TWN_CARA+00C88C	(あの子は…確か、エンカクといったな)
narration	3		15	7	TWN_ZOAH+00D747	(この匂い…)
narration	3		15	7	TWN_SEEK+004537	(この本は…)
narration	3		33	16	TWN_ZOAH+022B1D	(しまった、持ち合わせがない…)
narration	3		21	10	TWN_SEEK+0044FF	(すごい量の本だ…)
narration	3		33	16	TWN_SEEK+004958	(ずいぶん物を残していったな…)
narration	3		29	14	TWN_ZOAH+00CCD4	(たき木に布をかぶせてある)
narration	3		39	19	TWN_CARA+0060B7	(キャラバンの長のアンユウという男だ)
narration	3		31	15	TWN_CARA+006098	(キャラバンの長のハンターだ)
narration	3		39	19	TWN_CARA+00B2BA	(クーリアが身体を洗ってもらっている)
narration	3		29	14	TWN_CARA+003A19	(クーリアに引かせる荷車だ)
narration	3		35	17	TWN_ZOAH+00B427	(ザアルの実か…辺境では貴重品だ)
narration	3		35	17	TWN_SEEK+004B43	(シーカーが独自に作った物らしい)
narration	3		29	14	TWN_SEEK+00B966	(パエット…無事だったのか)
narration	3		37	18	TWN_ZOAH+00E4F5	(中身を取り出すための上げぶたか…)
narration	3		29	14	TWN_CARA+003F28	(何かの材料にするのかな…)
narration	3		33	16	TWN_ZOAH+028F5D	(儀の持ち物に目をとめたようだ)
narration	3		21	10	TWN_SEEK+004546	(塔に関する記録だ)
narration	3		27	13	TWN_SEEK+004B07	(変わった形のランプだな)
narration	3		19	9	TWN_SEEK+004CC6	(大きな布の袋だ)
narration	3		35	17	TWN_CARA+003DBF	(大きな箱だ…中身は旅の荷物かな)
narration	3		31	15	TWN_ZOAH+013784	(太った男がぶらついている…)
narration	3		27	13	TWN_ZOAH+03B08A	(妙に身なりのいい奴だ…)
narration	3		29	14	TWN_ZOAH+00E4B3	(床に上げぶたがついている)
narration	3		33	16	TWN_CARA+003EE6	(攻性生物の内臓が保存してある)
narration	3		33	16	TWN_CARA+003F07	(攻性生物の内臓の防腐液潰けだ)
narration	3		39	19	TWN_ZOAH+00EC34	(攻性生物の透明な羽でできた飾り窓だ)
narration	3		33	16	TWN_ZOAH+00DA70	(攻性生物をバラすための道具だ)
narration	3		39	19	TWN_SEEK+0048D8	(敷布の染め方はシーカー独特のものだ)
narration	3		33	16	TWN_ZOAH+00FD8F	(旅の荷物がまとめてあるけど…)
narration	3		35	17	TWN_SEEK+0048FF	(旅の荷物を入れる袋が置いてある)
narration	3		27	13	TWN_ZOAH+0137BA	(昼間は仕事がないらしい)
narration	3		31	15	TWN_ZOAH+00B44A	(木の実がたくさん干してある)
narration	3		31	15	TWN_ZOAH+00F5A5	(本棚だ…立派な本ばかりだな)
narration	3		33	16	TWN_SEEK+004B22	(棚の上にランプが置いてある…)
narration	3		29	14	TWN_ZOAH+00CC35	(植物の油を使ったランプだ)
narration	3		31	15	TWN_ZOAH+02296A	(発光酒を飲んだ…すごい味だ)
narration	3		29	14	TWN_SEEK+00535A	(発掘品が入っているらしい)
narration	3		37	18	TWN_ZOAH+00E4D0	(確か、この下には醸造機があったな)
narration	3		27	13	TWN_SEEK+004CD9	(穀物が入っているらしい)
narration	3		19	9	TWN_ZOAH+028CB7	(若い女の人だ…)
narration	3		21	10	TWN_CARA+003A04	(荷車が止めてある)
narration	3		35	17	TWN_ZOAH+03DDEB	(道具屋のヤレドだ…忙しそうだな)
narration	3		21	10	TWN_ZOAH+00EB99	(香木が立ててある)
narration	3		9	4	FLD_B2+00E25C	(！！)
narration	3		23	11	TWN_CAMP+012702	(！！！！！！！！！)
narration	3		23	11	TWN_CAMP+012889	(？ ？ ？ ？ ？)
dialog	3		11	5	TWN_CARA+0097C4	2000Dn
dialog	3		11	5	TWN_ZOAH+0228FC	20Dn払う
dialog	3		6	2	FLD_B6+00B23F	<!86>ート
dialog	3		4	1	TWN_CAMP+00E184	<!9C>な
dialog	3		16	6	BTL_T0+054B14	<03><01>銃を発射せよ<03>
dialog	3		23	9	FLD_A5+00E2B3	<03>\n   ■<05>1<05>■   
dialog	3		23	9	FLD_A5+00E28B	<03>\n  ■■<05>2<05>■■  
dialog	3		23	9	FLD_A5+00E263	<03>\n ■■■<05>3<05>■■■ 
dialog	3		14	5	FLD_B6+00AB03	<03>\n2番ゲート<03>
dialog	3		14	5	FLD_B6+00AB8C	<03>\n3番ゲート<03>
dialog	3		4	1	TWN_CARA+0167B2	<0D>ぜ
dialog	3		6	2	TWN_CAMP+00C15A	<16>え方
dialog	3		4	1	TWN_CARA+0167D6	<1B>ぜ
dialog	3		8	3	TWN_ZOAH+00D2CC	<1E>いる)
dialog	3		11	5	TWN_CAMP+00F897	あ…ごめん
dialog	3		19	9	TWN_ZOAH+022A0A	あ、ああ…うまいよ
dialog	3		13	6	TWN_CAMP+00D0C7	ありがとう…
dialog	3		9	4	BTL_X0+05E10F	いくぞ！
dialog	3		7	3	TWN_CAMP+00E111	え…？
dialog	3		7	3	FLD_C8+013A26	ええ…
dialog	3		37	18	TWN_CAMP+00D095	おまえらがへたばると、俺も困るんでな
dialog	3		27	13	TWN_CAMP+00D12A	お宝は死んでも手放さねえよ
dialog	3		35	17	TWN_ZOAH+022AAE	こいつをとっときな、ハンターさんよ
dialog	3		7	3	FLD_A5+00D3D0	そうだ
dialog	3		27	13	TWN_CAMP+00D05E	そうだ、こいつをとっときな
dialog	3		35	17	TWN_SEEK+0155BF	それは、ウルの秘められた場所にある
dialog	3		35	17	TWN_CAMP+00D0D4	でも、こんな物どこに持ってたんだ？
dialog	3		7	3	BTL_A5+057C18	とげ嵐
dialog	3		11	5	FLD_C8+0131FA	どうして？
dialog	3		4	2	TWN_ZOAH+01E5BC	な)
dialog	3		9	4	FLD_C8+0149A0	にあるわ
dialog	3		15	7	FLD_B5+00928F	のキーコードを
dialog	3		23	11	FLD_B6+00AAE0	のロックを解除します…
dialog	3		7	3	TWN_ZOAH+018A68	へえ…
dialog	3		7	3	TWN_CAMP+00D123	へへ…
dialog	3		35	17	TWN_ZOAH+00F519	ほう…私の蔵書に興味があるのかね？
dialog	3		35	17	TWN_CAMP+00E8DA	まさに、宝の持ちぐされってやつだな
dialog	3		29	14	TWN_ZOAH+00F588	よかったら、持って行きたまえ
dialog	3		2	1	TWN_ZOAH+03EA21	ろ
slot	3	41	3	1	FLD_A5+00ED71	を
dialog	3		13	6	FLD_B5+00B105	ウル 北奥部
dialog	3		13	6	TWN_CAMP+00C14D	オアシスの話
dialog	3		17	8	TWN_CARA+003938	キャラバンを出る
dialog	3		15	7	TWN_SEEK+0041F6	キャンプに行く
dialog	3		13	6	1ST_READ+03D4D4	シーカーの里
dialog	3		19	9	TWN_CAMP+00FD50	シーカーの里に行く
dialog	3		9	4	1ST_READ+03D4CB	ゾアの森
dialog	3		17	8	BTL_B6_2+053B08	タム・バシレウス
dialog	3		6	3	FLD_B5+00B112	チ内部
dialog	3		7	3	BTL_A5+057C0C	トゥプ
dialog	3		19	9	TWN_CARA+009755	トビタマイシを売る
dialog	3		17	8	FLD_B6+00B223	ドームへのゲート
dialog	3		7	3	BTL_A3_2+054E24	ベモス
dialog	3		2	1	FLD_C8+014FDB	ム
dialog	3		31	15	TWN_CAMP+00E893	メル=カヴァの資料なんだけど…
dialog	3		17	8	FLD_C4+015B20	メル=カヴァ内部
slot	3	25	19	9	TWN_CAMP+00C160	ワームの抜け穴の話
dialog	3		39	19	TWN_SEEK+00BF56	今となっては、あんな街でもなつかしいよ
dialog	3		15	7	FLD_B5+00929E	入力して下さい
dialog	3		39	19	TWN_ZOAH+00F561	君とドラゴンがいる以上、もはや無用だな
dialog	3		5	2	BTL_B5+05237D	回復
slot	3	25	13	6	TWN_CAMP+00C179	地下遣跡の話
dialog	3	23	15	7	FLD_C8+01508D	塔 上部格納層
dialog	3	15	15	7	FLD_C8+014E4C	塔 下部格納層
dialog	3	15	11	5	FLD_C8+014EBB	塔 中間層
dialog	3		35	17	TWN_SEEK+00BF26	外が、こんなに物騒だったとはなあ…
dialog	3		37	18	TWN_ZOAH+00F53C	外界との交渉に備えて集めた資料だが…
dialog	3		15	7	1ST_READ+03D482	帝国軍空中艦隊
dialog	3		21	10	1ST_READ+03D491	帝国軍空中艦隊駐屯地
dialog	3		33	16	TWN_SEEK+01559E	彼女にとって、唯一戻るべき生地…
dialog	3		15	7	BTL_B5+051FBC	戦闘機ジンコウ
dialog	3		39	19	TWN_CARA+01675A	旦那がこのまま戻らなかったら、やばいぜ
dialog	3		29	14	TWN_ZOAH+022A2A	本当か？ なんか苦しそうだぜ
dialog	3		33	16	TWN_ZOAH+022A8B	根性あるじゃねえか、気に入ったぜ
dialog	3		7	3	BTL_A3_2+054F0D	消化液
dialog	3		9	4	BTL_B5+05228F	火炎噴射
dialog	3		7	3	BTL_A7+053C3E	生体弾
dialog	3		16	7	FLD_A5+00F78F	砂漠<05>ワーム地帯
dialog	3		18	8	FLD_A5+00F776	砂漠<05>碧のオアシス
dialog	3		7	3	BTL_A3+0531F6	碧の玉
dialog	3		13	6	TWN_ZOAH+00B38A	神聖区に行く
dialog	3		39	19	TWN_CAMP+00E8B2	神聖区のお偉い連中が隠してると思うんだ
dialog	3		9	4	1ST_READ+03D449	禁止区域
dialog	3		17	8	BTL_C2+057837	空中戦艦ヴァルナ
dialog	3		11	5	TWN_CAMP+01033C	笑いかける
dialog	3		31	15	TWN_CAMP+00D0F7	荷物、なくしたんじゃないのか？
dialog	3		9	4	TWN_ZOAH+00B324	街を出る
dialog	3		27	13	TWN_ZOAH+0228E1	話なら、注文してからにしな
dialog	3		13	6	FLD_B5+00AFD4	謎の遣跡 1
dialog	3		13	6	FLD_B5+00AFEF	謎の遣跡 2
dialog	3		9	4	TWN_ZOAH+033529	買わない
dialog	3		13	6	FLD_B5+00AFC7	通路への入□
dialog	3		17	8	FLD_B5+00B033	通路遣跡への入□
dialog	3		13	6	TWN_SEEK+0041E9	里の外に出る
dialog	3		33	16	TWN_ZOAH+022B4B	金がねえなら、来るんじゃねえよ！
dialog	3		15	7	TWN_CAMP+00D086	金はいらねえよ
dialog	3		13	6	FLD_B6+00ACC5	開放します…
dialog	3		13	6	TWN_ZOAH+00BA90	開放区に行く
dialog	3		9	4	FLD_B5+00B044	黒い遣跡
dialog	2		42	19	FLD_A5+00ECF3	                  <03><01>記<03>
dialog	2		42	19	FLD_A5+00ED1E	                 <03><01>記録<03>
dialog	2		40	18	FLD_A5+00ED49	                <03><01>記録<03>
dialog	2		22	9	FLD_A5+00EECD	       <03><01>記録<03>
dialog	2		20	8	FLD_A5+00EEF9	      <03><01>記録<03>
dialog	2		18	7	FLD_A5+00EF25	     <03><01>記録<03>
dialog	2		16	6	FLD_A5+00EF51	    <03><01>記録<03>
dialog	2		95	45	FLD_A7+0070DD	    防御力上昇\n      ↑\n攻撃力上昇← →心技力上昇\n      ↓\n    機動力上昇
dialog	2		14	5	FLD_A5+00EF7D	   <03><01>記録<03>
dialog	2		12	4	FLD_A5+00EFA9	  <03><01>記録<03>
dialog	2		10	3	FLD_A5+00EFD5	 <03><01>記録<03>
narration	2		23	11	TWN_CAMP+012B97	(        ？)
narration	2		23	11	TWN_CAMP+0125D7	(   ！！！   )
narration	2		23	11	TWN_CAMP+012941	(  ？？？？？  )
narration	2		23	11	TWN_CAMP+0128A0	( ？ ？ ？ ？ )
narration	2		23	11	TWN_CAMP+012958	( ？？？？？？？ )
narration	2		15	6	TWN_EXCA+000CA9	(<01><01>がいる…)
narration	2		24	10	TWN_CAMP+01312F	(<03><01>★★★★★★★★★<03>
narration	2		24	10	TWN_CAMP+0145CE	(<03><01>♪♪♪♪♪♪♪♪♪<03>
narration	2		24	10	TWN_CAMP+01324D	(<03><03>♪♪♪♪♪♪♪♪♪<03>
narration	2		24	10	TWN_CAMP+013453	(<03><04>♪♪♪♪♪♪♪♪♪<03>
narration	2		24	10	TWN_CAMP+01302C	(<03><05>★★★★★★★★★<03>
narration	2		24	10	TWN_CAMP+013232	(<03>\n★★★★★★★★★<03>
narration	2		39	19	TWN_RUIN+0008D4	(…ダメだ、ロックされてて動かせない)
narration	2		25	12	TWN_SEEK+01217F	(「編み人」のザドクだ)
narration	2		29	14	TWN_SEEK+0052CB	(あちこち改造してあるな…)
narration	2		33	16	TWN_ZOAH+00DD4A	(あのつぼはとくに大きいけど…)
narration	2		29	14	TWN_ZOAH+00DD2D	(あのつぼはとくに大きいな)
narration	2		29	14	TWN_ZOAH+00D72A	(あのつぼは薬品入りらしい)
narration	2		29	14	FLD_C4+015A0C	(あの光の粒子のせいか！！)
narration	2		27	13	TWN_CARA+016528	(あの男はハンターらしい)
narration	2		37	18	TWN_ZOAH+01C351	(あの男はボアズという名だったな…)
narration	2		29	14	TWN_ZOAH+037066	(あれは、門番のシフレだ…)
narration	2		27	13	TWN_ZOAH+00E6FD	(あれも売り物なのかな…)
narration	2		29	14	TWN_ZOAH+00DD86	(あんな所に扉がついている)
narration	2		37	18	TWN_ZOAH+00CF9D	(いいたき木だ…森の近くだからかな)
narration	2		39	19	TWN_ZOAH+00CBF1	(きれいな水が入っている…飲み水だな)
narration	2		29	14	TWN_ZOAH+00F256	(きれいな細工のランプだ…)
narration	2		27	13	FLD_C4+0159F1	(くっ、吹き飛ばされた…)
narration	2		27	13	FLD_B6+00B173	(ここからは出られないな)
narration	2		31	15	TWN_ZOAH+00DDDD	(ここで酒を作っているのか…)
narration	2		39	19	TWN_ZOAH+00C00F	(この壁の裏には水道管があるからな…)
narration	2		35	17	TWN_ZOAH+03B443	(この家の住人でもなさそうだが…)
narration	2		29	14	TWN_ZOAH+00DDA3	(この店の主人の部屋らしい)
narration	2		35	17	TWN_SEEK+004592	(この本棚は、古びた本が多いな…)
narration	2		33	16	TWN_ZOAH+00F40C	(これじゃ、2階には行けないな)
narration	2		35	17	TWN_ZOAH+00F840	(これはあまり手を加えてないな…)
narration	2		39	19	TWN_SEEK+005392	(これも、シーカーの研究材料なのか…)
narration	2		35	17	TWN_SEEK+0053B9	(こんなもの、一体どうするんだ？)
narration	2		25	12	TWN_SEEK+004D3B	(さすがに量が多いな…)
narration	2		29	14	TWN_ZOAH+02FD4B	(しかし、よく飽きないな…)
narration	2		35	17	TWN_SEEK+004514	(しかも、全部手書きの写本らしい)
narration	2		29	14	FLD_C4+015DF4	(しまった、引き離された！)
narration	2		29	14	TWN_CARA+00CDB7	(すっかり元気になったな…)
narration	2		31	15	TWN_ZOAH+00D108	(ずいぶんため込んであるな…)
narration	2		35	17	TWN_ZOAH+00C04D	(ずいぶん昔に作られたものらしい)
narration	2		27	13	TWN_ZOAH+00B6B3	(たき木が立てかけてある)
narration	2		39	19	TWN_ZOAH+00C97C	(つぼには穀物や水が入っているようだ)
narration	2		37	18	TWN_CAMP+00F616	(つらかったんだろうな、アゼルも…)
narration	2		27	13	TWN_ZOAH+00F273	(でも、壊れやすそうだな)
narration	2		27	13	TWN_SEEK+004F16	(どうやって使うのかな？)
narration	2		31	15	TWN_CARA+0039A6	(どうやら今は入れないらしい)
narration	2		29	14	TWN_SEEK+004D09	(ほとんどが保存食のようだ)
narration	2		23	11	TWN_EXCA+000DAA	(もう何も残ってない)
narration	2		25	12	TWN_RUIN+000A60	(もう何も残ってない…)
narration	2		29	14	TWN_RUIN+000819	(もっと近よって見てみよう)
narration	2		27	13	TWN_ZOAH+00B698	(よく燃えそうなたき木だ)
narration	2		35	17	TWN_CARA+003E7F	(よく見ると、手を加えた跡がある)
narration	2		29	14	TWN_CAMP+00EBAB	(アゼルは気を失ったままだ)
narration	2		19	9	TWN_RUIN+0008C1	(エレベータだ！)
narration	2		27	13	TWN_EXCA+000DD2	(ダメだ、何も残ってない)
narration	2		25	12	TWN_ZOAH+00F38D	(テーブルが置いてある)
narration	2		33	16	TWN_ZOAH+00CD79	(ハンターがよく使う組みひもだ)
narration	2		23	11	TWN_SEEK+005503	(パエットの空中船だ)
narration	2		27	13	TWN_CARA+004215	(パエットの空中船だ…！)
narration	2		37	18	TWN_ZOAH+02FD26	(パエットは、発掘品を加工している)
narration	2		27	13	TWN_ZOAH+00DA19	(ランプが床に置いてある)
narration	2		23	11	TWN_ZOAH+00D6D5	(中身はからっぽだ…)
narration	2		27	13	TWN_ZOAH+00DD6B	(中身も他と違うのかな？)
narration	2		17	8	FLD_C4+015E45	(他に方法は…)
narration	2		31	15	TWN_ZOAH+00BFD3	(何のために作られたのかな？)
narration	2		33	16	TWN_ZOAH+03316E	(何の用でここに来たんだろう？)
narration	2		31	15	TWN_EXCA+000CB8	(儀を待ってくれてるみたいだ)
narration	2		31	15	FLD_B5+00984B	(入□がふさがれてるみたいだ)
narration	2		39	19	TWN_SEEK+005125	(出入□を守るように飾りが置いてある)
narration	2		25	12	TWN_SEEK+0098AD	(司祭の孫のベゼルだ…)
narration	2		21	10	TWN_CAMP+0101DB	(喜んでるみたいだ)
narration	2		23	11	TWN_CARA+00B265	(喜んでるみたいだ…)
narration	2		31	15	TWN_ZOAH+00C263	(地面に実がこぼれ落ちている)
narration	2		25	12	TWN_ZOAH+00DA57	(壁に道具がかけてある)
narration	2		23	11	TWN_ZOAH+00C036	(大がかりな風車だな)
narration	2		25	12	TWN_ZOAH+00D688	(大きな机が置いてある)
narration	2		35	17	TWN_ZOAH+00D779	(大きな道具箱に布をかぶせてある)
narration	2		29	14	TWN_ZOAH+00DDC0	(大きな醸造機が置いてある)
narration	2		27	13	TWN_SEEK+005377	(大型の機械が置いてある)
narration	2		31	15	TWN_ZOAH+00CC52	(天井からランプが吊ってある)
narration	2		39	19	FLD_B5+0098C3	(安全に崖を越えて行けそうなんだが…)
narration	2		21	10	TWN_SEEK+004E28	(小さなテーブルだ)
narration	2		35	17	TWN_SEEK+005220	(小さな飾りが壁に取りつけてある)
narration	2		31	15	TWN_ZOAH+00D6EC	(巻いた織物が立てかけてある)
narration	2		21	10	TWN_CAMP+00FCD4	(彼女のためにも！)
narration	2		37	18	TWN_EXCA+000D2E	(戦艦のエンジンに使われるやつだな)
narration	2		29	14	TWN_ZOAH+00B521	(扉の前に飾りが立ててある)
narration	2		37	18	TWN_ZOAH+00F03F	(扉の向こうで、話し声が聞こえる…)
narration	2		35	17	TWN_ZOAH+00B2C5	(折畳み式のはしごがかかった窓だ)
narration	2		33	16	TWN_ZOAH+00FCFF	(換気のための風車が回っている)
narration	2		35	17	TWN_ZOAH+00D756	(攻性生物の吐く酸を中和する薬だ)
narration	2		33	16	TWN_ZOAH+00EB78	(攻性生物の眼を使った飾りだ…)
narration	2		37	18	TWN_SEEK+00442F	(敷布に薬の匂いがしみついている…)
narration	2		29	14	TWN_ZOAH+00C9E3	(料理をするためのかまどだ)
narration	2		21	10	TWN_CARA+003E6A	(旧世紀の機械だ…)
narration	2		27	13	FLD_D2+00825A	(早くあれを止めないと…)
narration	2		29	14	TWN_CAMP+00FCB7	(早く決着をつけなければ…)
narration	2		31	15	TWN_ZOAH+00C51D	(机の上にランプが置いてある)
narration	2		21	10	TWN_ZOAH+00CBDC	(板造りの吊り床だ)
narration	2		35	17	TWN_SEEK+0043B3	(棚にのっているのは薬品のようだ)
narration	2		33	16	TWN_SEEK+004A53	(棚にはつぼや食器がのっている)
narration	2		35	17	TWN_ZOAH+00CAC2	(棚の中に薬のつぼがしまってある)
narration	2		35	17	TWN_ZOAH+00CD35	(棚の中に酒のつぼがしまってある)
narration	2		35	17	TWN_RUIN+0008FB	(横にあるロックを外すのが先か…)
narration	2		35	17	TWN_CARA+00B242	(歳のわりには元気がよさそうだな)
narration	2		33	16	TWN_SEEK+01878D	(死んだように眠り続けている…)
narration	2		23	11	TWN_CARA+0040FF	(水がめが置いてある)
narration	2		29	14	TWN_ZOAH+00BFF2	(水をくみ上げる風車だろう)
narration	2		35	17	TWN_SEEK+004EF3	(治療のための機械みたいだけど…)
narration	2		27	13	TWN_SEEK+0044D4	(治療のための道具らしい)
narration	2		39	19	TWN_ZOAH+00FE0D	(物が多すぎるな…もっと減らさないと)
narration	2		35	17	TWN_CARA+0061C0	(獲物をバラすのに忙しいらしい…)
narration	2		27	13	TWN_ZOAH+00B506	(発掘品を加工したものだ)
narration	2		27	13	TWN_EXCA+000E80	(発掘物を運ぶコンテナだ)
narration	2		31	15	TWN_ZOAH+00D70B	(粗いけど、丈夫そうな生地だ)
narration	2		29	14	TWN_ZOAH+00C9A3	(素焼きのつぼが置いてある)
narration	2		29	14	TWN_ZOAH+00D6B8	(素焼きの容器が置いてある)
narration	2		25	12	TWN_SEEK+004B87	(織りの粗い敷布だな…)
narration	2		25	12	TWN_SEEK+00E93C	(若い女のシーカーだ…)
narration	2		37	18	TWN_ZOAH+018C0E	(若い男が、息を殺して座っている…)
narration	2		31	15	TWN_SEEK+0073F1	(葬式の準備をしているらしい)
narration	2		31	15	TWN_SEEK+0044B5	(薬の入った道具が置いてある)
narration	2		35	17	TWN_SEEK+00988A	(誰かが、空中船を整備している…)
narration	2		35	17	TWN_SEEK+0053DC	(買い手があるとは思えないけど…)
narration	2		17	8	TWN_EXCA+000D53	(資材置き場だ)
narration	2		35	17	TWN_ZOAH+00EB55	(透明な飾りが取りつけられている)
narration	2		27	13	FLD_C4+015E11	(速度に気をつけないと…)
narration	2		23	11	TWN_ZOAH+00D7C3	(道具箱が置いてある)
narration	2		27	13	TWN_ZOAH+02292D	(酒場の主人のジューバだ)
narration	2		27	13	TWN_ZOAH+00F3F1	(階段がふさがれている…)
narration	2		23	11	TWN_ZOAH+00D6A1	(頑丈そうな作業机だ)
narration	2		23	11	TWN_ZOAH+00BFBC	(風車が回っている…)
narration	2		21	10	TWN_ZOAH+00F2AF	(食器の入った棚だ)
narration	2		29	14	TWN_CARA+00B057	(餌でもやってみようかな…)
narration	2		37	18	TWN_ZOAH+00EF5B	(香木が立ててある…古い物ばかりだ)
narration	2		33	16	TWN_ZOAH+00F235	(高価そうなランプが置いてある)
narration	2		23	11	TWN_CAMP+0125C0	(！！！   ！！！)
narration	2		9	4	FLD_B5+009A97	(！？)
narration	2		23	11	TWN_CAMP+0129CB	(？       ？)
narration	2		23	11	TWN_CAMP+0129B4	(？？     ？？)
narration	2		23	11	TWN_CAMP+012986	(？？？？ ？？？？)
dialog	2		4	1	TWN_EXCA+000C37	)<1D><1B>
dialog	2		13	6	TWN_ZOAH+033714	10000Dn
dialog	2		11	5	TWN_ZOAH+00B2BA	1500Dn
dialog	2		11	5	TWN_ZOAH+0337C9	9000Dn
dialog	2		16	7	TWN_ZOAH+02F036	<!A2>ゃないだろうな
dialog	2		10	4	FLD_C8+014EDD	<!DD>通路北□
dialog	2		4	1	FLD_C8+0150D9	<!DF>□
dialog	2		6	2	FLD_C8+0153B0	<!E2>納層
dialog	2		6	2	FLD_C8+014E40	<01>西側
dialog	2		22	9	BTL_T0+054B25	<03><01>アイテムを使用せよ<03>
dialog	2		24	10	BTL_T0+054B3C	<03><01>バーサークを発動せよ<03>
dialog	2		24	10	BTL_T0+054B66	<03><01>敵の後方向に移動せよ<03>
dialog	2		8	2	FLD_A5+00F001	<03><01>記録<03>
dialog	2		6	1	FLD_A5+00F02D	<03><01>録<03>
dialog	2		25	10	FLD_A5+00E2DB	<03><04>口口口口<05>GO<05>口口口口
dialog	2		20	8	FLD_B6+00A048	<03><05>ドームゲートキー<03>
dialog	2		14	5	FLD_B6+00AAAB	<03>\n1番ゲート<03>
dialog	2		18	7	FLD_C8+01430E	<03>\nライト・ゲート<03>
dialog	2		18	7	FLD_C8+014339	<03>\nレフト・ゲート<03>
dialog	2		14	6	TWN_ZOAH+01393C	<0D>からさ、な？
dialog	2		4	1	TWN_CAMP+00E3A6	<0D>よ
dialog	2		6	2	FLD_A3+009F63	<0D>機械
dialog	2		4	1	TWN_CARA+016589	<0D>？
dialog	2		6	2	TWN_ZOAH+0238BC	<0E>なあ
dialog	2		6	2	TWN_CARA+016B26	<0F>な…
dialog	2		4	1	TWN_ZOAH+02F22D	<11>！
dialog	2		8	3	TWN_CARA+005D9F	<12>たが…
dialog	2		18	8	TWN_ZOAH+00B3FC	<16>ざされている…)
dialog	2		8	3	TWN_ZOAH+00C6A8	<1B>いで…
dialog	2		6	2	TWN_ZOAH+03E650	<1B>が…
dialog	2		4	1	TWN_ZOAH+02FC37	<1E>…
dialog	2		10	4	FLD_A3+009507	<1E>ゆく…)
dialog	2		4	1	FLD_A5+00D5A6	<1E>る
dialog	2		4	1	TWN_CARA+016E9C	<1F>よ
dialog	2		28	13	TWN_CAMP+00BE62	<1F>りで砂漠越えはできないし…
dialog	2		39	19	FLD_C8+0134EE	…                  
dialog	2		39	19	FLD_C8+013516	………                
dialog	2		9	4	TWN_ZOAH+03BB25	…………
dialog	2		39	19	FLD_C8+01353E	……………              
dialog	2		39	19	FLD_C8+013566	……………………           
dialog	2		39	19	FLD_C8+01358E	…………………………         
dialog	2		39	19	FLD_C8+0135B6	………………………………       
dialog	2		39	19	FLD_C8+0135DE	……………………………………     
dialog	2		39	19	FLD_C8+013606	……………………………………………  
dialog	2		39	19	FLD_C8+01362E	…………………………………………………
dialog	2		23	11	TWN_ZOAH+02A9C4	…おまえ、ハンターだな
dialog	2		27	13	TWN_ZOAH+00C5F1	…ここ、物置じゃないのか？
dialog	2		11	5	TWN_SEEK+00C46C	…ごめん…
dialog	2		19	9	TWN_CAMP+00F8D9	…で、どんな感じ？
dialog	2		35	17	TWN_ZOAH+018BD6	…な、なんだ、帝国軍じゃねえのか…
dialog	2		35	17	TWN_SEEK+00C419	…結局、ゾアは全滅しちまったってさ
dialog	2		29	14	BTL_B5+0523B1	…説得の通じる相手じゃない…
dialog	2		39	19	FLD_A5+00F161	■■                 
slot	2	16	6	5	BTL_A5+05F5C0	「」ー「な
slot	2	16	6	5	BTL_A5+05F590	」イ。よな
slot	2	16	6	5	BTL_A5+05F5A0	」イ。りな
slot	2	16	6	5	BTL_A5+05F5B0	」イ。れな
dialog	2		25	12	TWN_ZOAH+00E025	あ、それ？ お酒の材料よ
dialog	2		31	15	TWN_ZOAH+022B79	ああそうかい、だったら帰んな！
dialog	2		37	18	TWN_ZOAH+00C619	あいつ、時々ガラクタ拾ってくるんです
dialog	2		33	16	TWN_SEEK+00E68F	あたしは「探索兵」のラグってんだ
dialog	2		39	19	TWN_SEEK+01736D	あなたと、ドラゴンに助けられましたね…
dialog	2		31	15	TWN_ZOAH+00C665	あらかた突っ返されるみたいで…
dialog	2		27	13	TWN_CAMP+00BE89	ありがたい！ そのかわり…
dialog	2		35	17	TWN_SEEK+00E66C	あんたがドラゴン乗りか…よろしくね
dialog	2		23	11	TWN_ZOAH+01E140	あんたのご主人だけどさ
dialog	2		13	6	TWN_ZOAH+019379	あんたは…？
dialog	2		27	13	TWN_CARA+006251	あんたは、息子の命の恩人だ
dialog	2		11	5	TWN_ZOAH+02AA0D	あんたは？
dialog	2		11	5	TWN_SEEK+00C484	い、いや…
dialog	2		31	15	TWN_ZOAH+02F087	いいか、ゲオルギウスまで行って
dialog	2		29	14	TWN_CAMP+00F8AF	いいの…たぶん、そうだと思う
dialog	2		9	4	BTL_X0+05E27A	いまだ！
dialog	2		31	15	TWN_CARA+005D80	いまや、生き残りはワシらだけだ
dialog	2		31	15	TWN_CARA+009904	いや、それはちゃんと買い取るよ
dialog	2		23	11	TWN_ZOAH+022E2B	いや、まだ、ちょっと…
dialog	2		15	7	FLD_C8+012F23	いよいよだな…
dialog	2		33	16	TWN_CARA+00C678	うちの父ちゃんもハンターなんだ！
dialog	2		9	4	TWN_ZOAH+018BCD	うわっ！
dialog	2		37	18	TWN_ZOAH+01E183	ええ…森の恵みをよそ者に売るとかで…
dialog	2		13	6	TWN_ZOAH+00C6BD	ええ、まあ…
dialog	2		39	19	FLD_A5+00F109	えよ■■               
dialog	2		37	18	TWN_SEEK+00B82B	えらい連中に関わっちまったみたいだぜ
dialog	2		25	12	TWN_CAMP+00F809	え？ 具合が悪いのかい？
dialog	2		29	14	TWN_CAMP+00BEE9	おいおい、ドラゴンがいたって
dialog	2		23	11	TWN_CARA+00C6DC	おっかなくないのかい？
dialog	2		21	10	TWN_ZOAH+018BF9	おどかすんじゃねえよ
dialog	2		31	15	TWN_ZOAH+03BB3B	おやめよ、おびえてるじゃないか
dialog	2		39	19	TWN_ZOAH+00E059	お客が気味悪がるから、内緒にしといてね
dialog	2		31	15	TWN_CARA+006274	お礼に、これを受け取ってほしい
dialog	2		7	3	FLD_B5+00916D	か…)
dialog	2		39	19	FLD_A5+00F0DD	かえよ■■              
dialog	2		11	5	BTL_B6+05B0B5	かじりつき
dialog	2		33	16	TWN_ZOAH+013888	かわりに俺の持ち物、何でもやるよ
dialog	2		39	19	BTL_A5+057C41	こいつら後ろには攻撃できないみたいだぜ
dialog	2		31	15	TWN_ZOAH+033A0B	ここでは手に入らない品なんでね
dialog	2		39	19	TWN_CARA+01648F	ここに来た帝国軍…たぶん、特務部隊だぜ
dialog	2		23	11	TWN_CARA+01658D	ここの雇われハンターさ
dialog	2		29	14	BTL_B6+05B2C1	こちらを向いている奴は撃つな
dialog	2		27	13	TWN_ZOAH+0137E2	こないだ借りた金だけどよ…
dialog	2		31	15	TWN_CARA+006293	このキャラバンで一番高価な物だ
dialog	2		31	15	TWN_ZOAH+02367C	この仕事も、結構もうかるんだぜ
dialog	2		39	19	TWN_ZOAH+03718A	この街に住めば、誰だって信心深くなるさ
dialog	2		23	11	TWN_ZOAH+02F01F	ごめん…実はそうなんだ
dialog	2		35	17	TWN_ZOAH+01A9FC	さあ、もういいだろう…あとは明日だ
dialog	2		33	16	TWN_ZOAH+03DEFC	しかし、断った方がいいだろうなあ
dialog	2		15	7	TWN_CAMP+0102AF	じっと見つめる
dialog	2		39	19	TWN_ZOAH+02F0F8	じゃあ、もたもたしてないで行ってこいよ
dialog	2		21	10	TWN_CARA+00C699	すっげえ強いんだぜ！
dialog	2		37	18	TWN_ZOAH+022E62	そいつのうまさがわかれば、一人前だぜ
dialog	2		39	19	TWN_ZOAH+02F36C	そいつを外さないと、地下には行けないぜ
dialog	2		23	11	TWN_ZOAH+00C5CD	そこがあいつの部屋です
dialog	2		31	15	TWN_ZOAH+0235E7	そこにいるヤエルは…ま、なんだ
dialog	2		33	16	TWN_SEEK+00C3F4	そこをシーカーどもに拾われたんだ
dialog	2		39	19	TWN_ZOAH+01E1B5	それで、倉庫に収める分が減ってるんだね
dialog	2		25	12	TWN_ZOAH+013829	そんな！ 約束が違うよ！
dialog	2		35	17	TWN_ZOAH+00C6E5	たいした物はないかもしれませんが…
dialog	2		35	17	TWN_ZOAH+023C8F	たぶん、水位が変わったせいだろうな
dialog	2		37	18	TWN_CARA+0098DD	だが、エンカクはもう死んじまったんだ
dialog	2		39	19	TWN_CAMP+00BE30	だけど、ひとりで砂漠越えはできないし…
dialog	2		25	12	TWN_CARA+005DDC	つかみどころのない男だよ
dialog	2		29	14	TWN_ZOAH+02F11F	でないと、作業が進まないだろ
dialog	2		29	14	TWN_SEEK+00C3D7	でも、すぐ不時着しちまってさ
dialog	2		16	7	BTL_T0+0543F0	と\n表示される。
dialog	2		17	8	TWN_ZOAH+019049	どういう意味だ？
dialog	2		27	13	TWN_ZOAH+00D2B1	どうせ、俺には使えねえんだ
dialog	2		33	16	TWN_ZOAH+022D25	どうだ、発光酒の味にゃ慣れたか？
dialog	2		23	11	TWN_ZOAH+02F2EC	どうだい、この空中船？
dialog	2		11	5	TWN_CAMP+00BE57	な、頼むぜ
dialog	2		9	4	TWN_SEEK+0154A1	なぜだ？
dialog	2		21	10	TWN_ZOAH+022955	なんか用か、ぼうず？
dialog	2		37	18	TWN_ZOAH+02FED7	なんたって、俺がまとめたものだからな
dialog	2		19	9	TWN_ZOAH+022E4F	なんだ、まだダメか
dialog	2		25	12	TWN_CARA+0093FF	なんだ、取り引きなしかい
dialog	2		13	6	TWN_ZOAH+02F053	なんだって？
dialog	2		31	15	TWN_SEEK+00B883	なんで不時着しちまったのかなあ
dialog	2		26	13	TWN_CARA+009953	な思いはしたくないからな…
ui	2		2	1	FLAGEDIT+001379	に
dialog	2		33	16	TWN_CARA+00C6BB	にいちゃん、ひとりで旅してるの？
dialog	2		13	6	TWN_CAMP+010238	にらみつける
dialog	2		19	9	TWN_CARA+017C5D	に来てほしいそうだ
dialog	2		39	19	FLD_A5+00F085	ぬりかえよ■■            
dialog	2		37	18	TWN_CAMP+00BF06	ひとりで砂漠越えは無理さ、考え直せよ
dialog	2		21	10	TWN_CAMP+00F7E7	ふしぎな感じがする…
dialog	2		17	8	TWN_CARA+0173CB	ほら、持ってけよ
dialog	2		23	11	TWN_ZOAH+02AD93	ほれ、これを持っていけ
dialog	2		35	17	TWN_ZOAH+02362B	ぼうずも、いっぺん相手してもらえよ
dialog	2		37	18	TWN_CARA+005DF5	ま、シーカーはみんなそんなもんだがな
dialog	2		17	8	TWN_ZOAH+01384F	ま、待ってくれよ
dialog	2		15	7	TWN_CAMP+00CE9A	まかしとけって
dialog	2		9	4	TWN_ZOAH+02EFE2	まさか…
dialog	2		17	8	TWN_ZOAH+02EFD1	まだなんか用か？
dialog	2		23	11	BTL_B5+052305	まだまだー…うわぁぁ…
dialog	2		37	18	TWN_ZOAH+02F060	まったく…これだから無知な奴は困るぜ
dialog	2		39	19	TWN_ZOAH+02FDDD	みんな、神様に助けられたと思っているぜ
dialog	2		4	2	FLD_B5+00B09B	め□
dialog	2		12	6	FLD_D2+0082EC	めないと…)
dialog	2		37	18	TWN_CARA+009923	もう、こんな思いはしたくないからな…
dialog	2		15	7	TWN_CAMP+00F648	もう、大丈夫…
dialog	2		33	16	TWN_ZOAH+02364E	もう少し大きくなったらな、へへ…
dialog	2		37	18	TWN_SEEK+00B85E	もっと長く飛べるはずだったんだけど…
dialog	2		10	5	TWN_CAMP+00EEC1	やしないさ
dialog	2		31	15	BTL_B5+0523CE	やっぱり、戦うしかないのか！？
dialog	2		39	19	FLD_A5+00F135	よ■■                
dialog	2		15	7	TWN_CARA+016550	よう、新顔だな
dialog	2		31	15	TWN_CARA+00949F	よかったら、買っていってくれよ
dialog	2		39	19	TWN_ZOAH+033071	よそから物を買わないと不自由するんだよ
dialog	2		11	5	TWN_SEEK+007115	よろしくね
dialog	2		4	2	TWN_CARA+0173C7	ら…
dialog	2		12	6	TWN_CAMP+00CA38	らないけど…
dialog	2		4	2	FLD_A5+00D737	り…
dialog	2		39	19	FLD_A5+00F0B1	りかえよ■■             
dialog	2		6	3	TWN_ZOAH+014D24	るだろ
dialog	2		3	2	FLD_D2+007F95	ろ？
dialog	2		23	11	TWN_CAMP+00CE76	わかった…よろしく頼む
dialog	2		13	6	TWN_ZOAH+0138DD	わかったよ…
dialog	2		21	10	TWN_CARA+0098C8	わざわざすまないな…
dialog	2		37	18	TWN_SEEK+0070F0	わたしは、「守人」のラーダってもんさ
slot	2	41	5	2	FLD_A5+00ED9A	をぬ
slot	2	41	7	3	FLD_A5+00EDC3	をぬり
slot	2	41	9	4	FLD_A5+00EDEC	をぬりか
slot	2	41	11	5	FLD_A5+00EE15	をぬりかえ
slot	2	41	13	6	FLD_A5+00EE3E	をぬりかえよ
slot	2	41	15	7	FLD_A5+00EE67	をぬりかえよ■
slot	2	41	17	8	FLD_A5+00EE90	をぬりかえよ■■
slot	2	41	19	9	FLD_A5+00EEB9	をぬりかえよ■■ 
dialog	2		21	10	FLD_A5+00EEE3	をぬりかえよ■■  
dialog	2		23	11	FLD_A5+00EF0D	をぬりかえよ■■   
dialog	2		25	12	FLD_A5+00EF37	をぬりかえよ■■    
dialog	2		27	13	FLD_A5+00EF61	をぬりかえよ■■     
dialog	2		29	14	FLD_A5+00EF8B	をぬりかえよ■■      
dialog	2		31	15	FLD_A5+00EFB5	をぬりかえよ■■       
dialog	2		33	16	FLD_A5+00EFDF	をぬりかえよ■■        
dialog	2		35	17	FLD_A5+00F009	をぬりかえよ■■         
dialog	2		37	18	FLD_A5+00F033	をぬりかえよ■■          
dialog	2		39	19	FLD_A5+00F059	をぬりかえよ■■           
dialog	2		21	10	FLD_B6+00A05C	を入力してください…
dialog	2		13	6	FLD_C8+014320	を開放します
dialog	2		23	11	TWN_CARA+0164B7	アカデミー直属の連中さ
dialog	2		7	3	BTL_A7+053C74	アクレ
ui	2		158	75	MENUEN+00668F	アゼルが乗るアトルムの\n最終形態。\n巨大な雷撃兵器を装備して\n襲ってきたが、どうにか\n倒すことができた。\n彼女の唯一のパートナーを\n尋うことになって\nしまったが…。
slot	2	16	6	5	BTL_A5+05F580	アョなよな
dialog	2		19	9	BTL_D5+05AC05	アンチアイウィング
dialog	2		19	9	BTL_D4+04F419	イヴァス＆イヴィア
dialog	2		5	2	1ST_READ+03D4B9	ウル
dialog	2		23	11	TWN_ZOAH+02F32D	ウルの地下なんだけどな
dialog	2		13	6	1ST_READ+03D4BE	ウル地下遣跡
dialog	2		27	13	TWN_ZOAH+02FE94	エッジ、これ持って行けよ！
slot	2	25	25	12	FLD_C8+014F57	エネルギーパイロンルーム
dialog	2		17	8	BTL_X0+05E451	エルスディノーツ
dialog	2		17	8	TWN_RUIN+000954	エレベータに乗る
dialog	2		25	12	FLD_C8+015185	エレベーター：14階 東
dialog	2		23	11	FLD_B6+00B1F5	エレベーター：地下1階
dialog	2		23	11	FLD_B6+00B1CD	エレベーター：地下2階
dialog	2	23	23	11	FLD_B6+00B20C	エレベーター：地下3階
dialog	2	23	23	11	FLD_B6+00B2F2	エレベーター：地下4階
dialog	2		13	6	1ST_READ+03D426	カイナスの村
dialog	2		6	3	TWN_CAMP+00BE2A	カーと
dialog	2		27	13	TWN_CARA+017C2C	ガッシュに伝言を頼まれてね
dialog	2		39	19	TWN_CARA+005DB4	ガッシュの事は、ワシらもよく知らんのだ
dialog	2		9	4	BTL_D5+05AC30	ガノーク
dialog	2		11	5	1ST_READ+03D433	ガリル砂漠
dialog	2		19	9	FLD_B5+009CC3	ガードプロテクトを
dialog	2		11	5	1ST_READ+03D43E	キャラバン
dialog	2		9	4	1ST_READ+03D414	キャンプ
dialog	2		7	3	BTL_A3+0531EF	クルル
dialog	2		13	6	BTL_A7_2+050E1C	クレイメン艦
dialog	2		17	8	TWN_CARA+0038F2	ゲームを終了する
dialog	2		9	4	BTL_B6+05B1CA	コゲダマ
dialog	2		11	5	FLD_A3+0094C3	コナナの巣
dialog	2		19	9	TWN_CARA+00B028	ザアルナッツをやる
dialog	2		13	6	BTL_D5+05AC23	ザムクレート
dialog	2		13	6	BTL_D5+05AE8F	システム解除
dialog	2		9	4	BTL_T0+053713	シャプリ
dialog	2		15	7	BTL_D4+04F442	シンクロナイザ
dialog	2		29	14	TWN_SEEK+00B80E	シーカーどもの話、聞いたか？
dialog	2		9	4	BTL_A5_3+04F854	ズースー
dialog	2		23	11	BTL_D5+05ACC0	セストレン・エクスシス
dialog	2		9	4	BTL_A5+057CC0	セチュラ
dialog	2		21	10	TWN_CARA+00B03B	ゾアハーベストをやる
dialog	2		11	5	BTL_B6+05B1BF	タム・プロ
dialog	2		25	12	BTL_B6+05B1F1	タム・リッサ＆タム・プロ
dialog	2		15	7	BTL_D4+04F42C	ツインブレイズ
dialog	2		15	7	BTL_B2+04FD7F	テールアッパー
dialog	2		15	7	FLD_D2+0082DD	ナーガのマユ1
dialog	2		15	7	FLD_D2+0082F8	ナーガのマユ2
dialog	2		15	7	FLD_D2+008307	ナーガのマユ3
dialog	2		25	12	TWN_ZOAH+032BFF	ハンターなどに用はないよ
dialog	2		23	11	TWN_CARA+00623A	バイカから話は聞いたよ
dialog	2		23	11	BTL_A7+053BE9	バックアタック発動準備
dialog	2		19	9	BTL_C4+05408E	バリスタ自律管制室
dialog	2		27	13	TWN_SEEK+00C396	パエット…無事だったのか！
dialog	2		37	18	TWN_ZOAH+00C63E	パエットさんが買ってくれるそうですが
dialog	2		11	5	BTL_D2_2+0502F3	パラサイト
dialog	2		17	8	BTL_D2_2+05031A	パラサイトスピン
dialog	2		17	8	BTL_C4+053FA8	フォス＆ウンブラ
dialog	2		39	19	TWN_ZOAH+02F344	プロテクトってのがかかってるらしいんだ
dialog	2		13	6	BTL_X0+05E351	ベルディスト
dialog	2		7	3	BTL_D4+04F43B	ペイン
dialog	2		9	4	BTL_A3+0531C5	メラコラ
dialog	2		19	9	FLD_C4+015B0D	メル=カヴァ中心炉
dialog	2		23	11	FLD_C4+015C64	メル=カヴァ第2中心炉
dialog	2		17	8	FLD_C4+015BC8	メル=カヴァ船上
dialog	2		17	8	FLD_C4+015A65	メル=カヴァ船底
dialog	2		5	2	BTL_A5_2+05AA54	ヤリ
dialog	2		9	4	BTL_A5_2+05AA34	ヤリ乱射
dialog	2		19	9	TWN_ZOAH+013910	ヤレドの店の隣だよ
dialog	2		15	14	BTL_A5+05F5C8	ョスアョ「…はらツもはゆらツ
dialog	2		16	8	TWN_ZOAH+02AA3A	ラがまえをしとる
dialog	2		17	8	TWN_ZOAH+03DFF0	ラージガンを売る
dialog	2		11	5	BTL_A7+053C33	レイガスト
dialog	2		15	7	FLD_B2+00E24D	レリーフルーム
dialog	2		21	10	TWN_ZOAH+02AA25	ワシの名はラドガムだ
dialog	2		37	18	TWN_CARA+005D0E	ワシらは、荒れ果てた故郷を捨てたんだ
dialog	2		4	2	TWN_CAMP+00D6D5	ンさ
dialog	2		11	5	BTL_D5+05AC18	ヴァダズム
ui	2		174	83	MENUEN+008BA3	ヴァルナ級が採用される\nまでは主力戦艦だったが、\n今ではほとんどが廃艦に\nなっているらしい。\nしかし、兵装だけは今の\nものに替えられているので\n火力だけならヴァルナ級に\n匹敵する。
dialog	2		11	5	BTL_A7+053C11	ヴェロキタ
slot	2	16	6	5	BTL_A5+05F570	ーイなよな
dialog	2		31	15	TWN_ZOAH+02AA4A	一応、おまえと同業のつもりだよ
dialog	2		15	7	BTL_C2+0579DF	中型戦艦タパス
dialog	2		27	13	TWN_ZOAH+02F6BC	今度、俺の家に遊びに来いよ
dialog	2		37	18	TWN_SEEK+0066A2	今度ばかりは、ちょっと敵が多すぎたぜ
dialog	2		35	17	TWN_ZOAH+032C25	仕事が欲しいなら、他をあたるがいい
dialog	2		11	5	TWN_CAMP+01037F	体に触れる
dialog	2		31	15	TWN_CARA+0093A7	何かあったら、また寄ってくれよ
dialog	2		33	16	TWN_SEEK+00C43C	何が神の守護地だ…お笑いぐさだぜ
dialog	2		35	17	TWN_ZOAH+013860	何も、ふみ倒そうってんじゃねえんだ
dialog	2		39	19	TWN_ZOAH+02EFEB	何を頼まれたか忘れたんじゃないだろうな
dialog	2		35	17	TWN_ZOAH+02F0A6	使えそうな部品を探してくるんだよ！
dialog	2		31	15	TWN_CAMP+00E9B4	俺、もう少しドラゴンを見てるよ
dialog	2		19	9	TWN_CARA+016576	俺、ラウルってんだ
dialog	2		25	12	TWN_ZOAH+02F303	俺がここまで直したんだぜ
dialog	2		33	16	TWN_SEEK+00978C	俺の事は、もうほっといてくれよ…
dialog	2		21	10	TWN_CAMP+00CEA9	俺は、広場の方にいる
dialog	2		29	14	TWN_SEEK+0097FF	俺はひとりで生きていくんだ…
dialog	2		39	19	TWN_CARA+0164DB	俺みたいな雇われハンターは、結構多いぜ
dialog	2		21	10	TWN_CAMP+00BDC6	俺も連れてってくれよ
dialog	2		7	3	TWN_ZOAH+033532	値切る
dialog	2		29	14	TWN_ZOAH+0334FD	値段は…こんなものでどうだ？
dialog	2		27	13	BTL_B5+052393	儀は塔に行かなきゃならない
dialog	2		9	4	BTL_D2+052C3C	光子環波
dialog	2		15	7	BTL_C4+0540E0	光粒子レーザー
dialog	2		13	6	BTL_B2+04FD72	光粒子分散弾
dialog	2		39	19	TWN_SEEK+017346	全滅しなかったのが、せめてもの救いです
dialog	2		29	14	TWN_CARA+0094F2	内臓は薬になるし、塩もとれる
dialog	2		5	2	BTL_B5_2+058C33	分離
dialog	2		35	17	TWN_SEEK+00C48F	別に、おまえが悪いわけじゃないって
dialog	2		5	2	BTL_A7_2+050E5B	副砲
dialog	2		23	11	TWN_CARA+01655F	取り引きに来たのかい？
dialog	2		27	13	BTL_C2_2+05702B	司令塔から緊急信号を受信！
dialog	2		17	8	BTL_B5+0522C0	各艦の健闘を祈る
dialog	2		5	2	BTL_B5_2+058C38	合体
dialog	2		23	11	TWN_CAMP+00BE13	合流するはずだったんだ
dialog	2		13	6	FLD_C8+014B76	塔 1階 北
dialog	2		13	6	FLD_C8+014B65	塔 1階 西
dialog	2		9	4	FLD_C8+014B87	塔 2階
dialog	2		9	4	FLD_C8+014B98	塔 3階
dialog	2		9	4	FLD_C8+014BA9	塔 4階
dialog	2	15	9	4	FLD_C8+014BBA	塔 5階
dialog	2	15	9	4	FLD_C8+014BCB	塔 6階
dialog	2		13	6	FLD_C8+014BDC	塔 7階 西
slot	2	23	23	11	FLD_C8+014BED	塔 8階 回転通路北□
slot	2	23	23	11	FLD_C8+014C1B	塔 8階 回転通路東□
slot	2	23	23	11	FLD_C8+014C04	塔 8階 回転通路西□
slot	2	23	23	11	FLD_C8+014C32	塔 9階 回転通路北□
slot	2	23	23	11	FLD_C8+014C60	塔 9階 回転通路東□
slot	2	23	23	11	FLD_C8+014C49	塔 9階 回転通路西□
slot	2	23	9	4	FLD_C8+014C77	塔10階
slot	2	23	9	4	FLD_C8+014C8E	塔11階
slot	2	23	9	4	FLD_C8+014CA5	塔12階
slot	2	17	9	4	FLD_C8+014CD6	塔13階
slot	2	17	13	6	FLD_C8+014CF8	塔14階 北
slot	2	17	13	6	FLD_C8+014D09	塔14階 東
slot	2	17	13	6	FLD_C8+014CE7	塔14階 西
slot	2	17	15	7	FLD_C8+014D2B	塔15階 東1
slot	2	17	13	6	FLD_C8+014D1A	塔15階 西
dialog	2		25	12	TWN_CAMP+00F86A	塔とつながったせいかな？
dialog	2		5	2	BTL_C4+053FCB	変光
dialog	2		23	11	TWN_CARA+017CB1	外の人間には秘密なんだ
dialog	2		23	11	TWN_ZOAH+01394A	夜になったら来てくれよ
dialog	2		27	13	TWN_ZOAH+02F6D7	夜はたいてい帰ってるからさ
dialog	2		21	10	TWN_CAMP+00F7D2	夢を見てから、何か…
dialog	2		7	3	BTL_A3+053211	大アゴ
dialog	2		31	15	TWN_CAMP+00E9D3	大丈夫、ひとりでも戻れるからさ
dialog	2		25	12	TWN_CAMP+00BEC5	大丈夫、まかしときなって
dialog	2		15	7	BTL_C2+0579D0	大型戦艦ナラカ
dialog	2		13	6	BTL_A7_2+050E37	大型誘導爆雷
dialog	2		37	18	TWN_CARA+00950F	天敵であると同時に、生活の糧なんだよ
dialog	2		31	15	TWN_ZOAH+02360C	女っ気がねえと客足が鈍るからな
dialog	2		31	15	TWN_CARA+017C0C	実は、あんたの事を待ってたんだ
dialog	2		27	13	TWN_CAMP+00BDDB	実は、ここで仲間と会った後
dialog	2		29	14	TWN_ZOAH+0137FD	実は、当分返せそうにねえんだ
dialog	2		39	19	TWN_ZOAH+0138A9	家から勝手に持ってっていいからさ、な？
dialog	2		25	12	TWN_ZOAH+0138EA	家って、どこにあるんだ？
dialog	2		17	8	BTL_D2_2+050234	寄生グリグオリグ
dialog	2		7	3	BTL_A5_2+05AA1E	寄生虫
dialog	2		11	5	BTL_C8_2+04F0B3	対空誘導弾
dialog	2		11	5	TWN_CAMP+00F939	少し…怖い
dialog	2		29	14	FLD_C8+013946	当階の警戒態勢を発令します…
dialog	2		82	39	FLD_A7+007790	心技型は\n3ゲージたまっている間\nBPが少しずつ回復する。\nBPが足りない時に有効。
dialog	2		90	43	FLD_A7+00755B	心技型専用バーサークは\nケトキス(BP一定率回復)。\nアイテムを使わずに\nBPを回復できる。
dialog	2		21	10	BTL_C8_2+04F04C	戦術揚陸母艦バリオー
dialog	2		9	4	BTL_C2+057A62	拡散雷撃
dialog	2		5	2	BTL_A7+053C9B	挑発
dialog	2		5	2	BTL_A3_2+054E42	捕食
dialog	2		7	3	BTL_C8+04EA42	攻城砲
dialog	2		37	18	TWN_CARA+005D34	攻性生物どもに追い立てられるようにな
dialog	2		39	19	TWN_CARA+0094CB	攻性生物の体は、爪の先まで役立つもんさ
dialog	2		27	13	TWN_ZOAH+00E03E	攻性生物の体液なんだけど…
dialog	2		101	48	FLD_A7+00772B	攻撃型は\n3ゲージたまっている間に\n攻撃を受けると\n一定確率で反撃を行う。\nより多く攻撃したい時に有効。
dialog	2		98	47	FLD_A7+0074F9	攻撃型専用バーサークは\nリューヴ(レーザー威力上昇)。\nレーザー攻撃で与えるダメージが\n大きくなる。
dialog	2		39	19	TWN_CARA+005D59	新天地を求めて、ここまで旅してきたが…
dialog	2		33	16	TWN_CARA+005E27	旅人との取り引きも、大事な仕事だ
dialog	2		29	14	TWN_ZOAH+02369D	旅人や行商人がよく来るからな
dialog	2		31	15	TWN_ZOAH+01E157	最近、開放区によく行くらしいね
dialog	2		82	39	FLD_A7+00789B	標準型は\n3ゲージたまっている間\nHPが少しずつ回復する。\nHPが足りない時に有効。
dialog	2		96	46	FLD_A7+00766F	標準型専用バーサークは\nケミトマ(HP一定率回復)。\nBPやアイテムを使わずに\nHPを回復できる。
dialog	2		9	4	BTL_C4+053FC2	横列反射
dialog	2		101	48	FLD_A7+007836	機動型は\n3ゲージたまると同時に\nステータス異常が回復する。\nステータス異常攻撃を行う\n敵に対して有効。
dialog	2		94	45	FLD_A7+007611	機動型専用バーサークは\nリューリア(ゲージ速度上昇)。\nより多くの行動を\n実行できるようになる。
dialog	2		9	4	BTL_B2+04FD16	機能停止
dialog	2		9	4	BTL_B2+04FD3E	機能回復
dialog	2		21	10	TWN_ZOAH+00D29C	欲しけりゃ持ってけよ
dialog	2		37	18	TWN_ZOAH+02A9DB	歳のわりには、いいツラがまえをしとる
dialog	2		5	2	BTL_B6_2+053D13	水柱
dialog	2		15	7	BTL_C4+05411E	浄化装置000
dialog	2		15	7	BTL_C4+05410F	浄化装置001
dialog	2		15	7	BTL_C4+054100	浄化装置002
dialog	2		12	5	FLD_A3+0094B7	渓谷<05>最深部
dialog	2		9	4	1ST_READ+03D41D	渓谷地帯
dialog	2		35	17	TWN_ZOAH+023C6A	湖に、トビタマが住み着いたらしいぜ
dialog	2		13	6	FLD_C2+00AED4	湖上の艦隊戦
dialog	2		11	5	BTL_A5_3+04F864	灼熱の吐息
dialog	2		7	3	BTL_C2+057A5B	炸裂弾
dialog	2		33	16	TWN_ZOAH+02FE05	無知な連中は、これだから困るよな
dialog	2		7	3	BTL_A5_3+04F85D	熱の息
dialog	2		5	2	BTL_B6+05B234	爆撃
dialog	2		5	2	BTL_B6+05B1D8	爆発
dialog	2		39	19	TWN_ZOAH+03DF1D	狩りができそうな歳にゃ見えなかったし…
dialog	2		35	17	TWN_CARA+005E4C	狩りだけでは生計が立てられんからな
dialog	2		21	10	FLD_C4+015B79	生体エネルギー粒子炉
dialog	2		11	5	BTL_D2+052C31	生体弾噴射
dialog	2		7	3	BTL_B6_2+053B52	甲殻手
dialog	2		5	2	BTL_B5+0520B2	発射
dialog	2		7	3	BTL_B5+05222F	発射！
dialog	2		29	14	TWN_CARA+009482	発掘品の加工が、俺の仕事でね
dialog	2		11	5	1ST_READ+03D402	発掘所上空
dialog	2		11	5	FLD_A3+0094A0	発掘所周辺
dialog	2		7	3	BTL_D2_2+0502EC	皇帝砲
dialog	2		25	12	TWN_ZOAH+013923	相棒と一緒に住んでるんだ
dialog	2		35	17	TWN_ZOAH+00C5AA	相棒のアブネルから話は聞いてますよ
dialog	2		39	19	TWN_CAMP+00F8F9	眠っていた機能を、無理に開かれたみたい
dialog	2		29	14	TWN_CAMP+00BDF6	砂漠の向こうで別のシーカーと
dialog	2		33	16	TWN_CAMP+00BEA4	砂漠の越え方は、俺が教えてやるよ
dialog	2		39	19	TWN_ZOAH+0371B1	神の恵みを、この目で見られるんだからね
dialog	2		31	15	TWN_ZOAH+03720A	神聖区のために働くことなんだよ
dialog	2		37	18	TWN_ZOAH+0371E5	神聖区の住民権を得るための近道はね…
dialog	2		19	9	BTL_C2+057A37	空中城砦艦ヴリトラ
dialog	2		9	4	BTL_C8_2+04F0BE	空中機雷
dialog	2		25	12	TWN_SEEK+00C3BE	空中船で脱出できたんでね
dialog	2		13	6	BTL_C8+04EA03	突撃艦マルト
dialog	2		9	4	BTL_C4+053FB9	縦列反射
dialog	2		5	2	BTL_B6+05B0C0	自爆
dialog	2		25	12	TWN_CAMP+00F920	苦しいわけじゃないけど…
dialog	2		31	15	TWN_ZOAH+014CEC	街の入□の横に、階段があるだろ
dialog	2		33	16	TWN_ZOAH+03779C	街の入□の横にある階段を越えて…
dialog	2		37	18	TWN_CARA+016503	街や村を離れるほど、物騒になるからな
dialog	2		23	11	TWN_ZOAH+00C691	要するに、余り物なんだ
dialog	2		5	2	BTL_A3_2+054E47	触手
dialog	2		33	16	TWN_ZOAH+033098	評議会も、その辺を考えてほしいね
dialog	2		29	14	TWN_CAMP+00CEBE	話があるんだ…あとで来てくれ
dialog	2		35	17	TWN_CARA+017CDB	詳しい場所は、この地図に書いてある
dialog	2		15	7	BTL_B5+0521A0	誘導爆雷艦カラ
dialog	2		23	11	BTL_B5+052298	誘導爆雷艦カラ＆護衛機
dialog	2		9	4	FLD_A3+00958D	説明終了
dialog	2		21	10	TWN_SEEK+00981C	誰の助けもいらないよ
dialog	2		39	19	TWN_ZOAH+03DED5	近所の爺さんが、銃の修理を頼んできてね
dialog	2		19	9	TWN_CAMP+00F657	逃げたりしないから
dialog	2		37	18	TWN_CAMP+00F82F	違うわ…そういう時は、すぐわかるから
dialog	2		21	10	FLD_A7+006D9E	遣跡ゲオルギウス上空
dialog	2		27	13	TWN_ZOAH+00C6CA	適当に持って行ってください
dialog	2		7	3	BTL_B5+052071	重散弾
dialog	2		17	8	BTL_B5+052060	重散弾砲出力上昇
dialog	2		7	3	TWN_ZOAH+00B2B2	開放区
dialog	2		84	40	FLD_A7+0077E2	防御型は\n3ゲージたまっている間\n防御力がさらに上昇する。\nHPを温存したい時に有効。
dialog	2		92	44	FLD_A7+0075B5	防御型専用バーサークは\nツァオ(防御力上昇)。\n敵の攻撃で受けるダメージを\nより小さくできる。
dialog	2		5	2	BTL_A5+057C1F	離散
dialog	2		11	5	BTL_C8_2+04F0A8	電磁発振砲
dialog	2		5	2	BTL_B2+04FCC6	！？
ui	1		7	3	MENUEN+002012	  全
ui	1		7	3	MENUEN+001FB0	  前
ui	1		7	3	MENUEN+001FE1	  右
ui	1		7	3	MENUEN+001FC5	  左
ui	1		7	3	MENUEN+001FB7	  後
ui	1		7	3	MENUEN+001FE8	 前右
ui	1		7	3	MENUEN+001FCC	 前左
ui	1		7	3	MENUEN+001FBE	 前後
ui	1		7	3	MENUEN+002019	 可変
ui	1		7	3	MENUEN+001FFD	 左右
ui	1		7	3	MENUEN+001FEF	 後右
ui	1		7	3	MENUEN+001FD3	 後左
narration	1		23	11	TWN_CAMP+013A20	(        ■)
narration	1		23	11	TWN_CAMP+013A09	(       ◆◆)
narration	1		23	11	TWN_CAMP+0139F2	(      ■■■)
narration	1		23	11	TWN_CAMP+0139DB	(     ◆◆◆◆)
narration	1		23	11	TWN_CAMP+0139C4	(    ■■■■■)
narration	1		23	11	TWN_CAMP+0139AD	(   ◆◆◆◆◆◆)
narration	1		23	11	TWN_CAMP+0126D4	(   ！ ！   )
narration	1		23	11	TWN_CAMP+0127D1	(   ？ ？   )
narration	1		23	11	TWN_CAMP+013996	(  ■■■■■■■)
narration	1		23	11	TWN_CAMP+0126A6	(  ！     ！)
narration	1		23	11	TWN_CAMP+0127A3	(  ？     ？)
narration	1		23	11	TWN_CAMP+01397F	( ◆◆◆◆◆◆◆◆)
narration	1		23	11	TWN_CAMP+0126EB	( ！    ！  )
narration	1		23	11	TWN_CAMP+01268F	( ！  ！    )
narration	1		23	11	TWN_CAMP+0127E8	( ？    ？  )
narration	1		23	11	TWN_CAMP+01278C	( ？  ？    )
narration	1		13	6	FLD_B5+00AF9F	(2匹目…)
narration	1		37	18	TWN_ZOAH+039D0E	(3体の敵を同時に攻撃できるやつだ)
narration	1		23	10	TWN_CAMP+010132	(<01><01>…よく寝ているな)
slot	1	23	23	10	TWN_CAMP+00BC37	(<01><01>が回復していく…)
narration	1		23	10	TWN_CAMP+010171	(<01><01>が新しい力を…！)
narration	1		25	11	FLD_C4+015E2C	(<01><01>の力じゃ開かない！)
narration	1		26	10	TWN_CAMP+013489	(<03><01>★<03><05>★★★★★★★★<03>
narration	1		26	10	TWN_CAMP+013215	(<03><01>★<03>\n★★★★★★★★<03>
narration	1		26	10	TWN_CAMP+0134A6	(<03><01>★★<03><05>★★★★★★★<03>
narration	1		26	10	TWN_CAMP+0131F8	(<03><01>★★<03>\n★★★★★★★<03>
narration	1		26	10	TWN_CAMP+0134C3	(<03><01>★★★<03><05>★★★★★★<03>
narration	1		26	10	TWN_CAMP+0131DB	(<03><01>★★★<03>\n★★★★★★<03>
narration	1		26	10	TWN_CAMP+0134E0	(<03><01>★★★★<03><05>★★★★★<03>
narration	1		26	10	TWN_CAMP+0131BE	(<03><01>★★★★<03>\n★★★★★<03>
narration	1		26	10	TWN_CAMP+0134FD	(<03><01>★★★★★<03><05>★★★★<03>
narration	1		26	10	TWN_CAMP+0131A1	(<03><01>★★★★★<03>\n★★★★<03>
narration	1		26	10	TWN_CAMP+01351A	(<03><01>★★★★★★<03><05>★★★<03>
narration	1		26	10	TWN_CAMP+013184	(<03><01>★★★★★★<03>\n★★★<03>
narration	1		26	10	TWN_CAMP+013537	(<03><01>★★★★★★★<03><05>★★<03>
narration	1		26	10	TWN_CAMP+013167	(<03><01>★★★★★★★<03>\n★★<03>
narration	1		26	10	TWN_CAMP+013554	(<03><01>★★★★★★★★<03><05>★<03>
narration	1		26	10	TWN_CAMP+01314A	(<03><01>★★★★★★★★<03>\n★<03>
narration	1		26	10	TWN_CAMP+013333	(<03><03>♪<03><07>♪♪♪♪♪♪♪♪<03>
narration	1		26	10	TWN_CAMP+013316	(<03><03>♪♪<03><07>♪♪♪♪♪♪♪<03>
narration	1		26	10	TWN_CAMP+0132F9	(<03><03>♪♪♪<03><07>♪♪♪♪♪♪<03>
narration	1		26	10	TWN_CAMP+0132DC	(<03><03>♪♪♪♪<03><07>♪♪♪♪♪<03>
narration	1		26	10	TWN_CAMP+0132BF	(<03><03>♪♪♪♪♪<03><07>♪♪♪♪<03>
narration	1		26	10	TWN_CAMP+0132A2	(<03><03>♪♪♪♪♪♪<03><07>♪♪♪<03>
narration	1		26	10	TWN_CAMP+013285	(<03><03>♪♪♪♪♪♪♪<03><07>♪♪<03>
narration	1		26	10	TWN_CAMP+013268	(<03><03>♪♪♪♪♪♪♪♪<03><07>♪<03>
narration	1		26	10	TWN_CAMP+0137AD	(<03><04>♪<03><07>♪♪♪♪♪♪♪♪<03>
narration	1		26	10	TWN_CAMP+0137CA	(<03><04>♪♪<03><07>♪♪♪♪♪♪♪<03>
narration	1		26	10	TWN_CAMP+0137E7	(<03><04>♪♪♪<03><07>♪♪♪♪♪♪<03>
narration	1		26	10	TWN_CAMP+013804	(<03><04>♪♪♪♪<03><07>♪♪♪♪♪<03>
narration	1		26	10	TWN_CAMP+013821	(<03><04>♪♪♪♪♪<03><07>♪♪♪♪<03>
narration	1		26	10	TWN_CAMP+01383E	(<03><04>♪♪♪♪♪♪<03><07>♪♪♪<03>
narration	1		26	10	TWN_CAMP+01385B	(<03><04>♪♪♪♪♪♪♪<03><07>♪♪<03>
narration	1		26	10	TWN_CAMP+013878	(<03><04>♪♪♪♪♪♪♪♪<03><07>♪<03>
narration	1		26	10	TWN_CAMP+013112	(<03><05>★<03><01>★★★★★★★★<03>
narration	1		26	10	TWN_CAMP+0130F5	(<03><05>★★<03><01>★★★★★★★<03>
narration	1		26	10	TWN_CAMP+0130D8	(<03><05>★★★<03><01>★★★★★★<03>
narration	1		26	10	TWN_CAMP+0130BB	(<03><05>★★★★<03><01>★★★★★<03>
narration	1		26	10	TWN_CAMP+01309E	(<03><05>★★★★★<03><01>★★★★<03>
narration	1		26	10	TWN_CAMP+013081	(<03><05>★★★★★★<03><01>★★★<03>
narration	1		26	10	TWN_CAMP+013064	(<03><05>★★★★★★★<03><01>★★<03>
narration	1		26	10	TWN_CAMP+013047	(<03><05>★★★★★★★★<03><01>★<03>
narration	1		22	9	FLD_B5+009157	(<03><05>プロテクトキー1<03>
narration	1		22	9	FLD_B5+0091E2	(<03><05>プロテクトキー2<03>
narration	1		22	9	FLD_B5+009218	(<03><05>プロテクトキー3<03>
narration	1		20	8	FLD_B5+009C1B	(<03><05>プロテクトキー<03>
narration	1		26	10	TWN_CAMP+0136AA	(<03><07>♪<03><03>♪♪♪♪♪♪♪♪<03>
narration	1		26	10	TWN_CAMP+013436	(<03><07>♪<03><04>♪♪♪♪♪♪♪♪<03>
narration	1		26	10	TWN_CAMP+0136C7	(<03><07>♪♪<03><03>♪♪♪♪♪♪♪<03>
narration	1		26	10	TWN_CAMP+013419	(<03><07>♪♪<03><04>♪♪♪♪♪♪♪<03>
narration	1		26	10	TWN_CAMP+0136E4	(<03><07>♪♪♪<03><03>♪♪♪♪♪♪<03>
narration	1		26	10	TWN_CAMP+0133FC	(<03><07>♪♪♪<03><04>♪♪♪♪♪♪<03>
narration	1		26	10	TWN_CAMP+013701	(<03><07>♪♪♪♪<03><03>♪♪♪♪♪<03>
narration	1		26	10	TWN_CAMP+0133DF	(<03><07>♪♪♪♪<03><04>♪♪♪♪♪<03>
narration	1		26	10	TWN_CAMP+01371E	(<03><07>♪♪♪♪♪<03><03>♪♪♪♪<03>
narration	1		26	10	TWN_CAMP+0133C2	(<03><07>♪♪♪♪♪<03><04>♪♪♪♪<03>
narration	1		26	10	TWN_CAMP+01373B	(<03><07>♪♪♪♪♪♪<03><03>♪♪♪<03>
narration	1		26	10	TWN_CAMP+0133A5	(<03><07>♪♪♪♪♪♪<03><04>♪♪♪<03>
narration	1		26	10	TWN_CAMP+013758	(<03><07>♪♪♪♪♪♪♪<03><03>♪♪<03>
narration	1		26	10	TWN_CAMP+013388	(<03><07>♪♪♪♪♪♪♪<03><04>♪♪<03>
narration	1		26	10	TWN_CAMP+013775	(<03><07>♪♪♪♪♪♪♪♪<03><03>♪<03>
narration	1		26	10	TWN_CAMP+01336B	(<03><07>♪♪♪♪♪♪♪♪<03><04>♪<03>
narration	1		26	10	TWN_CAMP+01358C	(<03>\n★<03><01>★★★★★★★★<03>
narration	1		26	10	TWN_CAMP+0135A9	(<03>\n★★<03><01>★★★★★★★<03>
narration	1		26	10	TWN_CAMP+0135C6	(<03>\n★★★<03><01>★★★★★★<03>
narration	1		26	10	TWN_CAMP+0135E3	(<03>\n★★★★<03><01>★★★★★<03>
narration	1		26	10	TWN_CAMP+013600	(<03>\n★★★★★<03><01>★★★★<03>
narration	1		26	10	TWN_CAMP+01361D	(<03>\n★★★★★★<03><01>★★★<03>
narration	1		26	10	TWN_CAMP+01363A	(<03>\n★★★★★★★<03><01>★★<03>
narration	1		26	10	TWN_CAMP+013657	(<03>\n★★★★★★★★<03><01>★<03>
narration	1		18	7	FLD_C2+00AE59	(<03>\n停泊中の艦隊<03>
narration	1		20	8	FLD_C4+015A44	(<03>\n内側から攻める<03>
narration	1		19	9	FLD_A7+006B2A	(…1、2、3…)
narration	1		15	7	FLD_A7+006BBE	(…あと2つ)
narration	1		15	7	FLD_A7+006BAF	(…あと3つ)
narration	1		15	7	FLD_A7+006BA0	(…あと4つ)
narration	1		19	9	FLD_A7+006BCD	(…あとひとつか)
narration	1		25	12	FLD_A5+00D8BB	(…あのワームの親かな)
narration	1		37	18	FLD_B2+00E1C6	(…あの船？ …いや、船の中か！？)
narration	1		29	14	FLD_D3+00576A	(…あるべき、本当の姿！？)
narration	1		13	6	TWN_SEEK+004AB6	(…あれ？)
narration	1		11	5	TWN_ZOAH+01322C	(…え？)
narration	1		35	17	FLD_A3+009416	(…こいつの他にもドラゴンが！？)
narration	1		35	17	FLD_B5+009930	(…ここと崖をつないで通れれば、)
narration	1		21	10	FLD_B5+0098AE	(…ここを通れば、)
narration	1		35	17	FLD_B5+009B0A	(…さては、儀らを親と間違えたな)
narration	1		15	7	FLD_B5+00983C	(…だけど…)
narration	1		37	18	TWN_EXCA+00199D	(…だめだ、とっくに冷たくなってる)
narration	1		31	15	FLD_B6+00ABD8	(…だめだな、閉鎖されてる…)
narration	1		19	9	FLD_B5+009333	(…というわけか)
narration	1		17	8	TWN_ZOAH+02FABA	(…とにかく、)
narration	1		23	11	FLD_B5+009140	(…どういう意味だ？)
narration	1		35	17	FLD_A7+006D04	(…どうやら先回りできたらしいな)
narration	1		33	16	FLD_A7+006B7F	(…まだ、はめる場所が5つある)
narration	1		33	16	FLD_A7+006B5E	(…まだ、はめる場所が6つある)
narration	1		39	19	FLD_B5+00AF20	(…もうメッセージは送られてこない…)
narration	1		17	8	FLD_A3+009000	(…やっぱり、)
narration	1		27	13	FLD_B5+0094FC	(…やっぱり、この遣跡…)
narration	1		27	13	FLD_B5+0092AD	(…キー、ということは…)
narration	1		27	13	FLD_B5+0093F8	(…プロテクトキー2か…)
narration	1		29	14	TWN_EXCA+000E63	(…一体、どういうことだ？)
narration	1		37	18	FLD_C8+012D10	(…予想以上に帝国軍の動きが速い…)
narration	1		35	17	FLD_B5+00AEFD	(…今のは、あの時のドラゴン！！)
narration	1		31	15	FLD_B5+009517	(…塔と何か関係あるのか…？)
narration	1		27	13	FLD_D2+0081A0	(…森の上に続いているな)
narration	1		19	9	FLD_B6+00AC22	(…生体兵装…？)
narration	1		39	19	TWN_EXCA+000D64	(…貴重なものはほとんど尋われてるな)
narration	1		23	11	FLD_B5+009466	(…！？ …何だ！？)
narration	1		11	5	FLD_B5+0096D4	(…！？)
narration	1		9	4	FLD_B5+00947D	(…？)
narration	1		23	11	TWN_CAMP+0138B0	(■        )
narration	1		23	11	TWN_CAMP+0138DE	(■■■      )
narration	1		23	11	TWN_CAMP+01390C	(■■■■■    )
narration	1		23	11	TWN_CAMP+01393A	(■■■■■■■  )
narration	1		23	11	TWN_CAMP+0138C7	(◆◆       )
narration	1		23	11	TWN_CAMP+0138F5	(◆◆◆◆     )
narration	1		23	11	TWN_CAMP+013923	(◆◆◆◆◆◆   )
narration	1		23	11	TWN_CAMP+013951	(◆◆◆◆◆◆◆◆ )
narration	1		37	18	TWN_ZOAH+00E7FC	(「やばい本」って、これのことか…)
narration	1		25	12	TWN_SEEK+0071E2	(「守人」のラーダだ…)
narration	1		27	13	TWN_SEEK+0167FE	(「探索兵」のペレツだ…)
narration	1		23	11	TWN_SEEK+00EA89	(「探索兵」のラグだ)
narration	1		25	12	TWN_SEEK+00E955	(「探索兵」のラグだ…)
narration	1		27	13	TWN_CAMP+010095	(あ…起こしちゃったかな)
narration	1		15	7	TWN_CAMP+01000E	(あ…転んだ)
narration	1		17	8	FLD_D2+008144	(あいつの体…)
narration	1		31	15	FLD_B2+00E328	(あそこからはもう入れないな)
narration	1		27	13	TWN_ZOAH+00B99B	(あちこち直した跡がある)
narration	1		35	17	FLD_A3+00947D	(あっ、戦艦が……くずれてゆく…)
narration	1		15	7	FLD_B2+00E1A2	(あと少し…)
narration	1		22	9	FLD_B5+00968C	(あの<03>\n黒い遣跡の所<03>
narration	1		39	19	TWN_SEEK+004890	(あのつぼには薬品が入っているらしい)
narration	1		37	18	FLD_B5+0095EB	(あのガーディアンが起動するように)
narration	1		39	19	TWN_ZOAH+039DA3	(あのシーカーは…エフタとかいったな)
narration	1		35	17	TWN_ZOAH+028C94	(あの人…ヤエルという名だったな)
narration	1		31	15	FLD_C4+015C7B	(あの動力源を破壊すれば！！)
narration	1		33	16	FLD_B5+0096FC	(あの場所からのメッセージだ…)
narration	1		39	19	TWN_ZOAH+034482	(あの子の名は…確かローダといったな)
narration	1		39	19	FLD_C4+015D43	(あの強力なバリアを何とかしないと！)
narration	1		29	14	TWN_ZOAH+039D86	(あの服装は…シーカーだな)
narration	1		29	14	TWN_ZOAH+022910	(あの男がここの主人らしい)
narration	1		25	12	TWN_ZOAH+038F41	(あの男は旅人らしい…)
narration	1		27	13	TWN_ZOAH+00FC85	(あの袋も作物入りらしい)
narration	1		35	17	FLD_B5+00924C	(あの遣跡からのメッセージか？…)
narration	1		33	16	FLD_B5+009399	(あの遣跡からのメッセージだ…)
narration	1		39	19	TWN_ZOAH+00F34B	(あの部屋には食料が蓄えてあるらしい)
narration	1		33	16	FLD_B5+0094A3	(あの黒い船…クレイメン艦隊！)
narration	1		31	15	TWN_CARA+003BE4	(あまりいいエサじゃないな…)
narration	1		29	14	TWN_CAMP+00CD29	(あれ、ガッシュがいない…)
narration	1		33	16	TWN_CAMP+00ECAF	(あれから目覚める様子はない…)
narration	1		29	14	TWN_ZOAH+00EDA6	(あれが「護り火」の火種…)
narration	1		15	7	FLD_C8+01301F	(あれだな…)
narration	1		17	8	FLD_C4+015FB4	(あれは…塔！)
narration	1		21	10	TWN_EXCA+000C8B	(あれは…隊長！！)
narration	1		15	7	FLD_C4+015F16	(あれは！！)
narration	1		23	11	TWN_ZOAH+0344A9	(あれ？ あの子は…)
narration	1		35	17	TWN_RUIN+000A3D	(あれ？ この下に落ちてるのは…)
narration	1		39	19	TWN_EXCA+0018E0	(あれ？ この人…確か、ゾアの街の…)
narration	1		35	17	TWN_CAMP+010489	(あれ？ 機嫌を悪くしたみたいだ)
narration	1		33	16	TWN_ZOAH+00FBA1	(あんな所にも何か置いてあるな)
narration	1		27	13	FLD_D2+00809E	(いつ通ってもすごいな…)
narration	1		23	11	FLD_C4+015F9D	(いや…移動してる…)
narration	1		33	16	FLD_B5+009AA0	(いや、あの沈んでた黒い遣跡！)
narration	1		35	17	FLD_C8+012FFC	(いや、今は戻ってる場合じゃない)
narration	1		37	18	TWN_CARA+003F8F	(いろんな物が雑多に積み上げてある)
narration	1		33	16	FLD_A3+008EA7	(うわぁ！どうしたんだ一体！？)
narration	1		17	8	FLD_B2+00E10B	(おかしいな…)
narration	1		39	19	TWN_SEEK+00C2E7	(お互い、生きのびられればいいけど…)
narration	1		29	14	TWN_ZOAH+00D24F	(かなり使い込んであるな…)
narration	1		31	15	TWN_ZOAH+00ED49	(かなり昔に作られた物だな…)
narration	1		31	15	TWN_ZOAH+00E62E	(かなり細工が行き届いてるな)
narration	1		27	13	TWN_CAMP+010364	(かまってほしいのかな？)
narration	1		35	17	TWN_ZOAH+00C9C0	(かまどの中で残り火が燃えている)
narration	1		35	17	FLD_B5+0092C8	(きっと何かの鍵が必要なんだな…)
narration	1		33	16	TWN_ZOAH+00F8CE	(きれいに手入れしてあるけど…)
narration	1		29	14	FLD_C4+015D26	(くそっ、攻撃が効かない！)
narration	1		17	8	FLD_B5+00957D	(くそっ！！…)
narration	1		25	12	TWN_CAMP+01005B	(ぐっすり寝ているな…)
narration	1		39	19	TWN_CAMP+00FFA3	(こいつ、どうして旧世紀の船の中に…)
narration	1		29	14	FLD_A7+006A5E	(こいつにはりついて行こう)
narration	1		31	15	TWN_CAMP+0100F0	(こいつにも名前がいるかな…)
narration	1		31	15	FLD_C4+015AEE	(こいつの真下の方が安全か…)
narration	1		29	14	TWN_ZOAH+02F2C2	(こいつも、変わった男だな)
narration	1		37	18	TWN_CARA+00B4EF	(こいつを乗りこなすのは大変そうだ)
narration	1		39	19	FLD_B5+009BBC	(こいつを使って、ここの遣跡の封印を)
narration	1		23	11	FLD_C4+0159CC	(こいつを沈めれば…)
narration	1		25	12	FLD_C4+015C4B	(こいつを破壊すれば…)
narration	1		35	17	TWN_ZOAH+02FF1D	(こういう事には一生懸命なんだな)
narration	1		33	16	FLD_C2+00AE38	(ここから先は警戒が厳しいな…)
narration	1		37	18	FLD_C4+015CB1	(ここから先へは戻れそうにないな…)
narration	1		37	18	TWN_ZOAH+00EF21	(ここから向こう側に光を入れるのか)
narration	1		19	9	FLD_B5+00997A	(ここがウルか！)
narration	1		23	11	FLD_C4+015AAF	(ここが中心部か！？)
narration	1		35	17	TWN_SEEK+004DCD	(ここで全冥分の食事を作るらしい)
narration	1		31	15	TWN_ZOAH+00BBCE	(ここで教典を焼くような奴は)
narration	1		24	10	FLD_B2+00E0E4	(ここになら<03><05>船の部品<03>
narration	1		37	18	FLD_B5+009A0C	(ここにはあんな生き物までいるのか)
narration	1		19	9	FLD_B5+00AF47	(ここにもいたか)
narration	1		37	18	TWN_ZOAH+00EBAE	(ここに来た人が立てていくのかな…)
narration	1		35	17	FLD_B5+0099DA	(ここの北側だとか言ってたかな…)
narration	1		13	6	FLD_A5+00D958	(ここは…)
narration	1		29	14	FLD_C4+015CD7	(ここはもう破壊したはず…)
narration	1		37	18	FLD_C4+015DCF	(ここまでをもう一度調べてみるか…)
narration	1		23	10	FLD_C4+015E56	(ここも<01><01>には無理か)
narration	1		39	19	TWN_EXCA+000E1F	(ここを落ちて遣跡で気づくまでの間…)
narration	1		23	11	FLD_B5+0095D4	(ここを解除すると、)
narration	1		37	18	FLD_C2+00AE89	(ここを越えては行けそうにないな…)
narration	1		35	17	FLD_D2+00803A	(ここ以外に森の中へは入れないな)
narration	1		33	16	TWN_ZOAH+01D200	(こちらには気づく様子もないな)
narration	1		29	14	TWN_CAMP+00FFCA	(こっちが気になるみたいだ)
narration	1		33	16	TWN_CAMP+010303	(こっちを気にしてるみたいだ…)
narration	1		33	16	TWN_ZOAH+00CB5A	(このはしごはずいぶん低いな…)
narration	1		35	17	TWN_CARA+00CCBF	(このままじゃ、長くはもたないぞ)
narration	1		37	18	FLD_D2+008223	(このまま北へ飛べばたどり着ける！)
narration	1		39	19	TWN_RUIN+0009C1	(この位置からだと、よくわからないな)
narration	1		35	17	TWN_ZOAH+00ED83	(この光が街を照らしているのか…)
narration	1		19	9	FLD_B6+00B18E	(この前来た時に)
narration	1		39	19	TWN_ZOAH+00EFF8	(この向こうは通路になっているらしい)
narration	1		31	15	FLD_B2+00E1F8	(この奥に何があるんだろう？)
narration	1		27	13	FLD_C4+015A29	(この巨体を沈めるには…)
narration	1		37	18	TWN_ZOAH+00C4BE	(この本は相当読みふるしてあるな…)
narration	1		35	17	TWN_SEEK+00464A	(この本棚は、新しい本が多いな…)
narration	1		39	19	TWN_CARA+0040D8	(この柱は、攻性生物の殻で作ってある)
narration	1		31	15	TWN_ZOAH+00F863	(この機械、まだ生きている…)
narration	1		31	15	TWN_ZOAH+00FAC6	(この機械は壊れているらしい)
narration	1		31	15	TWN_SEEK+004496	(この機械を使ったんだろうか)
narration	1		27	13	TWN_ZOAH+00B95A	(この穀物は売り物らしい)
narration	1		33	16	TWN_RUIN+00096C	(この紋章に埋まってるのって…)
narration	1		35	17	FLD_D2+0080B9	(この臭い、何とかならないかな！)
narration	1		31	15	TWN_ZOAH+00F7F4	(この街に関する記録らしい…)
narration	1		31	15	TWN_ZOAH+00C464	(この街の住人の基標らしい…)
narration	1		31	15	TWN_ZOAH+01D1B3	(この街の実力者のようだが…)
narration	1		37	18	TWN_CAMP+00FEAD	(この袋には、旅の荷物が入っている)
narration	1		31	15	TWN_CARA+0041F6	(この辺りに住んでいる奴かな)
narration	1		39	19	TWN_ZOAH+00D79C	(この道具箱、ずっと放ってあるのかな)
narration	1		35	17	FLD_C8+012FD9	(この遣跡が眠っているせいかな…)
narration	1		39	19	FLD_B5+0094C4	(この遣跡で何をしようとしてるんだ？)
narration	1		37	18	TWN_SEEK+004790	(この部品は組み立ての途中みたいだ)
narration	1		35	17	TWN_EXCA+00192E	(この銃で攻性生物と戦ったのか…)
narration	1		15	7	FLD_B2+00E2A5	(これかな？)
narration	1		31	15	FLD_A5+00ECD4	(これからは自分との闘いだ！)
narration	1		39	19	FLD_C4+015BA1	(これが…全部さっきと同じ物なのか…)
narration	1		37	18	FLD_B5+009B78	(これが、さっきの遣跡が言っていた)
narration	1		37	18	TWN_ZOAH+00E681	(これが、旅で使う水袋になるんだな)
narration	1		27	13	FLD_B5+009174	(これがキーってことは、)
narration	1		39	19	TWN_ZOAH+00FC5E	(これが全部、ここの住人のものなのか)
narration	1		15	7	FLD_D3+005787	(これが！？)
narration	1		33	16	TWN_ZOAH+00FF26	(これじゃ、すぐ破れてしまうな)
narration	1		37	18	FLD_C2+00AC89	(これだけ戦闘を繰り返せば当然か…)
narration	1		19	9	FLD_B5+009453	(これで2つ目…)
narration	1		19	9	FLD_A7+006A7B	(これで3つ目…)
narration	1		35	17	TWN_CAMP+00CD06	(これで、お互い命の恩人どうしか)
narration	1		31	15	TWN_ZOAH+029183	(これで、約束は果たしたな…)
narration	1		39	19	FLD_B5+00930C	(これでこの遣跡の封印が1つ解けた、)
narration	1		23	11	FLD_C4+015EFF	(これで塔に行ける…)
narration	1		37	18	TWN_ZOAH+00FC0A	(これで役に立つ物が作れるのかな？)
narration	1		19	9	FLD_A7+006DC0	(これで最後か？)
narration	1		19	9	FLD_A7+006CAD	(これなのか！？)
narration	1		23	11	FLD_B2+00E281	(これは…ドラゴン？)
narration	1		19	9	FLD_B2+00E265	(これは…一体…)
narration	1		31	15	FLD_C4+015C0F	(これは！ さっきと同じ！？)
narration	1		35	17	TWN_ZOAH+00F927	(これも、旧世紀の発掘品なのかな)
narration	1		33	16	TWN_ZOAH+00BCFC	(これもパエットが作ったのかな)
narration	1		29	14	TWN_ZOAH+00FAE5	(これも修理する気なのかな)
narration	1		35	17	TWN_ZOAH+01AA72	(これ以上話をする気はないらしい)
narration	1		37	18	TWN_ZOAH+00FCA0	(こんなに食料の蓄えがあるなんて…)
narration	1		37	18	TWN_ZOAH+00F8A9	(こんな大きな物、よく持ち込んだな)
narration	1		33	16	TWN_CAMP+00E90C	(こんな所にまで来るとはなあ…)
narration	1		35	17	TWN_SEEK+00BFE1	(さすがにまいってるみたいだな…)
narration	1		26	11	FLD_B5+009367	(さっき<03>\n鍵を取った場所<03>
narration	1		25	12	FLD_B5+0091FF	(さっきと同じ要領だな)
narration	1		37	18	FLD_A3+00904B	(さっきのがスイッチだったのか……)
narration	1		37	18	FLD_C4+015B54	(さっきのが動力源じゃないのか！？)
narration	1		39	19	FLD_B6+00AA3A	(さっきの場所には戻れなくなったな…)
narration	1		31	15	FLD_A7+006B0B	(さっきの巨石がはまってる…)
narration	1		31	15	FLD_A5+00ECB5	(さっきは新記録をだせたけど)
narration	1		33	16	FLD_C4+015DAE	(しかたない、他に道を探そう…)
narration	1		17	8	FLD_B5+009B2D	(しょうがない)
narration	1		27	13	TWN_CARA+00CD14	(じきに目が覚めるだろう)
narration	1		35	17	FLD_B6+00AA7C	(すぐにもここを出られそうなのに)
narration	1		25	12	TWN_SEEK+004DB4	(すごく大きなかまどだ)
narration	1		25	12	TWN_CARA+00984F	(すごく暗い雰囲気だ…)
narration	1		23	11	TWN_CAMP+0101C4	(すっかり回復したな)
narration	1		31	15	TWN_ZOAH+01AA53	(ずいぶん勝ち誇った感じだ…)
narration	1		27	13	TWN_ZOAH+00BC12	(ずいぶん古びた焼却炉だ)
narration	1		27	13	TWN_ZOAH+00D7DA	(ずいぶん古びた箱だな…)
narration	1		33	16	FLD_B5+009A5B	(ずいぶん派手にやってくれたな)
narration	1		29	14	TWN_ZOAH+00F30D	(ずいぶん立派なかまどだ…)
narration	1		27	13	TWN_ZOAH+00F372	(ずいぶん蓄えが多いな…)
narration	1		33	16	TWN_ZOAH+00FF05	(ずいぶん薄い布で包んである…)
narration	1		29	14	TWN_ZOAH+032D30	(ずいぶん身なりのいい男だ)
narration	1		39	19	TWN_ZOAH+00D419	(せいぜいひとり分の大きさしかないな)
narration	1		25	12	FLD_B5+00943A	(そういうことなのか？)
narration	1		17	8	TWN_ZOAH+033696	(そういえば…)
narration	1		39	19	TWN_EXCA+001907	(そうだ、ハンターのラドガムって人だ)
narration	1		35	17	FLD_D3+005726	(そうだ、砂漠で同じ物を見たな！)
narration	1		29	14	TWN_EXCA+000E46	(その間の記憶が全くない…)
narration	1		31	15	TWN_ZOAH+00EA70	(そばに染料も置いてあるな…)
narration	1		39	19	FLD_B5+009413	(それがあれば、ここで何かが起きる…)
narration	1		39	19	TWN_ZOAH+01A925	(それに、帝国軍も放っておけないし…)
narration	1		17	8	FLD_B5+009A31	(それにしても)
narration	1		37	18	TWN_SEEK+0051D6	(それにしても、ずいぶん大きいな…)
narration	1		17	8	FLD_C8+012D35	(それに数も…)
narration	1		39	19	TWN_CAMP+00E92D	(そんなにドラゴンが見たかったのかな)
narration	1		25	12	TWN_CARA+0038BA	(たき火が燃えている…)
narration	1		17	8	TWN_CAMP+00FE50	(たき火の跡だ)
narration	1		27	13	FLD_C8+012F94	(たぶん…何かの装置だな)
narration	1		37	18	TWN_CAMP+00EC46	(たぶん、塔をよみがえらせるために)
narration	1		37	18	TWN_ZOAH+00C53C	(たぶん、森に住む小動物の肉だろう)
narration	1		37	18	TWN_SEEK+0052E8	(だから、ガッシュが操作できたのか)
narration	1		39	19	FLD_A3+009070	(だけど、これで攻性生物もこの辺りに)
narration	1		11	5	FLD_A3+008FA9	(ちっ！)
narration	1		27	13	TWN_CAMP+00FEF9	(ちょっと動かしてみよう)
narration	1		33	16	TWN_ZOAH+00FDB0	(ちょっと大きすぎじゃないかな)
narration	1		35	17	TWN_CAMP+010466	(ちょっと機嫌が良くなったかな…)
narration	1		31	15	TWN_ZOAH+00E9CA	(つぼにはみんな封がしてある)
narration	1		33	16	TWN_ZOAH+00EC7A	(つぼにはみんな封をしてあるな)
narration	1		15	7	FLD_B6+00AC35	(つまり…、)
narration	1		33	16	TWN_ZOAH+00F32A	(でも、あまり使った跡がないな)
narration	1		39	19	TWN_CARA+00B27C	(でも、ちょっともったいなかったかな)
narration	1		25	12	TWN_CAMP+010188	(でも、どうして突然…)
narration	1		31	15	TWN_ZOAH+00D635	(でも、よく手入れされている)
narration	1		33	16	TWN_ZOAH+00C93C	(でも、手入れは行き届いている)
narration	1		37	18	TWN_CARA+017EDB	(とにかく、本人に話を聞かないと…)
narration	1		39	19	FLD_B5+00962B	(ともあれ、2つ目の封印は解いたんだ)
narration	1		33	16	TWN_CAMP+0100B0	(どうしてついて来たんだろう？)
narration	1		33	16	TWN_CAMP+010245	(どうして嫌われてるんだろう？)
narration	1		29	14	FLD_D2+007FC6	(どうやっても開かないな…)
narration	1		31	15	FLD_C4+015D8F	(どこかで制御しているのか？)
narration	1		29	14	FLD_B5+0091C5	(どこかに、なかったかな…)
narration	1		39	19	FLD_A3+008FD9	(どこかにスイッチがあるはずなんだが)
narration	1		39	19	FLD_B2+00E11C	(どこかに入□がありそうなものだけど)
narration	1		27	13	TWN_ZOAH+00E1A2	(どれも使い込んであるな)
narration	1		29	14	TWN_ZOAH+00B9E8	(どれも手が加えてあるな…)
narration	1		33	16	TWN_ZOAH+00D334	(どれも長い間使ってないらしい)
narration	1		29	14	TWN_SEEK+005561	(なきがらを布で包んである)
narration	1		37	18	TWN_CARA+017E76	(なぜ、ここにシーカーがいるんだ？)
narration	1		33	16	FLD_B5+0092EB	(なるほど、こういうしかけか…)
narration	1		33	16	FLD_B5+0098EA	(なるほど、入□は開いたけど…)
narration	1		37	18	FLD_B5+00986A	(なるほど、通路はつながったけど…)
narration	1		33	16	FLD_D3+005749	(なんだ…頭に声が響いてくる…)
narration	1		15	7	FLD_C4+015F25	(なんだ…？)
narration	1		35	17	TWN_CAMP+0103C9	(なんだか、ふしぎな感じがする…)
narration	1		15	7	FLD_B2+00E143	(なんだ！？)
narration	1		19	9	FLD_D2+0080F7	(なんて強さだ…)
narration	1		29	14	FLD_B2+00E230	(なんでこんなところに…？)
narration	1		27	13	TWN_ZOAH+00CE52	(はしごが立てかけてある)
narration	1		29	14	TWN_ZOAH+00CE6D	(はしごが立てかけてある…)
narration	1		17	8	TWN_CARA+00CCAE	(ひどい熱だ…)
narration	1		27	13	TWN_ZOAH+00ED68	(ふしぎな光を発している)
narration	1		21	10	TWN_CAMP+00BDA6	(ふしぎな男だな…)
narration	1		19	9	TWN_ZOAH+00C4E3	(ぶあつい写本だ)
narration	1		33	16	FLD_B5+00AF5A	(まあ、こいつは後回しにしよう)
narration	1		37	18	TWN_ZOAH+00FA61	(まさか…帝国軍のじゃないだろうな)
narration	1		15	7	FLD_B5+00AF7B	(まずは1匹)
narration	1		33	16	FLD_B5+00966B	(また変化があったかもしれない)
narration	1		17	8	FLD_B5+0094EB	(また奴らか！)
narration	1		23	11	FLD_A3+008F28	(また騒がしくなった)
narration	1		33	16	TWN_ZOAH+00D025	(まだ、かなり油が残っている…)
narration	1		33	16	FLD_A7+006B3D	(まだ、はめる場所が7つある…)
narration	1		13	6	FLD_B2+00E195	(まだか…)
narration	1		19	9	FLD_C4+015B8E	(まだこんなに！)
narration	1		35	17	FLD_C4+015B31	(まだ光の粒子が吐き出されてる！)
narration	1		19	9	FLD_C4+015BD9	(まだ沈まない…)
narration	1		25	12	TWN_ZOAH+013237	(まだ食べる気なのか？)
narration	1		35	17	TWN_CAMP+0101A1	(まめに相手をしていたせいかな？)
narration	1		33	16	FLD_B5+009AC1	(まわりが浮き上がってきてる！)
narration	1		39	19	TWN_SEEK+005589	(みんな、こんな風に死んでいくのか…)
narration	1		13	6	FLD_D2+0081BB	(めしべ？)
narration	1		25	12	FLD_A5+00F8AB	(もう一度挑戦するか？)
narration	1		17	8	FLD_D2+008249	(もう少しだ…)
narration	1		37	18	TWN_CAMP+00EC21	(もし、このまま目覚めなかったら…)
narration	1		25	12	TWN_RUIN+000A8E	(もっと近よってみよう)
narration	1		31	15	TWN_RUIN+0009FD	(もっと近よって調べてみよう)
narration	1		39	19	TWN_CAMP+00FFE7	(やっぱり、ドラゴンの子供なのかな？)
narration	1		35	17	FLD_C4+015BEC	(やっぱり、動力源を叩かないと！)
narration	1		17	8	FLD_B5+009536	(やっぱりだ…)
narration	1		29	14	TWN_SEEK+0071C5	(やっぱりシーカーなのかな)
narration	1		31	15	FLD_B5+0096B5	(やれやれ、やっと一段落だな)
narration	1		37	18	TWN_SEEK+004AC3	(よく見ると、まだ何か残ってるな…)
narration	1		27	13	FLD_A5+00E2F4	(よし、もう一度挑戦だ！)
narration	1		23	11	FLD_D2+008087	(よし、森に入ろう！)
narration	1		27	13	FLD_D2+0080DC	(よし、森の上へ出よう！)
narration	1		23	11	FLD_B5+009C04	(わかるってことか…)
narration	1		33	16	TWN_ZOAH+02FEFC	(わき目もふらずに調べている…)
narration	1		35	17	TWN_CARA+0095A9	(わざと儀を無視してるみたいだ…)
narration	1		31	15	TWN_CARA+0038D3	(わりといい燃料を使ってるな)
narration	1		39	19	TWN_EXCA+001976	(ん？ …体の下に、銃が落ちているな)
narration	1		39	19	TWN_EXCA+000E9B	(ん？ よく見るとまだ何か残ってるぞ)
narration	1		33	16	TWN_SEEK+0187CF	(アゼル…まだ目が覚めないのか)
narration	1		27	13	TWN_SEEK+004414	(アゼルが寝ていた寝床だ)
narration	1		33	16	TWN_CAMP+00EBC8	(アゼルのそばに何か置いてある)
narration	1		37	18	TWN_EXCA+0015F6	(アゼルは、じっと発掘物を見ている)
narration	1		29	14	TWN_CAMP+00EB8E	(アゼルは連れて行けないな)
narration	1		15	7	FLD_B6+00B164	(アゼル！！)
narration	1		33	16	FLD_A5+00D89A	(アリ地獄に落ちる事あるんだ…)
narration	1		25	12	TWN_RUIN+000836	(エレベータのロックだ)
narration	1		29	14	FLD_B6+00B1A1	(エレベーターも壊れたし…)
narration	1		23	11	TWN_ZOAH+00FA4A	(エンジンの伝達線だ)
narration	1		29	14	TWN_SEEK+00672F	(ガッシュ、つらそうだな…)
narration	1		37	18	TWN_SEEK+004471	(ガッシュが言ってた「処置」って…)
narration	1		39	19	TWN_CARA+017EB4	(ガッシュはなぜ使いをよこしたのかな)
narration	1		39	19	TWN_CARA+003F45	(ガラクタが山のように積み上げてある)
narration	1		35	17	TWN_ZOAH+00C57A	(ガラクタの山に布をかぶせてある)
narration	1		29	14	TWN_CARA+005E6F	(キャラバンのリーダーか…)
narration	1		35	17	FLD_A3+00945A	(クレイメンとやりあったのか……)
narration	1		39	19	FLD_C8+01302E	(クレイメンの言っていたゲートって…)
narration	1		29	14	FLD_A7+006CC0	(クレイメン達の目的って…)
narration	1		31	15	TWN_CARA+003BA8	(クーリアのエサが置いてある)
narration	1		37	18	TWN_CAMP+00FDD2	(クーリアのフンを固めた燃料の火だ)
narration	1		33	16	TWN_CAMP+010074	(クーリアの変種にも見えるな…)
narration	1		25	12	FLD_C8+012F6A	(ゲートのようだけど…)
narration	1		37	18	TWN_ZOAH+0334CB	(ザアルの実か…確かに高価なものだ)
narration	1		27	13	TWN_SEEK+00532A	(シーカーがやったのか？)
narration	1		29	14	TWN_CARA+003BC7	(スナグサの実が入っている)
narration	1		39	19	TWN_CAMP+00FED2	(ゾアの街で手に入れた旧世紀の機械だ)
narration	1		29	14	TWN_EXCA+0019C2	(ゾアの街にいたハンターだ)
narration	1		37	18	TWN_EXCA+001A2C	(ゾアの街にいたハンターの死体だ…)
narration	1		29	14	TWN_ZOAH+00E1BD	(テーブルがかたづけてある)
narration	1		31	15	FLD_B6+00AC44	(ドラゴンじゃダメってことか)
narration	1		21	10	TWN_CAMP+0101F0	(ドラゴンでいいか)
narration	1		27	13	FLD_B6+00AA61	(ドラゴンと鍵があれば、)
narration	1		37	18	TWN_ZOAH+00F9A5	(ドラゴンに関する本もあるみたいだ)
narration	1		21	10	TWN_CAMP+00FF14	(ドラゴンの幻だ…)
narration	1		25	12	FLD_B2+00E217	(ドラゴンの紋章…！？)
narration	1		27	13	FLD_A3+0093FB	(ドラゴンを尋われた…？)
narration	1		35	17	TWN_ZOAH+00DA34	(ハンターがよく使う携帯ランプだ)
narration	1		39	19	TWN_ZOAH+00D1EE	(ハンターが弾薬入れによく使っている)
narration	1		31	15	TWN_ZOAH+00D230	(ハンターが身につける防具だ)
narration	1		27	13	TWN_ZOAH+02B2F9	(ハンターのラドガムだ…)
narration	1		27	13	TWN_ZOAH+00D319	(ハンターの使う道具だ…)
narration	1		23	11	TWN_EXCA+001A15	(ハンターの死体だ…)
narration	1		29	14	TWN_ZOAH+02F2A5	(パエットが作業をしている)
narration	1		37	18	TWN_ZOAH+00BBED	(パエットぐらいしかいないよなあ…)
narration	1		31	15	TWN_ZOAH+02FE26	(パエットだ…不機嫌そうだな)
narration	1		37	18	TWN_ZOAH+00EE78	(パエットには聞こえてないのか…？)
narration	1		37	18	FLD_B5+00998D	(パエットに見せてもらった通りだ…)
narration	1		35	17	FLD_B2+00E2B4	(パエットの欲しがってる物って…)
narration	1		39	19	TWN_SEEK+00BA2D	(パエットは、じっと発掘品を見ている)
narration	1		15	7	TWN_CAMP+00E8FD	(パエット！)
narration	1		31	15	FLD_B5+009B9D	(プロテクトキーってやつか…)
narration	1		21	10	FLD_B5+009B63	(プロテクトキー？)
narration	1		25	12	TWN_ZOAH+0335AD	(マクランジュエルか…)
narration	1		39	19	TWN_ZOAH+0337F5	(マクランジュエルが欲しいらしいな…)
narration	1		39	19	TWN_ZOAH+0336A7	(マクランジュエルを調達するんだっけ)
narration	1		37	18	TWN_ZOAH+00EE29	(メル=カヴァが見えた時と同じだ…)
narration	1		37	18	FLD_C4+015D6A	(メル=カヴァの一部のようだけど…)
narration	1		33	16	TWN_ZOAH+00BD2E	(ラグス草を栽培しているらしい)
narration	1		37	18	TWN_ZOAH+00CF5B	(ランプを外した台だけが吊ってある)
narration	1		35	17	TWN_ZOAH+00CE8A	(ランプを降ろすのに使ったらしい)
narration	1		17	8	TWN_ZOAH+00CF4A	(ランプ台だ…)
narration	1		19	9	FLD_A5+00D887	(ワームの幼性？)
narration	1		25	12	TWN_CARA+017E9B	(一体、何の用だろう？)
narration	1		27	13	TWN_CAMP+00EB2B	(一応満足したみたいだな)
narration	1		23	11	FLD_B5+009AF3	(一緒についてくるぞ)
narration	1		39	19	TWN_ZOAH+00C4F6	(上等のランプだ…本を読むためだろう)
narration	1		21	10	TWN_CAMP+00C6DB	(不思議な男だな…)
narration	1		33	16	FLD_D2+007FF8	(中が空洞になってる…通れるな)
narration	1		37	18	TWN_ZOAH+00DBE1	(中身はほとんど持ち出されてるな…)
narration	1		21	10	FLD_D2+00820E	(主を失った船か…)
narration	1		35	17	TWN_CAMP+00EB46	(乗せてやった方がよかったかな…)
narration	1		21	10	TWN_ZOAH+00BDBE	(井戸が掘ってある)
narration	1		37	18	TWN_ZOAH+00B49D	(井戸というより、地下の通路だな…)
narration	1		23	11	TWN_EXCA+0019FE	(人が倒れている…！)
narration	1		37	18	TWN_ZOAH+01AF81	(今では、この男がゾアの支配者か…)
narration	1		33	16	FLD_B5+00958E	(今のが遣跡のガーディアンか！)
narration	1		31	15	TWN_ZOAH+00EE0A	(今の声…直接頭に響いてきた)
narration	1		31	15	TWN_CAMP+010149	(今はこのまま寝かせてやろう)
narration	1		39	19	TWN_ZOAH+01A8FE	(今はこの男の言うことを聞くしかない)
narration	1		33	16	TWN_ZOAH+00F969	(今はこれを修理しているらしい)
narration	1		21	10	FLD_C8+012FAF	(今は動いてない…)
narration	1		33	16	TWN_ZOAH+02FA99	(今夜、ここに来いと書いてある)
narration	1		39	19	TWN_CAMP+0102DC	(今度はもっと戦い方を工夫してみよう)
narration	1		33	16	TWN_CAMP+010283	(今日は気が立ってるみたいだ…)
narration	1		31	15	TWN_CAMP+010432	(今日は特に調子がよさそうだ)
narration	1		27	13	FLD_B5+009610	(仕組んでたってわけか…)
narration	1		21	10	FLD_B5+00AF8A	(他にもいるかな…)
narration	1		31	15	FLD_B5+009C71	(他に手がかりを探してみよう)
narration	1		31	15	FLD_D2+008125	(他に道を探すしかないのか？)
narration	1		27	13	TWN_CAMP+00CD46	(仲間の所に戻ったのかな)
narration	1		29	14	TWN_CAMP+00EC04	(体力が落ちてきたみたいだ)
slot	1	29	29	14	TWN_ZOAH+00C8B3	(体裁のいいものじゃないな)
narration	1		21	10	FLD_B2+00E1B1	(何かいるのか！？)
narration	1		29	14	FLD_B5+009486	(何かが作動したみたいだ…)
narration	1		31	15	FLD_A7+006D7F	(何かが引きあげられている？)
narration	1		31	15	TWN_ZOAH+02F13C	(何かの作業をしているようだ)
narration	1		17	8	TWN_RUIN+0009B0	(何かの紋章だ)
narration	1		31	15	TWN_ZOAH+00ECDF	(何かの道具が下げられている)
narration	1		21	10	FLD_B5+009C3F	(何かの鍵らしいが)
narration	1		27	13	TWN_ZOAH+00B746	(何かはめ込んであるぞ…)
narration	1		35	17	FLD_A7+006AE8	(何かをはめるみたいな形だけど…)
narration	1		17	8	TWN_RUIN+000808	(何か光ってる)
narration	1		33	16	FLD_B5+009346	(何か変化があったかもしれない)
narration	1		31	15	TWN_ZOAH+032C48	(何か話してるみたいだけど…)
narration	1		17	8	FLD_B5+009AE2	(何だ、こいつ)
narration	1		23	11	FLD_D2+008174	(何だろう、これは？)
narration	1		11	5	FLD_C4+015A76	(何だ！)
narration	1		25	12	FLD_A7+006ACF	(何だ？ この遣跡は…)
narration	1		27	13	FLD_C2+00AE00	(何だ？ 帝国軍の奴ら…)
narration	1		25	12	TWN_ZOAH+00E975	(何でも売ってるんだな)
narration	1		29	14	FLD_B5+009C54	(何に使うのかさっぱりだ…)
narration	1		23	11	TWN_ZOAH+00F8EF	(何に使うんだろう？)
narration	1		31	15	FLD_A3+008ED9	(何のための装置なんだろう？)
narration	1		21	10	FLD_C8+012FC4	(何も起こらない…)
narration	1		33	16	FLD_A5+00D937	(何も起こらなければいいけど…)
narration	1		29	14	FLD_C2+00AE1B	(何をやろうとしてるんだ？)
narration	1		21	10	TWN_ZOAH+00E64D	(作りかけの水袋だ)
narration	1		31	15	TWN_ZOAH+00FC3F	(作物が山のように積んである)
narration	1		31	15	TWN_ZOAH+00FCE0	(作物を運ぶためのかごらしい)
narration	1		29	14	TWN_CAMP+00FE33	(保存燃料を使ったたき火だ)
narration	1		33	16	TWN_ZOAH+00BB6F	(倉庫の換気のための風車らしい)
narration	1		27	13	FLD_D2+00810A	(倒す方法が別にあるのか)
narration	1		27	13	TWN_SEEK+005531	(傷だらけになっている…)
narration	1		33	16	FLD_B5+009547	(儀がこの遣跡の封印を解くのを)
narration	1		39	19	TWN_ZOAH+00FBE3	(儀にはガラクタにしか見えないけど…)
narration	1		35	17	TWN_CARA+00B327	(儀の事は気にしてないみたいだ…)
narration	1		31	15	TWN_CAMP+0100D1	(儀らを仲間だと思ったのかな)
narration	1		31	15	TWN_CARA+00B371	(儀を警戒しているみたいだ…)
narration	1		25	12	TWN_ZOAH+00ED30	(儀式に使う祭壇らしい)
narration	1		25	12	TWN_ZOAH+00ECFE	(儀式に使う道具らしい)
narration	1		29	14	FLD_C4+015A92	(光の粒子を吹き出してる…)
narration	1		35	17	TWN_EXCA+000F5C	(入□が爆破されていて入れない…)
narration	1		35	17	FLD_A7+006A8E	(全部、動かせということなのか…)
narration	1		33	16	FLD_C4+015CF4	(内部か…とにかく先に進もう…)
narration	1		23	11	TWN_ZOAH+00BC4C	(刈り取り用の農具だ)
narration	1		39	19	TWN_CAMP+00EC6B	(力を出しつくしてしまったんだろう…)
narration	1		21	10	FLD_D2+00818B	(動きが止まった…)
narration	1		29	14	FLD_C4+015C2E	(動力源が2つあったのか！)
narration	1		37	18	BTL_B6+05B333	(反撃されないためには銃しかないな)
narration	1		31	15	BTL_B6+05B358	(反撃を上にさせて巣を狙おう)
narration	1		35	17	TWN_ZOAH+02F15B	(取ってきた部品を検分している…)
narration	1		33	16	TWN_ZOAH+00D174	(古びたひもが壁にかかっている)
narration	1		27	13	TWN_ZOAH+00FB65	(古びた木箱が置いてある)
narration	1		15	7	TWN_ZOAH+00B469	(古井戸だ…)
narration	1		37	18	TWN_ZOAH+00B478	(古井戸だ…すっかり水がかれている)
narration	1		21	10	TWN_ZOAH+01D1D2	(司祭のダモンだ…)
narration	1		31	15	TWN_ZOAH+00D654	(吊り床が壁に取りつけてある)
narration	1		27	13	TWN_ZOAH+00CEEB	(吊り床が放り出してある)
narration	1		31	15	TWN_ZOAH+00C95D	(吊り床が柱にとりつけてある)
narration	1		39	19	TWN_ZOAH+00CEC4	(吊り床を支える網が引きちぎってある)
narration	1		23	11	TWN_ZOAH+00CEAD	(吊り床を支える網だ)
narration	1		19	9	FLD_B5+0091B2	(同じ印の遣跡…)
narration	1		27	13	TWN_EXCA+000E04	(向こう側へは渡れないな)
narration	1		37	18	FLD_C4+015F78	(場所は…ゾアの北…95万リオン？)
narration	1		35	17	FLD_B5+009797	(塔へ行く道の入□があるとすれば)
narration	1		25	12	TWN_SEEK+004E7B	(塩が入っているらしい)
narration	1		37	18	TWN_CARA+00424B	(墜落したらしい…ひどく壊れている)
narration	1		39	19	TWN_ZOAH+00CF23	(壁から引きちぎって放り出したらしい)
narration	1		35	17	TWN_ZOAH+00CD9A	(壁に、古びたひもがかかっている)
narration	1		29	14	TWN_ZOAH+00BD91	(壁の向こうに井戸が見える)
narration	1		35	17	TWN_ZOAH+00BE58	(壁の隙間から大きな家が見える…)
narration	1		27	13	TWN_ZOAH+00C483	(壁の隙間から扉が見える)
narration	1		33	16	TWN_ZOAH+00FBC2	(壊れた機械と、妙な薬のつぼだ)
narration	1		33	16	TWN_ZOAH+00D9DB	(壊れているけど、立派な銃だ…)
narration	1		29	14	TWN_ZOAH+00BCA1	(変わった飾りが立っている)
narration	1		21	10	FLD_B5+0097BA	(多分この場所だ…)
narration	1		39	19	TWN_ZOAH+02FACB	(夜になったら、またここに来てみよう)
narration	1		29	14	TWN_SEEK+0049FE	(大きさのわりに軽そうだな)
narration	1		27	13	TWN_ZOAH+00FCC5	(大きなかごが置いてある)
narration	1		19	9	TWN_ZOAH+00F2FA	(大きなかまどだ)
narration	1		27	13	TWN_CARA+00401B	(大きな木箱が置いてある)
narration	1		17	8	TWN_ZOAH+00D0AA	(大きな木箱だ)
narration	1		29	14	TWN_ZOAH+00CC18	(大きな水がめが置いてある)
narration	1		23	11	TWN_ZOAH+00BB90	(大きな焼却炉がある)
narration	1		33	16	TWN_ZOAH+00F906	(大きな荷物に布をかぶせてある)
narration	1		33	16	TWN_ZOAH+00CB7B	(天井に物を吊るのに使うらしい)
narration	1		25	12	TWN_SEEK+0043D6	(天井に管が通っている)
narration	1		15	7	TWN_CARA+0040C9	(天幕の柱だ)
narration	1		27	13	TWN_CARA+004036	(天幕をしまう箱だろうか)
narration	1		37	18	FLD_B5+0095AF	(奴ら、儀が封印を解くのを見こして)
narration	1		25	12	FLD_B5+009A42	(威嘯のつもりにしては)
narration	1		33	16	TWN_CAMP+010205	(嫌われてるらしい…まいったな)
narration	1		33	16	BTL_B6+05B39A	(子供をたおすのもあきてきたな)
narration	1		25	12	FLD_D2+008292	(完全に暴走している！)
narration	1		35	17	TWN_ZOAH+00F4C8	(実のならない木を育てるなんて…)
narration	1		35	17	BTL_B6+05B3BB	(実は子供は経験値がないんだよな)
narration	1		33	16	TWN_ZOAH+00E16C	(客の座るイスがかたづけてある)
narration	1		21	10	TWN_ZOAH+00E18D	(客の座るイスだ…)
narration	1		29	14	TWN_SEEK+004873	(封をしたつぼが置いてある)
narration	1		25	12	FLD_B5+009652	(封印が解けたせいで、)
narration	1		41	20	FLD_B5+00976E	(封印を解くたびに、ここに変化がある…)
narration	1		31	15	TWN_SEEK+004723	(小さいけど、きれいな寝床だ)
narration	1		21	10	TWN_ZOAH+00D620	(小さなかまどだ…)
narration	1		21	10	TWN_ZOAH+0344C0	(小さな女の子だ…)
narration	1		17	8	TWN_ZOAH+00F479	(小さな暖炉だ)
narration	1		29	14	TWN_ZOAH+00BCDF	(小さな機械がついている…)
narration	1		17	8	TWN_ZOAH+00BD1D	(小さな苗床だ)
narration	1		25	12	TWN_CARA+003CF9	(小型の炉が置いてある)
narration	1		33	16	TWN_ZOAH+00CE31	(少し量が減っているみたいだな)
narration	1		31	15	TWN_ZOAH+00BB50	(屋根に風車がすえつけてある)
narration	1		25	12	TWN_ZOAH+00C89A	(布で隠してあるけど…)
narration	1		23	11	TWN_ZOAH+00BDD3	(布の袋が置いてある)
narration	1		25	12	TWN_ZOAH+00EA38	(布や染料が置いてある)
narration	1		19	9	TWN_SEEK+0049EB	(布張りの箱だ…)
narration	1		37	18	TWN_CAMP+00EB69	(帝国との戦いになるかもしれない…)
narration	1		33	16	FLD_A3+009439	(帝国の戦艦が撃沈されている…)
narration	1		39	19	TWN_ZOAH+039C16	(帝国の書物だ…どこかで拾ったのかな)
narration	1		21	10	TWN_ZOAH+00E7E7	(帝国の書物だ…！)
narration	1		37	18	TWN_SEEK+0045CA	(帝国の書物も混ざってるみたいだな)
narration	1		29	14	TWN_ZOAH+03E059	(帝国軍が怖くないのかな？)
narration	1		27	13	FLD_B2+00E30D	(帝国軍が爆破している…)
narration	1		25	12	TWN_ZOAH+00C561	(干し肉が吊るしてある)
narration	1		23	11	TWN_SEEK+0071AE	(年老いた女の人だ…)
narration	1		39	19	TWN_ZOAH+02B2D2	(年老いた男だ…でも哀えた様子はない)
narration	1		29	14	TWN_ZOAH+00FB02	(床に機械が放り出してある)
narration	1		31	15	TWN_ZOAH+00D006	(床の上にランプが置いてある)
narration	1		33	16	TWN_ZOAH+00E74E	(役に立ちそうな本はないかな…)
narration	1		29	14	TWN_SEEK+00EAA0	(彼女は生きて戻れたのか…)
narration	1		37	18	FLD_B5+00990B	(後の通路みたいなのが気になるな…)
narration	1		37	18	FLD_B5+009817	(後ろにのびてる通路に続いてるのか)
narration	1		39	19	TWN_CAMP+0103EC	(心が通じるって、こんな感じなのかな)
narration	1		18	7	FLD_C2+00ACAE	(急いで<03>\n指令塔<03>
narration	1		21	10	TWN_SEEK+00554C	(戦いの犠牲者か…)
narration	1		29	14	TWN_CAMP+010266	(戦い方がまずかったかな…)
narration	1		17	8	FLD_B5+009388	(戻ってみよう)
narration	1		33	16	TWN_ZOAH+00DED9	(扉がテーブルでふさがれている)
narration	1		23	11	FLD_C4+015C9A	(扉が閉まっている…)
narration	1		33	16	TWN_CARA+009868	(手つきにも活気が出てきたな…)
narration	1		35	17	TWN_ZOAH+00FB42	(手を加えすぎて失敗したらしいな)
narration	1		27	13	TWN_CAMP+00EBE9	(手紙だ！ いつの間に…)
narration	1		23	11	TWN_CAMP+00FE61	(折畳み式のテントだ)
narration	1		27	13	TWN_ZOAH+00FECF	(持ち運びには向かないな)
narration	1		23	11	TWN_CARA+003D12	(持ち運び式の炉だ…)
narration	1		39	19	FLD_C2+00ACF6	(指揮を取っている場所さえわかれば！)
narration	1		27	13	FLD_B5+00AFAC	(探せば、まだいそうだな)
narration	1		37	18	TWN_SEEK+0043EF	(換気のために管を通しているようだ)
narration	1		31	15	TWN_ZOAH+00D574	(携帯ランプを改造した物だ…)
narration	1		37	18	TWN_ZOAH+00FA25	(操縦機とエンジンをつなぐ伝達線だ)
narration	1		29	14	FLD_D2+008275	(攻性生物が寄生している！)
narration	1		39	19	FLD_A5+00D8D4	(攻性生物でも子を守ろうとするんだ…)
narration	1		31	15	TWN_EXCA+0019DF	(攻性生物にやられたらしい…)
narration	1		21	10	FLD_D2+007FE3	(攻性生物のマユ…)
narration	1		23	11	FLD_D2+00805D	(攻性生物のマユか…)
narration	1		25	12	TWN_ZOAH+00E6A6	(攻性生物の体の一部だ)
narration	1		27	13	TWN_ZOAH+00E6BF	(攻性生物の体の一部だ…)
narration	1		33	16	TWN_ZOAH+0335C6	(攻性生物の体内にできる宝石だ)
narration	1		31	15	TWN_ZOAH+00EA51	(攻性生物の体液を塗った布だ)
narration	1		31	15	TWN_ZOAH+00E662	(攻性生物の内臓が干してある)
narration	1		31	15	TWN_CARA+003D4D	(攻性生物の内臓で作ってある)
narration	1		33	16	TWN_ZOAH+00E9F8	(攻性生物の内臓や体液の匂いだ)
narration	1		21	10	TWN_CARA+00413E	(攻性生物の死体だ)
narration	1		37	18	TWN_SEEK+0051B1	(攻性生物の殻に模様をつけた飾りだ)
narration	1		31	15	TWN_CARA+003EA2	(攻性生物の腕が吊るしてある)
narration	1		37	18	TWN_CARA+003EC1	(攻性生物の腕だ…爪を抜いてあるな)
narration	1		39	19	TWN_CARA+003E16	(攻性生物はたいてい殻が堅いからな…)
narration	1		23	11	TWN_CAMP+00FF8C	(攻生成物避けの香石)
narration	1		25	12	TWN_ZOAH+00D063	(敷布が放り出してある)
narration	1		27	13	TWN_ZOAH+00D07C	(敷布の下に何かあるぞ…)
narration	1		29	14	TWN_ZOAH+01327A	(料理をしているみたいだ…)
narration	1		31	15	TWN_ZOAH+00D0BB	(旅の道具が入っているようだ)
narration	1		39	19	TWN_ZOAH+00F882	(旧世紀からずっと動き続けてるのかな)
narration	1		25	12	TWN_RUIN+00091E	(旧世紀のエレベータだ)
narration	1		35	17	TWN_RUIN+00098D	(旧世紀の伝説にあるドラゴン！？)
narration	1		23	11	TWN_RUIN+00088D	(旧世紀の機械がある)
narration	1		33	16	TWN_CAMP+00FF50	(旧世紀の機械が光を発している)
narration	1		31	15	TWN_CARA+003FB4	(旧世紀の機械が吊るしてある)
narration	1		39	19	TWN_CAMP+00FF29	(旧世紀の機械が幻を出しているらしい)
narration	1		19	9	TWN_ZOAH+00E718	(旧世紀の機械だ)
narration	1		25	12	FLD_A5+00D8FB	(旧世紀の沈没船？か…)
narration	1		35	17	TWN_CARA+003F6C	(旧世紀の発掘品、手作りの道具…)
narration	1		21	10	TWN_ZOAH+00B9B6	(旧世紀の空中船だ)
narration	1		23	11	TWN_ZOAH+00B984	(旧世紀の空中船だ…)
narration	1		23	11	TWN_SEEK+0052B4	(旧世紀の記録機械だ)
narration	1		29	14	TWN_ZOAH+00D9FC	(旧世紀の部品も使ってある)
narration	1		33	16	TWN_RUIN+000A1C	(旧世紀の銃！ まだ使えそうだ)
narration	1		39	19	TWN_CARA+003D7F	(旧式の銃だが、よく手入れされている)
narration	1		33	16	FLD_B5+0097CF	(早く3つ目の鍵を探さなきゃ…)
narration	1		25	12	TWN_CAMP+00ECD0	(早く何とかしないと！)
narration	1		33	16	TWN_ZOAH+00EEC2	(昼間は動きを止めているらしい)
narration	1		29	14	TWN_ZOAH+03E03C	(普通に仕事をしてるけど…)
narration	1		29	14	TWN_ZOAH+00FEB2	(普通の家で使うランプだ…)
narration	1		33	16	TWN_ZOAH+00B804	(普通の獣の皮なんて、珍しいな)
narration	1		39	19	TWN_ZOAH+00F48A	(暖炉の中で、小さな火が燃えている…)
narration	1		31	15	FLD_D2+0081EF	(暴走しているのは、あれか…)
narration	1		19	9	FLD_B5+00975B	(最後の封印、か)
narration	1		23	11	FLD_B5+009235	(最後の封印の鍵か…)
narration	1		37	18	TWN_ZOAH+00DBA5	(最近、中身を持ち出したみたいだな)
narration	1		33	16	TWN_ZOAH+00DC7A	(最近、銃を持ち出したらしい…)
narration	1		33	16	FLD_D2+008019	(木々がびっしりはびこっている)
narration	1		29	14	TWN_ZOAH+00F3D4	(木と布でできたテーブルだ)
narration	1		27	13	TWN_ZOAH+00CB9C	(木のはしごが置いてある)
narration	1		29	14	TWN_ZOAH+00D4B6	(木の実や種が入ったかごだ)
narration	1		29	14	TWN_ZOAH+00CF06	(木の板で作った吊り床だ…)
narration	1		33	16	TWN_ZOAH+00C3C1	(木の根本に、何か落ちている…)
narration	1		21	10	TWN_ZOAH+00B70C	(木彫りの飾り柱だ)
narration	1		37	18	TWN_ZOAH+00B721	(木彫りの飾り柱だ…細かい細工だな)
narration	1		29	14	TWN_SEEK+005487	(木箱がたくさん置いてある)
narration	1		27	13	TWN_ZOAH+00F98A	(本がたくさん並んでいる)
narration	1		35	17	TWN_ZOAH+00E72B	(本棚だ…色々な書物が置いてある)
narration	1		37	18	TWN_ZOAH+00F7CF	(机の上に、たくさん書物が出ている)
narration	1		31	15	TWN_ZOAH+00F94A	(机の上にも機械が置いてある)
narration	1		23	11	TWN_EXCA+000DED	(架け橋が壊されてる)
narration	1		37	18	TWN_SEEK+004E3D	(棚と同じように作られたテーブルだ)
narration	1		31	15	TWN_ZOAH+00E935	(棚には売り物が並んでいる…)
narration	1		33	16	TWN_SEEK+004979	(棚には本や物入れがのっている)
narration	1		27	13	TWN_SEEK+004C71	(棚には雑貨がのっている)
narration	1		27	13	TWN_SEEK+004EAB	(棚には食器がのっている)
narration	1		27	13	TWN_ZOAH+00D1B6	(棚の上に箱が載っている)
narration	1		35	17	TWN_ZOAH+00CA38	(棚の中に油のつぼがしまってある)
narration	1		37	18	TWN_ZOAH+00CA7C	(棚の中に香料のつぼがしまってある)
narration	1		37	18	TWN_ZOAH+00D4EE	(森からは、こんな物がとれるのか…)
narration	1		31	15	FLD_D2+008155	(森の中にも続いているようだ)
narration	1		39	19	TWN_ZOAH+00CCAD	(森の中の街だけあって、いいたき木だ)
narration	1		19	9	FLD_D2+008074	(森の中へ入ろう)
narration	1		35	17	TWN_SEEK+00476D	(機械の部品がたくさん出してある)
narration	1		33	16	TWN_ZOAH+00FB80	(機械や道具が入っているらしい)
narration	1		23	11	FLD_A5+00E30F	(次はがんばるぞ！！)
narration	1		35	17	FLD_B5+00918F	(次はこいつに合う鍵穴探しだな…)
narration	1		19	9	FLD_A3+009038	(止まっている！)
narration	1		33	16	TWN_ZOAH+00E954	(武器、日用品、旧世紀の機械…)
narration	1		29	14	TWN_CAMP+01001D	(歩くのはうまくないんだな)
narration	1		37	18	TWN_EXCA+001951	(死んでる…攻性生物にやられたのか)
narration	1		39	19	TWN_CARA+004153	(死体から、光る石がこぼれ落ちている)
narration	1		29	14	TWN_ZOAH+00DC06	(残ってるのは、これだけか)
narration	1		31	15	TWN_EXCA+000D8B	(残ってるのはこれぐらいか…)
narration	1		21	10	TWN_ZOAH+00B825	(毛皮が干してある)
narration	1		19	9	FLD_C2+00AC76	(気づかれた！！)
narration	1		39	19	TWN_CAMP+0103A2	(気のせいか、いつもより元気がいいな)
narration	1		27	13	TWN_CARA+00B4D4	(気の荒いクーリアだな…)
narration	1		23	11	TWN_CARA+0062B6	(気落ちした様子だ…)
narration	1		11	5	TWN_CARA+003D29	(水袋だ)
narration	1		19	9	TWN_ZOAH+00D097	(汚い敷布だな…)
narration	1		39	19	FLD_B5+0097F0	(洞窟？ …の、ようにも見えるけど…)
narration	1		37	18	TWN_ZOAH+018CF4	(渓谷で拾った銃に目をとめたようだ)
narration	1		37	18	FLD_A3+008F84	(滝を見ていると吸い込まれそうだ…)
narration	1		39	19	TWN_ZOAH+00BBA7	(焼却炉の中で、本が焼け残っている…)
narration	1		27	13	TWN_CAMP+00FF71	(照明用の機械だろうか…)
narration	1		23	11	TWN_CARA+00CCE2	(熱が下がっている…)
narration	1		29	14	TWN_ZOAH+00D1D1	(熱と湿気を防ぐ特製の箱だ)
narration	1		27	13	TWN_CAMP+00FE18	(燃料はまだ使えるかな…)
narration	1		29	14	TWN_CAMP+010347	(特に変わった様子はないな)
narration	1		35	17	TWN_ZOAH+00E6DA	(特殊な器官を取り出しているらしい
narration	1		37	18	TWN_ZOAH+00D80E	(狩りの無事を祈るためのしきたりだ)
narration	1		19	9	TWN_CARA+00412B	(狩りの獲物か…)
narration	1		39	19	TWN_CARA+003DEF	(獲物をバラすための道具が入っている)
narration	1		27	13	TWN_SEEK+004742	(珍しい模様の敷布だな…)
narration	1		19	9	FLD_B2+00E182	(生物の鼓動…？)
narration	1		21	10	TWN_CAMP+0102C7	(疲れてるのかな…)
narration	1		35	17	TWN_SEEK+00B943	(発掘品いじりが役に立ったんだな)
narration	1		33	16	TWN_CARA+009454	(発掘品の細工をしているようだ)
narration	1		27	13	TWN_ZOAH+00E613	(発掘品を加工した物だ…)
narration	1		31	15	TWN_ZOAH+00C445	(石碑のような物が置いてある)
narration	1		39	19	FLD_D2+0081C8	(砂漠で見た事があるような植物だな…)
narration	1		35	17	FLD_A5+00D914	(破壊しちゃったけど、大丈夫かな)
narration	1		29	14	FLD_B5+0099BD	(確か、機械が墜落したのは)
narration	1		25	12	TWN_ZOAH+01D1E7	(祈りに集中している…)
narration	1		29	14	TWN_SEEK+00735F	(祈りを捧げているようだ…)
narration	1		25	12	TWN_ZOAH+00ED17	(祭壇が片づけてある…)
narration	1		25	12	TWN_ZOAH+00D7F5	(祭壇に銃が飾ってある)
narration	1		33	16	TWN_ZOAH+00DC3C	(祭壇に銃を飾るための台座だ…)
narration	1		33	16	TWN_ZOAH+00D386	(穀物が入ったつぼが並んでいる)
narration	1		15	7	TWN_ZOAH+00B975	(穀物の山だ)
narration	1		31	15	TWN_ZOAH+00D3C8	(穀物や油のつぼが並んでいる)
narration	1		19	9	TWN_ZOAH+00BDEA	(穀物入りの袋だ)
narration	1		37	18	TWN_SEEK+004BE2	(空いた箱から中身が出しかけてある)
narration	1		25	12	TWN_ZOAH+00B2E8	(窓の灯は消えている…)
narration	1		37	18	TWN_ZOAH+00CBB7	(立派な寝床だけど…ちょっと汚いな)
narration	1		39	19	FLD_A7+006CDD	(竜巻で何かが引きあげられている！？)
narration	1		25	12	TWN_ZOAH+00DC23	(箱の中はからっぽだ…)
narration	1		27	13	TWN_SEEK+004C07	(箱の中身は衣類のようだ)
narration	1		33	16	TWN_CAMP+00FDF7	(簡単に消えることはないだろう)
slot	1	29	21	10	TWN_ZOAH+00C927	(簡素な吊り床だ…)
narration	1		39	19	FLD_C4+015AC7	(粒子に当たると外にはじき出される…)
narration	1		37	18	TWN_SEEK+00679C	(約束の場所は、あの渓谷だったな…)
narration	1		33	16	TWN_CAMP+01003A	(紋章に封印されていたのかな？)
narration	1		31	15	TWN_ZOAH+00B761	(細かい細工を施した飾り柱だ)
narration	1		31	15	TWN_ZOAH+00BD72	(腹のふくれる代物じゃないな)
narration	1		27	13	FLD_B2+00E152	(船の方に集まってるぞ…)
narration	1		31	15	TWN_ZOAH+00EC5B	(色々な形のつぼが置いてある)
narration	1		35	17	TWN_ZOAH+00FB1F	(色々な機械を組み合わせてある…)
narration	1		27	13	TWN_ZOAH+00E5F8	(色々な物が吊ってある…)
narration	1		33	16	TWN_ZOAH+028CED	(若い女の人が掃除をしている…)
narration	1		29	14	TWN_ZOAH+018B7C	(若い男が寝ころんでいる…)
narration	1		31	15	TWN_ZOAH+01879D	(若い男だ…かなり酔ってるな)
narration	1		35	17	TWN_ZOAH+0186BD	(若い男だ…ここの住人だろうか？)
narration	1		25	12	TWN_SEEK+0167E5	(若い男のシーカーだ…)
narration	1		21	10	TWN_CAMP+00FE98	(荷物を入れる袋だ)
narration	1		31	15	TWN_CARA+00B52D	(落ち着きなく歩き回っている)
narration	1		31	15	TWN_ZOAH+00EA19	(薬の材料にでもするのかな…)
narration	1		23	11	TWN_ZOAH+00B373	(街の外に通じる門だ)
narration	1		31	15	FLD_A3+0090C9	(装置がうなりをあげはじめた)
narration	1		27	13	FLD_A3+008F3F	(装置が動き出したのか…)
narration	1		27	13	FLD_A3+008F0D	(装置が止まったせいかな)
narration	1		27	13	TWN_ZOAH+00D4D3	(見たことのない木の実だ)
narration	1		27	13	FLD_B5+009A7C	(見たところ何も変化は…)
narration	1		25	12	TWN_CARA+0041DD	(見なれない攻性生物だ)
narration	1		37	18	FLD_B5+009B3E	(親のところまで連れていってやるか)
narration	1		29	14	FLD_B5+0096DF	(親の巣の跡に何かある…？)
narration	1		33	16	FLD_B5+009BE3	(解いていけば、この場所の謎が)
narration	1		29	14	FLD_B2+00E2D7	(誰かが入った跡がある…！)
narration	1		29	14	TWN_SEEK+0121CF	(調べものをしているようだ)
narration	1		19	9	FLD_C2+00AE76	(警戒が厳しい…)
narration	1		33	16	FLD_A5+00D866	(赤いワームなんて、珍しいな…)
narration	1		29	14	TWN_CARA+00B3A9	(身体を洗ってもらっている)
narration	1		31	15	TWN_ZOAH+00BC2D	(農具がたくさんしまってある)
narration	1		35	17	TWN_ZOAH+00FD41	(近くで見ると、結構大がかりだな)
narration	1		31	15	FLD_A3+009097	(近づきやすくなったはずだ…)
narration	1		29	14	TWN_RUIN+000937	(近よらないと動かせないな)
narration	1		37	18	TWN_RUIN+000868	(近よらないと鍵を使うのは無理だな)
narration	1		21	10	TWN_ZOAH+03E027	(道具屋のヤレドだ)
narration	1		13	6	TWN_CARA+003DE2	(道具箱だ)
narration	1		35	17	TWN_ZOAH+00D26C	(道具箱の中身が床に転がっている)
narration	1		29	14	TWN_ZOAH+032C67	(遠すぎてよく聞こえないな)
narration	1		25	12	TWN_CARA+003D34	(遠出の時に使う水袋だ)
narration	1		19	9	TWN_EXCA+000F49	(遣跡への入□だ)
narration	1		21	10	FLD_B5+009568	(邪魔するように…)
narration	1		23	11	TWN_ZOAH+00F4B1	(鉢植えが置いてある)
narration	1		19	9	TWN_CARA+003D6C	(銃が置いてある)
narration	1		35	17	BTL_B6+05B377	(銃で下にいる奴らを狙ってみるか)
narration	1		29	14	TWN_ZOAH+00DC5D	(銃の台座だけが残っている)
narration	1		33	16	TWN_ZOAH+039CED	(銃の攻撃力を上げる部品だな…)
narration	1		39	19	TWN_ZOAH+00BF63	(錠前がついている…開けるのは無理だ)
narration	1		25	12	TWN_RUIN+00084F	(鍵がないと外せない…)
narration	1		31	15	TWN_ZOAH+00B4D2	(門の開閉はここで行うようだ)
narration	1		25	12	TWN_ZOAH+00BF4A	(門は閉ざされている…)
narration	1		21	10	TWN_ZOAH+00B4F1	(門番の詰所らしい)
narration	1		17	8	FLD_C8+012F83	(開いてないな)
narration	1		13	6	FLD_B2+00E1EB	(開かない)
narration	1		37	18	TWN_ZOAH+00EE9D	(間違いない…これは旧世紀の機械だ)
narration	1		27	13	TWN_ZOAH+00D215	(防具が壁にかかっている)
narration	1		25	12	FLD_B2+00E2F4	(降りて調べてみるか…)
narration	1		25	12	TWN_ZOAH+00B40E	(隣の区画に通じる門だ)
narration	1		39	19	TWN_ZOAH+00C873	(隣の部屋からガラクタがあふれている)
narration	1		31	15	TWN_CARA+016E05	(雇われハンターのラウルだ…)
narration	1		27	13	TWN_ZOAH+00FA0A	(難しそうな本が多いな…)
narration	1		17	8	FLD_C4+015EEE	(霧が晴れた！)
narration	1		19	9	FLD_A3+0090B6	(静かになったな)
narration	1		21	10	FLD_A3+008EF8	(静かになったな…)
narration	1		31	15	FLD_C4+015F34	(頭に直接響いてくる…感じだ)
narration	1		35	17	FLD_C2+00ACD3	(頭をつぶさないときりがないぞ…)
narration	1		37	18	FLD_A3+008FB4	(風がやまない限り先には行けないな)
narration	1		21	10	FLD_A3+008F5A	(風がやんでいる…)
narration	1		21	10	FLD_A3+008F6F	(風が吹いている…)
narration	1		33	16	TWN_ZOAH+00BCBE	(風向と風力を計っているらしい)
narration	1		39	19	FLD_A3+009011	(風網を止めるスイッチを探すのが先か)
narration	1		27	13	TWN_ZOAH+0132AE	(食事を作っているらしい)
narration	1		29	14	TWN_ZOAH+00D3FC	(食事用のテーブルだけど…)
narration	1		23	11	TWN_ZOAH+00D5EC	(食器の入った棚だ…)
narration	1		17	8	FLD_C4+015A81	(飲まれる！？)
narration	1		21	10	TWN_CARA+004116	(飲み水の蓄えだ…)
narration	1		29	14	TWN_ZOAH+00CDF5	(飲み水や食料が置いてある)
narration	1		31	15	TWN_ZOAH+00CE12	(飲み水や食料が置いてある…)
narration	1		37	18	TWN_SEEK+0051FB	(飾りの後ろに、木の像が並んでいる)
narration	1		37	18	TWN_ZOAH+00EC0F	(飾り窓の向こうから光がさしている)
narration	1		37	18	TWN_ZOAH+00EBD3	(香木が立ててある…古い物が多いな)
narration	1		35	17	TWN_ZOAH+00BD4F	(香辛料としては高く売れるけど…)
narration	1		17	8	FLD_A3+008EC8	(騒がしいな…)
narration	1		15	7	FLD_B5+0099FD	(驚いたな！)
narration	1		27	13	TWN_CARA+00CCF9	(高熱で眠り続けている…)
narration	1		23	11	TWN_CAMP+0126BD	(！      ！ )
narration	1		21	10	FLD_B2+00E16D	(！！ 聞こえる…)
narration	1		19	9	FLD_B6+00B151	(！？ あれは…)
narration	1		37	18	FLD_C4+015F53	(！？ これがメル=カヴァなのか…)
narration	1		19	9	FLD_A7+006ABC	(．．．幻聴か？)
narration	1		23	11	TWN_CAMP+0127BA	(？      ？ )
narration	1		7	3	FLD_B5+009139	(？)
dialog	1		11	5	TWN_CAMP+00BC2B	)<01>キャンプ
dialog	1		41	19	TWN_EXCA+0018B7	)<1D><1A><01>(…だめだ、とっくに冷たくなってる)
dialog	1		33	15	TWN_CARA+00B007	)<1D><1A><01>(餌でもやってみようかな…)
dialog	1		8	1	TWN_EXCA+000C43	)<1D><1A><01><18><09><09>
dialog	1		13	5	TWN_ZOAH+03BAC7	)<1D><1A><01>…………
dialog	1		17	13	TWN_CARA+00C667	)<1D><1A><01>イス」ゥスゆゆりもョ。ォ
dialog	1		17	13	TWN_CARA+017B9B	)<1D><1A><01>イス」・スゆらろもョ。ォ
dialog	1		17	13	TWN_ZOAH+038CFB	)<1D><1A><01>イスイースゆゆりもョ。ォ
dialog	1		17	13	TWN_SEEK+0070DF	)<1D><1A><01>イスェ「スゆゆよもョ。ォ
dialog	1		17	13	TWN_EXCA+0015C3	)<1D><1A><01>イスークスりらゆもョ。ォ
dialog	1		15	6	TWN_CARA+0038AB	)<1D><1A><01>キャラバン
dialog	1		17	7	TWN_SEEK+0041AB	)<1D><1A><01>シーカーの里
dialog	1		13	5	TWN_ZOAH+00B27B	)<1D><1A><01>ゾアの街
dialog	1		11	4	TWN_EXCA+000C7F	)<1D><1A><01>発掘所
dialog	1		16	8	TWN_CAMP+00D905	)当やばい男だぜ
ui	1		17	8	FLAGEDIT+000340	000エッジ負傷
ui	1		27	13	FLAGEDIT+000351	002エッジ意識を取り戻す
ui	1		19	9	FLAGEDIT+00036C	004ドラゴン登場
ui	1		15	7	FLAGEDIT+00037F	006発掘所へ
ui	1		17	8	FLAGEDIT+00038E	008隊長の遣言
ui	1		29	14	FLAGEDIT+00039F	011追われるガッシュを発見
ui	1		25	12	FLAGEDIT+0003BC	014ガッシュとの出会い
ui	1		37	18	FLAGEDIT+0003D5	016ドラゴン伝承をガッシュから聞く
ui	1		23	11	FLAGEDIT+0003FA	022ガッシュとの別れ
ui	1		29	14	FLAGEDIT+000411	024「クレイメン艦隊」の噂
ui	1		35	17	FLAGEDIT+00042E	029アーウェン艦を撃破〜AD登場
ui	1		25	12	FLAGEDIT+000451	034パエットからの依頼
ui	1		25	12	FLAGEDIT+00046A	040帝国軍に拿捕される
ui	1		19	9	FLAGEDIT+000483	041帝国軍の尋問
ui	1		21	10	FLAGEDIT+000496	043シーカーの襲撃
ui	1		23	11	FLAGEDIT+0004AB	049ガッシュとの再会
ui	1		23	11	FLAGEDIT+0004C2	052パエットとの交渉
ui	1		19	9	FLAGEDIT+0004D9	053透視版の映像
ui	1		27	13	FLAGEDIT+0004EC	054ツァスタヴァ少尉登場
ui	1		17	8	FLAGEDIT+000507	057AD登場2
ui	1		17	8	FLAGEDIT+000518	059ウル地下へ
ui	1		23	11	FLAGEDIT+000529	060アゼルとの出会い
ui	1		23	11	FLAGEDIT+000540	067エレベーター乗る
ui	1		19	9	FLAGEDIT+000557	068アゼルの独白
ui	1		17	8	FLAGEDIT+00056A	071再会の予感
ui	1		21	10	FLAGEDIT+00057B	072パエットと空へ
ui	1		23	11	FLAGEDIT+000590	074帝国からの先遣隊
ui	1		25	12	FLAGEDIT+0005A7	078バイマンからの依頼
ui	1		21	10	FLAGEDIT+0005C0	087バイマンの陰謀
ui	1		31	15	FLAGEDIT+0005D5	089クレイメン部下深夜の襲撃
ui	1		29	14	FLAGEDIT+0005F4	090Aメル=カヴァが見える
ui	1		23	11	FLAGEDIT+000611	090遣産の見せたもの
dialog	1		19	9	TWN_ZOAH+033A72	10000Dnで売る
dialog	1		11	5	TWN_CARA+016EB9	1000Dn
dialog	1		17	8	TWN_ZOAH+039D65	1000Dnで買う
dialog	1		19	9	TWN_ZOAH+0131E5	100Dnでいいんだ
dialog	1		11	5	TWN_ZOAH+022C6C	10Dn払う
ui	1		37	18	FLAGEDIT+000628	117アゼル助けるエッジ／帝国軍登場
ui	1		13	6	FLAGEDIT+00064D	118街消滅
ui	1		31	15	FLAGEDIT+00065A	120クレイメン艦登場(前半)
ui	1		31	15	FLAGEDIT+000679	121クレイメン艦登場(後半)
ui	1		23	11	FLAGEDIT+000698	122クレイメンの告白
ui	1		35	17	FLAGEDIT+0006AF	127アゼルの覚醒／クレイメンの死
ui	1		23	11	FLAGEDIT+0006D2	128攻性生物対帝国軍
ui	1		21	10	FLAGEDIT+0006E9	134シーカーの正体
ui	1		21	10	FLAGEDIT+0006FE	135アゼル目覚める
ui	1		17	8	FLAGEDIT+000713	137帝国軍襲来
ui	1		19	9	FLAGEDIT+000724	142アゼルの説得
ui	1		19	9	FLAGEDIT+000737	144アゼルの決意
ui	1		15	7	FLAGEDIT+00074A	150塔再潜入
ui	1		27	13	FLAGEDIT+000759	152エッジとアゼルの別れ
ui	1		27	13	FLAGEDIT+000774	153セストレンへ、塔爆破
ui	1		25	12	FLAGEDIT+00078F	155＿1戦闘ムービー1
ui	1		25	12	FLAGEDIT+0007A8	155＿2戦闘ムービー2
ui	1		25	12	FLAGEDIT+0007C1	155＿3戦闘ムービー3
ui	1		25	12	FLAGEDIT+0007DA	155＿4戦闘ムービー4
ui	1		25	12	FLAGEDIT+0007F3	155＿5戦闘ムービー5
ui	1		23	11	FLAGEDIT+00080C	159ドラゴンとの別れ
ui	1		35	17	FLAGEDIT+000823	160荒野にてエッジを待つガッシュ
dialog	1		106	51	BTL_T0+053939	1ゲージ以上たまっていれば\nコマンドアイコンを開き\nその時にたまっているゲージ量で\n可能な行動を選択できる。
dialog	1		37	18	FLD_B6+00AB5B	1号、2号貯水層の注水を開始します…
dialog	1		11	5	FLD_B6+00B234	1号貯水層
dialog	1		31	15	FLD_C8+01416E	1階まで降りれば、最上層までの
dialog	1		9	4	TWN_ZOAH+032F70	200Dn
dialog	1		11	5	FLD_B6+00B245	2号貯水層
dialog	1		24	10	FLD_B5+00908E	3つの<03><05>プロテクトキー<03>
dialog	1		11	5	FLD_B6+00B256	3号貯水層
dialog	1		9	4	TWN_ZOAH+01A9E6	500Dn
dialog	1		15	7	TWN_ZOAH+03351A	500Dnで買う
dialog	1		23	11	BTL_B2+04FC98	50年前にここに落ちた
dialog	1		15	7	TWN_ZOAH+039F31	800Dnで買う
dialog	1		17	8	TWN_ZOAH+033867	9000Dnで売る
dialog	1		10	4	TWN_CARA+017052	<!87>令が出た
dialog	1		33	15	TWN_ZOAH+02EFA3	<!8B><01>(こちらに気づく様子もない…)
dialog	1		12	5	TWN_CAMP+00F287	<!9C>変わったね
dialog	1		14	6	TWN_ZOAH+00EB15	<!9C>安置されとる
dialog	1		8	3	TWN_ZOAH+014D3B	<!A0>の前だ
dialog	1		14	6	TWN_CARA+009D34	<!A1>かりそうだよ
dialog	1		4	1	TWN_CARA+016A3D	<!A2>さ
dialog	1		16	7	TWN_CARA+0169FB	<!A3>は死んじまった
dialog	1		14	6	FLD_B5+00AFE1	<!A6>いそうだな)
dialog	1		18	8	TWN_ZOAH+03DD74	<!A6>いたいはそうだな
dialog	1		4	1	TWN_ZOAH+022FD5	<!A6>ぜ
dialog	1		4	1	TWN_ZOAH+019514	<!A6>？
dialog	1		8	3	TWN_SEEK+015CDA	<!A8>なのだ
dialog	1		8	3	TWN_SEEK+012373	<!A9>あり…
dialog	1		10	4	TWN_ZOAH+01D0BF	<!A9>はないぞ
dialog	1		14	6	TWN_ZOAH+03E38B	<!A9>手に入れた？
dialog	1		4	1	TWN_ZOAH+01C6EF	<!A9>？
dialog	1		12	5	TWN_CAMP+00D3DF	<!AA>うやって？
dialog	1		4	1	TWN_ZOAH+02F9FF	<!AA>な
dialog	1		10	4	TWN_CAMP+00D933	<!B0>い男だぜ
dialog	1		6	2	TWN_ZOAH+02ACE3	<!B1>れ液
dialog	1		12	5	TWN_ZOAH+013DFE	<!BA>ねえのか？
dialog	1		8	3	TWN_ZOAH+0193BD	<!BA>ねえよ
dialog	1		16	7	FLD_A5+00D74A	<!BD>すぐ飛ぶだけだ
dialog	1		4	1	TWN_CAMP+00E56E	<!BD>た
dialog	1		6	2	TWN_CAMP+00CB81	<!BD>たな
dialog	1		8	3	TWN_SEEK+0153C7	<!BD>たのは
dialog	1		20	9	TWN_ZOAH+013489	<!BD>てのは、おまえか？
dialog	1		6	2	TWN_CARA+016DE4	<!BD>てよ
dialog	1		10	4	TWN_CAMP+00D7E3	<!BD>てるのさ
dialog	1		4	1	TWN_ZOAH+0229CE	<!C0>だ
dialog	1		6	2	FLD_B6+00AD8B	<!D4>した
dialog	1		10	4	TWN_ZOAH+0185A2	<!DA>えときな
dialog	1		8	3	FLD_C8+014F36	<!DE>内部)
dialog	1		10	4	TWN_ZOAH+023DA5	<!EC>き物でな
dialog	1		4	1	TWN_CARA+00630C	<!F8>だ
dialog	1		4	1	FLD_A3+008E5C	<!FE><!96>セ
dialog	1		16	7	TWN_ZOAH+01E555	<!FF>た子なんだもの
dialog	1		4	2	FLD_D2+007F9C	<!FF>モョ
dialog	1		38	18	FLD_D2+007FA0	<01>(この扉の向こうには何があるんだ？)
dialog	1		34	16	FLD_D3+005704	<01>(どこかで見た事があるような…)
dialog	1		26	12	FLD_A3+008E60	<01>(帝国軍のトロッコか？)
dialog	1		35	16	TWN_ZOAH+028C71	<01><01>(若い女の人が掃除をしている…)
dialog	1		15	12	TWN_SEEK+00977D	<01><01>イスエクスゆりわもョ。ォ
dialog	1		19	13	TWN_SEEK+00E659	<01><10><09><05>ホ<01>イスー・スゆゆよもョ。ォ
dialog	1		19	13	TWN_ZOAH+034439	<01><10><09><05>リ<01>イスー「スゆゆよもョ。ォ
ui	1		6	2	FLAGEDIT+00137B	<01>\n<05>。ッ
ui	1		6	2	FLAGEDIT+001383	<01>\n<05>。ハ
ui	1		6	2	FLAGEDIT+00138B	<01>\n<05>。ン
ui	1		6	2	FLAGEDIT+001373	<01>\n<05>。？
ui	1		6	2	MENUEN+003073	<01>\n<05>ホカ
ui	1		6	2	MENUEN+00307B	<01>\n<05>ホサ
dialog	1		4	1	TWN_ZOAH+02EF9F	<01>み<01>
dialog	1		11	6	FLD_B6+00B41C	<02>る<1E>＋<1E>。<1E>「ュひ
dialog	1		30	13	BTL_T0+054C61	<03><01>アイテムアイコンを選択せよ<03>
dialog	1		16	6	BTL_T0+054B55	<03><01>何か行動せよ<03>
dialog	1		24	10	BTL_T0+054B7F	<03><01>敵の前方向に移動せよ<03>
dialog	1		24	10	BTL_T0+054BAF	<03><01>敵の右方向に移動せよ<03>
dialog	1		27	11	FLD_A5+00F75B	<03><04>口口口<05>START<05>口口口
dialog	1		20	8	FLD_B5+00927B	<03><05>プロテクトキー1<03>
dialog	1		20	8	FLD_B5+0093C6	<03><05>プロテクトキー2<03>
dialog	1		20	8	FLD_B5+009729	<03><05>プロテクトキー3<03>
dialog	1		26	11	FLD_A3+0099D3	<03>\n(フルゲージ クラス)<03>
dialog	1		24	10	FLD_A7+00740E	<03>\n(フルゲージクラス)<03>
dialog	1		26	11	FLD_C8+01386F	<03>\n1号機ローター・パイル<03>
dialog	1		26	11	FLD_C8+01398A	<03>\n2号機ローター・パイル<03>
dialog	1		26	11	FLD_C8+013D24	<03>\n3号機ローター・パイル<03>
dialog	1		26	11	FLD_C8+014206	<03>\n4号機ローター・パイル<03>
dialog	1		26	11	FLD_C8+01425E	<03>\n5号機ローター・パイル<03>
dialog	1		26	11	FLD_C8+0142B6	<03>\n6号機ローター・パイル<03>
dialog	1		30	13	FLD_A3+009898	<03>\nAGILITY CLASS<03>
dialog	1		28	12	FLD_A3+009601	<03>\nATTACK CLASS<03>
dialog	1		30	13	FLD_A3+0097D4	<03>\nDEFENSE CLASS<03>
dialog	1		26	11	FLD_A3+009D2B	<03>\nEXCELLENT！！<03>
dialog	1		36	16	FLD_A7+0073EA	<03>\nFULLーGAUGE CLASS<03>
dialog	1		24	10	FLD_A3+009E79	<03>\nHARD FIGHT<03>
dialog	1		24	10	FLD_A3+009E1F	<03>\nNICE FIGHT<03>
dialog	1		28	12	BTL_T0+054A4A	<03>\nPOISON(ポイズン)<03>
dialog	1		34	15	FLD_A3+0096BC	<03>\nSPIRITUAL CLASS<03>
dialog	1		26	11	FLD_A3+009ED9	<03>\nTOUGH FIGHT<03>
dialog	1		24	10	FLD_A3+009DA4	<03>\nVERY GOOD！<03>
dialog	1		26	11	BTL_T0+0548C7	<03>\n「STUN(スタン)」<03>
dialog	1		14	5	TWN_SEEK+0125BC	<03>\nセストレン<03>
dialog	1		14	5	BTL_T0+054514	<03>\nバーサーク<03>
dialog	1		22	9	BTL_T0+0542AA	<03>\nホーミングレーザー<03>
dialog	1		10	3	FLD_A7+006F3F	<03>\n心技力<03>
dialog	1		10	3	FLD_A7+006EF0	<03>\n攻撃力<03>
dialog	1		10	3	FLD_A7+006FE2	<03>\n機動力<03>
dialog	1		16	6	FLD_C2+00ADDC	<03>\n特0号噴進弾<03>
dialog	1		14	5	FLD_A7+006D5E	<03>\n補修ビット<03>
dialog	1		12	4	FLD_A7+006BEB	<03>\n転送装置<03>
dialog	1		6	1	BTL_T0+054400	<03>\n銃<03>
dialog	1		10	3	FLD_A7+006FA7	<03>\n防御力<03>
dialog	1		8	1	TWN_ZOAH+00B24F	<09>\n<05><!F2>ツ<1B><09>
dialog	1		8	1	TWN_ZOAH+00B25F	<09>\n<05><!F2>ヨ<1B><09>
dialog	1		7	2	TWN_RUIN+0007EF	<09>\n<05>「フ<07>
dialog	1		16	3	TWN_EXCA+000C27	<09>\n<05>ェめ<01><19><1B><09>\n<05>ュ<0F><02><09>
dialog	1		9	2	TWN_EXCA+000C4F	<09>\n<05>ェウ<01><19><07>
dialog	1		8	2	TWN_EXCA+000C5F	<09>\n<05>ェメ<1B><09>
dialog	1		8	2	TWN_EXCA+000C6F	<09>\n<05>ェレ<1B><09>
dialog	1		8	2	TWN_EXCA+0018AF	<09>\n<05>クむ<02><09>
dialog	1		17	7	TWN_RUIN+0007F7	<09>\n<05>ヤぬ<01>遣跡最下層
dialog	1		8	2	TWN_EXCA+000C3B	<09>\n<05>ュの<02><09>
dialog	1		8	2	TWN_EXCA+000C67	<09>\n<05>ュァ<03><09>
dialog	1		8	2	TWN_EXCA+000C77	<09>\n<05>ュコ<02><09>
dialog	1		19	13	TWN_CARA+005CFB	<09>\n<07>)<!CC><01>イスーキスゆゆらもョ。ォ
dialog	1		20	13	TWN_CARA+01647B	<09>\n<07>)<!CC><1D><01>イスェースゆゆりもョ。ォ
dialog	1		8	1	TWN_ZOAH+02937B	<09>\n<07><!D3>神<07>
dialog	1		8	1	TWN_ZOAH+01C93F	<09>\n<07><09>」<01><07>
dialog	1		12	3	TWN_ZOAH+01D027	<09>\n<07><13>「も<09><01>む<1D><1B>
dialog	1		8	1	TWN_ZOAH+01D033	<09>\n<07><13>チ\n<09>
dialog	1		36	15	TWN_SEEK+01215B	<09>\n<07>に<05><1D><01>(調べものをしているようだ)
dialog	1		8	2	TWN_ZOAH+01E627	<09>\n<07>ひめ<01><07>
dialog	1		19	13	TWN_SEEK+00B7FB	<09>\n<07>ョ<10><01>イスョイスゆれろもョ。ォ
dialog	1		8	1	TWN_ZOAH+038F63	<09>\n<08><!CF>ヌ<01><07>
dialog	1		8	1	FLD_A5+032E5F	<09>\n<08>ヒ<!99><02><09>
dialog	1		8	2	FLD_A5+032E4B	<09>\n<08>ヒ索<09>
dialog	1		8	3	FLD_A5+032E57	<09>\n<08>フヌふ<09>
dialog	1		8	3	FLD_A5+032E43	<09>\n<08>フョふ<09>
dialog	1		8	2	FLD_A5+032E6F	<09>\n<08>ホ、<02><09>
dialog	1		8	2	TWN_ZOAH+033B1B	<09>\n<08>ルに<01><07>
dialog	1		8	2	TWN_ZOAH+00B247	<09>\n<09>ソ…<05><09>
dialog	1		24	13	TWN_ZOAH+01D03B	<09>\n<09>ヤ<!CD><1D><10><05><1A><1A><01>イス「ォスゆゆよもョ。ォ
dialog	1		8	1	TWN_ZOAH+00B257	<09>\n\n』<!EA><03><09>
dialog	1		8	2	TWN_SEEK+00EC37	<09>\n\nむ『<01><07>
dialog	1		8	1	TWN_ZOAH+00B267	<09>\n\n！<05><02><09>
dialog	1		8	2	TWN_ZOAH+00B273	<09>\n\n！ひ<02><09>
dialog	1		8	2	TWN_ZOAH+00FF4F	<09>\n\n！ウ<01><07>
dialog	1		26	12	TWN_CAMP+00E1FF	<09>たちのやるべき事をやる…
dialog	1		12	7	FLD_B2+00E397	<0B>ゆニわニ・<11><!8B><02>セ。
dialog	1		6	4	FLD_B2+00E3A3	<0B>ゆハセア
dialog	1		8	3	TWN_CARA+0165EB	<0C>たりな
dialog	1		22	10	TWN_CARA+009655	<0C>ったら、見せてくれよ
dialog	1		4	1	TWN_CARA+017D70	<0C>る
ui	1		6	2	MENUEN+003083	<0D>\n<05>ホト
dialog	1		6	2	TWN_ZOAH+023A37	<0D>し…
dialog	1		16	7	TWN_ZOAH+023178	<0D>すんじゃねえよ
dialog	1		4	1	TWN_ZOAH+01D127	<0D>ぞ
dialog	1		6	2	FLD_B6+00A955	<0D>ぞ…
dialog	1		4	1	TWN_SEEK+015FD7	<0D>る
dialog	1		8	3	TWN_ZOAH+02F1B1	<0D>る…)
dialog	1		10	4	TWN_CARA+006132	<0D>るらしい
dialog	1		10	4	TWN_ZOAH+032F2C	<0D>るんだ…
dialog	1		16	7	TWN_CAMP+00CF54	<0D>方知ってるか？
dialog	1		4	1	TWN_ZOAH+019300	<0E>ぜ
dialog	1		6	2	FLD_A5+00D458	<0E>ぜ！
dialog	1		6	2	TWN_ZOAH+018DEE	<0E>だ)
dialog	1		4	1	TWN_ZOAH+03E51A	<0E>な
dialog	1		6	2	TWN_ZOAH+0331F9	<0E>？)
dialog	1		6	2	TWN_ZOAH+013510	<0F>か？
dialog	1		6	2	TWN_ZOAH+019088	<0F>しな
dialog	1		10	4	TWN_ZOAH+019695	<0F>つだけさ
dialog	1		24	11	TWN_ZOAH+01C2CE	<0F>ないようにしてるのか…
dialog	1		8	3	TWN_ZOAH+03769E	<0F>るから
ui	1		6	2	MENUEN+003B37	<10>\n<05>ルの
dialog	1		12	5	TWN_ZOAH+02F45D	<11>、おまえ？
dialog	1		4	1	TWN_ZOAH+02F20A	<11>ら
dialog	1		6	2	TWN_CARA+017384	<11>ら…
dialog	1		6	2	TWN_ZOAH+023606	<12>っと
dialog	1		4	1	TWN_ZOAH+03459A	<12>よ
dialog	1		6	2	TWN_ZOAH+00F12F	<13>れる
dialog	1		4	1	FLD_C8+012EA9	<14>て
dialog	1		4	1	TWN_CAMP+00DD4F	<14>ど
dialog	1		12	5	TWN_CAMP+00CB47	<14>やがったな
dialog	1		10	4	TWN_ZOAH+02B201	<15>とがある
dialog	1		6	2	TWN_CARA+01721B	<15>とさ
dialog	1		6	2	TWN_SEEK+0152DD	<15>とだ
dialog	1		14	6	FLD_C8+0144AC	<16>れているのよ
dialog	1		8	3	TWN_CARA+00626C	<17>い…)
dialog	1		6	2	TWN_CARA+016BFA	<17>いぜ
dialog	1		10	4	TWN_ZOAH+01C6C2	<17>いので？
dialog	1		10	4	TWN_CARA+006451	<17>ておいた
dialog	1		4	1	TWN_ZOAH+01C65E	<18>が
dialog	1		4	1	TWN_ZOAH+01C5D7	<18>る
dialog	1		8	3	TWN_CARA+009D6A	<1A>うだよ
dialog	1		10	4	FLD_A3+0092BB	<1B>い方向を
dialog	1		8	3	TWN_ZOAH+019464	<1B>から…
dialog	1		8	3	TWN_ZOAH+0305DA	<1B>からな
dialog	1		8	3	TWN_ZOAH+01C43D	<1B>そうだ
dialog	1		6	2	TWN_SEEK+0153FD	<1B>のは
dialog	1		10	4	TWN_CAMP+00DCF1	<1B>んだけど
dialog	1		8	3	TWN_ZOAH+02AEC5	<1D>だろう
dialog	1		10	4	FLD_C8+012F02	<1E>いるぞ…
dialog	1		14	6	TWN_CARA+017E10	<1E>ほしいそうだ
dialog	1		4	1	TWN_SEEK+00C415	<1E>よ
dialog	1		6	2	FLD_A5+00D4AF	<1E>るな
dialog	1		16	7	FLD_C8+013361	<1E>機能解除される
dialog	1		6	2	TWN_CARA+016818	<1E>話だ
dialog	1		4	1	TWN_ZOAH+02B58E	<1F>だ
dialog	1		14	6	TWN_CARA+016EC4	<1F>っといてくれ
dialog	1		10	4	TWN_CAMP+00F1B1	<1F>思ってる
dialog	1		10	4	FLD_A3+009596	<1F>連続攻撃
ui	1		16	7	WORLD+0055EF	BOX<05>GAME
ui	1		13	6	MENUEN+005AF7	B・レーザー
ui	1		3	1	MENUEN+001E5B	Dn
ui	1		23	11	MENUEN+001F99	EXCELLENT！！
ui	1		9	4	WORLD+0055FF	EXIT
ui	1		3	1	MENUEN+001E5E	EXP
ui	1		21	10	MENUEN+001F5A	HARD FIGHT
ui	1		3	1	MENUEN+001E58	Kn
ui	1		3	1	MENUEN+001E55	Ln
ui	1		21	10	MENUEN+001F6F	NICE FIGHT
dialog	1		17	8	1ST_READ+03D337	NO BLOCK
dialog	1		15	7	1ST_READ+03D328	NO DATA
ui	1		23	11	MENUEN+001F43	TOUGH FIGHT
ui	1		21	10	MENUEN+001F84	VERY GOOD！
dialog	1		78	37	FLD_A3+009DD1	\n2番目に高い評価。\n得られる経験値はやや多い。\nアイテムを入手することもある。
dialog	1		43	20	FLD_A3+009E4E	\n3番目に高い評価。\n得られる経験値は普通。
dialog	1		49	23	FLD_A3+009EA8	\n4番目に高い評価。\n得られる経験値はやや少ない。
dialog	1		27	11	FLD_A3+0098B6	\n<03>\n(アジリティ クラス)<03>
dialog	1		25	10	FLD_A3+00961D	\n<03>\n(アタック クラス)<03>
dialog	1		27	11	FLD_A3+009A08	\n<03>\n(エクストラ クラス)<03>
dialog	1		21	8	FLD_A3+009D45	\n<03>\n(エクセレント)<03>
dialog	1		31	13	FLD_A3+0096DE	\n<03>\n(スピリチュアル クラス)<03>
dialog	1		21	8	FLD_A3+009EF3	\n<03>\n(タフファイト)<03>
dialog	1		29	12	FLD_A3+0097F2	\n<03>\n(ディフェンス クラス)<03>
dialog	1		23	9	FLD_A3+009E37	\n<03>\n(ナイスファイト)<03>
dialog	1		23	9	FLD_A3+009E91	\n<03>\n(ハードファイト)<03>
dialog	1		21	8	FLD_A3+009DBC	\n<03>\n(ベリーグッド)<03>
dialog	1		27	11	FLD_A3+0099ED	\n<03>\nEXTRA CLASS<03>
ui	1		23	10	MENUEN+0028B0	\n<05>ケ<14>\n<05>ケェ\n<05>コヨ\n<05>サシクルル
dialog	1		8	3	BTL_A7_2+050DF8	\n<05>シを\n<05>ス
dialog	1		11	7	BTL_A7_2+050E00	\n<05>セ<!8A>ャューォスォ
ui	1		5	2	MENUEN+00306C	\n<05>ホッ
ui	1		5	1	MENUEN+003B30	\n<05>ル<1D>
dialog	1		51	24	FLD_A3+00980F	\nHPを回復したり\nバリアを張ったりするバーサーク。
dialog	1		101	48	BTL_T0+054406	\nエッジの通常攻撃。\n方向ボタンで照準を動かして\n敵を狙い撃ちできる。\nただし、一度に撃てるのは1ヶ所。
dialog	1		62	29	BTL_T0+054522	\nドラゴンの特殊行動。\n敵の防御力を無視した\n強力な攻撃を行う。
dialog	1		95	45	BTL_T0+0542C0	\nドラゴンの通常攻撃。\n複数のレーザーを発射する。\n一度に発射できるレーザーの数には\n制限がある。
dialog	1		103	49	BTL_T0+0548E1	\nマヒ状態になったドラゴンは\nレーザーやバーサークを封じられ\n位置取り以外の行動が\nできなくなってしまう。
dialog	1		62	29	FLD_A3+0098D1	\n敵を一定回数攻撃したり\n戦闘の補助を行ったりする\nバーサーク。
dialog	1		84	40	FLD_A3+0096FD	\n敵全体を攻撃するバーサーク。\n敵との距離に関係なく\nそれぞれに一定ダメージを与える。
dialog	1		92	44	FLD_A3+009636	\n敵全体を攻撃するバーサーク。\n近くの敵にはダメージが大きいが\n遠ざかるほどダメージは弱まる。
dialog	1		45	21	FLD_A3+009F08	\n最も低い評価。\n得られる経験値は最も少ない。
dialog	1		74	35	FLD_A3+009D5A	\n最も高い評価。\n得られる経験値は最も多い。\nアイテムを入手することもある。
dialog	1		16	6	FLD_B6+00ACB5	…<03>\n1番ゲート<03>
slot	1	41	39	19	FLD_B5+00AEAB	………………………………………………■
slot	1	41	39	19	FLD_B5+00AE82	……………………………………………■ 
slot	1	41	39	19	FLD_B5+00AE59	…………………………………………■  
slot	1	41	39	19	FLD_B5+00AE30	………………………………………■   
slot	1	41	39	19	FLD_B5+00AE07	……………………………………■    
slot	1	41	39	19	FLD_B5+00ADDE	…………………………………■     
slot	1	41	39	19	FLD_B5+00ADB5	………………………………■      
slot	1	41	39	19	FLD_B5+00AD8C	……………………………■       
slot	1	41	39	19	FLD_B5+00AD63	…………………………■        
slot	1	41	39	19	FLD_B5+00AD3A	………………………■         
slot	1	41	39	19	FLD_B5+00AD11	……………………■          
slot	1	41	39	19	FLD_B5+00ACE8	…………………■           
slot	1	41	39	19	FLD_B5+00ACBF	………………■            
slot	1	41	39	19	FLD_B5+00AC96	……………■             
slot	1	41	39	19	FLD_B5+00AC6D	…………■              
slot	1	41	39	19	FLD_B5+00AC44	………■               
dialog	1		13	6	FLD_C8+014564	………そうね
slot	1	41	39	19	FLD_B5+00AC1B	……■                
dialog	1		37	18	FLD_A3+009363	……くっ…こんな所で、あの発掘物を…
slot	1	39	31	15	FLD_B5+00A6A6	…■             
slot	1	39	37	18	FLD_B5+009DD8	…■                
dialog	1		7	3	TWN_CARA+006903	…ああ
dialog	1		15	7	TWN_SEEK+00B9BC	…あいつって？
dialog	1		13	6	TWN_SEEK+01224B	…あなたは？
dialog	1		13	6	TWN_ZOAH+029157	…ありがとう
dialog	1		23	11	TWN_CAMP+00E4F5	…あれ、何の話だっけ？
dialog	1		31	15	TWN_CAMP+00E165	…あれは、もっと恐ろしいもんだ
dialog	1		31	15	TWN_SEEK+009AE6	…あんたに見捨てられた街がね！
dialog	1		39	19	FLD_B6+009E42	…いくつかのドラゴンはここで試作された
dialog	1		29	14	TWN_ZOAH+02287D	…いや、べつに止めやしねえよ
dialog	1		33	16	TWN_ZOAH+02AF16	…おまえ、本当にハンターなのか？
dialog	1		39	19	TWN_ZOAH+03E98A	…おまえさん、遣跡を見たことがあるだろ
dialog	1		39	19	FLD_B6+00AE93	…おまえに、ひとつ言っておくことがある
dialog	1		19	9	FLD_B6+00A986	…おまえも、少しは
dialog	1		33	16	TWN_CARA+00CE50	…おれたち、どこまで行くのかな？
dialog	1		33	16	FLD_C8+013E7D	…きっと私と同じように、永い間…
dialog	1		33	16	FLD_B6+009DA3	…こいつらみんな、死んでるのか？
dialog	1		25	12	FLD_B6+00A881	…ここが、ドームなのか…
dialog	1		29	14	TWN_SEEK+015C91	…ここを襲った群れのようにな
dialog	1		33	16	TWN_ZOAH+02F8DB	…この船で、街を出る気はないの？
dialog	1		17	8	FLD_C8+0130DD	…ごめんなさい…
dialog	1		27	13	BTL_A3_2+054F42	…さっきの男…大丈夫かな…
dialog	1		17	8	BTL_X0+05E21D	…しかたがない…
dialog	1		15	7	TWN_ZOAH+03B646	…じいちゃん？
dialog	1		11	5	TWN_ZOAH+01D307	…すまん…
dialog	1		23	11	TWN_CARA+006149	…そういうものなのか？
dialog	1		15	7	FLD_B6+009EDD	…そういう事だ
dialog	1		11	5	FLD_C8+014637	…そうか…
dialog	1		15	7	FLD_C8+013AED	…そうか、なら
dialog	1		13	6	FLD_B6+00A9F8	…そうだな…
dialog	1		31	15	TWN_ZOAH+0184FB	…そう言うあんたは、何なんだ？
dialog	1		21	10	TWN_ZOAH+023B8B	…そこまでは知らねえ
dialog	1		25	12	TWN_ZOAH+03050E	…それで、修理したのか？
dialog	1		37	18	TWN_ZOAH+01C81A	…それとこれとは、関係のないことです
dialog	1		35	17	FLD_B6+00A184	…それに、私のアトルムなら大丈夫だ
dialog	1		21	10	FLD_C8+0131D9	…それはできないわ…
dialog	1		33	16	TWN_ZOAH+00D8C5	…それはな、ワシの仲間達の形見だ
dialog	1		31	15	TWN_ZOAH+023CE4	…そんなもんがあればの話だがな
dialog	1		31	15	TWN_ZOAH+018818	…てめえ、ケンカ売ってんのか？
dialog	1		37	18	FLD_B6+00A89A	…でも、もう元の場所には戻れないぞ…
dialog	1		35	17	TWN_ZOAH+03B4CC	…でも俺、やっぱり家には戻らないよ
dialog	1		25	12	BTL_A7_2+050F5B	…とうとう追いついた！！
dialog	1		29	14	FLD_A5+00D524	…どっかで音がしなかったか？
dialog	1		33	16	TWN_ZOAH+032EDD	…な、なんでこんな所にいるんだ…
dialog	1		15	7	TWN_SEEK+00BDCA	…なあ、エッジ
dialog	1		33	16	TWN_ZOAH+02FC8C	…なんだって、わざわざこんな事…
dialog	1		13	6	TWN_ZOAH+0190EB	…なんだと？
dialog	1		17	8	FLD_C8+013F42	…ねえ、エッジ…
ui	1		5	4	MENUEN+0028A0	…はりツ
dialog	1		11	5	BTL_A5_2+05AAE6	…まあいい
dialog	1		19	9	TWN_ZOAH+0191FE	…また来たのかよ…
dialog	1		19	9	TWN_SEEK+0186FE	…まだ、起きないよ
dialog	1		31	15	TWN_ZOAH+0134F1	…まったく、わけがわかんねえぜ
dialog	1		35	17	TWN_SEEK+015E80	…もはや、ここに留まることは難しい
dialog	1		19	9	TWN_CAMP+00E2CA	…やめた方がいいよ
dialog	1		33	16	FLD_B6+00AFD8	…わかった、次から何かするときは
dialog	1		29	14	FLD_C8+013DD7	…アゼル？ どうかしたのか？
slot	1	39	37	18	FLD_B5+009DFF	…プ■               
slot	1	39	37	18	FLD_B5+009E26	…プラ■              
slot	1	39	37	18	FLD_B5+009E4D	…プラン■             
slot	1	39	37	18	FLD_B5+009E74	…プラント■            
slot	1	39	37	18	FLD_B5+009E9B	…プラントの■           
slot	1	39	37	18	FLD_B5+009EC2	…プラントの再■          
slot	1	39	37	18	FLD_B5+009EE9	…プラントの再起■         
slot	1	39	37	18	FLD_B5+009F10	…プラントの再起動■        
slot	1	39	37	18	FLD_B5+009F37	…プラントの再起動を■       
slot	1	39	37	18	FLD_B5+009F5E	…プラントの再起動を開■      
slot	1	39	37	18	FLD_B5+009F85	…プラントの再起動を開始■     
slot	1	39	37	18	FLD_B5+009FAC	…プラントの再起動を開始し■    
slot	1	39	37	18	FLD_B5+009FD3	…プラントの再起動を開始しま■   
slot	1	39	37	18	FLD_B5+009FFA	…プラントの再起動を開始しまし■  
slot	1	39	37	18	FLD_B5+00A048	…プラントの再起動を開始しました…■
slot	1	39	37	18	FLD_B5+00A021	…プラントの再起動を開始しました■ 
dialog	1		37	18	TWN_ZOAH+00E7C2	…中には、ちょいとやばいのもあるがな
slot	1	41	39	19	FLD_B5+00A912	…予■                
slot	1	41	39	19	FLD_B5+00A93B	…予備■               
slot	1	41	39	19	FLD_B5+00A964	…予備シ■              
slot	1	41	39	19	FLD_B5+00A98D	…予備シス■             
slot	1	41	39	19	FLD_B5+00A9B6	…予備システ■            
slot	1	41	39	19	FLD_B5+00A9DF	…予備システム■           
slot	1	41	39	19	FLD_B5+00AA08	…予備システムで■          
slot	1	41	39	19	FLD_B5+00AA31	…予備システムでの■         
slot	1	41	39	19	FLD_B5+00AA5A	…予備システムでの起■        
slot	1	41	39	19	FLD_B5+00AA83	…予備システムでの起動■       
slot	1	41	39	19	FLD_B5+00AAAC	…予備システムでの起動を■      
slot	1	41	39	19	FLD_B5+00AAD5	…予備システムでの起動を開■     
slot	1	41	39	19	FLD_B5+00AAFE	…予備システムでの起動を開始■    
slot	1	41	39	19	FLD_B5+00AB27	…予備システムでの起動を開始し■   
slot	1	41	39	19	FLD_B5+00AB50	…予備システムでの起動を開始しま■  
slot	1	41	39	19	FLD_B5+00ABA2	…予備システムでの起動を開始します…■
slot	1	41	39	19	FLD_B5+00AB79	…予備システムでの起動を開始します■ 
dialog	1		25	12	FLD_C8+0140F4	…人間に、なったんだよ…
dialog	1		39	19	FLD_C8+013E45	…今のガーディアンのこと、考えていたの
dialog	1		37	18	FLD_C8+014571	…以前はあのひとの望みに答えること、
dialog	1		25	12	TWN_CARA+016F26	…会わせる顔がないんだよ
dialog	1		25	12	TWN_CARA+016EDF	…会わなくていいのかい？
dialog	1		25	12	TWN_ZOAH+014D96	…何考えてんだ、あいつ？
dialog	1		15	7	FLD_A5+00D603	…使えないかな
dialog	1		25	12	TWN_SEEK+00C1F3	…儀は、アゼルと塔に行く
dialog	1		21	10	FLD_A7+006C12	…再起動を実行します
dialog	1		21	10	TWN_ZOAH+019436	…別に、何でもねえよ
dialog	1		15	7	TWN_CAMP+00F278	…別人みたいだ
dialog	1		29	14	FLD_B6+00A8CB	…問題ない、あそこが出□だ…
dialog	1		31	15	TWN_CAMP+00E0E5	…実際は、そうでもないんだがな
dialog	1		31	15	FLD_C8+012BA5	…帝国軍はすでに塔の登頂部から
dialog	1		31	15	TWN_CARA+006708	…我が一族も、これで終わりか…
dialog	1		39	19	TWN_ZOAH+0191CA	…戦いたけりゃ、勝手に戦って死にやがれ
dialog	1		9	4	TWN_CAMP+00E37E	…戦い？
dialog	1		17	8	TWN_CAMP+00EDE4	…戻ろう、アゼル
dialog	1		10	5	FLD_A5+00D3D7	…抜け穴？
dialog	1		27	13	TWN_ZOAH+0305E2	…持ち主の死体も一緒だった
dialog	1		27	13	FLD_B6+00A8F4	…正直いって予想外だった…
dialog	1		21	10	BTL_A7_2+050F2D	…残るは本艦のみか…
dialog	1		39	19	FLD_B6+00AE30	…殺ったのは巣の方だけだ…下手をすると
dialog	1		27	13	TWN_SEEK+01697F	…生きて帰ってくる方が先さ
dialog	1		19	9	TWN_CAMP+00EF74	…知りたくなくても
dialog	1		11	5	FLD_A7+006C76	…移行確認
dialog	1		39	19	TWN_ZOAH+03B1BF	…結局、あんたもみんなと同じなんだね…
dialog	1		39	19	TWN_CAMP+00E524	…結局、ウルを越えることはできなかった
dialog	1		29	14	TWN_ZOAH+02FDAB	…絶対、なにか企んでやがるぜ
slot	1	41	39	19	FLD_B5+00A0BF	…維■                
slot	1	41	39	19	FLD_B5+00A0E8	…維持■               
slot	1	41	39	19	FLD_B5+00A111	…維持シ■              
slot	1	41	39	19	FLD_B5+00A13A	…維持シス■             
slot	1	41	39	19	FLD_B5+00A163	…維持システ■            
slot	1	41	39	19	FLD_B5+00A18C	…維持システム■           
slot	1	41	39	19	FLD_B5+00A1B5	…維持システムの■          
slot	1	41	39	19	FLD_B5+00A1DE	…維持システムの活■         
slot	1	41	39	19	FLD_B5+00A207	…維持システムの活動■        
slot	1	41	39	19	FLD_B5+00A230	…維持システムの活動を■       
slot	1	41	39	19	FLD_B5+00A259	…維持システムの活動を開■      
slot	1	41	39	19	FLD_B5+00A282	…維持システムの活動を開始■     
slot	1	41	39	19	FLD_B5+00A2AB	…維持システムの活動を開始し■    
slot	1	41	39	19	FLD_B5+00A2D4	…維持システムの活動を開始しま■   
slot	1	41	39	19	FLD_B5+00A2FD	…維持システムの活動を開始しまし■  
slot	1	41	39	19	FLD_B5+00A34F	…維持システムの活動を開始しました…■
slot	1	41	39	19	FLD_B5+00A326	…維持システムの活動を開始しました■ 
dialog	1		15	7	TWN_CAMP+00ECF6	…落ち着いた？
dialog	1		13	6	TWN_ZOAH+03011D	…行くのか？
dialog	1		11	5	FLD_B6+00A014	…行こう…
dialog	1		31	15	FLD_A3+0092E7	…貴様ら、これがどういう意味か
slot	1	39	31	15	FLD_B5+00A6CD	…防■            
slot	1	41	39	19	FLD_B5+00A3C8	…防■                
slot	1	39	31	15	FLD_B5+00A6F4	…防御■           
slot	1	41	39	19	FLD_B5+00A3F1	…防御■               
slot	1	39	31	15	FLD_B5+00A71B	…防御シ■          
slot	1	41	39	19	FLD_B5+00A41A	…防御シ■              
slot	1	39	31	15	FLD_B5+00A742	…防御シス■         
slot	1	41	39	19	FLD_B5+00A443	…防御シス■             
slot	1	39	31	15	FLD_B5+00A769	…防御システ■        
slot	1	41	39	19	FLD_B5+00A46C	…防御システ■            
slot	1	39	31	15	FLD_B5+00A790	…防御システム■       
slot	1	41	39	19	FLD_B5+00A495	…防御システム■           
slot	1	39	31	15	FLD_B5+00A7B7	…防御システムの■      
slot	1	41	39	19	FLD_B5+00A4BE	…防御システムの■          
slot	1	41	39	19	FLD_B5+00A4E7	…防御システムの活■         
slot	1	41	39	19	FLD_B5+00A510	…防御システムの活動■        
slot	1	41	39	19	FLD_B5+00A539	…防御システムの活動を■       
slot	1	41	39	19	FLD_B5+00A562	…防御システムの活動を開■      
slot	1	41	39	19	FLD_B5+00A58B	…防御システムの活動を開始■     
slot	1	41	39	19	FLD_B5+00A5B4	…防御システムの活動を開始し■    
slot	1	41	39	19	FLD_B5+00A5DD	…防御システムの活動を開始しま■   
slot	1	41	39	19	FLD_B5+00A606	…防御システムの活動を開始しまし■  
slot	1	41	39	19	FLD_B5+00A658	…防御システムの活動を開始しました…■
slot	1	41	39	19	FLD_B5+00A62F	…防御システムの活動を開始しました■ 
slot	1	39	31	15	FLD_B5+00A7DE	…防御システムの稼■     
slot	1	39	31	15	FLD_B5+00A805	…防御システムの稼働■    
slot	1	39	31	15	FLD_B5+00A82C	…防御システムの稼働に■   
slot	1	39	31	15	FLD_B5+00A853	…防御システムの稼働に問■  
slot	1	39	31	15	FLD_B5+00A8A1	…防御システムの稼働に問題…■
slot	1	39	31	15	FLD_B5+00A87A	…防御システムの稼働に問題■ 
dialog	1		7	3	FLD_C8+014508	…！？
dialog	1		19	9	FLD_B6+00AEC6	…？ 何だよ突然…
slot	1	39	31	15	FLD_B5+00A67F	■              
slot	1	39	37	18	FLD_B5+009DB1	■                 
dialog	1		297	143	TWN_CAMP+029D2E	□発ではクレイメンが荷っていたが、\nエッジを奴けようとしたパエットの\n指手によって後旧は洞揮してしまい、\nクレイメンの有名は習武のままとなる。\n脈の独、バイマンは、塔後の上自の研を\nエッジに連す。そこに、向の半作である\n「『特り務』の務違」が敵最されて\nいるという。\n \n(大丈夫・ムービー初で隊戦知抜)\n
dialog	1		78	37	FLD_A7+00818F	。\nバーサークの威力が上がり、\nより少ないBPで\nバーサークを使えるようになる。
dialog	1		80	38	FLD_A7+007D7B	。\nレーザーの威力が上がるので\nレーザーを多用して戦う場合に\n有効なタイプである。
dialog	1		70	33	FLD_A7+007F99	。\n位置取りの速度が上がり、\nすばやく敵を倒すことが\nできるようになる。
dialog	1		56	26	FLD_A7+007A11	。\n能力は平均的なので\n特に欠点はないが\n逆に利点もない。
dialog	1		84	40	FLD_A7+007B8A	。\n防御力が高いので、\n敵から受けるダメージが小さく、\nHP回復の回数も少なくてすむ。
dialog	1		7	6	BTL_A7_2+050E14	「」ー「なな
dialog	1		223	107	TWN_ZOAH+0627C6	「吊り棒」の棒話に々れたエッジの\n拾買に、メル突カヴァの細が返要する。\nメル突カヴァとは、飾の余落を適持する\n隠閉なバリア聖裁戦部だった。\nこの細から、エッジはメル突カヴァの\n加毛を扉る。\n \n(辺境貴・重品イベントで跡械古井)\n
dialog	1		35	17	TWN_SEEK+0171FA	「探索兵」達の士気が上がっています
dialog	1		223	107	TWN_CARA+031302	「来り自」の自分に薬れたエッジの\n帰助に、メル熱カヴァの液が焼森する。\nメル熱カヴァとは、加の希番を望灰する\n救丈なバリア料根下結だった。\nこの液から、エッジはメル熱カヴァの\n紀掘を箱る。\n \n(炉持運・式水イベントで落燦時内)\n
dialog	1		223	107	TWN_CAMP+029EEE	「特り務」の務違に他れたエッジの\n今陸に、メル領カヴァの貸が土妙する。\nメル領カヴァとは、来の噂空を聞内する\n乱越なバリア話都壊最だった。\nこの貸から、エッジはメル領カヴァの\n発事を流る。\n \n(大丈夫・理考イベントで隊戦知抜)\n
dialog	1		223	107	TWN_SEEK+02DFD2	「理り由」の由与に話れたエッジの\n聞今に、メル資カヴァの模が庫調する。\nメル資カヴァとは、何の昔合を彼女する\n産床なバリア入開唯意だった。\nこの模から、エッジはメル資カヴァの\n記腐を寝る。\n \n(旧世紀・械置イベントで袋身使道)\n
dialog	1		37	18	TWN_ZOAH+030827	「護り火」じゃ、帝国は止められないぜ
dialog	1		39	19	TWN_SEEK+015F8D	「護り火」については、調べがついている
dialog	1		37	18	TWN_ZOAH+01AAF5	「護り火」の火種は、教会の聖堂にある
dialog	1		39	19	TWN_ZOAH+023826	「護り火」の火種は、神聖区にあるんだが
dialog	1		27	13	TWN_ZOAH+02F76E	「護り火」を信じてるんだろ
dialog	1		37	18	TWN_CARA+009B53	「重力の道」の彼方に連れて行かれるぞ
dialog	1		35	17	TWN_CARA+00A2A3	「重力の道」の彼方に運ばれるらしい
dialog	1		4	2	TWN_CAMP+00E70E	」さ
dialog	1		26	12	BTL_T0+055473	」という概念が\n存在する。
dialog	1		16	7	BTL_T0+054E76	」に\n対応する。
dialog	1		39	19	FLD_B6+00A577	『…1枚のメモリープレートに封印し…』
dialog	1		18	7	FLD_B6+00A5BF	『…<03><05>Dユニット<03>
dialog	1		24	10	FLD_B6+00A662	『…<03>\nライト・ウィング<03>
dialog	1		24	10	FLD_B6+00A487	『…<03>\nライト・ウイング<03>
dialog	1		31	15	FLD_B6+00A601	『……願わくば後世の人間が…』
dialog	1		27	13	FLD_B6+00A72D	『…あるいは我々よりも…』
dialog	1		29	14	FLD_B6+00A6E0	『…しかし、それはもはや…』
dialog	1		21	10	FLD_B6+00A52C	『…しかし我々は…』
dialog	1		26	11	FLD_B6+00A59E	『…それぞれを…<03>\n12個<03>
dialog	1		39	19	FLD_B6+00A75B	『…と言えるものだったかもしれない…』
dialog	1		19	9	FLD_B6+00A71A	『…もっと別の…』
dialog	1		31	15	FLD_B6+00A643	『…わずかな望みを託して……』
dialog	1		29	14	FLD_B6+00A6FD	『…ドラゴンというよりも…』
dialog	1		35	17	FLD_B6+00A6A0	『…ドラゴンの究極ともいうべき…』
dialog	1		33	16	FLD_B6+00A541	『…ライト・ウィングに関する…』
dialog	1		33	16	FLD_B6+00A4CF	『…ライト・ウイングに関する…』
dialog	1		21	10	FLD_B6+00A562	『…個体データを…』
dialog	1		29	14	FLD_B6+00A5E4	『…地表各地にばらまいた…』
dialog	1		29	14	FLD_B6+00A6C3	『…形態の開発に成功した…』
dialog	1		35	17	FLD_B6+00A620	『…我々の意志を引き維ぐことに…』
dialog	1		35	17	FLD_B6+00A4AC	『…我々の暴走と判断した当局は…』
dialog	1		21	10	FLD_B6+00A68B	『…我々はついに…』
dialog	1		39	19	FLD_B6+00A505	『…消去するようにとの決断を下した…』
dialog	1		21	10	FLD_B6+00A4F0	『…記録の一切を…』
dialog	1		19	9	FLD_B6+00A748	『…高次の存在…』
dialog	1		31	15	FLD_B6+00A3D2	『あの襲撃事件から3日たった』
dialog	1		33	16	FLD_B6+00A418	『おそらくは反対派の仕業だろう』
dialog	1		29	14	BTL_D5+05ACF0	『おまえ』の望んでた場所だ…
dialog	1		35	17	FLD_B6+00A3AF	『このドローンをアゼルと名づける』
dialog	1		37	18	FLD_B6+00A31B	『これならば、目標値を越えるはずだ』
dialog	1		39	19	FLD_B6+00A340	『だが、このままでは重大な欠陥がある』
dialog	1		39	19	FLD_B6+00A2AA	『ドローンF07…思考指数98…失敗』
dialog	1		39	19	FLD_B6+00A2D1	『ドローンF16…思考指数94…失敗』
dialog	1		35	17	FLD_B6+00A367	『今回の実験体はうまく行っている』
dialog	1		37	18	FLD_B6+00A38A	『例の問題も寿命の操作で解決ずみだ』
dialog	1		35	17	FLD_B6+00A2F8	『例の機構の組み込み認可が下りる』
dialog	1		11	5	TWN_ZOAH+0231BD	『塔』…？
ui	1		134	64	MENUEN+007063	『塔』の中部層を守って\nいたガーディアン。2体が\n一緒になって襲ってきた。\nというより、2体まとめて\nひとつの個体だったのかも\nしれない。
dialog	1		25	12	TWN_ZOAH+02F28C	『塔』の話はできねえな！
dialog	1		39	19	TWN_ZOAH+023188	『塔』を探して、うろうろしてるそうだぜ
dialog	1		39	19	FLD_B6+00A3F1	『尋われたドローンはまだ発見されない』
dialog	1		39	19	FLD_B6+00A439	『彼女はまだインプリントが終ってない』
dialog	1		39	19	FLD_B6+00A460	『災いの種にならなければいいのだが…』
dialog	1		19	9	BTL_D5+05ADF3	『絶対の客人』も！
dialog	1		5	2	TWN_CAMP+00F3E6	あ…
dialog	1		39	19	TWN_ZOAH+03B0F6	あ…そうか、あんたらは行けないんだっけ
dialog	1		35	17	FLD_B6+00A823	あ、いや、ないならいい、先を急ごう
dialog	1		15	7	TWN_CAMP+00C6FD	あ、しまった！
dialog	1		13	6	TWN_ZOAH+013533	あ、そうか！
dialog	1		33	16	TWN_ZOAH+01368D	あ、そうだ、伝言もあったんだっけ
dialog	1		37	18	TWN_ZOAH+030174	あ、それから例の約束、忘れんでくれよ
dialog	1		25	12	TWN_CARA+0097F0	あ、ちょっと待ってくれ…
dialog	1		37	18	TWN_CAMP+00E7C2	あ、どこにあるのか調べる方が先だな…
dialog	1		13	6	TWN_CAMP+00E3FF	あ、エッジ！
dialog	1		13	6	TWN_CAMP+00E5E1	あ、悪い悪い
dialog	1		29	14	TWN_CARA+00C9B7	あ、父ちゃんにはないしょだよ
dialog	1		25	12	TWN_ZOAH+01E497	ああ…お孫さんを残してね
dialog	1		31	15	FLD_A5+00D439	ああ…だけど、水脈への入り□が
dialog	1		15	7	TWN_CARA+00A546	ああ、あんたか
dialog	1		17	8	TWN_ZOAH+033703	ああ、ご苦労さん
dialog	1		17	8	TWN_ZOAH+013478	ああ、そうだけど
dialog	1		29	14	TWN_CAMP+00CF9F	ああ、やっと調べがついたんだ
dialog	1		21	10	TWN_ZOAH+01AAA2	ああ、よく来てくれた
dialog	1		17	8	TWN_ZOAH+039C99	ああ、よろしく…
dialog	1		37	18	TWN_ZOAH+018E2B	ああ、ラドガムの爺さんと組んでたんだ
dialog	1		27	13	TWN_ZOAH+014CD1	ああ、一杯やろうってんだな
dialog	1		27	13	TWN_ZOAH+03E7D9	ああ、何十年も前の話だがな
dialog	1		37	18	TWN_ZOAH+033546	ああ、君、ちょっと頼まれてくれないか
dialog	1		13	6	TWN_ZOAH+01A959	ああ、君か…
dialog	1		13	6	TWN_CAMP+00C934	ああ、大丈夫
dialog	1		19	9	FLD_B6+00A235	ああ、数千年前から
dialog	1		39	19	FLD_C8+014845	ああやって侵入者の侵攻を阻むと同時に、
dialog	1		39	19	TWN_CARA+00A2EE	あいつ、俺の仕事を道楽だと思ってやがる
dialog	1		31	15	TWN_SEEK+00B990	あいつ、行っちまったみたいだな
dialog	1		25	12	TWN_ZOAH+039B08	あいつから話は聞いてるよ
dialog	1		25	12	TWN_ZOAH+02FD92	あいつが教会に用事とはね
dialog	1		31	15	TWN_ZOAH+022BEC	あいつと、なんかあったんだろ？
dialog	1		37	18	TWN_ZOAH+03E6BC	あいつなら、いろいろ知ってると思うぜ
dialog	1		27	13	TWN_CARA+009DBD	あいつに代わって礼を言うよ
dialog	1		37	18	TWN_ZOAH+039BD9	あいつの恩人なら、俺にとっても恩人だ
dialog	1		17	8	TWN_ZOAH+013602	あいつの親父だよ
dialog	1		35	17	TWN_ZOAH+0189DF	あいつら、あそこで何やってるんだ？
dialog	1		39	19	TWN_CAMP+00D602	あいつら、砂漠を周回する習性があってな
dialog	1		33	16	TWN_SEEK+00C089	あいつらについて行くことにしたよ
dialog	1		33	16	TWN_CAMP+00DE96	あいつらも、旧世紀文明の残り物だ
dialog	1		25	12	FLD_C8+01327F	あえてあなたを選んだの…
dialog	1		29	14	BTL_B6+05B270	あそこで繁殖しているようだな
dialog	1		29	14	FLD_C8+013C18	あそこの接続部分を切りかえて
dialog	1		39	19	TWN_ZOAH+03E8D3	あそこの竜巻は、その船が起こしてるのさ
dialog	1		39	19	TWN_ZOAH+029231	あたし、ほんとは畑仕事のほうが好きなの
dialog	1		35	17	TWN_ZOAH+028FDF	あたし、ヴェラトの村で生まれたのよ
dialog	1		39	19	TWN_SEEK+007315	あたしはここで子供達の無事を祈ってるよ
dialog	1		39	19	TWN_ZOAH+01E09D	あたしゃ、どうもあの人は信用できないよ
dialog	1		39	19	TWN_SEEK+00EBBB	あたし達が、なんであの子を守ったのか…
dialog	1		31	15	TWN_SEEK+00E738	あたし達の目的は聞いたんだろ？
dialog	1		27	13	TWN_CARA+00C715	あっ、新しいハンターだね！
dialog	1		21	10	FLD_A5+00D5EE	あったはずなんだが…
dialog	1		19	9	TWN_ZOAH+01C4E6	あっちに行ってろ！
dialog	1		17	8	TWN_ZOAH+01E60D	あっち行っとくれ
dialog	1		39	19	FLD_C8+0148E8	あといくつか、下の層にも同じ物があるわ
dialog	1		29	14	TWN_SEEK+00E70E	あとで様子を見に行ってやりな
dialog	1		26	11	FLD_C8+0138F3	あとは<03>\nローター・パイル<03>
dialog	1		31	15	FLD_A5+00D718	あとは地下をまっすぐ飛ぶだけだ
dialog	1		33	16	TWN_ZOAH+028F3C	あとは客足が戻れば言うことなしね
dialog	1		13	6	TWN_ZOAH+00D95C	あとひとり？
dialog	1		19	9	TWN_ZOAH+03444C	あなた、よそ者ね…
dialog	1		33	16	FLD_C8+013211	あなたが思っているほどドラゴンは
dialog	1		35	17	TWN_SEEK+0171CA	あなたとドラゴンの働きのおかげです
dialog	1		39	19	TWN_CAMP+00F5D2	あなたとドラゴンの間に、何かを感じるの
dialog	1		35	17	TWN_SEEK+0173C6	あなたと共にあれば、大丈夫でしょう
dialog	1		17	8	TWN_ZOAH+0344FD	あなたにあげる！
dialog	1		33	16	FLD_C8+0132A9	あなたのためだけに存在している…
dialog	1		19	9	TWN_CAMP+00F51F	あなたのドラゴンと
dialog	1		19	9	FLD_C8+014475	あなたの方にこそ…
dialog	1		39	19	TWN_CAMP+00F583	あなたは、普通の人間と違う感じがする…
dialog	1		31	15	TWN_CAMP+00F0EC	あなたも…扉を開いてほしいの？
dialog	1		29	14	TWN_CAMP+00F755	あなたを見たような気がするの
dialog	1		29	14	TWN_SEEK+0180CE	あなた達が生まれるずっと前…
dialog	1		24	10	FLD_C8+013465	あの<03>\nローター・パイル<03>
dialog	1		9	4	TWN_ZOAH+028F8B	あのさ…
dialog	1		23	11	TWN_CARA+00C8C0	あのでっかいの、見た？
dialog	1		21	10	TWN_ZOAH+0346B2	あのね、神さまがね、
dialog	1		35	17	TWN_CAMP+00F71D	あのひとが目覚めさせてくれるまで…
dialog	1		33	16	BTL_X0+05E165	あのひとの敵は私の敵…それだけだ
dialog	1		29	14	TWN_SEEK+01896A	あのひとは、いつも言ってたわ
dialog	1		33	16	TWN_SEEK+0188A6	あのひとも、食べ物や水をくれたわ
dialog	1		33	16	BTL_X0+05E186	あのひと？ クレイメンの事か！？
dialog	1		37	18	TWN_SEEK+00BC05	あのガッシュって奴に、頼まれたのか？
dialog	1		23	11	FLD_C8+013FDC	あのガーディアン達と、
dialog	1		39	19	TWN_SEEK+00E8E3	あのパエットって男、あんたの知り合い？
dialog	1		39	19	TWN_CARA+006838	あの乗り物は、この近くに落ちとったんだ
dialog	1		29	14	TWN_CARA+00A062	あの乗り物は、たいしたもんだ
dialog	1		33	16	BTL_X0+05E3AD	あの人の邪魔をするなら…殺す、と
dialog	1		25	12	BTL_C2_2+05706B	あの司祭め、はかったな！
dialog	1		27	13	TWN_CAMP+00F017	あの塔は、完全に目覚めたわ
dialog	1		39	19	TWN_SEEK+00EB94	あの子…感づいちまったのかもしれないね
dialog	1		31	15	TWN_ZOAH+01E4E2	あの子、全然じっとしてなくて…
dialog	1		31	15	TWN_CARA+009F09	あの子の事では、世話になったな
dialog	1		25	12	TWN_CAMP+00F6AF	あの子も…もう、いない…
dialog	1		35	17	TWN_SEEK+0172A4	あの少女に危害が加わるといけません
dialog	1		37	18	TWN_ZOAH+02B46A	あの時、おまえのような奴がいればな…
dialog	1		21	10	BTL_X0+05E398	あの時言ったはずだ…
dialog	1		37	18	TWN_SEEK+016897	あの森で戦ったら、例の神殿もやばいぜ
dialog	1		31	15	TWN_CARA+00661B	あの焼け跡が、何だかわかるか？
dialog	1		29	14	TWN_ZOAH+00F080	あの男、大丈夫なんですかね？
dialog	1		31	15	FLD_A5+00D587	あの砂をどける方法があるはずだ
dialog	1		23	11	BTL_D2_2+0502CC	あの砲の正面は危険だな
dialog	1		23	11	TWN_ZOAH+03053B	あの程度なら朝メシ前さ
dialog	1		21	10	TWN_CARA+00CDE1	あの船、すげえだろ！
dialog	1		39	19	TWN_CARA+016A4E	あの船に乗ってたガキ、何者だったんだ？
dialog	1		29	14	BTL_A5_2+05AB6A	あの赤い奴を早めに倒すんだ！
dialog	1		35	17	FLD_C8+0144BA	あの里の人達と一緒に行くことだって
dialog	1		39	19	TWN_CAMP+00E679	あの霧は「メル=カヴァ」が作ってるんだ
dialog	1		27	13	FLD_B6+00A20E	あの黒いドラゴンのことか？
dialog	1		33	16	TWN_SEEK+00BA7E	あやうく殺されるところだったぜ…
dialog	1		35	17	TWN_ZOAH+0291D5	あら、あたしに会いに来てくれたの？
dialog	1		19	9	TWN_ZOAH+028E1F	あら、よく来たわね
dialog	1		23	11	TWN_ZOAH+01DFF0	あらいやだ、ほんとだよ
dialog	1		11	5	TWN_ZOAH+033A00	ありがたい
dialog	1		15	7	TWN_CARA+006123	ありがたい事だ
dialog	1		13	6	TWN_ZOAH+033A9B	ありがたい！
dialog	1		37	18	TWN_ZOAH+013207	ありがてえ！ これで食料が買えるぜ！
dialog	1		21	10	TWN_ZOAH+00F1D9	ありがとうございます
dialog	1		19	9	FLD_C8+01464E	ありがとうエッジ、
dialog	1		11	5	TWN_CARA+01691D	ありがとよ
dialog	1		13	6	TWN_CARA+00CD61	ありがとよ！
dialog	1		31	15	TWN_ZOAH+03E186	ありゃ、俺達の理解を超えてるよ
dialog	1		19	9	TWN_SEEK+00BB8E	あるわけないだろ…
dialog	1		39	19	TWN_ZOAH+03E7F4	ある国が旧世紀の空飛ぶ船を発掘したんだ
dialog	1		35	17	TWN_ZOAH+03055F	あれ、その銃…俺が修理した奴だよな
dialog	1		26	11	FLD_C8+01491B	あれが<03>\nローター・パイル<03>
dialog	1		17	8	FLD_A5+00D3B3	あれが…抜け穴？
dialog	1		17	8	BTL_A5_3+04F91E	あれが弱点だ！！
dialog	1		33	16	TWN_CAMP+00C95F	あれだけ痛めつけられたのにかよ？
dialog	1		39	19	TWN_ZOAH+0237FF	あれのおかげで、攻性生物が寄りつかねえ
dialog	1		25	12	BTL_A7_2+050F42	あれは…クレイメン艦隊！
dialog	1		33	16	TWN_ZOAH+01C63D	あれは、この街を滅ぼしかねん男だ
dialog	1		35	17	TWN_CARA+0170C3	あれは、そこから掘り出した物なんだ
dialog	1		35	17	TWN_ZOAH+01C1F1	あれは、評議会に認められた子なのだ
dialog	1		11	5	BTL_B2+04FC76	あれは！？
dialog	1		37	18	TWN_CARA+017128	あれを持つ資格なんか、俺にはないんだ
dialog	1		35	17	TWN_ZOAH+0374A6	あれを昇れば、すぐ目の前に見えるよ
dialog	1		29	14	TWN_SEEK+00C1C9	あれ？ おまえは来ないのか？
dialog	1		17	8	TWN_ZOAH+018D26	あれ？ その銃…
dialog	1		21	10	TWN_ZOAH+037090	あんた、ハンターだね
dialog	1		31	15	TWN_ZOAH+039AE9	あんた、ハンターのエッジだろ？
dialog	1		35	17	TWN_SEEK+00EB0F	あんた、一緒に戦ってくれるんだろ？
dialog	1		33	16	TWN_SEEK+009A2A	あんた、俺の顔に見覚えないかい？
dialog	1		21	10	TWN_CARA+0095EF	あんた、旅の人だろ？
dialog	1		39	19	TWN_ZOAH+03B198	あんた、神聖区で仕事もらったんだって？
dialog	1		19	9	TWN_CARA+017D0B	あんたがエッジだな
dialog	1		33	16	TWN_ZOAH+02927E	あんたがシーカーの仲間だって噂…
dialog	1		33	16	TWN_CAMP+00CF71	あんたなら知ってるって言うのか？
dialog	1		35	17	TWN_SEEK+00712D	あんたのお連れさんなら、心配ないよ
dialog	1		39	19	TWN_SEEK+009920	あんたのドラゴンが狙いなんじゃないか？
dialog	1		33	16	TWN_SEEK+00BE3F	あんたの技術には助けられたからね
dialog	1		29	14	TWN_SEEK+00BEC5	あんたの空中船、墜落してたよ
dialog	1		39	19	TWN_ZOAH+0306E4	あんたの親父さんは、違うみたいだけど…
dialog	1		35	17	TWN_SEEK+00E6EB	あんたの連れは、病室に運んであるよ
dialog	1		11	5	TWN_CARA+017BAC	あんたは…
dialog	1		39	19	TWN_ZOAH+019177	あんたみたいに戦いをやめたりはしない！
dialog	1		33	16	TWN_CARA+016EF8	あんたも、そこの人だったんだろ？
dialog	1		29	14	TWN_ZOAH+018E01	あんたも、ハンターだったのか
dialog	1		19	9	TWN_CARA+0167EC	あんたも顔が広いな
dialog	1		35	17	TWN_CAMP+00E34E	あんたを巻き込むわけにはいかないよ
dialog	1		37	18	TWN_ZOAH+01E3F7	あんた達が神聖区に来る前の話だけど…
dialog	1		35	17	TWN_SEEK+0097BA	あんた達の話は、わけがわからないよ
dialog	1		35	17	TWN_SEEK+007245	あんた達も、この里の子になるかい？
dialog	1		39	19	TWN_ZOAH+0304D9	あんな奴に持たせとくのはもったいないぜ
dialog	1		29	14	TWN_CARA+00A0F3	あんな焼け跡じゃ暮らせないよ
dialog	1		29	14	TWN_ZOAH+039BAF	い、いや、確かにそうだけど…
dialog	1		39	19	FLD_A5+00D7D7	いいじゃないか、人助けみたいなものだし
dialog	1		19	9	TWN_ZOAH+00F9F7	いいぜ、持ってけよ
dialog	1		29	14	TWN_ZOAH+03B59E	いいだろうなあ、外の世界は…
dialog	1		23	11	FLD_C8+013A39	いいのかい？ アゼル…
dialog	1		13	6	FLD_A5+00D83E	いいのか？…
dialog	1		9	4	FLD_C8+0137C8	いいわ、
dialog	1		11	5	TWN_CARA+01711D	いいんだよ
dialog	1		13	6	TWN_ZOAH+028F22	いい気味だわ
dialog	1		21	10	TWN_ZOAH+03DCE1	いい物そろってるだろ
dialog	1		27	13	TWN_ZOAH+032DD6	いい買い物だと思うけどなあ
dialog	1		23	11	TWN_ZOAH+01C541	いえ、そのような事は…
dialog	1		33	16	TWN_CAMP+00CEE8	いきなり、そんなこと言われても…
dialog	1		7	3	BTL_B5+05234D	いくぞ
dialog	1		29	14	TWN_CAMP+00C980	いくらなんでも、頑丈すぎるぜ
dialog	1		33	16	TWN_ZOAH+02B4C1	いたずらに命を惜しむつもりはない
dialog	1		39	19	TWN_CARA+0168A9	いっそ、共倒れになっちまえばいいのによ
dialog	1		33	16	TWN_ZOAH+023594	いっそ、街が占領されねえもんかな
dialog	1		31	15	TWN_ZOAH+03B738	いつかはここを出ていくつもりさ
dialog	1		39	19	TWN_ZOAH+013D15	いつでも、この街にぶっ放せるって話だぜ
dialog	1		17	8	BTL_A7_2+050EA1	いつでもいけます
dialog	1		39	19	TWN_ZOAH+01B162	いつまでもガラクタばかりいじっとらんで
dialog	1		29	14	TWN_CARA+0067C5	いつまでも悲しんではおれんよ
dialog	1		27	13	TWN_SEEK+00C11E	いつ死ぬかわかんないけど…
ui	1		15	7	WORLD+005608	いにしえの峡谷
dialog	1		17	8	FLD_A5+00F899	いにしえの闘飛場
dialog	1		17	8	FLD_B6+009F66	いまさら何を驚く
dialog	1		25	12	BTL_C2+057902	いました、攻性生物です！
dialog	1		7	3	BTL_B5+052376	いまだ
dialog	1		23	11	TWN_SEEK+00BE28	いや…そんなことないよ
dialog	1		25	12	TWN_CARA+00CC54	いや、あんな連中とは違う
slot	1	33	33	16	TWN_ZOAH+03B662	いや、いいんだ、人違いだったから
dialog	1		23	11	TWN_ZOAH+032EFE	いや、この間は失礼した
dialog	1		33	16	TWN_CARA+00C763	いや、そういうわけじゃないけど…
dialog	1		31	15	TWN_CARA+00CB2D	いや、それは本当のウルじゃない
dialog	1		25	12	TWN_ZOAH+022ADE	いや、ちょっと、これは…
dialog	1		31	15	TWN_ZOAH+0307FB	いや、まあ…色々考えがあってな
dialog	1		25	12	TWN_CARA+016862	いや、やっぱりやめとこう
dialog	1		17	8	TWN_ZOAH+03E2F6	いや、別に何も…
dialog	1		33	16	TWN_ZOAH+01AEB3	いやいや、あくまで例えばの話だよ
dialog	1		33	16	TWN_ZOAH+038DE1	いやなら、無理にとは言いませんが
dialog	1		37	18	TWN_CAMP+00F1BB	いろんな人が、戦いで死んでいったけど
dialog	1		29	14	TWN_ZOAH+023C1B	うかつに壁を越えようとしたら
dialog	1		31	15	TWN_CARA+009B34	うかつに遣跡を目覚めさせると…
dialog	1		35	17	TWN_ZOAH+033408	うちの娘とよく話をしているようだな
dialog	1		7	3	TWN_ZOAH+0229F6	うっ…
dialog	1		33	16	TWN_ZOAH+00F135	うまくあしらえば、なんとでもなる
dialog	1		27	13	TWN_ZOAH+0187F0	うるせえな、あっちに行けよ
dialog	1		31	15	TWN_ZOAH+0191AB	うるせえ！ 俺の知ったことか！
dialog	1		13	6	BTL_C5+0521A5	うわぁぁぁ！
dialog	1		13	6	BTL_B5+052257	うわぁぁーー
dialog	1		19	9	BTL_T0+0537FB	うわっ、前はやばい
dialog	1		31	15	FLD_A3+009180	うわっ！スピードが上がったぞ！
dialog	1		5	2	TWN_SEEK+018768	うん
dialog	1		39	19	TWN_ZOAH+02F4D4	うん…これが飛べば遠くに行けるんだろ？
dialog	1		19	9	TWN_CAMP+00EFF7	うん…わかってるよ
dialog	1		31	15	TWN_ZOAH+02B19E	うん…少なくとも、儀にはあるよ
dialog	1		9	4	TWN_ZOAH+039F0F	うーん…
dialog	1		5	2	TWN_CAMP+00ED12	ええ
dialog	1		21	10	FLD_C8+01334C	ええ、でも私は大丈夫
dialog	1		23	11	TWN_CAMP+00E2EA	ええっ？ なんでだよ！
dialog	1		27	13	TWN_CAMP+00DD7E	えらいこと…って、どんな？
dialog	1		7	3	TWN_ZOAH+039B2E	え！？
dialog	1		29	14	FLD_C8+013E00	え？ …ああ、ごめんなさい…
dialog	1		17	8	TWN_SEEK+01871E	え？ あ、ああ…
dialog	1		25	12	TWN_CARA+017D2B	え？ ああ、そうだけど…
dialog	1		15	7	TWN_ZOAH+0290A3	え？ いいの？
dialog	1		13	6	TWN_CAMP+00E265	え？ でも…
dialog	1		21	10	TWN_CAMP+00C82E	え？ でも、悪いよ…
dialog	1		29	14	TWN_CAMP+00E7F4	え？ 場所がわからないのか？
dialog	1		27	13	TWN_ZOAH+023A8D	え？ 遣跡に住んでたのか？
dialog	1		31	15	TWN_CAMP+00E387	お、おどかそうったってだめだぜ
dialog	1		15	7	BTL_C2+05796A	お、落ちます！
dialog	1		15	7	TWN_ZOAH+022BA5	おい、ぼうず…
dialog	1		23	11	TWN_CAMP+00BF38	おいおい、あわてるなよ
dialog	1		31	15	TWN_CAMP+00C8AE	おかげで助かったよ、ありがとう
dialog	1		31	15	BTL_A5_2+05AAA6	おかしいな…この規模の遣跡なら
dialog	1		31	15	TWN_CARA+009D72	おそらく、メッカニア熱だと思う
dialog	1		29	14	TWN_SEEK+015477	おそらく、行き先はウルだろう
dialog	1		37	18	TWN_CARA+00C992	おばちゃんのごはん、まずいんだよなあ
dialog	1		33	16	TWN_ZOAH+02F4A6	おまえ、この船に興味があるのか？
dialog	1		19	9	FLD_B6+00A7F3	おまえ、ケガは…？
dialog	1		39	19	TWN_ZOAH+013540	おまえ、バイマンさんに金積んだんだろ？
dialog	1		39	19	TWN_SEEK+00BDEF	おまえ、俺の事、ごくつぶしだと思うか？
dialog	1		17	8	TWN_ZOAH+013146	おまえ、新顔だな
dialog	1		39	19	TWN_ZOAH+02AA76	おまえ、狩りを始めてどれくらいになる？
dialog	1		27	13	TWN_CAMP+00CCA0	おまえが発掘所で見た女か？
dialog	1		37	18	TWN_CAMP+00D7FA	おまえが追ってる、クレイメンって奴…
dialog	1		13	6	TWN_ZOAH+03E33D	おまえさん…
dialog	1		25	12	TWN_ZOAH+03E2C2	おまえさん、大物になるぜ
dialog	1		31	15	TWN_ZOAH+00E77C	おまえさん、本なんか読むのか？
dialog	1		27	13	TWN_ZOAH+03E5EA	おまえさん、本気なのかい？
dialog	1		31	15	FLD_B6+00A936	おまえと二人、ドラゴンもなしで
dialog	1		33	16	TWN_ZOAH+030718	おまえに帝国退治を頼んだことか？
dialog	1		29	14	TWN_ZOAH+0134AA	おまえに預かりもんだ、ほらよ
dialog	1		27	13	FLD_C8+012F4F	おまえのための戦いじゃない
dialog	1		37	18	TWN_ZOAH+02ADFA	おまえのような奴こそ、生き残るべきだ
dialog	1		39	19	TWN_CAMP+00E296	おまえの後ろで、おとなしくしてるから！
dialog	1		33	16	BTL_D5+05AD1C	おまえの本当の力を見せてくれ！！
dialog	1		23	11	TWN_CAMP+00C88A	おまえの相棒と一緒にな
dialog	1		29	14	TWN_ZOAH+02FA3B	おまえの知り合いじゃないの？
dialog	1		35	17	BTL_D5+05AD9E	おまえは、その意志の外に存在する…
dialog	1		37	18	TWN_SEEK+00C364	おまえはいいよな…皆にあてにされてよ
dialog	1		39	19	FLD_B6+00AF9E	おまえはそれについて私に質問しなかった
dialog	1		31	15	FLD_B6+00AC8A	おまえは先に出□で待っててくれ
dialog	1		11	5	FLD_B6+00A276	おまえも、
dialog	1		37	18	TWN_ZOAH+013BE4	おまえも、ここの噂聞いて来たんだろ？
dialog	1		39	19	TWN_ZOAH+013DBC	おまえもここに住みたいんじゃねえのか？
dialog	1		35	17	TWN_ZOAH+00D9B8	おまえもハンターなら、わかるだろう
dialog	1		29	14	TWN_SEEK+00E834	おまえら、よく探したのかよ？
dialog	1		29	14	TWN_ZOAH+01C155	おまえを呼んだ者に伝えておけ
dialog	1		37	18	TWN_ZOAH+02AD6E	おまえを見ていると、若い頃を思い出す
dialog	1		39	19	FLD_B6+009F84	おまえ達が攻性生物と呼ぶ奴らも大差ない
dialog	1		35	17	TWN_ZOAH+01D363	おまえ達の事も、あの事件の記憶も…
dialog	1		27	13	TWN_ZOAH+032EC2	おや…君は、確か開放区で…
dialog	1		39	19	TWN_ZOAH+01C671	おや、そんな事を言ってもよろしいので？
dialog	1		23	11	TWN_ZOAH+033370	おや、よそ者じゃないか
dialog	1		29	14	TWN_ZOAH+03BAE1	おやめよ、斉えてるじゃないか
dialog	1		37	18	TWN_ZOAH+03374F	おや？ それは私が頼んだ物じゃないか
dialog	1		19	9	FLD_A3+0091E9	おや？止まったのか
dialog	1		33	16	TWN_CARA+00C901	おれ、はやく大きくなりたいなあ！
dialog	1		39	19	TWN_CARA+00CBC9	おれが大きくなったら、てつだうからさ！
dialog	1		27	13	TWN_CARA+00CD9C	おれが病気だったからかな？
dialog	1		33	16	TWN_CARA+00C730	おれたちといっしょに来るんだろ？
dialog	1		21	10	TWN_ZOAH+03459E	お母さんが言ってたよ
dialog	1		23	11	TWN_ZOAH+0345D5	お母さんに言われてるの
dialog	1		27	13	TWN_ZOAH+0344E2	お父さんにもらった宝物なの
dialog	1		23	11	TWN_ZOAH+039BFF	お礼に、こいつをやるよ
dialog	1		37	18	TWN_SEEK+0122C3	かつて、ドラゴン乗りだった男の記録だ
dialog	1		15	7	FLD_B6+00ADD1	かなりやられた
dialog	1		35	17	TWN_ZOAH+034635	かべの向こうって、何があるのかな？
dialog	1		21	10	BTL_C2+057B16	かまわん！ 動くか？
dialog	1		29	14	FLD_C8+014065	かわいそうだと思ったんだろ？
dialog	1		27	13	TWN_ZOAH+03B6DE	かわりに、これあげるからさ
dialog	1		17	8	TWN_ZOAH+01C77C	かんちがいするな
dialog	1		17	8	FLD_C8+012F3E	かん違いするなよ
dialog	1		19	9	FLD_B6+00A0A2	が、今は無理だな…
dialog	1		11	5	FLD_C2+00AE6B	が先だ！)
dialog	1		27	13	TWN_CARA+016DC9	きっと、ドラゴンの仕業だぜ
dialog	1		27	13	TWN_ZOAH+01A8E3	きっと君の役にも立つだろう
dialog	1		31	15	TWN_ZOAH+03E215	きれいだと思ったけど…変かな？
dialog	1		29	14	BTL_X0+05E1A7	くそっ…戦うしかないのか！？
dialog	1		25	12	BTL_C2+057C07	くっ、なんとかもたせろ！
dialog	1		25	12	BTL_C2+0578D2	くっ、対攻性生物弾を使え
dialog	1		7	3	BTL_A7_2+050EF5	くっ！
dialog	1		11	5	BTL_X0+05E35E	くらえ！！
dialog	1		13	6	BTL_B5+0520C4	ぐわぁぁーー
dialog	1		39	19	TWN_SEEK+00983E	こいつが直ったら、すぐにでも出ていくよ
ui	1		134	64	MENUEN+005CB3	こいつとは、ウルで再び\n戦うことになったが、この\n時も決着をつけることは\nできなかった。\n出会うたびに、新しい力を\n身につけているようだ。
dialog	1		39	19	TWN_CARA+0064D2	こいつには静かな暮らしを与えてやりたい
dialog	1		15	7	TWN_CARA+016E8D	こいつは礼金だ
dialog	1		31	15	TWN_CARA+009809	こいつも受け取ってくれないか？
dialog	1		11	5	FLD_B6+009E69	こいつらは
dialog	1		39	19	TWN_CARA+00977E	こいつを売ってくれるのか、ありがたい！
dialog	1		33	16	FLD_A3+0091BD	こうすれば速度を変えてくれるのか
dialog	1		39	19	TWN_ZOAH+02FCFE	こうでもしないと親父を閉め出せないんだ
dialog	1		35	17	FLD_C8+013B84	ここ…最初来た時には通らなかった…
dialog	1		31	15	TWN_ZOAH+02FFDA	ここ、ウルって遣跡なんだけど…
slot	1	33	27	13	TWN_ZOAH+03B6A4	ここ、俺だけの隠れ家なんだ
dialog	1		33	16	TWN_CAMP+00EF94	ここから、塔を止められないのか？
dialog	1		29	14	FLD_B6+009C5C	ここからさらに下のドームに、
dialog	1		29	14	FLD_B6+00B0CB	ここからは下り坂になっている
dialog	1		33	16	FLD_C8+013CB7	ここから下に抜けるのが一番近道よ
dialog	1		27	13	FLD_B6+00AC6F	ここから先は、一人でいくよ
dialog	1		29	14	FLD_B6+00B111	ここから先は道の分岐も激しい
dialog	1		37	18	FLD_C8+013BB3	ここがちょうど真ん中の層に当たるわ…
dialog	1		17	8	FLD_C8+0137FE	ここが塔の最上階
dialog	1		29	14	TWN_ZOAH+023246	ここじゃねえよ、隣の神聖区さ
dialog	1		125	60	FLD_A7+00797E	ここでは\nタイプセレクト画面で、実際に\n形態変化を試すことができる。\nそののち、その形態が属する\nタイプについての解説を行なう。
dialog	1		39	19	TWN_ZOAH+01C240	ここでは、認められた子供しか育てられん
dialog	1		27	13	TWN_ZOAH+033592	ここでは手に入らないんだよ
dialog	1		39	19	TWN_ZOAH+02B133	ここにいる限り、住民は安全というわけだ
dialog	1		31	15	TWN_CARA+005EBE	ここには、気軽に立ち寄ってくれ
dialog	1		37	18	TWN_ZOAH+038E9E	ここには、食料の買いつけに来てるんだ
dialog	1		19	9	TWN_ZOAH+02FF99	ここにはそれっきり
ui	1		23	11	WORLD+005644	ここにはもう用はない…
dialog	1		21	10	TWN_ZOAH+023224	ここに住んでる人か？
dialog	1		33	16	TWN_SEEK+007178	ここに来るまで、大変だったんだろ
dialog	1		27	13	TWN_SEEK+018902	ここに残るように言われたの
dialog	1		35	17	TWN_ZOAH+023505	ここに流れてきた連中の吹きだまりよ
dialog	1		39	19	TWN_ZOAH+01E41C	ここに流れ着いた旅人達と争いが起きてね
dialog	1		39	19	TWN_SEEK+00BE60	ここの人達だって、きっと認めてくれるさ
dialog	1		27	13	FLD_C8+0133A4	ここの外周部へ出るゲートよ
dialog	1		25	12	TWN_CARA+0165D2	ここの連中、払いが悪いぜ
dialog	1		39	19	TWN_ZOAH+03068A	ここの連中は、みんな帝国をなめてるんだ
dialog	1		31	15	FLD_A5+00D5CB	ここの遣跡で何か作動するものが
dialog	1		35	17	FLD_A5+00D6F5	ここの遣跡を越えれば砂漠も終わり…
dialog	1		31	15	TWN_CARA+00CE24	ここの食いもの、うまいんだぜ！
dialog	1		37	18	TWN_ZOAH+02B321	ここは、あまり長居する場所ではないぞ
dialog	1		27	13	TWN_CARA+0067EF	ここは、まだ森に近すぎる…
dialog	1		39	19	TWN_ZOAH+01D053	ここは、ハンターなどの来る所ではないぞ
dialog	1		25	12	TWN_ZOAH+0192C6	ここは、戦いのない街だ…
dialog	1		27	13	FLD_C8+014701	ここは、私でもダメみたい…
dialog	1		31	15	TWN_CAMP+00CFC0	ここは俺を信用してくれよ、な？
dialog	1		17	8	TWN_ZOAH+0193AC	ここは俺んちだぜ
dialog	1		11	5	FLD_B6+009E18	ここは昔、
dialog	1		31	15	FLD_B6+00A95B	ここまでやれるとは思わなかった
dialog	1		33	16	FLD_C8+013C56	ここまで来て、また行き止まりか…
dialog	1		37	18	TWN_ZOAH+03B12A	ここも、帝国に占領されちゃうのかな…
dialog	1		19	9	FLD_A5+00D62D	ここらにある遣物が
dialog	1		31	15	TWN_SEEK+01683B	ここを守らなきゃいけないからね
dialog	1		37	18	TWN_ZOAH+01ACA3	ここを守るのも、大切な使命だと思うよ
dialog	1		33	16	FLD_B6+009CC5	ここを抜け出せるってわけだな！？
dialog	1		33	16	BTL_B5+0522D1	こちらにくるぞ！艦を密集させろ！
dialog	1		37	18	TWN_ZOAH+023284	こないだ、記録機械とかをこしらえてな
dialog	1		37	18	TWN_ZOAH+039CB7	こないだ、遣跡でいいもの見つけたんだ
dialog	1		31	15	TWN_ZOAH+030476	こないだ、銃の修理を頼まれてさ
dialog	1		29	14	TWN_ZOAH+02B0EF	この「護り火」は、ゾアの命だ
dialog	1		35	17	TWN_ZOAH+013CAF	このあたりに帝国が来てるってのによ
dialog	1		33	16	TWN_ZOAH+03E34A	このでかい銃、どこで手に入れた？
dialog	1		27	13	FLD_B6+00B043	このまま、まっすぐでいい…
dialog	1		23	11	TWN_CAMP+00CF3D	このままだと、やばいぜ
dialog	1		35	17	TWN_ZOAH+0373BD	このままだと、上納金も払えませんよ
dialog	1		37	18	TWN_ZOAH+038E3A	このままだと、満足に乾季が越せません
dialog	1		29	14	FLD_C8+0133F2	このままだと先には行けないな
dialog	1		37	18	BTL_C4+05400D	このままではダメだ！ この場は退こう
dialog	1		39	19	TWN_ZOAH+03035A	このままでも、飛ぶだけなら問題ないんだ
dialog	1		121	58	BTL_T0+054231	このように、位置取りによって\n敵の攻撃をかわしたり\n効果的に攻撃したりできる。\n位置取りを制すれば\n戦いを有利に進められる。
dialog	1		29	14	FLD_C8+0147FD	このゲートは開きそうもないわ
dialog	1		31	15	FLD_A5+00D29B	このコブ…まさか、ズースーか！
dialog	1		33	16	FLD_C8+012BC4	このコントロールエリアを目指して
dialog	1		17	8	FLD_C8+013298	このドラゴンは、
dialog	1		31	15	TWN_ZOAH+02F20E	このパエット様はだまされねえぜ
dialog	1		33	16	FLD_B6+00AEE5	このフローターは出力が落ちている
dialog	1		25	12	FLD_B6+00A7AF	このプラントの貯水槽だ…
dialog	1		29	14	TWN_SEEK+01262B	この世ならぬ道で塔とつながり
dialog	1		39	19	TWN_ZOAH+03E250	この世の物とは思えない遣跡もあるからな
dialog	1		67	31	FLD_A3+009990	この他に、以下の2系統がある。\n<03>\nFULLーGAUGE CLASS<03>
dialog	1		31	15	TWN_ZOAH+01862F	この作物は、みんな神聖区の物さ
dialog	1		39	19	TWN_ZOAH+01C8C6	この倉庫の蓄えも、徐々に減り始めている
dialog	1		37	18	FLD_B6+00A07D	この先に地上へ出るエレベーターがある
dialog	1		35	17	FLD_C8+012CA7	この塔は、そういった空間の連なりで
ui	1		113	54	MENUEN+003F3F	この形態は、両腕の機能が\n発達していて、弱点の頭を\nかばうような動きを見せて\nいた。攻撃も強力になって\nいたようだ。
dialog	1		75	36	BTL_T0+0540D4	この敵の前方の防御力は普通で\n前から攻撃すると\n普通にダメージを与えられる。
dialog	1		69	33	BTL_T0+05411F	この敵の左右の防御力は高く\nそのためほとんどダメージを\n与えられない。
dialog	1		23	11	BTL_B6+05B28D	この武器では届かないぞ
dialog	1		11	5	FLD_B6+009FFD	この私も…
dialog	1		29	14	TWN_ZOAH+03B304	この船、もうすぐ完成するんだ
dialog	1		25	12	TWN_ZOAH+02F84B	この船、本当にくれるの？
dialog	1		29	14	BTL_C2+057979	この艦は捨てる！総冥退避ー！
dialog	1		33	16	TWN_ZOAH+019067	この街じゃ、戦う必要がないんだぜ
dialog	1		31	15	TWN_ZOAH+03E612	この街には、何しに来たんだい？
dialog	1		39	19	TWN_ZOAH+01A8BB	この街の「遣産」は、非常に貴重なものだ
dialog	1		29	14	TWN_ZOAH+01D0A2	この街の司祭を務めるダモンだ
dialog	1		17	8	TWN_ZOAH+02B3DE	この街は好かん…
dialog	1		33	16	TWN_ZOAH+0238CF	この街を仕切ってるのは、評議会だ
dialog	1		37	18	TWN_ZOAH+01ABB2	この街を守る仕事につく気はないかね？
dialog	1		27	13	TWN_CARA+016B0B	この辺り、様子がおかしいぜ
dialog	1		25	12	TWN_CARA+017428	この辺を旅してるんだろ？
dialog	1		23	11	FLD_C8+013FB0	この遣跡のシステムには
dialog	1		17	8	FLD_C8+013E9E	この遣跡の中で、
dialog	1		29	14	TWN_SEEK+0073D4	この里も、もう終わりだねえ…
dialog	1		39	19	TWN_ZOAH+014EEF	この門を抜けると、正面に倉庫があって…
dialog	1		21	10	TWN_ZOAH+01946C	この開放区で働いてる
dialog	1		31	15	TWN_ZOAH+0194F5	この開放区も、悪い所じゃないぜ
dialog	1		35	17	TWN_ZOAH+03DD86	この間、ここに店を出したばかりでね
dialog	1		39	19	TWN_SEEK+009BCC	この間までは、ただのハンターだったんだ
dialog	1		23	11	FLD_C8+014AD3	この階の警戒システムを
dialog	1		27	13	TWN_ZOAH+03DD03	これ、みんな売り物なのか？
dialog	1		27	13	TWN_ZOAH+02907B	これ、受け取ってくれないか
dialog	1		27	13	TWN_ZOAH+0331DE	これから、この街は変わるぞ
dialog	1		19	9	TWN_SEEK+00BB59	これからどうする？
dialog	1		33	16	FLD_C8+01316C	これから先、儀の身に何か起きたら
dialog	1		35	17	BTL_A5_3+04F874	これが…こいつも攻性生物なのか！？
dialog	1		33	16	BTL_C5+052184	これが…ドラゴンの力なのか…！？
dialog	1		23	11	TWN_ZOAH+01AB1A	これが、その聖堂の鍵だ
dialog	1		21	10	BTL_C5+052212	これが噂のドラゴン…
dialog	1		27	13	TWN_ZOAH+038D7B	これしか買えないんですか？
dialog	1		31	15	TWN_CARA+0097A5	これで、あの子の薬が作れるぞ！
dialog	1		19	9	FLD_C8+0138C7	これで、あの障害を
dialog	1		33	16	TWN_CARA+0063C2	これで、しばらくは食っていけるな
dialog	1		35	17	FLD_B6+00A0EA	これで、地上に出られるゲートが開く
dialog	1		33	16	TWN_ZOAH+0338D6	これで、帝国が攻めてきても安心だ
dialog	1		39	19	TWN_ZOAH+0234D1	これで、神聖区の連中さえいなけりゃなあ
dialog	1		21	10	FLD_C8+013B63	これで下へ出られるわ
dialog	1		29	14	BTL_A5_2+05AC6E	これで何とか砂漠が越えられる
dialog	1		29	14	BTL_X0+05E419	これで終わらせる…悪く思うな
dialog	1		15	7	TWN_ZOAH+02FF4C	これで終わりだ
dialog	1		27	13	BTL_C8_2+04F255	これで陛下に…うわぁぁぁ…
dialog	1		25	12	TWN_ZOAH+032F57	これで食料でも買うといい
dialog	1		37	18	TWN_ZOAH+03356B	これと同じ物を調達してきてほしいんだ
dialog	1		35	17	TWN_ZOAH+0370D5	これは、司祭様にいただいた教典だよ
dialog	1		33	16	TWN_ZOAH+033022	これは、森からとってきた食料だよ
dialog	1		23	11	TWN_ZOAH+01AB4C	これは君にさしあげよう
dialog	1		33	16	FLD_C8+013AC0	これは私自身が決めたことだから…
dialog	1		39	19	TWN_ZOAH+039E47	これほどの物は、めったに掘り出せないぜ
dialog	1		31	15	TWN_CARA+006468	これほどの獲物が手に入るとはな
dialog	1		37	18	TWN_SEEK+01721D	これも、ドラゴンが現れたせいでしょう
dialog	1		31	15	BTL_B5+052157	これより我が隊は攻撃を開始する
dialog	1		23	11	BTL_C5+052092	これより迎撃戦闘に入る
dialog	1		29	14	TWN_CARA+006184	これをやるから、少し勉強しろ
dialog	1		143	69	FLD_A7+00746A	これを使うためには、まず\nそのバーサークに対応したタイプに\n変形しなければならない。\nまた、ゲージを3つ必要とするが\nそのかわりBPは消費しない。
dialog	1		39	19	TWN_ZOAH+02AE72	これを持っていけ…戦いの役に立つだろう
dialog	1		23	11	TWN_CARA+0174CF	これを渡してほしいんだ
dialog	1		21	10	TWN_SEEK+015FDB	これを読んでみたまえ
dialog	1		35	17	BTL_C5+05233D	これ以上そいつを陛下に近づけるな！
dialog	1		27	13	TWN_ZOAH+02F196	こんなくだらねえガラクタで
dialog	1		31	15	FLD_C8+013F91	こんなことを考える気持ちだって
dialog	1		31	15	TWN_ZOAH+0308A7	こんなにすごい力があったのにさ
dialog	1		27	13	TWN_ZOAH+02933B	こんな事しかできないけど…
dialog	1		33	16	TWN_ZOAH+02F427	こんな所にいていいのか、おまえ？
dialog	1		31	15	TWN_ZOAH+0195E4	こんな時に、よく出歩けるもんだ
dialog	1		23	11	TWN_ZOAH+028E5A	こんな時に来るなんて…
dialog	1		37	18	TWN_ZOAH+02AF65	こんな武器じゃ、気休めにしかならんな
dialog	1		25	12	TWN_ZOAH+02FC09	こんな街の親玉になって…
dialog	1		13	6	TWN_ZOAH+00D85E	ご、ごめん…
dialog	1		13	6	TWN_ZOAH+02FC48	ごくろうさん
dialog	1		7	3	TWN_ZOAH+018FEC	ごめん
dialog	1		29	14	TWN_ZOAH+01921E	ごめん…この前は言いすぎたよ
dialog	1		33	16	TWN_ZOAH+019408	ごめん、家の様子が変だったから…
dialog	1		13	6	FLD_C8+0147BC	ごめんなさい
dialog	1		27	13	TWN_CAMP+00ED17	ごめんなさい…心配、かけて
dialog	1		31	15	TWN_SEEK+0072C4	ごらん…子供達の「魂の像」だよ
dialog	1		37	18	TWN_SEEK+00EB62	ごらんのとおりさ…連中もやるもんだね
slot	1	27	27	13	TWN_CAMP+00C9CD	さあ…よくわからないけど…
dialog	1		15	7	BTL_D5+05AD0D	さあ、答えを…
dialog	1		33	16	TWN_ZOAH+01366C	さあな…俺は頼まれただけだからよ
dialog	1		35	17	BTL_A5_2+05AC38	さすがに奴もフラフラになってきたぞ
dialog	1		19	9	TWN_ZOAH+02FC6C	さすがハンターだな
dialog	1		37	18	FLD_C8+014124	さっきのガーディアンを倒したことで、
dialog	1		25	12	FLD_B6+00A10D	さっきのドームまで戻ろう
dialog	1		31	15	TWN_ZOAH+018714	さっさとこの街から出て行きな…
dialog	1		29	14	BTL_A5_2+05AAF1	さっさと片づけて先を急ごうぜ
dialog	1		23	11	BTL_B2+04FF7B	さてと、積もる話もある
dialog	1		37	18	FLD_B6+00A0B5	さらに下に降りてキーを探すのが先決だ
dialog	1		31	15	TWN_SEEK+007275	しかし…ありゃ、変わった子だね
dialog	1		9	4	BTL_D5+05AD95	しかし、
dialog	1		35	17	TWN_SEEK+01535E	しかし、その実体は不明のままだった
dialog	1		33	16	TWN_CARA+016BD9	しかし、今度の狩りはきつかったぜ
dialog	1		33	16	TWN_SEEK+012532	しかし、彼女の存在が状況を変えた
dialog	1		37	18	TWN_ZOAH+02B438	しかし、戦いを捨てた奴よりはましか…
dialog	1		35	17	TWN_CAMP+00E4AA	しかし、本物のドラゴンはすごいや！
dialog	1		31	15	TWN_SEEK+015C4A	しかし、致命的斉威とはならない
dialog	1		37	18	FLD_C8+013C77	しかたない、引き返して別の道を探そう
dialog	1		13	6	FLD_C4+015A58	しかない！)
dialog	1		9	4	FLD_B6+009DC4	しかも…
dialog	1		21	10	BTL_D5+05AD4E	しかも、その人間は…
dialog	1		25	12	TWN_ZOAH+039F63	しっかりしてるね、あんた
dialog	1		29	14	TWN_ZOAH+01908E	しばらく、ここで暮らしてみな
dialog	1		11	5	FLD_A3+008E85	しまった！
dialog	1		29	14	BTL_C8_2+04F287	しまった！ こっちは囮か！？
dialog	1		25	12	TWN_SEEK+009B34	しらばっくれてもだめだよ
dialog	1		9	4	TWN_CARA+00CA8B	しーっ…
dialog	1		25	12	TWN_ZOAH+03B494	じいちゃんの話、聞いたよ
dialog	1		39	19	TWN_ZOAH+02384E	じかに拝めるのは、司祭ぐらいだろうなあ
dialog	1		37	18	TWN_ZOAH+0307C4	じゃあ、あんたはなんで逃げないんだ？
dialog	1		35	17	TWN_ZOAH+02F7AB	じゃあ、パエットはどうするつもり？
dialog	1		22	9	TWN_CARA+017C47	すぐ、<03>\nシーカーの里<03>
dialog	1		37	18	TWN_CARA+017D8F	すぐ、シーカーの里に来てほしいそうだ
dialog	1		25	12	TWN_ZOAH+013CFC	すげえ大砲か何かがあって
dialog	1		39	19	BTL_A5_2+05AA59	すごい… 地下にこんな空洞があるなんて
dialog	1		35	17	BTL_A5_2+05ABF6	すごい生命力だ…奴は不死身なのか？
dialog	1		33	16	TWN_ZOAH+023573	すっかり客足がとだえちまったな…
dialog	1		29	14	FLD_C8+0130B4	すでに起動してるわ…だから…
dialog	1		37	18	TWN_CARA+006917	すまんが、奴の事は□外せんでくれんか
dialog	1		31	15	TWN_ZOAH+033314	すまんが、用ならあとにしてくれ
dialog	1		29	14	FLD_B6+00B084	ずいぶん下までやってきたな…
dialog	1		35	17	TWN_CAMP+00DC33	ずいぶん物騒な神様じゃねえか、え？
dialog	1		31	15	TWN_ZOAH+013C90	ずいぶん落ち着いてるじゃねえか
dialog	1		37	18	TWN_ZOAH+0292C5	ずっと、こっちを見てたみたいだけど…
dialog	1		31	15	TWN_SEEK+01873C	ずっと、見ていてくれたのかい？
dialog	1		37	18	TWN_ZOAH+013737	ずっと働いてる俺には、何もなしかよ…
dialog	1		29	14	TWN_ZOAH+01E312	ずっと家に戻ってないらしいよ
dialog	1		37	18	TWN_ZOAH+01AFDA	ずっと街にいるわけにはいかないからね
dialog	1		33	16	TWN_ZOAH+01E523	せっかくお許しを得た子なんだもの
dialog	1		29	14	TWN_SEEK+00E7E9	せっかく助けてやったのにさ！
dialog	1		33	16	FLD_C8+0145F3	せめて今だけは、一人の人間として
dialog	1		37	18	TWN_CARA+00C9D4	ぜいたく言うなって、なぐられるからさ
dialog	1		31	15	TWN_ZOAH+03060F	そ…それがどうしたってんだよ？
dialog	1		33	16	TWN_ZOAH+0232A9	そいつで、塔の総を描いたんだとよ
dialog	1		31	15	TWN_ZOAH+014E2E	そいつにそって、右へ進んでみな
dialog	1		31	15	TWN_ZOAH+00D976	そいつの事は、もうどうでもいい
dialog	1		27	13	TWN_CAMP+00D7AD	そいつの入□が見つかれば…
dialog	1		31	15	TWN_CAMP+00E586	そいつは、ちょうどよかったぜ！
dialog	1		19	9	TWN_CARA+004187	そいつは燦光石だよ
dialog	1		37	18	TWN_ZOAH+0232E6	そいつをやるから、あとは本人に聞きな
dialog	1		37	18	TWN_ZOAH+014EBB	そいつを抜けて、すぐ右だって聞いたぜ
dialog	1		19	9	FLD_A5+00D505	そいつを探そうぜ！
dialog	1		21	10	FLD_A5+00D5AA	そいつを考えようぜ！
dialog	1		25	12	TWN_ZOAH+014D0B	そいつを越えりゃ目の前だ
dialog	1		5	2	TWN_CAMP+00F35E	そう
dialog	1		15	7	TWN_ZOAH+01AE56	そう、例えば…
dialog	1		15	7	TWN_ZOAH+03E87A	そういうこった
dialog	1		27	13	TWN_CAMP+00DA01	そういや、妙な噂を聞いたな
dialog	1		7	3	TWN_SEEK+012411	そうか
dialog	1		37	18	FLD_A5+00D317	そうか…、エッジ、ここはワームの巣だ
dialog	1		19	9	TWN_SEEK+01877A	そうか…ありがとう
dialog	1		19	9	TWN_CARA+016E7A	そうか…ありがとよ
dialog	1		39	19	TWN_CAMP+00CB05	そうか…えらいものに目をつけやがったな
dialog	1		17	8	TWN_CARA+00CBFD	そうか…そうだな
dialog	1		35	17	TWN_ZOAH+01948E	そうか…でも、なんで隠れてるんだ？
dialog	1		31	15	TWN_ZOAH+018D94	そうか…やっぱり行っちまったか
dialog	1		39	19	TWN_ZOAH+039EB1	そうか？ いい買い物だと思うけどなあ…
dialog	1		37	18	TWN_ZOAH+039E7C	そうこなくっちゃ！ あんた、得したぜ
dialog	1		23	11	TWN_SEEK+00BC48	そうじゃないよ、ただ…
dialog	1		33	16	TWN_SEEK+01528E	そうすれば、上空の本体も力を失う
dialog	1		31	15	TWN_ZOAH+03348D	そうだ…君、これを買わないか？
dialog	1		39	19	BTL_A3_2+054EE1	そうだ、さっきの男は、大丈夫だろうか？
dialog	1		19	9	TWN_ZOAH+02B007	そうだ、それでいい
dialog	1		13	6	TWN_ZOAH+028FB8	そうだけど…
dialog	1		29	14	TWN_SEEK+00BE9B	そうだったら、いいんだけどな
dialog	1		11	5	TWN_SEEK+00C18A	そうだな…
dialog	1		37	18	TWN_CARA+016F64	そうだな…あんたには教えてもいいかな
dialog	1		13	6	TWN_CARA+017397	そうだなあ…
dialog	1		13	6	TWN_ZOAH+03E179	そうだろうな
dialog	1		13	6	TWN_ZOAH+01E0D1	そうですか…
dialog	1		15	7	TWN_ZOAH+03E241	そうでもないさ
dialog	1		13	6	TWN_CAMP+00DAAD	そうなのか？
dialog	1		37	18	TWN_CARA+009CCA	そうなりゃ、こんな仕事ともおさらばさ
dialog	1		39	19	TWN_ZOAH+01C2E6	そうやって、我々はこの生活を守ってきた
dialog	1		19	9	FLD_C8+012D9B	そう時間はないぞ…
dialog	1		29	14	FLD_B6+00A167	そう決着を急ぐこともあるまい
dialog	1		37	18	TWN_CARA+00A485	そう自分に言い聞かせて、働いてるのさ
dialog	1		27	13	FLD_C8+0132CA	そう言っても過言じゃないわ
slot	1	50	37	18	TWN_ZOAH+01AD2C	そう言わずに、考え直してもらえんかね
dialog	1		17	8	FLD_C8+013DA7	そう願いたいな…
dialog	1		23	11	FLD_C8+012EEB	そこが塔の一番上の層だ
dialog	1		39	19	TWN_ZOAH+00EAD5	そこには「護り火」の火種が安置されとる
dialog	1		21	10	FLD_C8+01442A	そこへ行けたとしても
dialog	1		33	16	FLD_B6+009CF2	そこまで無事にたどり着けたらな…
dialog	1		29	14	TWN_CAMP+00D916	そこらの軍人とはわけが違うぜ
dialog	1		17	8	BTL_X0+05E288	そこをどいてくれ
dialog	1		33	16	TWN_CAMP+00D6D9	そこを抜ければ、砂漠を出られるぜ
dialog	1		17	8	BTL_B5+052382	そこを退いてくれ
dialog	1		29	14	BTL_A5_3+04F8EC	そこを集中攻撃すれば倒せる！
dialog	1		9	4	FLD_B6+009FF4	そして…
dialog	1		35	17	TWN_ZOAH+01C5B4	そして、いつかまた争いになるのだぞ
dialog	1		39	19	TWN_SEEK+015F59	そして、その正体と組織力は常に隠される
dialog	1		15	7	TWN_ZOAH+0290F5	その、つまり…
dialog	1		31	15	TWN_CAMP+00D9B0	そのうち、他の国を攻め出してな
dialog	1		27	13	TWN_SEEK+007150	そのうち、目が覚めるはずさ
dialog	1		35	17	TWN_CAMP+00F46C	そのうちわかるようになるよ、きっと
dialog	1		13	6	TWN_ZOAH+032F86	そのかわり…
dialog	1		39	19	TWN_CAMP+00C863	そのかわり、何かあったら手を貸してくれ
dialog	1		29	14	TWN_ZOAH+02B1E4	そのための旅だし、戦いなんだ
dialog	1		39	19	TWN_ZOAH+02F817	そのへんのバカどもには無理だろうけどな
dialog	1		37	18	TWN_ZOAH+037802	そのまま進めば、通路に入れるはずだよ
dialog	1		23	11	TWN_ZOAH+0377BD	そのまま進んでください
dialog	1		37	18	TWN_CAMP+00CC6C	そのドラゴンには、彼女が乗ってたんだ
dialog	1		25	12	FLD_C8+012E90	その上の層に出たところだ
dialog	1		37	18	TWN_ZOAH+0238F6	その中で一番偉いのが、司祭ってわけよ
dialog	1		33	16	BTL_B2+04FEA6	その使命を果たすためなら何度でも
dialog	1		35	17	TWN_SEEK+0124CF	その全てを破壊するには、おそらく…
dialog	1		29	14	TWN_ZOAH+03E850	その場所が、ゲオルギウスか…
dialog	1		29	14	TWN_ZOAH+03760D	その壁にそって、右に進むと…
dialog	1		29	14	TWN_ZOAH+037681	その壁にそって、右に進むんだ
dialog	1		27	13	TWN_ZOAH+014F16	その左側が、教会なんだとよ
dialog	1		39	19	TWN_CAMP+00D8B9	その指揮官ともなりゃ、相当やばい男だぜ
dialog	1		33	16	BTL_B6+05B0F2	その攻撃はやつを成長させるだけだ
dialog	1		31	15	TWN_SEEK+00C0AA	その方が安全だろうし、それに…
dialog	1		11	5	TWN_CARA+017565	その時は…
dialog	1		35	17	TWN_ZOAH+02F7F4	その時は、帝国の技術者にでもなるさ
dialog	1		31	15	TWN_ZOAH+029002	その笛は、村に伝わる宝だったの
dialog	1		31	15	FLD_B6+009E74	その試作段階の途中で破来された
dialog	1		27	13	TWN_ZOAH+023B63	その遣跡って、どんな所だ？
dialog	1		29	14	TWN_CARA+00A286	その遣跡を目覚めさせた者は…
dialog	1		33	16	TWN_ZOAH+0304B8	その銃が、やたらと立派なんだよな
dialog	1		27	13	TWN_ZOAH+039A88	その首飾り、ガッシュのだな
dialog	1		23	11	TWN_SEEK+00BC87	そりゃ、おまえはいいさ
dialog	1		29	14	TWN_ZOAH+039ACC	そりゃ、同じシーカーだからな
dialog	1		23	11	TWN_ZOAH+028F94	それ…ヴェラトの笛よね
dialog	1		19	9	TWN_ZOAH+00F9D7	それ、欲しいのか？
dialog	1		39	19	TWN_ZOAH+01913F	それからも、何度も死ぬような目にあった
dialog	1		39	19	FLD_C8+014403	それが、何のために存在するのかさえも…
dialog	1		23	11	TWN_CAMP+00D355	それがシーカーの鉄則だ
dialog	1		31	15	TWN_ZOAH+02B37C	それが本当のハンターってもんだ
dialog	1		29	14	FLD_C8+014596	それが私の存在の全てだった…
dialog	1		25	12	TWN_ZOAH+039F18	それじゃ、これでどうだ？
dialog	1		27	13	TWN_ZOAH+033A57	それじゃ、これならどうだ？
dialog	1		33	16	TWN_SEEK+00BEF8	それじゃ、奴も死んじまったんだな
dialog	1		33	16	TWN_CARA+00CAC2	それじゃ、次はウルの話をしようか
dialog	1		31	15	TWN_ZOAH+029164	それじゃ、遠慮なくもらっとくわ
dialog	1		67	32	BTL_T0+053B41	それぞれの行動は\n必要なゲージ量があれば\nいつでも好きな時に行える。
dialog	1		11	5	TWN_CAMP+00E1F4	それだけだ
dialog	1		29	14	TWN_CAMP+00F233	それだけは、わかってほしい…
dialog	1		23	11	TWN_ZOAH+039B35	それって…どんな話だ？
dialog	1		39	19	TWN_CARA+00C922	それで、父ちゃんの狩りをてつだうんだ！
dialog	1		17	8	TWN_ZOAH+019166	それでも、儀は…
dialog	1		37	18	TWN_ZOAH+01AE0A	それでも、君がこの街を見捨てるのなら
dialog	1		39	19	TWN_SEEK+0189AE	それなのに、私は力に目覚めてしまった…
dialog	1		11	5	TWN_ZOAH+029070	それなら…
dialog	1		9	4	TWN_SEEK+00BD67	それに…
dialog	1		39	19	TWN_ZOAH+019015	それに…いずれ、わかるかもしれねえしな
dialog	1		9	4	FLD_C8+013AB7	それに、
dialog	1		25	12	TWN_ZOAH+00F116	それに、しょせんは子供だ
dialog	1		35	17	TWN_ZOAH+01B0CB	それに、たとえ「護り火」が消えても
dialog	1		29	14	FLD_B6+00A9BA	それに、まだ無事に出られると
dialog	1		17	8	TWN_ZOAH+00D840	それにさわるな！
dialog	1		31	15	TWN_CARA+009E40	それにしても…すごいな、あんた
slot	1	33	33	16	TWN_ZOAH+03B683	それにしても、よくここに入れたね
dialog	1		23	11	TWN_CARA+017570	それは、あんたにやるよ
dialog	1		15	7	TWN_ZOAH+01AC1F	それはできない
dialog	1		17	8	FLD_C8+014547	それは儀も同じさ
dialog	1		35	17	TWN_ZOAH+00D8A0	それほどの細工はめったに見られんぞ
dialog	1		31	15	TWN_CAMP+00C9A1	それも、ドラゴンの力ってやつか
dialog	1		25	12	TWN_ZOAH+03DEAF	それも、真っ黒いやつがな
dialog	1		35	17	TWN_ZOAH+02F9DC	それより、おまえに渡す物があるんだ
dialog	1		33	16	TWN_CAMP+00E45B	それより、なんであんたがここに…
dialog	1		33	16	TWN_ZOAH+01925F	それより、街を出なくていいのか？
dialog	1		39	19	TWN_ZOAH+03E81C	それをめぐって、2匹のドラゴンが戦った
dialog	1		39	19	TWN_ZOAH+013D3D	それをネタに、評議会を斉してるんだとよ
dialog	1		19	9	FLD_A5+00D66A	それを作動させれば
dialog	1		39	19	TWN_SEEK+015B95	それを開くことができるのは、彼女だけだ
dialog	1		39	19	TWN_ZOAH+018EDE	それ以来、俺は銃を持てなくなっちまった
dialog	1		9	4	TWN_SEEK+01251C	そんな…
dialog	1		31	15	TWN_SEEK+00BCF1	そんなこと、できるわけないだろ
dialog	1		31	15	TWN_ZOAH+0292EA	そんなにあたしの事、気になる？
dialog	1		23	11	TWN_CARA+017C8D	そんなものがあるのか？
dialog	1		19	9	TWN_CARA+01726C	そんなんじゃないよ
dialog	1		23	11	TWN_CAMP+00EF31	そんな事がわかるのか？
dialog	1		31	15	TWN_ZOAH+02AEA6	そんな事じゃ、生きのびられんぞ
dialog	1		23	11	TWN_ZOAH+013648	そんな人が、どうして…
dialog	1		27	13	TWN_CARA+0170F5	そんな大切な物だったのか…
dialog	1		29	14	TWN_ZOAH+02F648	そんな奴、この街にはいないよ
dialog	1		136	64	FLD_A3+009A98	そんな時、位置取り中から前もって\nボタンを押したままにしておけば\n位置取り終了と同時に\n敵より先に行動することができる。\nこれを<03>\n先行入力<03>
dialog	1		21	10	TWN_CARA+017DD7	そんな物があるのか？
dialog	1		19	9	TWN_CARA+017499	たいした事じゃない
dialog	1		17	8	TWN_CAMP+00C941	たいした事ないよ
dialog	1		17	8	TWN_ZOAH+02AD5D	たいした奴だな…
dialog	1		35	17	TWN_CARA+016A92	たいした武器も持ってなかったしなあ
dialog	1		37	18	TWN_CAMP+00D599	たいした武器を持ってるわけじゃないし
dialog	1		37	18	TWN_CARA+009828	たいした物じゃないが、お礼のしるしだ
dialog	1		35	17	TWN_CAMP+00E142	たいていの連中が、そう信じてるがな
dialog	1		27	13	BTL_C2+05791B	たかが一匹だ、叩きつぶすぞ
dialog	1		7	3	FLD_C8+013E1D	ただ…
dialog	1		9	4	FLD_C8+013E30	ただ…？
dialog	1		31	15	TWN_ZOAH+030076	ただ、偶然塔が写ってた透視板を
dialog	1		39	19	TWN_CARA+01727F	ただ、帝国の基地について調べてるから…
dialog	1		37	18	TWN_ZOAH+037455	ただ、昼間は店を閉めてるはずですが…
dialog	1		19	9	TWN_CAMP+00EDC5	ただ、造られただけ
dialog	1		84	40	FLD_A7+007BDE	ただし、\n位置取りは逆に遅くなるので\n位置取りによる時間のロスが\n大きくなってしまう。
dialog	1		84	40	FLD_A7+007FDF	ただし、\n防御力は逆に低くなるので、\n攻撃を受けた時のダメージが\n大きくなってしまう。
dialog	1		37	18	TWN_CARA+005EDD	ただし、めんどうは持ち込まんでくれよ
dialog	1		106	51	FLD_A7+007DCB	ただし、バーサークの威力は\n逆に低くなる。また、\nより多くのBPを消費しなければ\nバーサークを使えなくなる。
dialog	1		82	39	FLD_A7+0081DD	ただし、レーザーの威力は\n逆に低くなるので\nその分を銃でおぎなうことが\n重要になる。
dialog	1		108	52	BTL_T0+054008	ただし、位置取りをしている間は\nゲージが増加しないため\n位置取りを多く行なうほど\n時間のロスになることに注意。
dialog	1		25	12	TWN_CARA+0174F2	ただし、俺の名は出すなよ
dialog	1		31	15	TWN_SEEK+015403	ただし、君のドラゴンだけは違う
dialog	1		123	59	BTL_T0+054948	ただし、異常になるのは\nドラゴンだけである。\n銃の発射やアイテムの使用は\nエッジの行動なので\nステータスに関係なく可能である。
dialog	1		23	11	FLD_C8+013251	ただの乗り手ではなく、
dialog	1		35	17	TWN_ZOAH+023C38	たちまち攻性生物が襲ってくるんだぜ
dialog	1		33	16	TWN_ZOAH+029042	たぶん、あたしが最後の生き残り…
dialog	1		31	15	TWN_CARA+009FAF	たぶん、シーカーの仕業だろうな
dialog	1		31	15	TWN_CAMP+00DF47	たぶん、戦の道具だったんだろう
dialog	1		7	3	FLD_B5+00922E	だ…)
dialog	1		13	6	BTL_C8+04EACF	だ、だめか…
dialog	1		29	14	TWN_CAMP+00E81E	だ、大丈夫、なんとかなるって
dialog	1		37	18	TWN_ZOAH+0290C3	だいいち、それ、どこで手に入れたの？
dialog	1		29	14	TWN_ZOAH+0135A6	だいいち、バイマンって誰だ？
dialog	1		19	9	FLD_A3+0090F3	だいぶ流されたな…
dialog	1		21	10	FLD_B6+00A78E	だいぶ落ちてきたな…
dialog	1		39	19	TWN_ZOAH+028ECB	だから、あたしは、いつも通り働くだけ…
dialog	1		25	12	FLD_C8+0132E5	だから、あなたが死ねば、
dialog	1		27	13	TWN_ZOAH+03460D	だから、かくれんぼしたの！
dialog	1		39	19	TWN_CAMP+00E652	だから、そいつの正体がわかったんだよ！
dialog	1		37	18	TWN_ZOAH+01E4B0	だから、司祭様はよそ者に厳しいんだよ
dialog	1		29	14	TWN_CAMP+00DD54	だから、時々えらいことになる
dialog	1		29	14	TWN_CAMP+00F37E	だから、物思う力が強すぎる…
dialog	1		37	18	TWN_ZOAH+01C700	だからこそ、多くの者が森の奥に行って
dialog	1		15	7	TWN_CARA+006525	だが、いつかは
dialog	1		39	19	TWN_CARA+009ED5	だが、うまくいく見込みはほとんどない…
dialog	1		29	14	TWN_ZOAH+03EA44	だが、ひとつだけ共通点がある
dialog	1		35	17	TWN_SEEK+0151C3	だが、上空から森を越えるのは難しい
dialog	1		23	11	TWN_CARA+00A38D	だが、俺は体が弱くてな
dialog	1		33	16	TWN_SEEK+0124AE	だが、塔は世界中に散らばっている
dialog	1		25	12	TWN_CARA+006755	だが、旅は続けねばならん
dialog	1		31	15	TWN_SEEK+015E1C	だが、私はここに残ることにする
dialog	1		25	12	TWN_ZOAH+01D0EB	だが、私はよそ者は好かん
dialog	1		39	19	TWN_CARA+0069DD	だがな…見ての通り、貧しいキャラバンだ
dialog	1		33	16	TWN_ZOAH+00F0D2	だがな、統治には伝説が必要なのだ
dialog	1		9	4	TWN_SEEK+0188C7	だけど…
dialog	1		35	17	FLD_A3+009135	だけど…このドラゴン、どうやったら
dialog	1		31	15	FLD_C8+0145B3	だけど、今の私は自分の意志で、
dialog	1		35	17	TWN_CARA+00A422	だけどな、俺のような人間がいるから
dialog	1		25	12	TWN_CARA+0172BC	だったら、これ読んでみな
dialog	1		39	19	TWN_CARA+017441	だったら、ちょっと頼まれてくれないか？
dialog	1		33	16	TWN_CARA+006975	だったら、どうして雇ってるんだ？
dialog	1		37	18	TWN_SEEK+00BBD3	だったら、シーカーの仲間になったら…
dialog	1		35	17	TWN_ZOAH+03445F	だったら、ローダ、かくれなくちゃ！
dialog	1		33	16	TWN_CARA+00CBA8	だったら、父ちゃんが見つけなよ！
dialog	1		29	14	TWN_ZOAH+0300DD	だますつもりはなかったんだ…
dialog	1		25	12	TWN_CAMP+00EFC2	だめ…じかに接続しないと
dialog	1		27	13	TWN_ZOAH+034665	だれもいなくてつまんない…
dialog	1		31	15	TWN_SEEK+0169FC	ちぇっ…軽く言ってくれるよなあ
dialog	1		29	14	TWN_ZOAH+01325D	ちえっ、ケチくせえ野郎だな！
dialog	1		37	18	BTL_C2+057CC8	ちっ、実験機が…装甲ブロックを閉じろ
dialog	1		25	12	TWN_ZOAH+0337B0	ちゃんと買い取ってやるよ
dialog	1		27	13	TWN_CAMP+00E440	ちょ、ちょっと待ってくれよ
dialog	1		37	18	TWN_CARA+016F89	ちょうど、あんたぐらいの歳の頃だった
dialog	1		37	18	FLD_A5+00D3E1	ちょうどいい、あとを追いかけようぜ！
dialog	1		29	14	FLD_C8+012E73	ちょうど真ん中あたりを抜けて
dialog	1		39	19	TWN_ZOAH+039DD7	ちょっと商売しようと思って来たんだが…
dialog	1		19	9	FLD_C8+0134DB	ちょっと待ってて…
dialog	1		39	19	FLD_B6+009F0C	ちょっと待てよ、それはつまりドラゴンは
dialog	1		17	8	FLD_C8+013EF3	つかの間の時は、
dialog	1		35	17	FLD_B6+009EAE	つまり…ドラゴンの、なりそこない…
dialog	1		25	12	FLD_B6+009CAC	つまりそこまで行ければ、
dialog	1		9	4	BTL_D2+052B52	つむじ風
dialog	1		37	18	TWN_ZOAH+019313	てめえ、シーカーと仲がいいんだってな
dialog	1		35	17	TWN_ZOAH+0193C5	てめえこそ、勝手に入ってきやがって
dialog	1		29	14	TWN_ZOAH+0185AC	てめえと給金を分ける気はねえ
dialog	1		39	19	TWN_ZOAH+0185FB	てめえに言っても、わかんねえだろうがな
dialog	1		25	12	TWN_ZOAH+018FA1	てめえに言ってもムダか…
dialog	1		23	11	TWN_ZOAH+018786	てめえもそう思うだろ？
dialog	1		23	11	TWN_ZOAH+01967E	てめえら、考えが甘いぜ
dialog	1		33	16	TWN_ZOAH+0195B6	てめえらハンターの気が知れねえよ
dialog	1		29	14	TWN_CAMP+00D4B9	で、うまい具合に水を抜けば…
dialog	1		27	13	FLD_B6+009C35	で、これからどうするんだ？
dialog	1		25	12	FLD_B6+00B01E	で、どう進む？ これから
dialog	1		67	32	BTL_T0+0538F6	である。\n何もしないとたまっていき\n3ゲージ分まで持つことができる。
dialog	1		29	14	TWN_CARA+016C36	でかい遣跡でも見つけたのかな
dialog	1		11	5	FLD_C8+012CCB	できている
dialog	1		77	37	BTL_T0+053FBB	できるだけ赤い方向をさけ\n緑の方向にいるようにすれば\n安全に戦うことができる。
dialog	1		25	12	TWN_ZOAH+023156	でけえ声出すんじゃねえよ
dialog	1		33	16	TWN_ZOAH+023340	でけえ艦隊が近づいてるそうだが…
dialog	1		35	17	TWN_CAMP+00E863	でなきゃ、伝説が残るわけないからな
dialog	1		31	15	TWN_ZOAH+0303A1	でなきゃ、作る意味がないもんな
dialog	1		35	17	TWN_CAMP+00DF66	でなけりゃ、人間様に恨みがあるのさ
dialog	1		7	3	TWN_CAMP+00F57C	でも…
dialog	1		37	18	TWN_ZOAH+018E52	でも…あれは、渓谷に行った時だったな
dialog	1		35	17	TWN_ZOAH+0374DE	でも…まだ店は開いてないはずだけど
dialog	1		35	17	FLD_C8+014386	でも、あなたこそいいの？ エッジ…
dialog	1		37	18	TWN_SEEK+0123DF	でも、いきなりあんなこと言われても…
dialog	1		35	17	TWN_ZOAH+02F5AF	でも、うまく行く見込み、あるのか？
dialog	1		39	19	TWN_CAMP+00CF16	でも、おまえ、彼女の扱い方知ってるか？
dialog	1		29	14	TWN_CARA+017312	でも、この事は誰にも言うなよ
dialog	1		27	13	TWN_ZOAH+02ADB7	でも、こんな貴重なものを…
dialog	1		15	7	TWN_CARA+01702A	でも、そこは…
dialog	1		21	10	TWN_CAMP+00F740	でも、その闇の中で…
dialog	1		15	7	TWN_CAMP+00EFDB	でも、それは…
dialog	1		19	9	TWN_CAMP+00CBDC	でも、どうして…？
dialog	1		17	8	TWN_ZOAH+0290B2	でも、どうして？
dialog	1		39	19	FLD_B6+00AD2C	でも、なんであんな奴らがこの遣跡の奥に
dialog	1		33	16	TWN_ZOAH+029129	でも、ほら、儀が持ってるよりは…
dialog	1		33	16	TWN_CAMP+00E3D1	でも、まあ…今回はやめとこうかな
dialog	1		37	18	TWN_ZOAH+038F1C	でも、みんな神聖区の連中が独り占めさ
dialog	1		35	17	TWN_ZOAH+03454B	でも、ローダは、あなたのこと好きよ
slot	1	37	37	18	TWN_CARA+00A501	でも、今はその力に頼るしかないんだよ
dialog	1		37	18	TWN_SEEK+009C01	でも、今はドラゴンがいるじゃないか！
dialog	1		31	15	TWN_ZOAH+030382	でも、俺は完璧を目指したいのさ
dialog	1		25	12	TWN_SEEK+00BCB7	でも、俺は普通の人間だぜ
dialog	1		37	18	TWN_EXCA+00165E	でも、大地を歩いたことは、なかった…
dialog	1		39	19	TWN_ZOAH+02B24D	でも、意味なんていらないんじゃないかな
dialog	1		23	11	TWN_ZOAH+018D70	でも、持ち主は死んでた
dialog	1		33	16	FLD_C8+013ED2	でも、数千年の眠りから目覚めても
dialog	1		25	12	TWN_CARA+01717F	でも、本当は違うんだろ？
dialog	1		33	16	TWN_ZOAH+029021	でも、村は帝国に焼かれちゃってね
dialog	1		35	17	TWN_CAMP+00F318	でも、私は、規格外のドローンだから
dialog	1		29	14	TWN_CAMP+00F09D	でも、詳しいことはわからない
dialog	1		19	9	TWN_CAMP+00F4BB	でも、身体は違う…
dialog	1		15	7	TWN_CAMP+00ED80	でも、違ったの
dialog	1		37	18	TWN_CAMP+00E620	でも、霧みたいなものが邪魔するって…
dialog	1		71	34	BTL_T0+053CEB	で確認できる。\n敵は常に中心に表示され\nドラゴンはその周りに表示される。
dialog	1		25	12	BTL_D5+05ACD7	とうとう…ここまで来た…
dialog	1		35	17	TWN_CARA+01678F	とうとう、旗艦艦隊が出張ってきたぜ
dialog	1		19	9	TWN_CARA+016FF4	ところが、ある日…
dialog	1		31	15	TWN_ZOAH+023B1E	ところが、ちと水が増えすぎてな
dialog	1		19	9	TWN_CAMP+00C8F9	ところで、エッジ…
dialog	1		29	14	TWN_ZOAH+01AB95	ところで、相談があるんだが…
dialog	1		19	9	FLD_B6+00A5D1	として分割して…』
dialog	1		31	15	TWN_SEEK+00C264	とっととすませて、戻って来いよ
dialog	1		37	18	TWN_ZOAH+018AFC	とっとと出てって、死んじまえってんだ
dialog	1		35	17	TWN_ZOAH+03E4F7	とっとと逃げた方がいいかもしれんぞ
dialog	1		37	18	TWN_CAMP+00E79A	とにかく、そいつを壊せば霧は消えるぜ
dialog	1		35	17	TWN_ZOAH+00D995	とにかく、仲間の仇を討たねばならん
dialog	1		35	17	TWN_CAMP+00D43E	とにかく、地下の通り道を探すことだ
dialog	1		35	17	TWN_CAMP+00F2D1	とりつくしまがなかったって言うか…
dialog	1		35	15	BTL_T0+0541B4	と表示される。\nこれを<03>\n弱点マーク<03>
dialog	1		31	15	TWN_ZOAH+02B3EF	どいつもこいつも腰抜けばかりだ
dialog	1		17	8	TWN_ZOAH+01C222	どういうことだ？
dialog	1		19	9	TWN_ZOAH+0193E8	どういうつもりだよ
dialog	1		35	17	TWN_SEEK+00733C	どうか、みんなを守ってやっておくれ
dialog	1		39	19	TWN_ZOAH+01D262	どうか、異教徒から我らをお守り下さい…
dialog	1		37	18	TWN_CAMP+00C719	どうした、すっとんきょうな声出して？
dialog	1		39	19	BTL_B2+04FE5E	どうして…死んでるんじゃなかったのか？
dialog	1		23	11	TWN_SEEK+012332	どうして、それを儀に…
dialog	1		37	18	TWN_ZOAH+03E958	どうして、みんなシーカーを嫌うんだ？
dialog	1		29	14	TWN_CAMP+00DF1D	どうして、人間を襲うのかな？
dialog	1		15	7	TWN_ZOAH+03453C	どうしてかな？
dialog	1		37	18	FLD_B6+00AF6B	どうしてそういうこと先に言わないんだ
dialog	1		35	17	TWN_ZOAH+02F576	どうしても、知りたいことがあるから
dialog	1		29	14	TWN_ZOAH+018F4B	どうしても忘れられねえんだ…
dialog	1		29	14	TWN_SEEK+009B85	どうして街を見捨てたんだよ！
dialog	1		39	19	TWN_ZOAH+02AFD3	どうせ、あれでは使いものにならんだろう
dialog	1		25	12	TWN_ZOAH+02F1DC	どうせ、その辺の遣跡から
dialog	1		25	12	TWN_ZOAH+0194CF	どうせ、俺は腰抜けだよ！
dialog	1		25	12	TWN_ZOAH+03B4EF	どうせ、街を出るんだから
dialog	1		21	10	TWN_ZOAH+0229D4	どうだ、うめえだろ？
dialog	1		39	19	TWN_ZOAH+01B13B	どうだ、パエットの奴を説得してくれんか
dialog	1		19	9	TWN_ZOAH+03DCCE	どうだい、お客さん
dialog	1		21	10	TWN_ZOAH+02F983	どうだった、首尾は？
dialog	1		29	14	TWN_ZOAH+039DFE	どうもやりずらいね、この街は
dialog	1		27	13	TWN_ZOAH+02B41D	どうも頼りないな、おまえは
dialog	1		25	12	TWN_CAMP+00F4DB	どうやって同調してるの？
dialog	1		39	19	BTL_A5_3+04F897	どうやって戦えばいいんだ、こんな奴！？
dialog	1		35	17	TWN_CARA+009CFC	どうやら、エンカクは助かりそうだよ
dialog	1		29	14	TWN_CARA+009C44	どうやら、ゾアが近いらしい…
dialog	1		37	18	TWN_CARA+016B4D	どうやら、一ヶ所に集まってるらしい…
dialog	1		35	17	TWN_CARA+00A110	どうやら、俺達の旅はまだ続きそうだ
dialog	1		37	18	TWN_CAMP+00E712	どうやら、旧世紀にも戦があったらしい
dialog	1		37	18	BTL_B2+04FDD0	どうやら不完全な状態で目覚めたようだ
dialog	1		15	7	TWN_ZOAH+03E9B1	どう思ったね？
dialog	1		33	16	TWN_CAMP+00F416	どう答えたらいいか、わからなくて
dialog	1		29	14	TWN_CARA+016A75	どう見ても帝国兵じゃないし…
dialog	1		31	15	BTL_B6_2+053C73	どこかそのあたりに降ろしてくれ
dialog	1		35	17	FLD_B6+00A1AD	どこかで、さっきの戦闘のダメージを
dialog	1		39	19	FLD_A5+00D4B5	どこかであれと同じような形をした遣物が
dialog	1		33	16	FLD_B6+009D59	どこかの水路のゲートを開いたな…
dialog	1		23	11	BTL_B2+04FF92	どこか近くに降りようぜ
dialog	1		29	14	FLD_B6+009DCD	どことなくドラゴンに似てる…
dialog	1		37	18	TWN_CARA+00689E	どこの誰かは知らんが無茶をしたものだ
dialog	1		13	6	TWN_ZOAH+02AD29	どちらも同じ
dialog	1		27	13	TWN_SEEK+00BC6C	どっちにしても、お断りだね
dialog	1		33	16	TWN_SEEK+01695E	どっちにしても、調査は後回しだよ
dialog	1		37	18	FLD_C8+0143DE	どんな所にあるのかさえわからないの…
dialog	1		31	15	BTL_A3_2+054EAD	な、何だ？ 怒っているのか！？
dialog	1		13	6	TWN_CARA+01741B	なあ、あんた
dialog	1		15	7	TWN_CAMP+00E226	なあ、エッジ…
dialog	1		15	7	TWN_ZOAH+02B15B	なあ、若いの…
dialog	1		21	10	TWN_ZOAH+0131D0	なあ、金貸してくれよ
dialog	1		33	16	TWN_CAMP+00D733	なあに、ほとんどが死んだ空洞だよ
dialog	1		33	16	TWN_ZOAH+02F955	ないけど…なんとかなるよ、きっと
dialog	1		10	5	TWN_ZOAH+02FD88	ないな…)
dialog	1		32	14	FLD_B5+0090CC	なお、ガーディアン<03>\nヌリシンハ<03>
dialog	1		96	46	BTL_T0+0553AC	なお、バーサークには\nレベルアップで得られる\n前述の4系統以外にも\n他の条件で得られるものがある。
dialog	1		10	5	TWN_CARA+00A07F	なかったよ
dialog	1		25	12	TWN_CARA+0063A9	なかなかいい狩りだった…
dialog	1		12	6	TWN_ZOAH+03E676	なさそうだが
dialog	1		33	16	BTL_X0+05E1C4	なぜ、クレイメンの味方をする！？
dialog	1		33	16	TWN_CAMP+00DFB1	なぜか、人間を目の仇にしてやがる
dialog	1		25	12	BTL_X0+05E12F	なぜだ！？ やめてくれ！
dialog	1		11	5	BTL_X0+05E37A	なぜ来た…
dialog	1		9	4	TWN_CAMP+010226	なだめる
dialog	1		14	7	FLD_A5+00D6A9	なってるはずだ
ui	1		6	5	MENUEN+0028A8	ななななな
dialog	1		9	4	TWN_CARA+01722E	なに…？
dialog	1		21	10	TWN_ZOAH+03379B	なに、心配せんでいい
dialog	1		29	14	BTL_B6+05B2A4	なにか手があるはずだ…来たぞ
dialog	1		39	19	TWN_CARA+00A3FB	なのに、俺はここでじっとしてるしかない
dialog	1		39	19	TWN_SEEK+009C26	なのにあんたは街を守ってくれなかった！
dialog	1		37	18	TWN_CARA+00A1E7	なら、「重力の道」には用心することだ
dialog	1		17	8	TWN_SEEK+018850	なら、いいけど…
dialog	1		29	14	TWN_ZOAH+018949	なら、どうすりゃいいんだよ？
dialog	1		37	18	TWN_SEEK+00E85E	なら、自分で調べに行ったらどうだい？
dialog	1		35	17	TWN_ZOAH+01AD99	ならば、それなりの対応を考えねばな
dialog	1		37	18	TWN_ZOAH+038E6C	ならば、それも神の思し召しでしょうな
dialog	1		17	8	FLD_B6+009DF6	なりそこないだ…
dialog	1		37	18	FLD_B6+00AFF9	なるべくお伺いを立てるようにするよ…
dialog	1		29	14	FLD_C8+013CFB	なるほど、こういうしかけか…
dialog	1		35	17	FLD_A3+00925E	なるほど、こうやって行きたい方向を
dialog	1		25	12	TWN_ZOAH+023483	なんか、うさんくせえなあ
dialog	1		33	16	TWN_CARA+00CD7B	なんか、みんな元気ないんだよなあ
dialog	1		39	19	TWN_ZOAH+01375C	なんか、働くのがバカらしくなってきたぜ
dialog	1		31	15	TWN_ZOAH+02F929	なんかあてがあるのか、おまえ？
dialog	1		23	11	TWN_CARA+0172FB	なんかの足しになるだろ
dialog	1		21	10	TWN_ZOAH+02FA79	なんか妙な奴だったな
dialog	1		39	19	TWN_ZOAH+03E70B	なんか無茶なこと頼まれたんじゃないか？
dialog	1		13	6	TWN_CARA+0171D9	なんか用か？
dialog	1		33	16	TWN_CARA+0069BC	なんせ、帝国に関わった男だからな
dialog	1		33	16	TWN_ZOAH+023380	なんたって、ドラゴンがいるからな
dialog	1		35	17	TWN_ZOAH+02391B	なんたって「護り火」の番人だからな
dialog	1		23	11	BTL_C8_2+04F270	なんだ、あの爆発は！？
dialog	1		37	18	TWN_ZOAH+03B614	なんだ、うちのじいちゃんかと思ったよ
dialog	1		19	9	TWN_ZOAH+01C0B6	なんだ、おまえは！
dialog	1		23	11	TWN_CARA+00C791	なんだ、つまんねえの！
dialog	1		27	13	TWN_ZOAH+022862	なんだ、ぼうずも飲むのか？
dialog	1		25	12	TWN_ZOAH+022B04	なんだ、やっぱりガキだな
dialog	1		21	10	TWN_ZOAH+0184D9	なんだ、ハンターかよ
dialog	1		23	11	TWN_CARA+00616D	なんだ、不信心な奴だな
dialog	1		21	10	TWN_ZOAH+02FB25	なんだ、不満そうだな
dialog	1		27	13	TWN_ZOAH+0135E7	なんだ、知らなかったのか？
dialog	1		31	15	TWN_ZOAH+023AB5	なんだ、知らねえのか、ぼうず？
dialog	1		23	11	TWN_SEEK+00E90A	なんだい、あの態度は！
dialog	1		19	9	TWN_ZOAH+038D0C	なんだい、あんた？
dialog	1		35	17	TWN_ZOAH+03E149	なんだか…得体が知れない感じだった
dialog	1		27	13	TWN_CAMP+00F25D	なんだか、感じが変わったね
dialog	1		27	13	BTL_A5_2+05AB1F	なんだかいやな予感がする…
dialog	1		13	6	TWN_ZOAH+01AE99	なんだって！
dialog	1		23	11	TWN_ZOAH+01C11B	なんだと？ 一体誰が…
dialog	1		35	17	TWN_ZOAH+02F476	なんだよ、じいちゃんは関係ないだろ
dialog	1		23	11	TWN_SEEK+00E7D2	なんだよ、その言い方？
dialog	1		17	8	TWN_ZOAH+013595	なんだよ、それ…
dialog	1		27	13	BTL_A5_2+05AA80	なんだ？ この青い奴は！？
dialog	1		31	15	BTL_A5_2+05AC8B	なんて奴だ！ 変形しやがった！
dialog	1		17	8	BTL_B2+04FE29	なんて生命力だ！
dialog	1		29	14	TWN_ZOAH+013516	なんで、おまえみたいな奴に…
dialog	1		37	18	TWN_SEEK+00EA4B	なんで、こんな世界を作ったんだろうね
dialog	1		35	17	TWN_ZOAH+018A6F	なんで、わざわざ外に出たがるんだ？
dialog	1		37	18	TWN_ZOAH+01E32F	なんでも、開放区の方に行ってるとか…
dialog	1		29	14	BTL_D2_2+05025A	なんとかこいつを止めないと…
dialog	1		25	12	FLD_A3+0092A2	なんとか飛んでくれそうだ
dialog	1		37	18	TWN_ZOAH+032E51	なんと言われても、取り引きはできんよ
dialog	1		4	2	TWN_ZOAH+013A60	な？
dialog	1		4	2	TWN_SEEK+0154F5	に…
dialog	1		27	13	TWN_CARA+00CA27	にいちゃん、知らないかい？
dialog	1		37	18	TWN_CARA+00CD3C	にいちゃんが薬をくれたって、ほんと？
dialog	1		12	6	TWN_CARA+0174E6	に会ったら…
dialog	1		94	45	FLD_A7+007165	に分けられる。\nレベルアップ時の能力の上がり方や\nバーサークの覚え方は\nタイプによって変化する。
dialog	1		12	6	TWN_SEEK+015EF2	に持っている
dialog	1		17	8	FLD_B6+00A67A	に関する報告…』
ui	1		2	1	FLAGEDIT+001381	ぬ
dialog	1		27	13	TWN_CARA+00CC1B	ねえ、ドラゴンって何なの？
dialog	1		11	5	FLD_C8+01483A	の1号機よ
dialog	1		11	5	FLD_C8+0148C8	の2号機よ
dialog	1		11	5	FLD_C8+014935	の3号機よ
dialog	1		11	5	FLD_C8+014983	の4号機よ
dialog	1		9	4	FLD_C8+0149C9	の5号機
dialog	1		11	5	FLD_C8+014A0F	の6号機よ
dialog	1		68	32	FLD_A7+007426	の\nバーサークは、\n各タイプに1種ずつ存在する\n専用バーサークである。
dialog	1		7	3	FLD_B6+00A5B8	の…』
dialog	1		7	3	FLD_B5+0090EC	の、…
dialog	1		17	8	FLD_C8+014952	のどこかにあるわ
dialog	1		4	2	TWN_SEEK+015445	のは
dialog	1		20	10	TWN_CARA+0097CF	の子の薬が作れるぞ！
dialog	1		19	9	FLD_A7+006D6C	の守護を最優先せよ
dialog	1		27	13	FLD_A7+006BF7	の封印が強制解除されました
dialog	1		8	4	TWN_SEEK+015F51	の目」…
dialog	1		10	5	TWN_CAMP+00D69D	の通り道さ
dialog	1		13	6	FLD_B6+00A49F	の開発を…』
dialog	1		41	19	BTL_T0+0539D2	は\n1ゲージを消費することで\n発射できる。
dialog	1		72	34	BTL_T0+053A17	は\n1ゲージを消費することで\n発射できる。\nこの銃は、敵を狙い撃ちできる。
dialog	1		60	28	BTL_T0+053B05	は\nその種類によって\n必要なゲージ数が\n1〜3ゲージと異なる。
dialog	1		4	2	TWN_ZOAH+032CD7	は…
dialog	1		21	10	TWN_ZOAH+0345B3	はい、これあげるね！
dialog	1		6	3	TWN_ZOAH+03733B	はね…
dialog	1		20	10	TWN_ZOAH+02FF5B	は一生懸命なんだな)
dialog	1		23	11	TWN_CAMP+00D94B	ひでえ国だぜ、あそこは
dialog	1		19	9	TWN_ZOAH+02AAFF	ひとつ試してやろう
dialog	1		17	8	TWN_ZOAH+0194BE	ひとの勝手だろ…
dialog	1		33	16	TWN_CARA+009E5F	ひとりで遣跡から戻って来るとは…
dialog	1		39	19	TWN_ZOAH+028DCA	ひまならジューバの話でも聞いてあげてよ
ui	1		31	15	FLAGEDIT+001319	ひみちゅのフラグbyMたかはC
dialog	1		25	12	BTL_C5+05237E	ひるむな！ まだいける！
dialog	1		33	16	BTL_A7_2+050ED4	ひるむな！ 各銃座、撃ちまくれ！
dialog	1		23	11	BTL_B6_2+053C29	ふう、何とか倒せたか…
dialog	1		19	9	TWN_ZOAH+02F9C9	ふうん…ま、いいや
dialog	1		35	17	TWN_ZOAH+01C132	ふん、まあいい…おおよそ察しはつく
dialog	1		39	19	TWN_ZOAH+03E695	ふーん…なら、ジューバの店に行ってみな
dialog	1		5	2	BTL_B6+05B0B0	ふ化
dialog	1		4	2	TWN_ZOAH+022DF7	へ…
dialog	1		35	17	TWN_SEEK+0166EF	へえ…あんたがドラゴンの乗り手か！
dialog	1		31	15	TWN_ZOAH+039E28	へえ…いい銃持ってるじゃねえか
dialog	1		35	17	TWN_SEEK+00EACA	へえ…普通の人間と変わんないんだね
dialog	1		35	17	TWN_ZOAH+01E07A	へえ、司祭様と張り合おうってのかね
dialog	1		39	19	TWN_CAMP+00DDE8	へたすりゃ、国ひとつ滅ぼしかねないのさ
dialog	1		31	15	TWN_ZOAH+018527	へっ！ でけえ□叩くじゃねえか
dialog	1		21	10	TWN_SEEK+00E789	へっ！ バカ言うなよ
dialog	1		21	10	TWN_SEEK+0125CA	への道を開いてもらう
dialog	1		31	15	TWN_CAMP+00C8DA	へへ…これで、貸し借りなしだな
dialog	1		4	2	TWN_CARA+00CC82	ほう
dialog	1		33	16	TWN_ZOAH+03398B	ほう…まあ、無理にとは言わんがね
dialog	1		33	16	TWN_ZOAH+03361C	ほう…神聖区民の頼みを断るとはね
dialog	1		35	17	TWN_ZOAH+02AADC	ほう、どのくらい仕込まれとるのかな
dialog	1		21	10	BTL_C5_2+04F8D9	ほう、なかなかやるな
dialog	1		17	8	TWN_ZOAH+00D88F	ほう、わかるか？
dialog	1		35	17	BTL_C5_2+04F8EE	ほうびに帝国旗艦の力を見せてやろう
dialog	1		35	17	TWN_SEEK+015DF9	ほとんどの者は、すでに里を脱出した
dialog	1		4	2	TWN_ZOAH+02EF97	ほゆ<09>
dialog	1		15	7	TWN_ZOAH+039CDE	ほら、こいつさ
dialog	1		31	15	TWN_ZOAH+02FB6A	ほら、そこ、しっかり押さえろよ
dialog	1		15	7	TWN_ZOAH+0232CA	ほれ、見てみな
dialog	1		25	12	TWN_ZOAH+02394B	ぼうず、悪い事は言わねえ
dialog	1		37	18	TWN_CARA+0168DD	ぼうずの薬を調達してくれたんだってな
dialog	1		11	5	TWN_ZOAH+030106	ま、いいよ
dialog	1		31	15	TWN_SEEK+00C243	ま、おまえなら大丈夫だろうけど
dialog	1		29	14	TWN_ZOAH+03EACE	ま、そんなに気にする事ないさ
dialog	1		15	7	TWN_CARA+017BF0	ま、なんとかね
dialog	1		29	14	TWN_ZOAH+01AC63	ま、まあ、ちょっと待ちたまえ
dialog	1		29	14	TWN_ZOAH+03E3C8	ま、ハンターらしい最期かもな
dialog	1		33	16	TWN_CAMP+00E1AE	ま、世間様の評判なんて関係ないさ
dialog	1		25	12	TWN_SEEK+00EA10	ま、今回は敵が敵だからね
dialog	1		31	15	TWN_ZOAH+02B2B3	ま、若いうちはそれでもよかろう
dialog	1		21	10	TWN_ZOAH+01E361	まあ、そうなんですか
dialog	1		21	10	TWN_ZOAH+033A42	まあ、そう言わずに…
dialog	1		33	16	TWN_ZOAH+01AED4	まあ、今すぐ返事をくれとは言わん
dialog	1		13	6	TWN_CAMP+00CDC5	まあ、待てよ
dialog	1		25	12	TWN_SEEK+012418	まあ、無理もないだろうな
dialog	1		19	9	TWN_ZOAH+03E1D6	まあ、無理もないな
dialog	1		33	16	TWN_ZOAH+0333A0	まあいい…私はキトールという者だ
dialog	1		35	17	TWN_CARA+00C7A8	まあいいや…おれ、エンカクってんだ
dialog	1		7	3	TWN_ZOAH+030534	まあな
dialog	1		23	11	TWN_ZOAH+01B00C	まあよかろう、ただし…
dialog	1		37	18	TWN_CAMP+00C770	まいったなあ…パエットに何て言おう…
dialog	1		31	15	TWN_ZOAH+03E599	まさか、ドラゴンが出るとはねえ
dialog	1		35	17	TWN_ZOAH+01C446	まさか、司祭自ら掟を曲げるとはな…
dialog	1		29	14	TWN_SEEK+0172F5	まさか、彼女が姿を消すとは…
dialog	1		25	12	TWN_ZOAH+02929F	まさか本当じゃないわよね
dialog	1		39	19	TWN_SEEK+00BB25	まさか本物に出くわす時が来るとはなあ…
dialog	1		9	4	TWN_ZOAH+02F63F	まさか！
dialog	1		27	13	TWN_ZOAH+0375D9	まず、通路を抜けてください
dialog	1		21	10	BTL_B6_2+053CFE	まずい、仲間を呼んだ
dialog	1		25	12	BTL_A3_2+054F29	まずいぞ…怒らせたか！？
dialog	1		11	5	FLD_A5+00D54D	まずいな、
dialog	1		23	11	BTL_B6_2+053BF3	まずいな、早く回復しろ
dialog	1		11	5	FLD_C8+0133E7	まずいな！
dialog	1		31	15	TWN_SEEK+012297	まずは、これを受け取ってほしい
dialog	1		39	19	TWN_SEEK+015266	まずは、森の下にある根を弱らせることだ
dialog	1		33	16	TWN_CAMP+00D531	まずは、水を抜かなきゃならんがな
dialog	1		33	16	TWN_CAMP+00EF03	また、新しいしもべを造っている…
dialog	1		35	17	TWN_ZOAH+01869A	また、連中に吸い上げられちまうのさ
dialog	1		31	15	TWN_CARA+009D9E	まだ、アンユウは帰ってないが…
dialog	1		17	8	BTL_B2+04FE18	まだ、倒せない！
dialog	1		35	17	TWN_CAMP+00F7A2	まだ、儀が帝国に雇われてたころにね
dialog	1		25	12	TWN_ZOAH+0291AF	まだ、店は開けてないわよ
dialog	1		37	18	BTL_C2+057AF1	まだ装甲が不完全なブロックがあります
dialog	1		27	13	TWN_SEEK+0168BF	まだ詳しく調べてないのによ
dialog	1		17	8	BTL_B6_2+053B74	まだ追ってくる！
dialog	1		25	12	TWN_ZOAH+0339D6	まったく…何様のつもりだ
dialog	1		27	13	TWN_ZOAH+033AF8	まったく、最近のよそ者は…
dialog	1		31	15	BTL_B2+04FF35	まったくだ…こいつの力が帝国に
dialog	1		39	19	TWN_CARA+00A332	まっとうな人間の仕事じゃないってわけさ
dialog	1		7	3	FLD_B5+009381	まで)
dialog	1		19	9	FLD_B5+0096A2	まで行ってみよう)
dialog	1		39	19	TWN_CARA+016C60	まともに暮らせる土地に行きたいもんだぜ
dialog	1		39	19	TWN_CARA+00676E	まともに暮らせる土地を見つけるまではな
dialog	1		6	3	TWN_ZOAH+023545	まりよ
dialog	1		17	8	TWN_ZOAH+02ABDB	まわりを1周する
dialog	1		37	18	TWN_SEEK+0072E3	みんな、ここに魂を預けて旅してるのさ
dialog	1		33	16	TWN_CAMP+00E76C	みんな、そんなに力が欲しいのか…
dialog	1		31	15	TWN_ZOAH+02F742	みんな、どうして逃げないのかな
dialog	1		33	16	TWN_ZOAH+03451B	みんな、よそ者がきらいなんだって
dialog	1		35	17	TWN_SEEK+00BD91	みんな、居場所を尋われた人達なんだ
dialog	1		35	17	TWN_ZOAH+00D90F	みんな、攻性生物に殺されてしまった
dialog	1		37	18	TWN_ZOAH+034680	みんな、早く森から帰ってこないかなあ
dialog	1		10	5	TWN_ZOAH+013C5A	むだからな
dialog	1		18	9	FLD_C8+013BEB	めの層に当たるわ…
dialog	1		4	2	TWN_CAMP+00EEAE	める
dialog	1		15	7	FLD_B2+00E0FC	もあるかも…)
dialog	1		37	18	TWN_ZOAH+01AB63	もう、この街には必要ないものだからな
dialog	1		31	15	TWN_ZOAH+023361	もう、この街にゃ来ねえだろうよ
dialog	1		29	14	TWN_CARA+00958C	もう、ろくな物は残ってないよ
dialog	1		23	11	TWN_ZOAH+033AE1	もういい、君には頼まん
dialog	1		23	11	TWN_ZOAH+019248	もういいよ、どうでも…
dialog	1		27	13	TWN_ZOAH+039F9A	もういいよ、他をあたるから
dialog	1		11	5	FLD_A5+00F8D5	もうやめる
dialog	1		33	16	FLD_C8+0137D1	もう一度ゲートにアクセスしてみて
dialog	1		27	13	TWN_SEEK+006759	もう何も言わん、行ってこい
dialog	1		19	9	FLD_C8+01307A	もう使えないのか？
dialog	1		39	19	TWN_ZOAH+038E13	もう少し、余分に売っていただけませんか
dialog	1		29	14	TWN_ZOAH+039EE5	もう少し、安くならないかな？
dialog	1		21	10	FLD_B6+00AF56	もう降りちゃったよ！
dialog	1		33	16	BTL_B2+04FEE6	もしかすると、おまえのドラゴンに
dialog	1		37	18	TWN_ZOAH+01B04A	もちろん、働きに応じて相応の礼はする
dialog	1		17	8	FLD_A5+00F8C4	もちろん挑戦する
dialog	1		29	14	TWN_ZOAH+02F242	もっとすげえもんがあるはずだ
dialog	1		33	16	BTL_A5_2+05AAC5	もっとまともな奴がいるはずだが…
dialog	1		35	17	TWN_SEEK+009A72	もっとも、ゾアの街はもうないけどね
dialog	1		33	16	TWN_ZOAH+014E4D	もっとも、今は誰もいねえと思うぜ
dialog	1		25	12	TWN_ZOAH+01AF68	もっとよく考えて来たまえ
dialog	1		13	6	TWN_ZOAH+039F49	もっと値切る
dialog	1		25	12	TWN_ZOAH+02FFF9	もともと、ここの地下から
dialog	1		35	17	TWN_ZOAH+02F88E	もともと、そのために作ったものだし
dialog	1		33	16	TWN_CAMP+00E09B	もともと、俺たちゃ嫌われ者なんだ
dialog	1		39	19	TWN_CAMP+00DC0B	もともと旧世紀の連中が作った物なんだぜ
dialog	1		23	11	TWN_SEEK+015D30	もはや、帝国は無力だ…
dialog	1		19	9	BTL_C5+0522C8	もはやこれまでか…
dialog	1		28	13	FLD_B6+00B400	や<!E6>ュぬ<!D3>わ。<0B>フ。ー<03><!90>ト<!D3>れ。<0B><02><!E6>ー<03><!E3><01><!90>ソ<!E4>
dialog	1		19	9	BTL_A5_2+05AC5B	やったな、エッジ！
dialog	1		9	4	BTL_D2_2+0502E3	やった！
dialog	1		35	17	FLD_A5+00D6C6	やった！砂が吹き飛ばされていく！！
dialog	1		25	12	TWN_SEEK+012225	やっと会うことができたな
dialog	1		37	18	TWN_CARA+016956	やっと目的地に着いたら、これだもんな
dialog	1		13	6	TWN_ZOAH+028FD2	やっぱり…！
dialog	1		29	14	FLD_C8+014753	やっぱり、ここも独立してる…
dialog	1		35	17	TWN_ZOAH+037552	やっぱり、止めた方がよかったかなあ
slot	1	50	27	13	TWN_ZOAH+01AD5E	やっぱりだめだよ…悪いけど
dialog	1		13	6	BTL_A5_2+05AB3A	やっぱりだ！
dialog	1		21	10	BTL_D2_2+050245	やっぱり暴走している
dialog	1		31	15	TWN_ZOAH+02AF8A	やはり、あれが直らんことには…
dialog	1		29	14	BTL_B2+04FE41	やばいぜ、目覚めやがった！！
dialog	1		21	10	BTL_C2+057A22	やむをえん、応戦する
dialog	1		39	19	BTL_C2+057ACA	やむをえん、試作段階だがヴリトラをだす
dialog	1		33	16	BTL_A7_2+050FAA	やむを得ん、各冥第一種戦闘配備！
dialog	1		13	6	BTL_X0+05E40C	やれるのか？
dialog	1		39	19	TWN_ZOAH+033226	ゆくゆくは大陸一の商業都市になるだろう
dialog	1		19	9	TWN_ZOAH+028DAA	ゆっくりしてってね
dialog	1		21	10	TWN_SEEK+007199	ゆっくり休んでお行き
dialog	1		19	9	TWN_ZOAH+01AEF5	ゆっくり考えてくれ
dialog	1		21	10	TWN_ZOAH+0132D6	よう、どうかしたか？
dialog	1		19	9	TWN_CARA+01733C	よう、なんか用か？
dialog	1		15	7	BTL_C2_2+057180	ようし、発射！
dialog	1		20	10	TWN_ZOAH+02B4AD	ような奴がいればな…
dialog	1		20	10	FLD_A5+00D4F0	ような形をした遣物が
dialog	1		23	11	TWN_CAMP+00CD6E	よう！ ひさしぶりだな
dialog	1		17	8	TWN_CAMP+00E5B2	よかっただって？
dialog	1		35	17	TWN_SEEK+007438	よかったら、あんたも見送っておくれ
dialog	1		29	14	TWN_SEEK+0167C8	よかったら、今度乗せてくれよ
dialog	1		27	13	TWN_CAMP+00F677	よくしてくれた人もいたのに
dialog	1		33	16	TWN_ZOAH+02F68A	よくて追放、へたすりゃ命がないぜ
dialog	1		31	15	TWN_ZOAH+02B22E	よくわからないけど…ないと思う
dialog	1		31	15	TWN_ZOAH+02AF37	よく今まで生きのびられたもんだ
dialog	1		21	10	BTL_A7_2+050EB2	よし、上昇！ 上昇！
dialog	1		19	9	BTL_C2_2+0571D2	よし、離脱するぞ！
dialog	1		21	10	BTL_A7_2+050E77	よし、高度を下げろ！
dialog	1		33	16	BTL_C2+057C69	よしっ、敵を主砲の射界にとらえろ
dialog	1		25	12	TWN_ZOAH+0229B5	よそじゃ飲めねえ代物だぜ
dialog	1		29	14	TWN_ZOAH+0334AC	よそで売れば、いい金になるぞ
dialog	1		29	14	TWN_CARA+00693C	よそとの付き合いもあるんでな
dialog	1		39	19	TWN_ZOAH+013C09	よそに比べりゃ、楽園みたいな所だからな
dialog	1		35	17	TWN_SEEK+0169A7	よその里の仲間も来てくれるはずだよ
dialog	1		33	16	TWN_ZOAH+0345EC	よそ者が来たら、かくれなさいって
dialog	1		31	15	TWN_ZOAH+03457B	よそ者って、食べ物ないんでしょ
dialog	1		31	15	TWN_ZOAH+01E5EE	よそ者とのいざこざはごめんだよ
dialog	1		33	16	TWN_ZOAH+01E5C0	よそ者にうろうろされると困るねえ
dialog	1		25	12	TWN_ZOAH+00EAFC	よそ者には縁のない部屋だ
dialog	1		39	19	TWN_ZOAH+01C58D	よそ者に流せば、奴らは限りなく増長する
dialog	1		33	16	TWN_ZOAH+01C4B8	よそ者に聞かせるような話ではない
dialog	1		27	13	TWN_ZOAH+00F09D	よそ者をあまり信用すると…
dialog	1		31	15	TWN_ZOAH+019605	よっぽど命が惜しくねえらしいな
dialog	1		31	15	BTL_B2+04FEC7	よみがえるって聞いたことがある
dialog	1		31	15	TWN_ZOAH+03395F	よろしい…では、受け取りたまえ
dialog	1		35	17	TWN_CARA+00C7CC	よろしくな、ハンターのにいちゃん！
dialog	1		25	12	TWN_ZOAH+01B06F	よろしく頼むよ、エッジ君
dialog	1		4	2	TWN_CAMP+00C99D	よ？
dialog	1		4	2	TWN_SEEK+0125FE	らう
dialog	1		4	2	TWN_ZOAH+014E6E	らよ
dialog	1		10	5	TWN_ZOAH+030869	られないぜ
dialog	1		6	3	TWN_CARA+006555	りたい
dialog	1		7	3	BTL_A3+0531FD	りん粉
dialog	1		4	2	TWN_CAMP+00D36C	る…
dialog	1		6	3	TWN_CARA+00A462	るから
dialog	1		8	4	TWN_ZOAH+03B719	るからさ
dialog	1		4	2	TWN_CARA+00A281	るぞ
dialog	1		6	3	TWN_CAMP+00D52B	るのさ
dialog	1		8	4	TWN_ZOAH+029121	れたの？
dialog	1		4	2	TWN_ZOAH+038E02	れよ
dialog	1		8	4	TWN_ZOAH+01AC4D	れるのだ
dialog	1		4	2	TWN_ZOAH+01C28A	れん
dialog	1		12	6	TWN_ZOAH+0301D6	れんでくれよ
dialog	1		19	9	TWN_ZOAH+03347A	ろくに商売もできん
dialog	1		39	19	TWN_ZOAH+01AFB3	わかった…でも、養ってもらう必要はない
dialog	1		23	11	TWN_CARA+017475	わかった…どんな用だ？
dialog	1		13	6	TWN_ZOAH+00F0C5	わかっておる
dialog	1		27	13	TWN_ZOAH+01AAB7	わかっておる、例のものだな
dialog	1		37	18	TWN_CARA+0173E9	わかってると思うが、他言無用だからな
dialog	1		17	8	FLD_A3+009306	わかってるのか！
dialog	1		33	16	BTL_B2+04FE85	わからん…だが、ドラゴンって奴は
dialog	1		9	4	TWN_ZOAH+0190D5	わかるさ
dialog	1		31	15	TWN_ZOAH+01E3A4	わざわざ外に行きたがるなんてさ
dialog	1		72	34	BTL_T0+054610	を\n消費する。\nそのため、BPが足りないと\nそのバーサークは使用できない。
dialog	1		24	11	BTL_T0+0547B9	を\n行ってくる敵もいる。
dialog	1		94	45	FLD_A7+006F49	を上げると、\nバーサークの威力が上がる。\nまた、より少ないBPで\nバーサークを使えるようになる。
dialog	1		69	33	FLD_A7+006EFA	を上げると、\nレーザーの威力が上がる。\nただし、銃の威力は変わらない。
dialog	1		80	38	FLD_A7+006FEC	を上げると、\n位置取りの速度が上がるので\n位置取りによる時間のロスが\n少なくなる。
dialog	1		49	23	FLD_A7+006FB1	を上げると、\n敵から受けるダメージが\n小さくなる。
dialog	1		107	51	BTL_T0+053A73	を使う時も\n1ゲージを消費する。\nアイテムを使う時は\nウインドウを開き、方向ボタンで\n使うアイテムを選択する。
dialog	1		12	6	TWN_ZOAH+01C328	を守ってきた
dialog	1		8	4	TWN_ZOAH+02B39B	を守る…
dialog	1		13	6	FLD_A7+006CA0	を封印します
dialog	1		20	10	TWN_SEEK+00BDD9	を尋われた人達なんだ
dialog	1		19	9	FLD_C2+00ACC0	を破壊しないと！)
dialog	1		2	1	TWN_CARA+005F5B	ん
dialog	1		4	2	TWN_CAMP+00DEB7	んさ
dialog	1		4	2	TWN_CAMP+00E0BC	んぜ
dialog	1		12	6	TWN_ZOAH+0134E5	んだ、ほらよ
dialog	1		8	4	TWN_ZOAH+03B22D	んだね…
dialog	1		16	8	FLD_C8+01380F	アクセスしてみて
dialog	1		11	5	BTL_A5+057C68	アシュティ
dialog	1		9	4	FLD_C8+013F2D	アゼル…
dialog	1		21	10	FLD_C8+013157	アゼル…約束してくれ
dialog	1		21	10	FLD_C8+0140DF	アゼル、たぶん君は…
dialog	1		23	11	BTL_B6_2+053C47	アゼル、どうしたんだ？
dialog	1		19	9	BTL_X0+05E385	アゼル、儀はただ…
dialog	1		37	18	TWN_SEEK+0066D6	アゼルが戻っても、この有様じゃあな…
dialog	1		33	16	TWN_SEEK+01258E	アゼルに何をさせるつもりなんだ？
dialog	1		17	8	TWN_SEEK+01257D	アゼルのことか？
dialog	1		39	19	TWN_SEEK+015511	アゼルのように、造られた人間のことか？
dialog	1		25	12	TWN_CAMP+00CDD2	アゼルを収容する方が先だ
dialog	1		39	19	BTL_X0+05E1F6	アトルム…まだ完全に目覚めていないのか
dialog	1		21	10	BTL_B6_2+053C5E	アトルムが呼んでる…
dialog	1		37	18	TWN_EXCA+001639	アトルムに乗って、いろんな所を見たわ
ui	1		19	9	MENUEN+005920	アトルムドラゴン1
ui	1		19	9	MENUEN+005CA0	アトルムドラゴン2
ui	1		19	9	MENUEN+00667C	アトルムドラゴン3
ui	1		19	9	MENUEN+0067CC	アトルムドラゴン4
dialog	1		27	13	FLD_B6+00A1F3	アトルム？ 君が乗っている
dialog	1		37	18	TWN_ZOAH+018B30	アブネルの野郎に、金貸したんだって？
dialog	1		9	4	BTL_C4+054045	アルスロ
dialog	1		29	14	TWN_ZOAH+02AFB6	アルドーの奴は置いて行くか…
dialog	1		25	12	BTL_D5+05AB9A	アンチストライプウィング
dialog	1		25	12	BTL_D5+05AB5F	アンチバリアントウィング
dialog	1		25	12	BTL_D5+05ABCC	アンチパンツァーウィング
dialog	1		21	10	BTL_D5+05AB38	アンチベースウィング
ui	1		15	7	MENUEN+0079E6	アンチレーザー
dialog	1		33	16	TWN_CARA+016935	アンユウの旦那、がっくりきてたろ
dialog	1		27	13	TWN_CARA+016CBC	アンユウの旦那、大丈夫かな
dialog	1		37	18	TWN_CARA+009EB0	アンユウは、トビタマを探しに行ったよ
dialog	1		29	14	TWN_CARA+00A445	アンユウ達も帰ってこれるんだ
dialog	1		21	10	FLD_B5+00B0D7	ウル 南部水没遣跡群
dialog	1		19	9	FLD_B5+00B0EE	ウル 遣跡通路内部
dialog	1		35	17	TWN_ZOAH+023AD4	ウルには、でっけえ街があったんだぜ
dialog	1		27	13	TWN_ZOAH+023A4A	ウルの事なら、何でも聞きな
dialog	1		37	18	TWN_SEEK+01556C	ウルの地下深くに、その生成施設がある
dialog	1		31	15	TWN_ZOAH+018868	ウルの方に飛んでったってんだろ
dialog	1		29	14	TWN_ZOAH+022996	ウルの水職人に伝わる発光酒だ
dialog	1		39	19	TWN_ZOAH+03DE87	ウルの近くに、ドラゴンが出たって話だぜ
dialog	1		33	16	TWN_SEEK+0154B7	ウルは、世界の泉であると同時に…
ui	1		11	5	FLAGEDIT+0008B0	ウルクリア
ui	1		23	11	FLAGEDIT+000D97	ウルボス戦(AD＃2)
ui	1		27	13	FLAGEDIT+000D7C	ウル中ボス戦(ヌリシンハ)
ui	1		17	8	FLAGEDIT+00092B	ウル地下2クリア
ui	1		27	13	FLAGEDIT+000FF0	ウル地下ザコ戦(攻性生物)
ui	1		19	9	FLAGEDIT+0008BB	ウル地下遣跡クリア
ui	1		37	18	FLAGEDIT+000DD1	ウル地下遣跡ボス戦(ダイオウビレイ)
ui	1		35	17	FLAGEDIT+000DAE	ウル地下遣跡中ボス戦(ミヤビレイ)
ui	1		19	9	FLAGEDIT+000BAA	ウル地下遣跡進入可
ui	1		15	7	FLAGEDIT+000D4F	ウル連続戦闘1
ui	1		15	7	FLAGEDIT+000D5E	ウル連続戦闘2
ui	1		15	7	FLAGEDIT+000D6D	ウル連続戦闘3
ui	1		11	5	FLAGEDIT+000B9F	ウル進入可
dialog	1		35	17	BTL_A5_2+05AB47	エッジ、バリアを張った方がいいぞ！
dialog	1		17	8	FLD_A5+00D396	エッジ、見てみろ
dialog	1		31	15	BTL_T0+0537B5	エッジ、赤いやつが群れのボスだ
dialog	1		29	14	BTL_A5+057C24	エッジ、赤い奴が群れのボスだ
dialog	1		20	8	BTL_T0+053A5F	エッジが<03>\nアイテム<03>
dialog	1		307	148	TWN_CARA+030F70	エッジに作旧地を聞軍させたバイマンは\nその戦によって不信少勉の強につく。\nバイマンは、忙話になれば「跡息」を\n使せることができるとエッジに新る。\n仕計、パエットは、寄子命忙の吊から\n恩った小礼をエッジに中す。\nそれには、「受一、番高価のある様紀で\n気つ」とだけ食されていた。\n \n(炉持運・式水イベントで落燦時内)\n
dialog	1		307	148	TWN_CAMP+029B5C	エッジに地下収を色々させたバイマンは\nその水によって脈道近多の具につく。\nバイマンは、武器になれば「半作」を\n旧せることができるとエッジに待る。\n扱調、パエットは、死周習武の目から\n進った教開をエッジに連す。\nそれには、「危険、空洞入のある□発で\n荷つ」とだけ終されていた。\n \n(大丈夫・理考イベントで隊戦知抜)\n
dialog	1		307	148	TWN_ZOAH+062434	エッジに水地残を壁布させたバイマンは\nその袋によって会隙間家の錠につく。\nバイマンは、理回になれば「立上」を\n区せることができるとエッジに本る。\n向計、パエットは、栽裏昔理の育から\n透った実明をエッジに窓す。\nそれには、「羽面、落石碑のある住加で\n床つ」とだけ人されていた。\n \n(辺境貴・重品イベントで跡械古井)\n
dialog	1		307	148	TWN_SEEK+02DC40	エッジに治療貨を研一させたバイマンは\nその買によって思船傷戦の犠につく。\nバイマンは、牲者になれば「役包」を\n外せることができるとエッジに雑る。\n□守、パエットは、像風死牲の古から\n起った匂眠をエッジに閉す。\nそれには、「続目、合丈夫のある消記で\n後つ」とだけ耗されていた。\n \n(旧世紀・械置イベントで袋身使道)\n
dialog	1		28	12	BTL_T0+0539FB	エッジの通常攻撃である<03>\n銃<03>
dialog	1		189	90	TWN_ZOAH+061E07	エッジは、キャラバンとの出夜との\n待朝から「ゾア」と外ばれる通の\n門行を扉る。\n閉きな通ならば、クレイメン隣街に\n画する実がかりがつかめるかも\nしれない。\n \n(辺境貴・重品セリフ木み干み古井)\n
dialog	1		189	90	TWN_CARA+030943	エッジは、キャラバンとの荷車との\n止引から「ゾア」と置ばれる旅の\n実木を箱る。\n丈きな旅ならば、クレイメン夫火に\n外する小がかりがつかめるかも\nしれない。\n \n(炉持運・式水セリフ袋み遠み時内)\n
dialog	1		189	90	TWN_SEEK+02D613	エッジは、キャラバンとの薬品との\n天井から「ゾア」と管ばれる通の\n換気を寝る。\n床きな通ならば、クレイメン敷里に\n布する匂がかりがつかめるかも\nしれない。\n \n(旧世紀・械置セリフ言み処み使道)\n
dialog	1		189	90	TWN_CAMP+02952F	エッジは、キャラバンとの間会との\n後砂から「ゾア」と漠ばれる向の\n別合を流る。\n越きな向ならば、クレイメン頼回に\n方する教がかりがつかめるかも\nしれない。\n \n(大丈夫・理考セリフ直み何み知抜)\n
dialog	1		37	18	FLD_C8+013B32	エッジ！ 上のエネルギーパイロンを！
dialog	1		33	16	TWN_ZOAH+01DFC2	エドナさん…あそこに、よそ者が…
dialog	1		15	7	BTL_D2_2+050336	エネルギー充填
dialog	1		15	7	BTL_D4+04F47C	エネルギー循環
dialog	1		22	10	FLD_C8+01478D	エレベーター・ゲート<03>
dialog	1		21	10	FLD_C8+014FC4	エレベーター：10階
slot	1	25	21	10	FLD_C8+015037	エレベーター：11階
dialog	1		21	10	FLD_C8+0150E8	エレベーター：12階
dialog	1		21	10	FLD_C8+0150C4	エレベーター：13階
dialog	1		25	12	FLD_C8+014D47	エレベーター：15階 西
dialog	1		25	12	FLD_C8+015122	エレベーター：15階東1
dialog	1		25	12	FLD_C8+01513D	エレベーター：15階東2
dialog	1		23	11	FLD_C8+015161	エレベーター：1階 西
dialog	1		25	12	FLD_C8+014DE4	エレベーター：2階 東側
dialog	1		25	12	FLD_C8+014E03	エレベーター：2階 西側
dialog	1		25	12	FLD_C8+014D9B	エレベーター：3階 東側
dialog	1		25	12	FLD_C8+014DBA	エレベーター：3階 西側
dialog	1		19	9	FLD_C8+014E5B	エレベーター：4階
dialog	1		19	9	FLD_C8+014E2D	エレベーター：5階
dialog	1		19	9	FLD_C8+014F23	エレベーター：6階
slot	1	25	23	11	FLD_C8+014F70	エレベーター：7階 南
dialog	1		23	11	FLD_C8+014FDD	エレベーター：7階 東
dialog	1		23	11	FLD_C8+015074	エレベーター：8階 北
dialog	1		33	16	FLD_C8+014E89	エレベーター：8階 回転通路北□
dialog	1		23	11	FLD_C8+014EE7	エレベーター：8階 東
dialog	1		23	11	FLD_C8+014EC6	エレベーター：8階 西
slot	1	25	25	12	FLD_C8+01501E	エレベーター：8階 西□
dialog	1		25	12	FLD_C8+01509C	エレベーター：9階 東□
slot	1	25	25	12	FLD_C8+014F3E	エレベーター：9階 西□
slot	1	23	23	11	FLD_B6+00B331	エレベーター：地下5階
dialog	1		27	13	TWN_CARA+009D4F	エンカクが病気になったんだ
dialog	1		29	14	TWN_ZOAH+02F871	エンジンの研究が終わったらな
ui	1		21	10	FLAGEDIT+0011FD	エンジンユニット入手
dialog	1		7	6	BTL_A7_2+050E0C	エーェ。ーャ
dialog	1		33	16	TWN_CAMP+00D50A	オアシスも、地下の通り道になるぜ
ui	1		19	9	FLAGEDIT+00099E	カイナスの村進入可
dialog	1		7	3	BTL_D4+04F48B	カドロ
dialog	1		27	13	BTL_C5+052397	カラ級誘導爆雷艦、沈没確認
dialog	1		17	8	BTL_B5_3+050D98	カンヘルドラゴン
dialog	1		29	14	1ST_READ+03D38D	カートリッジからロードします
dialog	1		27	13	1ST_READ+03D25D	カートリッジにセーブします
dialog	1		26	13	FLD_C8+013A9D	カ緒に行くことだってできる
dialog	1		37	18	TWN_ZOAH+022C0B	ガキのくせにやるじゃねえか、へへへ…
dialog	1		11	5	TWN_CAMP+00CD92	ガッシュ…
dialog	1		27	13	FLD_A5+00D412	ガッシュ、あれがオアシス？
dialog	1		29	14	TWN_SEEK+0123AE	ガッシュから、話は聞いたかね
dialog	1		31	15	TWN_SEEK+00E6BF	ガッシュが、あんたを待ってるよ
dialog	1		33	16	TWN_CARA+017E53	ガッシュが、そこで待ってるはずだ
dialog	1		31	15	TWN_SEEK+00E97B	ガッシュなら、監視台に行ったよ
dialog	1		37	18	FLD_C8+0131A8	ガッシュの、シーカーの所へ戻ってくれ
dialog	1		23	11	TWN_SEEK+01230E	ガッシュの師でもあった
dialog	1		39	19	TWN_SEEK+012696	ガッシュは、そこを攻めるつもりなのか…
dialog	1		17	8	TWN_CAMP+00EDF5	ガッシュ達だって
dialog	1		39	19	FLD_C8+013A5D	ガッシュ達と一緒に行くことだってできる
dialog	1		31	15	TWN_ZOAH+039B59	ガリル砂漠で世話になったってさ
dialog	1		37	18	TWN_CAMP+00D40C	ガリル砂漠なら、でかい地下遣跡もある
ui	1		17	8	FLAGEDIT+000866	ガリル砂漠クリア
ui	1		37	18	FLAGEDIT+000CAE	ガリル砂漠ボス戦(ハイシュ＆ハイガ)
ui	1		33	16	FLAGEDIT+000C8D	ガリル砂漠中ボス戦A(ズースー)
ui	1		17	8	FLAGEDIT+0009D0	ガリル砂漠進入可
dialog	1		23	11	BTL_B2+04FCEC	ガーディアン ドラゴン
dialog	1		29	14	FLD_C8+0147C9	ガーディアンの起動システムと
ui	1		21	10	MENUEN+005A50	ガーディアンドラゴン
dialog	1		4	2	TWN_ZOAH+02ACAF	キタ
dialog	1		11	5	TWN_ZOAH+01C506	キトール…
ui	1		29	14	FLAGEDIT+000ACE	キャラバン(ゾアの森)進入可
ui	1		29	14	FLAGEDIT+000A96	キャラバン(ゾアの街)進入可
ui	1		27	13	FLAGEDIT+000A49	キャラバン(平原A)進入可
ui	1		27	13	FLAGEDIT+000A7B	キャラバン(平原B)進入可
ui	1		27	13	FLAGEDIT+0009E1	キャラバン(砂漠A)進入可
ui	1		27	13	FLAGEDIT+000A15	キャラバン(砂漠B)進入可
dialog	1		39	19	TWN_ZOAH+03B374	キャラバンに入るのも、悪くないよなあ…
dialog	1		206	99	TWN_SEEK+02D6D0	キャラバンのリーダーに天ったエッジ。\nリーダーから、エッジが具っている治療の\n敷里(クレイメン敷里)は量本全部\n(ゲオルギウス)へと手かったのでは\nないかとの井を書く。\n \n(旧世紀・械置デモイベント写塔使道)\n
dialog	1		206	99	TWN_ZOAH+061EC4	キャラバンのリーダーに待ったエッジ。\nリーダーから、エッジが戸っている水地の\n隣街(クレイメン隣街)は下路中入\n(ゲオルギウス)へと番かったのでは\nないかとの朝を詰く。\n \n(辺境貴・重品デモイベント所発古井)\n
dialog	1		206	99	TWN_CAMP+0295EC	キャラバンのリーダーに後ったエッジ。\nリーダーから、エッジが穴っている地下の\n頼回(クレイメン頼回)は不思議声\n(ゲオルギウス)へと出かったのでは\nないかとの砂を部く。\n \n(大丈夫・理考デモイベント品取知抜)\n
dialog	1		206	99	TWN_CARA+030A00	キャラバンのリーダーに止ったエッジ。\nリーダーから、エッジが臓っている作旧の\n夫火(クレイメン夫火)は手大身道\n(ゲオルギウス)へと具かったのでは\nないかとの引を獲く。\n \n(炉持運・式水デモイベント殻堅時内)\n
dialog	1		194	93	TWN_ZOAH+0628A5	キャラバンを役れたエッジの買に、\nガッシュの教いのシーカーが奴れた。\n折の朝によると、ガッシュは\n「シーカーの関」と外ばれる加毛で\nエッジを床っているという。\n \n(辺境貴・重品セリフ木み干み古井)\n
dialog	1		194	93	TWN_CARA+0313E1	キャラバンを絶れたエッジの助に、\nガッシュの求いのシーカーが事れた。\n待の引によると、ガッシュは\n「シーカーの我」と置ばれる紀掘で\nエッジを気っているという。\n \n(炉持運・式水セリフ袋み遠み時内)\n
dialog	1		194	93	TWN_CAMP+029FCD	キャラバンを辺れたエッジの陸に、\nガッシュの容いのシーカーが達れた。\n跡の砂によると、ガッシュは\n「シーカーの境」と漠ばれる発事で\nエッジを荷っているという。\n \n(大丈夫・理考セリフ直み何み知抜)\n
dialog	1		194	93	TWN_SEEK+02E0B1	キャラバンを鍵れたエッジの今に、\nガッシュの穀いのシーカーが冥れた。\n待の井によると、ガッシュは\n「シーカーの俺」と管ばれる記腐で\nエッジを後っているという。\n \n(旧世紀・械置セリフ言み処み使道)\n
ui	1		31	15	FLAGEDIT+0009B1	キャンプ(カイナスの村)進入可
ui	1		31	15	FLAGEDIT+000BDF	キャンプ(シーカーの里)進入可
ui	1		27	13	FLAGEDIT+000AB3	キャンプ(ゾアの森)進入可
ui	1		23	11	FLAGEDIT+000A64	キャンプ(平原)進入可
ui	1		25	12	FLAGEDIT+000976	キャンプ(発掘所)進入可
ui	1		25	12	FLAGEDIT+0009FC	キャンプ(砂漠A)進入可
ui	1		25	12	FLAGEDIT+000A30	キャンプ(砂漠B)進入可
dialog	1		8	3	FLD_B2+00E0AF	ク\n\nねイ<01><1B>
dialog	1		8	3	FLD_B2+00E0B7	ク\n\nねソ<01><1B>
dialog	1		37	18	FLD_B2+00E0BF	ク\n\nねミ<01>(これは…！ 旧世紀の船！！)
dialog	1		29	14	FLD_C8+012BFC	クレイメン…おまえとのケリは
ui	1		25	12	FLAGEDIT+001280	クレイメンからの手紙入手
dialog	1		223	107	TWN_CARA+030C09	クレイメンが具かった跡腕「加」の\n紀掘を箱っているという吊・パエット。\n待は、加の品雑を多えるかわりに、\nゲオルギウスと置ばれる紀掘から\n天幕柱の飲蓄狩死を光ってくるよう\nエッジに石じる。\n \n(炉持運・式水イベントで落燦時内)\n
dialog	1		223	107	TWN_CAMP+0297F5	クレイメンが出かった半分「来」の\n発事を流っているという目・パエット。\n跡は、来の痛頑を塔えるかわりに、\nゲオルギウスと漠ばれる発事から\n探軍士の官滅中欲を黒ってくるよう\nエッジに艦じる。\n \n(大丈夫・理考イベントで隊戦知抜)\n
dialog	1		223	107	TWN_SEEK+02D8D9	クレイメンが手かった役立「何」の\n記腐を寝っているという古・パエット。\n待は、何の液潰を材えるかわりに、\nゲオルギウスと管ばれる記腐から\n料封簡の染方独特を旅ってくるよう\nエッジに荷じる。\n \n(旧世紀・械置イベントで袋身使道)\n
dialog	1		223	107	TWN_ZOAH+0620CD	クレイメンが番かった立燃「飾」の\n加毛を扉っているという育・パエット。\n折は、飾の流音を道えるかわりに、\nゲオルギウスと外ばれる加毛から\n管穀山の旧世紀空を船ってくるよう\nエッジに直じる。\n \n(辺境貴・重品イベントで跡械古井)\n
dialog	1		37	18	TWN_CAMP+00F118	クレイメンの事は…気の毒だと思ってる
dialog	1		25	12	FLD_C8+013061	クレイメンの使った入□は
dialog	1		35	17	TWN_CAMP+00CB87	クレイメンの目当ても、それだと思う
dialog	1		39	19	TWN_CAMP+00CA77	クレイメンは『塔』を探してるらしいんだ
dialog	1		25	12	FLD_A3+00932E	クレイメン艦よりの返信、
ui	1		172	82	MENUEN+007D1D	クレイメン艦隊の旗艦。\nだが、禁止区域で戦った\n時には、クレイメンは艦を\n離れており、かわりに\n副官のアーウェンが指揮を\nとっていた。\n帝国軍を引きつけるための\n囮だったらしい。
dialog	1		27	13	FLD_B6+00AE09	クレイメン艦隊はここから…
ui	1		23	11	WORLD+00566E	クレイメン艦隊進軍状況
dialog	1		31	15	TWN_ZOAH+039B78	クーリアに乗せてやったんだろ？
dialog	1		27	13	TWN_SEEK+01518B	グリグオリグを攻撃するなら
dialog	1		9	4	BTL_D5+05AC4B	ケトキス
ui	1		21	10	FLAGEDIT+000886	ゲオルギウス2クリア
ui	1		29	14	FLAGEDIT+000D32	ゲオルギウス2ボス戦(GD)
ui	1		35	17	FLAGEDIT+000D0F	ゲオルギウス2中ボス戦(ヴァルナ)
ui	1		21	10	FLAGEDIT+000AFA	ゲオルギウス2進入可
ui	1		25	12	FLAGEDIT+000B0F	ゲオルギウス2．5進入可
ui	1		21	10	FLAGEDIT+00089B	ゲオルギウス3クリア
ui	1		21	10	FLAGEDIT+000B28	ゲオルギウス3進入可
dialog	1		163	78	TWN_CARA+030CE8	ゲオルギウスから光ってきた狩死を\nパエットに使せるエッジ。\nしかし、パエットはそれに辺境せず、\n金代ゲオルギウス住きを石じる。\n \n(炉持運・式水イベントで落燦時内)\n
dialog	1		163	78	TWN_SEEK+02D9B8	ゲオルギウスから旅ってきた独特を\nパエットに外せるエッジ。\nしかし、パエットはそれに取残せず、\n大箱ゲオルギウス張きを荷じる。\n \n(旧世紀・械置イベントで袋身使道)\n
dialog	1		163	78	TWN_ZOAH+0621AC	ゲオルギウスから船ってきた紀空を\nパエットに区せるエッジ。\nしかし、パエットはそれに置手せず、\n見植ゲオルギウス食きを直じる。\n \n(辺境貴・重品イベントで跡械古井)\n
dialog	1		163	78	TWN_CAMP+0298D4	ゲオルギウスから黒ってきた中欲を\nパエットに旧せるエッジ。\nしかし、パエットはそれに度彼せず、\n女乗ゲオルギウス所きを艦じる。\n \n(大丈夫・理考イベントで隊戦知抜)\n
dialog	1		17	8	TWN_ZOAH+02F231	ゲオルギウスには
dialog	1		31	15	TWN_ZOAH+03E744	ゲオルギウスに行ってこいってさ
dialog	1		102	49	FLD_A3+009B79	ゲージが複数たまっていて\n連続で行動したい場合なども、\n先行入力しておけば\n敵に割り込まれる心配はない。
dialog	1		15	7	FLD_A3+0094DF	ゲージについて
dialog	1		83	38	FLD_A7+0076CF	ゲージを3つためると、\nその時のタイプに応じた\n特殊能力が発動する。\nこれを<03>\nスキル<03>
dialog	1		23	11	FLD_C8+0134A1	ゲートは私が開けてみる
ui	1		13	6	FLAGEDIT+0012C7	ゲームクリア
ui	1		21	10	FLAGEDIT+0012E9	コアのバリアの説明用
dialog	1		37	18	FLD_B5+0090F3	コントロールはすでに解除されている…
dialog	1		31	15	FLD_C8+0141B4	コントロールエリアに降りる前に
dialog	1		40	18	FLD_C8+013838	コントロールエリアは一番下の<03>\n地下1階<03>
dialog	1		31	15	FLD_C2+00ABB7	サーチライトでの警戒を忌るな！
ui	1		27	13	FLAGEDIT+001299	サーチライトカウントフラグ
dialog	1		23	11	TWN_SEEK+01693A	ザドクもそう言ってたろ
dialog	1		17	8	FLD_B2+00E361	シェルクーフ内部
ui	1		19	9	FLAGEDIT+0011EA	シップパーツ？入手
dialog	1		15	7	BTL_D4+04F3FF	シャドウフレア
slot	1	23	23	11	TWN_ZOAH+02AB12	シャプリの安全方向は？
dialog	1		13	6	BTL_A3+053204	シャプリの巣
dialog	1		35	17	TWN_SEEK+009B4D	シーカーから、あんたの事聞いたんだ
dialog	1		33	16	TWN_SEEK+00BD70	シーカーだって、あんたと同じだよ
dialog	1		31	15	TWN_CAMP+00DFDF	シーカーって、一体何者なんだ？
dialog	1		37	18	TWN_ZOAH+03E926	シーカーとの噂、ずいぶん広まってるな
dialog	1		39	19	TWN_SEEK+00C195	シーカーと一緒なら、また会えるだろうし
dialog	1		35	17	TWN_ZOAH+023964	シーカーと親しくするのはやめときな
dialog	1		33	16	TWN_ZOAH+02B3B0	シーカーと関わるなど、感心せんな
dialog	1		17	8	TWN_CARA+017DC6	シーカーの…里？
dialog	1		35	17	TWN_ZOAH+032DFE	シーカーの噂は前から聞いていたが…
dialog	1		39	19	TWN_SEEK+00C02E	シーカーの連中、ここを捨てるんだってな
dialog	1		23	11	TWN_SEEK+01716E	シーカーの里へようこそ
ui	1		23	11	WORLD+00562D	シーカーの里・キャンプ
ui	1		19	9	FLAGEDIT+000BCC	シーカーの里進入可
dialog	1		15	7	TWN_CARA+017C7E	シーカーの里？
dialog	1		39	19	TWN_CAMP+00D86F	シーカーの間じゃ有名だぜ…あの艦隊は、
dialog	1		37	18	TWN_ZOAH+03EA84	シーカーは、それを掘り返してるんだぜ
dialog	1		37	18	TWN_ZOAH+029316	ジューバの奴、ちゃんとまけてくれた？
dialog	1		35	17	TWN_ZOAH+02289A	ジューバの店は、誰だってお得意様さ
dialog	1		30	13	FLD_C8+014A1A	スイッチは5号機と同じ<03>\n3階<03>
dialog	1		20	8	FLD_C8+0148D3	スイッチは<03>\n14階<03>
dialog	1		22	9	FLD_C8+014891	スイッチは<03>\n15階よ<03>
dialog	1		18	7	FLD_C8+0149D4	スイッチは<03>\n3階<03>
dialog	1		18	7	FLD_C8+01498E	スイッチは<03>\n4階<03>
dialog	1		18	7	FLD_C8+014940	スイッチは<03>\n7階<03>
dialog	1		39	19	TWN_SEEK+015F0B	スキアド・オプス…すなわち「影の目」…
dialog	1		7	3	FLD_A7+006E66	スキル
dialog	1		135	65	BTL_T0+0549C3	ステータス異常は、時間がたてば\n回復するが、アイテムを使って\nすぐに回復させることもできる。\nスタン以外のステータス異常は\n以下のとおり。
dialog	1		19	9	FLD_A3+009549	ステータス異常攻撃
dialog	1		56	27	BTL_T0+05484E	ステータス異常攻撃を受けたため\nドラゴンがマヒしている。
dialog	1		19	9	FLD_A3+0091AA	スピードが下がった
dialog	1		5	2	BTL_B5_3+050D85	スラ
slot	1	23	21	10	TWN_ZOAH+02AB6E	ズースーの倒し方は？
dialog	1		21	10	FLD_A5+00D2C6	ズースー？なんだ！？
dialog	1		11	5	BTL_D5+05AC54	セストレン
dialog	1		15	7	TWN_SEEK+01260F	セストレン…？
dialog	1		27	13	FLD_C8+0143C3	セストレンがどんな場所で、
dialog	1		37	18	TWN_CAMP+00F04C	セストレンって遣跡の事、知らないか？
ui	1		127	58	MENUEN+00770F	セストレンで戦った。\nなぜ、<01><01>と\n同じ姿なんだ？ 旧世紀の\n意志を守る敵の、真の姿が\nこれだというのか？\nだとすれば、儀の\n<01><01>は…？
dialog	1		37	18	TWN_SEEK+015D7B	セストレンに対抗する力を求めた者達だ
dialog	1		39	19	TWN_SEEK+017312	セストレンに至る唯一の鍵だというのに…
dialog	1		37	18	TWN_SEEK+00BD42	セストレンの作り出した、この世界と…
dialog	1		25	12	FLD_C8+01381F	セストレンへ向かうための
ui	1		17	8	FLAGEDIT+000947	セストレンクリア
ui	1		35	17	FLAGEDIT+0010C4	セストレンボス戦(アンチドラゴン)
ui	1		43	21	FLAGEDIT+0010E7	セストレンボス戦(アンチドラゴン最終形態)
ui	1		31	15	FLAGEDIT+001029	セストレン中ボス戦(タイプ0)
ui	1		31	15	FLAGEDIT+001048	セストレン中ボス戦(タイプ1)
ui	1		31	15	FLAGEDIT+001067	セストレン中ボス戦(タイプ2)
ui	1		31	15	FLAGEDIT+001086	セストレン中ボス戦(タイプ3)
ui	1		31	15	FLAGEDIT+0010A5	セストレン中ボス戦(タイプ4)
ui	1		17	8	FLAGEDIT+000BFE	セストレン進入可
dialog	1		21	10	1ST_READ+03D348	セーブが終了しました
dialog	1		15	7	1ST_READ+03D293	セーブできます
dialog	1		29	14	1ST_READ+03D30B	セーブできる空きがありません
dialog	1		60	29	1ST_READ+03D2CF	セーブ中です。電源を切ると正しく\n保存できない恐れがあります
dialog	1		37	18	TWN_SEEK+00BBA1	ゾアから出たことなかったんだぜ、俺は
dialog	1		31	15	TWN_CARA+0066E9	ゾアに根を下ろす望みも絶たれた
dialog	1		37	18	TWN_CARA+016834	ゾアの事で、いやな噂聞いちまってよ…
dialog	1		231	111	TWN_CAMP+029A75	ゾアの向に地下収の容先が達れ、\n向は処置の広場にさらされる。\n扱調エッジは、パエットの信であり\n向の用追先であるバイマンという目の\n困荷を遣け、宝ざされた死放間通議鉄\n「則上議」への人所住を法る。\n \n(大丈夫・理考イベントで隊戦知抜)\n
dialog	1		231	111	TWN_CARA+030E89	ゾアの旅に作旧地の求残が事れ、\n旅は知男の人取にさらされる。\n仕計エッジは、パエットの申であり\n旅の遅荒残であるバイマンという吊の\n名気を夜け、軽ざされた寄込荷情身□\n「長最身」への追住近を噂る。\n \n(炉持運・式水イベントで落燦時内)\n
dialog	1		14	6	FLD_D2+0082CF	ゾアの森<05>内部
dialog	1		18	8	FLD_D3+005796	ゾアの森<05>紅き遣跡
dialog	1		39	19	TWN_CARA+009C83	ゾアの森でなら、安心して暮らせるはずだ
dialog	1		39	19	TWN_CARA+016C88	ゾアの森なんて、ぜいたく言わねえからよ
dialog	1		25	12	TWN_CARA+00663A	ゾアの森のなれの果てだ…
ui	1		15	7	FLAGEDIT+00091C	ゾアの森クリア
ui	1		35	17	FLAGEDIT+000FCD	ゾアの森ボス戦(寄生グリグオリグ)
ui	1		21	10	FLAGEDIT+001112	ゾアの森中ボスA弱り
ui	1		21	10	FLAGEDIT+001127	ゾアの森中ボスB弱り
ui	1		21	10	FLAGEDIT+00113C	ゾアの森中ボスC弱り
ui	1		21	10	FLAGEDIT+001151	ゾアの森中ボスD弱り
ui	1		21	10	FLAGEDIT+001166	ゾアの森中ボスE弱り
ui	1		21	10	FLAGEDIT+00117B	ゾアの森中ボスF弱り
ui	1		21	10	FLAGEDIT+001190	ゾアの森中ボスG弱り
ui	1		21	10	FLAGEDIT+0011A5	ゾアの森中ボスH弱り
ui	1		31	15	FLAGEDIT+000ED5	ゾアの森中ボス戦(マサーンA)
ui	1		31	15	FLAGEDIT+000EF4	ゾアの森中ボス戦(マサーンB)
ui	1		31	15	FLAGEDIT+000F13	ゾアの森中ボス戦(マサーンC)
ui	1		31	15	FLAGEDIT+000F32	ゾアの森中ボス戦(マサーンD)
ui	1		31	15	FLAGEDIT+000F51	ゾアの森中ボス戦(マサーンE)
ui	1		31	15	FLAGEDIT+000F70	ゾアの森中ボス戦(マサーンF)
ui	1		31	15	FLAGEDIT+000F8F	ゾアの森中ボス戦(マサーンG)
ui	1		31	15	FLAGEDIT+000FAE	ゾアの森中ボス戦(マサーンH)
ui	1		15	7	FLAGEDIT+000BBD	ゾアの森進入可
dialog	1		31	15	TWN_SEEK+009AC7	ゾアの街が吹っ飛ぶのが見えたよ
dialog	1		29	14	TWN_CARA+017BB7	ゾアの街にいたシーカーだろ？
ui	1		15	7	FLAGEDIT+000B3D	ゾアの街進入可
dialog	1		31	15	TWN_CARA+016707	ゾアの話なら、結構有名だけど…
dialog	1		33	16	TWN_CARA+00A0D2	ゾアの話は、確かに本当だったが…
dialog	1		231	111	TWN_ZOAH+06234D	ゾアの通に水地残の教典が奴れ、\n通は農具の刈取にさらされる。\n向計エッジは、パエットの小であり\n通の作車典であるバイマンという育の\n苗床をDnけ、草ざされた栽培出香中辛\n「料高中」への焼食腹を代る。\n \n(辺境貴・重品イベントで跡械古井)\n
dialog	1		231	111	TWN_SEEK+02DB59	ゾアの通に治療貨の穀蓄が冥れ、\n通は分事の同塩にさらされる。\n□守エッジは、パエットの飾であり\n通の殻自蓄であるバイマンという古の\n彫後を夜け、木ざされた像並薬壁全改\n「造操全」への衣張発を掘る。\n \n(旧世紀・械置イベントで袋身使道)\n
dialog	1		19	9	FLD_A7+006E3E	タイプと成長の関係
dialog	1		104	50	BTL_T0+0555C8	タイプにより特殊能力がある。\n3ゲージたまっている状態において\nゲージもBPも消費しないで\n自動発動する。
dialog	1		21	10	FLD_A7+006E29	タイプセレクトの効果
dialog	1		50	24	BTL_T0+054D84	タイプセレクトの意味として\n次の5つの効果がある。
dialog	1		21	10	FLD_A7+006E6D	タイプセレクトの練習
dialog	1		21	10	FLD_A7+006E14	タイプセレクトの説明
dialog	1		101	48	FLD_A7+006E8B	タイプセレクトを行うと\nドラゴンの基本能力を\n調整することができる。\n調整できる基本能力は\n以下の4つ。
dialog	1		50	24	FLD_A7+0078ED	タイプセレクト画面では\n次のような位置関係がある。
dialog	1		100	48	BTL_T0+055564	タイプ専用のバーサークは\nどれも有効に使えるが\nゲージ消費が大きいため\n使いどころを考えることが重要。
dialog	1		21	10	FLD_A7+006E51	タイプ専用バーサーク
dialog	1		9	4	BTL_B6+05B20A	タムプロ
dialog	1		15	7	BTL_B6+05B1E2	タム・バクプロ
dialog	1		13	6	BTL_B6_2+053B19	タム・リッサ
dialog	1		11	5	BTL_D2_2+05030F	タラン放出
dialog	1		11	5	BTL_B6+05B0A5	タルバーニ
dialog	1		23	11	BTL_B6+05B0CC	タルバーニ＆デルバーニ
dialog	1		11	5	BTL_B6+05B178	タルメラン
dialog	1		23	11	BTL_B6+05B083	タルメラン＆デルメラン
ui	1		7	3	MENUEN+001E3A	ダイン
dialog	1		19	9	BTL_C5+0521B2	ダメだ！ 落ちる！
dialog	1		27	13	FLD_A3+0093CD	ダメです、噴射弾急速接近…
dialog	1		18	9	FLD_A5+00D67D	チになってるはずだ
dialog	1		13	10	FLD_C2+00AEE4	チーのら<14>よーッ<14>ぬアー
dialog	1		6	3	TWN_ZOAH+01B0A8	ッジ君
dialog	1		7	3	BTL_D5+05AB81	ツァオ
dialog	1		17	8	BTL_C5+0523C9	ツァスタバダイブ
dialog	1		23	11	BTL_C5+0523B2	ツァスタバ専用機ソーマ
dialog	1		11	5	BTL_D5+05AB88	ツァーノス
dialog	1		15	7	FLD_B6+009E93	テストタイプ…
dialog	1		13	6	BTL_C8_2+04F11C	テンカ発進！
ui	1		19	9	FLAGEDIT+0012B4	ディスクチェンジ用
dialog	1		11	5	BTL_B6+05B09A	デルバーニ
dialog	1		11	5	BTL_B6+05B16D	デルメラン
dialog	1		31	15	TWN_ZOAH+02ABBC	トゥプの群れを離散させるには？
dialog	1		19	9	BTL_A5+057CAD	トゥプ＆アシュティ
dialog	1		37	18	TWN_ZOAH+023D65	トビタマってのは、変わった生き物でな
dialog	1		39	19	TWN_CARA+016CD7	トビタマなんて、簡単には見つからないぜ
dialog	1		39	19	TWN_CARA+009DE5	トビタマを見つけなきゃ、薬が作れない…
dialog	1		9	4	TWN_ZOAH+02AD17	トラコラ
dialog	1		39	19	TWN_ZOAH+02ACF0	トラコラとメラコラ、攻撃力が強いのは？
dialog	1		19	9	BTL_A3+0531CE	トラコラ＆メラコラ
dialog	1		31	15	BTL_A7_2+050F74	ド、ドラゴン型攻性生物を確認！
dialog	1		17	8	BTL_C8+04E9C3	ドラゴン、来ます
dialog	1		13	6	TWN_CAMP+00DA4C	ドラゴンか…
dialog	1		37	18	TWN_SEEK+012714	ドラゴンが、セストレンを破壊すれば…
dialog	1		39	19	TWN_CAMP+00E3AA	ドラゴンがいりゃ、こわいものなしだろ？
dialog	1		25	12	TWN_SEEK+00BC9E	ドラゴンがいるんだからな
dialog	1		39	19	TWN_ZOAH+03B293	ドラゴンが助けてくれるのを見てただけだ
dialog	1		39	19	TWN_ZOAH+02345C	ドラゴンが帝国軍を追っ払うって話だが…
dialog	1		35	17	TWN_ZOAH+013D88	ドラゴンが焼き払っちまったらしいぜ
dialog	1		15	7	TWN_CAMP+01011C	ドラゴンでいい
dialog	1		31	15	TWN_CARA+0167B7	ドラゴンと一戦まじえるって話だ
dialog	1		29	14	TWN_ZOAH+03075C	ドラゴンと帝国をダシにしてな
dialog	1		35	17	TWN_CAMP+00DAF3	ドラゴンどうしの戦いに巻き込まれて
dialog	1		37	18	TWN_SEEK+0167A3	ドラゴンに乗るって、どんな気分だい？
ui	1		21	10	FLAGEDIT+001338	ドラゴンに名前付けた
slot	1	29	21	10	TWN_ZOAH+00C8ED	ドラゴンに関する書物
dialog	1		19	9	TWN_ZOAH+03E7B9	ドラゴンの…戦場？
dialog	1		35	17	TWN_CARA+009E80	ドラゴンのご加護があったんだろうな
dialog	1		23	11	BTL_B2+04FCAF	ドラゴンのなれの果てさ
dialog	1		65	31	BTL_T0+054886	ドラゴンのステータスは、この\nステータス表示エリアに\n表示される。
dialog	1		62	28	BTL_T0+05477B	ドラゴンのステータスを\n異常な状態にする\n<03>\nステータス異常攻撃<03>
dialog	1		35	17	TWN_SEEK+00EB32	ドラゴンの力で、あたし達を導いてよ
dialog	1		39	19	TWN_ZOAH+01D2A3	ドラゴンの力を愚劣な謀略に使いおって！
dialog	1		31	15	TWN_CARA+006487	ドラゴンの加護があったのだろう
dialog	1		31	15	TWN_ZOAH+03E8FA	ドラゴンの封印を破ろうとしてな
dialog	1		19	9	TWN_SEEK+012212	ドラゴンの少年よ…
dialog	1		41	18	FLD_A7+00713C	ドラゴンの形態は、大きく5つの\n<03>\nタイプ<03>
dialog	1		33	16	TWN_ZOAH+03E78B	ドラゴンの戦場に人をやるなんてよ
dialog	1		39	17	BTL_T0+053ADE	ドラゴンの特殊行動である\n<03>\nバーサーク<03>
dialog	1		47	21	BTL_T0+0539A3	ドラゴンの通常攻撃である\n<03>\nホーミングレーザー<03>
dialog	1		31	15	TWN_ZOAH+01D16D	ドラゴンの降臨を予言するとは…
dialog	1		49	22	BTL_T0+054C97	ドラゴンはガリル砂漠での戦いで\n<03>\nタイプセレクト<03>
dialog	1		21	10	TWN_CARA+00CC6D	ドラゴンは神の使者だ
dialog	1		13	6	FLD_B6+009F77	ドラゴンも、
dialog	1		37	18	TWN_SEEK+0169CA	ドラゴンもいるんだし、なんとかなるさ
dialog	1		37	18	FLD_C8+0132FE	ドラゴンも目的を失って機能解除される
dialog	1		35	17	FLD_A3+009388	ドラゴンを尋われるわけにはいかん…
dialog	1		21	10	TWN_SEEK+00EAED	ドラゴン乗りなのにさ
dialog	1		31	15	BTL_C5+052073	ドラゴン型攻性生物、高速接近中
dialog	1		25	12	BTL_B5+052187	ドラゴン型攻性生物を確認
dialog	1		37	18	BTL_C2_2+057046	ドラゴン襲来、わが艦隊…か、壊滅！？
ui	1		21	10	FLAGEDIT+0011C1	ドラゴン遣跡の鍵入手
dialog	1		11	5	TWN_SEEK+015506	ドローン…
dialog	1		29	14	TWN_SEEK+0154D8	ドローンの生地でもあるからだ
dialog	1		13	6	FLD_B6+00B2AC	ドームゲート
dialog	1		39	19	FLD_B6+00B0E8	ドームゲートキーはたぶんその坂の途中だ
dialog	1		19	12	FLD_B2+00E384	ナアわヲ・<11><!89>\nタノらヨ＋<15><!89><08>セ。
dialog	1		21	10	BTL_B6+05B1AA	ナウパダ＆タルバーニ
ui	1		11	5	MENUEN+005B84	ヌリシンハ
dialog	1		7	3	BTL_A5_2+05A9E9	ハイガ
ui	1		19	9	MENUEN+003F2C	ハイガ(防御形態)
dialog	1		9	4	BTL_A5_2+05A9E0	ハイシュ
dialog	1		11	5	BTL_A5_2+05AA9B	ハイシュ？
dialog	1		23	11	BTL_D2+052C1A	ハヌマン＆強襲艦クオパ
dialog	1		23	11	BTL_D2+052C45	ハヌマン＆強襲艦ハオト
dialog	1		29	14	TWN_ZOAH+038D1F	ハンターから買う物はないよ！
dialog	1		39	19	TWN_ZOAH+02B4E2	ハンターとして死ねれば、それでいいのだ
dialog	1		37	18	TWN_ZOAH+013446	ハンターのエッジってのは、おまえか？
dialog	1		35	17	TWN_CARA+00A3D8	ハンターの仕事は、いつも命がけだ…
dialog	1		39	19	TWN_ZOAH+02B16A	ハンターの戦いに、意味はあると思うか？
dialog	1		29	14	TWN_ZOAH+030582	ハンターの爺さん、喜んでたろ
dialog	1		29	14	TWN_ZOAH+02B595	ハンターの誇りがある限りはな
dialog	1		35	17	TWN_ZOAH+019349	ハンターの誇りってもんがねえのか？
dialog	1		33	16	TWN_ZOAH+02FA58	ハンターみたいな感じだったけど…
dialog	1		37	18	TWN_CARA+016D41	ハンター一人っきりってのは、心細いね
dialog	1		37	18	TWN_ZOAH+03363D	ハンター風情が、いいご身分じゃないか
dialog	1		33	16	TWN_ZOAH+01D0CA	バイマンが通行証を出したようだな
dialog	1		15	7	TWN_ZOAH+00F071	バイマンさん…
dialog	1		35	17	TWN_ZOAH+03325A	バイマンさんから、君の事は聞いたよ
dialog	1		35	17	TWN_ZOAH+01E04A	バイマンさんがおっしゃってましたよ
dialog	1		33	16	TWN_ZOAH+0338B5	バイマンさんが予言なさったんだよ
dialog	1		31	15	TWN_ZOAH+0376D8	バイマンさんのお宅は、ええと…
dialog	1		37	18	TWN_ZOAH+0136DE	バイマンさんの家は、教会の裏だってよ
dialog	1		39	19	TWN_ZOAH+0331FF	バイマンさんは、前の司祭とは違うからな
dialog	1		31	15	TWN_ZOAH+01C41E	バイマンの…新しい司祭の提案だ
dialog	1		35	17	TWN_ZOAH+01D18C	バイマンの奴め、何を考えておるのだ
dialog	1		151	72	TWN_CAMP+029E57	バイマンは、塔後の上自の研を\nエッジに連す。そこに、向の半作である\n「『特り務』の務違」が敵最されて\nいるという。\n \n(大丈夫・理考セリフ直み何み知抜)\n
dialog	1		151	72	TWN_CARA+03126B	バイマンは、多止の最与の若を\nエッジに中す。そこに、旅の跡息である\n「『来り自』の自分」が証結されて\nいるという。\n \n(炉持運・式水セリフ袋み遠み時内)\n
dialog	1		151	72	TWN_SEEK+02DF3B	バイマンは、材天の操糧の受を\nエッジに閉す。そこに、通の役包である\n「『理り由』の由与」が命意されて\nいるという。\n \n(旧世紀・械置セリフ言み処み使道)\n
dialog	1		151	72	TWN_ZOAH+06272F	バイマンは、道待の高机の肉を\nエッジに窓す。そこに、通の立上である\n「『吊り棒』の棒話」が聞部されて\nいるという。\n \n(辺境貴・重品セリフ木み干み古井)\n
dialog	1		33	16	TWN_ZOAH+01C61C	バイマンも同じ事を言っていたな…
dialog	1		13	6	TWN_ZOAH+01D296	バカ者めが…
dialog	1		39	19	TWN_CARA+0063F0	バラした獲物は、バイカにも回しておいた
dialog	1		19	9	BTL_C4+054032	バリアが解けてる！
dialog	1		11	5	BTL_B2+04FD28	バーサーク
dialog	1		95	46	FLD_A3+0095A2	バーサークには6つの系統がある。\nレベルアップで覚えるものが4系統\nその他が2系統に分けられる。
dialog	1		17	8	FLD_A3+00955E	バーサークの系統
dialog	1		19	9	BTL_B2+04FD03	バーサークレーザー
dialog	1		15	7	FLD_C8+014FF6	パイロンルーム
slot	1	25	17	8	FLD_C8+014F89	パイロンルーム1
slot	1	25	17	8	FLD_C8+014FA2	パイロンルーム2
dialog	1		17	8	FLD_C8+014FB3	パイロンルーム3
dialog	1		29	14	TWN_ZOAH+02F3FD	パエット、俺にも手伝わせてよ
dialog	1		37	18	TWN_ZOAH+037582	パエットさんなら、機械置き場だろうな
dialog	1		35	17	TWN_ZOAH+037510	パエットさんは、街の外に行ってるよ
dialog	1		25	12	TWN_ZOAH+0189C6	パエットとベゼルだけどよ
dialog	1		37	18	TWN_SEEK+009AA2	パエットと一緒にこの船で脱出した時…
dialog	1		37	18	TWN_ZOAH+014D56	パエットなら、街の外に行っちまったぜ
dialog	1		25	12	TWN_ZOAH+03B515	パエットには悪いけどさ…
dialog	1		27	13	TWN_ZOAH+03E6F0	パエットに会ったんだって？
dialog	1		35	17	TWN_ZOAH+03B0D3	パエットに用？ 今は神聖区にいるよ
dialog	1		33	16	TWN_ZOAH+013567	パエットの奴に紹介してもらってよ
dialog	1		23	11	TWN_ZOAH+0135C3	パエットの知り合いか？
dialog	1		37	18	TWN_ZOAH+023437	パエットの親父が、予言をしたんだとよ
dialog	1		33	16	TWN_ZOAH+02389B	パエットの親父が選ばれたらしいぜ
dialog	1		39	19	TWN_ZOAH+023403	パエットの親父の予言が当たるとはなあ…
dialog	1		159	76	TWN_SEEK+02DD73	パエットは、像風死牲の古から起った\n匂眠をエッジに閉す。\nそれには、「続目、合丈夫のある消記で\n後つ」とだけ耗されていた。\n \n(旧世紀・械置セリフ言み処み使道)\n
dialog	1		159	76	TWN_CARA+0310A3	パエットは、寄子命忙の吊から恩った\n小礼をエッジに中す。\nそれには、「受一、番高価のある様紀で\n気つ」とだけ食されていた。\n \n(炉持運・式水セリフ袋み遠み時内)\n
dialog	1		159	76	TWN_ZOAH+062567	パエットは、栽裏昔理の育から透った\n実明をエッジに窓す。\nそれには、「羽面、落石碑のある住加で\n床つ」とだけ人されていた。\n \n(辺境貴・重品セリフ木み干み古井)\n
dialog	1		159	76	TWN_CAMP+029C8F	パエットは、死周習武の目から進った\n教開をエッジに連す。\nそれには、「危険、空洞入のある□発で\n荷つ」とだけ終されていた。\n \n(大丈夫・理考セリフ直み何み知抜)\n
dialog	1		37	18	TWN_ZOAH+0188F4	パエットも呆れちまったんじゃねえか？
dialog	1		29	14	FLD_B5+009D81	ファイナルガードプロテクトの
dialog	1		106	51	BTL_T0+054D1A	フィールド上では制限無く\nタイプセレクトを行うことができ、\n戦闘中でのタイプセレクトは\n1ゲージを消費する。
dialog	1		29	14	BTL_C2_2+0571E5	ブースター安定、順調に加速中
dialog	1		23	11	BTL_C2_2+057114	ブースター点火準備完了
dialog	1		31	15	FLD_B5+00AEDE	プラントへの侵入を許可します…
ui	1		27	13	FLAGEDIT+000C0F	プレイヤーのマップ上の位置
ui	1		35	17	FLAGEDIT+00134D	プレイヤーのマップ上の位置(保存)
dialog	1		17	8	BTL_B2+04FD47	プレートオープン
dialog	1		17	8	BTL_B2+04FD58	プレートクローズ
dialog	1		39	19	FLD_B5+009C9C	プロテクトキー1の入力を確認しました…
ui	1		21	10	FLAGEDIT+001212	プロテクトキー1入手
dialog	1		39	19	FLD_B5+009CFB	プロテクトキー2の入力を確認しました…
ui	1		21	10	FLAGEDIT+001227	プロテクトキー2入手
dialog	1		39	19	FLD_B5+009D5A	プロテクトキー3の入力を確認しました…
ui	1		21	10	FLAGEDIT+00123C	プロテクトキー3入手
dialog	1		33	16	FLD_B5+009118	プロテクト開錠の際には注意せよ…
dialog	1		29	14	TWN_ZOAH+02AC80	プーキオに呼ばれて来るのは？
dialog	1		17	8	BTL_A5+057D4C	プーキオ＆トゥプ
dialog	1		37	18	TWN_ZOAH+018A36	ベゼルの奴、その船で街を出るんだとよ
dialog	1		19	9	BTL_B5+052331	ホーミングレーザー
dialog	1		29	14	TWN_ZOAH+01C18D	ボアズが、そう言ってたとな！
dialog	1		9	4	BTL_D2+052B44	マサーン
dialog	1		37	18	TWN_SEEK+0151E6	マサーンが、空の守りを固めているのだ
dialog	1		6	3	TWN_ZOAH+019561	マシさ
dialog	1		7	3	BTL_B2+04FE3A	マヒ中
dialog	1		11	5	BTL_B5_3+050D6A	ミシュティ
dialog	1		35	17	TWN_SEEK+00C15A	ムダ死ににはならないと思うんだよな
dialog	1		27	13	TWN_CARA+0065F1	メッカニア熱にやられたんだ
dialog	1		9	4	BTL_D5+05AB56	メリソナ
dialog	1		17	8	TWN_CAMP+00E6AE	メル=カヴァ…？
ui	1		131	63	MENUEN+006523	メル=カヴァの内部で、\nバリスタを守るバリアを制御していた装置。\n中心部にある弱点は、\nレーザーを吸収する盾と\n装甲で防御されていた。
dialog	1		39	19	TWN_ZOAH+030A66	メル=カヴァの資料だ、絶対に役に立つぜ
dialog	1		37	18	TWN_ZOAH+02FEAF	メル=カヴァの資料だ、絶対役に立つぜ
ui	1		19	9	FLAGEDIT+0008E9	メル=カヴァクリア
ui	1		31	15	FLAGEDIT+000E59	メル=カヴァボス戦(AD＃3)
ui	1		21	10	FLAGEDIT+000E44	メル=カヴァ中ボス戦
ui	1		19	9	FLAGEDIT+000B76	メル=カヴァ進入可
dialog	1		25	12	TWN_ZOAH+022BD3	ヤエルに頼まれちまってよ
dialog	1		32	16	TWN_SEEK+0126D1	ュは、そこを攻めるつもりなのか…
dialog	1		14	7	TWN_ZOAH+03E2DB	ョもあるからな
dialog	1		33	16	TWN_ZOAH+028DF1	ヨタ話が生きがいだからね、あいつ
dialog	1		35	17	TWN_CARA+0068D3	ラウルから、昔の話を聞いたらしいな
ui	1		9	4	WORLD+005617	ラギ牧場
dialog	1		26	13	TWN_ZOAH+02AD36	ラコラ、攻撃力が強いのは？
dialog	1		23	11	TWN_ZOAH+018D37	ラドガムのじゃねえか！
dialog	1		15	7	BTL_D2_2+050345	リミッター開放
dialog	1		11	5	BTL_D5+05ABF3	リューリア
dialog	1		9	4	BTL_D5+05ABBC	リューヴ
dialog	1		15	7	TWN_ZOAH+02ABF7	リーダーを倒す
dialog	1		4	2	FLD_C8+0146A5	ルを
dialog	1		7	3	BTL_A7+053C45	ルピス
dialog	1		7	3	BTL_D4+04F3F8	ルーナ
dialog	1		25	12	FLD_B5+009CD6	レベル1まで解除します…
dialog	1		25	12	FLD_B5+009D35	レベル2まで解除します…
dialog	1		42	20	FLD_A3+009692	レベルアップによって\n覚えることができる。
dialog	1		121	58	BTL_T0+0550DC	レベルアップの際\nバーサークを覚えることがある。\nバーサークには系統があり\nタイプセレクトでの調整が\n覚えやすさに関係する。
dialog	1		108	52	BTL_T0+05431F	レーザーは、ドラゴンに近い敵から\n順に命中していく。\n狙って撃つことはできないが\nエッジの銃よりも威力は高い。
dialog	1		17	8	TWN_ZOAH+02AC1B	レーザーをよける
dialog	1		125	60	BTL_T0+0547D1	レーダー内の赤い方向は\nダメージの大きい攻撃や\nステータス異常攻撃など\n危険度の高い攻撃が行われる\n方向であることを示している。
dialog	1		26	12	TWN_CAMP+0125A6	ロ<01>(   ！！！   )
dialog	1		21	10	FLD_C8+0133C6	ロックされているわ…
dialog	1		17	8	BTL_A7+053C63	ロックヴァイパー
dialog	1		7	3	BTL_D4+04F45A	ロロス
dialog	1		15	7	BTL_D5+05AEB2	ロンギヌスの槍
dialog	1		33	16	TWN_ZOAH+0346EE	ローダ、お友だちほしいのになあ…
dialog	1		29	14	TWN_ZOAH+01C1B7	ローダには近づかんでもらおう
dialog	1		13	6	1ST_READ+03D3DA	ロードします
dialog	1		14	7	TWN_ZOAH+01AB31	ワの聖堂にある
dialog	1		29	14	TWN_ZOAH+00D932	ワシと、あとひとりを除いてな
dialog	1		35	17	TWN_CARA+0067A2	ワシには、皆の安全を守る義務がある
dialog	1		29	14	TWN_CARA+0065D4	ワシの息子が死んでしまった…
dialog	1		17	8	TWN_ZOAH+02B49C	ワシも、もう年だ
dialog	1		35	17	TWN_CARA+00667D	ワシらの希望は灰になってしまった…
dialog	1		33	16	TWN_CARA+006734	ワシらの目的地は消えてしまった…
dialog	1		39	19	TWN_CARA+005F02	ワシらも、あんたの事情には□をはさまん
dialog	1		9	4	BTL_A5+057D5D	ワムシシ
dialog	1		7	3	TWN_ZOAH+02ACB3	ワーム
dialog	1		11	5	FLD_A5+00D30C	ワーム…？
dialog	1		37	18	TWN_CAMP+00D65D	ワームが作ってくれる、地下の通り道さ
dialog	1		19	9	TWN_CAMP+00D586	ワームだけは別だな
dialog	1		37	18	FLD_A5+00D365	ワームとじゃれてないで先を急ごうぜ！
dialog	1		27	13	FLD_A5+00D78D	ワームの幼生を助けるのか？
dialog	1		33	16	TWN_CAMP+00D3EB	ワームの抜け穴、オアシスの水脈…
dialog	1		15	7	FLD_A5+00F834	ワームの隠れ穴
dialog	1		19	9	FLD_A5+00F843	ワーム親子の隠れ穴
dialog	1		29	14	FLD_A5+00F8E0	ワールドレコードをクリアする
dialog	1		8	4	FLD_C8+015426	ワ路東□
dialog	1		20	10	FLD_B6+009EEC	ンの、なりそこない…
dialog	1		6	3	TWN_CAMP+00CA4D	ンの話
ui	1		146	70	MENUEN+0087C9	ヴァルナ級空中戦艦の\n標準型。帝国領の外へ遠征\nするため、攻性生物をマヒ\nさせる特殊な弾薬を積んで\nいる。これを使われると、\n戦闘が長びくので不利だ。
dialog	1		35	17	TWN_CARA+0174AC	ヴェラトの村の生き残りに会ったら…
dialog	1		39	19	TWN_CARA+016E31	ヴェラトの生き残りって人、見つかったよ
dialog	1		21	10	TWN_ZOAH+02AC06	ヴェロクスの特徴は？
dialog	1		23	11	BTL_A7+053CF4	ヴェロクス＆ヴェロキタ
dialog	1		31	15	BTL_C2+057B5F	ヴリトラの力、試させてもらうぞ
dialog	1		10	5	TWN_CARA+0172F1	・んでみな
dialog	1		135	65	BTL_T0+054DB6	・基本性能の調整\n・成長その1〜基本性能の上昇\n・成長その2〜バーサーク獲得\n・タイプ専用その1〜3ゲージ技\n・タイプ専用その2〜特殊能力
dialog	1		27	13	TWN_CAMP+00CD9D	一体、どういうことなんだ？
dialog	1		17	8	TWN_CAMP+00E5C3	一体、何がだよ？
dialog	1		23	11	TWN_CAMP+00CCBB	一体、何者なんだろうな
dialog	1		37	18	TWN_ZOAH+01A889	一刻も早く、なんとかしてもらわんとな
dialog	1		35	17	TWN_CAMP+00E235	一度、ドラゴンに乗せてくれないか？
dialog	1		31	15	TWN_CAMP+00EF55	一度同調すると、伝わってくるの
dialog	1		15	7	FLD_B6+00AF06	一度道を下ると
dialog	1		29	14	TWN_ZOAH+029356	一応、この前のお礼のつもりよ
dialog	1		23	11	TWN_ZOAH+03B721	一応、神聖区民だけど…
dialog	1		37	18	TWN_ZOAH+0376A6	一段下がったところが、機械置き場だよ
dialog	1		37	18	TWN_ZOAH+03762A	一段下がったところが、機械置き場です
dialog	1		7	3	BTL_B5_3+050DB4	七宝水
dialog	1		11	5	BTL_B5_3+050DA9	七宝水乱射
dialog	1		29	14	FLD_B6+00AF15	上がってこれないかもしれない
dialog	1		31	15	FLD_B6+00A7C8	上のフロアと縦につながっている
dialog	1		21	10	FLD_C8+012CD6	上へ向って飛びたまえ
dialog	1		29	14	FLD_C8+012DAE	上層部に出て、敵の本隊を叩け
dialog	1		21	10	FLD_A3+009207	上昇した！すごいな…
dialog	1		20	8	FLD_A7+006C8C	上空への<03>\n転送装置<03>
dialog	1		37	18	TWN_SEEK+015241	上空を飛べば、必ず道を阻まれるだろう
dialog	1		23	11	TWN_RUIN+00C673	下で層っている何を光う
dialog	1		31	15	TWN_RUIN+00C6A1	下で層っている旧のパーツを光う
dialog	1		11	5	FLD_A3+009248	下降した！
dialog	1		17	8	FLD_B6+009FBE	与えられた使命を
dialog	1		37	18	BTL_D5+05AD63	与えられた使命を守り続けることこそが
dialog	1		25	12	TWN_RUIN+00C6C0	世使ちの旧のパーツを層る
dialog	1		35	17	TWN_SEEK+01530B	世界は、旧世紀の意志から開放される
dialog	1		35	17	TWN_SEEK+01533B	世界管理の意志を無に還す鍵だという
dialog	1		315	152	TWN_CARA+030ACE	世紀の械車から引を獲くエッジ。\nこの見くには「加」と置ばれる跡腕があり\nクレイメン夫火はそこに具かったという。\nこの旅に荷んでいるパエットという吊が、\n加の爪を抜しく箱っているらしい。\nエッジは、その吊が保いたという加の存を\n小に腐れる。そこには、ドラゴンが使せた\n液と潰じ何材があった。\n \n(炉持運・式水山積上発時内)\n
dialog	1		23	11	TWN_CAMP+02AA6E	世跡男俺な連実仲を世る
dialog	1		33	16	BTL_D2_2+050298	両側の攻性生物が直接エネルギーを
dialog	1		7	3	BTL_A3+0531E1	串刺し
dialog	1		25	12	BTL_C2+057C50	主砲、充填完了しました！
dialog	1		17	8	BTL_C2+057B4E	主砲、充填急げ！
dialog	1		15	7	BTL_C2+057C8A	主砲、発射準備
dialog	1		19	9	BTL_C2+057C9E	主砲、続けていくぞ
dialog	1		17	8	BTL_C2+057C20	主砲はまだか！？
dialog	1		35	17	BTL_C2+057B2B	主砲を除く各部、出力開放、いけます
dialog	1		29	14	BTL_C5+05226D	主砲旋回急げ、日が暮れるぞ！
dialog	1		11	5	BTL_C2_2+057270	主翼部投来
dialog	1		23	11	BTL_C5+052120	了解、これより交戦する
dialog	1		17	8	BTL_C5+0520A9	了解、健闘を祈る
slot	1	31	31	15	TWN_ZOAH+023DD2	二度とその巣は使わねえんだとさ
dialog	1		31	15	TWN_SEEK+00E99A	二股に分かれた橋があっただろ？
dialog	1		21	10	TWN_ZOAH+01E475	亡くなったんですか…
dialog	1		31	15	TWN_ZOAH+01C29B	人が増えないようにしてるのか…
dialog	1		19	9	FLD_B6+009FAB	人によって造られ、
dialog	1		33	16	FLD_C8+013F70	人の似姿に造ったりしたのかしら…
dialog	1		37	18	TWN_SEEK+015B17	人の姿を与えられた、旧世紀の創造物だ
dialog	1		39	19	FLD_B6+009F33	人の手によって作り出された生き物…！？
dialog	1		19	9	TWN_ZOAH+03E663	人を…探してるんだ
dialog	1		39	19	TWN_CAMP+00DB4B	人前で乗り回してると、色々めんどうだぜ
dialog	1		35	17	TWN_SEEK+0073A4	人死にが出たのを、気にしたのかねえ
dialog	1		39	19	TWN_CAMP+00DC63	人間が、神様みたいな力を持ってた時代さ
dialog	1		35	17	TWN_ZOAH+03EA61	人間が触れるべきじゃないってことさ
dialog	1		27	13	FLD_C8+0140A7	人間だって、生まれた時から
dialog	1		33	16	TWN_CAMP+00E301	人間ふたりぐらい、軽いもんだろ？
dialog	1		29	14	FLD_C8+0140C2	人間らしいわけじゃないんだ…
dialog	1		38	18	1ST_READ+03D2A9	今あるデータは消えます。\nいいですか？
dialog	1		33	16	TWN_CAMP+00DEBB	今じゃ、世界中にはびこってやがる
dialog	1		25	12	TWN_ZOAH+023B3D	今じゃ、何もかも湖の底よ
dialog	1		37	18	TWN_CAMP+00D9CF	今じゃ、大陸のほとんどが帝国の領土さ
dialog	1		37	18	TWN_SEEK+015BED	今でも、この世界を縛り続けているのだ
dialog	1		11	5	FLD_C8+0144A1	今ならまだ
dialog	1		13	6	FLD_C8+013A50	今ならまだ、
dialog	1		29	14	FLD_C8+014661	今のうちにお礼を言っておくわ
dialog	1		31	15	FLD_C8+0139E2	今のが、この塔のガーディアン…
dialog	1		31	15	FLD_C8+013D7C	今のが、最後のガーディアンよ…
dialog	1		31	15	FLD_C8+014B0B	今のが警戒システムのセンサーよ
dialog	1		22	9	FLD_A7+008179	今のタイプは<03>\n心技型<03>
dialog	1		22	9	FLD_A7+007D65	今のタイプは<03>\n攻撃型<03>
dialog	1		22	9	FLD_A7+0079FB	今のタイプは<03>\n標準型<03>
dialog	1		22	9	FLD_A7+007F83	今のタイプは<03>\n機動型<03>
dialog	1		22	9	FLD_A7+007B74	今のタイプは<03>\n防御型<03>
dialog	1		33	16	FLD_B6+00A999	今のパートナーを信じたらどうだ？
dialog	1		31	15	BTL_A5_2+05AC19	今の一撃はかなり効いたみたいだ
dialog	1		35	17	FLD_C8+014042	今の君は、あのガーディアン達を見て
dialog	1		39	19	TWN_ZOAH+01A966	今は、次期司祭を決定する微妙な時期でな
dialog	1		39	19	FLD_C8+013371	今はエッジ、あなたを、信じているから…
dialog	1		27	13	FLD_C8+012E1D	今は君に期待するしかない…
dialog	1		29	14	BTL_A3_2+054E4C	今までの奴とは雰囲気が違う…
dialog	1		35	17	TWN_ZOAH+037375	今度、給金が下げられるらしいんです
dialog	1		35	17	TWN_CARA+009B9A	今度の獲物を使って、こしらえたんだ
dialog	1		25	12	TWN_CARA+0167FF	今度は、シーカーの客だぜ
dialog	1		39	19	TWN_ZOAH+02FBAE	今度は、バイマンさんが街を仕切るんだね
dialog	1		17	8	FLD_B6+009D1F	今度は何なんだ？
dialog	1		31	15	TWN_ZOAH+00F1AD	今後はおまえにまかせようと思う
dialog	1		37	18	TWN_ZOAH+01A9C1	今日のところは、これで引き取ってくれ
dialog	1		33	16	TWN_CARA+0165B1	仕事を探してんなら、他をあたりな
dialog	1		31	15	TWN_ZOAH+018E98	他の仲間は、みんな死んじまった
dialog	1		39	19	TWN_SEEK+015B3E	他の創造物とつながり、操ることができる
slot	1	33	25	12	TWN_ZOAH+03B6C5	他の奴には黙っててくれよ
dialog	1		39	19	TWN_ZOAH+0346C7	他の子は生まれてきちゃだめって言ったの
dialog	1		23	11	FLD_A5+00D498	他の遣物に同調したんだ
dialog	1		25	12	TWN_CARA+009541	代金を払いに来たのかい？
dialog	1		95	45	BTL_T0+054FCA	以下の性能の上昇に関係する。\n・レーザーの基本威力\n・BPの最大値\n・HPの最大値\n・銃の基本威力
dialog	1		119	57	BTL_T0+054E86	以下の性能を一時的に調整できる。\n・レーザーの威力\n・バーサークの威力＆消費BP\n・敵の攻撃によるダメージ\n・位置取り速度
dialog	1		115	55	BTL_T0+055155	以下の系統のバーサークに関係。\n・攻撃系統バーサーク\n・心技系統バーサーク\n・防御系統バーサーク\n・機動系統バーサーク
dialog	1		17	8	BTL_B6_2+053C92	仲間を殺しすぎた
dialog	1		31	15	BTL_C8+04EA10	任務完遂のため捨て身でかかるぞ
dialog	1		25	12	TWN_CAMP+02AAA4	会実ちの間のパーツを世る
dialog	1		25	12	FLD_A3+0094EE	位置取り1〜敵からの攻撃
dialog	1		23	11	FLD_A3+009511	位置取り2〜敵への攻撃
dialog	1		83	40	BTL_T0+053E44	位置取りは、敵に対して\n方向ボタンで左方向か右方向に\n90度ずつ回り込むことで行う。
dialog	1		97	47	BTL_T0+053E97	位置取りはゲージを消費しないので\n好きな時に行なうことができるが\n位置取り中はゲージが増加しない。
dialog	1		297	143	TWN_ZOAH+062606	住加ではクレイメンが床っていたが、\nエッジを基けようとしたパエットの\n相柱によって待区は石当してしまい、\nクレイメンの読写は昔理のままとなる。\n会の等、バイマンは、道待の高机の肉を\nエッジに窓す。そこに、通の立上である\n「『吊り棒』の棒話」が聞部されて\nいるという。\n \n(辺境貴・ムービー時で跡械古井)\n
dialog	1		39	19	TWN_ZOAH+037341	住民権をもらえるのは、まだまだ先ですね
dialog	1		33	16	TWN_ZOAH+019595	体を張って食いぶちを稼ぐなんて…
dialog	1		15	7	TWN_ZOAH+02AC3B	体力を回復する
dialog	1		11	5	BTL_B6+05B188	体力回復液
dialog	1		23	11	TWN_CAMP+00F3EB	何か、まずい事言った？
dialog	1		31	15	TWN_ZOAH+030155	何かあったら、いつでも来てくれ
dialog	1		29	14	TWN_SEEK+01891D	何かあるといけないからって…
dialog	1		37	18	TWN_CARA+009621	何かいい品物があったら、見せてくれよ
dialog	1		13	6	BTL_C2+0577D0	何かいるぞ！
dialog	1		29	14	TWN_CARA+006434	何かこしらえとるかもしれんぞ
dialog	1		74	35	BTL_T0+054EFD	何かの能力を上げると\n何かが下がるので\n状況に合わせて調整することが\n重要。
dialog	1		33	16	TWN_ZOAH+0131A2	何かやらかすんなら、昼間にしとけ
dialog	1		112	54	BTL_T0+05506C	何かを極端に強く育てることも\n全てを平均的に育てるも自由。\n自分のプレイスタイルに合うように\n育てることができる。
dialog	1		33	16	TWN_CARA+006534	何かを残したくなる時が来るものだ
dialog	1		21	10	TWN_CAMP+00D84D	何か知ってるのか！？
dialog	1		27	13	FLD_A5+00D84B	何か起こんなきゃいいがな…
dialog	1		23	11	FLD_C8+013268	何か重要な目的のために
dialog	1		33	16	TWN_SEEK+018861	何か食べた方がいいんじゃないか？
dialog	1		21	10	TWN_ZOAH+02FC22	何がうれしいってんだ
dialog	1		31	15	TWN_ZOAH+0190F8	何がわかるってんだ、このガキ！
dialog	1		19	9	TWN_CAMP+00C7A2	何だか知らねえが…
dialog	1		33	16	FLD_C8+012C7A	何だここは…これが塔の中心部…？
dialog	1		13	6	TWN_ZOAH+02F189	何だこりゃ？
dialog	1		15	7	FLD_B6+00A91B	何だよ？ 急に
dialog	1		23	11	BTL_B6+05B259	何だ！ 降ってきた！？
dialog	1		17	8	BTL_A5_2+05ACB3	何だ？ こいつ…
dialog	1		21	10	FLD_C8+014AB2	何だ？ このスイッチ
dialog	1		31	15	TWN_ZOAH+023BAD	何でも聞けって言ったじゃないか
dialog	1		37	18	TWN_CAMP+00DE3F	何のために作られたのかは、誰も知らん
dialog	1		21	10	FLD_C8+013FC7	何の意味もないのに…
dialog	1		35	17	TWN_CAMP+00BF4F	何も知らずに、砂漠は越えられないぜ
dialog	1		29	14	TWN_CAMP+00D5BE	何より、抜け穴を作ってくれる
dialog	1		31	15	TWN_ZOAH+028E93	何をしたって、死ぬときは死ぬし
dialog	1		37	18	TWN_SEEK+00BB00	何度も見たよ…「透視板」の幻だけどな
dialog	1		17	8	FLD_B6+00B0A1	何階だ？ ここ…
dialog	1		23	11	BTL_A7_2+050F93	何！？ そんなバカな…
dialog	1		23	11	BTL_C2+0577B2	何！？近くにいるのか？
dialog	1		139	67	BTL_T0+053B84	余ったゲージ量はそのまま残る。\n1ゲージたまるごとに使うか\n複数ゲージためてから使うか\n状況に応じて使い分けることで\n戦いを有利に進められる。
dialog	1		39	19	TWN_ZOAH+03DD2B	作りかけもあるけど、だいたいはそうだな
dialog	1		19	9	FLD_A5+00D4DD	作動を始めたはずだ
dialog	1		15	7	FLD_C8+01396F	作動停止します
dialog	1		23	11	TWN_CARA+031E6B	使で終っている了を夜う
dialog	1		31	15	TWN_CARA+031E99	使で終っている荷のパーツを夜う
dialog	1		19	9	1ST_READ+03D3C7	使用されていません
dialog	1		87	42	BTL_T0+053D7F	例えば、現在ドラゴンのいる\n色がついていない方向に対しては\n危険度の低い攻撃が行われる。
dialog	1		116	56	FLD_A3+009A24	例えば、自分の位置取り中にも\n敵のゲージは進行しているので、\n位置取りが終わったとたんに\n攻撃されてしまう場合がある。
dialog	1		15	7	BTL_B5+0520F9	例の弾薬を使え
dialog	1		21	10	TWN_CARA+009D1F	例の薬が効いたようだ
dialog	1		19	9	FLD_A7+006C32	侵入者の存在を確認
dialog	1		33	16	FLD_A7+006D32	侵入者確認…ガーディアン作動開始
dialog	1		11	5	FLD_C8+012BE5	侵攻中だ…
dialog	1		7	3	BTL_C2+057779	信号弾
dialog	1		23	11	BTL_C2+0578EB	信号弾射出地点付近です
dialog	1		35	17	TWN_ZOAH+03712A	信心が足りないと思われないようにね
dialog	1		5	2	BTL_D4+04F466	修復
dialog	1		29	14	BTL_C5_2+04FBFF	修復作業完了、問題ありません
dialog	1		35	17	TWN_ZOAH+03B5D9	俺、あの船に乗って、外に出たいんだ
dialog	1		39	19	TWN_SEEK+016751	俺、シーカーの仲間に入ったばかりなんだ
dialog	1		19	9	TWN_ZOAH+03B706	俺、ベゼルってんだ
dialog	1		33	16	TWN_ZOAH+03B069	俺、ベゼルってんだ！ よろしく！
dialog	1		33	16	TWN_ZOAH+03B3FF	俺、自分の力で生きていきたいんだ
dialog	1		13	6	TWN_ZOAH+02FA2E	俺が知るかよ
dialog	1		27	13	TWN_CARA+016902	俺が礼を言うのも変だけど…
dialog	1		35	17	TWN_ZOAH+02F265	俺が驚くようなものを拾ってくるまで
dialog	1		37	18	TWN_CAMP+00E1CF	俺たちは、俺たちのやるべき事をやる…
dialog	1		35	17	TWN_ZOAH+02FCBA	俺だって、いつもこうやってるんだぜ
dialog	1		27	13	TWN_SEEK+00B9EB	俺と一緒に逃げてきた奴だよ
dialog	1		33	16	TWN_CAMP+00E489	俺には、例の記録機械があるからな
dialog	1		37	18	TWN_ZOAH+01317D	俺の仕事中には、めんどうを起こすなよ
dialog	1		31	15	TWN_ZOAH+018561	俺の名はアルドーだ、覚えときな
dialog	1		29	14	TWN_CARA+009604	俺の名はバイカだ、よろしくな
dialog	1		39	19	TWN_SEEK+009A4B	俺の名はベゼル…ゾアの司祭ダモンの孫さ
dialog	1		25	12	TWN_CARA+017039	俺の村のある所だったんだ
dialog	1		31	15	TWN_SEEK+00C139	俺の研究がシーカーの間に残れば
dialog	1		35	17	TWN_SEEK+00C334	俺の研究って、一体何だったんだよ…
dialog	1		35	17	TWN_ZOAH+02F511	俺の計算じゃ、帝国にだって行けるぜ
dialog	1		27	13	TWN_ZOAH+023A65	俺は、あそこの出身だからよ
dialog	1		31	15	TWN_ZOAH+019631	俺は、この街を捨てる気はねえよ
dialog	1		25	12	TWN_ZOAH+01944B	俺は、アルドーってもんだ
dialog	1		21	10	TWN_ZOAH+03DD5F	俺は、ヤレドってんだ
dialog	1		27	13	TWN_ZOAH+0196CD	俺は、当分ここから出ねえよ
dialog	1		31	15	TWN_ZOAH+030136	俺は、昼間はたいていここにいる
dialog	1		37	18	TWN_ZOAH+013157	俺は、神聖区門番のアブネルってもんだ
dialog	1		35	17	TWN_SEEK+016712	俺は「探索兵」ペレツだ、よろしくな
dialog	1		39	19	TWN_ZOAH+03062E	俺はただ、頼まれて銃を修理しただけだぜ
dialog	1		31	15	TWN_ZOAH+039C6D	俺はエフタってんだ、よろしくな
dialog	1		35	17	TWN_ZOAH+0370A5	俺はシフレっていうんだ、よろしくな
dialog	1		31	15	TWN_ZOAH+03731C	俺は何年も門番をやっていますが
dialog	1		33	16	TWN_CARA+016FAE	俺は村を出て、帝国の傭兵になった
dialog	1		37	18	TWN_CARA+01705C	俺は脱走して、村に知らせに行ったが…
dialog	1		31	15	TWN_ZOAH+018733	俺みたいになりたくなけりゃあな
dialog	1		35	17	TWN_ZOAH+03E3FD	俺も、いろんな場所を旅してきたが…
dialog	1		31	15	TWN_ZOAH+018DCF	俺も、おまえと同業だったんだぜ
dialog	1		31	15	TWN_SEEK+00C0C9	俺も、何か残してみたくなってさ
dialog	1		35	17	TWN_ZOAH+0387C4	俺も、神聖区のお役に立ちたいです…
dialog	1		23	11	TWN_ZOAH+014E7F	俺もよく知らねえけど…
dialog	1		35	17	TWN_ZOAH+02F1B9	俺をごまかせるとでも思ってんのか！
dialog	1		17	8	TWN_SEEK+00BC2A	俺を説得しろって
dialog	1		35	17	TWN_ZOAH+018919	俺達が、ろくな物拾ってこねえからさ
dialog	1		39	19	TWN_ZOAH+018EB7	俺達だけが、この街に逃げ込んだんだが…
dialog	1		37	18	TWN_CAMP+00DE64	俺達にとっちゃ、宝物庫みたいなもんさ
dialog	1		21	10	TWN_ZOAH+0237BE	俺達にゃ縁のねえ所よ
dialog	1		19	9	TWN_ZOAH+018887	俺達にゃ関係ねえよ
dialog	1		39	19	TWN_CARA+00A366	俺達の一族じゃ、男は必ずハンターになる
dialog	1		39	19	TWN_ZOAH+01864E	俺達は、わざわざ金で買わなきゃならねえ
dialog	1		21	10	TWN_SEEK+016826	俺達はそろそろ出るよ
dialog	1		39	19	TWN_CARA+016726	俺達みたいなのを受け入れてくれるのかね
dialog	1		21	10	BTL_A3_2+054ECC	倒した…危なかった…
dialog	1		37	18	BTL_C5+05215F	倒せば昇進も間違いないぞ、攻撃開始！
dialog	1		21	10	BTL_C2+05786E	側方に火力を集中しろ
dialog	1		9	4	BTL_C8+04EAF7	催涙ガス
dialog	1		27	13	TWN_ZOAH+019124	儀だって、仲間を殺された…
dialog	1		27	13	TWN_CAMP+00F53F	儀には、そんな事できないよ
dialog	1		31	15	TWN_ZOAH+01AC2E	儀には、まだやることがあるんだ
dialog	1		39	19	TWN_ZOAH+02B1BD	儀には、やらなくちゃいけないことがある
dialog	1		33	16	BTL_A3_2+054E69	儀の腕で倒すことができるのか…？
dialog	1		29	14	TWN_SEEK+009BAF	儀は…神の使いなんかじゃない
dialog	1		23	11	FLD_C8+01401A	儀は、そうは思わない…
dialog	1		33	16	TWN_CAMP+00F3B1	儀は、今の方が普通だと思うけどな
dialog	1		39	19	TWN_CAMP+00DCAC	儀は、遣跡の発掘所を警備してたんだけど
dialog	1		29	14	BTL_X0+05E148	儀は君と戦うつもりはない！！
dialog	1		35	17	TWN_CAMP+00F77F	儀らは、発掘所で一度会ってるんだよ
dialog	1		39	19	TWN_SEEK+015D54	元来、帝国の始祖はシーカーの一派だった
dialog	1		21	10	TWN_ZOAH+01E50E	元気で結構じゃないか
dialog	1		5	2	BTL_C8_2+04F0A3	充電
dialog	1		57	26	BTL_T0+054E3D	先の3つは微妙な調整に対応し\n後の2つは後述の「<03>\nタイプ<03>
dialog	1		23	11	TWN_ZOAH+0372B5	先日はすみませんでした
dialog	1		19	9	FLD_A3+00956F	先行入力と連続攻撃
dialog	1		80	38	FLD_A3+009B29	先行入力は、\n・敵(自分)の位置取り中\n・敵(自分)の行動中\nに行うことができる。
dialog	1		116	56	FLD_A3+009BDF	先行入力をうまく利用すれば、\n時間のロスを減らせるだけでなく\n敵の先手を取りやすくなるので、\n戦いが非常に有利になる。
dialog	1		7	3	BTL_C4+053FDF	光子砲
dialog	1		15	7	BTL_C4+053FD0	光子砲バリスタ
dialog	1		101	47	BTL_T0+05438B	光学耐性の敵には効果が弱い。\n光学耐性の敵に銃を向けると\n<03>\nANTI LASER\n(アンチ レーザー)<03>
dialog	1		11	5	BTL_B2+04FD33	光粒子充填
dialog	1		19	9	BTL_C4+05404E	光粒子炉融合20％
dialog	1		19	9	BTL_C4+054061	光粒子炉融合50％
dialog	1		19	9	BTL_C4+054074	光粒子炉融合90％
dialog	1		33	16	TWN_ZOAH+0192DF	入るのは楽でも、出るのはつらいぜ
dialog	1		37	18	FLD_B6+009FCF	全うするためだけに生き続けるものたち
slot	1	29	29	14	TWN_SEEK+012739	全ての塔は、一瞬で死に絶える
dialog	1		33	16	TWN_SEEK+0152BC	全ての塔をコントロールする場所だ
dialog	1		25	12	TWN_SEEK+012648	全ての塔を統べる魂の器…
dialog	1		17	8	FLD_B5+0090A6	全てを回収し、…
ui	1		5	2	MENUEN+001E2E	全幅
dialog	1		19	9	BTL_C5+0520EE	全滅したもようです
dialog	1		23	11	FLD_A3+0093AB	全艦、戦闘隊形を取れ！
ui	1		5	2	MENUEN+001E24	全長
ui	1		5	2	MENUEN+001E29	全高
dialog	1		7	3	BTL_A5_2+05AA44	共食い
dialog	1		37	18	TWN_ZOAH+0235B5	兵隊相手ならいい商売になるぜ、きっと
dialog	1		13	6	TWN_SEEK+0187FD	具合はどう？
dialog	1		35	17	TWN_CAMP+00DA1C	内乱があって、帝都が壊滅したとか…
dialog	1		27	13	FLD_C8+013BFD	内部の構造も少し変化してる
dialog	1		23	11	BTL_C2+057CB1	再充填に少しかかります
dialog	1		5	2	BTL_A5_3+04F86F	再生
dialog	1		15	7	BTL_A5_3+04F92F	再生は夢の続き
dialog	1		15	7	BTL_B5+052280	再起動を急げ！
dialog	1		7	3	BTL_B6+05B22D	再配置
dialog	1		15	7	TWN_ZOAH+018987	冗談じゃねえや
dialog	1		25	12	TWN_ZOAH+037710	出□の右側にあるそうです
dialog	1		19	9	BTL_B6+05B31B	出□を探すのが先だ
dialog	1		19	9	BTL_B6+05B2DE	出力が上がらない…
dialog	1		17	8	BTL_C2_2+05712B	出力上昇、発進！
dialog	1		29	14	BTL_C2+057BEA	出力低下、高度を保てません！
dialog	1		23	11	TWN_SEEK+02EB52	出待朝扉な閉柱棚を出る
dialog	1		21	10	FLD_C8+014AEA	切りかえるスイッチよ
dialog	1		27	13	TWN_CAMP+00E03F	初めて会った時の事は謝るよ
dialog	1		23	11	BTL_A5_2+05ACC4	初めて見る攻性生物だな
dialog	1		27	13	TWN_ZOAH+03B04E	初めて見る顔だね…旅の人？
dialog	1		21	10	TWN_ZOAH+019000	別に、謝るこたねえよ
dialog	1		9	4	TWN_ZOAH+03E9E6	別に何も
dialog	1		25	12	TWN_CARA+0069A3	別に好きで雇っとりゃせん
dialog	1		23	11	TWN_ZOAH+01C3AA	別に驚くにはあたらない
dialog	1		21	10	BTL_B6+05B113	別の攻撃に切り替えろ
dialog	1		9	4	BTL_C5_2+04F982	制圧射撃
dialog	1		37	18	TWN_ZOAH+01E443	前の司祭様の息子さん夫婦は、その時…
dialog	1		29	14	TWN_CAMP+00F2B4	前は、もっと冷たい感じだった
ui	1		7	3	MENUEN+002004	前左右
ui	1		7	3	MENUEN+001FF6	前後右
ui	1		7	3	MENUEN+001FDA	前後左
slot	1	23	5	2	TWN_ZOAH+02AB29	前方
dialog	1		15	7	BTL_B5+052143	前方銃座、開け
dialog	1		23	11	BTL_A7_2+050E60	副砲、充填完了しました
dialog	1		17	8	BTL_C2+057A4A	副砲、砲撃用意！
dialog	1		29	14	BTL_C2+057B7E	副砲の動力伝達に障害が発生！
dialog	1		29	14	BTL_C2+057D07	副砲動力、復旧完了しました！
dialog	1		27	13	TWN_CAMP+00F5AA	力が目覚めたから、わかるの
dialog	1		17	8	TWN_EXCA+001628	力が目覚める前…
dialog	1		27	13	TWN_ZOAH+0333E0	力になってやろうじゃないか
dialog	1		17	8	BTL_B6+05B147	力を与えすぎた…
dialog	1		5	2	BTL_D5+05ABEE	加速
dialog	1		31	15	BTL_C2_2+0571B3	加速最終局面、噴進弾射出します
dialog	1		33	16	BTL_C2_2+057308	加速最終局面までブースターで滑走
dialog	1		19	9	BTL_C2_2+05718F	加速準備できました
dialog	1		25	12	TWN_ZOAH+028EB2	助かるときは助かるものよ
dialog	1		27	13	TWN_SEEK+00E921	助けてやるんじゃなかったよ
dialog	1		25	12	TWN_ZOAH+03E295	動いてる奴なんか、特にね
dialog	1		39	19	BTL_B2+04FD8E	動きが止まった！ エッジ、チャンスだ！
dialog	1		23	11	FLD_C8+013923	動作を切りかえればいい
dialog	1		9	4	BTL_B5_2+058C60	動力復旧
dialog	1		27	13	TWN_ZOAH+02354B	勝手に住み着いちまったのさ
dialog	1		27	13	TWN_ZOAH+013DE3	勝手に居着いてもいいんだぜ
dialog	1		15	7	FLD_B5+00B013	北奥部への出□
dialog	1		31	15	TWN_ZOAH+06335D	区で開っている出のパーツをDnう
dialog	1		23	11	TWN_ZOAH+06332F	区で開っている放をDnう
dialog	1		33	16	TWN_CAMP+00C7DA	半分は、それが目当てだったからな
dialog	1		23	11	FLD_B5+00AFFC	南部水没遣跡群への出□
dialog	1		37	18	TWN_ZOAH+02AEE4	危ない時は、それを使って逃げるんだな
dialog	1		31	15	TWN_CARA+009CAB	危険な狩りもしなくてすむだろう
dialog	1		29	14	TWN_ZOAH+038D96	去年と同じだけ払ってるのに…
dialog	1		31	15	TWN_ZOAH+037533	友達に用事だって言ってたけど…
dialog	1		25	12	TWN_ZOAH+014D7D	友達に用事だとか言ってよ
dialog	1		25	12	BTL_B2+04FF07	反応しているのかもしれん
dialog	1		13	6	TWN_CAMP+00CDFA	収容…って…
dialog	1		37	18	TWN_ZOAH+038D49	取り引き中なんだ、邪魔しないでくれよ
dialog	1		5	2	BTL_B6_2+053B4D	召喚
dialog	1		11	5	TWN_CAMP+0102A4	叱りつける
dialog	1		9	4	BTL_A5_2+05AA4B	右腕マヒ
dialog	1		15	7	BTL_C2_2+05713C	右舷に敵影確認
dialog	1		13	6	BTL_B5_2+058C53	右舷動力停止
dialog	1		27	13	TWN_ZOAH+018A92	司祭になりたくねえのかな？
dialog	1		19	9	TWN_SEEK+00B9D8	司祭の孫のベゼルさ
dialog	1		31	15	TWN_ZOAH+03B4AD	司祭をやめさせられたんだってね
dialog	1		21	10	TWN_ZOAH+02F448	司祭様にしかられるぜ
dialog	1		31	15	TWN_ZOAH+033132	司祭様に対して、失礼じゃないか
dialog	1		29	14	TWN_ZOAH+032FBA	司祭様に知られると困るんでな
dialog	1		19	9	TWN_ZOAH+01E2FF	司祭様のお孫さんね
dialog	1		37	18	TWN_ZOAH+03327D	司祭選出のために働いてくれたそうだな
dialog	1		119	57	BTL_T0+0554ED	各タイプには\n専用のバーサークが存在し、\nそのタイプでないと使用できない。\nゲージを3ゲージ消費するが\nBPは消費しない。
ui	1		17	8	MENUEN+001F32	各ドラゴンモデル
dialog	1		57	26	BTL_T0+0545D7	各バーサークは決まった量の\n<03>\nバーサークポイント(BP)<03>
dialog	1		39	19	BTL_C2+057943	各冥、帝国艦隊の力を思い知らせてやれ！
dialog	1		19	9	BTL_C2+057766	各機、哨戒を忌るな
dialog	1		29	14	BTL_B5+051FEA	各機、弾をしこたまくれてやれ
dialog	1		21	10	BTL_C5+052137	各機、聞いての通りだ
dialog	1		21	10	BTL_C8+04EA70	各機、遅れをとるな！
dialog	1		19	9	BTL_B5+052007	各機とも油断するな
dialog	1		21	10	BTL_B5+0521BD	各艦、死ぬ気でかかれ
dialog	1		39	19	BTL_C5_2+04FB1D	各部に伝達、皇帝砲発射の衝撃に備えろ！
dialog	1		33	16	BTL_C2+057883	各銃座、対攻性生物弾に切り替えろ
dialog	1		41	20	BTL_T0+05385B	各銃座、積み残しはなしだ！全弾ぶち込め！
dialog	1		29	14	BTL_C8+04E99C	各隊とも、とにかく時間を稼げ
dialog	1		17	8	BTL_B5+052176	各隊とも後に続け
dialog	1		23	11	BTL_B5+05209B	各隊へ、攻撃を開始する
dialog	1		35	17	TWN_SEEK+015FB4	同様の発掘品に関する記録があるのだ
dialog	1		23	11	FLD_C8+0147E6	同調してて、私だけでは
dialog	1		17	8	TWN_CAMP+00F501	同調って、何と？
dialog	1		31	15	TWN_CAMP+00F07E	名前くらいなら、入力されてるわ
dialog	1		13	6	TWN_CAMP+01010F	名前をつける
dialog	1		33	16	TWN_ZOAH+033104	君、ここをどこだと思ってるんだね
dialog	1		33	16	TWN_ZOAH+033829	君、それをひとつ売ってくれないか
dialog	1		27	13	TWN_SEEK+015E3B	君が情報を必要とする限りな
dialog	1		27	13	FLD_C8+01318D	君だけでもドラゴンに乗って
dialog	1		35	17	TWN_ZOAH+01B0EE	君とドラゴンがいれば、街は安泰だよ
dialog	1		35	17	TWN_ZOAH+01AC80	君には君の都合があるかもしれんが…
dialog	1		33	16	TWN_SEEK+01243E	君に渡した書物にも書いてあるが…
dialog	1		29	14	TWN_SEEK+012356	君に託されるべきものだからだ
dialog	1		21	10	FLD_C8+0146B5	君のおかげでもあるさ
dialog	1		39	19	TWN_SEEK+0152E4	君のドラゴンがセストレンを破壊した時…
dialog	1		39	19	TWN_SEEK+01245F	君のドラゴンには、塔を破壊する力がある
dialog	1		39	19	TWN_SEEK+015381	君のドラゴンを指す言棄だとわかったのは
dialog	1		29	14	TWN_CAMP+00ED3F	君は、あそこで生まれたんだね
dialog	1		23	11	FLD_C8+01451B	君はなにがどうあっても
dialog	1		17	8	FLD_C8+01332F	君は全部承知で…
dialog	1		29	14	TWN_ZOAH+01B11E	君は息子と仲がいいんだったな
dialog	1		37	18	TWN_ZOAH+032CE8	君も、この街の噂を聞いて来たのかね？
dialog	1		31	15	FLD_C8+0144E9	君をここに置き去りにしてかい？
dialog	1		5	2	BTL_A5_2+05AA25	吸収
dialog	1		31	15	BTL_B6+05B128	吸収させるな、次は自爆してくる
dialog	1		15	7	BTL_B6+05B0E3	吸収されている
dialog	1		13	6	BTL_C5_2+04FA40	吸排気□開放
dialog	1		17	8	TWN_ZOAH+019338	呆れた野郎だぜ…
dialog	1		9	4	BTL_D5+05AECA	周回探知
dialog	1		21	10	BTL_D5+05AE65	周回探知システム作動
dialog	1		29	14	TWN_CAMP+00F5F9	命のつながりのようなものを…
dialog	1		25	12	TWN_SEEK+02EB88	品柱ちの薬のパーツを出る
dialog	1		19	9	FLD_B6+00A263	唯一の私の仲間だ…
dialog	1		31	15	TWN_ZOAH+033043	商品としても非常に高価なものだ
dialog	1		35	17	TWN_ZOAH+023987	商売の時だけ相手にしてりゃいいんだ
dialog	1		9	4	TWN_ZOAH+02316F	噂だ、噂
dialog	1		21	10	TWN_CARA+009C61	噂は本当だったんだな
dialog	1		35	17	BTL_C2_2+0570F1	噴進弾射出と同時に戦域を離脱する！
dialog	1		23	11	FLD_B6+00A1D0	回復しているんだろう…
dialog	1		75	36	TWN_CAMP+0294E4	回復を話旧するが世い紀を遣けている。\n跡はエッジに男俺を連すと実に仲える。\n
dialog	1		86	41	FLD_A3+009842	回復系のバーサークは\n1ゲージで使用できる。\nレベルアップによって\n覚えることができる。
dialog	1		7	3	TWN_CAMP+02AA50	回復話
dialog	1		13	6	BTL_C5_2+04F924	回転砲台準備
dialog	1		13	6	FLD_C8+01543D	回転通路内部
dialog	1		13	6	BTL_C5_2+04F975	回転速度最大
dialog	1		39	19	TWN_CARA+00CC86	地上に残った人間のために遣わされたんだ
dialog	1		39	19	TWN_CAMP+00D754	地上の入□が、かろうじて生きてるだけさ
dialog	1		15	7	FLD_B6+00B1BE	地上へのゲート
dialog	1		39	19	FLD_B6+009C79	地上へ直接出られるエレベーターがある…
slot	1	23	9	4	FLD_B6+00B376	地下1階
dialog	1		9	4	FLD_B6+00B37F	地下2階
dialog	1		21	10	FLD_B6+00B267	地下2階 へのゲート
slot	1	23	13	6	FLD_B6+00B3AA	地下3階 東
slot	1	23	13	6	FLD_B6+00B3C1	地下3階 西
dialog	1		23	11	FLD_B6+00B295	地下3階 西へのゲート
slot	1	23	9	4	FLD_B6+00B3D8	地下4階
dialog	1		13	6	FLD_B6+00B0BE	地下4階だ…
dialog	1		9	4	FLD_B6+00B3E1	地下5階
dialog	1		35	17	TWN_CAMP+00E54B	地下から行く道が、封印されてたんだ
dialog	1		25	12	BTL_B6_2+053BBD	地下での戦闘と同じ要領だ
dialog	1		33	16	TWN_CAMP+00D6B4	地下にある、ばかでかい遣跡の跡だ
ui	1		124	59	MENUEN+005B8F	地下の施設の封印を\n解除したときに復活した\nウルのガーディアン。\n分離や合体をしながら、\n雷を使った様々な攻撃を\nしかけてきた。
dialog	1		35	17	FLD_B5+009054	地下の施設を3つのキーで封印した…
dialog	1		39	19	TWN_CAMP+00D4D6	地下の水脈が、そのまま通り道になるのさ
dialog	1		39	19	TWN_CAMP+00D629	地下を掘り進んだ跡が、通り道になるのさ
dialog	1		29	14	TWN_CAMP+00D3A4	地下を通るって…どうやって？
dialog	1		11	5	FLD_B6+00B388	地下ドーム
dialog	1		9	4	FLD_A5+00F81D	地下通路
dialog	1		35	17	FLD_A5+00D558	地下遣跡への入□が砂でふさがれてる
dialog	1		9	4	FLD_B6+00B3EA	地下？階
dialog	1		11	5	FLD_B6+00B3F3	地下？？階
slot	1	23	21	10	FLD_B6+00B35F	地下？？階への入り□
ui	1		9	4	FLAGEDIT+0011D6	地図入手
dialog	1		35	17	TWN_CAMP+00E984	地面に降りたら、すぐ直っちまったよ
dialog	1		35	17	TWN_CARA+0173A4	基地を警備した時の指示書ならあるぜ
dialog	1		161	78	FLD_A7+00703C	基本能力には相関関係があり、\n攻撃力を上げると心技力が下がる。\n心技力を上げると攻撃力が下がる。\n防御力を上げると機動力が下がる。\n機動力を上げると防御力が下がる。
dialog	1		7	3	1ST_READ+03D2A2	場所：
dialog	1		13	6	FLD_C8+015294	塔 7階 南
dialog	1		13	6	FLD_C8+0152A3	塔 7階 東
slot	1	23	13	6	FLD_C8+01530E	塔 8階 北
slot	1	23	13	6	FLD_C8+015325	塔 8階 東
slot	1	23	13	6	FLD_C8+0152F7	塔 8階 西
dialog	1		27	13	FLD_C8+014F08	塔 中間層(回転通路内部)
dialog	1		15	7	FLD_C8+01542E	塔15階 東2
ui	1		11	5	FLAGEDIT+000911	塔1クリア
ui	1		23	11	FLAGEDIT+000EBE	塔1ボス戦(バリオー)
ui	1		11	5	FLAGEDIT+000B89	塔1進入可
ui	1		11	5	FLAGEDIT+00093C	塔2クリア
ui	1		15	7	FLAGEDIT+00100B	塔2中ボス戦A
ui	1		15	7	FLAGEDIT+00101A	塔2中ボス戦B
ui	1		11	5	FLAGEDIT+000B94	塔2進入可
dialog	1		13	6	TWN_CAMP+00CAAC	塔、だと…？
dialog	1		7	3	TWN_CAMP+00EEFC	塔が…
dialog	1		39	19	TWN_SEEK+01724F	塔が目覚めた以上、戦いはさけられません
dialog	1		19	9	FLD_C8+013BD8	塔が起動したせいで
dialog	1		21	10	TWN_SEEK+0097DD	塔とか、管理者とか…
dialog	1		27	13	TWN_CAMP+00F363	塔と同調するための、特別製
dialog	1		33	16	TWN_CAMP+00CB60	塔には、すごい力があるらしいんだ
dialog	1		37	18	TWN_ZOAH+030012	塔に行けるっていうんで、調べてたんだ
dialog	1		29	14	TWN_CAMP+00F692	塔のせいで、死んでしまったわ
dialog	1		9	4	FLD_C8+014CCD	塔の上空
dialog	1		39	19	FLD_C8+0141D3	塔の外へ出て、体勢を整えることも可能よ
dialog	1		33	16	TWN_SEEK+0153DC	塔の守護者として創造された存在だ
dialog	1		31	15	BTL_C8_2+04F061	塔の底部から高速飛行物体接近中
ui	1		115	55	MENUEN+0096F9	塔の最上層で襲ってきた。\n空中機雷や対空誘導弾など\n驚くほどたくさんの武器を\n持っていたが、こいつは\nただの囮だった。
dialog	1		29	14	BTL_C8_2+04F211	塔の最下層を占拠したそうです
dialog	1		35	17	TWN_SEEK+015422	塔の破壊を目指す、唯一の個体なのだ
ui	1		11	5	FLAGEDIT+0011DF	塔の総入手
dialog	1		11	5	TWN_CAMP+00E519	塔の話だよ
dialog	1		21	10	FLD_C8+01341B	塔の防衛システムは、
dialog	1		37	18	FLD_C8+014149	塔の防衛システムも大分無力化してるわ
dialog	1		35	17	TWN_SEEK+015B72	塔は、セストレンに通じる道でもある
dialog	1		25	12	TWN_CAMP+00E737	塔をめぐる、でかい戦がな
dialog	1		15	7	TWN_CAMP+00E75D	塔をめぐる戦…
dialog	1		37	18	TWN_ZOAH+03E5C5	塔を探してる奴がいるとは聞いてたが…
slot	1	25	25	12	FLD_C8+015005	塔中間層(回転通路内部)
dialog	1		27	13	FLD_C8+013099	塔内部の対侵入者システムも
dialog	1		7	3	BTL_A5_2+05AA12	増強粉
dialog	1		39	19	TWN_CARA+00CB74	壁を越える道は、まだ見つかっていない…
dialog	1		25	12	TWN_ZOAH+019393	変な目で見るんじゃねえよ
dialog	1		33	16	TWN_ZOAH+030055	変な霧に邪魔されて行けないんだよ
dialog	1		39	19	TWN_ZOAH+01D22E	変わらぬ守護と恵みに、感謝を捧げます…
dialog	1		19	9	FLD_B6+00AD78	変異種型攻性生物だ
dialog	1		11	5	FLD_B6+00AD9D	変異種！？
dialog	1		31	15	TWN_SEEK+02EB69	外で出っている薬のパーツを夜う
dialog	1		23	11	TWN_SEEK+02EB3B	外で出っている行を夜う
dialog	1		27	13	TWN_ZOAH+01C172	外との交流は不幸しか生まん
dialog	1		39	19	TWN_ZOAH+01C3F6	外との取り引きが正式に認められたそうだ
dialog	1		33	16	TWN_SEEK+00BA9F	外には、あんな化け物がいるのかよ
dialog	1		37	18	TWN_ZOAH+030305	外には、戦艦の残骸が落ちてるんだろ？
dialog	1		37	18	TWN_ZOAH+01C894	外に分け与えるなど、神の意思に反する
dialog	1		23	11	TWN_SEEK+00C107	外の世界って、物騒だろ
dialog	1		29	14	TWN_ZOAH+018ABA	外の世界を見てみたいんだとよ
dialog	1		29	14	TWN_ZOAH+01C1D4	外の子供と一緒にされては困る
dialog	1		15	7	FLD_C8+013455	外周部に出れば
dialog	1		21	10	FLD_C8+013C35	外周部へ移りましょう
dialog	1		37	18	TWN_ZOAH+01C5E8	外界との交易は、必要悪だと思いますが
dialog	1		37	18	TWN_ZOAH+00F188	外界との取り引きの事だが…キトール、
dialog	1		37	18	TWN_ZOAH+01C8ED	多くの同胞が、森の奥に探索に出たが…
dialog	1		39	19	TWN_ZOAH+02330B	夜が明けたら、こっちに出てくるだろうぜ
dialog	1		31	15	TWN_ZOAH+029205	夜になったら、またいらっしゃい
dialog	1		31	15	TWN_ZOAH+0237E0	夜になると街を照らす光のことさ
dialog	1		29	14	TWN_ZOAH+014DDF	夜の間は、この門の向こう側さ
dialog	1		25	12	TWN_ZOAH+06337C	夜灯ちの出のパーツを開る
dialog	1		19	9	BTL_C2+057730	夜間哨戒艇ドルヴァ
dialog	1		254	122	TWN_SEEK+02DA5B	大び軽ったエッジに、うってかわって\nなれなれしく食するパエット。\n待は、エッジがドラゴン器りである\nことを見き本めたのだ。\nすっかり上自作になったパエットは、\n織粗した役立「ウル」の朝空に\n何への衣類があるらしいと雑る。\n \n(旧世紀・械置イベントで袋身使道)\n
dialog	1		27	13	TWN_SEEK+018817	大丈夫、消耗しただけだから
dialog	1		17	8	BTL_A5_2+05AB0E	大丈夫か、エッジ
dialog	1		33	16	BTL_B6_2+053CDD	大丈夫だ、今度はドラゴンがいる！
dialog	1		39	19	TWN_ZOAH+01E10C	大丈夫だよ、神様が守ってくださるからさ
dialog	1		35	17	TWN_ZOAH+033340	大事な話なんだ、見てわからんのか？
dialog	1		17	8	TWN_ZOAH+01E544	大事にしておあげ
ui	1		17	8	FLAGEDIT+001251	大広間への鍵入手
dialog	1		31	15	TWN_ZOAH+01E02B	天からドラゴンがやって来るって
dialog	1		21	10	TWN_SEEK+02EBA1	天井／出待の管り通え
dialog	1		254	122	TWN_CAMP+029977	女び見ったエッジに、うってかわって\nなれなれしく者するパエット。\n跡は、エッジがドラゴン本りである\nことを格き思めたのだ。\nすっかり的追始になったパエットは、\n互命した半分「ウル」の男恩に\n来への人戻があるらしいと待る。\n \n(大丈夫・理考イベントで隊戦知抜)\n
dialog	1		27	13	TWN_CARA+00A2D3	女房が、なんか言ってただろ
dialog	1		29	14	TWN_CARA+006417	奴のテントに行ってみるといい
dialog	1		21	10	BTL_B6+05B158	奴は仲間を成長させる
dialog	1		37	18	BTL_A5+057D27	奴は撃った方向に確実に反撃してくるぞ
dialog	1		33	16	BTL_A5+057CE7	奴は背中が弱点だ！ よく狙えよ！
dialog	1		27	13	BTL_A5+057CCC	奴ら、撃つとこっちを向くぜ
dialog	1		21	10	BTL_B6+05B2F1	奴ら、逃げ出したぞ！
dialog	1		35	17	FLD_C8+012E44	奴らの本隊まで、あとどのくらいだ！
dialog	1		27	13	TWN_CARA+00A01D	奴らの武器は旧世紀の物だ…
dialog	1		25	12	FLD_B6+00AD5F	奴らはここで突然変異した
dialog	1		39	19	FLD_A5+00D33D	奴らは危害を加えなきゃおとなしいもんだ
dialog	1		31	15	TWN_ZOAH+01889A	奴らは遣跡が目当てなんだからな
dialog	1		35	17	TWN_ZOAH+03342B	娘が悪い事を覚えると、困るんだがね
dialog	1		35	17	TWN_ZOAH+023DAF	子供が戻ってきたら、巣を飛び立って
dialog	1		27	13	TWN_ZOAH+023D8A	子供を放し飼いにしとくんだ
dialog	1		35	17	TWN_ZOAH+038EC5	子供達を養わなくちゃいけないんでね
dialog	1		37	18	TWN_ZOAH+039D40	安くしとくぜ…どうだ、こんなもんで？
dialog	1		23	11	BTL_B5+05201A	安全装置解除、行くぞ！
dialog	1		27	13	FLD_C8+013130	完全に独立しているみたい…
dialog	1		35	17	BTL_B6_2+053CBA	完全に破壊するしかない、できるか？
dialog	1		31	15	TWN_ZOAH+0303F4	完全に街を牛耳った気でいやがる
dialog	1		9	4	BTL_A5_2+05AA09	完全形態
dialog	1		9	4	TWN_CARA+016859	実はな…
dialog	1		15	7	TWN_SEEK+016742	実を言うとさ…
dialog	1		15	7	TWN_ZOAH+018DC0	実を言うとな…
dialog	1		31	15	TWN_CAMP+00E6EF	実際は、旧世紀の防衛装置なんだ
dialog	1		37	18	TWN_CAMP+00DBBE	実際はどうだか、わかったもんじゃねえ
dialog	1		33	16	BTL_D2_2+050277	寄生されないように気をつけないと
ui	1		119	57	MENUEN+0095D5	対攻性生物用の攻撃機。\n攻撃力や防御力を下げる\n特殊な弾を撃ってくるが、\n強力な武器を積むために\n耐久力を犠牲にしている。
ui	1		163	78	MENUEN+009493	対攻性生物用の攻撃機。\n神経弾や対攻性生物弾を\n積んでいる。護衛機を\n従えていることも多い。\nこちらの動きを追って砲を\n向けてくるが、落ち着いて\n逃げれば大丈夫だろう。
dialog	1		19	9	FLD_C8+014A76	対物センサー始動…
dialog	1		33	16	BTL_C8_2+04F177	対空誘導レーダー停止しました！！
dialog	1		17	8	BTL_C8_2+04F146	対空誘導弾発射！
dialog	1		35	17	BTL_C5_2+04FA4D	対空迎撃戦闘モード、高速射撃開始！
dialog	1		19	9	BTL_C5_2+04F911	対空迎撃戦闘開始！
dialog	1		17	8	BTL_C2_2+05716F	対空迎撃準備完了
dialog	1		37	18	TWN_SEEK+0168E7	封印の解き方が、まだわかんないからね
dialog	1		21	10	FLD_B5+0090B7	封印を解除すること…
dialog	1		7	3	TWN_CAMP+00E57F	封印？
dialog	1		23	11	TWN_CARA+016A26	尋うか、焼き払うか、だ
dialog	1		35	17	TWN_ZOAH+018996	小金目当てに体を張るバカはいねえよ
dialog	1		27	13	TWN_ZOAH+03059F	少し、出力上げといたからな
dialog	1		35	17	FLD_C8+0130EE	少しは…役に立てるかと思ったけど…
dialog	1		31	15	TWN_ZOAH+01B18A	少しは将来のことを考えろ、とな
dialog	1		25	12	TWN_CARA+016EA0	少ないが、とっといてくれ
dialog	1		33	16	TWN_ZOAH+019518	少なくとも、外よりはずっとマシさ
dialog	1		27	13	TWN_CARA+006860	少年がひとり乗っとったが…
dialog	1		23	11	TWN_RUIN+00C68A	層近見鍵な外使理を層る
dialog	1		37	18	TWN_ZOAH+023CBF	岩の壁を越えたけりゃ、抜け道を探しな
dialog	1		35	17	TWN_CARA+009E0C	巣の中で固まった分泌物が必要なんだ
dialog	1		33	16	BTL_B6_2+053B85	巣を破壊されて怒っているのだろう
slot	1	23	5	2	TWN_ZOAH+02AB57	左右
dialog	1		9	4	BTL_A5_2+05ACAA	左腕マヒ
dialog	1		15	7	BTL_C2_2+05714B	左舷に敵影確認
dialog	1		13	6	BTL_B5_2+058C46	左舷動力停止
dialog	1		17	8	BTL_C5_2+04F8B1	左舷護衛艦隊壊滅
dialog	1		31	15	FLD_B6+009E23	巨大な生物の実験場だったのだ…
dialog	1		23	11	BTL_B2+04FC81	帝国がここに来た目的…
dialog	1		25	12	TWN_ZOAH+02F7CE	帝国がここを占領したら…
dialog	1		33	16	TWN_ZOAH+01969F	帝国がそう簡単に引きさがるもんか
dialog	1		27	13	TWN_ZOAH+02F5D2	帝国がらみなんだろ、どうせ
dialog	1		35	17	TWN_ZOAH+01ADE7	帝国が二度と来ないという保証はない
dialog	1		31	15	TWN_ZOAH+03B20E	帝国が攻めてきたら、おしまいだ
dialog	1		35	17	TWN_ZOAH+02FB3A	帝国が攻めてきた方がよかったのか？
dialog	1		35	17	TWN_ZOAH+03E54E	帝国ってのは、そういう連中なんだよ
dialog	1		25	12	TWN_ZOAH+0230EF	帝国って言や、聞いたか？
dialog	1		37	18	TWN_ZOAH+02F665	帝国と関わりがあったなんて知れたら…
dialog	1		25	12	TWN_CAMP+00E188	帝国なんかより、ずっとな
dialog	1		23	11	TWN_CARA+017248	帝国に売ろうってのか？
dialog	1		29	14	TWN_CARA+006653	帝国に焼かれてしまったんだ！
dialog	1		33	16	TWN_CARA+0171FA	帝国の事に詳しい人を探してるんだ
dialog	1		29	14	TWN_SEEK+0171AD	帝国の体制は崩れつつあります
dialog	1		33	16	TWN_CARA+016DA8	帝国の基地がつぶされたんだってよ
dialog	1		33	16	TWN_CARA+017363	帝国の基地の事、知りたいんだけど
dialog	1		23	11	TWN_ZOAH+013D71	帝国の基地は全滅だとよ
ui	1		182	87	MENUEN+008903	帝国の基地を守っていた\n初めて見る型の戦艦。\n帝国軍では、特殊な武器や\nエンジンが発掘されると、\nそれに合わせた試作艦が\n作られると聞いたことが\nある。たぶん、この艦も\nそのひとつだろう。
dialog	1		33	16	TWN_CARA+00680A	帝国の影がある土地には留まれんよ
dialog	1		35	17	TWN_ZOAH+030263	帝国の狙いは「護り火」だよ、きっと
dialog	1		27	13	TWN_CAMP+00CB2C	帝国の連中があわてるわけだ
dialog	1		35	17	TWN_CAMP+00DD09	帝国の連中だって、似たようなもんさ
dialog	1		39	19	TWN_CARA+00A20F	帝国の連中は、たぶんその向こうにいるぞ
dialog	1		37	18	TWN_CARA+00955A	帝国の金なんか、こっちからお断りだよ
dialog	1		31	15	TWN_CAMP+00DA81	帝国は、逆に目の仇にしてるがな
dialog	1		21	10	TWN_ZOAH+02F8FC	帝国も攻めてくるしさ
dialog	1		39	19	TWN_CARA+016BA4	帝国軍が、あわてて調べに行ったらしいぜ
ui	1		109	52	MENUEN+005A65	帝国軍がゲオルギウスで\n発掘していたドラゴンが\nよみがえった姿。\n旧世紀の船を守るのが、\nその使命だったらしい。
dialog	1		31	15	TWN_ZOAH+0233AE	帝国軍が仲間割れしてるらしいぜ
dialog	1		33	16	TWN_CARA+016888	帝国軍が仲間割れしてるんだってな
dialog	1		33	16	TWN_ZOAH+019650	帝国軍が行っちまうまで待つだけさ
dialog	1		39	19	TWN_ZOAH+01C383	帝国軍が逃げたという知らせがあったが…
dialog	1		25	12	TWN_CARA+00610A	帝国軍と戦っているらしい
dialog	1		27	13	TWN_ZOAH+028E32	帝国軍に見つからなかった？
dialog	1		33	16	TWN_ZOAH+01E0EB	帝国軍のこと、心配してるのかい？
dialog	1		29	14	TWN_ZOAH+013CDF	帝国軍の基地の噂、聞いたか？
dialog	1		23	11	TWN_CAMP+00CAC6	帝国軍の士官が言ってた
dialog	1		35	17	TWN_ZOAH+01A866	帝国軍の存在は、住民の安全に関わる
dialog	1		37	18	TWN_ZOAH+0302B2	帝国軍の技術って、進んでるんだろうな
dialog	1		15	7	TWN_CARA+0172E2	帝国軍の書類だ
dialog	1		27	13	TWN_SEEK+00EC14	帝国軍の送り火ってところさ
dialog	1		35	17	FLD_C8+012D52	帝国軍はすでに塔の上層部を制圧した
dialog	1		37	18	TWN_CAMP+00CBB7	帝国軍も、ドラゴンを欲しがってたのか
ui	1		144	69	MENUEN+006DC9	帝国軍旗艦グリグオリグに\n攻性生物がとりついた姿。\n皇帝砲はまだ生きていたが\n人間が操っているわけでは\nなく、ただやみくもに\n撃っているだけだった。
ui	1		21	10	FLAGEDIT+0008FC	帝国軍空中艦隊クリア
ui	1		31	15	FLAGEDIT+000E9F	帝国軍空中艦隊ボス戦(ソーマ)
ui	1		39	19	FLAGEDIT+000E78	帝国軍空中艦隊中ボス戦(グリグオリグ)
ui	1		27	13	FLAGEDIT+0008CE	帝国軍空中艦隊駐屯地クリア
ui	1		37	18	FLAGEDIT+000E1F	帝国軍空中艦隊駐屯地ボス戦(噴進弾)
ui	1		41	20	FLAGEDIT+000DF6	帝国軍空中艦隊駐屯地中ボス戦(ヴリトラ)
ui	1		27	13	FLAGEDIT+000B5B	帝国軍空中艦隊駐屯地進入可
ui	1		19	9	WORLD+00565B	帝国軍艦隊進軍状況
dialog	1		39	19	TWN_CAMP+00DB16	帝都の半分が焼けちまった事もあるそうだ
dialog	1		25	12	FLD_C8+012C19	帰ってから必ずつけてやる
dialog	1		35	17	FLD_C8+01443F	帰ってこられる保証はどこにもないわ
dialog	1		31	15	TWN_ZOAH+01D344	年月は、全てを風化させてしまう
dialog	1		9	4	BTL_A3+053218	幼体放出
dialog	1		7	3	BTL_A5_2+05A9F0	幼生体
dialog	1		35	17	TWN_ZOAH+01E1DC	度がすぎると、司祭様ににらまれるよ
dialog	1		35	17	TWN_ZOAH+01E2CF	度が過ぎると、司祭様ににらまれるよ
dialog	1		21	10	TWN_ZOAH+028E71	度胸あるのね、あんた
dialog	1		31	15	FLD_C2+00AB8D	引き続き第1種警戒態勢を維持！
dialog	1		25	12	BTL_A5_3+04F8BE	弱点がどこかに隠されてる
dialog	1		27	13	BTL_B2+04FDB5	弱点を尻尾で守ってやがる！
dialog	1		27	13	BTL_C5+0522AD	弾種変更、対攻性生物弾だ！
dialog	1		13	6	BTL_C2_2+057295	弾頭信管作動
dialog	1		29	14	TWN_ZOAH+022BB4	当分、酒代はまけといてやるぜ
dialog	1		9	4	TWN_ZOAH+02F508	当然さ！
dialog	1		29	14	FLD_C8+014A89	当階の警戒態勢を解除します…
dialog	1		39	19	TWN_CARA+009FCE	役立ちそうな物は、何も残ってなかったよ
dialog	1		31	15	TWN_SEEK+01237B	彼と同じ、ドラゴン乗りの君にな
dialog	1		35	17	TWN_SEEK+016041	彼には「調整士」の素質がありそうだ
dialog	1		37	18	TWN_SEEK+0122E9	彼は、この里を率いたシーカーであり…
dialog	1		31	15	TWN_ZOAH+00F0F7	彼は、その力を私に与えてくれる
dialog	1		39	19	TWN_ZOAH+01C748	彼らが食料を持ち帰れば、万事解決します
dialog	1		37	18	TWN_SEEK+015DA2	彼らは帝国を興し、国力を増強したが…
dialog	1		39	19	TWN_ZOAH+01C78D	彼らは欲を満たすために行ったのではない
dialog	1		35	17	TWN_SEEK+0126F1	彼女が、ドラゴンをセストレンに導き
dialog	1		31	15	TWN_SEEK+0125DF	彼女になら、それができるはずだ
dialog	1		33	16	TWN_SEEK+0172C7	彼女には、ここに残ってもらいます
dialog	1		37	18	TWN_SEEK+0173A1	彼女の力は、災いにもつながりますが…
dialog	1		29	14	TWN_SEEK+012553	彼女の力を使えば、おそらく…
dialog	1		27	13	TWN_CAMP+00CE14	彼女は、俺達にまかせてくれ
dialog	1		37	18	BTL_X0+05E3E7	彼女を傷つけずにアトルムだけを狙う…
dialog	1		25	12	BTL_X0+05E3CE	待ってくれ！ アゼル！！
dialog	1		15	7	FLD_C8+013CA8	待ってエッジ、
dialog	1		29	14	FLD_B6+009D3C	待て…水の、流れる音がする…
dialog	1		37	18	FLD_B6+00A132	待てよ、儀達のドラゴンはどうするんだ
dialog	1		21	10	TWN_ZOAH+063395	待朝／開折の外り通え
ui	1		7	3	MENUEN+00200B	後左右
slot	1	23	5	2	TWN_ZOAH+02AB40	後方
dialog	1		21	10	TWN_CAMP+02AABD	後砂／世跡の漠り向え
dialog	1		19	9	BTL_C8+04EA2F	後続隊、後は頼む…
dialog	1		17	8	BTL_C2_2+057252	後部安定尾翼投来
dialog	1		15	7	TWN_ZOAH+03E9C0	得体が知れない
dialog	1		23	11	TWN_ZOAH+023A20	得体の知れねえ連中だぜ
dialog	1		11	5	BTL_C2+057B9B	復旧急げ！
dialog	1		21	10	TWN_ZOAH+02F61D	心当たり、あるのか？
dialog	1		119	57	BTL_T0+055241	心技力を高めて戦っていると\n心技系統バーサークが\n早めに得られる。\n全体大ダメージのバーサーク。\nSKILL CLASS。
dialog	1		7	3	BTL_D5+05AC44	心技型
dialog	1		135	65	FLD_A7+0082DB	心技型で長く戦っていると\nレベルアップした時に\n最大BPが上がりやすい。また、\nSPIRITUAL CLASSの\nバーサークを覚えやすい。
dialog	1		115	55	FLD_A7+007235	心技型で長く戦っていると\n最大BPが上がりやすい。\nまた、\nSPIRITUAL CLASSの\nバーサークを覚えやすい。
dialog	1		13	6	FLD_C8+013A90	心配しないで
dialog	1		5	2	BTL_A3_2+054E34	怒り
dialog	1		13	6	FLD_A5+00D61E	思い出したぜ
dialog	1		39	19	TWN_CAMP+00E4CD	思い切って、街の外に出たかいがあったぜ
dialog	1		9	4	BTL_D5+05AE5C	思念雷撃
dialog	1		23	11	FLD_A3+0092C5	急いで隊長の所に戻ろう
dialog	1		11	5	FLD_B6+00AE7C	急ぐぞ！！
dialog	1		17	8	FLD_C8+012EAD	急げよ、エッジ君
dialog	1		35	17	TWN_ZOAH+018F28	恐くなっちまったんだよ、戦うのが…
dialog	1		9	4	TWN_ZOAH+03E9CF	恐ろしい
dialog	1		35	17	BTL_C8+04EA85	息をつく間を与えるな、畳みかける！
dialog	1		37	18	TWN_CARA+0066A0	息子が助かったのが、せめてもの救いだ
dialog	1		39	19	TWN_CARA+0065A0	息子が助かったのは、あんたのおかげだよ
dialog	1		21	10	TWN_CARA+0066D4	息子も死んでしまった
dialog	1		31	15	TWN_CARA+0064B3	息子を甘やかすわけではないが…
dialog	1		19	9	TWN_CAMP+00CE2F	悪いようにはしない
slot	1	25	25	12	TWN_CAMP+00EE06	悪いようにはしやしないさ
dialog	1		35	17	TWN_CAMP+00E961	悪い悪い、空飛んだの初めてだからさ
dialog	1		19	9	TWN_ZOAH+01ABFF	悪い話ではなかろう
dialog	1		29	14	TWN_CARA+01759D	悪かったな、変な事言い出して
dialog	1		23	11	BTL_D5+05AE06	意識融合体シェルクーフ
dialog	1		21	10	BTL_D5+05AE47	意識融合体ヌリシンハ
dialog	1		17	8	BTL_D5+05AE36	意識融合体ヌース
dialog	1		19	9	BTL_D5+05AC8D	意識融合体ハヌマン
dialog	1		25	12	BTL_D5+05AE1D	意識融合体プロトタイプD
dialog	1		23	11	BTL_D5+05AC5F	意識融合体メル=カヴァ
dialog	1		23	11	BTL_D5+05AC76	意識融合体ランドドーラ
dialog	1		37	18	TWN_ZOAH+00F210	感謝の心は、教会への寄付で示せばよい
dialog	1		13	6	BTL_C2_2+05727B	慣性飛行段階
dialog	1		5	2	BTL_A5_2+05AA2A	憤怒
dialog	1		7	3	BTL_B6+05B0C5	成長光
dialog	1		39	19	TWN_SEEK+012486	我々が君を監視していたのも、そのためだ
dialog	1		35	17	TWN_ZOAH+01AAD2	我々に残された「遣産」、すなわち…
dialog	1		31	15	TWN_SEEK+0153A8	我々の世代になってからのことだ
dialog	1		13	6	BTL_D5+05AD88	我々の役目…
dialog	1		35	17	TWN_ZOAH+01C6CC	我々の自給もおぼつかなくなるのだぞ
dialog	1		37	18	TWN_ZOAH+01D312	我々は、また同じ過ちを犯してしまう…
dialog	1		33	16	TWN_SEEK+017276	我々も、ここを守るため出発します
dialog	1		39	19	TWN_SEEK+015EB0	我らは、このような里を各地に持っている
dialog	1		33	16	TWN_SEEK+015456	戦いにまぎれて、彼女は姿を消した
dialog	1		39	19	TWN_SEEK+00BA06	戦いに巻き込まれるのがいやだったんだな
dialog	1		37	18	TWN_SEEK+009865	戦いに巻き込まれるのは、もういやだ！
slot	1	29	21	10	TWN_ZOAH+00C8D0	戦いに役立ちそうな物
dialog	1		29	14	FLD_C8+013F04	戦いのためだけに費やされて…
dialog	1		39	19	TWN_SEEK+009993	戦うのは、ドラゴンだけでいいじゃないか
dialog	1		27	13	TWN_CARA+016AE3	戦はどうなっちまったんだ？
dialog	1		9	4	FLD_A3+009584	戦績評価
dialog	1		98	47	FLD_A3+009C53	戦闘に勝利すると\n戦い方が5段階で評価される。\nこの評価が高いほど\n経験値やアイテムが得やすくなる。
dialog	1		17	8	FLD_A3+0094CE	戦闘システム説明
dialog	1		77	37	BTL_T0+053D32	戦闘レーダー内の各方向の色は\nその方向に対する\n敵の攻撃の危険度を表している。
dialog	1		86	40	BTL_T0+0538A0	戦闘中のドラゴンとエッジは\n行動エネルギーを共有している。\nそれが<03>\nシンクロナスゲージ<03>
dialog	1		13	6	BTL_C8+04EAE5	戦闘機カルラ
dialog	1		17	8	BTL_D5+05AD3D	戻って来たのか…
dialog	1		33	16	TWN_SEEK+00C20C	戻って来たら、すぐにあとを追うよ
dialog	1		27	13	TWN_ZOAH+00EDEF	所属と形式を明らかにせよ…
ui	1		13	6	MENUEN+001E48	所有アイテム
dialog	1		23	11	FLD_C8+013CD8	手がかりを探しましょう
dialog	1		21	10	BTL_B2+04FF20	手ごわい相手だった…
dialog	1		27	13	BTL_C2+0579B5	手すきの者は消火にあたれ！
dialog	1		37	18	TWN_ZOAH+02AAAA	手伝いだったら、昔からやってたけど…
dialog	1		21	10	TWN_ZOAH+01858D	手伝いならお断りだぜ
dialog	1		35	17	TWN_CAMP+00DD2C	手当たりしだいに掘り返してるだけだ
dialog	1		31	15	BTL_C5+05224E	手柄をあげるぞ、迎撃戦闘開始！
dialog	1		17	8	TWN_ZOAH+02FA10	手紙…誰からだ？
dialog	1		5	2	BTL_A7_2+050E32	投下
dialog	1		13	6	TWN_CAMP+00D5E8	抜け穴って？
dialog	1		29	14	1ST_READ+03D3AA	拡張メモリーからロードします
dialog	1		27	13	1ST_READ+03D278	拡張メモリーにセーブします
dialog	1		21	10	TWN_ZOAH+02F1F5	拾ってきたんだろうが
dialog	1		25	12	TWN_ZOAH+03E399	持ち主の死体も一緒だった
dialog	1		25	12	TWN_CAMP+00C808	持ってけよ、金はいらねえ
dialog	1		23	11	FLD_C8+012F0C	指揮艦の存在を確認した
dialog	1		5	2	BTL_C5_2+04FA0E	排気
dialog	1		25	12	BTL_D5+05ADC1	排除する…あの時と同じに
dialog	1		25	12	BTL_D5+05ADDA	排除する…誤った意志も…
dialog	1		315	152	TWN_ZOAH+061F92	掘加の工夜から朝を詰くエッジ。\nこの前くには「飾」と外ばれる立燃があり\nクレイメン隣街はそこに番かったという。\nこの通に出んでいるパエットという育が、\n飾の土を肥しく扉っているらしい。\nエッジは、その育が大いたという飾の彫を\n実に柱れる。そこには、ドラゴンが区せた\n細と何じ込施があった。\n \n(辺境貴・重品普獣皮珍古井)\n
dialog	1		17	8	TWN_ZOAH+03B5BB	掟なんかなくてさ
dialog	1		17	8	TWN_CARA+017237	探してどうする？
dialog	1		31	15	BTL_B6_2+053C0A	撃て、分離した時のあれが弱点だ
dialog	1		11	5	BTL_C2+057813	撃てぃっ！
dialog	1		9	4	BTL_C2+057CED	撃てぃ！
dialog	1		25	12	BTL_C8_2+04F1B1	撃てぇ！ 撃ちまくれ！！
dialog	1		21	10	BTL_A5_3+04F8D7	撃てば赤く光るはずだ
dialog	1		7	3	BTL_B2+04FC61	撃て！
dialog	1		29	14	BTL_C2+057D68	撃墜に失敗、これより帰投する
dialog	1		126	61	BTL_T0+0546FD	操作はコマンドアイコンで行なうが\nレーザーと銃はアイコンを出さずに\nボタン一つでも発射できる。\n押したままで使用することも可能。
dialog	1		19	9	TWN_ZOAH+02FF6F	攻性生物かなんかに
dialog	1		39	19	TWN_ZOAH+02B355	攻性生物から、人間の生きる場所を守る…
dialog	1		25	12	TWN_CARA+016B2C	攻性生物が全然いないんだ
dialog	1		31	15	TWN_SEEK+009901	攻性生物が近づいてるんだってね
dialog	1		25	12	TWN_SEEK+018104	攻性生物が造られた時代よ
dialog	1		27	13	TWN_ZOAH+03084E	攻性生物とはわけが違うんだ
dialog	1		29	14	BTL_C2+057795	攻性生物と交戦中との報告あり
dialog	1		37	18	TWN_ZOAH+02B10E	攻性生物どもから、この一帯を守っとる
dialog	1		35	17	FLD_A5+00D7A8	攻性生物なんざほっときゃいいのによ
dialog	1		39	19	TWN_ZOAH+03E420	攻性生物のいない森なんて、初めて見たよ
dialog	1		39	19	TWN_ZOAH+0234A9	攻性生物のいねえ森ってのはいいもんだぜ
dialog	1		17	8	TWN_CARA+00CC36	攻性生物の仲間？
slot	1	29	19	9	TWN_ZOAH+00C90A	攻性生物の体の一部
dialog	1		27	13	TWN_CARA+00419A	攻性生物の体の中に入っとる
dialog	1		31	15	TWN_CARA+00A144	攻性生物の動きがおかしいそうだ
dialog	1		33	16	TWN_ZOAH+018E77	攻性生物の群れと出くわしちまって
dialog	1		31	15	TWN_SEEK+015CBB	攻性生物は、いわば塔のしもべだ
dialog	1		27	13	TWN_CAMP+00DBF0	攻性生物も、帝国軍の武器も
dialog	1		23	11	FLD_A3+008E90	攻性生物よけの風網か！
dialog	1		35	17	BTL_C2+057743	攻性生物らしき影を見たとの報告あり
dialog	1		19	9	BTL_C2+057D40	攻性生物を発見した
dialog	1		33	16	TWN_SEEK+00BAD2	攻性生物を見たことなかったのか？
dialog	1		35	17	BTL_B5+052078	攻性生物接近、人間が乗っています！
dialog	1		33	16	BTL_C8+04E97B	攻性生物接近、例のドラゴン型です
dialog	1		25	12	BTL_C2+05781E	攻性生物接近！砲台旋回！
dialog	1		15	7	BTL_C2+057A13	攻性生物発見！
dialog	1		21	10	BTL_A3_2+054F14	攻撃が…効かない！？
dialog	1		39	19	BTL_C4+053FE6	攻撃が全てあのバリアにはじかれてしまう
dialog	1		35	17	BTL_A3_2+054E8A	攻撃が効かない！？ 跳ね返してる！
dialog	1		21	10	FLD_A3+009534	攻撃の種類とその効果
dialog	1		23	11	TWN_ZOAH+02FF82	攻撃を受けたんだろうな
dialog	1		121	58	BTL_T0+0551C8	攻撃力を高めて戦っていると\n攻撃系統バーサークが\n早めに得られる。\n光学属性のバーサーク。\nATTACK CLASSと呼称。
dialog	1		7	3	BTL_D5+05ABC5	攻撃型
dialog	1		135	65	FLD_A7+007EFC	攻撃型で長く戦っていると\nレベルアップした時に\nレーザーの威力が上がりやすい。\nまた、ATTACK CLASSの\nバーサークを覚えやすい。
dialog	1		114	55	FLD_A7+0071C3	攻撃型で長く戦っていると\nレーザーの威力が上がりやすい。\nまた、ATTACK CLASSの\nバーサークを覚えやすい。
ui	1		9	4	MENUEN+001E16	攻撃方向
dialog	1		11	5	TWN_ZOAH+02ABEC	放っておく
dialog	1		11	5	BTL_D2_2+05032B	放出□閉鎖
dialog	1		11	5	BTL_C5_2+04F9FA	放熱モード
dialog	1		15	7	BTL_C5_2+04FA7B	放熱モード終了
dialog	1		19	9	BTL_B5+0522F2	救助信号を発信しろ
dialog	1		21	10	FLD_A3+009281	教えればいいんだな…
dialog	1		29	14	TWN_ZOAH+01B0AE	教会に行っているひまなどない
dialog	1		37	18	TWN_ZOAH+014E96	教会の入□の脇に、通路があるんだとよ
dialog	1		25	12	TWN_ZOAH+0376F7	教会の脇の通路を通って…
ui	1		9	4	FLAGEDIT+001277	教会の鍵
dialog	1		27	13	TWN_ZOAH+03775B	教会は、その左側だそうです
dialog	1		96	46	BTL_T0+05548D	数値の割り振りの度合いにより\n標準型・攻撃型・心技型・防御型\n機動型の5つに\nタイプは分けられる。
dialog	1		29	14	TWN_SEEK+0124F2	数百年以上の時を要するだろう
ui	1		161	77	MENUEN+005111	数種の攻性生物が共生する\n群体のような奴だ。\nわれを忘れて、地上まで\n追って来たところを見ると\n地下にいた攻性生物たちの\n産みの親のような存在\nだったのかもしれない。
dialog	1		101	47	BTL_T0+053DD6	敵からの攻撃に対処するために\nドラゴンは敵の前後左右4方向に\n移動することができる。\nこれを<03>\n位置取り<03>
dialog	1		27	13	TWN_CAMP+00F155	敵だったんでしょ、あなたの
dialog	1		41	18	BTL_T0+053CC2	敵とドラゴンの位置関係は\n<03>\n戦闘レーダー<03>
dialog	1		80	37	BTL_T0+054164	敵に大きなダメージを与えるには\n弱点を狙って攻撃すればよい。\n弱点には<03>\nWEAK<03>
dialog	1		54	26	BTL_T0+05446B	敵の弱点や、集団の中の特定の敵を\n集中して攻撃できる。
dialog	1		131	63	FLD_A3+009751	敵の数が多くても、1体あたりの\nダメージは変わらないので\n一度に多くの敵と戦う場合に有効。\nレベルアップによって\n覚えることができる。
dialog	1		129	62	FLD_A3+00990F	敵の数が多くても少なくても\n総攻撃回数は変わらないので\n少数の敵に対して使った方が有効。\nレベルアップによって\n覚えることができる。
dialog	1		37	18	FLD_C8+012D75	敵の機動部隊が君のところに向かうまで
dialog	1		72	34	BTL_T0+053C7A	敵の行動は\nドラゴンが敵に対して\nどの方向にいるかによって\n変わってくる。
dialog	1		96	46	BTL_T0+054074	敵の防御力は\n方向によって異なるので\nどの方向から攻撃するかによって\n与えるダメージが違ってくる。
dialog	1		118	57	FLD_A3+009CB5	敵を倒すまでの時間が短く\n敵から受けたダメージが小さいほど\n高い評価を得ることができる。\n評価は、高い順に以下のとおり。
dialog	1		35	17	TWN_CAMP+00F1E2	敵を倒せばすむってもんじゃなかった
dialog	1		21	10	BTL_C2+057780	敵影を確認、援軍求む
dialog	1		13	6	BTL_C2+057936	敵影を確認！
dialog	1		21	10	TWN_CAMP+00DC8A	文明の力ってやつをな
dialog	1		37	18	TWN_ZOAH+037398	新しい司祭様の方針だと聞きましたが…
dialog	1		19	9	TWN_CARA+009B87	新しい品が入ったよ
dialog	1		35	17	TWN_ZOAH+01C725	新たな実りを探しているのでしょう？
dialog	1		35	17	TWN_ZOAH+01C912	新たな恵みが見つかる保証はないのだ
dialog	1		29	14	TWN_SEEK+016779	新入りが増えると、気が楽だよ
dialog	1		39	19	TWN_ZOAH+013710	新顔のハンターがあっさり神聖区入りして
dialog	1		17	8	TWN_CAMP+00D3CE	方法は色々あるぜ
dialog	1		23	11	FLD_B5+009077	施設へ進入する際には…
dialog	1		35	17	TWN_ZOAH+03B3A8	旅の荷物とか、ここに隠してあるんだ
dialog	1		237	114	TWN_CARA+0314A3	族いに了ついたシーカー目から、\nアゼルが的を消したと獲かされるエッジ。\n「続み車」ザドクは、アゼルの住き土は\nウルの朝捨だと皆安する。なぜなら、\nドラゴン潰全、待守もウルのプラントで\n義務されたからだ。\n \n(炉持運・式水セリフ袋み遠み時内)\n
dialog	1		17	8	BTL_C5_2+04F8A0	旗艦グリグオリグ
dialog	1		39	19	TWN_CARA+0169B0	旦那が戻ってすぐ、ぼうずは死んじまった
dialog	1		23	11	TWN_CAMP+02AA57	旧で世っている紀を遣う
dialog	1		31	15	TWN_CAMP+02AA85	旧で世っている間のパーツを遣う
dialog	1		11	5	TWN_CAMP+00DB8B	旧世紀か…
dialog	1		27	13	TWN_CAMP+00DF96	旧世紀が残した化け物どもさ
dialog	1		29	14	TWN_CAMP+00E125	旧世紀が神の時代だって話だよ
dialog	1		37	18	TWN_ZOAH+030882	旧世紀って、なんで滅んじまったのかな
dialog	1		35	17	TWN_CAMP+00DE1C	旧世紀のでかい建物…いや、機械かな
dialog	1		29	14	TWN_CARA+00A315	旧世紀のガラクタいじりなんて
dialog	1		39	19	TWN_SEEK+0099BA	旧世紀の事なんて、俺達には関係ないよ！
dialog	1		29	14	TWN_ZOAH+023A03	旧世紀の事にも妙に詳しいし…
dialog	1		29	14	FLD_C8+013F53	旧世紀の人達は、どうして私を
dialog	1		39	19	TWN_CAMP+00D962	旧世紀の力で、無敵の軍隊を作りやがった
dialog	1		39	19	TWN_SEEK+00E79E	旧世紀の力に人間がかなうわけないだろ！
dialog	1		37	18	TWN_ZOAH+0306B2	旧世紀の力の本質が、理解できないのさ
slot	1	37	23	11	TWN_CARA+00A4B7	旧世紀の力は、神の力だ
dialog	1		31	15	TWN_SEEK+00BCD2	旧世紀の力を相手に戦うなんて…
dialog	1		35	17	TWN_SEEK+007294	旧世紀の子は、みんなああなのかい？
dialog	1		35	17	TWN_SEEK+015BCA	旧世紀の意志は、滅びたわけではない
dialog	1		39	19	TWN_ZOAH+02F3A1	旧世紀の技術には、すごい力があるんだぜ
dialog	1		21	10	TWN_CARA+00A089	旧世紀の技術の塊だよ
dialog	1		19	9	FLD_A5+00D80A	旧世紀の沈没船か…
dialog	1		25	12	TWN_SEEK+01227E	旧世紀の研究を行っている
dialog	1		37	18	TWN_ZOAH+018A0F	旧世紀の空飛ぶ船を直してるって話だぜ
dialog	1		39	19	TWN_SEEK+012661	旧世紀の記録に、そう記されている場所だ
dialog	1		21	10	TWN_SEEK+00EA36	旧世紀の連中ってさ…
dialog	1		29	14	FLD_A5+00D45E	旧世紀の遣物にふさがれてるな
dialog	1		27	13	TWN_CAMP+00CADD	旧世紀を滅ぼした遣跡だって
dialog	1		27	13	TWN_ZOAH+03B1F3	早く修理をすませなくちゃ…
dialog	1		17	8	BTL_C2_2+057202	早く叩き落とせ！
dialog	1		25	12	FLD_A3+009111	早く発掘所に戻らないと…
dialog	1		39	19	TWN_CARA+00A16B	早めにここを離れた方がいいかもしれんぞ
dialog	1		23	11	TWN_ZOAH+02F9A5	明日、もう一度来いって
dialog	1		37	18	TWN_ZOAH+0375A7	昼間は、たいていあそこにいるはずだよ
dialog	1		21	10	TWN_CAMP+00F55A	普通に乗ってるだけさ
dialog	1		39	19	TWN_CARA+00A09E	普通の子供があれに乗ってたなんてなあ…
dialog	1		237	114	TWN_ZOAH+062967	書いに放ついたシーカー一から、\nアゼルが簡を届したと詰かされるエッジ。\n「火み夜」ザドクは、アゼルの食き単は\nウルの畳気だと棚油する。なぜなら、\nドラゴン何抜、折薬もウルのプラントで\n低天されたからだ。\n \n(辺境貴・重品セリフ木み干み古井)\n
dialog	1		11	5	FLD_C8+014119	最下層よ…
dialog	1		39	19	TWN_CAMP+00D989	最初は、攻性生物相手に戦ってたんだが…
dialog	1		25	12	TWN_CAMP+00F17D	最初はそう思ってたけど…
dialog	1		17	8	BTL_C2_2+0571A2	最大出力で加速！
ui	1		135	63	MENUEN+00795F	最後に戦った相手だ。\nそのおぞましい姿の中には\n確かに、ドラゴンの収まる\n座がある。\n儀の<01><01>が\nいるべき本当の場所は、\nあそこなのだろうか。
dialog	1		37	18	FLD_C8+012CEB	最短ルートのゲートはすでに開けてある
dialog	1		35	17	TWN_ZOAH+01C511	最近、よそ者とやけに親しいようだな
dialog	1		33	16	TWN_ZOAH+0188C6	最近、ガラクタ集めの仕事がねえな
dialog	1		31	15	TWN_CARA+0060EB	最近、ドラゴンの噂をよく聞くな
dialog	1		33	16	TWN_CARA+016AC2	最近、帝国軍を全然見かけねえな…
dialog	1		31	15	TWN_ZOAH+03345B	最近は、評議会の目が厳しくてな
dialog	1		33	16	TWN_ZOAH+038DC0	最近は、買い手が増えてますので…
dialog	1		27	13	TWN_ZOAH+019546	最近は仕事が少なくて困るぜ
dialog	1		37	18	TWN_ZOAH+01B023	有事の際は、私の命令に従ってもらうぞ
dialog	1		35	17	TWN_ZOAH+014DBC	朝になるまで出てこねえよ、あいつは
dialog	1		15	7	FLD_C8+012C5F	期待している…
dialog	1		27	13	TWN_ZOAH+018546	未来の神聖区民に向かってよ
dialog	1		13	6	BTL_C2_2+057288	末端誘導段階
dialog	1		27	13	1ST_READ+03D372	本体RAMからロードします
dialog	1		25	12	1ST_READ+03D244	本体RAMにセーブします
dialog	1		25	12	TWN_ZOAH+030779	本当にやばいと思ってたら
dialog	1		25	12	TWN_ZOAH+0196E8	本当に安全になるまではな
dialog	1		33	16	TWN_SEEK+00E813	本当に生き残りはいなかったのか？
dialog	1		39	19	TWN_CARA+00CB4C	本当のウルは、岩の壁で隠されているんだ
dialog	1		23	11	TWN_CAMP+00F301	本当は、それが普通なの
slot	1	37	33	16	TWN_CARA+00A4DC	本当は、触れてはいけない物なんだ
dialog	1		27	13	FLD_C8+013FF3	本当は何も変わらないのに…
dialog	1		37	18	TWN_SEEK+015DC7	本来の目的は、徐々に忘れられていった
dialog	1		35	17	BTL_C8_2+04F080	本隊からの情報通りだな…迎撃開始！
dialog	1		39	19	BTL_C8+04EAA8	本隊へ、我が隊は全滅、敵は例のドラゴ…
dialog	1		15	7	BTL_C8_2+04F202	本隊より入電、
dialog	1		21	10	TWN_EXCA+0123FD	材置／長出の場り貴え
dialog	1		25	12	TWN_ZOAH+029258	村にいた頃がなつかしいわ
dialog	1		37	18	TWN_CARA+01709E	村に着いた時には、焼け跡しかなかった
dialog	1		35	17	TWN_CARA+01714F	村を帝国に売った、裏切り者だからな
dialog	1		25	12	BTL_C8+04E9D4	来たか、やつを足止めする
dialog	1		33	16	TWN_CARA+00CA06	東の方って、なにがあるんだろう？
dialog	1		35	17	TWN_ZOAH+038EF5	森からは、作物がたくさんとれるんだ
dialog	1		29	14	TWN_SEEK+0151A6	森から接近するしかないだろう
ui	1		21	10	FLAGEDIT+0012D4	森での中ボスの説明用
dialog	1		39	19	TWN_SEEK+01521A	森の各所には、マサーンが根を張っている
dialog	1		31	15	TWN_ZOAH+0231D5	森の向こうにあるっていう遣跡よ
dialog	1		35	17	TWN_ZOAH+01C86F	森の恵みは、我々に与えられたものだ
dialog	1		37	18	TWN_ZOAH+01C565	森の恵みは、我々神聖区民だけのものだ
dialog	1		29	14	TWN_ZOAH+01C6A5	森の恵みをやたらにつみ取れば
dialog	1		29	14	TWN_SEEK+015E63	森の炎は、当分消えないだろう
dialog	1		37	18	TWN_SEEK+00EBEF	森は、月が変わるまで燃えてるだろうね
dialog	1		23	11	TWN_CARA+0169E4	森を焼いたのは帝国だぜ
dialog	1		27	13	TWN_CARA+00A002	森を焼いたのは帝国らしいな
dialog	1		5	2	BTL_D4+04F461	極光
dialog	1		15	7	TWN_CARA+006966	構わないけど…
dialog	1		29	14	TWN_ZOAH+00EE5B	構造体の生命形態、判別不能…
dialog	1		297	143	TWN_CARA+031142	様紀ではクレイメンが気っていたが、\nエッジを回けようとしたパエットの\n行腐によって止使は高護してしまい、\nクレイメンの甘静は命忙のままとなる。\n不の暮、バイマンは、多止の最与の若を\nエッジに中す。そこに、旅の跡息である\n「『来り自』の自分」が証結されて\nいるという。\n \n(炉持運・ムービー局で落燦時内)\n
dialog	1		121	58	FLD_A7+007AFB	標準型で長く戦っていると\nレベルアップした時に\n各能力が平均的に上がる。\nまた、各クラスのバーサークを\n平均的に覚えていく。
dialog	1		100	48	FLD_A7+007386	標準型で長く戦っていると\n各能力が平均的に上がる。\nまた、各クラスのバーサークを\n平均的に覚えていく。
dialog	1		119	57	BTL_T0+055630	標準型：徐々にHP回復\n攻撃型：一定確率で反撃\n心技型：徐々にBP回復\n防御型：防御力2倍\n機動型：ステータス異常自動解除
dialog	1		123	59	BTL_T0+055331	機動力を高めて戦っていると\n機動系統バーサークが\n早めに得られる。\n補助と物理属性のバーサーク。\nAGIRITY CLASS。
dialog	1		7	3	BTL_D5+05ABFE	機動型
dialog	1		131	63	FLD_A7+0080F6	機動型で長く戦っていると\nレベルアップした時に\n銃の威力が上がりやすい。また、\nAGILITY CLASSの\nバーサークを覚えやすい。
dialog	1		111	53	FLD_A7+007317	機動型で長く戦っていると\n銃の威力が上がりやすい。\nまた、\nAGILITY CLASSの\nバーサークを覚えやすい。
dialog	1		9	4	BTL_A5_2+05A9F7	機動形態
dialog	1		9	4	BTL_D2+052B5B	機能低下
dialog	1		9	4	BTL_B5_2+058C3D	機能異常
dialog	1		9	4	BTL_C2_2+057329	機銃乱射
dialog	1		9	4	BTL_A7_2+050E29	機銃掃射
dialog	1		29	14	BTL_C5_2+04FBB2	機関部、第2エンジン接続完了
dialog	1		33	16	BTL_C2+057A6B	機関部損傷、これ以上もちません！
dialog	1		15	7	BTL_C5_2+04FB59	機関部異常なし
dialog	1		23	11	BTL_C5_2+04FAB0	機関部破損、被害甚大！
dialog	1		23	11	BTL_C5_2+04FA99	機関部破損、被害軽微！
dialog	1		31	15	BTL_C2+057996	機関部被弾、戦闘維続不能です！
dialog	1		21	10	FLD_C8+014B3F	次々と襲ってくるわよ
dialog	1		25	12	TWN_ZOAH+023882	次の司祭の話、聞いたか？
dialog	1		33	16	FLD_C8+012EBE	次の部隊がそこに向かっているぞ…
dialog	1		25	12	FLD_C8+0138DA	止められるようになったわ
dialog	1		33	16	FLD_C8+013480	止めるスイッチがあるかもしれない
dialog	1		21	10	TWN_CARA+031ED1	止引／終待の置り旅え
dialog	1		27	13	1ST_READ+03D3E7	正しいデータではありません
dialog	1		21	10	1ST_READ+03D35D	正しく記録できません
dialog	1		27	13	TWN_CAMP+00F196	正直、わからなくなったんだ
dialog	1		23	11	TWN_ZOAH+03E1B2	正直言って、恐かったよ
dialog	1		37	18	TWN_SEEK+015545	正確には人間ではないが…まあ、そうだ
dialog	1		25	12	TWN_ZOAH+0375F4	正面に壁が見えるはずです
dialog	1		37	18	TWN_ZOAH+03DDA9	武器なんかもあるから、見てってくれよ
dialog	1		31	15	TWN_ZOAH+03B353	武器もひととおり買ってあるんだ
dialog	1		29	14	TWN_CARA+00A468	武器や薬がなけりゃ戦えない…
dialog	1		39	19	TWN_CARA+0171A5	死んだみんなにとっては、おんなじことさ
dialog	1		27	13	TWN_SEEK+00741D	死んだ子を天に帰す準備だよ
dialog	1		37	18	TWN_CAMP+00D788	死んだ遣跡の跡が、空洞になってるのさ
dialog	1		33	16	TWN_ZOAH+03E8AE	残った一方が、船を封印したそうだ
dialog	1		35	17	TWN_CARA+009F5C	残った俺達を思ってのことだろうな…
dialog	1		35	17	TWN_ZOAH+032D0D	残念だが、よそ者の居場所などないよ
dialog	1		39	19	TWN_ZOAH+018B55	気の毒にな…その金、絶対返ってこねえよ
dialog	1		11	5	TWN_CAMP+00DB73	気をつけな
dialog	1		13	6	BTL_A5+057D1A	気をつけろ！
dialog	1		21	10	BTL_A5_2+05ACDB	気を抜くなよ、エッジ
dialog	1		21	10	TWN_ZOAH+02F789	気楽でうらやましいね
dialog	1		15	7	FLD_A5+00D73B	気楽に行こうぜ
dialog	1		5	2	BTL_A3_2+054F08	気絶
dialog	1		13	6	BTL_C2_2+057263	水平尾翼投来
dialog	1		31	15	TWN_CAMP+00DEF1	水源、森…それと遣跡の近くだな
dialog	1		37	18	TWN_CARA+016FCF	汚い仕事だけど、給金はよかったからな
dialog	1		21	10	FLD_B6+00A9D7	決まったわけじゃない
dialog	1		7	3	FLD_A5+00F788	沈没船
dialog	1		17	8	FLD_A5+00F888	沈没船下の隠れ穴
dialog	1		3	1	BTL_A5+057CC9	泥
dialog	1		9	4	FLD_B6+00AF32	注意しろ
dialog	1		15	7	FLD_B6+00AF47	注意しろって…
dialog	1		297	143	TWN_SEEK+02DE12	消記ではクレイメンが後っていたが、\nエッジを然けようとしたパエットの\n回珍によって天外は丈復してしまい、\nクレイメンの水私は死牲のままとなる。\n思の地、バイマンは、材天の操糧の受を\nエッジに閉す。そこに、通の役包である\n「『理り由』の由与」が命意されて\nいるという。\n \n(旧世紀・ムービー味で袋身使道)\n
dialog	1		5	2	BTL_A5+057D08	液胞
dialog	1		21	10	BTL_B6+05B306	深追いする必要はない
dialog	1		19	9	TWN_ZOAH+0305C7	渓谷で見つけたんだ
dialog	1		21	10	TWN_ZOAH+018D5B	渓谷で見つけたんだ…
dialog	1		19	9	TWN_ZOAH+03E378	渓谷に落ちてたんだ
ui	1		178	85	MENUEN+002F9F	渓谷地帯で戦った。\n尻尾の先にある袋の力で\n空を飛んでいるらしい。\n頭部は、衝撃を吸収する\n皮膚でおおわれているので\n攻撃を受けつけない。\nだが、知能の方は、あまり\n高くはないようだ。
ui	1		105	50	MENUEN+0028C7	渓谷地帯で戦った。\n背中を見せない限り襲って\nこないし、動きも遅い。\n油断さえしなければ確実に\n倒せる敵だ。
dialog	1		29	14	TWN_ZOAH+02AC4A	渓谷地帯にいない攻性生物は？
ui	1		15	7	FLAGEDIT+000857	渓谷地帯クリア
ui	1		29	14	FLAGEDIT+000C70	渓谷地帯ボス戦(ガケオコリ)
ui	1		35	17	FLAGEDIT+000C2A	渓谷地帯中ボス戦(ヘビムシの巣A)
ui	1		35	17	FLAGEDIT+000C4D	渓谷地帯中ボス戦(ヘビムシの巣B)
ui	1		15	7	FLAGEDIT+00098F	渓谷地帯進入可
dialog	1		39	19	BTL_B2+04FF54	渡ってたらって考えると、ぞっとするな…
dialog	1		35	17	BTL_C2_2+0570A7	滑走用レール浮上、緊急発進準備完了
dialog	1		35	17	TWN_SEEK+00E9B9	滝に近い方が、監視台に通じてるのさ
dialog	1		11	5	FLD_A3+009F91	滝裏の洞穴
dialog	1		17	8	BTL_C2_2+057213	火力を集中しろ！
dialog	1		17	8	BTL_C8+04EA5F	火炎噴射艇アナラ
dialog	1		7	3	TWN_CARA+031E64	火燃料
dialog	1		35	17	BTL_C2_2+05722F	炉心内温度上昇、冷却装置作動します
dialog	1		17	8	FLD_A5+00D487	点滅しはじめた…
ui	1		5	2	MENUEN+001E1F	無し
dialog	1		15	7	TWN_CARA+017BD4	無事だったのか
dialog	1		19	9	TWN_ZOAH+0372CC	無礼な□をきいて…
dialog	1		27	13	TWN_ZOAH+01C30D	無秩序なよそ者とは違うのだ
dialog	1		7	3	BTL_C2+0577C9	照明弾
dialog	1		9	4	BTL_C5_2+04FA05	熱量過多
dialog	1		33	16	BTL_C5_2+04F9AB	熱隔離壁から異音発生、危険です！
dialog	1		13	6	BTL_C5_2+04F98B	燃料気化榴弾
dialog	1		19	9	BTL_C5_2+04F998	燃料気化榴弾発射！
dialog	1		21	10	BTL_C2+057D53	爆雷にて撃墜を試みる
dialog	1		29	14	TWN_CARA+00C8D7	父ちゃんがやっつけたんだぜ！
dialog	1		33	16	TWN_CARA+00CDF6	父ちゃんたちがひろってきたんだ！
dialog	1		39	19	TWN_CARA+00CE71	父ちゃんに聞いても、教えてくれないんだ
dialog	1		33	16	TWN_CARA+00CA94	父ちゃんの話、聞いてるんだからさ
dialog	1		39	19	TWN_ZOAH+030656	爺さんが死んだのは、俺の責任じゃないよ
dialog	1		15	7	BTL_D5+05ACA0	物理攻撃構造体
ui	1		17	8	MENUEN+0079F5	物理攻撃構造体1
ui	1		17	8	MENUEN+007A06	物理攻撃構造体2
dialog	1		99	46	BTL_T0+0544A1	物理耐性の敵には効果が弱い。\n物理耐性の敵に銃を向けると\n<03>\nANTI SHOT\n(アンチ ショット)<03>
dialog	1		23	11	BTL_C2_2+057014	特0号噴進弾ヴァラーハ
dialog	1		33	16	TWN_ZOAH+02B53F	特に、おまえのような物知らずはな
dialog	1		21	10	TWN_CAMP+00DEDC	特に数が多い場所は…
dialog	1		23	11	TWN_CAMP+00D8EE	特務部隊の指揮官なんだ
dialog	1		81	39	BTL_T0+0541E0	特定方向からの攻撃に対して\n回避や反撃を行う敵や\n特定方向からのみ狙える敵もいる。
ui	1		9	4	MENUEN+001E0D	特殊攻撃
dialog	1		5	2	BTL_B6+05B32E	狙い
dialog	1		33	16	TWN_SEEK+016020	独力で空中船を組み上げたそうだな
dialog	1		35	17	TWN_CAMP+00D896	独自に旧世紀の研究も進めてるらしい
dialog	1		23	11	TWN_ZOAH+00D86B	珍しい銃だから、つい…
ui	1		35	17	MENUEN+001F0F	現在までに倒したクレイメン艦隊兵装
ui	1		27	13	MENUEN+001EF4	現在までに倒した帝国軍兵装
ui	1		72	35	MENUEN+001EAC	現在までに倒した攻性生物(変異種)\n旧世紀の姿と性能を失い、野生化した種
ui	1		72	35	MENUEN+001E64	現在までに倒した攻性生物(純血種)\n旧世紀の姿と性能を今も維持している種
dialog	1		31	15	TWN_ZOAH+00EDD0	現在アクセス中の構造体に警告…
dialog	1		21	10	BTL_C2+0577DD	現在交戦中、援軍求む
dialog	1		37	18	TWN_ZOAH+018FBA	現役のハンター様にゃ、わかんねえよな
dialog	1		17	8	BTL_C5_2+04FBA1	現状を報告しろ！
dialog	1		15	7	TWN_ZOAH+02B2A4	生きるためか…
slot	1	37	19	9	TWN_CARA+00A526	生きるためにはな…
dialog	1		35	17	TWN_ZOAH+02B274	生きるためにやってることなんだから
dialog	1		39	19	TWN_CARA+017531	生き残りって人が、見つからなかったら？
dialog	1		21	10	TWN_CAMP+00EDB0	生まれたんじゃない…
dialog	1		33	16	TWN_ZOAH+0302D7	生まれる場所間違ったかなあ、俺…
slot	1	23	15	7	FLD_B6+00B393	生体兵器実験棟
dialog	1		25	12	FLD_B6+00B27C	生体兵器実験棟へのゲート
dialog	1		31	15	FLD_B6+00AC03	生体兵装での侵入を禁止します…
dialog	1		11	5	BTL_D2+052C08	生体弾乱射
dialog	1		35	17	TWN_ZOAH+01D104	用がすんだら、早々に立ち去ることだ
dialog	1		39	19	TWN_ZOAH+01A98D	申しわけないが、席を外してもらえんかな
dialog	1		35	17	TWN_CARA+005E99	申し遅れたが、ワシの名はアンユウだ
dialog	1		107	51	BTL_T0+053C0F	画面には表示されないが\n敵もゲージを持っており\n一定間隔で行動する。\nゲージのたまる速さは\n敵によって異なる。
dialog	1		15	7	TWN_ZOAH+02AB98	疲れるのを待つ
dialog	1		35	17	TWN_CAMP+00C7B5	発掘品なら、少しばかり取って来たぜ
dialog	1		35	17	TWN_ZOAH+03E52B	発掘品ひとつのために、街をつぶす…
dialog	1		33	16	TWN_ZOAH+023263	発掘品を毎日いじり回してる変人よ
dialog	1		12	5	FLD_A3+0094AB	発掘所<05>上空
dialog	1		13	6	TWN_EXCA+000CD7	発掘所を出る
ui	1		17	8	FLAGEDIT+000846	発掘所上空クリア
ui	1		17	8	FLAGEDIT+000958	発掘所上空進入可
ui	1		13	6	FLAGEDIT+000969	発掘所進入可
dialog	1		23	11	TWN_ZOAH+02FC55	登るの、速いじゃないか
dialog	1		39	19	TWN_ZOAH+0233CF	白い船と黒い船が、撃ちあってたんだとよ
dialog	1		7	3	BTL_C4+054087	白熱光
dialog	1		31	15	TWN_SEEK+015D11	皇帝は死に、旗艦艦隊も全滅した
dialog	1		23	11	BTL_C5_2+04FB06	皇帝砲、次弾装填完了！
dialog	1		23	11	BTL_C5_2+04FAD6	皇帝砲発射準備まだか！
dialog	1		25	12	BTL_C5_2+04FAED	皇帝砲発射準備整いました
dialog	1		37	18	TWN_CAMP+00E00B	盗っ人呼ばわりしたけりゃ、かまわんぜ
dialog	1		39	19	TWN_SEEK+00E9E9	監視台なんてめったに使わないんだけど…
dialog	1		37	18	TWN_ZOAH+018F68	目の前で食われていく、仲間の姿がよ！
dialog	1		27	13	BTL_C5+052322	目標、グリグオリグに接近中
dialog	1		13	6	FLD_C2+00ADF3	目標、ゾア！
dialog	1		35	17	BTL_C2_2+057084	目標、ゾア！ 全てを灰にしてやる！
dialog	1		35	17	BTL_C5+05228A	目標、側面に移動！ 砲旋回まだか！
dialog	1		11	5	BTL_B5+05220D	目標を捕捉
dialog	1		25	12	BTL_C2+057AB1	目標を確認、ドラゴンです
dialog	1		29	14	BTL_C8_2+04F129	目標発見、対空誘導弾発射準備
dialog	1		35	17	BTL_C2_2+0572C2	目標破壊可能ライン到達まで5分です
dialog	1		35	17	BTL_C2_2+0572E5	目標破壊可能ライン到達まで7分です
dialog	1		35	17	TWN_CAMP+00CE42	目覚めさせるための処置をするだけだ
dialog	1		23	11	TWN_SEEK+01888F	目覚めたばかりのころ…
dialog	1		37	18	FLD_C8+014082	目覚めた時は違ったかもしれない、でも
dialog	1		35	17	TWN_CAMP+00DDC5	目覚めた遣跡は、何をするかわからん
dialog	1		19	9	FLD_C8+013910	直接アクセスして、
dialog	1		25	12	BTL_C5+052360	直衛編隊、連携で行くぞ！
dialog	1		39	19	FLD_C8+01418D	直通エレベーターが使えるかもしれない…
dialog	1		27	13	TWN_ZOAH+03E770	相変わらずだなあ、あいつも
dialog	1		39	19	TWN_SEEK+015C69	真に恐ろしいのは、統制された集団なのだ
dialog	1		31	15	TWN_CAMP+00DDA6	眠った遣跡が目覚めちまうんだよ
dialog	1		31	15	TWN_ZOAH+013C64	眠気をこらえるのにもひと苦労さ
ui	1		5	2	MENUEN+005C14	眼光
dialog	1		5	2	BTL_T0+053723	矢骨
dialog	1		33	16	TWN_ZOAH+0300BC	知ってるってことになっちゃって…
dialog	1		15	7	TWN_ZOAH+039AB0	知ってるのか？
dialog	1		29	14	TWN_CAMP+00CC4F	知ってるよ…一度、戦ったから
dialog	1		17	8	TWN_CARA+00CAF0	知ってるよ、それ
ui	1		184	88	MENUEN+003A65	砂の海を移動する島としか\n言いようのない奴だ。\n空中戦艦でもなければ、\nこいつと対等に戦うことは\nできないだろう。\nガッシュが倒し方を教えて\nくれなかったら、儀らも\nどうなっていたことか…。
dialog	1		23	11	FLD_A5+00D692	砂をどける事ができるぞ
dialog	1		12	5	FLD_A5+00F7FF	砂漠<05>抜け穴
dialog	1		20	9	FLD_A5+00F866	砂漠<05>枯れたオアシス
dialog	1		27	13	TWN_CAMP+00D682	砂漠のあちこちに開いてるぜ
dialog	1		39	19	TWN_CAMP+00D491	砂漠のオアシスも、たいてい遣跡がらみだ
dialog	1		39	19	TWN_CAMP+00D370	砂漠の攻性生物は、地上に住んでるからな
dialog	1		39	19	TWN_CAMP+00D55F	砂漠の攻性生物はわりと手ごわいんだが…
dialog	1		27	13	TWN_CAMP+00D33A	砂漠は地下を通って越える…
dialog	1		27	13	TWN_CAMP+00D7C8	砂漠越えも終わりってわけだ
dialog	1		7	3	BTL_A5_2+05AA3D	砂潜り
dialog	1		31	15	TWN_ZOAH+030286	研究材料にはもってこいだからな
dialog	1		29	14	BTL_C2+0578B5	砲台、なにをしている、側方だ
dialog	1		11	5	BTL_C2+057863	砲台、旋回
dialog	1		31	15	BTL_C5_2+04F9CC	砲台動力部温度上昇、危険です！
dialog	1		29	14	BTL_C5_2+04FBCF	砲塔部、リアクター順調作動中
dialog	1		15	7	BTL_C5_2+04FB68	砲塔部異常なし
dialog	1		17	8	BTL_C2+0578A4	砲手、旋回急げ！
dialog	1		5	2	BTL_C2_2+0572A2	破壊
dialog	1		21	10	FLD_A5+00D829	破壊しちまったぜ！？
dialog	1		37	18	TWN_ZOAH+01C7C1	確か、おまえはバイマンに恩があったな
dialog	1		25	12	FLD_C8+013A01	確か、もう1体下の層に…
dialog	1		31	15	TWN_CAMP+00F437	確かに、何かを感じたんだけど…
dialog	1		17	8	FLD_A3+009347	確認できません！
dialog	1		237	114	TWN_CAMP+02A08F	神いに紀ついたシーカー様から、\nアゼルが使を逆したと部かされるエッジ。\n「仇み会」ザドクは、アゼルの所き巻は\nウルの男恩だと込焼する。なぜなら、\nドラゴン相前、跡気もウルのプラントで\n時代されたからだ。\n \n(大丈夫・理考セリフ直み何み知抜)\n
dialog	1		35	17	TWN_ZOAH+032E21	神から盗んだ品を売りつけようとはな
dialog	1		35	17	TWN_ZOAH+038743	神に仕える資質を認められたんですよ
dialog	1		39	19	TWN_ZOAH+01D139	神に見捨てられて、なお祈りに来たのか？
dialog	1		19	9	TWN_SEEK+009B72	神の使いのくせに…
slot	1	50	37	18	TWN_ZOAH+01ACC8	神の使いは、神の街を守るべきだろう？
dialog	1		17	8	TWN_ZOAH+032EA4	神の守護、ねえ…
dialog	1		39	19	TWN_ZOAH+01C3C1	神の守護が、それだけ偉大だということだ
dialog	1		33	16	TWN_ZOAH+032E76	神の守護を裏切ることになるからな
dialog	1		33	16	TWN_ZOAH+03EA23	神の遣産だとか、悪魔の巣だとかな
dialog	1		35	17	TWN_CAMP+00E0C2	神の領域を荒らす罰当たりってわけさ
dialog	1		37	18	TWN_ZOAH+0239DE	神をも恐れぬってのは、奴らのことだな
dialog	1		33	16	TWN_ZOAH+03B422	神様に守ってもらうんじゃなくてさ
dialog	1		39	19	TWN_ZOAH+013613	神聖区じゃ、司祭の次ぐらいに偉いんだぜ
dialog	1		37	18	TWN_ZOAH+037736	神聖区に入ると、正面に倉庫があります
dialog	1		29	14	TWN_ZOAH+023528	神聖区に入れてもらえねえんで
dialog	1		37	18	TWN_ZOAH+018675	神聖区に雇われて、はした金稼いでも…
dialog	1		37	18	TWN_ZOAH+018AD7	神聖区のお坊ちゃんの言いそうなこった
dialog	1		33	16	TWN_ZOAH+02B56D	神聖区の下働きなどしちゃいかんぞ
dialog	1		37	18	TWN_ZOAH+01875F	神聖区の奴がいると、酒がまずくなるぜ
dialog	1		17	8	TWN_ZOAH+0134D4	神聖区の通行証だ
dialog	1		33	16	TWN_ZOAH+019567	神聖区の連中、ケチくせえからなあ
dialog	1		39	19	TWN_ZOAH+02F3C9	神聖区の連中は、それがわかってないのさ
dialog	1		37	18	TWN_ZOAH+03B242	神聖区の連中は、外の世界がこわいんだ
ui	1		21	10	FLAGEDIT+001262	神聖区への許可証入手
dialog	1		39	19	TWN_ZOAH+01C7E6	神聖区入りを推薦してもらったはずだが…
dialog	1		37	18	TWN_ZOAH+0185D6	神聖区民になるには、下積みがいるのさ
dialog	1		37	18	TWN_ZOAH+037105	神聖区民になるには、勉強も必要なのさ
dialog	1		29	14	TWN_ZOAH+0339B9	神聖区民を相手に値切る気か？
ui	1		134	64	MENUEN+005933	禁止区域で戦った。\nこのドラゴンも、伝説と\n同じく、敵を追う光の矢を\n武器にしている。一度に\n数十本もの光の矢を放つ\n攻撃が、特に危険だ。
dialog	1		37	18	TWN_CARA+016B7F	禁止区域に、ドラゴンが出たんだってな
dialog	1		31	15	TWN_CARA+00A1A0	禁止区域に行くって…本気かい？
dialog	1		29	14	TWN_CARA+009B17	禁止区域の遣跡には気をつけな
dialog	1		35	17	TWN_CARA+00A25E	禁止区域の遣跡は、重力を操るそうだ
ui	1		15	7	FLAGEDIT+000877	禁止区域クリア
ui	1		27	13	FLAGEDIT+000CF4	禁止区域ボス戦(AD＃1)
ui	1		33	16	FLAGEDIT+000CD3	禁止区域中ボス戦(クレイメン艦)
ui	1		15	7	FLAGEDIT+000AEB	禁止区域進入可
dialog	1		23	11	FLD_C8+014614	私が、私であるために…
dialog	1		39	19	FLD_C8+01467E	私がここまで来られたのはあなたのおかげ
dialog	1		39	19	TWN_ZOAH+032F93	私が開放区にいたことは、黙っててくれよ
dialog	1		17	8	FLD_C8+014770	私じゃダメだわ…
dialog	1		37	18	FLD_C8+013430	私たちを完全に外敵とみなしているのよ
dialog	1		23	11	FLD_C8+012E06	私としても不本意だがな
dialog	1		35	17	TWN_SEEK+01893A	私に、守られる理由なんてないのに…
dialog	1		33	16	TWN_CAMP+00F212	私にとっては、大切なひとだったの
dialog	1		39	19	TWN_SEEK+018987	私に与えられた使命は、もう無意味だって
dialog	1		21	10	TWN_ZOAH+00F1FB	私に礼を言う事はない
dialog	1		13	6	TWN_CAMP+00F032	私のせいで…
dialog	1		27	13	FLD_B6+00A248	私のためだけに用意された、
dialog	1		37	18	TWN_CAMP+00F0BA	私の役目は、塔の制御だけだったから…
dialog	1		33	16	TWN_ZOAH+01AF15	私の提案を受ける気になったかね？
dialog	1		37	18	TWN_SEEK+0188D0	私の身体は、地上の糧を受けつけないの
dialog	1		35	17	TWN_ZOAH+01C84C	私は、よそ者と取り引きする気はない
dialog	1		35	17	TWN_CAMP+00F6FA	私は、地の底で何千年も眠っていたわ
dialog	1		27	13	TWN_SEEK+017185	私は「探索兵」シメオンです
dialog	1		23	11	TWN_SEEK+012265	私は「編み人」ザドクだ
dialog	1		23	11	TWN_ZOAH+032F15	私はキトールという者だ
dialog	1		19	9	TWN_ZOAH+01B095	私は色々忙しいのだ
dialog	1		33	16	FLD_C8+012C3E	私も…君が無事に帰って来ることを
dialog	1		23	11	TWN_CAMP+00ED69	私も、そう思っていた…
dialog	1		9	4	FLD_C8+0143BA	私自身…
dialog	1		11	5	BTL_D4+04F40E	移動物感知
dialog	1		15	7	BTL_C2+0577FB	移動砲台ハンサ
dialog	1		9	4	BTL_B5+05236D	稲妻放出
dialog	1		37	18	TWN_CAMP+00E5EE	空から塔に行く方法が見つかったんでな
dialog	1		27	13	TWN_ZOAH+03003A	空中から塔へ行こうとしても
dialog	1		37	18	TWN_CARA+016C0E	空中戦艦が、東の方に飛んで行ったけど
dialog	1		35	17	TWN_SEEK+016867	空中戦艦と戦うはめになるとはなあ…
dialog	1		29	14	TWN_CARA+017081	空中戦艦の方がずっと早かった
dialog	1		25	12	BTL_B2+04FC48	空中戦艦ヴァルナ・輸送型
dialog	1		15	7	BTL_C8_2+04F157	空中機雷放出！
dialog	1		37	18	FLD_A5+00D642	竜巻を起こすスイッチになってるはずだ
dialog	1		39	19	BTL_C2+057BC3	第1、第2ブロック、機能停止しました！
dialog	1		31	15	BTL_C2+057C31	第1、第2ブロック、機能回復！
dialog	1		17	8	BTL_C5_2+04F931	第1回転砲台準備
dialog	1		15	7	BTL_C5_2+04FA13	第1排気□開放
dialog	1		17	8	BTL_C5_2+04F942	第2回転砲台準備
dialog	1		15	7	BTL_C5_2+04FA22	第2排気□開放
dialog	1		25	12	BTL_C5+0520D5	第2編隊、応答ありません
dialog	1		27	13	BTL_C5+052058	第2編隊長からグリグオリグ
dialog	1		29	14	BTL_C2+057BA6	第3ブロック、消失しました！
dialog	1		17	8	BTL_C5_2+04F953	第3回転砲台準備
dialog	1		15	7	BTL_C5_2+04FA31	第3排気□開放
dialog	1		17	8	BTL_C5_2+04F964	第4回転砲台準備
dialog	1		31	15	BTL_C5+052101	第6編隊、迎撃に向かって下さい
dialog	1		17	8	BTL_X0+05E1E5	答える必要はない
dialog	1		7	3	BTL_B6+05B193	粘着液
dialog	1		45	20	BTL_T0+054658	系統別に効果が多少異なる。\n<03>\nATTACK系<03>
dialog	1		21	10	TWN_RUIN+00C6D9	紀械／層近の横り先え
dialog	1		33	16	TWN_SEEK+015CE3	純血種ほど、その指令に忠実に動く
dialog	1		25	12	BTL_C8_2+04F198	索敵モード2に移行しろ！
dialog	1		23	11	TWN_CARA+031E82	終待朝出な中入今を終る
dialog	1		37	18	TWN_ZOAH+02AE4B	経験を積めば、いいハンターになれるぞ
ui	1		7	3	MENUEN+001E41	経験値
dialog	1		131	63	BTL_T0+054F47	経験値がたまるとレベルアップし\nドラゴンと銃の基本性能が上昇、\nタイプセレクトでどう調整して\n戦っているかが\nその上昇具合に影響する。
dialog	1		37	18	TWN_CARA+00A3A4	結局、こんな仕事しかできなかったんだ
dialog	1		29	14	TWN_ZOAH+03B276	結局、みんな何もしなかった…
dialog	1		37	18	TWN_ZOAH+03EAEB	結局、みんな連中と取り引きしてるんだ
dialog	1		37	18	TWN_CARA+009F35	結局、アンユウは途中で帰ってきたんだ
dialog	1		33	16	TWN_CARA+00657F	結局、ワシは薬を持ち帰れなかった
dialog	1		29	14	TWN_CARA+00A038	結局、俺も奴らと同類なのかな
dialog	1		35	17	TWN_ZOAH+028EFF	結局、帝国軍も神様には勝てないのよ
dialog	1		39	19	TWN_CARA+016988	結局、旦那は薬を取ってこれなかったんだ
dialog	1		37	18	TWN_ZOAH+03E889	結局、船を守ってた方が戦いに敗れて…
dialog	1		25	12	TWN_ZOAH+02FAFF	結局、街はもとどおりか…
dialog	1		11	5	BTL_D4+04F492	結晶石爆発
dialog	1		17	8	TWN_ZOAH+03E284	結構面白かったよ
dialog	1		39	19	TWN_ZOAH+01AE2F	統治者として帝国と交渉することになるな
dialog	1		33	16	TWN_SEEK+016919	絶対、あの4つの遣跡が怪しいって
dialog	1		33	16	BTL_C5+0521F1	続いてヴァルナ級戦艦が会敵します
dialog	1		37	18	FLD_C8+01486C	緊急活動時のエネルギーを供給してるの
dialog	1		29	14	BTL_C5+0522DB	総冥退艦せよ、艦を放来する！
dialog	1		11	5	BTL_A7_2+050F13	総冥退避！
ui	1		7	3	MENUEN+001E33	総重量
dialog	1		82	39	BTL_T0+053EF8	緑の方向は\n敵がその方向に攻撃できないことを\n示している。\nそのため安全地帯となる。
dialog	1		29	14	TWN_ZOAH+02F8B1	置いといても邪魔になるだけさ
dialog	1		7	3	TWN_ZOAH+03E9D8	美しい
dialog	1		15	7	TWN_ZOAH+02AC2C	群れが合体する
dialog	1		5	2	BTL_B6+05B183	羽化
dialog	1		13	6	TWN_CAMP+00DBE3	考えてもみろ
dialog	1		9	4	BTL_D4+04F451	耐性変化
dialog	1		27	13	TWN_ZOAH+0237A3	聖なる方々の聖なるねぐらさ
dialog	1		23	11	TWN_ZOAH+018844	聞いたか、黒い船の話！
dialog	1		37	18	TWN_ZOAH+03388E	聞いたか？ ドラゴンが降臨するそうだ
dialog	1		31	15	TWN_ZOAH+03EB12	背に腹はかえられんってとこだな
dialog	1		82	39	BTL_T0+054CC8	能力を得た。\nタイプセレクトとは\nドラゴンの形態を自由に\n変化させられる能力である。
dialog	1		103	48	BTL_T0+05540C	能力変化、レベルアップでの\n能力上昇・バーサークの獲得は\n微妙な調整に対応しているが\nその他に「<03>\nタイプ<03>
dialog	1		27	13	BTL_C5+0520BA	脱出装置が！ うわぁぁぁ…
dialog	1		35	17	FLD_C8+013EAF	自分が呼ばれるのを待っていたのよ…
dialog	1		23	11	TWN_CARA+00655B	自分が生きた証としてな
dialog	1		33	16	FLD_C8+0145D2	自分にしかできないことをしたいの
dialog	1		35	17	FLD_B6+00A281	自分のパートナーを信用したらどうだ
dialog	1		37	18	TWN_ZOAH+01AF43	自分の立場がまだ理解できんらしいな…
dialog	1		35	17	FLD_C8+012DD7	自分はそこで高みの見物というわけか
dialog	1		23	11	BTL_B6_2+053CA3	自律ができなくなってる
dialog	1		17	8	TWN_SEEK+018832	自然に回復するわ
ui	1		15	7	MENUEN+009484	自走砲ランカー
dialog	1		23	11	BTL_C8+04E958	自走砲ランカー＆護衛艇
dialog	1		25	12	BTL_C8_2+04F1CA	船体強度低下、危険です！
dialog	1		13	6	BTL_A7_2+050EC7	艦橋部損傷！
dialog	1		31	15	BTL_C8_2+04F1E3	艦長！ ダメです、もちません！
dialog	1		29	14	FLD_B6+00ADEC	艦隊…って、じゃあ、やっぱり
dialog	1		29	14	FLD_B6+00ADB4	艦隊も、ここを通って行く時に
dialog	1		21	10	TWN_SEEK+00C074	色々考えたんだけど…
dialog	1		33	16	FLD_A3+00921C	色んな物があんなに小さく見える…
dialog	1		37	18	TWN_ZOAH+02B517	若いうちは、とにかく場数を踏むことだ
dialog	1		31	15	TWN_CARA+006506	若いうちは、一人旅もいいだろう
dialog	1		21	10	TWN_ZOAH+03E31B	若いのに冷静なんだな
dialog	1		33	16	TWN_ZOAH+01E383	若い人の気持ちはわからないねえ…
dialog	1		29	14	TWN_ZOAH+02AE2E	若造にしては、なかなかやるな
dialog	1		35	17	FLD_B6+00A852	落ちる！！ しっかりつかまってろ！
dialog	1		27	13	TWN_SEEK+006781	落ち合う場所を、忘れるなよ
dialog	1		5	2	BTL_A5_2+05AA19	落盤
dialog	1		9	4	BTL_A5+057D66	蒼の大玉
dialog	1		7	3	BTL_A5+057D6F	蒼の玉
dialog	1		31	15	FLD_C8+013232	融通の効く生き物じゃないのよ…
dialog	1		21	10	FLD_C8+0134B8	行きましょう、エッジ
dialog	1		37	18	TWN_SEEK+00E757	行くあてがないんなら、仲間になりなよ
dialog	1		21	10	TWN_SEEK+00BB6C	行くあてはあるのか？
dialog	1		9	4	BTL_B5+051FE1	行くぞ！
dialog	1		11	5	FLD_C8+013AFC	行くよ！！
dialog	1		29	14	FLD_B6+009D7A	行こう、たぶん下に抜けられる
dialog	1		27	13	TWN_SEEK+007389	行っちまったよ、あの子は…
dialog	1		35	17	TWN_SEEK+015FFD	街から来た、パエットという男だが…
dialog	1		31	15	TWN_CARA+00CB01	街が湖にしずんじゃったんだよね
dialog	1		39	19	TWN_ZOAH+030095	街の人間に自慢してたら、俺が塔のことを
dialog	1		33	16	TWN_ZOAH+03741D	街の入□の横にある階段を越えると
dialog	1		39	19	TWN_ZOAH+01AE65	街の安全と引き換えにドラゴンの情報を…
dialog	1		35	17	TWN_CARA+009F8C	街の焼け跡に、掘り返した跡があった
dialog	1		35	17	TWN_CAMP+00E6CC	街の言い伝えに出てくる「神の車」さ
dialog	1		33	16	TWN_ZOAH+03B332	街を出たら、ハンターになろうかな
dialog	1		11	5	TWN_ZOAH+02F91E	街を出る？
dialog	1		37	18	TWN_ZOAH+030792	街を捨てて逃げ出してるよ、あいつは！
dialog	1		7	3	TWN_ZOAH+063328	街神聖
dialog	1		9	4	BTL_A3_2+054E2B	衝撃吸収
dialog	1		21	10	BTL_C5_2+04FB44	被害状況を報告しろ！
dialog	1		25	12	BTL_C5_2+04FB88	被害軽微、問題ありません
dialog	1		27	13	BTL_X0+05E436	装甲が外れた…あと少しだ！
dialog	1		23	11	BTL_A7_2+050EFC	装甲大破、もちません！
dialog	1		19	9	TWN_ZOAH+0184C6	見かけねえ顔だな…
dialog	1		33	16	TWN_ZOAH+032F36	見たところ、旅をしているようだな
dialog	1		35	17	TWN_ZOAH+03B3CF	見つかったら、捨てられちゃうからね
dialog	1		29	14	TWN_ZOAH+029104	見つけたんだよ、村の焼け跡で
dialog	1		35	17	TWN_CARA+00687B	見つけた時には、もう手遅れだったよ
dialog	1		23	11	FLD_B6+00B05E	見ておきたいものがある
dialog	1		37	18	BTL_A5_2+05ABD1	見てみろ、腕が動かなくなっているぞ。
dialog	1		25	12	FLD_A5+00D2E7	見てればわかる…来るぞ！
dialog	1		254	122	TWN_ZOAH+06224F	見び用ったエッジに、うってかわって\nなれなれしく森するパエット。\n折は、エッジがドラゴン屋りである\nことを根き路めたのだ。\nすっかり風車倉になったパエットは、\n庫換した立燃「ウル」の畳気に\n飾への焼炉があるらしいと本る。\n \n(辺境貴・重品イベントで跡械古井)\n
dialog	1		25	12	TWN_SEEK+00C31B	見ろよ、この発掘品の山…
dialog	1		21	10	TWN_SEEK+009B12	見捨てられただって？
dialog	1		31	15	TWN_CAMP+00F49C	規格外品の思考は、人間に近いの
dialog	1		9	4	TWN_CAMP+00F348	規格外？
dialog	1		31	15	TWN_ZOAH+03B52E	親父さん、結構話がわかるんだな
dialog	1		19	9	TWN_ZOAH+02FD75	親父ならこの中だぜ
dialog	1		29	14	TWN_ZOAH+02F545	親父の仕事、本当にやるのか？
dialog	1		39	19	TWN_ZOAH+0303CD	親父の奴、すっかり調子に乗っちまってさ
dialog	1		37	18	TWN_ZOAH+02FBE2	親父の話なんかするなよ、胸くそ悪いぜ
dialog	1		21	10	BTL_A5+057C83	角がある奴に注意しろ
dialog	1		29	14	TWN_ZOAH+02ACBA	角のあるアシュティの武器は？
dialog	1		19	9	FLD_B5+009D9E	解除を承認します…
dialog	1		29	14	FLD_A3+009158	言う事を聞いてくれるんだろう
dialog	1		315	152	TWN_CAMP+0296BA	言発の掘会から砂を部くエッジ。\nこの少くには「来」と漠ばれる半分があり\nクレイメン頼回はそこに出かったという。\nこの向に間んでいるパエットという目が、\n来の当を持しく流っているらしい。\nエッジは、その目が金いたという来の悪を\n教に手れる。そこには、ドラゴンが旧せた\n貸と相じ棒一があった。\n \n(大丈夫・理考緒助借身知抜)\n
dialog	1		19	9	BTL_C5+05214C	訓練通りにいくぞ！
dialog	1		35	17	TWN_ZOAH+030739	評議会でうまく立ち回りたいだけだよ
dialog	1		39	19	TWN_ZOAH+03E4D0	評議会の対応しだいじゃ戦になっちまうな
dialog	1		27	13	TWN_ZOAH+03E57E	評議会の発表、聞いたかい？
dialog	1		33	16	TWN_ZOAH+032CB6	評議会も、少し考えてほしいものだ
dialog	1		37	18	BTL_C2+057A8C	試作段階とはいえ、このヴリトラまで…
dialog	1		35	17	TWN_ZOAH+0136AE	話があるから、神聖区まで来いってよ
dialog	1		23	11	TWN_ZOAH+0132F8	話なら、後にしてくれよ
dialog	1		33	16	BTL_B2+04FCCB	話はあとだ、帝国戦艦が来るぞ！！
dialog	1		35	17	TWN_ZOAH+0231F4	詳しいことは、パエットにでも聞きな
dialog	1		39	19	TWN_ZOAH+0332A2	詳しい事は知らないが、よくやってくれた
dialog	1		35	17	TWN_ZOAH+02F5ED	詳しい奴に話を聞いた方がいいかもな
dialog	1		39	19	TWN_CAMP+00E83B	詳しい資料が街のどこかにあるはずなんだ
dialog	1		21	10	BTL_A7_2+050E8C	誘導爆雷、いけるか？
dialog	1		31	15	BTL_T0+05383C	誘導爆雷、全て撃ち尽くしました
dialog	1		23	11	BTL_A7_2+050E44	誘導爆雷再装填、急げ！
dialog	1		37	18	TWN_ZOAH+00E79B	読みふるしたやつなら持ってっていいぜ
dialog	1		31	15	TWN_ZOAH+03E1E9	誰だって、あれには圧倒されるさ
dialog	1		35	17	TWN_SEEK+00BD1D	誰だって、旧世紀の力と戦ってるんだ
dialog	1		29	14	TWN_ZOAH+0190AB	誰だって腰抜けになっちまうさ
dialog	1		7	3	TWN_ZOAH+03B60D	誰だ！
dialog	1		25	12	TWN_ZOAH+033387	誰に許可をもらったんだ？
dialog	1		35	17	TWN_ZOAH+01E599	誰の許しをもらったのか知らないけど
dialog	1		35	17	TWN_ZOAH+01C0C9	誰の許しを得て、ここに入ってきた！
dialog	1		39	19	BTL_C8_2+04F22E	諸君、よくやった、我々の囮作戦は成功だ
dialog	1		27	13	FLD_A7+006C50	警戒レベルを1に移行します
dialog	1		21	10	FLD_C8+014B2A	警戒態勢を解かないと
dialog	1		15	7	BTL_A7_2+050F1E	護衛艦、撃沈！
dialog	1		35	17	TWN_ZOAH+01D2D7	貴様も、神の怒りを受けるがよいわ！
dialog	1		25	12	TWN_EXCA+0123E4	資戦ちの使のパーツを長る
dialog	1		23	11	FLD_A5+00D76A	赤いワームか、珍しいな
dialog	1		113	54	BTL_T0+053F4A	赤い方向は\nダメージの大きい攻撃や\nステータス異常攻撃など\n危険度の高い攻撃が行われる\n方向であることを示している。
dialog	1		7	3	FLD_C2+00ADEC	起動！
dialog	1		13	6	BTL_B5+052354	超バーサーク
dialog	1		27	13	TWN_CAMP+00C90C	身体の方、何ともないのか？
dialog	1		25	12	TWN_CARA+031EB8	車入ちの荷のパーツを終る
dialog	1		23	11	BTL_C5_2+04F8C2	輪形陣に穴が開きました
dialog	1		39	19	TWN_CARA+0041B5	辺境じゃ、それが金の代わりになるわけだ
dialog	1		39	19	TWN_CAMP+00DB96	辺境じゃ、神の時代だなんて言われてるが
dialog	1		39	19	TWN_CAMP+00DA59	辺境じゃ、神様の使いって事になってるぜ
dialog	1		35	17	TWN_CARA+017007	辺境のある地域を制圧する命令が出た
dialog	1		11	5	BTL_C2_2+057224	迎撃急げ！
dialog	1		15	7	BTL_C5_2+04FAC7	迎撃機発進完了
dialog	1		9	4	BTL_C2+0577F2	近いぞ！
dialog	1		23	11	TWN_ZOAH+02FFAC	近寄ることもできないよ
dialog	1		11	5	BTL_C8_2+04F0C7	近接光学砲
dialog	1		17	8	BTL_C8_2+04F166	近接光学砲発射！
dialog	1		11	5	BTL_C2_2+057332	近接対空弾
dialog	1		21	10	BTL_C2_2+05715A	近接対空防御装置作動
dialog	1		35	17	FLD_B6+00B12E	迷わないよう、注意して進んでくれ…
dialog	1		19	9	BTL_D2_2+0502B9	送っているみたいだ
dialog	1		23	11	BTL_B6_2+053BA6	逃げられそうにないな…
dialog	1		5	2	BTL_B5_3+050D93	逃亡
dialog	1		5	2	BTL_B6+05B1DD	逃走
dialog	1		37	18	FLD_B6+00AE57	逆に奴らを本気で怒らせたかもしれない
dialog	1		31	15	TWN_CAMP+00E32F	途中で、戦いになるかもしれない
ui	1		9	4	MENUEN+001E04	通常攻撃
dialog	1		21	10	TWN_ZOAH+01C0F9	通行証なら持ってるよ
dialog	1		31	15	TWN_ZOAH+038724	通行証を発行されたということは
dialog	1		35	17	TWN_ZOAH+014F66	通路なら、ジューバの店の隣にあるぜ
dialog	1		37	18	TWN_ZOAH+014E09	通路を抜けると、正面に壁があるからよ
dialog	1		37	18	TWN_ZOAH+03765C	通路を抜けると、正面に壁が見えるから
dialog	1		35	17	TWN_ZOAH+0239B9	連中、よく平気で遣跡に入れるもんだ
dialog	1		37	18	TWN_CAMP+00CCDF	連中、本格的に黒い艦隊を追い始めたぜ
dialog	1		27	13	TWN_CARA+016A0B	連中のやり方はいつも同じさ
dialog	1		39	19	TWN_CAMP+00CC1B	連中もドラゴンを掘り出したらしいからな
dialog	1		39	19	TWN_CAMP+00DACC	連中ドラゴンにはやられっぱなしだからな
dialog	1		13	6	BTL_C2+057D33	連装式軽爆雷
dialog	1		21	10	FLD_C8+014532	進む気でいるんだろ？
dialog	1		39	19	BTL_C2_2+0570CA	遂にこの噴進弾を実戦投入する時が来たか
dialog	1		237	114	TWN_SEEK+02E173	達いに行ついたシーカー知から、\nアゼルが場を所したと書かされるエッジ。\n「急み品」ザドクは、アゼルの張き儀は\nウルの朝空だと探落する。なぜなら、\nドラゴン様度、待留もウルのプラントで\n間監されたからだ。\n \n(旧世紀・械置セリフ言み処み使道)\n
dialog	1		9	4	TWN_ZOAH+02B027	違うな…
dialog	1		7	3	TWN_CAMP+00F40F	違うの
dialog	1		11	5	TWN_ZOAH+039B97	違うのか？
dialog	1		33	16	TWN_ZOAH+018966	遠くの遣跡まで足をのばせってのか
dialog	1		25	12	BTL_B5+052031	遠慮するな、派手にやれ！
dialog	1		27	13	TWN_ZOAH+02ADDF	遠慮せんでいい、持っていけ
dialog	1		5	2	FLD_A7+006DD3	遣跡
dialog	1		37	18	TWN_ZOAH+023AF9	遣跡からわく水で、年中潤ってたもんさ
dialog	1		35	17	TWN_ZOAH+039C4A	遣跡に興味持ってるって聞いたんでね
dialog	1		33	16	TWN_ZOAH+023BD9	遣跡の事がわかる奴なんていねえよ
dialog	1		29	14	TWN_CAMP+00DCD4	遣跡の事は、よく知らないんだ
dialog	1		37	18	TWN_ZOAH+032DB0	遣跡の奥から取って来た永久発光体だぜ
dialog	1		37	18	TWN_ZOAH+03E9FC	遣跡の見方は、土地によっていろいろだ
dialog	1		33	16	TWN_CAMP+00D470	遣跡の近くには、水がある事が多い
dialog	1		33	16	TWN_ZOAH+023BFA	遣跡は、岩の壁に守られてるからな
dialog	1		25	12	TWN_SEEK+0180EB	遣跡やエンジン、そして…
dialog	1		7	3	TWN_RUIN+00C66C	遣跡最
dialog	1		27	13	TWN_CAMP+00D70B	遣跡？ 危険じゃないのか？
dialog	1		25	12	TWN_CARA+01750B	適当にごまかしといてくれ
dialog	1		39	19	TWN_ZOAH+01ABD7	選ばれた民として、生活が保証されるのだ
dialog	1		27	13	TWN_CARA+006A05	選り好みなどしちゃおれんよ
dialog	1		25	12	FLD_C8+014488	選択肢は残されているのよ
dialog	1		3	1	TWN_ZOAH+02ACE0	酸
dialog	1		27	13	TWN_SEEK+015ED7	里は、遣跡探索の拠点なのだ
dialog	1		31	15	TWN_SEEK+015F32	里を率いる者に与えられる名前だ
dialog	1		7	3	TWN_SEEK+02EB34	里中入
dialog	1		13	6	TWN_CARA+00A244	重力の…道？
dialog	1		19	9	BTL_B5+052130	重散弾砲、旋回停止
dialog	1		19	9	BTL_B5+052108	重散弾砲、旋回開始
dialog	1		21	10	BTL_B5+05226B	重散弾砲、限界です！
dialog	1		23	11	BTL_B5+052218	重散弾砲で叩き落とすぞ
dialog	1		33	16	BTL_B5+052236	重散弾砲充填完了、出力開放します
dialog	1		33	16	BTL_B5+0520D8	重散弾砲出力低下、充填に入ります
dialog	1		13	6	BTL_B5+0520B7	重散弾砲起動
dialog	1		15	7	BTL_C2+057D24	重迎撃機ゲラキ
dialog	1		35	17	TWN_SEEK+015C22	野性化した攻性生物は、確かに強力だ
dialog	1		13	6	BTL_D2+052BFB	量産ドラゴン
dialog	1		39	19	TWN_ZOAH+033774	金が欲しいなら、そう言えばよかったのに
dialog	1		23	11	TWN_ZOAH+0228BD	金さえ払ってくれりゃな
dialog	1		37	18	TWN_ZOAH+01331C	金ならそのうち返すって、せっつくなよ
dialog	1		29	14	TWN_ZOAH+0333C3	金に困ったら、私に言ってくれ
dialog	1		254	122	TWN_CARA+030D8B	金び奴ったエッジに、うってかわって\nなれなれしく空するパエット。\n待は、エッジがドラゴン船りである\nことを墜き大めたのだ。\nすっかり壊荒果になったパエットは、\n故郷した跡腕「ウル」の朝捨に\n加への追立があるらしいと新る。\n \n(炉持運・式水イベントで落燦時内)\n
dialog	1		7	3	BTL_A3+0531E8	針千本
dialog	1		3	1	BTL_A5+057D12	鈴
dialog	1		5	2	BTL_A5+057D0D	鉤爪
dialog	1		19	9	TWN_ZOAH+02AB83	銃だけを使って攻撃
dialog	1		67	32	BTL_T0+055029	銃の基本性能が\nドラゴンの機動力の影響を受けて\n成長することに注意。
ui	1		7	3	FLAGEDIT+0011BA	銃入手
dialog	1		23	11	TWN_EXCA+0123AE	長出旧世な紀戦艦を長る
dialog	1		37	18	TWN_ZOAH+01929F	長居してると、俺みたいになっちまうぜ
dialog	1		29	14	FLD_B6+00A01F	長居をしては奴らに感づかれる
dialog	1		37	18	TWN_ZOAH+00D8EA	長年、生死をともにした連中だったが…
dialog	1		37	18	TWN_ZOAH+0387E7	門番じゃ、大した事はできませんからね
dialog	1		29	14	TWN_ZOAH+013C3D	門番ってのは、退屈な仕事だぜ
dialog	1		23	11	TWN_ZOAH+01E007	門番は何してるのかねえ
dialog	1		23	11	TWN_ZOAH+063346	開折畳式な窓灯消を開る
dialog	1		35	17	TWN_ZOAH+030495	開放区に住んでる爺さんなんだけど…
dialog	1		35	17	TWN_ZOAH+03032A	開放区の奴に拾いに行かせようかな…
dialog	1		37	18	TWN_ZOAH+013E0A	開放区は、そうやってできたんだからな
dialog	1		37	18	TWN_ZOAH+032C91	開放区まで来ないと、酒が飲めんとは…
dialog	1		19	9	FLD_A3+0093E8	間に合いません！！
slot	1	50	29	14	TWN_ZOAH+01ACFA	関係ないよ…儀はただの人間だ
dialog	1		315	152	TWN_SEEK+02D79E	関記の録品から井を書くエッジ。\nこの持くには「何」と管ばれる役立があり\nクレイメン敷里はそこに手かったという。\nこの通に薬んでいるパエットという古が、\n何の多を混しく寝っているらしい。\nエッジは、その古が新いたという何の小を\n匂に珍れる。そこには、ドラゴンが外せた\n模と様じ組途があった。\n \n(旧世紀・械置内臓保存使道)\n
dialog	1		5	2	BTL_A5_2+05AA2F	防御
dialog	1		41	20	BTL_A5_2+05ABA8	防御しているぞ！ あの腕が邪魔なんだが…
dialog	1		119	57	BTL_T0+054560	防御力の高い敵に有効だが\n弱点に命中しても\n威力は変わらない。\nドラゴンの回復や、戦闘を補助する\n効果のバーサークもある。
dialog	1		121	58	BTL_T0+0552B8	防御力を高めて戦っていると\n防御系統バーサークが\n早めに得られる。\n回復と防御のバーサーク。\nDEFFENCE CLASS。
dialog	1		7	3	BTL_D5+05AB93	防御型
dialog	1		131	63	FLD_A7+007CE2	防御型で長く戦っていると\nレベルアップした時に\n最大HPが上がりやすい。また、\nDEFENSE CLASSの\nバーサークを覚えやすい。
dialog	1		111	53	FLD_A7+0072A8	防御型で長く戦っていると\n最大HPが上がりやすい。\nまた、\nDEFENSE CLASSの\nバーサークを覚えやすい。
dialog	1		9	4	BTL_A5_2+05AA00	防御形態
dialog	1		31	15	FLD_C8+013111	防衛システムのコントロールは、
dialog	1		21	10	BTL_C4+0540A1	防護システム04起動
dialog	1		21	10	BTL_C4+0540B6	防護システム09起動
dialog	1		21	10	BTL_C4+0540CB	防護システム13起動
dialog	1		35	17	TWN_ZOAH+01C267	限られた恵みで命をつなぐための掟だ
dialog	1		39	19	BTL_C5+052227	陛下の御前で醜態をさらすわけにはいかん
dialog	1		31	15	TWN_EXCA+0123C5	隊で長っている使のパーツを待う
dialog	1		23	11	TWN_EXCA+012397	隊で長っている儀を待う
dialog	1		33	16	TWN_CAMP+00E05A	隊長からそう聞いてたんで、つい…
dialog	1		29	14	TWN_ZOAH+02FCE1	階段をふさいじまってるんでね
dialog	1		21	10	TWN_ZOAH+02ABA7	隠れている弱点を探す
dialog	1		5	2	BTL_D4+04F49D	離脱
dialog	1		9	4	BTL_B5_3+050D8A	雨降らし
ui	1		5	2	MENUEN+005C19	雷撃
ui	1		9	4	MENUEN+005C0B	雷雲招集
dialog	1		31	15	BTL_C8_2+04F0D7	電磁発振砲、充電局面に入ります
dialog	1		31	15	BTL_C8_2+04F0F6	電磁発振砲の射角にとらえました
dialog	1		9	4	BTL_D5+05AEC1	震動探知
dialog	1		21	10	BTL_D5+05AE7A	震動探知システム作動
dialog	1		25	12	TWN_ZOAH+037776	青い二本柱が目印だとか…
dialog	1		21	10	TWN_ZOAH+0374C9	青い扉が目印だからね
dialog	1		17	8	TWN_ZOAH+014D2A	青い扉が目印だぜ
dialog	1		23	11	TWN_ZOAH+03743E	青い扉が見えるはずです
dialog	1		39	19	TWN_ZOAH+014F31	青い柱が、入□の両脇に立ってるそうだぜ
dialog	1		7	3	TWN_ZOAH+03E9DF	面白い
dialog	1		21	10	TWN_CARA+016E58	預った物も渡してきた
dialog	1		35	17	BTL_B2+04FDF5	頭だ！ 頭を狙って、動きを止めろ！
dialog	1		33	16	BTL_A5_2+05AB87	頭への攻撃が一番効果ありそうだな
dialog	1		27	13	TWN_ZOAH+0336DB	頼まれてた物、持ってきたよ
dialog	1		37	18	TWN_CAMP+00C74B	頼まれてた部品、取ってこれなかった！
dialog	1		23	11	TWN_CAMP+00E27F	頼む、一度でいいんだ！
dialog	1		21	10	BTL_A5_3+04F909	頼んだぞ、エッジ！！
dialog	1		27	13	TWN_ZOAH+0335F4	頼んだぞ、礼ははずむからな
dialog	1		39	19	TWN_ZOAH+03366F	頼んだ物はまだか？ 早く持って来てくれ
dialog	1		11	5	FLD_A3+009F58	風網制御板
dialog	1		19	9	BTL_C5_2+04FBEC	飛行甲板、換装完了
dialog	1		17	8	BTL_C5_2+04FB77	飛行甲板異常なし
dialog	1		31	15	TWN_ZOAH+03E631	食料の買いつけじゃなさそうだが
dialog	1		39	19	TWN_CAMP+00E40C	首尾はどうだった？ 塔には行けたのか？
dialog	1		21	10	BTL_B5+05211B	馬鹿な！？私の船が…
dialog	1		15	7	BTL_C5_2+04F9EB	駆動部温度上昇
dialog	1		15	7	BTL_C5_2+04FA8A	駆動部温度安定
dialog	1		17	8	BTL_B5+05204A	駆逐艦ヴァジュラ
dialog	1		25	12	BTL_B5+0521D7	駆逐艦ヴァジュラ＆護衛艇
ui	1		27	13	FLAGEDIT+0012FE	駐屯地、本読んでの台詞変化
dialog	1		15	7	TWN_CARA+009646	高く買い取るぜ
dialog	1		9	4	BTL_C2+05780A	高射重砲
dialog	1		11	5	BTL_C5_2+04FA70	高速射撃砲
dialog	1		5	2	BTL_T0+05370E	鱗粉
dialog	1		19	9	TWN_ZOAH+023108	黒い空中戦艦の話！
dialog	1		33	16	TWN_ZOAH+023128	黒い船！？ この近くにいるのか！
dialog	1		31	15	TWN_CAMP+00CBFC	黒い艦隊と一戦まじえるためだろ
dialog	1		33	16	TWN_CAMP+00D81F	黒い艦隊を指揮してるって言ったな
ui	1		3	1	MENUEN+001E61	．
dialog	1		13	6	BTL_T0+054AF0	：1ゲージ化
dialog	1		39	17	BTL_T0+054A81	：ゲージ低速化\n<03>\nSTOP(ストップ)<03>
dialog	1		33	14	BTL_T0+0546AE	：多数の敵に\n<03>\nAGILITY系<03>
dialog	1		13	6	BTL_T0+0546F0	：守り重視に
dialog	1		33	14	BTL_T0+0546CF	：少数の敵に\n<03>\nDEFENSE系<03>
dialog	1		39	17	BTL_T0+054AC9	：攻撃防御低下\n<03>\nBIND(バインド)<03>
dialog	1		27	11	BTL_T0+054A66	：毒\n<03>\nSLOW(スロウ)<03>
dialog	1		33	14	BTL_T0+054AA8	：移動不可\n<03>\nPAIN(ペイン)<03>
dialog	1		41	18	BTL_T0+054685	：近い順に威力大\n<03>\nSPIRITUAL系<03>
dialog	1		19	9	FLD_C8+013B13	？ …行き止まり？
dialog	1		5	2	FLD_B5+009C2F	？)
dialog	1		3	2	FLD_A3+008E55	？な
