module	offset	bytes	slot	chars	text
1ST_READ	03D244	25		12	本体RAMにセーブします
1ST_READ	03D25D	27		13	カートリッジにセーブします
1ST_READ	03D278	27		13	拡張メモリーにセーブします
1ST_READ	03D293	15		7	セーブできます
1ST_READ	03D2A2	7		3	場所：
1ST_READ	03D2A9	38		18	今あるデータは消えます。\nいいですか？
1ST_READ	03D2CF	60		29	セーブ中です。電源を切ると正しく\n保存できない恐れがあります
1ST_READ	03D30B	29		14	セーブできる空きがありません
1ST_READ	03D328	15		7	NO DATA
1ST_READ	03D337	17		8	NO BLOCK
1ST_READ	03D348	21		10	セーブが終了しました
1ST_READ	03D35D	21		10	正しく記録できません
1ST_READ	03D372	27		13	本体RAMからロードします
1ST_READ	03D38D	29		14	カートリッジからロードします
1ST_READ	03D3AA	29		14	拡張メモリーからロードします
1ST_READ	03D3C7	19		9	使用されていません
1ST_READ	03D3DA	13		6	ロードします
1ST_READ	03D3E7	27		13	正しいデータではありません
1ST_READ	03D402	11		5	発掘所上空
1ST_READ	03D40D	7		3	発掘所
1ST_READ	03D414	9		4	キャンプ
1ST_READ	03D41D	9		4	渓谷地帯
1ST_READ	03D426	13		6	カイナスの村
1ST_READ	03D433	11		5	ガリル砂漠
1ST_READ	03D43E	11		5	キャラバン
1ST_READ	03D449	9		4	禁止区域
1ST_READ	03D452	13		6	ゲオルギウス
1ST_READ	03D45F	13		6	ゲオルギウス
1ST_READ	03D46C	13		6	ゲオルギウス
1ST_READ	03D479	9		4	ゾアの街
1ST_READ	03D482	15		7	帝国軍空中艦隊
1ST_READ	03D491	21		10	帝国軍空中艦隊駐屯地
1ST_READ	03D4A6	13		6	メル=カヴァ
1ST_READ	03D4B3	3		1	塔
1ST_READ	03D4B6	3		1	塔
1ST_READ	03D4B9	5		2	ウル
1ST_READ	03D4BE	13		6	ウル地下遣跡
1ST_READ	03D4CB	9		4	ゾアの森
1ST_READ	03D4D4	13		6	シーカーの里
BTL_A3	0531C5	9		4	メラコラ
BTL_A3	0531CE	19		9	トラコラ＆メラコラ
BTL_A3	0531E1	7		3	串刺し
BTL_A3	0531E8	7		3	針千本
BTL_A3	0531EF	7		3	クルル
BTL_A3	0531F6	7		3	碧の玉
BTL_A3	0531FD	7		3	りん粉
BTL_A3	053204	13		6	シャプリの巣
BTL_A3	053211	7		3	大アゴ
BTL_A3	053218	9		4	幼体放出
BTL_A3	0573F8	15		7	スタンレーザー
BTL_A3	057407	13		6	クチカラボム
BTL_A3	057414	17		8	サンダーレーザー
BTL_A3	057425	17		8	リカバーレーザー
BTL_A3	057436	9		4	バリアー
BTL_A3	05743F	9		4	シールド
BTL_A3	057448	13		6	バーティカル
BTL_A3	057455	13		6	ランナウェイ
BTL_A3	057462	15		7	リカバーグラス
BTL_A3	057471	17		8	バーサクアンプル
BTL_A3	057482	9		4	スピード
BTL_A3	05748B	17		8	ドラゴンリキッド
BTL_A3	05749C	11		5	エスケープ
BTL_A3	0574A7	9		4	バルカン
BTL_A3	0574B0	11		5	スタンガン
BTL_A3	0574BB	9		4	レーザー
BTL_A3	0574C4	5		2	反撃
BTL_A3	0574C9	23		11	アイテムのリストを表示
BTL_A3	0574E0	25		12	バーサークのリストを表示
BTL_A3	0574F9	17		8	銃のカスタマイズ
BTL_A3	05750A	27		13	ドラゴンのタイプをセレクト
BTL_A3	057525	13		6	銃による攻撃
BTL_A3	057532	29		14	ホーミングレーザーによる攻撃
BTL_A3	05754F	7		3	？？？
BTL_A3	057556	11		5	使用不可能
BTL_A3	057561	23		11	アイテムを持っていない
BTL_A3	057578	25		12	バーサークを覚えていない
BTL_A3	057591	21		10	パーツを持っていない
BTL_A3	0575A6	33		16	移動以外のドラゴンの行動不能状態
BTL_A3	0575C7	21		10	行動ゲージが足りない
BTL_A3	0575DC	29		14	バーサークポイントが足りない
BTL_A3	0575F9	23		11	ヒットポイントは最大値
BTL_A3	057610	27		13	バーサークポイントは最大値
BTL_A3	05762B	19		9	すでに行なっている
BTL_A3	05763E	19		9	攻撃する敵がいない
BTL_A3_2	054E24	7		3	ベモス
BTL_A3_2	054E2B	9		4	衝撃吸収
BTL_A3_2	054E34	5		2	怒り
BTL_A3_2	054E39	9		4	体当たり
BTL_A3_2	054E42	5		2	捕食
BTL_A3_2	054E47	5		2	触手
BTL_A3_2	054E4C	29		14	今までの奴とは雰囲気が違う…
BTL_A3_2	054E69	33		16	儀の腕で倒すことができるのか…？
BTL_A3_2	054E8A	35		17	攻撃が効かない！？ 跳ね返してる！
BTL_A3_2	054EAD	31		15	な、何だ？ 怒っているのか！？
BTL_A3_2	054ECC	21		10	倒した…危なかった…
BTL_A3_2	054EE1	39		19	そうだ、さっきの男は、大丈夫だろうか？
BTL_A3_2	054F08	5		2	気絶
BTL_A3_2	054F0D	7		3	消化液
BTL_A3_2	054F14	21		10	攻撃が…効かない！？
BTL_A3_2	054F29	25		12	まずいぞ…怒らせたか！？
BTL_A3_2	054F42	27		13	…さっきの男…大丈夫かな…
BTL_A3_2	057D48	15		7	スタンレーザー
BTL_A3_2	057D57	13		6	クチカラボム
BTL_A3_2	057D64	17		8	サンダーレーザー
BTL_A3_2	057D75	17		8	リカバーレーザー
BTL_A3_2	057D86	9		4	バリアー
BTL_A3_2	057D8F	9		4	シールド
BTL_A3_2	057D98	13		6	バーティカル
BTL_A3_2	057DA5	13		6	ランナウェイ
BTL_A3_2	057DB2	15		7	リカバーグラス
BTL_A3_2	057DC1	17		8	バーサクアンプル
BTL_A3_2	057DD2	9		4	スピード
BTL_A3_2	057DDB	17		8	ドラゴンリキッド
BTL_A3_2	057DEC	11		5	エスケープ
BTL_A3_2	057DF7	9		4	バルカン
BTL_A3_2	057E00	11		5	スタンガン
BTL_A3_2	057E0B	9		4	レーザー
BTL_A3_2	057E14	5		2	反撃
BTL_A3_2	057E19	23		11	アイテムのリストを表示
BTL_A3_2	057E30	25		12	バーサークのリストを表示
BTL_A3_2	057E49	17		8	銃のカスタマイズ
BTL_A3_2	057E5A	27		13	ドラゴンのタイプをセレクト
BTL_A3_2	057E75	13		6	銃による攻撃
BTL_A3_2	057E82	29		14	ホーミングレーザーによる攻撃
BTL_A3_2	057E9F	7		3	？？？
BTL_A3_2	057EA6	11		5	使用不可能
BTL_A3_2	057EB1	23		11	アイテムを持っていない
BTL_A3_2	057EC8	25		12	バーサークを覚えていない
BTL_A3_2	057EE1	21		10	パーツを持っていない
BTL_A3_2	057EF6	33		16	移動以外のドラゴンの行動不能状態
BTL_A3_2	057F17	21		10	行動ゲージが足りない
BTL_A3_2	057F2C	29		14	バーサークポイントが足りない
BTL_A3_2	057F49	23		11	ヒットポイントは最大値
BTL_A3_2	057F60	27		13	バーサークポイントは最大値
BTL_A3_2	057F7B	19		9	すでに行なっている
BTL_A3_2	057F8E	19		9	攻撃する敵がいない
BTL_A5	057C0C	7		3	トゥプ
BTL_A5	057C13	5		2	とげ
BTL_A5	057C18	7		3	とげ嵐
BTL_A5	057C1F	5		2	離散
BTL_A5	057C24	29		14	エッジ、赤い奴が群れのボスだ
BTL_A5	057C41	39		19	こいつら後ろには攻撃できないみたいだぜ
BTL_A5	057C68	11		5	アシュティ
BTL_A5	057C73	7		3	溶解液
BTL_A5	057C7A	9		4	しびれ液
BTL_A5	057C83	21		10	角がある奴に注意しろ
BTL_A5	057C98	5		2	とげ
BTL_A5	057C9D	7		3	とげ嵐
BTL_A5	057CA4	9		4	しびれ液
BTL_A5	057CAD	19		9	トゥプ＆アシュティ
BTL_A5	057CC0	9		4	セチュラ
BTL_A5	057CC9	3		1	泥
BTL_A5	057CCC	27		13	奴ら、撃つとこっちを向くぜ
BTL_A5	057CE7	33		16	奴は背中が弱点だ！ よく狙えよ！
BTL_A5	057D08	5		2	液胞
BTL_A5	057D0D	5		2	鉤爪
BTL_A5	057D12	3		1	鈴
BTL_A5	057D15	5		2	とげ
BTL_A5	057D1A	13		6	気をつけろ！
BTL_A5	057D27	37		18	奴は撃った方向に確実に反撃してくるぞ
BTL_A5	057D4C	17		8	プーキオ＆トゥプ
BTL_A5	057D5D	9		4	ワムシシ
BTL_A5	057D66	9		4	蒼の大玉
BTL_A5	057D6F	7		3	蒼の玉
BTL_A5	05F5C8	15		14	ョスアョ「…はらツもはゆらツ
BTL_A5	05F5D8	15		7	スタンレーザー
BTL_A5	05F5E7	13		6	クチカラボム
BTL_A5	05F5F4	17		8	サンダーレーザー
BTL_A5	05F605	17		8	リカバーレーザー
BTL_A5	05F616	9		4	バリアー
BTL_A5	05F61F	9		4	シールド
BTL_A5	05F628	13		6	バーティカル
BTL_A5	05F635	13		6	ランナウェイ
BTL_A5	05F642	15		7	リカバーグラス
BTL_A5	05F651	17		8	バーサクアンプル
BTL_A5	05F662	9		4	スピード
BTL_A5	05F66B	17		8	ドラゴンリキッド
BTL_A5	05F67C	11		5	エスケープ
BTL_A5	05F687	9		4	バルカン
BTL_A5	05F690	11		5	スタンガン
BTL_A5	05F69B	9		4	レーザー
BTL_A5	05F6A4	5		2	反撃
BTL_A5	05F6A9	23		11	アイテムのリストを表示
BTL_A5	05F6C0	25		12	バーサークのリストを表示
BTL_A5	05F6D9	17		8	銃のカスタマイズ
BTL_A5	05F6EA	27		13	ドラゴンのタイプをセレクト
BTL_A5	05F705	13		6	銃による攻撃
BTL_A5	05F712	29		14	ホーミングレーザーによる攻撃
BTL_A5	05F72F	7		3	？？？
BTL_A5	05F736	11		5	使用不可能
BTL_A5	05F741	23		11	アイテムを持っていない
BTL_A5	05F758	25		12	バーサークを覚えていない
BTL_A5	05F771	21		10	パーツを持っていない
BTL_A5	05F786	33		16	移動以外のドラゴンの行動不能状態
BTL_A5	05F7A7	21		10	行動ゲージが足りない
BTL_A5	05F7BC	29		14	バーサークポイントが足りない
BTL_A5	05F7D9	23		11	ヒットポイントは最大値
BTL_A5	05F7F0	27		13	バーサークポイントは最大値
BTL_A5	05F80B	19		9	すでに行なっている
BTL_A5	05F81E	19		9	攻撃する敵がいない
BTL_A5_2	05A9E0	9		4	ハイシュ
BTL_A5_2	05A9E9	7		3	ハイガ
BTL_A5_2	05A9F0	7		3	幼生体
BTL_A5_2	05A9F7	9		4	機動形態
BTL_A5_2	05AA00	9		4	防御形態
BTL_A5_2	05AA09	9		4	完全形態
BTL_A5_2	05AA12	7		3	増強粉
BTL_A5_2	05AA19	5		2	落盤
BTL_A5_2	05AA1E	7		3	寄生虫
BTL_A5_2	05AA25	5		2	吸収
BTL_A5_2	05AA2A	5		2	憤怒
BTL_A5_2	05AA2F	5		2	防御
BTL_A5_2	05AA34	9		4	ヤリ乱射
BTL_A5_2	05AA3D	7		3	砂潜り
BTL_A5_2	05AA44	7		3	共食い
BTL_A5_2	05AA4B	9		4	右腕マヒ
BTL_A5_2	05AA54	5		2	ヤリ
BTL_A5_2	05AA59	39		19	すごい… 地下にこんな空洞があるなんて
BTL_A5_2	05AA80	27		13	なんだ？ この青い奴は！？
BTL_A5_2	05AA9B	11		5	ハイシュ？
BTL_A5_2	05AAA6	31		15	おかしいな…この規模の遣跡なら
BTL_A5_2	05AAC5	33		16	もっとまともな奴がいるはずだが…
BTL_A5_2	05AAE6	11		5	…まあいい
BTL_A5_2	05AAF1	29		14	さっさと片づけて先を急ごうぜ
BTL_A5_2	05AB0E	17		8	大丈夫か、エッジ
BTL_A5_2	05AB1F	27		13	なんだかいやな予感がする…
BTL_A5_2	05AB3A	13		6	やっぱりだ！
BTL_A5_2	05AB47	35		17	エッジ、バリアを張った方がいいぞ！
BTL_A5_2	05AB6A	29		14	あの赤い奴を早めに倒すんだ！
BTL_A5_2	05AB87	33		16	頭への攻撃が一番効果ありそうだな
BTL_A5_2	05ABA8	41		20	防御しているぞ！ あの腕が邪魔なんだが…
BTL_A5_2	05ABD1	37		18	見てみろ、腕が動かなくなっているぞ。
BTL_A5_2	05ABF6	35		17	すごい生命力だ…奴は不死身なのか？
BTL_A5_2	05AC19	31		15	今の一撃はかなり効いたみたいだ
BTL_A5_2	05AC38	35		17	さすがに奴もフラフラになってきたぞ
BTL_A5_2	05AC5B	19		9	やったな、エッジ！
BTL_A5_2	05AC6E	29		14	これで何とか砂漠が越えられる
BTL_A5_2	05AC8B	31		15	なんて奴だ！ 変形しやがった！
BTL_A5_2	05ACAA	9		4	左腕マヒ
BTL_A5_2	05ACB3	17		8	何だ？ こいつ…
BTL_A5_2	05ACC4	23		11	初めて見る攻性生物だな
BTL_A5_2	05ACDB	21		10	気を抜くなよ、エッジ
BTL_A5_2	05FA3C	15		7	スタンレーザー
BTL_A5_2	05FA4B	13		6	クチカラボム
BTL_A5_2	05FA58	17		8	サンダーレーザー
BTL_A5_2	05FA69	17		8	リカバーレーザー
BTL_A5_2	05FA7A	9		4	バリアー
BTL_A5_2	05FA83	9		4	シールド
BTL_A5_2	05FA8C	13		6	バーティカル
BTL_A5_2	05FA99	13		6	ランナウェイ
BTL_A5_2	05FAA6	15		7	リカバーグラス
BTL_A5_2	05FAB5	17		8	バーサクアンプル
BTL_A5_2	05FAC6	9		4	スピード
BTL_A5_2	05FACF	17		8	ドラゴンリキッド
BTL_A5_2	05FAE0	11		5	エスケープ
BTL_A5_2	05FAEB	9		4	バルカン
BTL_A5_2	05FAF4	11		5	スタンガン
BTL_A5_2	05FAFF	9		4	レーザー
BTL_A5_2	05FB08	5		2	反撃
BTL_A5_2	05FB0D	23		11	アイテムのリストを表示
BTL_A5_2	05FB24	25		12	バーサークのリストを表示
BTL_A5_2	05FB3D	17		8	銃のカスタマイズ
BTL_A5_2	05FB4E	27		13	ドラゴンのタイプをセレクト
BTL_A5_2	05FB69	13		6	銃による攻撃
BTL_A5_2	05FB76	29		14	ホーミングレーザーによる攻撃
BTL_A5_2	05FB93	7		3	？？？
BTL_A5_2	05FB9A	11		5	使用不可能
BTL_A5_2	05FBA5	23		11	アイテムを持っていない
BTL_A5_2	05FBBC	25		12	バーサークを覚えていない
BTL_A5_2	05FBD5	21		10	パーツを持っていない
BTL_A5_2	05FBEA	33		16	移動以外のドラゴンの行動不能状態
BTL_A5_2	05FC0B	21		10	行動ゲージが足りない
BTL_A5_2	05FC20	29		14	バーサークポイントが足りない
BTL_A5_2	05FC3D	23		11	ヒットポイントは最大値
BTL_A5_2	05FC54	27		13	バーサークポイントは最大値
BTL_A5_2	05FC6F	19		9	すでに行なっている
BTL_A5_2	05FC82	19		9	攻撃する敵がいない
BTL_A5_3	04F854	9		4	ズースー
BTL_A5_3	04F85D	7		3	熱の息
BTL_A5_3	04F864	11		5	灼熱の吐息
BTL_A5_3	04F86F	5		2	再生
BTL_A5_3	04F874	35		17	これが…こいつも攻性生物なのか！？
BTL_A5_3	04F897	39		19	どうやって戦えばいいんだ、こんな奴！？
BTL_A5_3	04F8BE	25		12	弱点がどこかに隠されてる
BTL_A5_3	04F8D7	21		10	撃てば赤く光るはずだ
BTL_A5_3	04F8EC	29		14	そこを集中攻撃すれば倒せる！
BTL_A5_3	04F909	21		10	頼んだぞ、エッジ！！
BTL_A5_3	04F91E	17		8	あれが弱点だ！！
BTL_A5_3	04F92F	15		7	再生は夢の続き
BTL_A5_3	05293C	15		7	スタンレーザー
BTL_A5_3	05294B	13		6	クチカラボム
BTL_A5_3	052958	17		8	サンダーレーザー
BTL_A5_3	052969	17		8	リカバーレーザー
BTL_A5_3	05297A	9		4	バリアー
BTL_A5_3	052983	9		4	シールド
BTL_A5_3	05298C	13		6	バーティカル
BTL_A5_3	052999	13		6	ランナウェイ
BTL_A5_3	0529A6	15		7	リカバーグラス
BTL_A5_3	0529B5	17		8	バーサクアンプル
BTL_A5_3	0529C6	9		4	スピード
BTL_A5_3	0529CF	17		8	ドラゴンリキッド
BTL_A5_3	0529E0	11		5	エスケープ
BTL_A5_3	0529EB	9		4	バルカン
BTL_A5_3	0529F4	11		5	スタンガン
BTL_A5_3	0529FF	9		4	レーザー
BTL_A5_3	052A08	5		2	反撃
BTL_A5_3	052A0D	23		11	アイテムのリストを表示
BTL_A5_3	052A24	25		12	バーサークのリストを表示
BTL_A5_3	052A3D	17		8	銃のカスタマイズ
BTL_A5_3	052A4E	27		13	ドラゴンのタイプをセレクト
BTL_A5_3	052A69	13		6	銃による攻撃
BTL_A5_3	052A76	29		14	ホーミングレーザーによる攻撃
BTL_A5_3	052A93	7		3	？？？
BTL_A5_3	052A9A	11		5	使用不可能
BTL_A5_3	052AA5	23		11	アイテムを持っていない
BTL_A5_3	052ABC	25		12	バーサークを覚えていない
BTL_A5_3	052AD5	21		10	パーツを持っていない
BTL_A5_3	052AEA	33		16	移動以外のドラゴンの行動不能状態
BTL_A5_3	052B0B	21		10	行動ゲージが足りない
BTL_A5_3	052B20	29		14	バーサークポイントが足りない
BTL_A5_3	052B3D	23		11	ヒットポイントは最大値
BTL_A5_3	052B54	27		13	バーサークポイントは最大値
BTL_A5_3	052B6F	19		9	すでに行なっている
BTL_A5_3	052B82	19		9	攻撃する敵がいない
BTL_A7	053B9C	11		5	ヴェロクス
BTL_A7	053BA7	23		11	侵入物排除システム作動
BTL_A7	053BBE	9		4	レーザー
BTL_A7	053BC7	17		8	レーザーストーム
BTL_A7	053BD8	17		8	回避システム作動
BTL_A7	053BE9	23		11	バックアタック発動準備
BTL_A7	053C00	17		8	回避システム不良
BTL_A7	053C11	11		5	ヴェロキタ
BTL_A7	053C1C	23		11	侵入物排除システム作動
BTL_A7	053C33	11		5	レイガスト
BTL_A7	053C3E	7		3	生体弾
BTL_A7	053C45	7		3	ルピス
BTL_A7	053C4C	23		11	侵入物排除システム作動
BTL_A7	053C63	17		8	ロックヴァイパー
BTL_A7	053C74	7		3	アクレ
BTL_A7	053C7B	23		11	侵入物排除システム作動
BTL_A7	053C92	9		4	レーザー
BTL_A7	053C9B	5		2	挑発
BTL_A7	053CA0	23		11	侵入物排除システム作動
BTL_A7	053CB7	9		4	レーザー
BTL_A7	053CC0	17		8	レーザーストーム
BTL_A7	053CD1	17		8	回避システム作動
BTL_A7	053CE2	11		5	レイガスト
BTL_A7	053CED	7		3	生体弾
BTL_A7	053CF4	23		11	ヴェロクス＆ヴェロキタ
BTL_A7	053D0B	17		8	回避システム不良
BTL_A7	058D78	15		7	スタンレーザー
BTL_A7	058D87	13		6	クチカラボム
BTL_A7	058D94	17		8	サンダーレーザー
BTL_A7	058DA5	17		8	リカバーレーザー
BTL_A7	058DB6	9		4	バリアー
BTL_A7	058DBF	9		4	シールド
BTL_A7	058DC8	13		6	バーティカル
BTL_A7	058DD5	13		6	ランナウェイ
BTL_A7	058DE2	15		7	リカバーグラス
BTL_A7	058DF1	17		8	バーサクアンプル
BTL_A7	058E02	9		4	スピード
BTL_A7	058E0B	17		8	ドラゴンリキッド
BTL_A7	058E1C	11		5	エスケープ
BTL_A7	058E27	9		4	バルカン
BTL_A7	058E30	11		5	スタンガン
BTL_A7	058E3B	9		4	レーザー
BTL_A7	058E44	5		2	反撃
BTL_A7	058E49	23		11	アイテムのリストを表示
BTL_A7	058E60	25		12	バーサークのリストを表示
BTL_A7	058E79	17		8	銃のカスタマイズ
BTL_A7	058E8A	27		13	ドラゴンのタイプをセレクト
BTL_A7	058EA5	13		6	銃による攻撃
BTL_A7	058EB2	29		14	ホーミングレーザーによる攻撃
BTL_A7	058ECF	7		3	？？？
BTL_A7	058ED6	11		5	使用不可能
BTL_A7	058EE1	23		11	アイテムを持っていない
BTL_A7	058EF8	25		12	バーサークを覚えていない
BTL_A7	058F11	21		10	パーツを持っていない
BTL_A7	058F26	33		16	移動以外のドラゴンの行動不能状態
BTL_A7	058F47	21		10	行動ゲージが足りない
BTL_A7	058F5C	29		14	バーサークポイントが足りない
BTL_A7	058F79	23		11	ヒットポイントは最大値
BTL_A7	058F90	27		13	バーサークポイントは最大値
BTL_A7	058FAB	19		9	すでに行なっている
BTL_A7	058FBE	19		9	攻撃する敵がいない
BTL_A7_2	050DF8	8		3	\n<05>シを\n<05>ス
BTL_A7_2	050E00	11		7	\n<05>セ<!8A>ャューォスォ
BTL_A7_2	050E0C	7		6	エーェ。ーャ
BTL_A7_2	050E14	7		6	「」ー「なな
BTL_A7_2	050E1C	13		6	クレイメン艦
BTL_A7_2	050E29	9		4	機銃掃射
BTL_A7_2	050E32	5		2	投下
BTL_A7_2	050E37	13		6	大型誘導爆雷
BTL_A7_2	050E44	23		11	誘導爆雷再装填、急げ！
BTL_A7_2	050E5B	5		2	副砲
BTL_A7_2	050E60	23		11	副砲、充填完了しました
BTL_A7_2	050E77	21		10	よし、高度を下げろ！
BTL_A7_2	050E8C	21		10	誘導爆雷、いけるか？
BTL_A7_2	050EA1	17		8	いつでもいけます
BTL_A7_2	050EB2	21		10	よし、上昇！ 上昇！
BTL_A7_2	050EC7	13		6	艦橋部損傷！
BTL_A7_2	050ED4	33		16	ひるむな！ 各銃座、撃ちまくれ！
BTL_A7_2	050EF5	7		3	くっ！
BTL_A7_2	050EFC	23		11	装甲大破、もちません！
BTL_A7_2	050F13	11		5	総冥退避！
BTL_A7_2	050F1E	15		7	護衛艦、撃沈！
BTL_A7_2	050F2D	21		10	…残るは本艦のみか…
BTL_A7_2	050F42	25		12	あれは…クレイメン艦隊！
BTL_A7_2	050F5B	25		12	…とうとう追いついた！！
BTL_A7_2	050F74	31		15	ド、ドラゴン型攻性生物を確認！
BTL_A7_2	050F93	23		11	何！？ そんなバカな…
BTL_A7_2	050FAA	33		16	やむを得ん、各冥第一種戦闘配備！
BTL_A7_2	050FCB	5		2	機銃
BTL_A7_2	050FD0	9		4	誘導爆雷
BTL_A7_2	050FD9	5		2	点火
BTL_A7_2	053AA0	15		14	ョスアョ「…はらツもはゆらツ
BTL_A7_2	053AB0	15		7	スタンレーザー
BTL_A7_2	053ABF	13		6	クチカラボム
BTL_A7_2	053ACC	17		8	サンダーレーザー
BTL_A7_2	053ADD	17		8	リカバーレーザー
BTL_A7_2	053AEE	9		4	バリアー
BTL_A7_2	053AF7	9		4	シールド
BTL_A7_2	053B00	13		6	バーティカル
BTL_A7_2	053B0D	13		6	ランナウェイ
BTL_A7_2	053B1A	15		7	リカバーグラス
BTL_A7_2	053B29	17		8	バーサクアンプル
BTL_A7_2	053B3A	9		4	スピード
BTL_A7_2	053B43	17		8	ドラゴンリキッド
BTL_A7_2	053B54	11		5	エスケープ
BTL_A7_2	053B5F	9		4	バルカン
BTL_A7_2	053B68	11		5	スタンガン
BTL_A7_2	053B73	9		4	レーザー
BTL_A7_2	053B7C	5		2	反撃
BTL_A7_2	053B81	23		11	アイテムのリストを表示
BTL_A7_2	053B98	25		12	バーサークのリストを表示
BTL_A7_2	053BB1	17		8	銃のカスタマイズ
BTL_A7_2	053BC2	27		13	ドラゴンのタイプをセレクト
BTL_A7_2	053BDD	13		6	銃による攻撃
BTL_A7_2	053BEA	29		14	ホーミングレーザーによる攻撃
BTL_A7_2	053C07	7		3	？？？
BTL_A7_2	053C0E	11		5	使用不可能
BTL_A7_2	053C19	23		11	アイテムを持っていない
BTL_A7_2	053C30	25		12	バーサークを覚えていない
BTL_A7_2	053C49	21		10	パーツを持っていない
BTL_A7_2	053C5E	33		16	移動以外のドラゴンの行動不能状態
BTL_A7_2	053C7F	21		10	行動ゲージが足りない
BTL_A7_2	053C94	29		14	バーサークポイントが足りない
BTL_A7_2	053CB1	23		11	ヒットポイントは最大値
BTL_A7_2	053CC8	27		13	バーサークポイントは最大値
BTL_A7_2	053CE3	19		9	すでに行なっている
BTL_A7_2	053CF6	19		9	攻撃する敵がいない
BTL_B2	04FC48	25		12	空中戦艦ヴァルナ・輸送型
BTL_B2	04FC61	7		3	撃て！
BTL_B2	04FC68	5		2	機銃
BTL_B2	04FC6D	9		4	集中砲火
BTL_B2	04FC76	11		5	あれは！？
BTL_B2	04FC81	23		11	帝国がここに来た目的…
BTL_B2	04FC98	23		11	50年前にここに落ちた
BTL_B2	04FCAF	23		11	ドラゴンのなれの果てさ
BTL_B2	04FCC6	5		2	！？
BTL_B2	04FCCB	33		16	話はあとだ、帝国戦艦が来るぞ！！
BTL_B2	04FCEC	23		11	ガーディアン ドラゴン
BTL_B2	04FD03	19		9	バーサークレーザー
BTL_B2	04FD16	9		4	機能停止
BTL_B2	04FD1F	9		4	体当たり
BTL_B2	04FD28	11		5	バーサーク
BTL_B2	04FD33	11		5	光粒子充填
BTL_B2	04FD3E	9		4	機能回復
BTL_B2	04FD47	17		8	プレートオープン
BTL_B2	04FD58	17		8	プレートクローズ
BTL_B2	04FD69	9		4	レーザー
BTL_B2	04FD72	13		6	光粒子分散弾
BTL_B2	04FD7F	15		7	テールアッパー
BTL_B2	04FD8E	39		19	動きが止まった！ エッジ、チャンスだ！
BTL_B2	04FDB5	27		13	弱点を尻尾で守ってやがる！
BTL_B2	04FDD0	37		18	どうやら不完全な状態で目覚めたようだ
BTL_B2	04FDF5	35		17	頭だ！ 頭を狙って、動きを止めろ！
BTL_B2	04FE18	17		8	まだ、倒せない！
BTL_B2	04FE29	17		8	なんて生命力だ！
BTL_B2	04FE3A	7		3	マヒ中
BTL_B2	04FE41	29		14	やばいぜ、目覚めやがった！！
BTL_B2	04FE5E	39		19	どうして…死んでるんじゃなかったのか？
BTL_B2	04FE85	33		16	わからん…だが、ドラゴンって奴は
BTL_B2	04FEA6	33		16	その使命を果たすためなら何度でも
BTL_B2	04FEC7	31		15	よみがえるって聞いたことがある
BTL_B2	04FEE6	33		16	もしかすると、おまえのドラゴンに
BTL_B2	04FF07	25		12	反応しているのかもしれん
BTL_B2	04FF20	21		10	手ごわい相手だった…
BTL_B2	04FF35	31		15	まったくだ…こいつの力が帝国に
BTL_B2	04FF54	39		19	渡ってたらって考えると、ぞっとするな…
BTL_B2	04FF7B	23		11	さてと、積もる話もある
BTL_B2	04FF92	23		11	どこか近くに降りようぜ
BTL_B2	0533FC	15		7	スタンレーザー
BTL_B2	05340B	13		6	クチカラボム
BTL_B2	053418	17		8	サンダーレーザー
BTL_B2	053429	17		8	リカバーレーザー
BTL_B2	05343A	9		4	バリアー
BTL_B2	053443	9		4	シールド
BTL_B2	05344C	13		6	バーティカル
BTL_B2	053459	13		6	ランナウェイ
BTL_B2	053466	15		7	リカバーグラス
BTL_B2	053475	17		8	バーサクアンプル
BTL_B2	053486	9		4	スピード
BTL_B2	05348F	17		8	ドラゴンリキッド
BTL_B2	0534A0	11		5	エスケープ
BTL_B2	0534AB	9		4	バルカン
BTL_B2	0534B4	11		5	スタンガン
BTL_B2	0534BF	9		4	レーザー
BTL_B2	0534C8	5		2	反撃
BTL_B2	0534CD	23		11	アイテムのリストを表示
BTL_B2	0534E4	25		12	バーサークのリストを表示
BTL_B2	0534FD	17		8	銃のカスタマイズ
BTL_B2	05350E	27		13	ドラゴンのタイプをセレクト
BTL_B2	053529	13		6	銃による攻撃
BTL_B2	053536	29		14	ホーミングレーザーによる攻撃
BTL_B2	053553	7		3	？？？
BTL_B2	05355A	11		5	使用不可能
BTL_B2	053565	23		11	アイテムを持っていない
BTL_B2	05357C	25		12	バーサークを覚えていない
BTL_B2	053595	21		10	パーツを持っていない
BTL_B2	0535AA	33		16	移動以外のドラゴンの行動不能状態
BTL_B2	0535CB	21		10	行動ゲージが足りない
BTL_B2	0535E0	29		14	バーサークポイントが足りない
BTL_B2	0535FD	23		11	ヒットポイントは最大値
BTL_B2	053614	27		13	バーサークポイントは最大値
BTL_B2	05362F	19		9	すでに行なっている
BTL_B2	053642	19		9	攻撃する敵がいない
BTL_B5	051FBC	15		7	戦闘機ジンコウ
BTL_B5	051FCB	5		2	機銃
BTL_B5	051FD0	17		8	ツァスタバターン
BTL_B5	051FE1	9		4	行くぞ！
BTL_B5	051FEA	29		14	各機、弾をしこたまくれてやれ
BTL_B5	052007	19		9	各機とも油断するな
BTL_B5	05201A	23		11	安全装置解除、行くぞ！
BTL_B5	052031	25		12	遠慮するな、派手にやれ！
BTL_B5	05204A	17		8	駆逐艦ヴァジュラ
BTL_B5	05205B	5		2	機銃
BTL_B5	052060	17		8	重散弾砲出力上昇
BTL_B5	052071	7		3	重散弾
BTL_B5	052078	35		17	攻性生物接近、人間が乗っています！
BTL_B5	05209B	23		11	各隊へ、攻撃を開始する
BTL_B5	0520B2	5		2	発射
BTL_B5	0520B7	13		6	重散弾砲起動
BTL_B5	0520C4	13		6	ぐわぁぁーー
BTL_B5	0520D1	7		3	神経弾
BTL_B5	0520D8	33		16	重散弾砲出力低下、充填に入ります
BTL_B5	0520F9	15		7	例の弾薬を使え
BTL_B5	052108	19		9	重散弾砲、旋回開始
BTL_B5	05211B	21		10	馬鹿な！？私の船が…
BTL_B5	052130	19		9	重散弾砲、旋回停止
BTL_B5	052143	15		7	前方銃座、開け
BTL_B5	052152	5		2	了解
BTL_B5	052157	31		15	これより我が隊は攻撃を開始する
BTL_B5	052176	17		8	各隊とも後に続け
BTL_B5	052187	25		12	ドラゴン型攻性生物を確認
BTL_B5	0521A0	15		7	誘導爆雷艦カラ
BTL_B5	0521AF	5		2	機銃
BTL_B5	0521B4	9		4	誘導爆雷
BTL_B5	0521BD	21		10	各艦、死ぬ気でかかれ
BTL_B5	0521D2	5		2	点火
BTL_B5	0521D7	25		12	駆逐艦ヴァジュラ＆護衛艇
BTL_B5	0521F0	5		2	機銃
BTL_B5	0521F5	17		8	重散弾砲出力上昇
BTL_B5	052206	7		3	重散弾
BTL_B5	05220D	11		5	目標を捕捉
BTL_B5	052218	23		11	重散弾砲で叩き落とすぞ
BTL_B5	05222F	7		3	発射！
BTL_B5	052236	33		16	重散弾砲充填完了、出力開放します
BTL_B5	052257	13		6	うわぁぁーー
BTL_B5	052264	7		3	神経弾
BTL_B5	05226B	21		10	重散弾砲、限界です！
BTL_B5	052280	15		7	再起動を急げ！
BTL_B5	05228F	9		4	火炎噴射
BTL_B5	052298	23		11	誘導爆雷艦カラ＆護衛機
BTL_B5	0522AF	17		8	ツァスタバターン
BTL_B5	0522C0	17		8	各艦の健闘を祈る
BTL_B5	0522D1	33		16	こちらにくるぞ！艦を密集させろ！
BTL_B5	0522F2	19		9	救助信号を発信しろ
BTL_B5	052305	23		11	まだまだー…うわぁぁ…
BTL_B5	05231C	17		8	アトルムドラゴン
BTL_B5	052331	19		9	ホーミングレーザー
BTL_B5	052344	9		4	瞬間移動
BTL_B5	05234D	7		3	いくぞ
BTL_B5	052354	13		6	超バーサーク
BTL_B5	052361	7		3	ねらえ
BTL_B5	052368	5		2	やれ
BTL_B5	05236D	9		4	稲妻放出
BTL_B5	052376	7		3	いまだ
BTL_B5	05237D	5		2	回復
BTL_B5	052382	17		8	そこを退いてくれ
BTL_B5	052393	27		13	儀は塔に行かなきゃならない
BTL_B5	0523AE	3		1	…
BTL_B5	0523B1	29		14	…説得の通じる相手じゃない…
BTL_B5	0523CE	31		15	やっぱり、戦うしかないのか！？
BTL_B5	05A234	15		7	スタンレーザー
BTL_B5	05A243	13		6	クチカラボム
BTL_B5	05A250	17		8	サンダーレーザー
BTL_B5	05A261	17		8	リカバーレーザー
BTL_B5	05A272	9		4	バリアー
BTL_B5	05A27B	9		4	シールド
BTL_B5	05A284	13		6	バーティカル
BTL_B5	05A291	13		6	ランナウェイ
BTL_B5	05A29E	15		7	リカバーグラス
BTL_B5	05A2AD	17		8	バーサクアンプル
BTL_B5	05A2BE	9		4	スピード
BTL_B5	05A2C7	17		8	ドラゴンリキッド
BTL_B5	05A2D8	11		5	エスケープ
BTL_B5	05A2E3	9		4	バルカン
BTL_B5	05A2EC	11		5	スタンガン
BTL_B5	05A2F7	9		4	レーザー
BTL_B5	05A300	5		2	反撃
BTL_B5	05A305	23		11	アイテムのリストを表示
BTL_B5	05A31C	25		12	バーサークのリストを表示
BTL_B5	05A335	17		8	銃のカスタマイズ
BTL_B5	05A346	27		13	ドラゴンのタイプをセレクト
BTL_B5	05A361	13		6	銃による攻撃
BTL_B5	05A36E	29		14	ホーミングレーザーによる攻撃
BTL_B5	05A38B	7		3	？？？
BTL_B5	05A392	11		5	使用不可能
BTL_B5	05A39D	23		11	アイテムを持っていない
BTL_B5	05A3B4	25		12	バーサークを覚えていない
BTL_B5	05A3CD	21		10	パーツを持っていない
BTL_B5	05A3E2	33		16	移動以外のドラゴンの行動不能状態
BTL_B5	05A403	21		10	行動ゲージが足りない
BTL_B5	05A418	29		14	バーサークポイントが足りない
BTL_B5	05A435	23		11	ヒットポイントは最大値
BTL_B5	05A44C	27		13	バーサークポイントは最大値
BTL_B5	05A467	19		9	すでに行なっている
BTL_B5	05A47A	19		9	攻撃する敵がいない
BTL_B5_2	058C33	5		2	分離
BTL_B5_2	058C38	5		2	合体
BTL_B5_2	058C3D	9		4	機能異常
BTL_B5_2	058C46	13		6	左舷動力停止
BTL_B5_2	058C53	13		6	右舷動力停止
BTL_B5_2	058C60	9		4	動力復旧
BTL_B5_2	05E3F8	15		7	スタンレーザー
BTL_B5_2	05E407	13		6	クチカラボム
BTL_B5_2	05E414	17		8	サンダーレーザー
BTL_B5_2	05E425	17		8	リカバーレーザー
BTL_B5_2	05E436	9		4	バリアー
BTL_B5_2	05E43F	9		4	シールド
BTL_B5_2	05E448	13		6	バーティカル
BTL_B5_2	05E455	13		6	ランナウェイ
BTL_B5_2	05E462	15		7	リカバーグラス
BTL_B5_2	05E471	17		8	バーサクアンプル
BTL_B5_2	05E482	9		4	スピード
BTL_B5_2	05E48B	17		8	ドラゴンリキッド
BTL_B5_2	05E49C	11		5	エスケープ
BTL_B5_2	05E4A7	9		4	バルカン
BTL_B5_2	05E4B0	11		5	スタンガン
BTL_B5_2	05E4BB	9		4	レーザー
BTL_B5_2	05E4C4	5		2	反撃
BTL_B5_2	05E4C9	23		11	アイテムのリストを表示
BTL_B5_2	05E4E0	25		12	バーサークのリストを表示
BTL_B5_2	05E4F9	17		8	銃のカスタマイズ
BTL_B5_2	05E50A	27		13	ドラゴンのタイプをセレクト
BTL_B5_2	05E525	13		6	銃による攻撃
BTL_B5_2	05E532	29		14	ホーミングレーザーによる攻撃
BTL_B5_2	05E54F	7		3	？？？
BTL_B5_2	05E556	11		5	使用不可能
BTL_B5_2	05E561	23		11	アイテムを持っていない
BTL_B5_2	05E578	25		12	バーサークを覚えていない
BTL_B5_2	05E591	21		10	パーツを持っていない
BTL_B5_2	05E5A6	33		16	移動以外のドラゴンの行動不能状態
BTL_B5_2	05E5C7	21		10	行動ゲージが足りない
BTL_B5_2	05E5DC	29		14	バーサークポイントが足りない
BTL_B5_2	05E5F9	23		11	ヒットポイントは最大値
BTL_B5_2	05E610	27		13	バーサークポイントは最大値
BTL_B5_2	05E62B	19		9	すでに行なっている
BTL_B5_2	05E63E	19		9	攻撃する敵がいない
BTL_B5_3	050D6A	11		5	ミシュティ
BTL_B5_3	050D75	7		3	溶解液
BTL_B5_3	050D7C	9		4	しびれ液
BTL_B5_3	050D85	5		2	スラ
BTL_B5_3	050D8A	9		4	雨降らし
BTL_B5_3	050D93	5		2	逃亡
BTL_B5_3	050D98	17		8	カンヘルドラゴン
BTL_B5_3	050DA9	11		5	七宝水乱射
BTL_B5_3	050DB4	7		3	七宝水
BTL_B5_3	05821C	15		7	スタンレーザー
BTL_B5_3	05822B	13		6	クチカラボム
BTL_B5_3	058238	17		8	サンダーレーザー
BTL_B5_3	058249	17		8	リカバーレーザー
BTL_B5_3	05825A	9		4	バリアー
BTL_B5_3	058263	9		4	シールド
BTL_B5_3	05826C	13		6	バーティカル
BTL_B5_3	058279	13		6	ランナウェイ
BTL_B5_3	058286	15		7	リカバーグラス
BTL_B5_3	058295	17		8	バーサクアンプル
BTL_B5_3	0582A6	9		4	スピード
BTL_B5_3	0582AF	17		8	ドラゴンリキッド
BTL_B5_3	0582C0	11		5	エスケープ
BTL_B5_3	0582CB	9		4	バルカン
BTL_B5_3	0582D4	11		5	スタンガン
BTL_B5_3	0582DF	9		4	レーザー
BTL_B5_3	0582E8	5		2	反撃
BTL_B5_3	0582ED	23		11	アイテムのリストを表示
BTL_B5_3	058304	25		12	バーサークのリストを表示
BTL_B5_3	05831D	17		8	銃のカスタマイズ
BTL_B5_3	05832E	27		13	ドラゴンのタイプをセレクト
BTL_B5_3	058349	13		6	銃による攻撃
BTL_B5_3	058356	29		14	ホーミングレーザーによる攻撃
BTL_B5_3	058373	7		3	？？？
BTL_B5_3	05837A	11		5	使用不可能
BTL_B5_3	058385	23		11	アイテムを持っていない
BTL_B5_3	05839C	25		12	バーサークを覚えていない
BTL_B5_3	0583B5	21		10	パーツを持っていない
BTL_B5_3	0583CA	33		16	移動以外のドラゴンの行動不能状態
BTL_B5_3	0583EB	21		10	行動ゲージが足りない
BTL_B5_3	058400	29		14	バーサークポイントが足りない
BTL_B5_3	05841D	23		11	ヒットポイントは最大値
BTL_B5_3	058434	27		13	バーサークポイントは最大値
BTL_B5_3	05844F	19		9	すでに行なっている
BTL_B5_3	058462	19		9	攻撃する敵がいない
BTL_B6	05B083	23		11	タルメラン＆デルメラン
BTL_B6	05B09A	11		5	デルバーニ
BTL_B6	05B0A5	11		5	タルバーニ
BTL_B6	05B0B0	5		2	ふ化
BTL_B6	05B0B5	11		5	かじりつき
BTL_B6	05B0C0	5		2	自爆
BTL_B6	05B0C5	7		3	成長光
BTL_B6	05B0CC	23		11	タルバーニ＆デルバーニ
BTL_B6	05B0E3	15		7	吸収されている
BTL_B6	05B0F2	33		16	その攻撃はやつを成長させるだけだ
BTL_B6	05B113	21		10	別の攻撃に切り替えろ
BTL_B6	05B128	31		15	吸収させるな、次は自爆してくる
BTL_B6	05B147	17		8	力を与えすぎた…
BTL_B6	05B158	21		10	奴は仲間を成長させる
BTL_B6	05B16D	11		5	デルメラン
BTL_B6	05B178	11		5	タルメラン
BTL_B6	05B183	5		2	羽化
BTL_B6	05B188	11		5	体力回復液
BTL_B6	05B193	7		3	粘着液
BTL_B6	05B19A	11		5	かじりつき
BTL_B6	05B1A5	5		2	自爆
BTL_B6	05B1AA	21		10	ナウパダ＆タルバーニ
BTL_B6	05B1BF	11		5	タム・プロ
BTL_B6	05B1CA	9		4	コゲダマ
BTL_B6	05B1D3	5		2	反撃
BTL_B6	05B1D8	5		2	爆発
BTL_B6	05B1DD	5		2	逃走
BTL_B6	05B1E2	15		7	タム・バクプロ
BTL_B6	05B1F1	25		12	タム・リッサ＆タム・プロ
BTL_B6	05B20A	9		4	タムプロ
BTL_B6	05B213	9		4	コゲダマ
BTL_B6	05B21C	5		2	反撃
BTL_B6	05B221	5		2	爆発
BTL_B6	05B226	7		3	溶解液
BTL_B6	05B22D	7		3	再配置
BTL_B6	05B234	5		2	爆撃
BTL_B6	05B239	7		3	溶解液
BTL_B6	05B240	25		12	タム・リッサ＆タム・プロ
BTL_B6	05B259	23		11	何だ！ 降ってきた！？
BTL_B6	05B270	29		14	あそこで繁殖しているようだな
BTL_B6	05B28D	23		11	この武器では届かないぞ
BTL_B6	05B2A4	29		14	なにか手があるはずだ…来たぞ
BTL_B6	05B2C1	29		14	こちらを向いている奴は撃つな
BTL_B6	05B2DE	19		9	出力が上がらない…
BTL_B6	05B2F1	21		10	奴ら、逃げ出したぞ！
BTL_B6	05B306	21		10	深追いする必要はない
BTL_B6	05B31B	19		9	出□を探すのが先だ
BTL_B6	05B32E	5		2	狙い
BTL_B6	060CE8	15		7	スタンレーザー
BTL_B6	060CF7	13		6	クチカラボム
BTL_B6	060D04	17		8	サンダーレーザー
BTL_B6	060D15	17		8	リカバーレーザー
BTL_B6	060D26	9		4	バリアー
BTL_B6	060D2F	9		4	シールド
BTL_B6	060D38	13		6	バーティカル
BTL_B6	060D45	13		6	ランナウェイ
BTL_B6	060D52	15		7	リカバーグラス
BTL_B6	060D61	17		8	バーサクアンプル
BTL_B6	060D72	9		4	スピード
BTL_B6	060D7B	17		8	ドラゴンリキッド
BTL_B6	060D8C	11		5	エスケープ
BTL_B6	060D97	9		4	バルカン
BTL_B6	060DA0	11		5	スタンガン
BTL_B6	060DAB	9		4	レーザー
BTL_B6	060DB4	5		2	反撃
BTL_B6	060DB9	23		11	アイテムのリストを表示
BTL_B6	060DD0	25		12	バーサークのリストを表示
BTL_B6	060DE9	17		8	銃のカスタマイズ
BTL_B6	060DFA	27		13	ドラゴンのタイプをセレクト
BTL_B6	060E15	13		6	銃による攻撃
BTL_B6	060E22	29		14	ホーミングレーザーによる攻撃
BTL_B6	060E3F	7		3	？？？
BTL_B6	060E46	11		5	使用不可能
BTL_B6	060E51	23		11	アイテムを持っていない
BTL_B6	060E68	25		12	バーサークを覚えていない
BTL_B6	060E81	21		10	パーツを持っていない
BTL_B6	060E96	33		16	移動以外のドラゴンの行動不能状態
BTL_B6	060EB7	21		10	行動ゲージが足りない
BTL_B6	060ECC	29		14	バーサークポイントが足りない
BTL_B6	060EE9	23		11	ヒットポイントは最大値
BTL_B6	060F00	27		13	バーサークポイントは最大値
BTL_B6	060F1B	19		9	すでに行なっている
BTL_B6	060F2E	19		9	攻撃する敵がいない
BTL_B6_2	053B08	17		8	タム・バシレウス
BTL_B6_2	053B19	13		6	タム・リッサ
BTL_B6_2	053B26	11		5	タム・プロ
BTL_B6_2	053B31	5		2	反撃
BTL_B6_2	053B36	7		3	溶解液
BTL_B6_2	053B3D	7		3	溶解液
BTL_B6_2	053B44	9		4	体当たり
BTL_B6_2	053B4D	5		2	召喚
BTL_B6_2	053B52	7		3	甲殻手
BTL_B6_2	053B59	5		2	合体
BTL_B6_2	053B5E	5		2	分離
BTL_B6_2	053B63	17		8	タム・バシレウス
BTL_B6_2	053B74	17		8	まだ追ってくる！
BTL_B6_2	053B85	33		16	巣を破壊されて怒っているのだろう
BTL_B6_2	053BA6	23		11	逃げられそうにないな…
BTL_B6_2	053BBD	25		12	地下での戦闘と同じ要領だ
BTL_B6_2	053BD6	29		14	こちらを向いている奴は撃つな
BTL_B6_2	053BF3	23		11	まずいな、早く回復しろ
BTL_B6_2	053C0A	31		15	撃て、分離した時のあれが弱点だ
BTL_B6_2	053C29	23		11	ふう、何とか倒せたか…
BTL_B6_2	053C40	7		3	………
BTL_B6_2	053C47	23		11	アゼル、どうしたんだ？
BTL_B6_2	053C5E	21		10	アトルムが呼んでる…
BTL_B6_2	053C73	31		15	どこかそのあたりに降ろしてくれ
BTL_B6_2	053C92	17		8	仲間を殺しすぎた
BTL_B6_2	053CA3	23		11	自律ができなくなってる
BTL_B6_2	053CBA	35		17	完全に破壊するしかない、できるか？
BTL_B6_2	053CDD	33		16	大丈夫だ、今度はドラゴンがいる！
BTL_B6_2	053CFE	21		10	まずい、仲間を呼んだ
BTL_B6_2	053D13	5		2	水柱
BTL_B6_2	055F6C	15		7	スタンレーザー
BTL_B6_2	055F7B	13		6	クチカラボム
BTL_B6_2	055F88	17		8	サンダーレーザー
BTL_B6_2	055F99	17		8	リカバーレーザー
BTL_B6_2	055FAA	9		4	バリアー
BTL_B6_2	055FB3	9		4	シールド
BTL_B6_2	055FBC	13		6	バーティカル
BTL_B6_2	055FC9	13		6	ランナウェイ
BTL_B6_2	055FD6	15		7	リカバーグラス
BTL_B6_2	055FE5	17		8	バーサクアンプル
BTL_B6_2	055FF6	9		4	スピード
BTL_B6_2	055FFF	17		8	ドラゴンリキッド
BTL_B6_2	056010	11		5	エスケープ
BTL_B6_2	05601B	9		4	バルカン
BTL_B6_2	056024	11		5	スタンガン
BTL_B6_2	05602F	9		4	レーザー
BTL_B6_2	056038	5		2	反撃
BTL_B6_2	05603D	23		11	アイテムのリストを表示
BTL_B6_2	056054	25		12	バーサークのリストを表示
BTL_B6_2	05606D	17		8	銃のカスタマイズ
BTL_B6_2	05607E	27		13	ドラゴンのタイプをセレクト
BTL_B6_2	056099	13		6	銃による攻撃
BTL_B6_2	0560A6	29		14	ホーミングレーザーによる攻撃
BTL_B6_2	0560C3	7		3	？？？
BTL_B6_2	0560CA	11		5	使用不可能
BTL_B6_2	0560D5	23		11	アイテムを持っていない
BTL_B6_2	0560EC	25		12	バーサークを覚えていない
BTL_B6_2	056105	21		10	パーツを持っていない
BTL_B6_2	05611A	33		16	移動以外のドラゴンの行動不能状態
BTL_B6_2	05613B	21		10	行動ゲージが足りない
BTL_B6_2	056150	29		14	バーサークポイントが足りない
BTL_B6_2	05616D	23		11	ヒットポイントは最大値
BTL_B6_2	056184	27		13	バーサークポイントは最大値
BTL_B6_2	05619F	19		9	すでに行なっている
BTL_B6_2	0561B2	19		9	攻撃する敵がいない
BTL_C2	057730	19		9	夜間哨戒艇ドルヴァ
BTL_C2	057743	35		17	攻性生物らしき影を見たとの報告あり
BTL_C2	057766	19		9	各機、哨戒を忌るな
BTL_C2	057779	7		3	信号弾
BTL_C2	057780	21		10	敵影を確認、援軍求む
BTL_C2	057795	29		14	攻性生物と交戦中との報告あり
BTL_C2	0577B2	23		11	何！？近くにいるのか？
BTL_C2	0577C9	7		3	照明弾
BTL_C2	0577D0	13		6	何かいるぞ！
BTL_C2	0577DD	21		10	現在交戦中、援軍求む
BTL_C2	0577F2	9		4	近いぞ！
BTL_C2	0577FB	15		7	移動砲台ハンサ
BTL_C2	05780A	9		4	高射重砲
BTL_C2	057813	11		5	撃てぃっ！
BTL_C2	05781E	25		12	攻性生物接近！砲台旋回！
BTL_C2	057837	17		8	空中戦艦ヴァルナ
BTL_C2	057848	5		2	機銃
BTL_C2	05784D	9		4	集中砲火
BTL_C2	057856	13		6	対攻性生物弾
BTL_C2	057863	11		5	砲台、旋回
BTL_C2	05786E	21		10	側方に火力を集中しろ
BTL_C2	057883	33		16	各銃座、対攻性生物弾に切り替えろ
BTL_C2	0578A4	17		8	砲手、旋回急げ！
BTL_C2	0578B5	29		14	砲台、なにをしている、側方だ
BTL_C2	0578D2	25		12	くっ、対攻性生物弾を使え
BTL_C2	0578EB	23		11	信号弾射出地点付近です
BTL_C2	057902	25		12	いました、攻性生物です！
BTL_C2	05791B	27		13	たかが一匹だ、叩きつぶすぞ
BTL_C2	057936	13		6	敵影を確認！
BTL_C2	057943	39		19	各冥、帝国艦隊の力を思い知らせてやれ！
BTL_C2	05796A	15		7	お、落ちます！
BTL_C2	057979	29		14	この艦は捨てる！総冥退避ー！
BTL_C2	057996	31		15	機関部被弾、戦闘維続不能です！
BTL_C2	0579B5	27		13	手すきの者は消火にあたれ！
BTL_C2	0579D0	15		7	大型戦艦ナラカ
BTL_C2	0579DF	15		7	中型戦艦タパス
BTL_C2	0579EE	15		7	戦闘機ジンコウ
BTL_C2	0579FD	5		2	機銃
BTL_C2	057A02	17		8	ツァスタバターン
BTL_C2	057A13	15		7	攻性生物発見！
BTL_C2	057A22	21		10	やむをえん、応戦する
BTL_C2	057A37	19		9	空中城砦艦ヴリトラ
BTL_C2	057A4A	17		8	副砲、砲撃用意！
BTL_C2	057A5B	7		3	炸裂弾
BTL_C2	057A62	9		4	拡散雷撃
BTL_C2	057A6B	33		16	機関部損傷、これ以上もちません！
BTL_C2	057A8C	37		18	試作段階とはいえ、このヴリトラまで…
BTL_C2	057AB1	25		12	目標を確認、ドラゴンです
BTL_C2	057ACA	39		19	やむをえん、試作段階だがヴリトラをだす
BTL_C2	057AF1	37		18	まだ装甲が不完全なブロックがあります
BTL_C2	057B16	21		10	かまわん！ 動くか？
BTL_C2	057B2B	35		17	主砲を除く各部、出力開放、いけます
BTL_C2	057B4E	17		8	主砲、充填急げ！
BTL_C2	057B5F	31		15	ヴリトラの力、試させてもらうぞ
BTL_C2	057B7E	29		14	副砲の動力伝達に障害が発生！
BTL_C2	057B9B	11		5	復旧急げ！
BTL_C2	057BA6	29		14	第3ブロック、消失しました！
BTL_C2	057BC3	39		19	第1、第2ブロック、機能停止しました！
BTL_C2	057BEA	29		14	出力低下、高度を保てません！
BTL_C2	057C07	25		12	くっ、なんとかもたせろ！
BTL_C2	057C20	17		8	主砲はまだか！？
BTL_C2	057C31	31		15	第1、第2ブロック、機能回復！
BTL_C2	057C50	25		12	主砲、充填完了しました！
BTL_C2	057C69	33		16	よしっ、敵を主砲の射界にとらえろ
BTL_C2	057C8A	15		7	主砲、発射準備
BTL_C2	057C99	5		2	発射
BTL_C2	057C9E	19		9	主砲、続けていくぞ
BTL_C2	057CB1	23		11	再充填に少しかかります
BTL_C2	057CC8	37		18	ちっ、実験機が…装甲ブロックを閉じろ
BTL_C2	057CED	9		4	撃てぃ！
BTL_C2	057CF6	17		8	対攻性生物弾・改
BTL_C2	057D07	29		14	副砲動力、復旧完了しました！
BTL_C2	057D24	15		7	重迎撃機ゲラキ
BTL_C2	057D33	13		6	連装式軽爆雷
BTL_C2	057D40	19		9	攻性生物を発見した
BTL_C2	057D53	21		10	爆雷にて撃墜を試みる
BTL_C2	057D68	29		14	撃墜に失敗、これより帰投する
BTL_C2	05DF6C	15		7	スタンレーザー
BTL_C2	05DF7B	13		6	クチカラボム
BTL_C2	05DF88	17		8	サンダーレーザー
BTL_C2	05DF99	17		8	リカバーレーザー
BTL_C2	05DFAA	9		4	バリアー
BTL_C2	05DFB3	9		4	シールド
BTL_C2	05DFBC	13		6	バーティカル
BTL_C2	05DFC9	13		6	ランナウェイ
BTL_C2	05DFD6	15		7	リカバーグラス
BTL_C2	05DFE5	17		8	バーサクアンプル
BTL_C2	05DFF6	9		4	スピード
BTL_C2	05DFFF	17		8	ドラゴンリキッド
BTL_C2	05E010	11		5	エスケープ
BTL_C2	05E01B	9		4	バルカン
BTL_C2	05E024	11		5	スタンガン
BTL_C2	05E02F	9		4	レーザー
BTL_C2	05E038	5		2	反撃
BTL_C2	05E03D	23		11	アイテムのリストを表示
BTL_C2	05E054	25		12	バーサークのリストを表示
BTL_C2	05E06D	17		8	銃のカスタマイズ
BTL_C2	05E07E	27		13	ドラゴンのタイプをセレクト
BTL_C2	05E099	13		6	銃による攻撃
BTL_C2	05E0A6	29		14	ホーミングレーザーによる攻撃
BTL_C2	05E0C3	7		3	？？？
BTL_C2	05E0CA	11		5	使用不可能
BTL_C2	05E0D5	23		11	アイテムを持っていない
BTL_C2	05E0EC	25		12	バーサークを覚えていない
BTL_C2	05E105	21		10	パーツを持っていない
BTL_C2	05E11A	33		16	移動以外のドラゴンの行動不能状態
BTL_C2	05E13B	21		10	行動ゲージが足りない
BTL_C2	05E150	29		14	バーサークポイントが足りない
BTL_C2	05E16D	23		11	ヒットポイントは最大値
BTL_C2	05E184	27		13	バーサークポイントは最大値
BTL_C2	05E19F	19		9	すでに行なっている
BTL_C2	05E1B2	19		9	攻撃する敵がいない
BTL_C2_2	057014	23		11	特0号噴進弾ヴァラーハ
BTL_C2_2	05702B	27		13	司令塔から緊急信号を受信！
BTL_C2_2	057046	37		18	ドラゴン襲来、わが艦隊…か、壊滅！？
BTL_C2_2	05706B	25		12	あの司祭め、はかったな！
BTL_C2_2	057084	35		17	目標、ゾア！ 全てを灰にしてやる！
BTL_C2_2	0570A7	35		17	滑走用レール浮上、緊急発進準備完了
BTL_C2_2	0570CA	39		19	遂にこの噴進弾を実戦投入する時が来たか
BTL_C2_2	0570F1	35		17	噴進弾射出と同時に戦域を離脱する！
BTL_C2_2	057114	23		11	ブースター点火準備完了
BTL_C2_2	05712B	17		8	出力上昇、発進！
BTL_C2_2	05713C	15		7	右舷に敵影確認
BTL_C2_2	05714B	15		7	左舷に敵影確認
BTL_C2_2	05715A	21		10	近接対空防御装置作動
BTL_C2_2	05716F	17		8	対空迎撃準備完了
BTL_C2_2	057180	15		7	ようし、発射！
BTL_C2_2	05718F	19		9	加速準備できました
BTL_C2_2	0571A2	17		8	最大出力で加速！
BTL_C2_2	0571B3	31		15	加速最終局面、噴進弾射出します
BTL_C2_2	0571D2	19		9	よし、離脱するぞ！
BTL_C2_2	0571E5	29		14	ブースター安定、順調に加速中
BTL_C2_2	057202	17		8	早く叩き落とせ！
BTL_C2_2	057213	17		8	火力を集中しろ！
BTL_C2_2	057224	11		5	迎撃急げ！
BTL_C2_2	05722F	35		17	炉心内温度上昇、冷却装置作動します
BTL_C2_2	057252	17		8	後部安定尾翼投来
BTL_C2_2	057263	13		6	水平尾翼投来
BTL_C2_2	057270	11		5	主翼部投来
BTL_C2_2	05727B	13		6	慣性飛行段階
BTL_C2_2	057288	13		6	末端誘導段階
BTL_C2_2	057295	13		6	弾頭信管作動
BTL_C2_2	0572A2	5		2	破壊
BTL_C2_2	0572A7	27		13	司令塔から緊急信号を受信！
BTL_C2_2	0572C2	35		17	目標破壊可能ライン到達まで5分です
BTL_C2_2	0572E5	35		17	目標破壊可能ライン到達まで7分です
BTL_C2_2	057308	33		16	加速最終局面までブースターで滑走
BTL_C2_2	057329	9		4	機銃乱射
BTL_C2_2	057332	11		5	近接対空弾
BTL_C2_2	05ABC8	15		7	スタンレーザー
BTL_C2_2	05ABD7	13		6	クチカラボム
BTL_C2_2	05ABE4	17		8	サンダーレーザー
BTL_C2_2	05ABF5	17		8	リカバーレーザー
BTL_C2_2	05AC06	9		4	バリアー
BTL_C2_2	05AC0F	9		4	シールド
BTL_C2_2	05AC18	13		6	バーティカル
BTL_C2_2	05AC25	13		6	ランナウェイ
BTL_C2_2	05AC32	15		7	リカバーグラス
BTL_C2_2	05AC41	17		8	バーサクアンプル
BTL_C2_2	05AC52	9		4	スピード
BTL_C2_2	05AC5B	17		8	ドラゴンリキッド
BTL_C2_2	05AC6C	11		5	エスケープ
BTL_C2_2	05AC77	9		4	バルカン
BTL_C2_2	05AC80	11		5	スタンガン
BTL_C2_2	05AC8B	9		4	レーザー
BTL_C2_2	05AC94	5		2	反撃
BTL_C2_2	05AC99	23		11	アイテムのリストを表示
BTL_C2_2	05ACB0	25		12	バーサークのリストを表示
BTL_C2_2	05ACC9	17		8	銃のカスタマイズ
BTL_C2_2	05ACDA	27		13	ドラゴンのタイプをセレクト
BTL_C2_2	05ACF5	13		6	銃による攻撃
BTL_C2_2	05AD02	29		14	ホーミングレーザーによる攻撃
BTL_C2_2	05AD1F	7		3	？？？
BTL_C2_2	05AD26	11		5	使用不可能
BTL_C2_2	05AD31	23		11	アイテムを持っていない
BTL_C2_2	05AD48	25		12	バーサークを覚えていない
BTL_C2_2	05AD61	21		10	パーツを持っていない
BTL_C2_2	05AD76	33		16	移動以外のドラゴンの行動不能状態
BTL_C2_2	05AD97	21		10	行動ゲージが足りない
BTL_C2_2	05ADAC	29		14	バーサークポイントが足りない
BTL_C2_2	05ADC9	23		11	ヒットポイントは最大値
BTL_C2_2	05ADE0	27		13	バーサークポイントは最大値
BTL_C2_2	05ADFB	19		9	すでに行なっている
BTL_C2_2	05AE0E	19		9	攻撃する敵がいない
BTL_C4	053FA8	17		8	フォス＆ウンブラ
BTL_C4	053FB9	9		4	縦列反射
BTL_C4	053FC2	9		4	横列反射
BTL_C4	053FCB	5		2	変光
BTL_C4	053FD0	15		7	光子砲バリスタ
BTL_C4	053FDF	7		3	光子砲
BTL_C4	053FE6	39		19	攻撃が全てあのバリアにはじかれてしまう
BTL_C4	05400D	37		18	このままではダメだ！ この場は退こう
BTL_C4	054032	19		9	バリアが解けてる！
BTL_C4	054045	9		4	アルスロ
BTL_C4	05404E	19		9	光粒子炉融合20％
BTL_C4	054061	19		9	光粒子炉融合50％
BTL_C4	054074	19		9	光粒子炉融合90％
BTL_C4	054087	7		3	白熱光
BTL_C4	05408E	19		9	バリスタ自律管制室
BTL_C4	0540A1	21		10	防護システム04起動
BTL_C4	0540B6	21		10	防護システム09起動
BTL_C4	0540CB	21		10	防護システム13起動
BTL_C4	0540E0	15		7	光粒子レーザー
BTL_C4	0540EF	17		8	ステータスクリア
BTL_C4	054100	15		7	浄化装置002
BTL_C4	05410F	15		7	浄化装置001
BTL_C4	05411E	15		7	浄化装置000
BTL_C4	05412D	11		5	ヴェロクス
BTL_C4	054138	23		11	侵入物排除システム作動
BTL_C4	05414F	9		4	レーザー
BTL_C4	054158	17		8	レーザーストーム
BTL_C4	054169	17		8	回避システム作動
BTL_C4	05417A	17		8	回避システム不良
BTL_C4	05418B	17		8	回避システム不良
BTL_C4	05419C	7		3	アクレ
BTL_C4	0541A3	23		11	侵入物排除システム作動
BTL_C4	0541BA	9		4	レーザー
BTL_C4	0541C3	5		2	挑発
BTL_C4	058DE0	15		7	スタンレーザー
BTL_C4	058DEF	13		6	クチカラボム
BTL_C4	058DFC	17		8	サンダーレーザー
BTL_C4	058E0D	17		8	リカバーレーザー
BTL_C4	058E1E	9		4	バリアー
BTL_C4	058E27	9		4	シールド
BTL_C4	058E30	13		6	バーティカル
BTL_C4	058E3D	13		6	ランナウェイ
BTL_C4	058E4A	15		7	リカバーグラス
BTL_C4	058E59	17		8	バーサクアンプル
BTL_C4	058E6A	9		4	スピード
BTL_C4	058E73	17		8	ドラゴンリキッド
BTL_C4	058E84	11		5	エスケープ
BTL_C4	058E8F	9		4	バルカン
BTL_C4	058E98	11		5	スタンガン
BTL_C4	058EA3	9		4	レーザー
BTL_C4	058EAC	5		2	反撃
BTL_C4	058EB1	23		11	アイテムのリストを表示
BTL_C4	058EC8	25		12	バーサークのリストを表示
BTL_C4	058EE1	17		8	銃のカスタマイズ
BTL_C4	058EF2	27		13	ドラゴンのタイプをセレクト
BTL_C4	058F0D	13		6	銃による攻撃
BTL_C4	058F1A	29		14	ホーミングレーザーによる攻撃
BTL_C4	058F37	7		3	？？？
BTL_C4	058F3E	11		5	使用不可能
BTL_C4	058F49	23		11	アイテムを持っていない
BTL_C4	058F60	25		12	バーサークを覚えていない
BTL_C4	058F79	21		10	パーツを持っていない
BTL_C4	058F8E	33		16	移動以外のドラゴンの行動不能状態
BTL_C4	058FAF	21		10	行動ゲージが足りない
BTL_C4	058FC4	29		14	バーサークポイントが足りない
BTL_C4	058FE1	23		11	ヒットポイントは最大値
BTL_C4	058FF8	27		13	バーサークポイントは最大値
BTL_C4	059013	19		9	すでに行なっている
BTL_C4	059026	19		9	攻撃する敵がいない
BTL_C5	052038	15		7	戦闘機ジンコウ
BTL_C5	052047	17		8	ツァスタバターン
BTL_C5	052058	27		13	第2編隊長からグリグオリグ
BTL_C5	052073	31		15	ドラゴン型攻性生物、高速接近中
BTL_C5	052092	23		11	これより迎撃戦闘に入る
BTL_C5	0520A9	17		8	了解、健闘を祈る
BTL_C5	0520BA	27		13	脱出装置が！ うわぁぁぁ…
BTL_C5	0520D5	25		12	第2編隊、応答ありません
BTL_C5	0520EE	19		9	全滅したもようです
BTL_C5	052101	31		15	第6編隊、迎撃に向かって下さい
BTL_C5	052120	23		11	了解、これより交戦する
BTL_C5	052137	21		10	各機、聞いての通りだ
BTL_C5	05214C	19		9	訓練通りにいくぞ！
BTL_C5	05215F	37		18	倒せば昇進も間違いないぞ、攻撃開始！
BTL_C5	052184	33		16	これが…ドラゴンの力なのか…！？
BTL_C5	0521A5	13		6	うわぁぁぁ！
BTL_C5	0521B2	19		9	ダメだ！ 落ちる！
BTL_C5	0521C5	17		8	空中戦艦ヴァルナ
BTL_C5	0521D6	5		2	機銃
BTL_C5	0521DB	9		4	集中砲火
BTL_C5	0521E4	13		6	対攻性生物弾
BTL_C5	0521F1	33		16	続いてヴァルナ級戦艦が会敵します
BTL_C5	052212	21		10	これが噂のドラゴン…
BTL_C5	052227	39		19	陛下の御前で醜態をさらすわけにはいかん
BTL_C5	05224E	31		15	手柄をあげるぞ、迎撃戦闘開始！
BTL_C5	05226D	29		14	主砲旋回急げ、日が暮れるぞ！
BTL_C5	05228A	35		17	目標、側面に移動！ 砲旋回まだか！
BTL_C5	0522AD	27		13	弾種変更、対攻性生物弾だ！
BTL_C5	0522C8	19		9	もはやこれまでか…
BTL_C5	0522DB	29		14	総冥退艦せよ、艦を放来する！
BTL_C5	0522F8	23		11	誘導爆雷艦カラ＆護衛機
BTL_C5	05230F	5		2	機銃
BTL_C5	052314	9		4	誘導爆雷
BTL_C5	05231D	5		2	点火
BTL_C5	052322	27		13	目標、グリグオリグに接近中
BTL_C5	05233D	35		17	これ以上そいつを陛下に近づけるな！
BTL_C5	052360	25		12	直衛編隊、連携で行くぞ！
BTL_C5	052379	5		2	了解
BTL_C5	05237E	25		12	ひるむな！ まだいける！
BTL_C5	052397	27		13	カラ級誘導爆雷艦、沈没確認
BTL_C5	0523B2	23		11	ツァスタバ専用機ソーマ
BTL_C5	0523C9	17		8	ツァスタバダイブ
BTL_C5	05561C	15		7	スタンレーザー
BTL_C5	05562B	13		6	クチカラボム
BTL_C5	055638	17		8	サンダーレーザー
BTL_C5	055649	17		8	リカバーレーザー
BTL_C5	05565A	9		4	バリアー
BTL_C5	055663	9		4	シールド
BTL_C5	05566C	13		6	バーティカル
BTL_C5	055679	13		6	ランナウェイ
BTL_C5	055686	15		7	リカバーグラス
BTL_C5	055695	17		8	バーサクアンプル
BTL_C5	0556A6	9		4	スピード
BTL_C5	0556AF	17		8	ドラゴンリキッド
BTL_C5	0556C0	11		5	エスケープ
BTL_C5	0556CB	9		4	バルカン
BTL_C5	0556D4	11		5	スタンガン
BTL_C5	0556DF	9		4	レーザー
BTL_C5	0556E8	5		2	反撃
BTL_C5	0556ED	23		11	アイテムのリストを表示
BTL_C5	055704	25		12	バーサークのリストを表示
BTL_C5	05571D	17		8	銃のカスタマイズ
BTL_C5	05572E	27		13	ドラゴンのタイプをセレクト
BTL_C5	055749	13		6	銃による攻撃
BTL_C5	055756	29		14	ホーミングレーザーによる攻撃
BTL_C5	055773	7		3	？？？
BTL_C5	05577A	11		5	使用不可能
BTL_C5	055785	23		11	アイテムを持っていない
BTL_C5	05579C	25		12	バーサークを覚えていない
BTL_C5	0557B5	21		10	パーツを持っていない
BTL_C5	0557CA	33		16	移動以外のドラゴンの行動不能状態
BTL_C5	0557EB	21		10	行動ゲージが足りない
BTL_C5	055800	29		14	バーサークポイントが足りない
BTL_C5	05581D	23		11	ヒットポイントは最大値
BTL_C5	055834	27		13	バーサークポイントは最大値
BTL_C5	05584F	19		9	すでに行なっている
BTL_C5	055862	19		9	攻撃する敵がいない
BTL_C5_2	04F8A0	17		8	旗艦グリグオリグ
BTL_C5_2	04F8B1	17		8	左舷護衛艦隊壊滅
BTL_C5_2	04F8C2	23		11	輪形陣に穴が開きました
BTL_C5_2	04F8D9	21		10	ほう、なかなかやるな
BTL_C5_2	04F8EE	35		17	ほうびに帝国旗艦の力を見せてやろう
BTL_C5_2	04F911	19		9	対空迎撃戦闘開始！
BTL_C5_2	04F924	13		6	回転砲台準備
BTL_C5_2	04F931	17		8	第1回転砲台準備
BTL_C5_2	04F942	17		8	第2回転砲台準備
BTL_C5_2	04F953	17		8	第3回転砲台準備
BTL_C5_2	04F964	17		8	第4回転砲台準備
BTL_C5_2	04F975	13		6	回転速度最大
BTL_C5_2	04F982	9		4	制圧射撃
BTL_C5_2	04F98B	13		6	燃料気化榴弾
BTL_C5_2	04F998	19		9	燃料気化榴弾発射！
BTL_C5_2	04F9AB	33		16	熱隔離壁から異音発生、危険です！
BTL_C5_2	04F9CC	31		15	砲台動力部温度上昇、危険です！
BTL_C5_2	04F9EB	15		7	駆動部温度上昇
BTL_C5_2	04F9FA	11		5	放熱モード
BTL_C5_2	04FA05	9		4	熱量過多
BTL_C5_2	04FA0E	5		2	排気
BTL_C5_2	04FA13	15		7	第1排気□開放
BTL_C5_2	04FA22	15		7	第2排気□開放
BTL_C5_2	04FA31	15		7	第3排気□開放
BTL_C5_2	04FA40	13		6	吸排気□開放
BTL_C5_2	04FA4D	35		17	対空迎撃戦闘モード、高速射撃開始！
BTL_C5_2	04FA70	11		5	高速射撃砲
BTL_C5_2	04FA7B	15		7	放熱モード終了
BTL_C5_2	04FA8A	15		7	駆動部温度安定
BTL_C5_2	04FA99	23		11	機関部破損、被害軽微！
BTL_C5_2	04FAB0	23		11	機関部破損、被害甚大！
BTL_C5_2	04FAC7	15		7	迎撃機発進完了
BTL_C5_2	04FAD6	23		11	皇帝砲発射準備まだか！
BTL_C5_2	04FAED	25		12	皇帝砲発射準備整いました
BTL_C5_2	04FB06	23		11	皇帝砲、次弾装填完了！
BTL_C5_2	04FB1D	39		19	各部に伝達、皇帝砲発射の衝撃に備えろ！
BTL_C5_2	04FB44	21		10	被害状況を報告しろ！
BTL_C5_2	04FB59	15		7	機関部異常なし
BTL_C5_2	04FB68	15		7	砲塔部異常なし
BTL_C5_2	04FB77	17		8	飛行甲板異常なし
BTL_C5_2	04FB88	25		12	被害軽微、問題ありません
BTL_C5_2	04FBA1	17		8	現状を報告しろ！
BTL_C5_2	04FBB2	29		14	機関部、第2エンジン接続完了
BTL_C5_2	04FBCF	29		14	砲塔部、リアクター順調作動中
BTL_C5_2	04FBEC	19		9	飛行甲板、換装完了
BTL_C5_2	04FBFF	29		14	修復作業完了、問題ありません
BTL_C5_2	0532C4	15		7	スタンレーザー
BTL_C5_2	0532D3	13		6	クチカラボム
BTL_C5_2	0532E0	17		8	サンダーレーザー
BTL_C5_2	0532F1	17		8	リカバーレーザー
BTL_C5_2	053302	9		4	バリアー
BTL_C5_2	05330B	9		4	シールド
BTL_C5_2	053314	13		6	バーティカル
BTL_C5_2	053321	13		6	ランナウェイ
BTL_C5_2	05332E	15		7	リカバーグラス
BTL_C5_2	05333D	17		8	バーサクアンプル
BTL_C5_2	05334E	9		4	スピード
BTL_C5_2	053357	17		8	ドラゴンリキッド
BTL_C5_2	053368	11		5	エスケープ
BTL_C5_2	053373	9		4	バルカン
BTL_C5_2	05337C	11		5	スタンガン
BTL_C5_2	053387	9		4	レーザー
BTL_C5_2	053390	5		2	反撃
BTL_C5_2	053395	23		11	アイテムのリストを表示
BTL_C5_2	0533AC	25		12	バーサークのリストを表示
BTL_C5_2	0533C5	17		8	銃のカスタマイズ
BTL_C5_2	0533D6	27		13	ドラゴンのタイプをセレクト
BTL_C5_2	0533F1	13		6	銃による攻撃
BTL_C5_2	0533FE	29		14	ホーミングレーザーによる攻撃
BTL_C5_2	05341B	7		3	？？？
BTL_C5_2	053422	11		5	使用不可能
BTL_C5_2	05342D	23		11	アイテムを持っていない
BTL_C5_2	053444	25		12	バーサークを覚えていない
BTL_C5_2	05345D	21		10	パーツを持っていない
BTL_C5_2	053472	33		16	移動以外のドラゴンの行動不能状態
BTL_C5_2	053493	21		10	行動ゲージが足りない
BTL_C5_2	0534A8	29		14	バーサークポイントが足りない
BTL_C5_2	0534C5	23		11	ヒットポイントは最大値
BTL_C5_2	0534DC	27		13	バーサークポイントは最大値
BTL_C5_2	0534F7	19		9	すでに行なっている
BTL_C5_2	05350A	19		9	攻撃する敵がいない
BTL_C8	04E958	23		11	自走砲ランカー＆護衛艇
BTL_C8	04E96F	7		3	神経弾
BTL_C8	04E976	5		2	機銃
BTL_C8	04E97B	33		16	攻性生物接近、例のドラゴン型です
BTL_C8	04E99C	29		14	各隊とも、とにかく時間を稼げ
BTL_C8	04E9B9	5		2	了解
BTL_C8	04E9BE	5		2	了解
BTL_C8	04E9C3	17		8	ドラゴン、来ます
BTL_C8	04E9D4	25		12	来たか、やつを足止めする
BTL_C8	04E9ED	13		6	対攻性生物弾
BTL_C8	04E9FA	9		4	火炎噴射
BTL_C8	04EA03	13		6	突撃艦マルト
BTL_C8	04EA10	31		15	任務完遂のため捨て身でかかるぞ
BTL_C8	04EA2F	19		9	後続隊、後は頼む…
BTL_C8	04EA42	7		3	攻城砲
BTL_C8	04EA49	17		8	対攻性生物弾・改
BTL_C8	04EA5A	5		2	機銃
BTL_C8	04EA5F	17		8	火炎噴射艇アナラ
BTL_C8	04EA70	21		10	各機、遅れをとるな！
BTL_C8	04EA85	35		17	息をつく間を与えるな、畳みかける！
BTL_C8	04EAA8	39		19	本隊へ、我が隊は全滅、敵は例のドラゴ…
BTL_C8	04EACF	13		6	だ、だめか…
BTL_C8	04EADC	9		4	火炎噴射
BTL_C8	04EAE5	13		6	戦闘機カルラ
BTL_C8	04EAF2	5		2	機銃
BTL_C8	04EAF7	9		4	催涙ガス
BTL_C8	052320	15		7	スタンレーザー
BTL_C8	05232F	13		6	クチカラボム
BTL_C8	05233C	17		8	サンダーレーザー
BTL_C8	05234D	17		8	リカバーレーザー
BTL_C8	05235E	9		4	バリアー
BTL_C8	052367	9		4	シールド
BTL_C8	052370	13		6	バーティカル
BTL_C8	05237D	13		6	ランナウェイ
BTL_C8	05238A	15		7	リカバーグラス
BTL_C8	052399	17		8	バーサクアンプル
BTL_C8	0523AA	9		4	スピード
BTL_C8	0523B3	17		8	ドラゴンリキッド
BTL_C8	0523C4	11		5	エスケープ
BTL_C8	0523CF	9		4	バルカン
BTL_C8	0523D8	11		5	スタンガン
BTL_C8	0523E3	9		4	レーザー
BTL_C8	0523EC	5		2	反撃
BTL_C8	0523F1	23		11	アイテムのリストを表示
BTL_C8	052408	25		12	バーサークのリストを表示
BTL_C8	052421	17		8	銃のカスタマイズ
BTL_C8	052432	27		13	ドラゴンのタイプをセレクト
BTL_C8	05244D	13		6	銃による攻撃
BTL_C8	05245A	29		14	ホーミングレーザーによる攻撃
BTL_C8	052477	7		3	？？？
BTL_C8	05247E	11		5	使用不可能
BTL_C8	052489	23		11	アイテムを持っていない
BTL_C8	0524A0	25		12	バーサークを覚えていない
BTL_C8	0524B9	21		10	パーツを持っていない
BTL_C8	0524CE	33		16	移動以外のドラゴンの行動不能状態
BTL_C8	0524EF	21		10	行動ゲージが足りない
BTL_C8	052504	29		14	バーサークポイントが足りない
BTL_C8	052521	23		11	ヒットポイントは最大値
BTL_C8	052538	27		13	バーサークポイントは最大値
BTL_C8	052553	19		9	すでに行なっている
BTL_C8	052566	19		9	攻撃する敵がいない
BTL_C8_2	04F04C	21		10	戦術揚陸母艦バリオー
BTL_C8_2	04F061	31		15	塔の底部から高速飛行物体接近中
BTL_C8_2	04F080	35		17	本隊からの情報通りだな…迎撃開始！
BTL_C8_2	04F0A3	5		2	充電
BTL_C8_2	04F0A8	11		5	電磁発振砲
BTL_C8_2	04F0B3	11		5	対空誘導弾
BTL_C8_2	04F0BE	9		4	空中機雷
BTL_C8_2	04F0C7	11		5	近接光学砲
BTL_C8_2	04F0D2	5		2	爆撃
BTL_C8_2	04F0D7	31		15	電磁発振砲、充電局面に入ります
BTL_C8_2	04F0F6	31		15	電磁発振砲の射角にとらえました
BTL_C8_2	04F115	7		3	発射！
BTL_C8_2	04F11C	13		6	テンカ発進！
BTL_C8_2	04F129	29		14	目標発見、対空誘導弾発射準備
BTL_C8_2	04F146	17		8	対空誘導弾発射！
BTL_C8_2	04F157	15		7	空中機雷放出！
BTL_C8_2	04F166	17		8	近接光学砲発射！
BTL_C8_2	04F177	33		16	対空誘導レーダー停止しました！！
BTL_C8_2	04F198	25		12	索敵モード2に移行しろ！
BTL_C8_2	04F1B1	25		12	撃てぇ！ 撃ちまくれ！！
BTL_C8_2	04F1CA	25		12	船体強度低下、危険です！
BTL_C8_2	04F1E3	31		15	艦長！ ダメです、もちません！
BTL_C8_2	04F202	15		7	本隊より入電、
BTL_C8_2	04F211	29		14	塔の最下層を占拠したそうです
BTL_C8_2	04F22E	39		19	諸君、よくやった、我々の囮作戦は成功だ
BTL_C8_2	04F255	27		13	これで陛下に…うわぁぁぁ…
BTL_C8_2	04F270	23		11	なんだ、あの爆発は！？
BTL_C8_2	04F287	29		14	しまった！ こっちは囮か！？
BTL_C8_2	052AA4	15		7	スタンレーザー
BTL_C8_2	052AB3	13		6	クチカラボム
BTL_C8_2	052AC0	17		8	サンダーレーザー
BTL_C8_2	052AD1	17		8	リカバーレーザー
BTL_C8_2	052AE2	9		4	バリアー
BTL_C8_2	052AEB	9		4	シールド
BTL_C8_2	052AF4	13		6	バーティカル
BTL_C8_2	052B01	13		6	ランナウェイ
BTL_C8_2	052B0E	15		7	リカバーグラス
BTL_C8_2	052B1D	17		8	バーサクアンプル
BTL_C8_2	052B2E	9		4	スピード
BTL_C8_2	052B37	17		8	ドラゴンリキッド
BTL_C8_2	052B48	11		5	エスケープ
BTL_C8_2	052B53	9		4	バルカン
BTL_C8_2	052B5C	11		5	スタンガン
BTL_C8_2	052B67	9		4	レーザー
BTL_C8_2	052B70	5		2	反撃
BTL_C8_2	052B75	23		11	アイテムのリストを表示
BTL_C8_2	052B8C	25		12	バーサークのリストを表示
BTL_C8_2	052BA5	17		8	銃のカスタマイズ
BTL_C8_2	052BB6	27		13	ドラゴンのタイプをセレクト
BTL_C8_2	052BD1	13		6	銃による攻撃
BTL_C8_2	052BDE	29		14	ホーミングレーザーによる攻撃
BTL_C8_2	052BFB	7		3	？？？
BTL_C8_2	052C02	11		5	使用不可能
BTL_C8_2	052C0D	23		11	アイテムを持っていない
BTL_C8_2	052C24	25		12	バーサークを覚えていない
BTL_C8_2	052C3D	21		10	パーツを持っていない
BTL_C8_2	052C52	33		16	移動以外のドラゴンの行動不能状態
BTL_C8_2	052C73	21		10	行動ゲージが足りない
BTL_C8_2	052C88	29		14	バーサークポイントが足りない
BTL_C8_2	052CA5	23		11	ヒットポイントは最大値
BTL_C8_2	052CBC	27		13	バーサークポイントは最大値
BTL_C8_2	052CD7	19		9	すでに行なっている
BTL_C8_2	052CEA	19		9	攻撃する敵がいない
BTL_D2	052B44	9		4	マサーン
BTL_D2	052B4D	5		2	反撃
BTL_D2	052B52	9		4	つむじ風
BTL_D2	052B5B	9		4	機能低下
BTL_D2	052B64	17		8	フォス＆ウンブラ
BTL_D2	052B75	9		4	縦列反射
BTL_D2	052B7E	9		4	横列反射
BTL_D2	052B87	5		2	変光
BTL_D2	052B8C	11		5	ヴェロクス
BTL_D2	052B97	23		11	侵入物排除システム作動
BTL_D2	052BAE	9		4	レーザー
BTL_D2	052BB7	17		8	レーザーストーム
BTL_D2	052BC8	17		8	回避システム作動
BTL_D2	052BD9	17		8	回避システム不良
BTL_D2	052BEA	17		8	回避システム不良
BTL_D2	052BFB	13		6	量産ドラゴン
BTL_D2	052C08	11		5	生体弾乱射
BTL_D2	052C13	7		3	生体弾
BTL_D2	052C1A	23		11	ハヌマン＆強襲艦クオパ
BTL_D2	052C31	11		5	生体弾噴射
BTL_D2	052C3C	9		4	光子環波
BTL_D2	052C45	23		11	ハヌマン＆強襲艦ハオト
BTL_D2	052C5C	11		5	生体弾噴射
BTL_D2	052C67	9		4	光子環波
BTL_D2	056990	15		7	スタンレーザー
BTL_D2	05699F	13		6	クチカラボム
BTL_D2	0569AC	17		8	サンダーレーザー
BTL_D2	0569BD	17		8	リカバーレーザー
BTL_D2	0569CE	9		4	バリアー
BTL_D2	0569D7	9		4	シールド
BTL_D2	0569E0	13		6	バーティカル
BTL_D2	0569ED	13		6	ランナウェイ
BTL_D2	0569FA	15		7	リカバーグラス
BTL_D2	056A09	17		8	バーサクアンプル
BTL_D2	056A1A	9		4	スピード
BTL_D2	056A23	17		8	ドラゴンリキッド
BTL_D2	056A34	11		5	エスケープ
BTL_D2	056A3F	9		4	バルカン
BTL_D2	056A48	11		5	スタンガン
BTL_D2	056A53	9		4	レーザー
BTL_D2	056A5C	5		2	反撃
BTL_D2	056A61	23		11	アイテムのリストを表示
BTL_D2	056A78	25		12	バーサークのリストを表示
BTL_D2	056A91	17		8	銃のカスタマイズ
BTL_D2	056AA2	27		13	ドラゴンのタイプをセレクト
BTL_D2	056ABD	13		6	銃による攻撃
BTL_D2	056ACA	29		14	ホーミングレーザーによる攻撃
BTL_D2	056AE7	7		3	？？？
BTL_D2	056AEE	11		5	使用不可能
BTL_D2	056AF9	23		11	アイテムを持っていない
BTL_D2	056B10	25		12	バーサークを覚えていない
BTL_D2	056B29	21		10	パーツを持っていない
BTL_D2	056B3E	33		16	移動以外のドラゴンの行動不能状態
BTL_D2	056B5F	21		10	行動ゲージが足りない
BTL_D2	056B74	29		14	バーサークポイントが足りない
BTL_D2	056B91	23		11	ヒットポイントは最大値
BTL_D2	056BA8	27		13	バーサークポイントは最大値
BTL_D2	056BC3	19		9	すでに行なっている
BTL_D2	056BD6	19		9	攻撃する敵がいない
BTL_D2_2	050234	17		8	寄生グリグオリグ
BTL_D2_2	050245	21		10	やっぱり暴走している
BTL_D2_2	05025A	29		14	なんとかこいつを止めないと…
BTL_D2_2	050277	33		16	寄生されないように気をつけないと
BTL_D2_2	050298	33		16	両側の攻性生物が直接エネルギーを
BTL_D2_2	0502B9	19		9	送っているみたいだ
BTL_D2_2	0502CC	23		11	あの砲の正面は危険だな
BTL_D2_2	0502E3	9		4	やった！
BTL_D2_2	0502EC	7		3	皇帝砲
BTL_D2_2	0502F3	11		5	パラサイト
BTL_D2_2	0502FE	17		8	ステータスクリア
BTL_D2_2	05030F	11		5	タラン放出
BTL_D2_2	05031A	17		8	パラサイトスピン
BTL_D2_2	05032B	11		5	放出□閉鎖
BTL_D2_2	050336	15		7	エネルギー充填
BTL_D2_2	050345	15		7	リミッター開放
BTL_D2_2	05445C	15		7	スタンレーザー
BTL_D2_2	05446B	13		6	クチカラボム
BTL_D2_2	054478	17		8	サンダーレーザー
BTL_D2_2	054489	17		8	リカバーレーザー
BTL_D2_2	05449A	9		4	バリアー
BTL_D2_2	0544A3	9		4	シールド
BTL_D2_2	0544AC	13		6	バーティカル
BTL_D2_2	0544B9	13		6	ランナウェイ
BTL_D2_2	0544C6	15		7	リカバーグラス
BTL_D2_2	0544D5	17		8	バーサクアンプル
BTL_D2_2	0544E6	9		4	スピード
BTL_D2_2	0544EF	17		8	ドラゴンリキッド
BTL_D2_2	054500	11		5	エスケープ
BTL_D2_2	05450B	9		4	バルカン
BTL_D2_2	054514	11		5	スタンガン
BTL_D2_2	05451F	9		4	レーザー
BTL_D2_2	054528	5		2	反撃
BTL_D2_2	05452D	23		11	アイテムのリストを表示
BTL_D2_2	054544	25		12	バーサークのリストを表示
BTL_D2_2	05455D	17		8	銃のカスタマイズ
BTL_D2_2	05456E	27		13	ドラゴンのタイプをセレクト
BTL_D2_2	054589	13		6	銃による攻撃
BTL_D2_2	054596	29		14	ホーミングレーザーによる攻撃
BTL_D2_2	0545B3	7		3	？？？
BTL_D2_2	0545BA	11		5	使用不可能
BTL_D2_2	0545C5	23		11	アイテムを持っていない
BTL_D2_2	0545DC	25		12	バーサークを覚えていない
BTL_D2_2	0545F5	21		10	パーツを持っていない
BTL_D2_2	05460A	33		16	移動以外のドラゴンの行動不能状態
BTL_D2_2	05462B	21		10	行動ゲージが足りない
BTL_D2_2	054640	29		14	バーサークポイントが足りない
BTL_D2_2	05465D	23		11	ヒットポイントは最大値
BTL_D2_2	054674	27		13	バーサークポイントは最大値
BTL_D2_2	05468F	19		9	すでに行なっている
BTL_D2_2	0546A2	19		9	攻撃する敵がいない
BTL_D4	04F3F8	7		3	ルーナ
BTL_D4	04F3FF	15		7	シャドウフレア
BTL_D4	04F40E	11		5	移動物感知
BTL_D4	04F419	19		9	イヴァス＆イヴィア
BTL_D4	04F42C	15		7	ツインブレイズ
BTL_D4	04F43B	7		3	ペイン
BTL_D4	04F442	15		7	シンクロナイザ
BTL_D4	04F451	9		4	耐性変化
BTL_D4	04F45A	7		3	ロロス
BTL_D4	04F461	5		2	極光
BTL_D4	04F466	5		2	修復
BTL_D4	04F46B	17		8	ステータスクリア
BTL_D4	04F47C	15		7	エネルギー循環
BTL_D4	04F48B	7		3	カドロ
BTL_D4	04F492	11		5	結晶石爆発
BTL_D4	04F49D	5		2	離脱
BTL_D4	05335C	15		7	スタンレーザー
BTL_D4	05336B	13		6	クチカラボム
BTL_D4	053378	17		8	サンダーレーザー
BTL_D4	053389	17		8	リカバーレーザー
BTL_D4	05339A	9		4	バリアー
BTL_D4	0533A3	9		4	シールド
BTL_D4	0533AC	13		6	バーティカル
BTL_D4	0533B9	13		6	ランナウェイ
BTL_D4	0533C6	15		7	リカバーグラス
BTL_D4	0533D5	17		8	バーサクアンプル
BTL_D4	0533E6	9		4	スピード
BTL_D4	0533EF	17		8	ドラゴンリキッド
BTL_D4	053400	11		5	エスケープ
BTL_D4	05340B	9		4	バルカン
BTL_D4	053414	11		5	スタンガン
BTL_D4	05341F	9		4	レーザー
BTL_D4	053428	5		2	反撃
BTL_D4	05342D	23		11	アイテムのリストを表示
BTL_D4	053444	25		12	バーサークのリストを表示
BTL_D4	05345D	17		8	銃のカスタマイズ
BTL_D4	05346E	27		13	ドラゴンのタイプをセレクト
BTL_D4	053489	13		6	銃による攻撃
BTL_D4	053496	29		14	ホーミングレーザーによる攻撃
BTL_D4	0534B3	7		3	？？？
BTL_D4	0534BA	11		5	使用不可能
BTL_D4	0534C5	23		11	アイテムを持っていない
BTL_D4	0534DC	25		12	バーサークを覚えていない
BTL_D4	0534F5	21		10	パーツを持っていない
BTL_D4	05350A	33		16	移動以外のドラゴンの行動不能状態
BTL_D4	05352B	21		10	行動ゲージが足りない
BTL_D4	053540	29		14	バーサークポイントが足りない
BTL_D4	05355D	23		11	ヒットポイントは最大値
BTL_D4	053574	27		13	バーサークポイントは最大値
BTL_D4	05358F	19		9	すでに行なっている
BTL_D4	0535A2	19		9	攻撃する敵がいない
BTL_D5	05AB38	21		10	アンチベースウィング
BTL_D5	05AB4D	9		4	レーザー
BTL_D5	05AB56	9		4	メリソナ
BTL_D5	05AB5F	25		12	アンチバリアントウィング
BTL_D5	05AB78	9		4	レーザー
BTL_D5	05AB81	7		3	ツァオ
BTL_D5	05AB88	11		5	ツァーノス
BTL_D5	05AB93	7		3	防御型
BTL_D5	05AB9A	25		12	アンチストライプウィング
BTL_D5	05ABB3	9		4	レーザー
BTL_D5	05ABBC	9		4	リューヴ
BTL_D5	05ABC5	7		3	攻撃型
BTL_D5	05ABCC	25		12	アンチパンツァーウィング
BTL_D5	05ABE5	9		4	レーザー
BTL_D5	05ABEE	5		2	加速
BTL_D5	05ABF3	11		5	リューリア
BTL_D5	05ABFE	7		3	機動型
BTL_D5	05AC05	19		9	アンチアイウィング
BTL_D5	05AC18	11		5	ヴァダズム
BTL_D5	05AC23	13		6	ザムクレート
BTL_D5	05AC30	9		4	ガノーク
BTL_D5	05AC39	11		5	ビクシオマ
BTL_D5	05AC44	7		3	心技型
BTL_D5	05AC4B	9		4	ケトキス
BTL_D5	05AC54	11		5	セストレン
BTL_D5	05AC5F	23		11	意識融合体メル=カヴァ
BTL_D5	05AC76	23		11	意識融合体ランドドーラ
BTL_D5	05AC8D	19		9	意識融合体ハヌマン
BTL_D5	05ACA0	15		7	物理攻撃構造体
BTL_D5	05ACAF	17		8	ステータスクリア
BTL_D5	05ACC0	23		11	セストレン・エクスシス
BTL_D5	05ACD7	25		12	とうとう…ここまで来た…
BTL_D5	05ACF0	29		14	『おまえ』の望んでた場所だ…
BTL_D5	05AD0D	15		7	さあ、答えを…
BTL_D5	05AD1C	33		16	おまえの本当の力を見せてくれ！！
BTL_D5	05AD3D	17		8	戻って来たのか…
BTL_D5	05AD4E	21		10	しかも、その人間は…
BTL_D5	05AD63	37		18	与えられた使命を守り続けることこそが
BTL_D5	05AD88	13		6	我々の役目…
BTL_D5	05AD95	9		4	しかし、
BTL_D5	05AD9E	35		17	おまえは、その意志の外に存在する…
BTL_D5	05ADC1	25		12	排除する…あの時と同じに
BTL_D5	05ADDA	25		12	排除する…誤った意志も…
BTL_D5	05ADF3	19		9	『絶対の客人』も！
BTL_D5	05AE06	23		11	意識融合体シェルクーフ
BTL_D5	05AE1D	25		12	意識融合体プロトタイプD
BTL_D5	05AE36	17		8	意識融合体ヌース
BTL_D5	05AE47	21		10	意識融合体ヌリシンハ
BTL_D5	05AE5C	9		4	思念雷撃
BTL_D5	05AE65	21		10	周回探知システム作動
BTL_D5	05AE7A	21		10	震動探知システム作動
BTL_D5	05AE8F	13		6	システム解除
BTL_D5	05AE9C	13		6	システム解除
BTL_D5	05AEA9	9		4	レーザー
BTL_D5	05AEB2	15		7	ロンギヌスの槍
BTL_D5	05AEC1	9		4	震動探知
BTL_D5	05AECA	9		4	周回探知
BTL_D5	06740C	15		7	スタンレーザー
BTL_D5	06741B	13		6	クチカラボム
BTL_D5	067428	17		8	サンダーレーザー
BTL_D5	067439	17		8	リカバーレーザー
BTL_D5	06744A	9		4	バリアー
BTL_D5	067453	9		4	シールド
BTL_D5	06745C	13		6	バーティカル
BTL_D5	067469	13		6	ランナウェイ
BTL_D5	067476	15		7	リカバーグラス
BTL_D5	067485	17		8	バーサクアンプル
BTL_D5	067496	9		4	スピード
BTL_D5	06749F	17		8	ドラゴンリキッド
BTL_D5	0674B0	11		5	エスケープ
BTL_D5	0674BB	9		4	バルカン
BTL_D5	0674C4	11		5	スタンガン
BTL_D5	0674CF	9		4	レーザー
BTL_D5	0674D8	5		2	反撃
BTL_D5	0674DD	23		11	アイテムのリストを表示
BTL_D5	0674F4	25		12	バーサークのリストを表示
BTL_D5	06750D	17		8	銃のカスタマイズ
BTL_D5	06751E	27		13	ドラゴンのタイプをセレクト
BTL_D5	067539	13		6	銃による攻撃
BTL_D5	067546	29		14	ホーミングレーザーによる攻撃
BTL_D5	067563	7		3	？？？
BTL_D5	06756A	11		5	使用不可能
BTL_D5	067575	23		11	アイテムを持っていない
BTL_D5	06758C	25		12	バーサークを覚えていない
BTL_D5	0675A5	21		10	パーツを持っていない
BTL_D5	0675BA	33		16	移動以外のドラゴンの行動不能状態
BTL_D5	0675DB	21		10	行動ゲージが足りない
BTL_D5	0675F0	29		14	バーサークポイントが足りない
BTL_D5	06760D	23		11	ヒットポイントは最大値
BTL_D5	067624	27		13	バーサークポイントは最大値
BTL_D5	06763F	19		9	すでに行なっている
BTL_D5	067652	19		9	攻撃する敵がいない
BTL_T0	053700	7		3	クルル
BTL_T0	053707	7		3	碧の玉
BTL_T0	05370E	5		2	鱗粉
BTL_T0	053713	9		4	シャプリ
BTL_T0	05371C	7		3	大アゴ
BTL_T0	053723	5		2	矢骨
BTL_T0	053728	11		5	ヴェロクス
BTL_T0	053733	23		11	侵入物排除システム作動
BTL_T0	05374A	9		4	レーザー
BTL_T0	053753	17		8	レーザーストーム
BTL_T0	053764	17		8	回避システム作動
BTL_T0	053775	23		11	バックアタック発動準備
BTL_T0	05378C	17		8	回避システム不良
BTL_T0	05379D	7		3	トゥプ
BTL_T0	0537A4	5		2	とげ
BTL_T0	0537A9	7		3	とげ嵐
BTL_T0	0537B0	5		2	離散
BTL_T0	0537B5	31		15	エッジ、赤いやつが群れのボスだ
BTL_T0	0537D4	39		19	こいつら後ろには攻撃できないみたいだぜ
BTL_T0	0537FB	19		9	うわっ、前はやばい
BTL_T0	05380E	15		7	誘導爆雷艦カラ
BTL_T0	05381D	5		2	機銃
BTL_T0	053822	9		4	誘導爆雷
BTL_T0	05382B	17		8	各艦の健闘を祈る
BTL_T0	05383C	31		15	誘導爆雷、全て撃ち尽くしました
BTL_T0	05385B	41		20	各銃座、積み残しはなしだ！全弾ぶち込め！
BTL_T0	053884	23		11	まだまだー…うわぁぁ…
BTL_T0	05389B	5		2	点火
BTL_T0	0538A0	86		40	戦闘中のドラゴンとエッジは\n行動エネルギーを共有している。\nそれが<03>\nシンクロナスゲージ<03>
BTL_T0	0538F6	67		32	である。\n何もしないとたまっていき\n3ゲージ分まで持つことができる。
BTL_T0	053939	106		51	1ゲージ以上たまっていれば\nコマンドアイコンを開き\nその時にたまっているゲージ量で\n可能な行動を選択できる。
BTL_T0	0539A3	47		21	ドラゴンの通常攻撃である\n<03>\nホーミングレーザー<03>
BTL_T0	0539D2	41		19	は\n1ゲージを消費することで\n発射できる。
BTL_T0	0539FB	28		12	エッジの通常攻撃である<03>\n銃<03>
BTL_T0	053A17	72		34	は\n1ゲージを消費することで\n発射できる。\nこの銃は、敵を狙い撃ちできる。
BTL_T0	053A5F	20		8	エッジが<03>\nアイテム<03>
BTL_T0	053A73	107		51	を使う時も\n1ゲージを消費する。\nアイテムを使う時は\nウインドウを開き、方向ボタンで\n使うアイテムを選択する。
BTL_T0	053ADE	39		17	ドラゴンの特殊行動である\n<03>\nバーサーク<03>
BTL_T0	053B05	60		28	は\nその種類によって\n必要なゲージ数が\n1〜3ゲージと異なる。
BTL_T0	053B41	67		32	それぞれの行動は\n必要なゲージ量があれば\nいつでも好きな時に行える。
BTL_T0	053B84	139		67	余ったゲージ量はそのまま残る。\n1ゲージたまるごとに使うか\n複数ゲージためてから使うか\n状況に応じて使い分けることで\n戦いを有利に進められる。
BTL_T0	053C0F	107		51	画面には表示されないが\n敵もゲージを持っており\n一定間隔で行動する。\nゲージのたまる速さは\n敵によって異なる。
BTL_T0	053C7A	72		34	敵の行動は\nドラゴンが敵に対して\nどの方向にいるかによって\n変わってくる。
BTL_T0	053CC2	41		18	敵とドラゴンの位置関係は\n<03>\n戦闘レーダー<03>
BTL_T0	053CEB	71		34	で確認できる。\n敵は常に中心に表示され\nドラゴンはその周りに表示される。
BTL_T0	053D32	77		37	戦闘レーダー内の各方向の色は\nその方向に対する\n敵の攻撃の危険度を表している。
BTL_T0	053D7F	87		42	例えば、現在ドラゴンのいる\n色がついていない方向に対しては\n危険度の低い攻撃が行われる。
BTL_T0	053DD6	101		47	敵からの攻撃に対処するために\nドラゴンは敵の前後左右4方向に\n移動することができる。\nこれを<03>\n位置取り<03>
BTL_T0	053E3B	9		4	という。
BTL_T0	053E44	83		40	位置取りは、敵に対して\n方向ボタンで左方向か右方向に\n90度ずつ回り込むことで行う。
BTL_T0	053E97	97		47	位置取りはゲージを消費しないので\n好きな時に行なうことができるが\n位置取り中はゲージが増加しない。
BTL_T0	053EF8	82		39	緑の方向は\n敵がその方向に攻撃できないことを\n示している。\nそのため安全地帯となる。
BTL_T0	053F4A	113		54	赤い方向は\nダメージの大きい攻撃や\nステータス異常攻撃など\n危険度の高い攻撃が行われる\n方向であることを示している。
BTL_T0	053FBB	77		37	できるだけ赤い方向をさけ\n緑の方向にいるようにすれば\n安全に戦うことができる。
BTL_T0	054008	108		52	ただし、位置取りをしている間は\nゲージが増加しないため\n位置取りを多く行なうほど\n時間のロスになることに注意。
BTL_T0	054074	96		46	敵の防御力は\n方向によって異なるので\nどの方向から攻撃するかによって\n与えるダメージが違ってくる。
BTL_T0	0540D4	75		36	この敵の前方の防御力は普通で\n前から攻撃すると\n普通にダメージを与えられる。
BTL_T0	05411F	69		33	この敵の左右の防御力は高く\nそのためほとんどダメージを\n与えられない。
BTL_T0	054164	80		37	敵に大きなダメージを与えるには\n弱点を狙って攻撃すればよい。\n弱点には<03>\nWEAK<03>
BTL_T0	0541B4	35		15	と表示される。\nこれを<03>\n弱点マーク<03>
BTL_T0	0541D7	9		4	という。
BTL_T0	0541E0	81		39	特定方向からの攻撃に対して\n回避や反撃を行う敵や\n特定方向からのみ狙える敵もいる。
BTL_T0	054231	121		58	このように、位置取りによって\n敵の攻撃をかわしたり\n効果的に攻撃したりできる。\n位置取りを制すれば\n戦いを有利に進められる。
BTL_T0	0542AA	22		9	<03>\nホーミングレーザー<03>
BTL_T0	0542C0	95		45	\nドラゴンの通常攻撃。\n複数のレーザーを発射する。\n一度に発射できるレーザーの数には\n制限がある。
BTL_T0	05431F	108		52	レーザーは、ドラゴンに近い敵から\n順に命中していく。\n狙って撃つことはできないが\nエッジの銃よりも威力は高い。
BTL_T0	05438B	101		47	光学耐性の敵には効果が弱い。\n光学耐性の敵に銃を向けると\n<03>\nANTI LASER\n(アンチ レーザー)<03>
BTL_T0	0543F0	16		7	と\n表示される。
BTL_T0	054400	6		1	<03>\n銃<03>
BTL_T0	054406	101		48	\nエッジの通常攻撃。\n方向ボタンで照準を動かして\n敵を狙い撃ちできる。\nただし、一度に撃てるのは1ヶ所。
BTL_T0	05446B	54		26	敵の弱点や、集団の中の特定の敵を\n集中して攻撃できる。
BTL_T0	0544A1	99		46	物理耐性の敵には効果が弱い。\n物理耐性の敵に銃を向けると\n<03>\nANTI SHOT\n(アンチ ショット)<03>
BTL_T0	054504	16		7	と\n表示される。
BTL_T0	054514	14		5	<03>\nバーサーク<03>
BTL_T0	054522	62		29	\nドラゴンの特殊行動。\n敵の防御力を無視した\n強力な攻撃を行う。
BTL_T0	054560	119		57	防御力の高い敵に有効だが\n弱点に命中しても\n威力は変わらない。\nドラゴンの回復や、戦闘を補助する\n効果のバーサークもある。
BTL_T0	0545D7	57		26	各バーサークは決まった量の\n<03>\nバーサークポイント(BP)<03>
BTL_T0	054610	72		34	を\n消費する。\nそのため、BPが足りないと\nそのバーサークは使用できない。
BTL_T0	054658	45		20	系統別に効果が多少異なる。\n<03>\nATTACK系<03>
BTL_T0	054685	41		18	：近い順に威力大\n<03>\nSPIRITUAL系<03>
BTL_T0	0546AE	33		14	：多数の敵に\n<03>\nAGILITY系<03>
BTL_T0	0546CF	33		14	：少数の敵に\n<03>\nDEFENSE系<03>
BTL_T0	0546F0	13		6	：守り重視に
BTL_T0	0546FD	126		61	操作はコマンドアイコンで行なうが\nレーザーと銃はアイコンを出さずに\nボタン一つでも発射できる。\n押したままで使用することも可能。
BTL_T0	05477B	62		28	ドラゴンのステータスを\n異常な状態にする\n<03>\nステータス異常攻撃<03>
BTL_T0	0547B9	24		11	を\n行ってくる敵もいる。
BTL_T0	0547D1	125		60	レーダー内の赤い方向は\nダメージの大きい攻撃や\nステータス異常攻撃など\n危険度の高い攻撃が行われる\n方向であることを示している。
BTL_T0	05484E	56		27	ステータス異常攻撃を受けたため\nドラゴンがマヒしている。
BTL_T0	054886	65		31	ドラゴンのステータスは、この\nステータス表示エリアに\n表示される。
BTL_T0	0548C7	26		11	<03>\n「STUN(スタン)」<03>
BTL_T0	0548E1	103		49	\nマヒ状態になったドラゴンは\nレーザーやバーサークを封じられ\n位置取り以外の行動が\nできなくなってしまう。
BTL_T0	054948	123		59	ただし、異常になるのは\nドラゴンだけである。\n銃の発射やアイテムの使用は\nエッジの行動なので\nステータスに関係なく可能である。
BTL_T0	0549C3	135		65	ステータス異常は、時間がたてば\n回復するが、アイテムを使って\nすぐに回復させることもできる。\nスタン以外のステータス異常は\n以下のとおり。
BTL_T0	054A4A	28		12	<03>\nPOISON(ポイズン)<03>
BTL_T0	054A66	27		11	：毒\n<03>\nSLOW(スロウ)<03>
BTL_T0	054A81	39		17	：ゲージ低速化\n<03>\nSTOP(ストップ)<03>
BTL_T0	054AA8	33		14	：移動不可\n<03>\nPAIN(ペイン)<03>
BTL_T0	054AC9	39		17	：攻撃防御低下\n<03>\nBIND(バインド)<03>
BTL_T0	054AF0	13		6	：1ゲージ化
BTL_T0	054AFD	22		9	<03><01>レーザーを発射せよ<03>
BTL_T0	054B14	16		6	<03><01>銃を発射せよ<03>
BTL_T0	054B25	22		9	<03><01>アイテムを使用せよ<03>
BTL_T0	054B3C	24		10	<03><01>バーサークを発動せよ<03>
BTL_T0	054B55	16		6	<03><01>何か行動せよ<03>
BTL_T0	054B66	24		10	<03><01>敵の後方向に移動せよ<03>
BTL_T0	054B7F	24		10	<03><01>敵の前方向に移動せよ<03>
BTL_T0	054B98	22		9	<03><01>レーザーを発射せよ<03>
BTL_T0	054BAF	24		10	<03><01>敵の右方向に移動せよ<03>
BTL_T0	054BC8	22		9	<03><01>レーザーを発射せよ<03>
BTL_T0	054BDF	24		10	<03><01>敵の後方向に移動せよ<03>
BTL_T0	054BF8	22		9	<03><01>レーザーを発射せよ<03>
BTL_T0	054C0F	22		9	<03><01>レーザーを発射せよ<03>
BTL_T0	054C26	16		6	<03><01>銃を発射せよ<03>
BTL_T0	054C37	16		6	<03><01>銃を発射せよ<03>
BTL_T0	054C48	24		10	<03><01>バーサークを発動せよ<03>
BTL_T0	054C61	30		13	<03><01>アイテムアイコンを選択せよ<03>
BTL_T0	054C80	22		9	<03><01>アイテムを使用せよ<03>
BTL_T0	054C97	49		22	ドラゴンはガリル砂漠での戦いで\n<03>\nタイプセレクト<03>
BTL_T0	054CC8	82		39	能力を得た。\nタイプセレクトとは\nドラゴンの形態を自由に\n変化させられる能力である。
BTL_T0	054D1A	106		51	フィールド上では制限無く\nタイプセレクトを行うことができ、\n戦闘中でのタイプセレクトは\n1ゲージを消費する。
BTL_T0	054D84	50		24	タイプセレクトの意味として\n次の5つの効果がある。
BTL_T0	054DB6	135		65	・基本性能の調整\n・成長その1〜基本性能の上昇\n・成長その2〜バーサーク獲得\n・タイプ専用その1〜3ゲージ技\n・タイプ専用その2〜特殊能力
BTL_T0	054E3D	57		26	先の3つは微妙な調整に対応し\n後の2つは後述の「<03>\nタイプ<03>
BTL_T0	054E76	16		7	」に\n対応する。
BTL_T0	054E86	119		57	以下の性能を一時的に調整できる。\n・レーザーの威力\n・バーサークの威力＆消費BP\n・敵の攻撃によるダメージ\n・位置取り速度
BTL_T0	054EFD	74		35	何かの能力を上げると\n何かが下がるので\n状況に合わせて調整することが\n重要。
BTL_T0	054F47	131		63	経験値がたまるとレベルアップし\nドラゴンと銃の基本性能が上昇、\nタイプセレクトでどう調整して\n戦っているかが\nその上昇具合に影響する。
BTL_T0	054FCA	95		45	以下の性能の上昇に関係する。\n・レーザーの基本威力\n・BPの最大値\n・HPの最大値\n・銃の基本威力
BTL_T0	055029	67		32	銃の基本性能が\nドラゴンの機動力の影響を受けて\n成長することに注意。
BTL_T0	05506C	112		54	何かを極端に強く育てることも\n全てを平均的に育てるも自由。\n自分のプレイスタイルに合うように\n育てることができる。
BTL_T0	0550DC	121		58	レベルアップの際\nバーサークを覚えることがある。\nバーサークには系統があり\nタイプセレクトでの調整が\n覚えやすさに関係する。
BTL_T0	055155	115		55	以下の系統のバーサークに関係。\n・攻撃系統バーサーク\n・心技系統バーサーク\n・防御系統バーサーク\n・機動系統バーサーク
BTL_T0	0551C8	121		58	攻撃力を高めて戦っていると\n攻撃系統バーサークが\n早めに得られる。\n光学属性のバーサーク。\nATTACK CLASSと呼称。
BTL_T0	055241	119		57	心技力を高めて戦っていると\n心技系統バーサークが\n早めに得られる。\n全体大ダメージのバーサーク。\nSKILL CLASS。
BTL_T0	0552B8	121		58	防御力を高めて戦っていると\n防御系統バーサークが\n早めに得られる。\n回復と防御のバーサーク。\nDEFFENCE CLASS。
BTL_T0	055331	123		59	機動力を高めて戦っていると\n機動系統バーサークが\n早めに得られる。\n補助と物理属性のバーサーク。\nAGIRITY CLASS。
BTL_T0	0553AC	96		46	なお、バーサークには\nレベルアップで得られる\n前述の4系統以外にも\n他の条件で得られるものがある。
BTL_T0	05540C	103		48	能力変化、レベルアップでの\n能力上昇・バーサークの獲得は\n微妙な調整に対応しているが\nその他に「<03>\nタイプ<03>
BTL_T0	055473	26		12	」という概念が\n存在する。
BTL_T0	05548D	96		46	数値の割り振りの度合いにより\n標準型・攻撃型・心技型・防御型\n機動型の5つに\nタイプは分けられる。
BTL_T0	0554ED	119		57	各タイプには\n専用のバーサークが存在し、\nそのタイプでないと使用できない。\nゲージを3ゲージ消費するが\nBPは消費しない。
BTL_T0	055564	100		48	タイプ専用のバーサークは\nどれも有効に使えるが\nゲージ消費が大きいため\n使いどころを考えることが重要。
BTL_T0	0555C8	104		50	タイプにより特殊能力がある。\n3ゲージたまっている状態において\nゲージもBPも消費しないで\n自動発動する。
BTL_T0	055630	119		57	標準型：徐々にHP回復\n攻撃型：一定確率で反撃\n心技型：徐々にBP回復\n防御型：防御力2倍\n機動型：ステータス異常自動解除
BTL_T0	0556A7	36		16	<03><01>タイプセレクトアイコンを選択せよ<03>
BTL_T0	0556CC	36		16	<03><01>タイプセレクトアイコンを選択せよ<03>
BTL_T0	0556F1	36		16	<03><01>タイプセレクトアイコンを選択せよ<03>
BTL_T0	055716	36		16	<03><01>タイプセレクトアイコンを選択せよ<03>
BTL_T0	05990C	15		7	スタンレーザー
BTL_T0	05991B	13		6	クチカラボム
BTL_T0	059928	17		8	サンダーレーザー
BTL_T0	059939	17		8	リカバーレーザー
BTL_T0	05994A	9		4	バリアー
BTL_T0	059953	9		4	シールド
BTL_T0	05995C	13		6	バーティカル
BTL_T0	059969	13		6	ランナウェイ
BTL_T0	059976	15		7	リカバーグラス
BTL_T0	059985	17		8	バーサクアンプル
BTL_T0	059996	9		4	スピード
BTL_T0	05999F	17		8	ドラゴンリキッド
BTL_T0	0599B0	11		5	エスケープ
BTL_T0	0599BB	9		4	バルカン
BTL_T0	0599C4	11		5	スタンガン
BTL_T0	0599CF	9		4	レーザー
BTL_T0	0599D8	5		2	反撃
BTL_T0	0599DD	23		11	アイテムのリストを表示
BTL_T0	0599F4	25		12	バーサークのリストを表示
BTL_T0	059A0D	17		8	銃のカスタマイズ
BTL_T0	059A1E	27		13	ドラゴンのタイプをセレクト
BTL_T0	059A39	13		6	銃による攻撃
BTL_T0	059A46	29		14	ホーミングレーザーによる攻撃
BTL_T0	059A63	7		3	？？？
BTL_T0	059A6A	11		5	使用不可能
BTL_T0	059A75	23		11	アイテムを持っていない
BTL_T0	059A8C	25		12	バーサークを覚えていない
BTL_T0	059AA5	21		10	パーツを持っていない
BTL_T0	059ABA	33		16	移動以外のドラゴンの行動不能状態
BTL_T0	059ADB	21		10	行動ゲージが足りない
BTL_T0	059AF0	29		14	バーサークポイントが足りない
BTL_T0	059B0D	23		11	ヒットポイントは最大値
BTL_T0	059B24	27		13	バーサークポイントは最大値
BTL_T0	059B3F	19		9	すでに行なっている
BTL_T0	059B52	19		9	攻撃する敵がいない
BTL_X0	05E0EC	17		8	アトルムドラゴン
BTL_X0	05E0FD	9		4	レーザー
BTL_X0	05E106	9		4	瞬間移動
BTL_X0	05E10F	9		4	いくぞ！
BTL_X0	05E118	11		5	ビクシオマ
BTL_X0	05E123	7		3	ねらえ
BTL_X0	05E12A	5		2	やれ
BTL_X0	05E12F	25		12	なぜだ！？ やめてくれ！
BTL_X0	05E148	29		14	儀は君と戦うつもりはない！！
BTL_X0	05E165	33		16	あのひとの敵は私の敵…それだけだ
BTL_X0	05E186	33		16	あのひと？ クレイメンの事か！？
BTL_X0	05E1A7	29		14	くそっ…戦うしかないのか！？
BTL_X0	05E1C4	33		16	なぜ、クレイメンの味方をする！？
BTL_X0	05E1E5	17		8	答える必要はない
BTL_X0	05E1F6	39		19	アトルム…まだ完全に目覚めていないのか
BTL_X0	05E21D	17		8	…しかたがない…
BTL_X0	05E22E	17		8	アトルムドラゴン
BTL_X0	05E23F	9		4	レーザー
BTL_X0	05E248	9		4	瞬間移動
BTL_X0	05E251	9		4	いくぞ！
BTL_X0	05E25A	11		5	ビクシオマ
BTL_X0	05E265	7		3	ねらえ
BTL_X0	05E26C	5		2	やれ
BTL_X0	05E271	9		4	ギリィク
BTL_X0	05E27A	9		4	いまだ！
BTL_X0	05E283	5		2	回復
BTL_X0	05E288	17		8	そこをどいてくれ
BTL_X0	05E299	27		13	儀は塔に行かなきゃならない
BTL_X0	05E2B4	7		3	………
BTL_X0	05E2BB	29		14	…説得の通じる相手じゃない…
BTL_X0	05E2D8	31		15	やっぱり、戦うしかないのか！？
BTL_X0	05E2F7	17		8	アトルムドラゴン
BTL_X0	05E308	9		4	レーザー
BTL_X0	05E311	9		4	瞬間移動
BTL_X0	05E31A	9		4	いくぞ！
BTL_X0	05E323	11		5	ビクシオマ
BTL_X0	05E32E	7		3	ねらえ
BTL_X0	05E335	5		2	やれ
BTL_X0	05E33A	9		4	ギリィク
BTL_X0	05E343	9		4	いまだ！
BTL_X0	05E34C	5		2	回復
BTL_X0	05E351	13		6	ベルディスト
BTL_X0	05E35E	11		5	くらえ！！
BTL_X0	05E369	17		8	ステータスクリア
BTL_X0	05E37A	11		5	なぜ来た…
BTL_X0	05E385	19		9	アゼル、儀はただ…
BTL_X0	05E398	21		10	あの時言ったはずだ…
BTL_X0	05E3AD	33		16	あの人の邪魔をするなら…殺す、と
BTL_X0	05E3CE	25		12	待ってくれ！ アゼル！！
BTL_X0	05E3E7	37		18	彼女を傷つけずにアトルムだけを狙う…
BTL_X0	05E40C	13		6	やれるのか？
BTL_X0	05E419	29		14	これで終わらせる…悪く思うな
BTL_X0	05E436	27		13	装甲が外れた…あと少しだ！
BTL_X0	05E451	17		8	エルスディノーツ
BTL_X0	05E462	9		4	機能停止
BTL_X0	05E46B	9		4	機能回復
BTL_X0	06628C	15		7	スタンレーザー
BTL_X0	06629B	13		6	クチカラボム
BTL_X0	0662A8	17		8	サンダーレーザー
BTL_X0	0662B9	17		8	リカバーレーザー
BTL_X0	0662CA	9		4	バリアー
BTL_X0	0662D3	9		4	シールド
BTL_X0	0662DC	13		6	バーティカル
BTL_X0	0662E9	13		6	ランナウェイ
BTL_X0	0662F6	15		7	リカバーグラス
BTL_X0	066305	17		8	バーサクアンプル
BTL_X0	066316	9		4	スピード
BTL_X0	06631F	17		8	ドラゴンリキッド
BTL_X0	066330	11		5	エスケープ
BTL_X0	06633B	9		4	バルカン
BTL_X0	066344	11		5	スタンガン
BTL_X0	06634F	9		4	レーザー
BTL_X0	066358	5		2	反撃
BTL_X0	06635D	23		11	アイテムのリストを表示
BTL_X0	066374	25		12	バーサークのリストを表示
BTL_X0	06638D	17		8	銃のカスタマイズ
BTL_X0	06639E	27		13	ドラゴンのタイプをセレクト
BTL_X0	0663B9	13		6	銃による攻撃
BTL_X0	0663C6	29		14	ホーミングレーザーによる攻撃
BTL_X0	0663E3	7		3	？？？
BTL_X0	0663EA	11		5	使用不可能
BTL_X0	0663F5	23		11	アイテムを持っていない
BTL_X0	06640C	25		12	バーサークを覚えていない
BTL_X0	066425	21		10	パーツを持っていない
BTL_X0	06643A	33		16	移動以外のドラゴンの行動不能状態
BTL_X0	06645B	21		10	行動ゲージが足りない
BTL_X0	066470	29		14	バーサークポイントが足りない
BTL_X0	06648D	23		11	ヒットポイントは最大値
BTL_X0	0664A4	27		13	バーサークポイントは最大値
BTL_X0	0664BF	19		9	すでに行なっている
BTL_X0	0664D2	19		9	攻撃する敵がいない
FLD_A3	008E55	3		2	？な
FLD_A3	008E5C	4		1	<!FE><!96>セ
FLD_A3	008E60	26		12	<01>(帝国軍のトロッコか？)
FLD_A3	008E85	11		5	しまった！
FLD_A3	008E90	23		11	攻性生物よけの風網か！
FLD_A3	0090F3	19		9	だいぶ流されたな…
FLD_A3	009111	25		12	早く発掘所に戻らないと…
FLD_A3	009135	35		17	だけど…このドラゴン、どうやったら
FLD_A3	009158	29		14	言う事を聞いてくれるんだろう
FLD_A3	009180	31		15	うわっ！スピードが上がったぞ！
FLD_A3	0091AA	19		9	スピードが下がった
FLD_A3	0091BD	33		16	こうすれば速度を変えてくれるのか
FLD_A3	0091E9	19		9	おや？止まったのか
FLD_A3	009207	21		10	上昇した！すごいな…
FLD_A3	00921C	33		16	色んな物があんなに小さく見える…
FLD_A3	009248	11		5	下降した！
FLD_A3	00925E	35		17	なるほど、こうやって行きたい方向を
FLD_A3	009281	21		10	教えればいいんだな…
FLD_A3	0092A2	25		12	なんとか飛んでくれそうだ
FLD_A3	0092BB	10		4	<1B>い方向を
FLD_A3	0092C5	23		11	急いで隊長の所に戻ろう
FLD_A3	0092E7	31		15	…貴様ら、これがどういう意味か
FLD_A3	009306	17		8	わかってるのか！
FLD_A3	00932E	25		12	クレイメン艦よりの返信、
FLD_A3	009347	17		8	確認できません！
FLD_A3	009363	37		18	……くっ…こんな所で、あの発掘物を…
FLD_A3	009388	35		17	ドラゴンを尋われるわけにはいかん…
FLD_A3	0093AB	23		11	全艦、戦闘隊形を取れ！
FLD_A3	0093CD	27		13	ダメです、噴射弾急速接近…
FLD_A3	0093E8	19		9	間に合いません！！
FLD_A3	0094A0	11		5	発掘所周辺
FLD_A3	0094AB	12		5	発掘所<05>上空
FLD_A3	0094B7	12		5	渓谷<05>最深部
FLD_A3	0094C3	11		5	コナナの巣
FLD_A3	0094CE	17		8	戦闘システム説明
FLD_A3	0094DF	15		7	ゲージについて
FLD_A3	0094EE	25		12	位置取り1〜敵からの攻撃
FLD_A3	009507	10		4	<1E>ゆく…)
FLD_A3	009511	23		11	位置取り2〜敵への攻撃
FLD_A3	00952A	10		4	<1E>ゆく…)
FLD_A3	009534	21		10	攻撃の種類とその効果
FLD_A3	009549	19		9	ステータス異常攻撃
FLD_A3	00955E	17		8	バーサークの系統
FLD_A3	00956F	19		9	先行入力と連続攻撃
FLD_A3	009584	9		4	戦績評価
FLD_A3	00958D	9		4	説明終了
FLD_A3	009596	10		4	<1F>連続攻撃
FLD_A3	0095A2	95		46	バーサークには6つの系統がある。\nレベルアップで覚えるものが4系統\nその他が2系統に分けられる。
FLD_A3	009601	28		12	<03>\nATTACK CLASS<03>
FLD_A3	00961D	25		10	\n<03>\n(アタック クラス)<03>
FLD_A3	009636	92		44	\n敵全体を攻撃するバーサーク。\n近くの敵にはダメージが大きいが\n遠ざかるほどダメージは弱まる。
FLD_A3	009692	42		20	レベルアップによって\n覚えることができる。
FLD_A3	0096BC	34		15	<03>\nSPIRITUAL CLASS<03>
FLD_A3	0096DE	31		13	\n<03>\n(スピリチュアル クラス)<03>
FLD_A3	0096FD	84		40	\n敵全体を攻撃するバーサーク。\n敵との距離に関係なく\nそれぞれに一定ダメージを与える。
FLD_A3	009751	131		63	敵の数が多くても、1体あたりの\nダメージは変わらないので\n一度に多くの敵と戦う場合に有効。\nレベルアップによって\n覚えることができる。
FLD_A3	0097D4	30		13	<03>\nDEFENSE CLASS<03>
FLD_A3	0097F2	29		12	\n<03>\n(ディフェンス クラス)<03>
FLD_A3	00980F	51		24	\nHPを回復したり\nバリアを張ったりするバーサーク。
FLD_A3	009842	86		41	回復系のバーサークは\n1ゲージで使用できる。\nレベルアップによって\n覚えることができる。
FLD_A3	009898	30		13	<03>\nAGILITY CLASS<03>
FLD_A3	0098B6	27		11	\n<03>\n(アジリティ クラス)<03>
FLD_A3	0098D1	62		29	\n敵を一定回数攻撃したり\n戦闘の補助を行ったりする\nバーサーク。
FLD_A3	00990F	129		62	敵の数が多くても少なくても\n総攻撃回数は変わらないので\n少数の敵に対して使った方が有効。\nレベルアップによって\n覚えることができる。
FLD_A3	009990	67		31	この他に、以下の2系統がある。\n<03>\nFULLーGAUGE CLASS<03>
FLD_A3	0099D3	26		11	<03>\n(フルゲージ クラス)<03>
FLD_A3	0099ED	27		11	\n<03>\nEXTRA CLASS<03>
FLD_A3	009A08	27		11	\n<03>\n(エクストラ クラス)<03>
FLD_A3	009A24	116		56	例えば、自分の位置取り中にも\n敵のゲージは進行しているので、\n位置取りが終わったとたんに\n攻撃されてしまう場合がある。
FLD_A3	009A98	136		64	そんな時、位置取り中から前もって\nボタンを押したままにしておけば\n位置取り終了と同時に\n敵より先に行動することができる。\nこれを<03>\n先行入力<03>
FLD_A3	009B20	9		4	という。
FLD_A3	009B29	80		38	先行入力は、\n・敵(自分)の位置取り中\n・敵(自分)の行動中\nに行うことができる。
FLD_A3	009B79	102		49	ゲージが複数たまっていて\n連続で行動したい場合なども、\n先行入力しておけば\n敵に割り込まれる心配はない。
FLD_A3	009BDF	116		56	先行入力をうまく利用すれば、\n時間のロスを減らせるだけでなく\n敵の先手を取りやすくなるので、\n戦いが非常に有利になる。
FLD_A3	009C53	98		47	戦闘に勝利すると\n戦い方が5段階で評価される。\nこの評価が高いほど\n経験値やアイテムが得やすくなる。
FLD_A3	009CB5	118		57	敵を倒すまでの時間が短く\n敵から受けたダメージが小さいほど\n高い評価を得ることができる。\n評価は、高い順に以下のとおり。
FLD_A3	009D2B	26		11	<03>\nEXCELLENT！！<03>
FLD_A3	009D45	21		8	\n<03>\n(エクセレント)<03>
FLD_A3	009D5A	74		35	\n最も高い評価。\n得られる経験値は最も多い。\nアイテムを入手することもある。
FLD_A3	009DA4	24		10	<03>\nVERY GOOD！<03>
FLD_A3	009DBC	21		8	\n<03>\n(ベリーグッド)<03>
FLD_A3	009DD1	78		37	\n2番目に高い評価。\n得られる経験値はやや多い。\nアイテムを入手することもある。
FLD_A3	009E1F	24		10	<03>\nNICE FIGHT<03>
FLD_A3	009E37	23		9	\n<03>\n(ナイスファイト)<03>
FLD_A3	009E4E	43		20	\n3番目に高い評価。\n得られる経験値は普通。
FLD_A3	009E79	24		10	<03>\nHARD FIGHT<03>
FLD_A3	009E91	23		9	\n<03>\n(ハードファイト)<03>
FLD_A3	009EA8	49		23	\n4番目に高い評価。\n得られる経験値はやや少ない。
FLD_A3	009ED9	26		11	<03>\nTOUGH FIGHT<03>
FLD_A3	009EF3	21		8	\n<03>\n(タフファイト)<03>
FLD_A3	009F08	45		21	\n最も低い評価。\n得られる経験値は最も少ない。
FLD_A3	009F35	11		5	コナナの巣
FLD_A3	009F40	7		3	発掘所
FLD_A3	009F47	17		8	旧世紀の記録機械
FLD_A3	009F58	11		5	風網制御板
FLD_A3	009F63	6		2	<0D>機械
FLD_A3	009F69	12		5	渓谷<05>最深部
FLD_A3	009F75	17		8	旧世紀の記録機械
FLD_A3	009F86	11		5	発掘所周辺
FLD_A3	009F91	11		5	滝裏の洞穴
FLD_A3	009F9C	6		2	<0D>機械
FLD_A3	02D2C7	39		17	<1E><16><1A><01>(ずいぶん外れまでやってきたな…)
FLD_A3	02D2EE	13		6	探索を続ける
FLD_A3	02D2FB	25		12	ワールドマップに移動する
FLD_A3	02D36B	21		10	これまでの記録をとる
FLD_A3	02D380	11		5	記録しない
FLD_A3	02D411	27		13	ナビゲーターの目的地を選択
FLD_A3	02D42C	18		6	現在の目的地<03><01><01><02><03>
FLD_A3	02D43F	14		4	目的地を<03><01><01><02><03>
FLD_A3	02D44D	7		3	に設定
FLD_A3	02D454	17		8	目的地設定 解除
FLD_A3	02D465	17		8	目的地設定 なし
FLD_A3	02D476	17		8	目的地候補 なし
FLD_A3	02D487	15		7	ナビゲータ解除
FLD_A3	02D496	25		12	ナビゲーター使用不能地域
FLD_A3	040C10	6		5	めはるツな
FLD_A3	040C18	6		5	なはれツな
FLD_A3	040C20	6		5	めはれツな
FLD_A3	040C28	5		4	はりツな
FLD_A3	040C30	25		11	か<01><01>レぇぉぬほすておいき
FLD_A3	040C49	37		18	かすヨひ「ななジあな？れジやゃゅ。お
FLD_A3	040C6E	22		9	 <03>\nょっぬほたてちい<03>
FLD_A3	040C84	21		10	 す…A。Bヴせいき
FLD_A3	040C99	40		18	 ょっぬほたてちい <03>\nす…A。Bヴせい<03>
FLD_A3	040CC1	3		1	き
FLD_A3	040CC4	29		14	かゲすダC？れジDひ)せゲお
FLD_A3	040CE1	18		7	 <03>\nEつFねちい<03>
FLD_A3	040CF3	23		11	 GHEつIン！ちいき
FLD_A3	040D0A	38		17	 EつFねちい <03>\nGHEつIン！ちい<03>
FLD_A3	040D30	3		1	き
FLD_A3	040D33	56		27	かおみ「ゲえトベー9ぜやJみんやレ\n K『？ほて！えおお
FLD_A3	040D6B	66		32	こおLMやNOぼヘごノテ。3へや\n ぼヘオェカゥ9む)ヨほPQおお
FLD_A3	040DAD	76		37	おLMりやRふS』あTゾUNOVむゆ\nな？『。ぇWぬあPQ。XYね！なまいさ
FLD_A3	040DF9	23		11	おおズせすせZ％ゲえき
FLD_A5	00D29B	31		15	このコブ…まさか、ズースーか！
FLD_A5	00D2C6	21		10	ズースー？なんだ！？
FLD_A5	00D2E7	25		12	見てればわかる…来るぞ！
FLD_A5	00D30C	11		5	ワーム…？
FLD_A5	00D317	37		18	そうか…、エッジ、ここはワームの巣だ
FLD_A5	00D33D	39		19	奴らは危害を加えなきゃおとなしいもんだ
FLD_A5	00D365	37		18	ワームとじゃれてないで先を急ごうぜ！
FLD_A5	00D396	17		8	エッジ、見てみろ
FLD_A5	00D3B3	17		8	あれが…抜け穴？
FLD_A5	00D3D0	7		3	そうだ
FLD_A5	00D3D7	10		5	…抜け穴？
FLD_A5	00D3E1	37		18	ちょうどいい、あとを追いかけようぜ！
FLD_A5	00D412	27		13	ガッシュ、あれがオアシス？
FLD_A5	00D439	31		15	ああ…だけど、水脈への入り□が
FLD_A5	00D458	6		2	<0E>ぜ！
FLD_A5	00D45E	29		14	旧世紀の遣物にふさがれてるな
FLD_A5	00D487	17		8	点滅しはじめた…
FLD_A5	00D498	23		11	他の遣物に同調したんだ
FLD_A5	00D4AF	6		2	<1E>るな
FLD_A5	00D4B5	39		19	どこかであれと同じような形をした遣物が
FLD_A5	00D4DD	19		9	作動を始めたはずだ
FLD_A5	00D4F0	20		10	ような形をした遣物が
FLD_A5	00D505	19		9	そいつを探そうぜ！
FLD_A5	00D524	29		14	…どっかで音がしなかったか？
FLD_A5	00D54D	11		5	まずいな、
FLD_A5	00D558	35		17	地下遣跡への入□が砂でふさがれてる
FLD_A5	00D587	31		15	あの砂をどける方法があるはずだ
FLD_A5	00D5A6	4		1	<1E>る
FLD_A5	00D5AA	21		10	そいつを考えようぜ！
FLD_A5	00D5CB	31		15	ここの遣跡で何か作動するものが
FLD_A5	00D5EA	4		1	<1E>る
FLD_A5	00D5EE	21		10	あったはずなんだが…
FLD_A5	00D603	15		7	…使えないかな
FLD_A5	00D61E	13		6	思い出したぜ
FLD_A5	00D62B	2		1	な
FLD_A5	00D62D	19		9	ここらにある遣物が
FLD_A5	00D640	2		1	…
FLD_A5	00D642	37		18	竜巻を起こすスイッチになってるはずだ
FLD_A5	00D66A	19		9	それを作動させれば
FLD_A5	00D67D	18		9	チになってるはずだ
FLD_A5	00D692	23		11	砂をどける事ができるぞ
FLD_A5	00D6A9	14		7	なってるはずだ
FLD_A5	00D6C6	35		17	やった！砂が吹き飛ばされていく！！
FLD_A5	00D6F5	35		17	ここの遣跡を越えれば砂漠も終わり…
FLD_A5	00D718	31		15	あとは地下をまっすぐ飛ぶだけだ
FLD_A5	00D737	4		2	り…
FLD_A5	00D73B	15		7	気楽に行こうぜ
FLD_A5	00D74A	16		7	<!BD>すぐ飛ぶだけだ
FLD_A5	00D75A	4		2	り…
FLD_A5	00D76A	23		11	赤いワームか、珍しいな
FLD_A5	00D78D	27		13	ワームの幼生を助けるのか？
FLD_A5	00D7A8	35		17	攻性生物なんざほっときゃいいのによ
FLD_A5	00D7D7	39		19	いいじゃないか、人助けみたいなものだし
FLD_A5	00D80A	19		9	旧世紀の沈没船か…
FLD_A5	00D829	21		10	破壊しちまったぜ！？
FLD_A5	00D83E	13		6	いいのか？…
FLD_A5	00D84B	27		13	何か起こんなきゃいいがな…
FLD_A5	00D965	39		19	                  ロ
FLD_A5	00D98C	39		19	                 ロー
FLD_A5	00D9B3	39		19	                ローリ
FLD_A5	00D9DA	39		19	               ローリン
FLD_A5	00DA01	39		19	              ローリング
FLD_A5	00DA29	39		19	             ローリングス
FLD_A5	00DA50	39		19	            ローリングスタ
FLD_A5	00DA77	39		19	           ローリングスター
FLD_A5	00DA9E	39		19	          ローリングスタート
FLD_A5	00DAC5	39		19	         ローリングスタート！
FLD_A5	00DAEC	39		19	        ローリングスタート！ 
FLD_A5	00DB14	39		19	       ローリングスタート！  
FLD_A5	00DB3C	39		19	      ローリングスタート！   
FLD_A5	00DB64	39		19	     ローリングスタート！    
FLD_A5	00DB8C	39		19	    ローリングスタート！     
FLD_A5	00DBB4	39		19	   ローリングスタート！      
FLD_A5	00DBDC	39		19	  ローリングスタート！       
FLD_A5	00DC04	39		19	 ローリングスタート！        
FLD_A5	00DC2C	39		19	ローリングスタート！         
FLD_A5	00DC54	39		19	ーリングスタート！          
FLD_A5	00DC7C	39		19	リングスタート！           
FLD_A5	00DCA4	39		19	ングスタート！            
FLD_A5	00DCCC	39		19	グスタート！             
FLD_A5	00DCF4	39		19	スタート！              
FLD_A5	00DD1C	39		19	タート！               
FLD_A5	00DD44	39		19	ート！                
FLD_A5	00DD6C	39		19	ト！                 
FLD_A5	00DD94	39		19	！                  
FLD_A5	00DDBC	39		19	                   
FLD_A5	00DDE4	39		19	                  ロ
FLD_A5	00DE0B	39		19	                 ロー
FLD_A5	00DE32	39		19	                ローリ
FLD_A5	00DE59	39		19	               ローリン
FLD_A5	00DE80	39		19	              ローリング
FLD_A5	00DEA8	39		19	             ローリングス
FLD_A5	00DECF	39		19	            ローリングスタ
FLD_A5	00DEF6	39		19	           ローリングスター
FLD_A5	00DF1D	39		19	          ローリングスタート
FLD_A5	00DF44	39		19	         ローリングスタート！
FLD_A5	00DF6B	39		19	        ローリングスタート！ 
FLD_A5	00DF93	39		19	       ローリングスタート！  
FLD_A5	00DFBB	39		19	      ローリングスタート！   
FLD_A5	00DFE3	39		19	     ローリングスタート！    
FLD_A5	00E00B	39		19	    ローリングスタート！     
FLD_A5	00E033	39		19	   ローリングスタート！      
FLD_A5	00E05B	39		19	  ローリングスタート！       
FLD_A5	00E083	39		19	 ローリングスタート！        
FLD_A5	00E0AB	39		19	ローリングスタート！         
FLD_A5	00E0D3	39		19	ーリングスタート！          
FLD_A5	00E0FB	39		19	リングスタート！           
FLD_A5	00E123	39		19	ングスタート！            
FLD_A5	00E14B	39		19	グスタート！             
FLD_A5	00E173	39		19	スタート！              
FLD_A5	00E19B	39		19	タート！               
FLD_A5	00E1C3	39		19	ート！                
FLD_A5	00E1EB	39		19	ト！                 
FLD_A5	00E213	39		19	！                  
FLD_A5	00E23B	39		19	                   
FLD_A5	00E263	23		9	<03>\n ■■■<05>3<05>■■■ 
FLD_A5	00E27A	16		7	<01>       
FLD_A5	00E28B	23		9	<03>\n  ■■<05>2<05>■■  
FLD_A5	00E2A2	16		7	<01>       
FLD_A5	00E2B3	23		9	<03>\n   ■<05>1<05>■   
FLD_A5	00E2CA	16		7	<01>       
FLD_A5	00E2DB	25		10	<03><04>口口口口<05>GO<05>口口口口
FLD_A5	00E326	39		19	                  ロ
FLD_A5	00E34D	39		19	                 ロー
FLD_A5	00E374	39		19	                ローリ
FLD_A5	00E39B	39		19	               ローリン
FLD_A5	00E3C2	39		19	              ローリング
FLD_A5	00E3EA	39		19	             ローリングス
FLD_A5	00E411	39		19	            ローリングスタ
FLD_A5	00E438	39		19	           ローリングスター
FLD_A5	00E45F	39		19	          ローリングスタート
FLD_A5	00E486	39		19	         ローリングスタート！
FLD_A5	00E4AD	39		19	        ローリングスタート！ 
FLD_A5	00E4D5	39		19	       ローリングスタート！  
FLD_A5	00E4FD	39		19	      ローリングスタート！   
FLD_A5	00E525	39		19	     ローリングスタート！    
FLD_A5	00E54D	39		19	    ローリングスタート！     
FLD_A5	00E575	39		19	   ローリングスタート！      
FLD_A5	00E59D	39		19	  ローリングスタート！       
FLD_A5	00E5C5	39		19	 ローリングスタート！        
FLD_A5	00E5ED	39		19	ローリングスタート！         
FLD_A5	00E615	39		19	ーリングスタート！          
FLD_A5	00E63D	39		19	リングスタート！           
FLD_A5	00E665	39		19	ングスタート！            
FLD_A5	00E68D	39		19	グスタート！             
FLD_A5	00E6B5	39		19	スタート！              
FLD_A5	00E6DD	39		19	タート！               
FLD_A5	00E705	39		19	ート！                
FLD_A5	00E72D	39		19	ト！                 
FLD_A5	00E755	39		19	！                  
FLD_A5	00E77D	39		19	                   
FLD_A5	00E7A5	39		19	                  ロ
FLD_A5	00E7CC	39		19	                 ロー
FLD_A5	00E7F3	39		19	                ローリ
FLD_A5	00E81A	39		19	               ローリン
FLD_A5	00E841	39		19	              ローリング
FLD_A5	00E869	39		19	             ローリングス
FLD_A5	00E890	39		19	            ローリングスタ
FLD_A5	00E8B7	39		19	           ローリングスター
FLD_A5	00E8DE	39		19	          ローリングスタート
FLD_A5	00E905	39		19	         ローリングスタート！
FLD_A5	00E92C	39		19	        ローリングスタート！ 
FLD_A5	00E954	39		19	       ローリングスタート！  
FLD_A5	00E97C	39		19	      ローリングスタート！   
FLD_A5	00E9A4	39		19	     ローリングスタート！    
FLD_A5	00E9CC	39		19	    ローリングスタート！     
FLD_A5	00E9F4	39		19	   ローリングスタート！      
FLD_A5	00EA1C	39		19	  ローリングスタート！       
FLD_A5	00EA44	39		19	 ローリングスタート！        
FLD_A5	00EA6C	39		19	ローリングスタート！         
FLD_A5	00EA94	39		19	ーリングスタート！          
FLD_A5	00EABC	39		19	リングスタート！           
FLD_A5	00EAE4	39		19	ングスタート！            
FLD_A5	00EB0C	39		19	グスタート！             
FLD_A5	00EB34	39		19	スタート！              
FLD_A5	00EB5C	39		19	タート！               
FLD_A5	00EB84	39		19	ート！                
FLD_A5	00EBAC	39		19	ト！                 
FLD_A5	00EBD4	39		19	！                  
FLD_A5	00EBFC	39		19	                   
FLD_A5	00EC24	23		9	<03>\n ■■■<05>3<05>■■■ 
FLD_A5	00EC3B	16		7	<01>       
FLD_A5	00EC4C	23		9	<03>\n  ■■<05>2<05>■■  
FLD_A5	00EC63	16		7	<01>       
FLD_A5	00EC74	23		9	<03>\n   ■<05>1<05>■   
FLD_A5	00EC8B	16		7	<01>       
FLD_A5	00EC9C	25		10	<03><04>口口口口<05>GO<05>口口口口
FLD_A5	00ECF3	42		19	                  <03><01>記<03>
FLD_A5	00ED1E	42		19	                 <03><01>記録<03>
FLD_A5	00ED49	40		18	                <03><01>記録<03>
FLD_A5	00EECD	22		9	       <03><01>記録<03>
FLD_A5	00EEE3	21		10	をぬりかえよ■■  
FLD_A5	00EEF9	20		8	      <03><01>記録<03>
FLD_A5	00EF0D	23		11	をぬりかえよ■■   
FLD_A5	00EF25	18		7	     <03><01>記録<03>
FLD_A5	00EF37	25		12	をぬりかえよ■■    
FLD_A5	00EF51	16		6	    <03><01>記録<03>
FLD_A5	00EF61	27		13	をぬりかえよ■■     
FLD_A5	00EF7D	14		5	   <03><01>記録<03>
FLD_A5	00EF8B	29		14	をぬりかえよ■■      
FLD_A5	00EFA9	12		4	  <03><01>記録<03>
FLD_A5	00EFB5	31		15	をぬりかえよ■■       
FLD_A5	00EFD5	10		3	 <03><01>記録<03>
FLD_A5	00EFDF	33		16	をぬりかえよ■■        
FLD_A5	00F001	8		2	<03><01>記録<03>
FLD_A5	00F009	35		17	をぬりかえよ■■         
FLD_A5	00F02D	6		1	<03><01>録<03>
FLD_A5	00F033	37		18	をぬりかえよ■■          
FLD_A5	00F059	39		19	をぬりかえよ■■           
FLD_A5	00F080	4		1	<01> 
FLD_A5	00F085	39		19	ぬりかえよ■■            
FLD_A5	00F0AC	4		1	<01> 
FLD_A5	00F0B1	39		19	りかえよ■■             
FLD_A5	00F0D8	4		1	<01> 
FLD_A5	00F0DD	39		19	かえよ■■              
FLD_A5	00F104	4		1	<01> 
FLD_A5	00F109	39		19	えよ■■               
FLD_A5	00F130	4		1	<01> 
FLD_A5	00F135	39		19	よ■■                
FLD_A5	00F15C	4		1	<01> 
FLD_A5	00F161	39		19	■■                 
FLD_A5	00F188	4		1	<01> 
FLD_A5	00F18D	39		19	■                  
FLD_A5	00F1B4	4		1	<01> 
FLD_A5	00F1B9	39		19	                   
FLD_A5	00F1E0	4		1	<01> 
FLD_A5	00F1E5	42		19	                  <03><01>記<03>
FLD_A5	00F210	42		19	                 <03><01>記録<03>
FLD_A5	00F23B	40		18	                <03><01>記録<03>
FLD_A5	00F3BF	22		9	       <03><01>記録<03>
FLD_A5	00F3D5	21		10	をぬりかえよ■■  
FLD_A5	00F3EB	20		8	      <03><01>記録<03>
FLD_A5	00F3FF	23		11	をぬりかえよ■■   
FLD_A5	00F417	18		7	     <03><01>記録<03>
FLD_A5	00F429	25		12	をぬりかえよ■■    
FLD_A5	00F443	16		6	    <03><01>記録<03>
FLD_A5	00F453	27		13	をぬりかえよ■■     
FLD_A5	00F46F	14		5	   <03><01>記録<03>
FLD_A5	00F47D	29		14	をぬりかえよ■■      
FLD_A5	00F49B	12		4	  <03><01>記録<03>
FLD_A5	00F4A7	31		15	をぬりかえよ■■       
FLD_A5	00F4C7	10		3	 <03><01>記録<03>
FLD_A5	00F4D1	33		16	をぬりかえよ■■        
FLD_A5	00F4F3	8		2	<03><01>記録<03>
FLD_A5	00F4FB	35		17	をぬりかえよ■■         
FLD_A5	00F51F	6		1	<03><01>録<03>
FLD_A5	00F525	37		18	をぬりかえよ■■          
FLD_A5	00F54B	39		19	をぬりかえよ■■           
FLD_A5	00F572	4		1	<01> 
FLD_A5	00F577	39		19	ぬりかえよ■■            
FLD_A5	00F59E	4		1	<01> 
FLD_A5	00F5A3	39		19	りかえよ■■             
FLD_A5	00F5CA	4		1	<01> 
FLD_A5	00F5CF	39		19	かえよ■■              
FLD_A5	00F5F6	4		1	<01> 
FLD_A5	00F5FB	39		19	えよ■■               
FLD_A5	00F622	4		1	<01> 
FLD_A5	00F627	39		19	よ■■                
FLD_A5	00F64E	4		1	<01> 
FLD_A5	00F653	39		19	■■                 
FLD_A5	00F67A	4		1	<01> 
FLD_A5	00F67F	39		19	■                  
FLD_A5	00F6A6	4		1	<01> 
FLD_A5	00F6AB	39		19	                   
FLD_A5	00F6D2	4		1	<01> 
FLD_A5	00F6D7	23		9	<03>\n ■■■<05>3<05>■■■ 
FLD_A5	00F6EE	16		7	<01>       
FLD_A5	00F6FE	4		1	<01> 
FLD_A5	00F703	23		9	<03>\n  ■■<05>2<05>■■  
FLD_A5	00F71A	16		7	<01>       
FLD_A5	00F72A	4		1	<01> 
FLD_A5	00F72F	23		9	<03>\n   ■<05>1<05>■   
FLD_A5	00F746	16		7	<01>       
FLD_A5	00F756	4		1	<01> 
FLD_A5	00F75B	27		11	<03><04>口口口<05>START<05>口口口
FLD_A5	00F776	18		8	砂漠<05>碧のオアシス
FLD_A5	00F788	7		3	沈没船
FLD_A5	00F78F	16		7	砂漠<05>ワーム地帯
FLD_A5	00F79F	14		6	砂漠<05>蒼き遣跡
FLD_A5	00F7AD	17		8	旧世紀の記録機械
FLD_A5	00F7BE	18		8	砂漠<05>碧のオアシス
FLD_A5	00F7D0	14		6	砂漠<05>蒼き遣跡
FLD_A5	00F7DE	17		8	旧世紀の記録機械
FLD_A5	00F7EF	16		7	砂漠<05>ワーム地帯
FLD_A5	00F7FF	12		5	砂漠<05>抜け穴
FLD_A5	00F80B	18		8	砂漠<05>碧のオアシス
FLD_A5	00F81D	9		4	地下通路
FLD_A5	00F826	14		6	砂漠<05>蒼き遣跡
FLD_A5	00F834	15		7	ワームの隠れ穴
FLD_A5	00F843	19		9	ワーム親子の隠れ穴
FLD_A5	00F856	16		7	砂漠<05>ワーム地帯
FLD_A5	00F866	20		9	砂漠<05>枯れたオアシス
FLD_A5	00F87A	14		6	砂漠<05>蒼き遣跡
FLD_A5	00F888	17		8	沈没船下の隠れ穴
FLD_A5	00F899	17		8	いにしえの闘飛場
FLD_A5	00F8C4	17		8	もちろん挑戦する
FLD_A5	00F8D5	11		5	もうやめる
FLD_A5	00F8E0	29		14	ワールドレコードをクリアする
FLD_A5	032E43	8		3	<09>\n<08>フョふ<09>
FLD_A5	032E4B	8		2	<09>\n<08>ヒ索<09>
FLD_A5	032E57	8		3	<09>\n<08>フヌふ<09>
FLD_A5	032E5F	8		1	<09>\n<08>ヒ<!99><02><09>
FLD_A5	032E6F	8		2	<09>\n<08>ホ、<02><09>
FLD_A5	032E77	39		17	<1E><16><1A><01>(ずいぶん外れまでやってきたな…)
FLD_A5	032E9E	13		6	探索を続ける
FLD_A5	032EAB	25		12	ワールドマップに移動する
FLD_A5	032F1B	21		10	これまでの記録をとる
FLD_A5	032F30	11		5	記録しない
FLD_A5	032FC1	27		13	ナビゲーターの目的地を選択
FLD_A5	032FDC	18		6	現在の目的地<03><01><01><02><03>
FLD_A5	032FEF	14		4	目的地を<03><01><01><02><03>
FLD_A5	032FFD	7		3	に設定
FLD_A5	033004	17		8	目的地設定 解除
FLD_A5	033015	17		8	目的地設定 なし
FLD_A5	033026	17		8	目的地候補 なし
FLD_A5	033037	15		7	ナビゲータ解除
FLD_A5	033046	25		12	ナビゲーター使用不能地域
FLD_A5	04A5F8	6		5	めはるツな
FLD_A5	04A600	6		5	なはれツな
FLD_A5	04A608	6		5	めはれツな
FLD_A5	04A610	5		4	はりツな
FLD_A5	04A618	25		11	か<01><01>レぇぉぬほすておいき
FLD_A5	04A631	37		18	かすヨひ「ななジあな？れジやゃゅ。お
FLD_A5	04A656	22		9	 <03>\nょっぬほたてちい<03>
FLD_A5	04A66C	21		10	 す…A。Bヴせいき
FLD_A5	04A681	40		18	 ょっぬほたてちい <03>\nす…A。Bヴせい<03>
FLD_A5	04A6A9	3		1	き
FLD_A5	04A6AC	29		14	かゲすダC？れジDひ)せゲお
FLD_A5	04A6C9	18		7	 <03>\nEつFねちい<03>
FLD_A5	04A6DB	23		11	 GHEつIン！ちいき
FLD_A5	04A6F2	38		17	 EつFねちい <03>\nGHEつIン！ちい<03>
FLD_A5	04A718	3		1	き
FLD_A5	04A71B	56		27	かおみ「ゲえトベー9ぜやJみんやレ\n K『？ほて！えおお
FLD_A5	04A753	66		32	こおLMやNOぼヘごノテ。3へや\n ぼヘオェカゥ9む)ヨほPQおお
FLD_A5	04A795	76		37	おLMりやRふS』あTゾUNOVむゆ\nな？『。ぇWぬあPQ。XYね！なまいさ
FLD_A5	04A7E1	23		11	おおズせすせZ％ゲえき
FLD_A7	006BEB	12		4	<03>\n転送装置<03>
FLD_A7	006BF7	27		13	の封印が強制解除されました
FLD_A7	006C12	21		10	…再起動を実行します
FLD_A7	006C32	19		9	侵入者の存在を確認
FLD_A7	006C50	27		13	警戒レベルを1に移行します
FLD_A7	006C76	11		5	…移行確認
FLD_A7	006C8C	20		8	上空への<03>\n転送装置<03>
FLD_A7	006CA0	13		6	を封印します
FLD_A7	006D32	33		16	侵入者確認…ガーディアン作動開始
FLD_A7	006D5E	14		5	<03>\n補修ビット<03>
FLD_A7	006D6C	19		9	の守護を最優先せよ
FLD_A7	006D9E	21		10	遣跡ゲオルギウス上空
FLD_A7	006DB3	13		6	ゲオルギウス
FLD_A7	006DD3	5		2	遣跡
FLD_A7	006DD8	17		8	旧世紀の記録機械
FLD_A7	006DE9	9		4	禁止区域
FLD_A7	006DF2	13		6	ゲオルギウス
FLD_A7	006DFF	21		10	遣跡ゲオルギウス上空
FLD_A7	006E14	21		10	タイプセレクトの説明
FLD_A7	006E29	21		10	タイプセレクトの効果
FLD_A7	006E3E	19		9	タイプと成長の関係
FLD_A7	006E51	21		10	タイプ専用バーサーク
FLD_A7	006E66	7		3	スキル
FLD_A7	006E6D	21		10	タイプセレクトの練習
FLD_A7	006E82	9		4	説明終了
FLD_A7	006E8B	101		48	タイプセレクトを行うと\nドラゴンの基本能力を\n調整することができる。\n調整できる基本能力は\n以下の4つ。
FLD_A7	006EF0	10		3	<03>\n攻撃力<03>
FLD_A7	006EFA	69		33	を上げると、\nレーザーの威力が上がる。\nただし、銃の威力は変わらない。
FLD_A7	006F3F	10		3	<03>\n心技力<03>
FLD_A7	006F49	94		45	を上げると、\nバーサークの威力が上がる。\nまた、より少ないBPで\nバーサークを使えるようになる。
FLD_A7	006FA7	10		3	<03>\n防御力<03>
FLD_A7	006FB1	49		23	を上げると、\n敵から受けるダメージが\n小さくなる。
FLD_A7	006FE2	10		3	<03>\n機動力<03>
FLD_A7	006FEC	80		38	を上げると、\n位置取りの速度が上がるので\n位置取りによる時間のロスが\n少なくなる。
FLD_A7	00703C	161		78	基本能力には相関関係があり、\n攻撃力を上げると心技力が下がる。\n心技力を上げると攻撃力が下がる。\n防御力を上げると機動力が下がる。\n機動力を上げると防御力が下がる。
FLD_A7	0070DD	95		45	    防御力上昇\n      ↑\n攻撃力上昇← →心技力上昇\n      ↓\n    機動力上昇
FLD_A7	00713C	41		18	ドラゴンの形態は、大きく5つの\n<03>\nタイプ<03>
FLD_A7	007165	94		45	に分けられる。\nレベルアップ時の能力の上がり方や\nバーサークの覚え方は\nタイプによって変化する。
FLD_A7	0071C3	114		55	攻撃型で長く戦っていると\nレーザーの威力が上がりやすい。\nまた、ATTACK CLASSの\nバーサークを覚えやすい。
FLD_A7	007235	115		55	心技型で長く戦っていると\n最大BPが上がりやすい。\nまた、\nSPIRITUAL CLASSの\nバーサークを覚えやすい。
FLD_A7	0072A8	111		53	防御型で長く戦っていると\n最大HPが上がりやすい。\nまた、\nDEFENSE CLASSの\nバーサークを覚えやすい。
FLD_A7	007317	111		53	機動型で長く戦っていると\n銃の威力が上がりやすい。\nまた、\nAGILITY CLASSの\nバーサークを覚えやすい。
FLD_A7	007386	100		48	標準型で長く戦っていると\n各能力が平均的に上がる。\nまた、各クラスのバーサークを\n平均的に覚えていく。
FLD_A7	0073EA	36		16	<03>\nFULLーGAUGE CLASS<03>
FLD_A7	00740E	24		10	<03>\n(フルゲージクラス)<03>
FLD_A7	007426	68		32	の\nバーサークは、\n各タイプに1種ずつ存在する\n専用バーサークである。
FLD_A7	00746A	143		69	これを使うためには、まず\nそのバーサークに対応したタイプに\n変形しなければならない。\nまた、ゲージを3つ必要とするが\nそのかわりBPは消費しない。
FLD_A7	0074F9	98		47	攻撃型専用バーサークは\nリューヴ(レーザー威力上昇)。\nレーザー攻撃で与えるダメージが\n大きくなる。
FLD_A7	00755B	90		43	心技型専用バーサークは\nケトキス(BP一定率回復)。\nアイテムを使わずに\nBPを回復できる。
FLD_A7	0075B5	92		44	防御型専用バーサークは\nツァオ(防御力上昇)。\n敵の攻撃で受けるダメージを\nより小さくできる。
FLD_A7	007611	94		45	機動型専用バーサークは\nリューリア(ゲージ速度上昇)。\nより多くの行動を\n実行できるようになる。
FLD_A7	00766F	96		46	標準型専用バーサークは\nケミトマ(HP一定率回復)。\nBPやアイテムを使わずに\nHPを回復できる。
FLD_A7	0076CF	83		38	ゲージを3つためると、\nその時のタイプに応じた\n特殊能力が発動する。\nこれを<03>\nスキル<03>
FLD_A7	007722	9		4	という。
FLD_A7	00772B	101		48	攻撃型は\n3ゲージたまっている間に\n攻撃を受けると\n一定確率で反撃を行う。\nより多く攻撃したい時に有効。
FLD_A7	007790	82		39	心技型は\n3ゲージたまっている間\nBPが少しずつ回復する。\nBPが足りない時に有効。
FLD_A7	0077E2	84		40	防御型は\n3ゲージたまっている間\n防御力がさらに上昇する。\nHPを温存したい時に有効。
FLD_A7	007836	101		48	機動型は\n3ゲージたまると同時に\nステータス異常が回復する。\nステータス異常攻撃を行う\n敵に対して有効。
FLD_A7	00789B	82		39	標準型は\n3ゲージたまっている間\nHPが少しずつ回復する。\nHPが足りない時に有効。
FLD_A7	0078ED	50		24	タイプセレクト画面では\n次のような位置関係がある。
FLD_A7	00791F	95		45	    防御力上昇\n      ↑\n攻撃力上昇← →心技力上昇\n      ↓\n    機動力上昇
FLD_A7	00797E	125		60	ここでは\nタイプセレクト画面で、実際に\n形態変化を試すことができる。\nそののち、その形態が属する\nタイプについての解説を行なう。
FLD_A7	0079FB	22		9	今のタイプは<03>\n標準型<03>
FLD_A7	007A11	56		26	。\n能力は平均的なので\n特に欠点はないが\n逆に利点もない。
FLD_A7	007A49	82		39	標準型は\n3ゲージたまっている間\nHPが少しずつ回復する。\nHPが足りない時に有効。
FLD_A7	007A9B	96		46	標準型専用バーサークは\nケミトマ(HP一定率回復)。\nBPやアイテムを使わずに\nHPを回復できる。
FLD_A7	007AFB	121		58	標準型で長く戦っていると\nレベルアップした時に\n各能力が平均的に上がる。\nまた、各クラスのバーサークを\n平均的に覚えていく。
FLD_A7	007B74	22		9	今のタイプは<03>\n防御型<03>
FLD_A7	007B8A	84		40	。\n防御力が高いので、\n敵から受けるダメージが小さく、\nHP回復の回数も少なくてすむ。
FLD_A7	007BDE	84		40	ただし、\n位置取りは逆に遅くなるので\n位置取りによる時間のロスが\n大きくなってしまう。
FLD_A7	007C32	84		40	防御型は\n3ゲージたまっている間\n防御力がさらに上昇する。\nHPを温存したい時に有効。
FLD_A7	007C86	92		44	防御型専用バーサークは\nツァオ(防御力上昇)。\n敵の攻撃で受けるダメージを\nより小さくできる。
FLD_A7	007CE2	131		63	防御型で長く戦っていると\nレベルアップした時に\n最大HPが上がりやすい。また、\nDEFENSE CLASSの\nバーサークを覚えやすい。
FLD_A7	007D65	22		9	今のタイプは<03>\n攻撃型<03>
FLD_A7	007D7B	80		38	。\nレーザーの威力が上がるので\nレーザーを多用して戦う場合に\n有効なタイプである。
FLD_A7	007DCB	106		51	ただし、バーサークの威力は\n逆に低くなる。また、\nより多くのBPを消費しなければ\nバーサークを使えなくなる。
FLD_A7	007E35	101		48	攻撃型は\n3ゲージたまっている間に\n攻撃を受けると\n一定確率で反撃を行う。\nより多く攻撃したい時に有効。
FLD_A7	007E9A	98		47	攻撃型専用バーサークは\nリューヴ(レーザー威力上昇)。\nレーザー攻撃で与えるダメージが\n大きくなる。
FLD_A7	007EFC	135		65	攻撃型で長く戦っていると\nレベルアップした時に\nレーザーの威力が上がりやすい。\nまた、ATTACK CLASSの\nバーサークを覚えやすい。
FLD_A7	007F83	22		9	今のタイプは<03>\n機動型<03>
FLD_A7	007F99	70		33	。\n位置取りの速度が上がり、\nすばやく敵を倒すことが\nできるようになる。
FLD_A7	007FDF	84		40	ただし、\n防御力は逆に低くなるので、\n攻撃を受けた時のダメージが\n大きくなってしまう。
FLD_A7	008033	101		48	機動型は\n3ゲージたまると同時に\nステータス異常が回復する。\nステータス異常攻撃を行う\n敵に対して有効。
FLD_A7	008098	94		45	機動型専用バーサークは\nリューリア(ゲージ速度上昇)。\nより多くの行動を\n実行できるようになる。
FLD_A7	0080F6	131		63	機動型で長く戦っていると\nレベルアップした時に\n銃の威力が上がりやすい。また、\nAGILITY CLASSの\nバーサークを覚えやすい。
FLD_A7	008179	22		9	今のタイプは<03>\n心技型<03>
FLD_A7	00818F	78		37	。\nバーサークの威力が上がり、\nより少ないBPで\nバーサークを使えるようになる。
FLD_A7	0081DD	82		39	ただし、レーザーの威力は\n逆に低くなるので\nその分を銃でおぎなうことが\n重要になる。
FLD_A7	00822F	82		39	心技型は\n3ゲージたまっている間\nBPが少しずつ回復する。\nBPが足りない時に有効。
FLD_A7	008281	90		43	心技型専用バーサークは\nケトキス(BP一定率回復)。\nアイテムを使わずに\nBPを回復できる。
FLD_A7	0082DB	135		65	心技型で長く戦っていると\nレベルアップした時に\n最大BPが上がりやすい。また、\nSPIRITUAL CLASSの\nバーサークを覚えやすい。
FLD_A7	02B382	13		6	探索を続ける
FLD_A7	02B38F	25		12	ワールドマップに移動する
FLD_A7	02B3FF	21		10	これまでの記録をとる
FLD_A7	02B414	11		5	記録しない
FLD_A7	02B4A5	27		13	ナビゲーターの目的地を選択
FLD_A7	02B4C0	18		6	現在の目的地<03><01><01><02><03>
FLD_A7	02B4D3	14		4	目的地を<03><01><01><02><03>
FLD_A7	02B4E1	7		3	に設定
FLD_A7	02B4E8	17		8	目的地設定 解除
FLD_A7	02B4F9	17		8	目的地設定 なし
FLD_A7	02B50A	17		8	目的地候補 なし
FLD_A7	02B51B	15		7	ナビゲータ解除
FLD_A7	02B52A	25		12	ナビゲーター使用不能地域
FLD_A7	033EA0	6		5	めはるツな
FLD_A7	033EA8	6		5	なはれツな
FLD_A7	033EB0	6		5	めはれツな
FLD_A7	033EB8	5		4	はりツな
FLD_A7	033EC0	25		11	か<01><01>レぇぉぬほすておいき
FLD_A7	033ED9	37		18	かすヨひ「ななジあな？れジやゃゅ。お
FLD_A7	033EFE	22		9	 <03>\nょっぬほたてちい<03>
FLD_A7	033F14	21		10	 す…A。Bヴせいき
FLD_A7	033F29	40		18	 ょっぬほたてちい <03>\nす…A。Bヴせい<03>
FLD_A7	033F51	3		1	き
FLD_A7	033F54	29		14	かゲすダC？れジDひ)せゲお
FLD_A7	033F71	18		7	 <03>\nEつFねちい<03>
FLD_A7	033F83	23		11	 GHEつIン！ちいき
FLD_A7	033F9A	38		17	 EつFねちい <03>\nGHEつIン！ちい<03>
FLD_A7	033FC0	3		1	き
FLD_A7	033FC3	56		27	かおみ「ゲえトベー9ぜやJみんやレ\n K『？ほて！えおお
FLD_A7	033FFB	66		32	こおLMやNOぼヘごノテ。3へや\n ぼヘオェカゥ9む)ヨほPQおお
FLD_A7	03403D	76		37	おLMりやRふS』あTゾUNOVむゆ\nな？『。ぇWぬあPQ。XYね！なまいさ
FLD_A7	034089	23		11	おおズせすせZ％ゲえき
FLD_B2	00E0AF	8		3	ク\n\nねイ<01><1B>
FLD_B2	00E0B7	8		3	ク\n\nねソ<01><1B>
FLD_B2	00E0BF	37		18	ク\n\nねミ<01>(これは…！ 旧世紀の船！！)
FLD_B2	00E0FC	15		7	もあるかも…)
FLD_B2	00E24D	15		7	レリーフルーム
FLD_B2	00E298	13		6	ゲオルギウス
FLD_B2	00E347	13		6	ゲオルギウス
FLD_B2	00E354	13		6	ゲオルギウス
FLD_B2	00E361	17		8	シェルクーフ内部
FLD_B2	00E372	15		7	レリーフルーム
FLD_B2	00E384	19		12	ナアわヲ・<11><!89>\nタノらヨ＋<15><!89><08>セ。
FLD_B2	00E397	12		7	<0B>ゆニわニ・<11><!8B><02>セ。
FLD_B2	00E3A3	6		4	<0B>ゆハセア
FLD_B2	02EE2A	13		6	探索を続ける
FLD_B2	02EE37	25		12	ワールドマップに移動する
FLD_B2	02EEA7	21		10	これまでの記録をとる
FLD_B2	02EEBC	11		5	記録しない
FLD_B2	02EF4D	27		13	ナビゲーターの目的地を選択
FLD_B2	02EF68	18		6	現在の目的地<03><01><01><02><03>
FLD_B2	02EF7B	14		4	目的地を<03><01><01><02><03>
FLD_B2	02EF89	7		3	に設定
FLD_B2	02EF90	17		8	目的地設定 解除
FLD_B2	02EFA1	17		8	目的地設定 なし
FLD_B2	02EFB2	17		8	目的地候補 なし
FLD_B2	02EFC3	15		7	ナビゲータ解除
FLD_B2	02EFD2	25		12	ナビゲーター使用不能地域
FLD_B2	03AA78	6		5	めはるツな
FLD_B2	03AA80	6		5	なはれツな
FLD_B2	03AA88	6		5	めはれツな
FLD_B2	03AA90	5		4	はりツな
FLD_B2	03AA98	25		11	か<01><01>レぇぉぬほすておいき
FLD_B2	03AAB1	37		18	かすヨひ「ななジあな？れジやゃゅ。お
FLD_B2	03AAD6	22		9	 <03>\nょっぬほたてちい<03>
FLD_B2	03AAEC	21		10	 す…A。Bヴせいき
FLD_B2	03AB01	40		18	 ょっぬほたてちい <03>\nす…A。Bヴせい<03>
FLD_B2	03AB29	3		1	き
FLD_B2	03AB2C	29		14	かゲすダC？れジDひ)せゲお
FLD_B2	03AB49	18		7	 <03>\nEつFねちい<03>
FLD_B2	03AB5B	23		11	 GHEつIン！ちいき
FLD_B2	03AB72	38		17	 EつFねちい <03>\nGHEつIン！ちい<03>
FLD_B2	03AB98	3		1	き
FLD_B2	03AB9B	56		27	かおみ「ゲえトベー9ぜやJみんやレ\n K『？ほて！えおお
FLD_B2	03ABD3	66		32	こおLMやNOぼヘごノテ。3へや\n ぼヘオェカゥ9む)ヨほPQおお
FLD_B2	03AC15	76		37	おLMりやRふS』あTゾUNOVむゆ\nな？『。ぇWぬあPQ。XYね！なまいさ
FLD_B2	03AC61	23		11	おおズせすせZ％ゲえき
FLD_B5	009054	35		17	地下の施設を3つのキーで封印した…
FLD_B5	009077	23		11	施設へ進入する際には…
FLD_B5	00908E	24		10	3つの<03><05>プロテクトキー<03>
FLD_B5	0090A6	17		8	全てを回収し、…
FLD_B5	0090B7	21		10	封印を解除すること…
FLD_B5	0090CC	32		14	なお、ガーディアン<03>\nヌリシンハ<03>
FLD_B5	0090EC	7		3	の、…
FLD_B5	0090F3	37		18	コントロールはすでに解除されている…
FLD_B5	009118	33		16	プロテクト開錠の際には注意せよ…
FLD_B5	00916D	7		3	か…)
FLD_B5	0091F8	7		3	か…)
FLD_B5	00922E	7		3	だ…)
FLD_B5	00927B	20		8	<03><05>プロテクトキー1<03>
FLD_B5	00928F	15		7	のキーコードを
FLD_B5	00929E	15		7	入力して下さい
FLD_B5	009381	7		3	まで)
FLD_B5	0093C6	20		8	<03><05>プロテクトキー2<03>
FLD_B5	0093DA	15		7	のキーコードを
FLD_B5	0093E9	15		7	入力して下さい
FLD_B5	0096A2	19		9	まで行ってみよう)
FLD_B5	009729	20		8	<03><05>プロテクトキー3<03>
FLD_B5	00973D	15		7	のキーコードを
FLD_B5	00974C	15		7	入力して下さい
FLD_B5	009C2F	5		2	？)
FLD_B5	009C9C	39		19	プロテクトキー1の入力を確認しました…
FLD_B5	009CC3	19		9	ガードプロテクトを
FLD_B5	009CD6	25		12	レベル1まで解除します…
FLD_B5	009CFB	39		19	プロテクトキー2の入力を確認しました…
FLD_B5	009D22	19		9	ガードプロテクトを
FLD_B5	009D35	25		12	レベル2まで解除します…
FLD_B5	009D5A	39		19	プロテクトキー3の入力を確認しました…
FLD_B5	009D81	29		14	ファイナルガードプロテクトの
FLD_B5	009D9E	19		9	解除を承認します…
FLD_B5	00AEDE	31		15	プラントへの侵入を許可します…
FLD_B5	00AFC7	13		6	通路への入□
FLD_B5	00AFD4	13		6	謎の遣跡 1
FLD_B5	00AFE1	14		6	<!A6>いそうだな)
FLD_B5	00AFEF	13		6	謎の遣跡 2
FLD_B5	00AFFC	23		11	南部水没遣跡群への出□
FLD_B5	00B013	15		7	北奥部への出□
FLD_B5	00B022	17		8	旧世紀の記録機械
FLD_B5	00B033	17		8	通路遣跡への入□
FLD_B5	00B044	9		4	黒い遣跡
FLD_B5	00B04D	17		8	通路遣跡への入□
FLD_B5	00B05E	9		4	黒い遣跡
FLD_B5	00B067	17		8	通路遣跡への入□
FLD_B5	00B078	9		4	黒い遣跡
FLD_B5	00B081	13		6	通路への入□
FLD_B5	00B08E	13		6	謎の遣跡 1
FLD_B5	00B09B	4		2	め□
FLD_B5	00B09F	13		6	謎の遣跡 2
FLD_B5	00B0AC	13		6	通路への入□
FLD_B5	00B0B9	13		6	謎の遣跡 1
FLD_B5	00B0C6	4		2	め□
FLD_B5	00B0CA	13		6	謎の遣跡 2
FLD_B5	00B0D7	21		10	ウル 南部水没遣跡群
FLD_B5	00B0EC	2		1	コ
FLD_B5	00B0EE	19		9	ウル 遣跡通路内部
FLD_B5	00B103	2		1	コ
FLD_B5	00B105	13		6	ウル 北奥部
FLD_B5	00B112	6		3	チ内部
FLD_B5	00B11A	2		1	コ
FLD_B5	00B11C	13		6	ウル 北奥部
FLD_B5	00B129	6		3	チ内部
FLD_B5	00B131	2		1	コ
FLD_B5	00B133	13		6	ウル 北奥部
FLD_B5	00B140	6		3	チ内部
FLD_B5	02CB76	13		6	探索を続ける
FLD_B5	02CB83	25		12	ワールドマップに移動する
FLD_B5	02CBF3	21		10	これまでの記録をとる
FLD_B5	02CC08	11		5	記録しない
FLD_B5	02CC99	27		13	ナビゲーターの目的地を選択
FLD_B5	02CCB4	18		6	現在の目的地<03><01><01><02><03>
FLD_B5	02CCC7	14		4	目的地を<03><01><01><02><03>
FLD_B5	02CCD5	7		3	に設定
FLD_B5	02CCDC	17		8	目的地設定 解除
FLD_B5	02CCED	17		8	目的地設定 なし
FLD_B5	02CCFE	17		8	目的地候補 なし
FLD_B5	02CD0F	15		7	ナビゲータ解除
FLD_B5	02CD1E	25		12	ナビゲーター使用不能地域
FLD_B5	0430E0	6		5	めはるツな
FLD_B5	0430E8	6		5	なはれツな
FLD_B5	0430F0	6		5	めはれツな
FLD_B5	0430F8	5		4	はりツな
FLD_B5	043100	25		11	か<01><01>レぇぉぬほすておいき
FLD_B5	043119	37		18	かすヨひ「ななジあな？れジやゃゅ。お
FLD_B5	04313E	22		9	 <03>\nょっぬほたてちい<03>
FLD_B5	043154	21		10	 す…A。Bヴせいき
FLD_B5	043169	40		18	 ょっぬほたてちい <03>\nす…A。Bヴせい<03>
FLD_B5	043191	3		1	き
FLD_B5	043194	29		14	かゲすダC？れジDひ)せゲお
FLD_B5	0431B1	18		7	 <03>\nEつFねちい<03>
FLD_B5	0431C3	23		11	 GHEつIン！ちいき
FLD_B5	0431DA	38		17	 EつFねちい <03>\nGHEつIン！ちい<03>
FLD_B5	043200	3		1	き
FLD_B5	043203	56		27	かおみ「ゲえトベー9ぜやJみんやレ\n K『？ほて！えおお
FLD_B5	04323B	66		32	こおLMやNOぼヘごノテ。3へや\n ぼヘオェカゥ9む)ヨほPQおお
FLD_B5	04327D	76		37	おLMりやRふS』あTゾUNOVむゆ\nな？『。ぇWぬあPQ。XYね！なまいさ
FLD_B5	0432C9	23		11	おおズせすせZ％ゲえき
FLD_B6	009C35	27		13	で、これからどうするんだ？
FLD_B6	009C5C	29		14	ここからさらに下のドームに、
FLD_B6	009C79	39		19	地上へ直接出られるエレベーターがある…
FLD_B6	009CAC	25		12	つまりそこまで行ければ、
FLD_B6	009CC5	33		16	ここを抜け出せるってわけだな！？
FLD_B6	009CF2	33		16	そこまで無事にたどり着けたらな…
FLD_B6	009D1F	17		8	今度は何なんだ？
FLD_B6	009D3C	29		14	待て…水の、流れる音がする…
FLD_B6	009D59	33		16	どこかの水路のゲートを開いたな…
FLD_B6	009D7A	29		14	行こう、たぶん下に抜けられる
FLD_B6	009DA3	33		16	…こいつらみんな、死んでるのか？
FLD_B6	009DC4	9		4	しかも…
FLD_B6	009DCD	29		14	どことなくドラゴンに似てる…
FLD_B6	009DF6	17		8	なりそこないだ…
FLD_B6	009E07	5		2	…？
FLD_B6	009E18	11		5	ここは昔、
FLD_B6	009E23	31		15	巨大な生物の実験場だったのだ…
FLD_B6	009E42	39		19	…いくつかのドラゴンはここで試作された
FLD_B6	009E69	11		5	こいつらは
FLD_B6	009E74	31		15	その試作段階の途中で破来された
FLD_B6	009E93	15		7	テストタイプ…
FLD_B6	009EAE	35		17	つまり…ドラゴンの、なりそこない…
FLD_B6	009EDD	15		7	…そういう事だ
FLD_B6	009EEC	20		10	ンの、なりそこない…
FLD_B6	009F0C	39		19	ちょっと待てよ、それはつまりドラゴンは
FLD_B6	009F33	39		19	人の手によって作り出された生き物…！？
FLD_B6	009F66	17		8	いまさら何を驚く
FLD_B6	009F77	13		6	ドラゴンも、
FLD_B6	009F84	39		19	おまえ達が攻性生物と呼ぶ奴らも大差ない
FLD_B6	009FAB	19		9	人によって造られ、
FLD_B6	009FBE	17		8	与えられた使命を
FLD_B6	009FCF	37		18	全うするためだけに生き続けるものたち
FLD_B6	009FF4	9		4	そして…
FLD_B6	009FFD	11		5	この私も…
FLD_B6	00A014	11		5	…行こう…
FLD_B6	00A01F	29		14	長居をしては奴らに感づかれる
FLD_B6	00A048	20		8	<03><05>ドームゲートキー<03>
FLD_B6	00A05C	21		10	を入力してください…
FLD_B6	00A07D	37		18	この先に地上へ出るエレベーターがある
FLD_B6	00A0A2	19		9	が、今は無理だな…
FLD_B6	00A0B5	37		18	さらに下に降りてキーを探すのが先決だ
FLD_B6	00A0DA	4		1	<0D>…
FLD_B6	00A0EA	35		17	これで、地上に出られるゲートが開く
FLD_B6	00A10D	25		12	さっきのドームまで戻ろう
FLD_B6	00A132	37		18	待てよ、儀達のドラゴンはどうするんだ
FLD_B6	00A157	4		1	<0D>…
FLD_B6	00A167	29		14	そう決着を急ぐこともあるまい
FLD_B6	00A184	35		17	…それに、私のアトルムなら大丈夫だ
FLD_B6	00A1A9	4		1	<0D>…
FLD_B6	00A1AD	35		17	どこかで、さっきの戦闘のダメージを
FLD_B6	00A1D0	23		11	回復しているんだろう…
FLD_B6	00A1F3	27		13	アトルム？ 君が乗っている
FLD_B6	00A20E	27		13	あの黒いドラゴンのことか？
FLD_B6	00A235	19		9	ああ、数千年前から
FLD_B6	00A248	27		13	私のためだけに用意された、
FLD_B6	00A263	19		9	唯一の私の仲間だ…
FLD_B6	00A276	11		5	おまえも、
FLD_B6	00A281	35		17	自分のパートナーを信用したらどうだ
FLD_B6	00A2A6	4		1	<0D>…
FLD_B6	00A2AA	39		19	『ドローンF07…思考指数98…失敗』
FLD_B6	00A2D1	39		19	『ドローンF16…思考指数94…失敗』
FLD_B6	00A2F8	35		17	『例の機構の組み込み認可が下りる』
FLD_B6	00A31B	37		18	『これならば、目標値を越えるはずだ』
FLD_B6	00A340	39		19	『だが、このままでは重大な欠陥がある』
FLD_B6	00A367	35		17	『今回の実験体はうまく行っている』
FLD_B6	00A38A	37		18	『例の問題も寿命の操作で解決ずみだ』
FLD_B6	00A3AF	35		17	『このドローンをアゼルと名づける』
FLD_B6	00A3D2	31		15	『あの襲撃事件から3日たった』
FLD_B6	00A3F1	39		19	『尋われたドローンはまだ発見されない』
FLD_B6	00A418	33		16	『おそらくは反対派の仕業だろう』
FLD_B6	00A439	39		19	『彼女はまだインプリントが終ってない』
FLD_B6	00A460	39		19	『災いの種にならなければいいのだが…』
FLD_B6	00A487	24		10	『…<03>\nライト・ウイング<03>
FLD_B6	00A49F	13		6	の開発を…』
FLD_B6	00A4AC	35		17	『…我々の暴走と判断した当局は…』
FLD_B6	00A4CF	33		16	『…ライト・ウイングに関する…』
FLD_B6	00A4F0	21		10	『…記録の一切を…』
FLD_B6	00A505	39		19	『…消去するようにとの決断を下した…』
FLD_B6	00A52C	21		10	『…しかし我々は…』
FLD_B6	00A541	33		16	『…ライト・ウィングに関する…』
FLD_B6	00A562	21		10	『…個体データを…』
FLD_B6	00A577	39		19	『…1枚のメモリープレートに封印し…』
FLD_B6	00A59E	26		11	『…それぞれを…<03>\n12個<03>
FLD_B6	00A5B8	7		3	の…』
FLD_B6	00A5BF	18		7	『…<03><05>Dユニット<03>
FLD_B6	00A5D1	19		9	として分割して…』
FLD_B6	00A5E4	29		14	『…地表各地にばらまいた…』
FLD_B6	00A601	31		15	『……願わくば後世の人間が…』
FLD_B6	00A620	35		17	『…我々の意志を引き維ぐことに…』
FLD_B6	00A643	31		15	『…わずかな望みを託して……』
FLD_B6	00A662	24		10	『…<03>\nライト・ウィング<03>
FLD_B6	00A67A	17		8	に関する報告…』
FLD_B6	00A68B	21		10	『…我々はついに…』
FLD_B6	00A6A0	35		17	『…ドラゴンの究極ともいうべき…』
FLD_B6	00A6C3	29		14	『…形態の開発に成功した…』
FLD_B6	00A6E0	29		14	『…しかし、それはもはや…』
FLD_B6	00A6FD	29		14	『…ドラゴンというよりも…』
FLD_B6	00A71A	19		9	『…もっと別の…』
FLD_B6	00A72D	27		13	『…あるいは我々よりも…』
FLD_B6	00A748	19		9	『…高次の存在…』
FLD_B6	00A75B	39		19	『…と言えるものだったかもしれない…』
FLD_B6	00A78E	21		10	だいぶ落ちてきたな…
FLD_B6	00A7AF	25		12	このプラントの貯水槽だ…
FLD_B6	00A7C8	31		15	上のフロアと縦につながっている
FLD_B6	00A7F3	19		9	おまえ、ケガは…？
FLD_B6	00A812	5		2	…？
FLD_B6	00A823	35		17	あ、いや、ないならいい、先を急ごう
FLD_B6	00A852	35		17	落ちる！！ しっかりつかまってろ！
FLD_B6	00A881	25		12	…ここが、ドームなのか…
FLD_B6	00A89A	37		18	…でも、もう元の場所には戻れないぞ…
FLD_B6	00A8CB	29		14	…問題ない、あそこが出□だ…
FLD_B6	00A8F4	27		13	…正直いって予想外だった…
FLD_B6	00A91B	15		7	何だよ？ 急に
FLD_B6	00A936	31		15	おまえと二人、ドラゴンもなしで
FLD_B6	00A955	6		2	<0D>ぞ…
FLD_B6	00A95B	31		15	ここまでやれるとは思わなかった
FLD_B6	00A986	19		9	…おまえも、少しは
FLD_B6	00A999	33		16	今のパートナーを信じたらどうだ？
FLD_B6	00A9BA	29		14	それに、まだ無事に出られると
FLD_B6	00A9D7	21		10	決まったわけじゃない
FLD_B6	00A9F8	13		6	…そうだな…
FLD_B6	00AA11	20		8	<03><05>ドームゲートキー<03>
FLD_B6	00AA25	21		10	を入力してください…
FLD_B6	00AAAB	14		5	<03>\n1番ゲート<03>
FLD_B6	00AAB9	13		6	現在閉鎖中…
FLD_B6	00AAD2	14		5	<03>\n1番ゲート<03>
FLD_B6	00AAE0	23		11	のロックを解除します…
FLD_B6	00AB03	14		5	<03>\n2番ゲート<03>
FLD_B6	00AB11	13		6	現在閉鎖中…
FLD_B6	00AB2A	14		5	<03>\n2番ゲート<03>
FLD_B6	00AB38	23		11	のロックを解除します…
FLD_B6	00AB5B	37		18	1号、2号貯水層の注水を開始します…
FLD_B6	00AB8C	14		5	<03>\n3番ゲート<03>
FLD_B6	00AB9A	13		6	現在閉鎖中…
FLD_B6	00ABB3	14		5	<03>\n3番ゲート<03>
FLD_B6	00ABC1	23		11	のロックを解除します…
FLD_B6	00AC03	31		15	生体兵装での侵入を禁止します…
FLD_B6	00AC6F	27		13	ここから先は、一人でいくよ
FLD_B6	00AC8A	31		15	おまえは先に出□で待っててくれ
FLD_B6	00ACB5	16		6	…<03>\n1番ゲート<03>
FLD_B6	00ACC5	13		6	開放します…
FLD_B6	00ACDE	14		5	<03>\n2番ゲート<03>
FLD_B6	00ACEC	13		6	開放します…
FLD_B6	00AD05	14		5	<03>\n3番ゲート<03>
FLD_B6	00AD13	13		6	開放します…
FLD_B6	00AD2C	39		19	でも、なんであんな奴らがこの遣跡の奥に
FLD_B6	00AD5F	25		12	奴らはここで突然変異した
FLD_B6	00AD78	19		9	変異種型攻性生物だ
FLD_B6	00AD8B	6		2	<!D4>した
FLD_B6	00AD9D	11		5	変異種！？
FLD_B6	00ADB4	29		14	艦隊も、ここを通って行く時に
FLD_B6	00ADD1	15		7	かなりやられた
FLD_B6	00ADEC	29		14	艦隊…って、じゃあ、やっぱり
FLD_B6	00AE09	27		13	クレイメン艦隊はここから…
FLD_B6	00AE30	39		19	…殺ったのは巣の方だけだ…下手をすると
FLD_B6	00AE57	37		18	逆に奴らを本気で怒らせたかもしれない
FLD_B6	00AE7C	11		5	急ぐぞ！！
FLD_B6	00AE93	39		19	…おまえに、ひとつ言っておくことがある
FLD_B6	00AEC6	19		9	…？ 何だよ突然…
FLD_B6	00AEE5	33		16	このフローターは出力が落ちている
FLD_B6	00AF06	15		7	一度道を下ると
FLD_B6	00AF15	29		14	上がってこれないかもしれない
FLD_B6	00AF32	9		4	注意しろ
FLD_B6	00AF47	15		7	注意しろって…
FLD_B6	00AF56	21		10	もう降りちゃったよ！
FLD_B6	00AF6B	37		18	どうしてそういうこと先に言わないんだ
FLD_B6	00AF90	2		1	る
FLD_B6	00AF9E	39		19	おまえはそれについて私に質問しなかった
FLD_B6	00AFD1	7		3	………
FLD_B6	00AFD8	33		16	…わかった、次から何かするときは
FLD_B6	00AFF9	37		18	なるべくお伺いを立てるようにするよ…
FLD_B6	00B01E	25		12	で、どう進む？ これから
FLD_B6	00B043	27		13	このまま、まっすぐでいい…
FLD_B6	00B05E	23		11	見ておきたいものがある
FLD_B6	00B075	3		1	？
FLD_B6	00B084	29		14	ずいぶん下までやってきたな…
FLD_B6	00B0A1	17		8	何階だ？ ここ…
FLD_B6	00B0BE	13		6	地下4階だ…
FLD_B6	00B0CB	29		14	ここからは下り坂になっている
FLD_B6	00B0E8	39		19	ドームゲートキーはたぶんその坂の途中だ
FLD_B6	00B10F	2		1	…
FLD_B6	00B111	29		14	ここから先は道の分岐も激しい
FLD_B6	00B12E	35		17	迷わないよう、注意して進んでくれ…
FLD_B6	00B1BE	15		7	地上へのゲート
FLD_B6	00B1CD	23		11	エレベーター：地下2階
FLD_B6	00B1E4	17		8	旧世紀の記録機械
FLD_B6	00B1F5	23		11	エレベーター：地下1階
FLD_B6	00B20C	23		11	エレベーター：地下3階
FLD_B6	00B223	17		8	ドームへのゲート
FLD_B6	00B234	11		5	1号貯水層
FLD_B6	00B23F	6		2	<!86>ート
FLD_B6	00B245	11		5	2号貯水層
FLD_B6	00B250	6		2	<!86>ート
FLD_B6	00B256	11		5	3号貯水層
FLD_B6	00B261	6		2	<!86>ート
FLD_B6	00B267	21		10	地下2階 へのゲート
FLD_B6	00B27C	25		12	生体兵器実験棟へのゲート
FLD_B6	00B295	23		11	地下3階 西へのゲート
FLD_B6	00B2AC	13		6	ドームゲート
FLD_B6	00B2B9	17		8	ドームへのゲート
FLD_B6	00B2CA	23		11	エレベーター：地下2階
FLD_B6	00B2E1	17		8	ドームへのゲート
FLD_B6	00B2F2	23		11	エレベーター：地下4階
FLD_B6	00B309	17		8	旧世紀の記録機械
FLD_B6	00B37F	9		4	地下2階
FLD_B6	00B388	11		5	地下ドーム
FLD_B6	00B3E1	9		4	地下5階
FLD_B6	00B3EA	9		4	地下？階
FLD_B6	00B3F3	11		5	地下？？階
FLD_B6	00B400	28		13	や<!E6>ュぬ<!D3>わ。<0B>フ。ー<03><!90>ト<!D3>れ。<0B><02><!E6>ー<03><!E3><01><!90>ソ<!E4>
FLD_B6	00B41C	11		6	<02>る<1E>＋<1E>。<1E>「ュひ
FLD_B6	02E512	13		6	探索を続ける
FLD_B6	02E51F	25		12	ワールドマップに移動する
FLD_B6	02E58F	21		10	これまでの記録をとる
FLD_B6	02E5A4	11		5	記録しない
FLD_B6	02E635	27		13	ナビゲーターの目的地を選択
FLD_B6	02E650	18		6	現在の目的地<03><01><01><02><03>
FLD_B6	02E663	14		4	目的地を<03><01><01><02><03>
FLD_B6	02E671	7		3	に設定
FLD_B6	02E678	17		8	目的地設定 解除
FLD_B6	02E689	17		8	目的地設定 なし
FLD_B6	02E69A	17		8	目的地候補 なし
FLD_B6	02E6AB	15		7	ナビゲータ解除
FLD_B6	02E6BA	25		12	ナビゲーター使用不能地域
FLD_B6	0423EC	6		5	めはるツな
FLD_B6	0423F4	6		5	なはれツな
FLD_B6	0423FC	6		5	めはれツな
FLD_B6	042404	5		4	はりツな
FLD_B6	04240C	25		11	か<01><01>レぇぉぬほすておいき
FLD_B6	042425	37		18	かすヨひ「ななジあな？れジやゃゅ。お
FLD_B6	04244A	22		9	 <03>\nょっぬほたてちい<03>
FLD_B6	042460	21		10	 す…A。Bヴせいき
FLD_B6	042475	40		18	 ょっぬほたてちい <03>\nす…A。Bヴせい<03>
FLD_B6	04249D	3		1	き
FLD_B6	0424A0	29		14	かゲすダC？れジDひ)せゲお
FLD_B6	0424BD	18		7	 <03>\nEつFねちい<03>
FLD_B6	0424CF	23		11	 GHEつIン！ちいき
FLD_B6	0424E6	38		17	 EつFねちい <03>\nGHEつIン！ちい<03>
FLD_B6	04250C	3		1	き
FLD_B6	04250F	56		27	かおみ「ゲえトベー9ぜやJみんやレ\n K『？ほて！えおお
FLD_B6	042547	66		32	こおLMやNOぼヘごノテ。3へや\n ぼヘオェカゥ9む)ヨほPQおお
FLD_B6	042589	76		37	おLMりやRふS』あTゾUNOVむゆ\nな？『。ぇWぬあPQ。XYね！なまいさ
FLD_B6	0425D5	23		11	おおズせすせZ％ゲえき
FLD_C2	00AB8D	31		15	引き続き第1種警戒態勢を維持！
FLD_C2	00ABB7	31		15	サーチライトでの警戒を忌るな！
FLD_C2	00ABE1	21		10	第2種警戒態勢発令！
FLD_C2	00AC01	21		10	第2種警戒態勢発令！
FLD_C2	00AC21	21		10	第2種警戒態勢発令！
FLD_C2	00AC41	21		10	第2種警戒態勢発令！
FLD_C2	00AC61	21		10	第2種警戒態勢発令！
FLD_C2	00ACC0	19		9	を破壊しないと！)
FLD_C2	00AD28	19		9	緊急非常事態発令！
FLD_C2	00AD46	19		9	緊急非常事態発令！
FLD_C2	00AD64	19		9	緊急非常事態発令！
FLD_C2	00AD82	19		9	緊急非常事態発令！
FLD_C2	00ADA0	19		9	緊急非常事態発令！
FLD_C2	00ADBE	19		9	緊急非常事態発令！
FLD_C2	00ADDC	16		6	<03>\n特0号噴進弾<03>
FLD_C2	00ADEC	7		3	起動！
FLD_C2	00ADF3	13		6	目標、ゾア！
FLD_C2	00AE6B	11		5	が先だ！)
FLD_C2	00AEAE	17		8	旧世紀の記録機械
FLD_C2	00AEBF	21		10	帝国軍空中艦隊駐屯地
FLD_C2	00AED4	13		6	湖上の艦隊戦
FLD_C2	00AEE4	13		10	チーのら<14>よーッ<14>ぬアー
FLD_C2	02F2DA	13		6	探索を続ける
FLD_C2	02F2E7	25		12	ワールドマップに移動する
FLD_C2	02F357	21		10	これまでの記録をとる
FLD_C2	02F36C	11		5	記録しない
FLD_C2	02F3FD	27		13	ナビゲーターの目的地を選択
FLD_C2	02F418	18		6	現在の目的地<03><01><01><02><03>
FLD_C2	02F42B	14		4	目的地を<03><01><01><02><03>
FLD_C2	02F439	7		3	に設定
FLD_C2	02F440	17		8	目的地設定 解除
FLD_C2	02F451	17		8	目的地設定 なし
FLD_C2	02F462	17		8	目的地候補 なし
FLD_C2	02F473	15		7	ナビゲータ解除
FLD_C2	02F482	25		12	ナビゲーター使用不能地域
FLD_C2	03DAC8	6		5	めはるツな
FLD_C2	03DAD0	6		5	なはれツな
FLD_C2	03DAD8	6		5	めはれツな
FLD_C2	03DAE0	5		4	はりツな
FLD_C2	03DAE8	25		11	か<01><01>レぇぉぬほすておいき
FLD_C2	03DB01	37		18	かすヨひ「ななジあな？れジやゃゅ。お
FLD_C2	03DB26	22		9	 <03>\nょっぬほたてちい<03>
FLD_C2	03DB3C	21		10	 す…A。Bヴせいき
FLD_C2	03DB51	40		18	 ょっぬほたてちい <03>\nす…A。Bヴせい<03>
FLD_C2	03DB79	3		1	き
FLD_C2	03DB7C	29		14	かゲすダC？れジDひ)せゲお
FLD_C2	03DB99	18		7	 <03>\nEつFねちい<03>
FLD_C2	03DBAB	23		11	 GHEつIン！ちいき
FLD_C2	03DBC2	38		17	 EつFねちい <03>\nGHEつIン！ちい<03>
FLD_C2	03DBE8	3		1	き
FLD_C2	03DBEB	56		27	かおみ「ゲえトベー9ぜやJみんやレ\n K『？ほて！えおお
FLD_C2	03DC23	66		32	こおLMやNOぼヘごノテ。3へや\n ぼヘオェカゥ9む)ヨほPQおお
FLD_C2	03DC65	76		37	おLMりやRふS』あTゾUNOVむゆ\nな？『。ぇWぬあPQ。XYね！なまいさ
FLD_C2	03DCB1	23		11	おおズせすせZ％ゲえき
FLD_C4	0159E4	13		6	メル=カヴァ
FLD_C4	015A58	13		6	しかない！)
FLD_C4	015A65	17		8	メル=カヴァ船底
FLD_C4	015B0D	19		9	メル=カヴァ中心炉
FLD_C4	015B20	17		8	メル=カヴァ内部
FLD_C4	015B79	21		10	生体エネルギー粒子炉
FLD_C4	015BC8	17		8	メル=カヴァ船上
FLD_C4	015C64	23		11	メル=カヴァ第2中心炉
FLD_C4	015D15	17		8	メル=カヴァ内部
FLD_C4	015FC5	13		6	メル=カヴァ
FLD_C4	015FD2	17		8	メル=カヴァ船底
FLD_C4	015FE3	19		9	メル=カヴァ中心炉
FLD_C4	015FF6	17		8	メル=カヴァ内部
FLD_C4	016007	21		10	生体エネルギー粒子炉
FLD_C4	01601C	17		8	メル=カヴァ船上
FLD_C4	01602D	23		11	メル=カヴァ第2中心炉
FLD_C4	0371D3	39		17	<1E><16><1A><01>(ずいぶん外れまでやってきたな…)
FLD_C4	0371FA	13		6	探索を続ける
FLD_C4	037207	25		12	ワールドマップに移動する
FLD_C4	037277	21		10	これまでの記録をとる
FLD_C4	03728C	11		5	記録しない
FLD_C4	03731D	27		13	ナビゲーターの目的地を選択
FLD_C4	037338	18		6	現在の目的地<03><01><01><02><03>
FLD_C4	03734B	14		4	目的地を<03><01><01><02><03>
FLD_C4	037359	7		3	に設定
FLD_C4	037360	17		8	目的地設定 解除
FLD_C4	037371	17		8	目的地設定 なし
FLD_C4	037382	17		8	目的地候補 なし
FLD_C4	037393	15		7	ナビゲータ解除
FLD_C4	0373A2	25		12	ナビゲーター使用不能地域
FLD_C4	04A85C	6		5	めはるツな
FLD_C4	04A864	6		5	なはれツな
FLD_C4	04A86C	6		5	めはれツな
FLD_C4	04A874	5		4	はりツな
FLD_C4	04A87C	25		11	か<01><01>レぇぉぬほすておいき
FLD_C4	04A895	37		18	かすヨひ「ななジあな？れジやゃゅ。お
FLD_C4	04A8BA	22		9	 <03>\nょっぬほたてちい<03>
FLD_C4	04A8D0	21		10	 す…A。Bヴせいき
FLD_C4	04A8E5	40		18	 ょっぬほたてちい <03>\nす…A。Bヴせい<03>
FLD_C4	04A90D	3		1	き
FLD_C4	04A910	29		14	かゲすダC？れジDひ)せゲお
FLD_C4	04A92D	18		7	 <03>\nEつFねちい<03>
FLD_C4	04A93F	23		11	 GHEつIン！ちいき
FLD_C4	04A956	38		17	 EつFねちい <03>\nGHEつIン！ちい<03>
FLD_C4	04A97C	3		1	き
FLD_C4	04A97F	56		27	かおみ「ゲえトベー9ぜやJみんやレ\n K『？ほて！えおお
FLD_C4	04A9B7	66		32	こおLMやNOぼヘごノテ。3へや\n ぼヘオェカゥ9む)ヨほPQおお
FLD_C4	04A9F9	76		37	おLMりやRふS』あTゾUNOVむゆ\nな？『。ぇWぬあPQ。XYね！なまいさ
FLD_C4	04AA45	23		11	おおズせすせZ％ゲえき
FLD_C8	012BA5	31		15	…帝国軍はすでに塔の登頂部から
FLD_C8	012BC4	33		16	このコントロールエリアを目指して
FLD_C8	012BE5	11		5	侵攻中だ…
FLD_C8	012BFC	29		14	クレイメン…おまえとのケリは
FLD_C8	012C19	25		12	帰ってから必ずつけてやる
FLD_C8	012C3E	33		16	私も…君が無事に帰って来ることを
FLD_C8	012C5F	15		7	期待している…
FLD_C8	012C7A	33		16	何だここは…これが塔の中心部…？
FLD_C8	012CA7	35		17	この塔は、そういった空間の連なりで
FLD_C8	012CCB	11		5	できている
FLD_C8	012CD6	21		10	上へ向って飛びたまえ
FLD_C8	012CEB	37		18	最短ルートのゲートはすでに開けてある
FLD_C8	012D52	35		17	帝国軍はすでに塔の上層部を制圧した
FLD_C8	012D75	37		18	敵の機動部隊が君のところに向かうまで
FLD_C8	012D9B	19		9	そう時間はないぞ…
FLD_C8	012DAE	29		14	上層部に出て、敵の本隊を叩け
FLD_C8	012DD7	35		17	自分はそこで高みの見物というわけか
FLD_C8	012E06	23		11	私としても不本意だがな
FLD_C8	012E1D	27		13	今は君に期待するしかない…
FLD_C8	012E44	35		17	奴らの本隊まで、あとどのくらいだ！
FLD_C8	012E73	29		14	ちょうど真ん中あたりを抜けて
FLD_C8	012E90	25		12	その上の層に出たところだ
FLD_C8	012EA9	4		1	<14>て
FLD_C8	012EAD	17		8	急げよ、エッジ君
FLD_C8	012EBE	33		16	次の部隊がそこに向かっているぞ…
FLD_C8	012EEB	23		11	そこが塔の一番上の層だ
FLD_C8	012F02	10		4	<1E>いるぞ…
FLD_C8	012F0C	23		11	指揮艦の存在を確認した
FLD_C8	012F23	15		7	いよいよだな…
FLD_C8	012F3E	17		8	かん違いするなよ
FLD_C8	012F4F	27		13	おまえのための戦いじゃない
FLD_C8	013061	25		12	クレイメンの使った入□は
FLD_C8	01307A	19		9	もう使えないのか？
FLD_C8	013099	27		13	塔内部の対侵入者システムも
FLD_C8	0130B4	29		14	すでに起動してるわ…だから…
FLD_C8	0130DD	17		8	…ごめんなさい…
FLD_C8	0130EE	35		17	少しは…役に立てるかと思ったけど…
FLD_C8	013111	31		15	防衛システムのコントロールは、
FLD_C8	013130	27		13	完全に独立しているみたい…
FLD_C8	013157	21		10	アゼル…約束してくれ
FLD_C8	01316C	33		16	これから先、儀の身に何か起きたら
FLD_C8	01318D	27		13	君だけでもドラゴンに乗って
FLD_C8	0131A8	37		18	ガッシュの、シーカーの所へ戻ってくれ
FLD_C8	0131D9	21		10	…それはできないわ…
FLD_C8	0131FA	11		5	どうして？
FLD_C8	013211	33		16	あなたが思っているほどドラゴンは
FLD_C8	013232	31		15	融通の効く生き物じゃないのよ…
FLD_C8	013251	23		11	ただの乗り手ではなく、
FLD_C8	013268	23		11	何か重要な目的のために
FLD_C8	01327F	25		12	あえてあなたを選んだの…
FLD_C8	013298	17		8	このドラゴンは、
FLD_C8	0132A9	33		16	あなたのためだけに存在している…
FLD_C8	0132CA	27		13	そう言っても過言じゃないわ
FLD_C8	0132E5	25		12	だから、あなたが死ねば、
FLD_C8	0132FE	37		18	ドラゴンも目的を失って機能解除される
FLD_C8	01332F	17		8	君は全部承知で…
FLD_C8	01334C	21		10	ええ、でも私は大丈夫
FLD_C8	013361	16		7	<1E>機能解除される
FLD_C8	013371	39		19	今はエッジ、あなたを、信じているから…
FLD_C8	0133A4	27		13	ここの外周部へ出るゲートよ
FLD_C8	0133BF	7		3	………
FLD_C8	0133C6	21		10	ロックされているわ…
FLD_C8	0133E7	11		5	まずいな！
FLD_C8	0133F2	29		14	このままだと先には行けないな
FLD_C8	01341B	21		10	塔の防衛システムは、
FLD_C8	013430	37		18	私たちを完全に外敵とみなしているのよ
FLD_C8	013455	15		7	外周部に出れば
FLD_C8	013465	24		10	あの<03>\nローター・パイル<03>
FLD_C8	01347D	3		1	を
FLD_C8	013480	33		16	止めるスイッチがあるかもしれない
FLD_C8	0134A1	23		11	ゲートは私が開けてみる
FLD_C8	0134B8	21		10	行きましょう、エッジ
FLD_C8	0134CD	2		1	る
FLD_C8	0134DB	19		9	ちょっと待ってて…
FLD_C8	0134EE	39		19	…                  
FLD_C8	013516	39		19	………                
FLD_C8	01353E	39		19	……………              
FLD_C8	013566	39		19	……………………           
FLD_C8	01358E	39		19	…………………………         
FLD_C8	0135B6	39		19	………………………………       
FLD_C8	0135DE	39		19	……………………………………     
FLD_C8	013606	39		19	……………………………………………  
FLD_C8	01362E	39		19	…………………………………………………
FLD_C8	013655	39		19	…                  
FLD_C8	01367D	39		19	………                
FLD_C8	0136A5	39		19	……………              
FLD_C8	0136CD	39		19	……………………           
FLD_C8	0136F5	39		19	…………………………         
FLD_C8	01371D	39		19	………………………………       
FLD_C8	013745	39		19	……………………………………     
FLD_C8	01376D	39		19	……………………………………………  
FLD_C8	013795	39		19	…………………………………………………
FLD_C8	0137C8	9		4	いいわ、
FLD_C8	0137D1	33		16	もう一度ゲートにアクセスしてみて
FLD_C8	0137FE	17		8	ここが塔の最上階
FLD_C8	01380F	16		8	アクセスしてみて
FLD_C8	01381F	25		12	セストレンへ向かうための
FLD_C8	013838	40		18	コントロールエリアは一番下の<03>\n地下1階<03>
FLD_C8	013860	3		1	よ
FLD_C8	01386F	26		11	<03>\n1号機ローター・パイル<03>
FLD_C8	013889	17		8	のコントロールを
FLD_C8	01389A	33		16	ダイレクトアクセスに切りかえます
FLD_C8	0138C7	19		9	これで、あの障害を
FLD_C8	0138DA	25		12	止められるようになったわ
FLD_C8	0138F3	26		11	あとは<03>\nローター・パイル<03>
FLD_C8	01390D	3		1	に
FLD_C8	013910	19		9	直接アクセスして、
FLD_C8	013923	23		11	動作を切りかえればいい
FLD_C8	013946	29		14	当階の警戒態勢を発令します…
FLD_C8	01396F	15		7	作動停止します
FLD_C8	01398A	26		11	<03>\n2号機ローター・パイル<03>
FLD_C8	0139A4	17		8	のコントロールを
FLD_C8	0139B5	33		16	ダイレクトアクセスに切りかえます
FLD_C8	0139E2	31		15	今のが、この塔のガーディアン…
FLD_C8	013A01	25		12	確か、もう1体下の層に…
FLD_C8	013A26	7		3	ええ…
FLD_C8	013A39	23		11	いいのかい？ アゼル…
FLD_C8	013A50	13		6	今ならまだ、
FLD_C8	013A5D	39		19	ガッシュ達と一緒に行くことだってできる
FLD_C8	013A90	13		6	心配しないで
FLD_C8	013A9D	26		13	カ緒に行くことだってできる
FLD_C8	013AB7	9		4	それに、
FLD_C8	013AC0	33		16	これは私自身が決めたことだから…
FLD_C8	013AED	15		7	…そうか、なら
FLD_C8	013AFC	11		5	行くよ！！
FLD_C8	013B13	19		9	？ …行き止まり？
FLD_C8	013B32	37		18	エッジ！ 上のエネルギーパイロンを！
FLD_C8	013B63	21		10	これで下へ出られるわ
FLD_C8	013B84	35		17	ここ…最初来た時には通らなかった…
FLD_C8	013BB3	37		18	ここがちょうど真ん中の層に当たるわ…
FLD_C8	013BD8	19		9	塔が起動したせいで
FLD_C8	013BEB	18		9	めの層に当たるわ…
FLD_C8	013BFD	27		13	内部の構造も少し変化してる
FLD_C8	013C18	29		14	あそこの接続部分を切りかえて
FLD_C8	013C35	21		10	外周部へ移りましょう
FLD_C8	013C56	33		16	ここまで来て、また行き止まりか…
FLD_C8	013C77	37		18	しかたない、引き返して別の道を探そう
FLD_C8	013CA8	15		7	待ってエッジ、
FLD_C8	013CB7	33		16	ここから下に抜けるのが一番近道よ
FLD_C8	013CD8	23		11	手がかりを探しましょう
FLD_C8	013CFB	29		14	なるほど、こういうしかけか…
FLD_C8	013D24	26		11	<03>\n3号機ローター・パイル<03>
FLD_C8	013D3E	17		8	のコントロールを
FLD_C8	013D4F	33		16	ダイレクトアクセスに切りかえます
FLD_C8	013D7C	31		15	今のが、最後のガーディアンよ…
FLD_C8	013DA7	17		8	そう願いたいな…
FLD_C8	013DC4	7		3	ええ…
FLD_C8	013DD7	29		14	…アゼル？ どうかしたのか？
FLD_C8	013E00	29		14	え？ …ああ、ごめんなさい…
FLD_C8	013E1D	7		3	ただ…
FLD_C8	013E30	9		4	ただ…？
FLD_C8	013E45	39		19	…今のガーディアンのこと、考えていたの
FLD_C8	013E6C	5		2	…？
FLD_C8	013E7D	33		16	…きっと私と同じように、永い間…
FLD_C8	013E9E	17		8	この遣跡の中で、
FLD_C8	013EAF	35		17	自分が呼ばれるのを待っていたのよ…
FLD_C8	013ED2	33		16	でも、数千年の眠りから目覚めても
FLD_C8	013EF3	17		8	つかの間の時は、
FLD_C8	013F04	29		14	戦いのためだけに費やされて…
FLD_C8	013F2D	9		4	アゼル…
FLD_C8	013F42	17		8	…ねえ、エッジ…
FLD_C8	013F53	29		14	旧世紀の人達は、どうして私を
FLD_C8	013F70	33		16	人の似姿に造ったりしたのかしら…
FLD_C8	013F91	31		15	こんなことを考える気持ちだって
FLD_C8	013FB0	23		11	この遣跡のシステムには
FLD_C8	013FC7	21		10	何の意味もないのに…
FLD_C8	013FDC	23		11	あのガーディアン達と、
FLD_C8	013FF3	27		13	本当は何も変わらないのに…
FLD_C8	01401A	23		11	儀は、そうは思わない…
FLD_C8	014031	5		2	！？
FLD_C8	014042	35		17	今の君は、あのガーディアン達を見て
FLD_C8	014065	29		14	かわいそうだと思ったんだろ？
FLD_C8	014082	37		18	目覚めた時は違ったかもしれない、でも
FLD_C8	0140A7	27		13	人間だって、生まれた時から
FLD_C8	0140C2	29		14	人間らしいわけじゃないんだ…
FLD_C8	0140DF	21		10	アゼル、たぶん君は…
FLD_C8	0140F4	25		12	…人間に、なったんだよ…
FLD_C8	014119	11		5	最下層よ…
FLD_C8	014124	37		18	さっきのガーディアンを倒したことで、
FLD_C8	014149	37		18	塔の防衛システムも大分無力化してるわ
FLD_C8	01416E	31		15	1階まで降りれば、最上層までの
FLD_C8	01418D	39		19	直通エレベーターが使えるかもしれない…
FLD_C8	0141B4	31		15	コントロールエリアに降りる前に
FLD_C8	0141D3	39		19	塔の外へ出て、体勢を整えることも可能よ
FLD_C8	014206	26		11	<03>\n4号機ローター・パイル<03>
FLD_C8	014220	17		8	のコントロールを
FLD_C8	014231	33		16	ダイレクトアクセスに切りかえます
FLD_C8	01425E	26		11	<03>\n5号機ローター・パイル<03>
FLD_C8	014278	17		8	のコントロールを
FLD_C8	014289	33		16	ダイレクトアクセスに切りかえます
FLD_C8	0142B6	26		11	<03>\n6号機ローター・パイル<03>
FLD_C8	0142D0	17		8	のコントロールを
FLD_C8	0142E1	33		16	ダイレクトアクセスに切りかえます
FLD_C8	01430E	18		7	<03>\nライト・ゲート<03>
FLD_C8	014320	13		6	を開放します
FLD_C8	014339	18		7	<03>\nレフト・ゲート<03>
FLD_C8	01434B	13		6	を開放します
FLD_C8	014364	15		7	いよいよだな…
FLD_C8	01437F	7		3	ええ…
FLD_C8	014386	35		17	でも、あなたこそいいの？ エッジ…
FLD_C8	0143A9	5		2	…？
FLD_C8	0143BA	9		4	私自身…
FLD_C8	0143C3	27		13	セストレンがどんな場所で、
FLD_C8	0143DE	37		18	どんな所にあるのかさえわからないの…
FLD_C8	014403	39		19	それが、何のために存在するのかさえも…
FLD_C8	01442A	21		10	そこへ行けたとしても
FLD_C8	01443F	35		17	帰ってこられる保証はどこにもないわ
FLD_C8	014462	7		3	………
FLD_C8	014475	19		9	あなたの方にこそ…
FLD_C8	014488	25		12	選択肢は残されているのよ
FLD_C8	0144A1	11		5	今ならまだ
FLD_C8	0144AC	14		6	<16>れているのよ
FLD_C8	0144BA	35		17	あの里の人達と一緒に行くことだって
FLD_C8	0144E9	31		15	君をここに置き去りにしてかい？
FLD_C8	014508	7		3	…！？
FLD_C8	01451B	23		11	君はなにがどうあっても
FLD_C8	014532	21		10	進む気でいるんだろ？
FLD_C8	014547	17		8	それは儀も同じさ
FLD_C8	014564	13		6	………そうね
FLD_C8	014571	37		18	…以前はあのひとの望みに答えること、
FLD_C8	014596	29		14	それが私の存在の全てだった…
FLD_C8	0145B3	31		15	だけど、今の私は自分の意志で、
FLD_C8	0145D2	33		16	自分にしかできないことをしたいの
FLD_C8	0145F3	33		16	せめて今だけは、一人の人間として
FLD_C8	014614	23		11	私が、私であるために…
FLD_C8	014637	11		5	…そうか…
FLD_C8	01464E	19		9	ありがとうエッジ、
FLD_C8	014661	29		14	今のうちにお礼を言っておくわ
FLD_C8	01467E	39		19	私がここまで来られたのはあなたのおかげ
FLD_C8	0146A5	4		2	ルを
FLD_C8	0146B5	21		10	君のおかげでもあるさ
FLD_C8	0146D6	18		7	<03>\nライト・ゲート<03>
FLD_C8	0146E8	13		6	現在閉鎖中…
FLD_C8	014701	27		13	ここは、私でもダメみたい…
FLD_C8	014728	18		7	<03>\nレフト・ゲート<03>
FLD_C8	01473A	13		6	現在閉鎖中…
FLD_C8	014753	29		14	やっぱり、ここも独立してる…
FLD_C8	014770	17		8	私じゃダメだわ…
FLD_C8	01478D	22		10	エレベーター・ゲート<03>
FLD_C8	0147A3	13		6	現在閉鎖中…
FLD_C8	0147BC	13		6	ごめんなさい
FLD_C8	0147C9	29		14	ガーディアンの起動システムと
FLD_C8	0147E6	23		11	同調してて、私だけでは
FLD_C8	0147FD	29		14	このゲートは開きそうもないわ
FLD_C8	014826	20		8	<03>\nローター・パイル<03>
FLD_C8	01483A	11		5	の1号機よ
FLD_C8	014845	39		19	ああやって侵入者の侵攻を阻むと同時に、
FLD_C8	01486C	37		18	緊急活動時のエネルギーを供給してるの
FLD_C8	014891	22		9	スイッチは<03>\n15階よ<03>
FLD_C8	0148B4	20		8	<03>\nローター・パイル<03>
FLD_C8	0148C8	11		5	の2号機よ
FLD_C8	0148D3	20		8	スイッチは<03>\n14階<03>
FLD_C8	0148E8	39		19	あといくつか、下の層にも同じ物があるわ
FLD_C8	01491B	26		11	あれが<03>\nローター・パイル<03>
FLD_C8	014935	11		5	の3号機よ
FLD_C8	014940	18		7	スイッチは<03>\n7階<03>
FLD_C8	014952	17		8	のどこかにあるわ
FLD_C8	01496F	20		8	<03>\nローター・パイル<03>
FLD_C8	014983	11		5	の4号機よ
FLD_C8	01498E	18		7	スイッチは<03>\n4階<03>
FLD_C8	0149A0	9		4	にあるわ
FLD_C8	0149B5	20		8	<03>\nローター・パイル<03>
FLD_C8	0149C9	9		4	の5号機
FLD_C8	0149D2	2		1	よ
FLD_C8	0149D4	18		7	スイッチは<03>\n3階<03>
FLD_C8	0149E6	9		4	にあるわ
FLD_C8	0149FB	20		8	<03>\nローター・パイル<03>
FLD_C8	014A0F	11		5	の6号機よ
FLD_C8	014A1A	30		13	スイッチは5号機と同じ<03>\n3階<03>
FLD_C8	014A38	9		4	にあるわ
FLD_C8	014A4D	29		14	当階の警戒態勢を発令します…
FLD_C8	014A76	19		9	対物センサー始動…
FLD_C8	014A89	29		14	当階の警戒態勢を解除します…
FLD_C8	014AB2	21		10	何だ？ このスイッチ
FLD_C8	014AD3	23		11	この階の警戒システムを
FLD_C8	014AEA	21		10	切りかえるスイッチよ
FLD_C8	014B0B	31		15	今のが警戒システムのセンサーよ
FLD_C8	014B2A	21		10	警戒態勢を解かないと
FLD_C8	014B3F	21		10	次々と襲ってくるわよ
FLD_C8	014B54	17		8	旧世紀の記録機械
FLD_C8	014B65	13		6	塔 1階 西
FLD_C8	014B72	4		1	<!DB>械
FLD_C8	014B76	13		6	塔 1階 北
FLD_C8	014B83	4		1	<!DB>械
FLD_C8	014B87	9		4	塔 2階
FLD_C8	014B90	4		1	<01>北
FLD_C8	014B94	4		1	<!DB>械
FLD_C8	014B98	9		4	塔 3階
FLD_C8	014BA1	4		1	<01>北
FLD_C8	014BA5	4		1	<!DB>械
FLD_C8	014BA9	9		4	塔 4階
FLD_C8	014BB2	4		1	<01>北
FLD_C8	014BB6	4		1	<!DB>械
FLD_C8	014BBA	9		4	塔 5階
FLD_C8	014BC3	4		1	<01>北
FLD_C8	014BC7	4		1	<!DB>械
FLD_C8	014BCB	9		4	塔 6階
FLD_C8	014BD4	4		1	<01>北
FLD_C8	014BD8	4		1	<!DB>械
FLD_C8	014BDC	13		6	塔 7階 西
FLD_C8	014BE9	4		1	<!DB>械
FLD_C8	014CCD	9		4	塔の上空
FLD_C8	014D47	25		12	エレベーター：15階 西
FLD_C8	014D60	6		3	サーよ
FLD_C8	014D66	11		5	塔 最下層
FLD_C8	014D71	23		11	エレベーター：地下1階
FLD_C8	014D8A	6		3	サーよ
FLD_C8	014D90	11		5	塔 最下層
FLD_C8	014D9B	25		12	エレベーター：3階 東側
FLD_C8	014DB4	6		3	サーよ
FLD_C8	014DBA	25		12	エレベーター：3階 西側
FLD_C8	014DD3	6		3	サーよ
FLD_C8	014DD9	11		5	塔 最下層
FLD_C8	014DE4	25		12	エレベーター：2階 東側
FLD_C8	014DFD	6		3	サーよ
FLD_C8	014E03	25		12	エレベーター：2階 西側
FLD_C8	014E1C	6		3	サーよ
FLD_C8	014E22	11		5	塔 最下層
FLD_C8	014E2D	19		9	エレベーター：5階
FLD_C8	014E40	6		2	<01>西側
FLD_C8	014E46	6		3	サーよ
FLD_C8	014E4C	15		7	塔 下部格納層
FLD_C8	014E5B	19		9	エレベーター：4階
FLD_C8	014E6E	6		2	<01>西側
FLD_C8	014E74	6		3	サーよ
FLD_C8	014E7A	15		7	塔 下部格納層
FLD_C8	014E89	33		16	エレベーター：8階 回転通路北□
FLD_C8	014EAA	17		8	旧世紀の記録機械
FLD_C8	014EBB	11		5	塔 中間層
FLD_C8	014EC6	23		11	エレベーター：8階 西
FLD_C8	014EDD	10		4	<!DD>通路北□
FLD_C8	014EE7	23		11	エレベーター：8階 東
FLD_C8	014EFE	10		4	<!DD>通路北□
FLD_C8	014F08	27		13	塔 中間層(回転通路内部)
FLD_C8	014F23	19		9	エレベーター：6階
FLD_C8	014F36	8		3	<!DE>内部)
FLD_C8	014FB3	17		8	パイロンルーム3
FLD_C8	014FC4	21		10	エレベーター：10階
FLD_C8	014FDB	2		1	ム
FLD_C8	014FDD	23		11	エレベーター：7階 東
FLD_C8	014FF4	2		1	ム
FLD_C8	014FF6	15		7	パイロンルーム
FLD_C8	015074	23		11	エレベーター：8階 北
FLD_C8	01508B	2		1	ム
FLD_C8	01508D	15		7	塔 上部格納層
FLD_C8	01509C	25		12	エレベーター：9階 東□
FLD_C8	0150B5	15		7	塔 上部格納層
FLD_C8	0150C4	21		10	エレベーター：13階
FLD_C8	0150D9	4		1	<!DF>□
FLD_C8	0150DD	11		5	塔 最上層
FLD_C8	0150E8	21		10	エレベーター：12階
FLD_C8	0150FD	4		1	<!DF>□
FLD_C8	015101	11		5	塔 最上層
FLD_C8	01510C	11		5	塔 最上層
FLD_C8	015117	11		5	塔 最上層
FLD_C8	015122	25		12	エレベーター：15階東1
FLD_C8	01513B	2		1	)
FLD_C8	01513D	25		12	エレベーター：15階東2
FLD_C8	015156	11		5	塔 最上層
FLD_C8	015161	23		11	エレベーター：1階 西
FLD_C8	01517A	11		5	塔 最上層
FLD_C8	015185	25		12	エレベーター：14階 東
FLD_C8	01519E	2		1	)
FLD_C8	0151A0	25		12	エレベーター：14階 東
FLD_C8	0151B9	2		1	)
FLD_C8	0151BB	11		5	塔 最下層
FLD_C8	0151C6	13		6	塔 1階 西
FLD_C8	0151D3	12		5	<!E0>14階 東
FLD_C8	0151DF	2		1	)
FLD_C8	0151E1	13		6	塔 1階 北
FLD_C8	0151EE	12		5	<!E0>14階 東
FLD_C8	0151FA	2		1	)
FLD_C8	0151FC	9		4	塔 2階
FLD_C8	015205	4		1	<01>北
FLD_C8	015209	12		5	<!E0>14階 東
FLD_C8	015215	2		1	)
FLD_C8	015217	9		4	塔 3階
FLD_C8	015220	4		1	<01>北
FLD_C8	015224	12		5	<!E0>14階 東
FLD_C8	015230	2		1	)
FLD_C8	015232	9		4	塔 4階
FLD_C8	01523B	4		1	<01>北
FLD_C8	01523F	12		5	<!E0>14階 東
FLD_C8	01524B	2		1	)
FLD_C8	015285	13		6	塔 7階 西
FLD_C8	015292	2		1	」
FLD_C8	015294	13		6	塔 7階 南
FLD_C8	0152A1	2		1	」
FLD_C8	0152A3	13		6	塔 7階 東
FLD_C8	0152B0	2		1	」
FLD_C8	0153A7	9		4	塔11階
FLD_C8	0153B0	6		2	<!E2>納層
FLD_C8	0153B6	9		4	塔12階
FLD_C8	0153BF	6		2	<!E2>納層
FLD_C8	0153C5	11		5	塔 最上層
FLD_C8	0153D0	9		4	塔13階
FLD_C8	0153D9	2		1	」
FLD_C8	0153DB	13		6	塔14階 西
FLD_C8	0153E8	2		1	」
FLD_C8	0153EA	13		6	塔14階 北
FLD_C8	0153F7	2		1	」
FLD_C8	0153F9	13		6	塔14階 東
FLD_C8	015406	2		1	」
FLD_C8	015408	13		6	塔15階 西
FLD_C8	015415	2		1	」
FLD_C8	015417	15		7	塔15階 東1
FLD_C8	015426	8		4	ワ路東□
FLD_C8	01542E	15		7	塔15階 東2
FLD_C8	01543D	13		6	回転通路内部
FLD_C8	035FD6	13		6	探索を続ける
FLD_C8	035FE3	25		12	ワールドマップに移動する
FLD_C8	036053	21		10	これまでの記録をとる
FLD_C8	036068	11		5	記録しない
FLD_C8	0360F9	27		13	ナビゲーターの目的地を選択
FLD_C8	036114	18		6	現在の目的地<03><01><01><02><03>
FLD_C8	036127	14		4	目的地を<03><01><01><02><03>
FLD_C8	036135	7		3	に設定
FLD_C8	03613C	17		8	目的地設定 解除
FLD_C8	03614D	17		8	目的地設定 なし
FLD_C8	03615E	17		8	目的地候補 なし
FLD_C8	03616F	15		7	ナビゲータ解除
FLD_C8	03617E	25		12	ナビゲーター使用不能地域
FLD_C8	063178	6		5	めはるツな
FLD_C8	063180	6		5	なはれツな
FLD_C8	063188	6		5	めはれツな
FLD_C8	063190	5		4	はりツな
FLD_C8	063198	25		11	か<01><01>レぇぉぬほすておいき
FLD_C8	0631B1	37		18	かすヨひ「ななジあな？れジやゃゅ。お
FLD_C8	0631D6	22		9	 <03>\nょっぬほたてちい<03>
FLD_C8	0631EC	21		10	 す…A。Bヴせいき
FLD_C8	063201	40		18	 ょっぬほたてちい <03>\nす…A。Bヴせい<03>
FLD_C8	063229	3		1	き
FLD_C8	06322C	29		14	かゲすダC？れジDひ)せゲお
FLD_C8	063249	18		7	 <03>\nEつFねちい<03>
FLD_C8	06325B	23		11	 GHEつIン！ちいき
FLD_C8	063272	38		17	 EつFねちい <03>\nGHEつIン！ちい<03>
FLD_C8	063298	3		1	き
FLD_C8	06329B	56		27	かおみ「ゲえトベー9ぜやJみんやレ\n K『？ほて！えおお
FLD_C8	0632D3	66		32	こおLMやNOぼヘごノテ。3へや\n ぼヘオェカゥ9む)ヨほPQおお
FLD_C8	063315	76		37	おLMりやRふS』あTゾUNOVむゆ\nな？『。ぇWぬあPQ。XYね！なまいさ
FLD_C8	063361	23		11	おおズせすせZ％ゲえき
FLD_D2	007F95	3		2	ろ？
FLD_D2	007F9C	4		2	<!FF>モョ
FLD_D2	007FA0	38		18	<01>(この扉の向こうには何があるんだ？)
FLD_D2	0082C6	9		4	ゾアの森
FLD_D2	0082CF	14		6	ゾアの森<05>内部
FLD_D2	0082DD	15		7	ナーガのマユ1
FLD_D2	0082EC	12		6	めないと…)
FLD_D2	0082F8	15		7	ナーガのマユ2
FLD_D2	008307	15		7	ナーガのマユ3
FLD_D2	008316	15		7	ナーガのマユ1
FLD_D2	008325	12		6	めないと…)
FLD_D2	008331	15		7	ナーガのマユ2
FLD_D2	008340	15		7	ナーガのマユ3
FLD_D2	00834F	17		8	旧世紀の記録機械
FLD_D2	029267	39		17	<1E><16><1A><01>(ずいぶん外れまでやってきたな…)
FLD_D2	02928E	13		6	探索を続ける
FLD_D2	02929B	25		12	ワールドマップに移動する
FLD_D2	02930B	21		10	これまでの記録をとる
FLD_D2	029320	11		5	記録しない
FLD_D2	0293B1	27		13	ナビゲーターの目的地を選択
FLD_D2	0293CC	18		6	現在の目的地<03><01><01><02><03>
FLD_D2	0293DF	14		4	目的地を<03><01><01><02><03>
FLD_D2	0293ED	7		3	に設定
FLD_D2	0293F4	17		8	目的地設定 解除
FLD_D2	029405	17		8	目的地設定 なし
FLD_D2	029416	17		8	目的地候補 なし
FLD_D2	029427	15		7	ナビゲータ解除
FLD_D2	029436	25		12	ナビゲーター使用不能地域
FLD_D2	045CA0	6		5	めはるツな
FLD_D2	045CA8	6		5	なはれツな
FLD_D2	045CB0	6		5	めはれツな
FLD_D2	045CB8	5		4	はりツな
FLD_D2	045CC0	25		11	か<01><01>レぇぉぬほすておいき
FLD_D2	045CD9	37		18	かすヨひ「ななジあな？れジやゃゅ。お
FLD_D2	045CFE	22		9	 <03>\nょっぬほたてちい<03>
FLD_D2	045D14	21		10	 す…A。Bヴせいき
FLD_D2	045D29	40		18	 ょっぬほたてちい <03>\nす…A。Bヴせい<03>
FLD_D2	045D51	3		1	き
FLD_D2	045D54	29		14	かゲすダC？れジDひ)せゲお
FLD_D2	045D71	18		7	 <03>\nEつFねちい<03>
FLD_D2	045D83	23		11	 GHEつIン！ちいき
FLD_D2	045D9A	38		17	 EつFねちい <03>\nGHEつIン！ちい<03>
FLD_D2	045DC0	3		1	き
FLD_D2	045DC3	56		27	かおみ「ゲえトベー9ぜやJみんやレ\n K『？ほて！えおお
FLD_D2	045DFB	66		32	こおLMやNOぼヘごノテ。3へや\n ぼヘオェカゥ9む)ヨほPQおお
FLD_D2	045E3D	76		37	おLMりやRふS』あTゾUNOVむゆ\nな？『。ぇWぬあPQ。XYね！なまいさ
FLD_D2	045E89	23		11	おおズせすせZ％ゲえき
FLD_D3	005704	34		16	<01>(どこかで見た事があるような…)
FLD_D3	005796	18		8	ゾアの森<05>紅き遣跡
FLD_D3	0057A8	17		8	旧世紀の記録機械
FLD_D3	026416	13		6	探索を続ける
FLD_D3	026423	25		12	ワールドマップに移動する
FLD_D3	026493	21		10	これまでの記録をとる
FLD_D3	0264A8	11		5	記録しない
FLD_D3	026539	27		13	ナビゲーターの目的地を選択
FLD_D3	026554	18		6	現在の目的地<03><01><01><02><03>
FLD_D3	026567	14		4	目的地を<03><01><01><02><03>
FLD_D3	026575	7		3	に設定
FLD_D3	02657C	17		8	目的地設定 解除
FLD_D3	02658D	17		8	目的地設定 なし
FLD_D3	02659E	17		8	目的地候補 なし
FLD_D3	0265AF	15		7	ナビゲータ解除
FLD_D3	0265BE	25		12	ナビゲーター使用不能地域
FLD_D3	037730	6		5	めはるツな
FLD_D3	037738	6		5	なはれツな
FLD_D3	037740	6		5	めはれツな
FLD_D3	037748	5		4	はりツな
FLD_D3	037750	25		11	か<01><01>レぇぉぬほすておいき
FLD_D3	037769	37		18	かすヨひ「ななジあな？れジやゃゅ。お
FLD_D3	03778E	22		9	 <03>\nょっぬほたてちい<03>
FLD_D3	0377A4	21		10	 す…A。Bヴせいき
FLD_D3	0377B9	40		18	 ょっぬほたてちい <03>\nす…A。Bヴせい<03>
FLD_D3	0377E1	3		1	き
FLD_D3	0377E4	29		14	かゲすダC？れジDひ)せゲお
FLD_D3	037801	18		7	 <03>\nEつFねちい<03>
FLD_D3	037813	23		11	 GHEつIン！ちいき
FLD_D3	03782A	38		17	 EつFねちい <03>\nGHEつIン！ちい<03>
FLD_D3	037850	3		1	き
FLD_D3	037853	56		27	かおみ「ゲえトベー9ぜやJみんやレ\n K『？ほて！えおお
FLD_D3	03788B	66		32	こおLMやNOぼヘごノテ。3へや\n ぼヘオェカゥ9む)ヨほPQおお
FLD_D3	0378CD	76		37	おLMりやRふS』あTゾUNOVむゆ\nな？『。ぇWぬあPQ。XYね！なまいさ
FLD_D3	037919	23		11	おおズせすせZ％ゲえき
FLD_D5	0237F2	13		6	探索を続ける
FLD_D5	0237FF	25		12	ワールドマップに移動する
FLD_D5	02386F	21		10	これまでの記録をとる
FLD_D5	023884	11		5	記録しない
FLD_D5	023915	27		13	ナビゲーターの目的地を選択
FLD_D5	023930	18		6	現在の目的地<03><01><01><02><03>
FLD_D5	023943	14		4	目的地を<03><01><01><02><03>
FLD_D5	023951	7		3	に設定
FLD_D5	023958	17		8	目的地設定 解除
FLD_D5	023969	17		8	目的地設定 なし
FLD_D5	02397A	17		8	目的地候補 なし
FLD_D5	02398B	15		7	ナビゲータ解除
FLD_D5	02399A	25		12	ナビゲーター使用不能地域
FLD_D5	027778	6		5	めはるツな
FLD_D5	027780	6		5	なはれツな
FLD_D5	027788	6		5	めはれツな
FLD_D5	027790	5		4	はりツな
FLD_D5	027798	25		11	か<01><01>レぇぉぬほすておいき
FLD_D5	0277B1	37		18	かすヨひ「ななジあな？れジやゃゅ。お
FLD_D5	0277D6	22		9	 <03>\nょっぬほたてちい<03>
FLD_D5	0277EC	21		10	 す…A。Bヴせいき
FLD_D5	027801	40		18	 ょっぬほたてちい <03>\nす…A。Bヴせい<03>
FLD_D5	027829	3		1	き
FLD_D5	02782C	29		14	かゲすダC？れジDひ)せゲお
FLD_D5	027849	18		7	 <03>\nEつFねちい<03>
FLD_D5	02785B	23		11	 GHEつIン！ちいき
FLD_D5	027872	38		17	 EつFねちい <03>\nGHEつIン！ちい<03>
FLD_D5	027898	3		1	き
FLD_D5	02789B	56		27	かおみ「ゲえトベー9ぜやJみんやレ\n K『？ほて！えおお
FLD_D5	0278D3	66		32	こおLMやNOぼヘごノテ。3へや\n ぼヘオェカゥ9む)ヨほPQおお
FLD_D5	027915	76		37	おLMりやRふS』あTゾUNOVむゆ\nな？『。ぇWぬあPQ。XYね！なまいさ
FLD_D5	027961	23		11	おおズせすせZ％ゲえき
TWN_CAMP	00BC2B	11		5	)<01>キャンプ
TWN_CAMP	00BDC6	21		10	俺も連れてってくれよ
TWN_CAMP	00BDDB	27		13	実は、ここで仲間と会った後
TWN_CAMP	00BDF6	29		14	砂漠の向こうで別のシーカーと
TWN_CAMP	00BE13	23		11	合流するはずだったんだ
TWN_CAMP	00BE2A	6		3	カーと
TWN_CAMP	00BE30	39		19	だけど、ひとりで砂漠越えはできないし…
TWN_CAMP	00BE57	11		5	な、頼むぜ
TWN_CAMP	00BE62	28		13	<1F>りで砂漠越えはできないし…
TWN_CAMP	00BE89	27		13	ありがたい！ そのかわり…
TWN_CAMP	00BEA4	33		16	砂漠の越え方は、俺が教えてやるよ
TWN_CAMP	00BEC5	25		12	大丈夫、まかしときなって
TWN_CAMP	00BEE9	29		14	おいおい、ドラゴンがいたって
TWN_CAMP	00BF06	37		18	ひとりで砂漠越えは無理さ、考え直せよ
TWN_CAMP	00BF38	23		11	おいおい、あわてるなよ
TWN_CAMP	00BF4F	35		17	何も知らずに、砂漠は越えられないぜ
TWN_CAMP	00BF72	2		1	よ
TWN_CAMP	00BF7F	21		10	俺も連れてってくれよ
TWN_CAMP	00BF94	27		13	実は、ここで仲間と会った後
TWN_CAMP	00BFAF	29		14	砂漠の向こうで別のシーカーと
TWN_CAMP	00BFCC	23		11	合流するはずだったんだ
TWN_CAMP	00BFE3	6		3	カーと
TWN_CAMP	00BFE9	39		19	だけど、ひとりで砂漠越えはできないし…
TWN_CAMP	00C010	11		5	な、頼むぜ
TWN_CAMP	00C01B	28		13	<1F>りで砂漠越えはできないし…
TWN_CAMP	00C042	27		13	ありがたい！ そのかわり…
TWN_CAMP	00C05D	33		16	砂漠の越え方は、俺が教えてやるよ
TWN_CAMP	00C07E	25		12	大丈夫、まかしときなって
TWN_CAMP	00C13A	19		9	ガリル砂漠の越え方
TWN_CAMP	00C14D	13		6	オアシスの話
TWN_CAMP	00C15A	6		2	<16>え方
TWN_CAMP	00C257	29		14	おいおい、ドラゴンがいたって
TWN_CAMP	00C274	37		18	ひとりで砂漠越えは無理さ、考え直せよ
TWN_CAMP	00C33C	19		9	ガリル砂漠の越え方
TWN_CAMP	00C34F	13		6	オアシスの話
TWN_CAMP	00C35C	6		2	<16>え方
TWN_CAMP	00C55D	19		9	ガリル砂漠の越え方
TWN_CAMP	00C570	13		6	オアシスの話
TWN_CAMP	00C57D	6		2	<16>え方
TWN_CAMP	00C6FD	15		7	あ、しまった！
TWN_CAMP	00C719	37		18	どうした、すっとんきょうな声出して？
TWN_CAMP	00C74B	37		18	頼まれてた部品、取ってこれなかった！
TWN_CAMP	00C770	37		18	まいったなあ…パエットに何て言おう…
TWN_CAMP	00C7A2	19		9	何だか知らねえが…
TWN_CAMP	00C7B5	35		17	発掘品なら、少しばかり取って来たぜ
TWN_CAMP	00C7D8	2		1	…
TWN_CAMP	00C7DA	33		16	半分は、それが目当てだったからな
TWN_CAMP	00C808	25		12	持ってけよ、金はいらねえ
TWN_CAMP	00C82E	21		10	え？ でも、悪いよ…
TWN_CAMP	00C850	19		9	いいって、いいって
TWN_CAMP	00C863	39		19	そのかわり、何かあったら手を貸してくれ
TWN_CAMP	00C88A	23		11	おまえの相棒と一緒にな
TWN_CAMP	00C8AE	31		15	おかげで助かったよ、ありがとう
TWN_CAMP	00C8DA	31		15	へへ…これで、貸し借りなしだな
TWN_CAMP	00C8F9	19		9	ところで、エッジ…
TWN_CAMP	00C90C	27		13	身体の方、何ともないのか？
TWN_CAMP	00C934	13		6	ああ、大丈夫
TWN_CAMP	00C941	17		8	たいした事ないよ
TWN_CAMP	00C95F	33		16	あれだけ痛めつけられたのにかよ？
TWN_CAMP	00C980	29		14	いくらなんでも、頑丈すぎるぜ
TWN_CAMP	00C99D	4		2	よ？
TWN_CAMP	00C9A1	31		15	それも、ドラゴンの力ってやつか
TWN_CAMP	00CA29	15		7	クレイメンの話
TWN_CAMP	00CA38	12		6	らないけど…
TWN_CAMP	00CA44	9		4	帝国の話
TWN_CAMP	00CA4D	6		3	ンの話
TWN_CAMP	00CA53	12		6	らないけど…
TWN_CAMP	00CA5F	11		5	話をやめる
TWN_CAMP	00CA77	39		19	クレイメンは『塔』を探してるらしいんだ
TWN_CAMP	00CAAC	13		6	塔、だと…？
TWN_CAMP	00CAC6	23		11	帝国軍の士官が言ってた
TWN_CAMP	00CADD	27		13	旧世紀を滅ぼした遣跡だって
TWN_CAMP	00CB05	39		19	そうか…えらいものに目をつけやがったな
TWN_CAMP	00CB2C	27		13	帝国の連中があわてるわけだ
TWN_CAMP	00CB47	12		5	<14>やがったな
TWN_CAMP	00CB60	33		16	塔には、すごい力があるらしいんだ
TWN_CAMP	00CB81	6		2	<!BD>たな
TWN_CAMP	00CB87	35		17	クレイメンの目当ても、それだと思う
TWN_CAMP	00CBB7	37		18	帝国軍も、ドラゴンを欲しがってたのか
TWN_CAMP	00CBDC	19		9	でも、どうして…？
TWN_CAMP	00CBFC	31		15	黒い艦隊と一戦まじえるためだろ
TWN_CAMP	00CC1B	39		19	連中もドラゴンを掘り出したらしいからな
TWN_CAMP	00CC4F	29		14	知ってるよ…一度、戦ったから
TWN_CAMP	00CC6C	37		18	そのドラゴンには、彼女が乗ってたんだ
TWN_CAMP	00CC91	2		1	な
TWN_CAMP	00CCA0	27		13	おまえが発掘所で見た女か？
TWN_CAMP	00CCBB	23		11	一体、何者なんだろうな
TWN_CAMP	00CCDF	37		18	連中、本格的に黒い艦隊を追い始めたぜ
TWN_CAMP	00CD04	2		1	な
TWN_CAMP	00CD6E	23		11	よう！ ひさしぶりだな
TWN_CAMP	00CD92	11		5	ガッシュ…
TWN_CAMP	00CD9D	27		13	一体、どういうことなんだ？
TWN_CAMP	00CDC5	13		6	まあ、待てよ
TWN_CAMP	00CDD2	25		12	アゼルを収容する方が先だ
TWN_CAMP	00CDEB	2		1	？
TWN_CAMP	00CDFA	13		6	収容…って…
TWN_CAMP	00CE14	27		13	彼女は、俺達にまかせてくれ
TWN_CAMP	00CE2F	19		9	悪いようにはしない
TWN_CAMP	00CE42	35		17	目覚めさせるための処置をするだけだ
TWN_CAMP	00CE67	2		1	な
TWN_CAMP	00CE76	23		11	わかった…よろしく頼む
TWN_CAMP	00CE9A	15		7	まかしとけって
TWN_CAMP	00CEA9	21		10	俺は、広場の方にいる
TWN_CAMP	00CEBE	29		14	話があるんだ…あとで来てくれ
TWN_CAMP	00CEE8	33		16	いきなり、そんなこと言われても…
TWN_CAMP	00CF16	39		19	でも、おまえ、彼女の扱い方知ってるか？
TWN_CAMP	00CF3D	23		11	このままだと、やばいぜ
TWN_CAMP	00CF54	16		7	<0D>方知ってるか？
TWN_CAMP	00CF71	33		16	あんたなら知ってるって言うのか？
TWN_CAMP	00CF9F	29		14	ああ、やっと調べがついたんだ
TWN_CAMP	00CFBC	4		1	<11>？
TWN_CAMP	00CFC0	31		15	ここは俺を信用してくれよ、な？
TWN_CAMP	00CFEC	23		11	わかった…よろしく頼む
TWN_CAMP	00D010	15		7	まかしとけって
TWN_CAMP	00D01F	21		10	俺は、広場の方にいる
TWN_CAMP	00D034	29		14	話があるんだ…あとで来てくれ
TWN_CAMP	00D05E	27		13	そうだ、こいつをとっときな
TWN_CAMP	00D086	15		7	金はいらねえよ
TWN_CAMP	00D095	37		18	おまえらがへたばると、俺も困るんでな
TWN_CAMP	00D0C7	13		6	ありがとう…
TWN_CAMP	00D0D4	35		17	でも、こんな物どこに持ってたんだ？
TWN_CAMP	00D0F7	31		15	荷物、なくしたんじゃないのか？
TWN_CAMP	00D123	7		3	へへ…
TWN_CAMP	00D12A	27		13	お宝は死んでも手放さねえよ
TWN_CAMP	00D152	27		13	そうだ、こいつをとっときな
TWN_CAMP	00D17A	15		7	金はいらねえよ
TWN_CAMP	00D189	37		18	おまえらがへたばると、俺も困るんでな
TWN_CAMP	00D1BB	13		6	ありがとう…
TWN_CAMP	00D1C8	35		17	でも、こんな物どこに持ってたんだ？
TWN_CAMP	00D1EB	31		15	荷物、なくしたんじゃないのか？
TWN_CAMP	00D217	7		3	へへ…
TWN_CAMP	00D21E	27		13	お宝は死んでも手放さねえよ
TWN_CAMP	00D246	27		13	そうだ、こいつをとっときな
TWN_CAMP	00D26E	15		7	金はいらねえよ
TWN_CAMP	00D27D	37		18	おまえらがへたばると、俺も困るんでな
TWN_CAMP	00D2AF	13		6	ありがとう…
TWN_CAMP	00D2BC	35		17	でも、こんな物どこに持ってたんだ？
TWN_CAMP	00D2DF	31		15	荷物、なくしたんじゃないのか？
TWN_CAMP	00D30B	7		3	へへ…
TWN_CAMP	00D312	27		13	お宝は死んでも手放さねえよ
TWN_CAMP	00D33A	27		13	砂漠は地下を通って越える…
TWN_CAMP	00D355	23		11	それがシーカーの鉄則だ
TWN_CAMP	00D36C	4		2	る…
TWN_CAMP	00D370	39		19	砂漠の攻性生物は、地上に住んでるからな
TWN_CAMP	00D3A4	29		14	地下を通るって…どうやって？
TWN_CAMP	00D3CE	17		8	方法は色々あるぜ
TWN_CAMP	00D3DF	12		5	<!AA>うやって？
TWN_CAMP	00D3EB	33		16	ワームの抜け穴、オアシスの水脈…
TWN_CAMP	00D40C	37		18	ガリル砂漠なら、でかい地下遣跡もある
TWN_CAMP	00D43E	35		17	とにかく、地下の通り道を探すことだ
TWN_CAMP	00D461	2		1	る
TWN_CAMP	00D470	33		16	遣跡の近くには、水がある事が多い
TWN_CAMP	00D491	39		19	砂漠のオアシスも、たいてい遣跡がらみだ
TWN_CAMP	00D4B9	29		14	で、うまい具合に水を抜けば…
TWN_CAMP	00D4D6	39		19	地下の水脈が、そのまま通り道になるのさ
TWN_CAMP	00D50A	33		16	オアシスも、地下の通り道になるぜ
TWN_CAMP	00D52B	6		3	るのさ
TWN_CAMP	00D531	33		16	まずは、水を抜かなきゃならんがな
TWN_CAMP	00D55F	39		19	砂漠の攻性生物はわりと手ごわいんだが…
TWN_CAMP	00D586	19		9	ワームだけは別だな
TWN_CAMP	00D599	37		18	たいした武器を持ってるわけじゃないし
TWN_CAMP	00D5BE	29		14	何より、抜け穴を作ってくれる
TWN_CAMP	00D5E8	13		6	抜け穴って？
TWN_CAMP	00D602	39		19	あいつら、砂漠を周回する習性があってな
TWN_CAMP	00D629	39		19	地下を掘り進んだ跡が、通り道になるのさ
TWN_CAMP	00D65D	37		18	ワームが作ってくれる、地下の通り道さ
TWN_CAMP	00D682	27		13	砂漠のあちこちに開いてるぜ
TWN_CAMP	00D69D	10		5	の通り道さ
TWN_CAMP	00D6B4	33		16	地下にある、ばかでかい遣跡の跡だ
TWN_CAMP	00D6D5	4		2	ンさ
TWN_CAMP	00D6D9	33		16	そこを抜ければ、砂漠を出られるぜ
TWN_CAMP	00D6FA	4		2	ンさ
TWN_CAMP	00D70B	27		13	遣跡？ 危険じゃないのか？
TWN_CAMP	00D733	33		16	なあに、ほとんどが死んだ空洞だよ
TWN_CAMP	00D754	39		19	地上の入□が、かろうじて生きてるだけさ
TWN_CAMP	00D788	37		18	死んだ遣跡の跡が、空洞になってるのさ
TWN_CAMP	00D7AD	27		13	そいつの入□が見つかれば…
TWN_CAMP	00D7C8	27		13	砂漠越えも終わりってわけだ
TWN_CAMP	00D7E3	10		4	<!BD>てるのさ
TWN_CAMP	00D7FA	37		18	おまえが追ってる、クレイメンって奴…
TWN_CAMP	00D81F	33		16	黒い艦隊を指揮してるって言ったな
TWN_CAMP	00D84D	21		10	何か知ってるのか！？
TWN_CAMP	00D86F	39		19	シーカーの間じゃ有名だぜ…あの艦隊は、
TWN_CAMP	00D896	35		17	独自に旧世紀の研究も進めてるらしい
TWN_CAMP	00D8B9	39		19	その指揮官ともなりゃ、相当やばい男だぜ
TWN_CAMP	00D8EE	23		11	特務部隊の指揮官なんだ
TWN_CAMP	00D905	16		8	)当やばい男だぜ
TWN_CAMP	00D916	29		14	そこらの軍人とはわけが違うぜ
TWN_CAMP	00D933	10		4	<!B0>い男だぜ
TWN_CAMP	00D94B	23		11	ひでえ国だぜ、あそこは
TWN_CAMP	00D962	39		19	旧世紀の力で、無敵の軍隊を作りやがった
TWN_CAMP	00D989	39		19	最初は、攻性生物相手に戦ってたんだが…
TWN_CAMP	00D9B0	31		15	そのうち、他の国を攻め出してな
TWN_CAMP	00D9CF	37		18	今じゃ、大陸のほとんどが帝国の領土さ
TWN_CAMP	00DA01	27		13	そういや、妙な噂を聞いたな
TWN_CAMP	00DA1C	35		17	内乱があって、帝都が壊滅したとか…
TWN_CAMP	00DA4C	13		6	ドラゴンか…
TWN_CAMP	00DA59	39		19	辺境じゃ、神様の使いって事になってるぜ
TWN_CAMP	00DA81	31		15	帝国は、逆に目の仇にしてるがな
TWN_CAMP	00DAAD	13		6	そうなのか？
TWN_CAMP	00DAC7	5		2	ああ
TWN_CAMP	00DACC	39		19	連中ドラゴンにはやられっぱなしだからな
TWN_CAMP	00DAF3	35		17	ドラゴンどうしの戦いに巻き込まれて
TWN_CAMP	00DB16	39		19	帝都の半分が焼けちまった事もあるそうだ
TWN_CAMP	00DB4B	39		19	人前で乗り回してると、色々めんどうだぜ
TWN_CAMP	00DB73	11		5	気をつけな
TWN_CAMP	00DB8B	11		5	旧世紀か…
TWN_CAMP	00DB96	39		19	辺境じゃ、神の時代だなんて言われてるが
TWN_CAMP	00DBBE	37		18	実際はどうだか、わかったもんじゃねえ
TWN_CAMP	00DBE3	13		6	考えてもみろ
TWN_CAMP	00DBF0	27		13	攻性生物も、帝国軍の武器も
TWN_CAMP	00DC0B	39		19	もともと旧世紀の連中が作った物なんだぜ
TWN_CAMP	00DC33	35		17	ずいぶん物騒な神様じゃねえか、え？
TWN_CAMP	00DC63	39		19	人間が、神様みたいな力を持ってた時代さ
TWN_CAMP	00DC8A	21		10	文明の力ってやつをな
TWN_CAMP	00DCAC	39		19	儀は、遣跡の発掘所を警備してたんだけど
TWN_CAMP	00DCD4	29		14	遣跡の事は、よく知らないんだ
TWN_CAMP	00DCF1	10		4	<1B>んだけど
TWN_CAMP	00DD09	35		17	帝国の連中だって、似たようなもんさ
TWN_CAMP	00DD2C	35		17	手当たりしだいに掘り返してるだけだ
TWN_CAMP	00DD4F	4		1	<14>ど
TWN_CAMP	00DD54	29		14	だから、時々えらいことになる
TWN_CAMP	00DD7E	27		13	えらいこと…って、どんな？
TWN_CAMP	00DDA6	31		15	眠った遣跡が目覚めちまうんだよ
TWN_CAMP	00DDC5	35		17	目覚めた遣跡は、何をするかわからん
TWN_CAMP	00DDE8	39		19	へたすりゃ、国ひとつ滅ぼしかねないのさ
TWN_CAMP	00DE1C	35		17	旧世紀のでかい建物…いや、機械かな
TWN_CAMP	00DE3F	37		18	何のために作られたのかは、誰も知らん
TWN_CAMP	00DE64	37		18	俺達にとっちゃ、宝物庫みたいなもんさ
TWN_CAMP	00DE96	33		16	あいつらも、旧世紀文明の残り物だ
TWN_CAMP	00DEB7	4		2	んさ
TWN_CAMP	00DEBB	33		16	今じゃ、世界中にはびこってやがる
TWN_CAMP	00DEDC	21		10	特に数が多い場所は…
TWN_CAMP	00DEF1	31		15	水源、森…それと遣跡の近くだな
TWN_CAMP	00DF1D	29		14	どうして、人間を襲うのかな？
TWN_CAMP	00DF47	31		15	たぶん、戦の道具だったんだろう
TWN_CAMP	00DF66	35		17	でなけりゃ、人間様に恨みがあるのさ
TWN_CAMP	00DF96	27		13	旧世紀が残した化け物どもさ
TWN_CAMP	00DFB1	33		16	なぜか、人間を目の仇にしてやがる
TWN_CAMP	00DFDF	31		15	シーカーって、一体何者なんだ？
TWN_CAMP	00E00B	37		18	盗っ人呼ばわりしたけりゃ、かまわんぜ
TWN_CAMP	00E03F	27		13	初めて会った時の事は謝るよ
TWN_CAMP	00E05A	33		16	隊長からそう聞いてたんで、つい…
TWN_CAMP	00E088	19		9	いいって、いいって
TWN_CAMP	00E09B	33		16	もともと、俺たちゃ嫌われ者なんだ
TWN_CAMP	00E0BC	4		2	んぜ
TWN_CAMP	00E0C2	35		17	神の領域を荒らす罰当たりってわけさ
TWN_CAMP	00E0E5	31		15	…実際は、そうでもないんだがな
TWN_CAMP	00E111	7		3	え…？
TWN_CAMP	00E125	29		14	旧世紀が神の時代だって話だよ
TWN_CAMP	00E142	35		17	たいていの連中が、そう信じてるがな
TWN_CAMP	00E165	31		15	…あれは、もっと恐ろしいもんだ
TWN_CAMP	00E184	4		1	<!9C>な
TWN_CAMP	00E188	25		12	帝国なんかより、ずっとな
TWN_CAMP	00E1AE	33		16	ま、世間様の評判なんて関係ないさ
TWN_CAMP	00E1CF	37		18	俺たちは、俺たちのやるべき事をやる…
TWN_CAMP	00E1F4	11		5	それだけだ
TWN_CAMP	00E1FF	26		12	<09>たちのやるべき事をやる…
TWN_CAMP	00E226	15		7	なあ、エッジ…
TWN_CAMP	00E235	35		17	一度、ドラゴンに乗せてくれないか？
TWN_CAMP	00E265	13		6	え？ でも…
TWN_CAMP	00E27F	23		11	頼む、一度でいいんだ！
TWN_CAMP	00E296	39		19	おまえの後ろで、おとなしくしてるから！
TWN_CAMP	00E2CA	19		9	…やめた方がいいよ
TWN_CAMP	00E2EA	23		11	ええっ？ なんでだよ！
TWN_CAMP	00E301	33		16	人間ふたりぐらい、軽いもんだろ？
TWN_CAMP	00E32F	31		15	途中で、戦いになるかもしれない
TWN_CAMP	00E34E	35		17	あんたを巻き込むわけにはいかないよ
TWN_CAMP	00E37E	9		4	…戦い？
TWN_CAMP	00E387	31		15	お、おどかそうったってだめだぜ
TWN_CAMP	00E3A6	4		1	<0D>よ
TWN_CAMP	00E3AA	39		19	ドラゴンがいりゃ、こわいものなしだろ？
TWN_CAMP	00E3D1	33		16	でも、まあ…今回はやめとこうかな
TWN_CAMP	00E3FF	13		6	あ、エッジ！
TWN_CAMP	00E40C	39		19	首尾はどうだった？ 塔には行けたのか？
TWN_CAMP	00E440	27		13	ちょ、ちょっと待ってくれよ
TWN_CAMP	00E45B	33		16	それより、なんであんたがここに…
TWN_CAMP	00E489	33		16	俺には、例の記録機械があるからな
TWN_CAMP	00E4AA	35		17	しかし、本物のドラゴンはすごいや！
TWN_CAMP	00E4CD	39		19	思い切って、街の外に出たかいがあったぜ
TWN_CAMP	00E4F5	23		11	…あれ、何の話だっけ？
TWN_CAMP	00E519	11		5	塔の話だよ
TWN_CAMP	00E524	39		19	…結局、ウルを越えることはできなかった
TWN_CAMP	00E54B	35		17	地下から行く道が、封印されてたんだ
TWN_CAMP	00E56E	4		1	<!BD>た
TWN_CAMP	00E57F	7		3	封印？
TWN_CAMP	00E586	31		15	そいつは、ちょうどよかったぜ！
TWN_CAMP	00E5B2	17		8	よかっただって？
TWN_CAMP	00E5C3	17		8	一体、何がだよ？
TWN_CAMP	00E5E1	13		6	あ、悪い悪い
TWN_CAMP	00E5EE	37		18	空から塔に行く方法が見つかったんでな
TWN_CAMP	00E620	37		18	でも、霧みたいなものが邪魔するって…
TWN_CAMP	00E652	39		19	だから、そいつの正体がわかったんだよ！
TWN_CAMP	00E679	39		19	あの霧は「メル=カヴァ」が作ってるんだ
TWN_CAMP	00E6AE	17		8	メル=カヴァ…？
TWN_CAMP	00E6CC	35		17	街の言い伝えに出てくる「神の車」さ
TWN_CAMP	00E6EF	31		15	実際は、旧世紀の防衛装置なんだ
TWN_CAMP	00E70E	4		2	」さ
TWN_CAMP	00E712	37		18	どうやら、旧世紀にも戦があったらしい
TWN_CAMP	00E737	25		12	塔をめぐる、でかい戦がな
TWN_CAMP	00E75D	15		7	塔をめぐる戦…
TWN_CAMP	00E76C	33		16	みんな、そんなに力が欲しいのか…
TWN_CAMP	00E79A	37		18	とにかく、そいつを壊せば霧は消えるぜ
TWN_CAMP	00E7C2	37		18	あ、どこにあるのか調べる方が先だな…
TWN_CAMP	00E7F4	29		14	え？ 場所がわからないのか？
TWN_CAMP	00E81E	29		14	だ、大丈夫、なんとかなるって
TWN_CAMP	00E83B	39		19	詳しい資料が街のどこかにあるはずなんだ
TWN_CAMP	00E863	35		17	でなきゃ、伝説が残るわけないからな
TWN_CAMP	00E893	31		15	メル=カヴァの資料なんだけど…
TWN_CAMP	00E8B2	39		19	神聖区のお偉い連中が隠してると思うんだ
TWN_CAMP	00E8DA	35		17	まさに、宝の持ちぐされってやつだな
TWN_CAMP	00E961	35		17	悪い悪い、空飛んだの初めてだからさ
TWN_CAMP	00E984	35		17	地面に降りたら、すぐ直っちまったよ
TWN_CAMP	00E9B4	31		15	俺、もう少しドラゴンを見てるよ
TWN_CAMP	00E9D3	31		15	大丈夫、ひとりでも戻れるからさ
TWN_CAMP	00E9FF	31		15	メル=カヴァの資料なんだけど…
TWN_CAMP	00EA1E	39		19	神聖区のお偉い連中が隠してると思うんだ
TWN_CAMP	00EA46	35		17	まさに、宝の持ちぐされってやつだな
TWN_CAMP	00EA76	31		15	俺、もう少しドラゴンを見てるよ
TWN_CAMP	00EA95	31		15	大丈夫、ひとりでも戻れるからさ
TWN_CAMP	00EAC1	31		15	メル=カヴァの資料なんだけど…
TWN_CAMP	00EAE0	39		19	神聖区のお偉い連中が隠してると思うんだ
TWN_CAMP	00EB08	35		17	まさに、宝の持ちぐされってやつだな
TWN_CAMP	00ECF6	15		7	…落ち着いた？
TWN_CAMP	00ED12	5		2	ええ
TWN_CAMP	00ED17	27		13	ごめんなさい…心配、かけて
TWN_CAMP	00ED3F	29		14	君は、あそこで生まれたんだね
TWN_CAMP	00ED69	23		11	私も、そう思っていた…
TWN_CAMP	00ED80	15		7	でも、違ったの
TWN_CAMP	00ED9C	7		3	え…？
TWN_CAMP	00EDB0	21		10	生まれたんじゃない…
TWN_CAMP	00EDC5	19		9	ただ、造られただけ
TWN_CAMP	00EDE4	17		8	…戻ろう、アゼル
TWN_CAMP	00EDF5	17		8	ガッシュ達だって
TWN_CAMP	00EEA7	7		3	塔の話
TWN_CAMP	00EEAE	4		2	める
TWN_CAMP	00EEB2	15		7	セストレンの話
TWN_CAMP	00EEC1	10		5	やしないさ
TWN_CAMP	00EECB	15		7	クレイメンの話
TWN_CAMP	00EEDA	10		5	やしないさ
TWN_CAMP	00EEE4	11		5	話をやめる
TWN_CAMP	00EEFC	7		3	塔が…
TWN_CAMP	00EF03	33		16	また、新しいしもべを造っている…
TWN_CAMP	00EF31	23		11	そんな事がわかるのか？
TWN_CAMP	00EF55	31		15	一度同調すると、伝わってくるの
TWN_CAMP	00EF74	19		9	…知りたくなくても
TWN_CAMP	00EF94	33		16	ここから、塔を止められないのか？
TWN_CAMP	00EFC2	25		12	だめ…じかに接続しないと
TWN_CAMP	00EFDB	15		7	でも、それは…
TWN_CAMP	00EFF7	19		9	うん…わかってるよ
TWN_CAMP	00F017	27		13	あの塔は、完全に目覚めたわ
TWN_CAMP	00F032	13		6	私のせいで…
TWN_CAMP	00F04C	37		18	セストレンって遣跡の事、知らないか？
TWN_CAMP	00F07E	31		15	名前くらいなら、入力されてるわ
TWN_CAMP	00F09D	29		14	でも、詳しいことはわからない
TWN_CAMP	00F0BA	37		18	私の役目は、塔の制御だけだったから…
TWN_CAMP	00F0EC	31		15	あなたも…扉を開いてほしいの？
TWN_CAMP	00F118	37		18	クレイメンの事は…気の毒だと思ってる
TWN_CAMP	00F14A	11		5	どうして？
TWN_CAMP	00F155	27		13	敵だったんでしょ、あなたの
TWN_CAMP	00F17D	25		12	最初はそう思ってたけど…
TWN_CAMP	00F196	27		13	正直、わからなくなったんだ
TWN_CAMP	00F1B1	10		4	<1F>思ってる
TWN_CAMP	00F1BB	37		18	いろんな人が、戦いで死んでいったけど
TWN_CAMP	00F1E0	2		1	)
TWN_CAMP	00F1E2	35		17	敵を倒せばすむってもんじゃなかった
TWN_CAMP	00F212	33		16	私にとっては、大切なひとだったの
TWN_CAMP	00F233	29		14	それだけは、わかってほしい…
TWN_CAMP	00F25D	27		13	なんだか、感じが変わったね
TWN_CAMP	00F278	15		7	…別人みたいだ
TWN_CAMP	00F287	12		5	<!9C>変わったね
TWN_CAMP	00F2A0	7		3	え…？
TWN_CAMP	00F2B4	29		14	前は、もっと冷たい感じだった
TWN_CAMP	00F2D1	35		17	とりつくしまがなかったって言うか…
TWN_CAMP	00F301	23		11	本当は、それが普通なの
TWN_CAMP	00F318	35		17	でも、私は、規格外のドローンだから
TWN_CAMP	00F348	9		4	規格外？
TWN_CAMP	00F35E	5		2	そう
TWN_CAMP	00F363	27		13	塔と同調するための、特別製
TWN_CAMP	00F37E	29		14	だから、物思う力が強すぎる…
TWN_CAMP	00F3A8	9		4	ふうん…
TWN_CAMP	00F3B1	33		16	儀は、今の方が普通だと思うけどな
TWN_CAMP	00F3D2	7		3	………
TWN_CAMP	00F3E6	5		2	あ…
TWN_CAMP	00F3EB	23		11	何か、まずい事言った？
TWN_CAMP	00F40F	7		3	違うの
TWN_CAMP	00F416	33		16	どう答えたらいいか、わからなくて
TWN_CAMP	00F437	31		15	確かに、何かを感じたんだけど…
TWN_CAMP	00F463	9		4	そうか…
TWN_CAMP	00F46C	35		17	そのうちわかるようになるよ、きっと
TWN_CAMP	00F49C	31		15	規格外品の思考は、人間に近いの
TWN_CAMP	00F4BB	19		9	でも、身体は違う…
TWN_CAMP	00F4DB	25		12	どうやって同調してるの？
TWN_CAMP	00F501	17		8	同調って、何と？
TWN_CAMP	00F51F	19		9	あなたのドラゴンと
TWN_CAMP	00F53F	27		13	儀には、そんな事できないよ
TWN_CAMP	00F55A	21		10	普通に乗ってるだけさ
TWN_CAMP	00F57C	7		3	でも…
TWN_CAMP	00F583	39		19	あなたは、普通の人間と違う感じがする…
TWN_CAMP	00F5AA	27		13	力が目覚めたから、わかるの
TWN_CAMP	00F5D2	39		19	あなたとドラゴンの間に、何かを感じるの
TWN_CAMP	00F5F9	29		14	命のつながりのようなものを…
TWN_CAMP	00F648	15		7	もう、大丈夫…
TWN_CAMP	00F657	19		9	逃げたりしないから
TWN_CAMP	00F677	27		13	よくしてくれた人もいたのに
TWN_CAMP	00F692	29		14	塔のせいで、死んでしまったわ
TWN_CAMP	00F6AF	25		12	あの子も…もう、いない…
TWN_CAMP	00F6FA	35		17	私は、地の底で何千年も眠っていたわ
TWN_CAMP	00F71D	35		17	あのひとが目覚めさせてくれるまで…
TWN_CAMP	00F740	21		10	でも、その闇の中で…
TWN_CAMP	00F755	29		14	あなたを見たような気がするの
TWN_CAMP	00F77F	35		17	儀らは、発掘所で一度会ってるんだよ
TWN_CAMP	00F7A2	35		17	まだ、儀が帝国に雇われてたころにね
TWN_CAMP	00F7D2	21		10	夢を見てから、何か…
TWN_CAMP	00F7E7	21		10	ふしぎな感じがする…
TWN_CAMP	00F809	25		12	え？ 具合が悪いのかい？
TWN_CAMP	00F82F	37		18	違うわ…そういう時は、すぐわかるから
TWN_CAMP	00F861	9		4	ふうん…
TWN_CAMP	00F86A	25		12	塔とつながったせいかな？
TWN_CAMP	00F883	7		3	………
TWN_CAMP	00F897	11		5	あ…ごめん
TWN_CAMP	00F8AF	29		14	いいの…たぶん、そうだと思う
TWN_CAMP	00F8D9	19		9	…で、どんな感じ？
TWN_CAMP	00F8F9	39		19	眠っていた機能を、無理に開かれたみたい
TWN_CAMP	00F920	25		12	苦しいわけじゃないけど…
TWN_CAMP	00F939	11		5	少し…怖い
TWN_CAMP	00F951	35		17	少し前まで、たくさん人がいたのに…
TWN_CAMP	00F981	31		15	塔に行くのは、今でも怖いけど…
TWN_CAMP	00F9A0	33		16	何もわからないままでいたくないの
TWN_CAMP	00F9CE	35		17	少し前まで、たくさん人がいたのに…
TWN_CAMP	00F9FE	31		15	塔に行くのは、今でも怖いけど…
TWN_CAMP	00FA1D	33		16	何もわからないままでいたくないの
TWN_CAMP	00FA4B	21		10	夢を見てから、何か…
TWN_CAMP	00FA60	21		10	ふしぎな感じがする…
TWN_CAMP	00FA82	25		12	え？ 具合が悪いのかい？
TWN_CAMP	00FAA8	37		18	違うわ…そういう時は、すぐわかるから
TWN_CAMP	00FADA	9		4	ふうん…
TWN_CAMP	00FAE3	25		12	塔とつながったせいかな？
TWN_CAMP	00FAFC	7		3	………
TWN_CAMP	00FB10	11		5	あ…ごめん
TWN_CAMP	00FB28	29		14	いいの…たぶん、そうだと思う
TWN_CAMP	00FB52	19		9	…で、どんな感じ？
TWN_CAMP	00FB72	39		19	眠っていた機能を、無理に開かれたみたい
TWN_CAMP	00FB99	25		12	苦しいわけじゃないけど…
TWN_CAMP	00FBB2	11		5	少し…怖い
TWN_CAMP	00FBCA	35		17	少し前まで、たくさん人がいたのに…
TWN_CAMP	00FBFA	31		15	塔に行くのは、今でも怖いけど…
TWN_CAMP	00FC19	33		16	何もわからないままでいたくないの
TWN_CAMP	00FC47	35		17	少し前まで、たくさん人がいたのに…
TWN_CAMP	00FC77	31		15	塔に行くのは、今でも怖いけど…
TWN_CAMP	00FC96	33		16	何もわからないままでいたくないの
TWN_CAMP	00FCE9	15		7	キャンプを出る
TWN_CAMP	00FCF8	7		3	やめる
TWN_CAMP	00FCFF	15		7	キャンプを出る
TWN_CAMP	00FD0E	11		5	朝まで待つ
TWN_CAMP	00FD19	7		3	やめる
TWN_CAMP	00FD20	15		7	キャンプを出る
TWN_CAMP	00FD2F	11		5	夜まで待つ
TWN_CAMP	00FD3A	7		3	やめる
TWN_CAMP	00FD41	15		7	キャンプを出る
TWN_CAMP	00FD50	19		9	シーカーの里に行く
TWN_CAMP	00FD63	7		3	やめる
TWN_CAMP	00FD6A	15		7	キャンプを出る
TWN_CAMP	00FD79	19		9	シーカーの里に行く
TWN_CAMP	00FD8C	11		5	朝まで待つ
TWN_CAMP	00FD97	7		3	やめる
TWN_CAMP	00FD9E	15		7	キャンプを出る
TWN_CAMP	00FDAD	19		9	シーカーの里に行く
TWN_CAMP	00FDC0	11		5	夜まで待つ
TWN_CAMP	00FDCB	7		3	やめる
TWN_CAMP	00FE78	21		10	これまでの記録をとる
TWN_CAMP	00FE8D	11		5	記録しない
TWN_CAMP	01010F	13		6	名前をつける
TWN_CAMP	01011C	15		7	ドラゴンでいい
TWN_CAMP	01012B	7		3	やめる
TWN_CAMP	010226	9		4	なだめる
TWN_CAMP	01022F	9		4	無視する
TWN_CAMP	010238	13		6	にらみつける
TWN_CAMP	0102A4	11		5	叱りつける
TWN_CAMP	0102AF	15		7	じっと見つめる
TWN_CAMP	0102BE	9		4	無視する
TWN_CAMP	010324	15		7	じっと見つめる
TWN_CAMP	010333	9		4	無視する
TWN_CAMP	01033C	11		5	笑いかける
TWN_CAMP	01037F	11		5	体に触れる
TWN_CAMP	01038A	11		5	笑いかける
TWN_CAMP	010395	13		6	にらみつける
TWN_CAMP	010413	11		5	笑いかける
TWN_CAMP	01041E	9		4	無視する
TWN_CAMP	010427	11		5	体に触れる
TWN_CAMP	0125A6	26		12	ロ<01>(   ！！！   )
TWN_CAMP	013044	3		1	)
TWN_CAMP	013061	3		1	)
TWN_CAMP	01307E	3		1	)
TWN_CAMP	01309B	3		1	)
TWN_CAMP	0130B8	3		1	)
TWN_CAMP	0130D5	3		1	)
TWN_CAMP	0130F2	3		1	)
TWN_CAMP	01310F	3		1	)
TWN_CAMP	01312C	3		1	)
TWN_CAMP	013147	3		1	)
TWN_CAMP	013164	3		1	)
TWN_CAMP	013181	3		1	)
TWN_CAMP	01319E	3		1	)
TWN_CAMP	0131BB	3		1	)
TWN_CAMP	0131D8	3		1	)
TWN_CAMP	0131F5	3		1	)
TWN_CAMP	013212	3		1	)
TWN_CAMP	01322F	3		1	)
TWN_CAMP	01324A	3		1	)
TWN_CAMP	013265	3		1	)
TWN_CAMP	013282	3		1	)
TWN_CAMP	01329F	3		1	)
TWN_CAMP	0132BC	3		1	)
TWN_CAMP	0132D9	3		1	)
TWN_CAMP	0132F6	3		1	)
TWN_CAMP	013313	3		1	)
TWN_CAMP	013330	3		1	)
TWN_CAMP	01334D	3		1	)
TWN_CAMP	013368	3		1	)
TWN_CAMP	013385	3		1	)
TWN_CAMP	0133A2	3		1	)
TWN_CAMP	0133BF	3		1	)
TWN_CAMP	0133DC	3		1	)
TWN_CAMP	0133F9	3		1	)
TWN_CAMP	013416	3		1	)
TWN_CAMP	013433	3		1	)
TWN_CAMP	013450	3		1	)
TWN_CAMP	01346B	3		1	)
TWN_CAMP	013486	3		1	)
TWN_CAMP	0134A3	3		1	)
TWN_CAMP	0134C0	3		1	)
TWN_CAMP	0134DD	3		1	)
TWN_CAMP	0134FA	3		1	)
TWN_CAMP	013517	3		1	)
TWN_CAMP	013534	3		1	)
TWN_CAMP	013551	3		1	)
TWN_CAMP	01356E	3		1	)
TWN_CAMP	013589	3		1	)
TWN_CAMP	0135A6	3		1	)
TWN_CAMP	0135C3	3		1	)
TWN_CAMP	0135E0	3		1	)
TWN_CAMP	0135FD	3		1	)
TWN_CAMP	01361A	3		1	)
TWN_CAMP	013637	3		1	)
TWN_CAMP	013654	3		1	)
TWN_CAMP	013671	3		1	)
TWN_CAMP	01368C	3		1	)
TWN_CAMP	0136A7	3		1	)
TWN_CAMP	0136C4	3		1	)
TWN_CAMP	0136E1	3		1	)
TWN_CAMP	0136FE	3		1	)
TWN_CAMP	01371B	3		1	)
TWN_CAMP	013738	3		1	)
TWN_CAMP	013755	3		1	)
TWN_CAMP	013772	3		1	)
TWN_CAMP	01378F	3		1	)
TWN_CAMP	0137AA	3		1	)
TWN_CAMP	0137C7	3		1	)
TWN_CAMP	0137E4	3		1	)
TWN_CAMP	013801	3		1	)
TWN_CAMP	01381E	3		1	)
TWN_CAMP	01383B	3		1	)
TWN_CAMP	013858	3		1	)
TWN_CAMP	013875	3		1	)
TWN_CAMP	013892	3		1	)
TWN_CAMP	0138AD	3		1	)
TWN_CAMP	013DFE	3		1	)
TWN_CAMP	013E19	3		1	)
TWN_CAMP	013E20	20		9	●●●●●●●●●<03>
TWN_CAMP	013E34	3		1	)
TWN_CAMP	013E4F	3		1	)
TWN_CAMP	013E6A	3		1	)
TWN_CAMP	013E85	3		1	)
TWN_CAMP	013E8C	20		9	●●●●●●●●●<03>
TWN_CAMP	013EA0	3		1	)
TWN_CAMP	013EBB	3		1	)
TWN_CAMP	013ED6	3		1	)
TWN_CAMP	013EF1	3		1	)
TWN_CAMP	013EF8	20		9	●●●●●●●●●<03>
TWN_CAMP	013F0C	3		1	)
TWN_CAMP	013F27	3		1	)
TWN_CAMP	013F42	3		1	)
TWN_CAMP	013F5D	3		1	)
TWN_CAMP	013F78	3		1	)
TWN_CAMP	013F7F	20		9	●●●●●●●●●<03>
TWN_CAMP	013F93	3		1	)
TWN_CAMP	013FAE	3		1	)
TWN_CAMP	013FC9	3		1	)
TWN_CAMP	013FE4	3		1	)
TWN_CAMP	013FEB	20		9	●●●●●●●●●<03>
TWN_CAMP	013FFF	3		1	)
TWN_CAMP	01401A	3		1	)
TWN_CAMP	014035	3		1	)
TWN_CAMP	014050	3		1	)
TWN_CAMP	014057	20		9	●●●●●●●●●<03>
TWN_CAMP	01406B	3		1	)
TWN_CAMP	014086	3		1	)
TWN_CAMP	0140A1	3		1	)
TWN_CAMP	0140BC	3		1	)
TWN_CAMP	0140D9	3		1	)
TWN_CAMP	0140F6	3		1	)
TWN_CAMP	014113	3		1	)
TWN_CAMP	014130	3		1	)
TWN_CAMP	01414D	3		1	)
TWN_CAMP	01416A	3		1	)
TWN_CAMP	014187	3		1	)
TWN_CAMP	0141A4	3		1	)
TWN_CAMP	0141BF	3		1	)
TWN_CAMP	0141DC	3		1	)
TWN_CAMP	0141F9	3		1	)
TWN_CAMP	014216	3		1	)
TWN_CAMP	014233	3		1	)
TWN_CAMP	014250	3		1	)
TWN_CAMP	01426D	3		1	)
TWN_CAMP	01428A	3		1	)
TWN_CAMP	0142A7	3		1	)
TWN_CAMP	0142C2	3		1	)
TWN_CAMP	0142DF	3		1	)
TWN_CAMP	0142FC	3		1	)
TWN_CAMP	014319	3		1	)
TWN_CAMP	014336	3		1	)
TWN_CAMP	014353	3		1	)
TWN_CAMP	014370	3		1	)
TWN_CAMP	01438D	3		1	)
TWN_CAMP	0143AA	3		1	)
TWN_CAMP	0143C5	3		1	)
TWN_CAMP	0143E2	3		1	)
TWN_CAMP	0143FF	3		1	)
TWN_CAMP	01441C	3		1	)
TWN_CAMP	014439	3		1	)
TWN_CAMP	014456	3		1	)
TWN_CAMP	014473	3		1	)
TWN_CAMP	014490	3		1	)
TWN_CAMP	0144AD	3		1	)
TWN_CAMP	0144C8	3		1	)
TWN_CAMP	0144E3	3		1	)
TWN_CAMP	014500	3		1	)
TWN_CAMP	01451D	3		1	)
TWN_CAMP	01453A	3		1	)
TWN_CAMP	014557	3		1	)
TWN_CAMP	014574	3		1	)
TWN_CAMP	014591	3		1	)
TWN_CAMP	0145AE	3		1	)
TWN_CAMP	0145CB	3		1	)
TWN_CAMP	0145E6	3		1	)
TWN_CAMP	014603	3		1	)
TWN_CAMP	014620	3		1	)
TWN_CAMP	01463D	3		1	)
TWN_CAMP	01465A	3		1	)
TWN_CAMP	014677	3		1	)
TWN_CAMP	014694	3		1	)
TWN_CAMP	0146B1	3		1	)
TWN_CAMP	0146CE	3		1	)
TWN_CAMP	0146E9	3		1	)
TWN_CAMP	014706	3		1	)
TWN_CAMP	014723	3		1	)
TWN_CAMP	014740	3		1	)
TWN_CAMP	01475D	3		1	)
TWN_CAMP	01477A	3		1	)
TWN_CAMP	014797	3		1	)
TWN_CAMP	0147B4	3		1	)
TWN_CAMP	0147D1	3		1	)
TWN_CAMP	0147EC	3		1	)
TWN_CAMP	014809	3		1	)
TWN_CAMP	014826	3		1	)
TWN_CAMP	014843	3		1	)
TWN_CAMP	014860	3		1	)
TWN_CAMP	01487D	3		1	)
TWN_CAMP	01489A	3		1	)
TWN_CAMP	0148B7	3		1	)
TWN_CAMP	0148D4	3		1	)
TWN_CAMP	0294E4	75		36	回復を話旧するが世い紀を遣けている。\n跡はエッジに男俺を連すと実に仲える。\n
TWN_CAMP	02952F	189		90	エッジは、キャラバンとの間会との\n後砂から「ゾア」と漠ばれる向の\n別合を流る。\n越きな向ならば、クレイメン頼回に\n方する教がかりがつかめるかも\nしれない。\n \n(大丈夫・理考セリフ直み何み知抜)\n
TWN_CAMP	0295EC	206		99	キャラバンのリーダーに後ったエッジ。\nリーダーから、エッジが穴っている地下の\n頼回(クレイメン頼回)は不思議声\n(ゲオルギウス)へと出かったのでは\nないかとの砂を部く。\n \n(大丈夫・理考デモイベント品取知抜)\n
TWN_CAMP	0296BA	315		152	言発の掘会から砂を部くエッジ。\nこの少くには「来」と漠ばれる半分があり\nクレイメン頼回はそこに出かったという。\nこの向に間んでいるパエットという目が、\n来の当を持しく流っているらしい。\nエッジは、その目が金いたという来の悪を\n教に手れる。そこには、ドラゴンが旧せた\n貸と相じ棒一があった。\n \n(大丈夫・理考緒助借身知抜)\n
TWN_CAMP	0297F5	223		107	クレイメンが出かった半分「来」の\n発事を流っているという目・パエット。\n跡は、来の痛頑を塔えるかわりに、\nゲオルギウスと漠ばれる発事から\n探軍士の官滅中欲を黒ってくるよう\nエッジに艦じる。\n \n(大丈夫・理考イベントで隊戦知抜)\n
TWN_CAMP	0298D4	163		78	ゲオルギウスから黒ってきた中欲を\nパエットに旧せるエッジ。\nしかし、パエットはそれに度彼せず、\n女乗ゲオルギウス所きを艦じる。\n \n(大丈夫・理考イベントで隊戦知抜)\n
TWN_CAMP	029977	254		122	女び見ったエッジに、うってかわって\nなれなれしく者するパエット。\n跡は、エッジがドラゴン本りである\nことを格き思めたのだ。\nすっかり的追始になったパエットは、\n互命した半分「ウル」の男恩に\n来への人戻があるらしいと待る。\n \n(大丈夫・理考イベントで隊戦知抜)\n
TWN_CAMP	029A75	231		111	ゾアの向に地下収の容先が達れ、\n向は処置の広場にさらされる。\n扱調エッジは、パエットの信であり\n向の用追先であるバイマンという目の\n困荷を遣け、宝ざされた死放間通議鉄\n「則上議」への人所住を法る。\n \n(大丈夫・理考イベントで隊戦知抜)\n
TWN_CAMP	029B5C	307		148	エッジに地下収を色々させたバイマンは\nその水によって脈道近多の具につく。\nバイマンは、武器になれば「半作」を\n旧せることができるとエッジに待る。\n扱調、パエットは、死周習武の目から\n進った教開をエッジに連す。\nそれには、「危険、空洞入のある□発で\n荷つ」とだけ終されていた。\n \n(大丈夫・理考イベントで隊戦知抜)\n
TWN_CAMP	029C8F	159		76	パエットは、死周習武の目から進った\n教開をエッジに連す。\nそれには、「危険、空洞入のある□発で\n荷つ」とだけ終されていた。\n \n(大丈夫・理考セリフ直み何み知抜)\n
TWN_CAMP	029D2E	297		143	□発ではクレイメンが荷っていたが、\nエッジを奴けようとしたパエットの\n指手によって後旧は洞揮してしまい、\nクレイメンの有名は習武のままとなる。\n脈の独、バイマンは、塔後の上自の研を\nエッジに連す。そこに、向の半作である\n「『特り務』の務違」が敵最されて\nいるという。\n \n(大丈夫・ムービー初で隊戦知抜)\n
TWN_CAMP	029E57	151		72	バイマンは、塔後の上自の研を\nエッジに連す。そこに、向の半作である\n「『特り務』の務違」が敵最されて\nいるという。\n \n(大丈夫・理考セリフ直み何み知抜)\n
TWN_CAMP	029EEE	223		107	「特り務」の務違に他れたエッジの\n今陸に、メル領カヴァの貸が土妙する。\nメル領カヴァとは、来の噂空を聞内する\n乱越なバリア話都壊最だった。\nこの貸から、エッジはメル領カヴァの\n発事を流る。\n \n(大丈夫・理考イベントで隊戦知抜)\n
TWN_CAMP	029FCD	194		93	キャラバンを辺れたエッジの陸に、\nガッシュの容いのシーカーが達れた。\n跡の砂によると、ガッシュは\n「シーカーの境」と漠ばれる発事で\nエッジを荷っているという。\n \n(大丈夫・理考セリフ直み何み知抜)\n
TWN_CAMP	02A08F	237		114	神いに紀ついたシーカー様から、\nアゼルが使を逆したと部かされるエッジ。\n「仇み会」ザドクは、アゼルの所き巻は\nウルの男恩だと込焼する。なぜなら、\nドラゴン相前、跡気もウルのプラントで\n時代されたからだ。\n \n(大丈夫・理考セリフ直み何み知抜)\n
TWN_CAMP	02AA50	7		3	回復話
TWN_CAMP	02AA57	23		11	旧で世っている紀を遣う
TWN_CAMP	02AA6E	23		11	世跡男俺な連実仲を世る
TWN_CAMP	02AA85	31		15	旧で世っている間のパーツを遣う
TWN_CAMP	02AAA4	25		12	会実ちの間のパーツを世る
TWN_CAMP	02AABD	21		10	後砂／世跡の漠り向え
TWN_CARA	0038AB	15		6	)<1D><1A><01>キャラバン
TWN_CARA	0038F2	17		8	ゲームを終了する
TWN_CARA	003903	11		5	夜まで待つ
TWN_CARA	00390E	7		3	やめる
TWN_CARA	003915	17		8	ゲームを終了する
TWN_CARA	003926	11		5	朝まで待つ
TWN_CARA	003931	7		3	やめる
TWN_CARA	003938	17		8	キャラバンを出る
TWN_CARA	003949	11		5	夜まで待つ
TWN_CARA	003954	7		3	やめる
TWN_CARA	00395B	17		8	キャラバンを出る
TWN_CARA	00396C	11		5	朝まで待つ
TWN_CARA	003977	7		3	やめる
TWN_CARA	00397E	17		8	キャラバンを出る
TWN_CARA	00398F	7		3	やめる
TWN_CARA	003996	9		4	中に入る
TWN_CARA	00399F	7		3	やめる
TWN_CARA	0039C5	9		4	中に入る
TWN_CARA	0039CE	7		3	やめる
TWN_CARA	0039F4	9		4	中に入る
TWN_CARA	0039FD	7		3	やめる
TWN_CARA	003CE9	9		4	外に出る
TWN_CARA	003CF2	7		3	やめる
TWN_CARA	003E3D	9		4	外に出る
TWN_CARA	003E46	7		3	やめる
TWN_CARA	00400B	9		4	外に出る
TWN_CARA	004014	7		3	やめる
TWN_CARA	004187	19		9	そいつは燦光石だよ
TWN_CARA	00419A	27		13	攻性生物の体の中に入っとる
TWN_CARA	0041B5	39		19	辺境じゃ、それが金の代わりになるわけだ
TWN_CARA	005CEF	7		2	<09>\n<07>み術
TWN_CARA	005CFB	19		13	<09>\n<07>)<!CC><01>イスーキスゆゆらもョ。ォ
TWN_CARA	005D0E	37		18	ワシらは、荒れ果てた故郷を捨てたんだ
TWN_CARA	005D34	37		18	攻性生物どもに追い立てられるようにな
TWN_CARA	005D59	39		19	新天地を求めて、ここまで旅してきたが…
TWN_CARA	005D80	31		15	いまや、生き残りはワシらだけだ
TWN_CARA	005D9F	8		3	<12>たが…
TWN_CARA	005DB4	39		19	ガッシュの事は、ワシらもよく知らんのだ
TWN_CARA	005DDC	25		12	つかみどころのない男だよ
TWN_CARA	005DF5	37		18	ま、シーカーはみんなそんなもんだがな
TWN_CARA	005E27	33		16	旅人との取り引きも、大事な仕事だ
TWN_CARA	005E48	4		1	<!9C>な
TWN_CARA	005E4C	35		17	狩りだけでは生計が立てられんからな
TWN_CARA	005E99	35		17	申し遅れたが、ワシの名はアンユウだ
TWN_CARA	005EBC	2		1	な
TWN_CARA	005EBE	31		15	ここには、気軽に立ち寄ってくれ
TWN_CARA	005EDD	37		18	ただし、めんどうは持ち込まんでくれよ
TWN_CARA	005F02	39		19	ワシらも、あんたの事情には□をはさまん
TWN_CARA	005F36	37		18	ワシらは、荒れ果てた故郷を捨てたんだ
TWN_CARA	005F5B	2		1	ん
TWN_CARA	005F5D	37		18	攻性生物どもに追い立てられるようにな
TWN_CARA	005F82	39		19	新天地を求めて、ここまで旅してきたが…
TWN_CARA	005FA9	31		15	いまや、生き残りはワシらだけだ
TWN_CARA	005FC8	8		3	<12>たが…
TWN_CARA	005FDD	39		19	ガッシュの事は、ワシらもよく知らんのだ
TWN_CARA	006005	25		12	つかみどころのない男だよ
TWN_CARA	00601E	37		18	ま、シーカーはみんなそんなもんだがな
TWN_CARA	006050	33		16	旅人との取り引きも、大事な仕事だ
TWN_CARA	006071	4		1	<!9C>な
TWN_CARA	006075	35		17	狩りだけでは生計が立てられんからな
TWN_CARA	0060EB	31		15	最近、ドラゴンの噂をよく聞くな
TWN_CARA	00610A	25		12	帝国軍と戦っているらしい
TWN_CARA	006123	15		7	ありがたい事だ
TWN_CARA	006132	10		4	<0D>るらしい
TWN_CARA	006149	23		11	…そういうものなのか？
TWN_CARA	00616D	23		11	なんだ、不信心な奴だな
TWN_CARA	006184	29		14	これをやるから、少し勉強しろ
TWN_CARA	00623A	23		11	バイカから話は聞いたよ
TWN_CARA	006251	27		13	あんたは、息子の命の恩人だ
TWN_CARA	00626C	8		3	<17>い…)
TWN_CARA	006274	31		15	お礼に、これを受け取ってほしい
TWN_CARA	006293	31		15	このキャラバンで一番高価な物だ
TWN_CARA	0062B2	4		2	…)
TWN_CARA	0062DA	23		11	バイカから話は聞いたよ
TWN_CARA	0062F1	27		13	あんたは、息子の命の恩人だ
TWN_CARA	00630C	4		1	<!F8>だ
TWN_CARA	006310	4		2	…)
TWN_CARA	006314	31		15	お礼に、これを受け取ってほしい
TWN_CARA	006333	31		15	このキャラバンで一番高価な物だ
TWN_CARA	006352	4		2	…)
TWN_CARA	0063A9	25		12	なかなかいい狩りだった…
TWN_CARA	0063C2	33		16	これで、しばらくは食っていけるな
TWN_CARA	0063F0	39		19	バラした獲物は、バイカにも回しておいた
TWN_CARA	006417	29		14	奴のテントに行ってみるといい
TWN_CARA	006434	29		14	何かこしらえとるかもしれんぞ
TWN_CARA	006451	10		4	<17>ておいた
TWN_CARA	006468	31		15	これほどの獲物が手に入るとはな
TWN_CARA	006487	31		15	ドラゴンの加護があったのだろう
TWN_CARA	0064B3	31		15	息子を甘やかすわけではないが…
TWN_CARA	0064D2	39		19	こいつには静かな暮らしを与えてやりたい
TWN_CARA	006506	31		15	若いうちは、一人旅もいいだろう
TWN_CARA	006525	15		7	だが、いつかは
TWN_CARA	006534	33		16	何かを残したくなる時が来るものだ
TWN_CARA	006555	6		3	りたい
TWN_CARA	00655B	23		11	自分が生きた証としてな
TWN_CARA	00657F	33		16	結局、ワシは薬を持ち帰れなかった
TWN_CARA	0065A0	39		19	息子が助かったのは、あんたのおかげだよ
TWN_CARA	0065D4	29		14	ワシの息子が死んでしまった…
TWN_CARA	0065F1	27		13	メッカニア熱にやられたんだ
TWN_CARA	00660C	2		1	…
TWN_CARA	00661B	31		15	あの焼け跡が、何だかわかるか？
TWN_CARA	00663A	25		12	ゾアの森のなれの果てだ…
TWN_CARA	006653	29		14	帝国に焼かれてしまったんだ！
TWN_CARA	00667D	35		17	ワシらの希望は灰になってしまった…
TWN_CARA	0066A0	37		18	息子が助かったのが、せめてもの救いだ
TWN_CARA	0066C5	2		1	よ
TWN_CARA	0066D4	21		10	息子も死んでしまった
TWN_CARA	0066E9	31		15	ゾアに根を下ろす望みも絶たれた
TWN_CARA	006708	31		15	…我が一族も、これで終わりか…
TWN_CARA	006734	33		16	ワシらの目的地は消えてしまった…
TWN_CARA	006755	25		12	だが、旅は続けねばならん
TWN_CARA	00676E	39		19	まともに暮らせる土地を見つけるまではな
TWN_CARA	0067A2	35		17	ワシには、皆の安全を守る義務がある
TWN_CARA	0067C5	29		14	いつまでも悲しんではおれんよ
TWN_CARA	0067EF	27		13	ここは、まだ森に近すぎる…
TWN_CARA	00680A	33		16	帝国の影がある土地には留まれんよ
TWN_CARA	006838	39		19	あの乗り物は、この近くに落ちとったんだ
TWN_CARA	006860	27		13	少年がひとり乗っとったが…
TWN_CARA	00687B	35		17	見つけた時には、もう手遅れだったよ
TWN_CARA	00689E	37		18	どこの誰かは知らんが無茶をしたものだ
TWN_CARA	0068D3	35		17	ラウルから、昔の話を聞いたらしいな
TWN_CARA	006903	7		3	…ああ
TWN_CARA	006917	37		18	すまんが、奴の事は□外せんでくれんか
TWN_CARA	00693C	29		14	よそとの付き合いもあるんでな
TWN_CARA	006966	15		7	構わないけど…
TWN_CARA	006975	33		16	だったら、どうして雇ってるんだ？
TWN_CARA	0069A3	25		12	別に好きで雇っとりゃせん
TWN_CARA	0069BC	33		16	なんせ、帝国に関わった男だからな
TWN_CARA	0069DD	39		19	だがな…見ての通り、貧しいキャラバンだ
TWN_CARA	006A05	27		13	選り好みなどしちゃおれんよ
TWN_CARA	0093A7	31		15	何かあったら、また寄ってくれよ
TWN_CARA	0093D3	31		15	何かあったら、また寄ってくれよ
TWN_CARA	0093FF	25		12	なんだ、取り引きなしかい
TWN_CARA	009425	25		12	なんだ、取り引きなしかい
TWN_CARA	00943E	13		6	取り引きする
TWN_CARA	00944B	9		4	話をする
TWN_CARA	009482	29		14	発掘品の加工が、俺の仕事でね
TWN_CARA	00949F	31		15	よかったら、買っていってくれよ
TWN_CARA	0094CB	39		19	攻性生物の体は、爪の先まで役立つもんさ
TWN_CARA	0094F2	29		14	内臓は薬になるし、塩もとれる
TWN_CARA	00950F	37		18	天敵であると同時に、生活の糧なんだよ
TWN_CARA	009541	25		12	代金を払いに来たのかい？
TWN_CARA	00955A	37		18	帝国の金なんか、こっちからお断りだよ
TWN_CARA	00958C	29		14	もう、ろくな物は残ってないよ
TWN_CARA	0095CC	13		6	取り引きする
TWN_CARA	0095D9	9		4	話をする
TWN_CARA	0095EF	21		10	あんた、旅の人だろ？
TWN_CARA	009604	29		14	俺の名はバイカだ、よろしくな
TWN_CARA	009621	37		18	何かいい品物があったら、見せてくれよ
TWN_CARA	009646	15		7	高く買い取るぜ
TWN_CARA	009655	22		10	<0C>ったら、見せてくれよ
TWN_CARA	0096A3	13		6	取り引きする
TWN_CARA	0096B0	9		4	話をする
TWN_CARA	0096F1	13		6	取り引きする
TWN_CARA	0096FE	9		4	話をする
TWN_CARA	00973F	13		6	取り引きする
TWN_CARA	00974C	9		4	話をする
TWN_CARA	009755	19		9	トビタマイシを売る
TWN_CARA	009768	9		4	売らない
TWN_CARA	00977E	39		19	こいつを売ってくれるのか、ありがたい！
TWN_CARA	0097A5	31		15	これで、あの子の薬が作れるぞ！
TWN_CARA	0097C4	11		5	2000Dn
TWN_CARA	0097CF	20		10	の子の薬が作れるぞ！
TWN_CARA	0097F0	25		12	あ、ちょっと待ってくれ…
TWN_CARA	009809	31		15	こいつも受け取ってくれないか？
TWN_CARA	009828	37		18	たいした物じゃないが、お礼のしるしだ
TWN_CARA	00984D	2		1	！
TWN_CARA	009889	13		6	取り引きする
TWN_CARA	009896	9		4	話をする
TWN_CARA	00989F	19		9	トビタマイシを売る
TWN_CARA	0098B2	9		4	売らない
TWN_CARA	0098C8	21		10	わざわざすまないな…
TWN_CARA	0098DD	37		18	だが、エンカクはもう死んじまったんだ
TWN_CARA	009902	2		1	！
TWN_CARA	009904	31		15	いや、それはちゃんと買い取るよ
TWN_CARA	009923	37		18	もう、こんな思いはしたくないからな…
TWN_CARA	009948	11		5	2000Dn
TWN_CARA	009953	26		13	な思いはしたくないからな…
TWN_CARA	0099A5	13		6	取り引きする
TWN_CARA	0099B2	9		4	話をする
TWN_CARA	0099BB	19		9	トビタマイシを売る
TWN_CARA	0099CE	9		4	売らない
TWN_CARA	0099E4	21		10	わざわざすまないな…
TWN_CARA	0099F9	37		18	だが、エンカクはもう死んじまったんだ
TWN_CARA	009A1E	2		1	！
TWN_CARA	009A20	31		15	いや、それはちゃんと買い取るよ
TWN_CARA	009A3F	37		18	もう、こんな思いはしたくないからな…
TWN_CARA	009A64	11		5	2000Dn
TWN_CARA	009A6F	26		13	な思いはしたくないからな…
TWN_CARA	009ACE	29		14	発掘品の加工が、俺の仕事でね
TWN_CARA	009AEB	31		15	よかったら、買っていってくれよ
TWN_CARA	009B17	29		14	禁止区域の遣跡には気をつけな
TWN_CARA	009B34	31		15	うかつに遣跡を目覚めさせると…
TWN_CARA	009B53	37		18	「重力の道」の彼方に連れて行かれるぞ
TWN_CARA	009B78	2		1	！
TWN_CARA	009B87	19		9	新しい品が入ったよ
TWN_CARA	009B9A	35		17	今度の獲物を使って、こしらえたんだ
TWN_CARA	009BBF	2		1	！
TWN_CARA	009BCE	39		19	攻性生物の体は、爪の先まで役立つもんさ
TWN_CARA	009BF5	29		14	内臓は薬になるし、塩もとれる
TWN_CARA	009C12	37		18	天敵であると同時に、生活の糧なんだよ
TWN_CARA	009C44	29		14	どうやら、ゾアが近いらしい…
TWN_CARA	009C61	21		10	噂は本当だったんだな
TWN_CARA	009C83	39		19	ゾアの森でなら、安心して暮らせるはずだ
TWN_CARA	009CAB	31		15	危険な狩りもしなくてすむだろう
TWN_CARA	009CCA	37		18	そうなりゃ、こんな仕事ともおさらばさ
TWN_CARA	009CFC	35		17	どうやら、エンカクは助かりそうだよ
TWN_CARA	009D1F	21		10	例の薬が効いたようだ
TWN_CARA	009D34	14		6	<!A1>かりそうだよ
TWN_CARA	009D4F	27		13	エンカクが病気になったんだ
TWN_CARA	009D6A	8		3	<1A>うだよ
TWN_CARA	009D72	31		15	おそらく、メッカニア熱だと思う
TWN_CARA	009D9E	31		15	まだ、アンユウは帰ってないが…
TWN_CARA	009DBD	27		13	あいつに代わって礼を言うよ
TWN_CARA	009DE5	39		19	トビタマを見つけなきゃ、薬が作れない…
TWN_CARA	009E0C	35		17	巣の中で固まった分泌物が必要なんだ
TWN_CARA	009E2F	4		1	<0D>…
TWN_CARA	009E40	31		15	それにしても…すごいな、あんた
TWN_CARA	009E5F	33		16	ひとりで遣跡から戻って来るとは…
TWN_CARA	009E80	35		17	ドラゴンのご加護があったんだろうな
TWN_CARA	009EB0	37		18	アンユウは、トビタマを探しに行ったよ
TWN_CARA	009ED5	39		19	だが、うまくいく見込みはほとんどない…
TWN_CARA	009F09	31		15	あの子の事では、世話になったな
TWN_CARA	009F35	37		18	結局、アンユウは途中で帰ってきたんだ
TWN_CARA	009F5A	2		1	…
TWN_CARA	009F5C	35		17	残った俺達を思ってのことだろうな…
TWN_CARA	009F8C	35		17	街の焼け跡に、掘り返した跡があった
TWN_CARA	009FAF	31		15	たぶん、シーカーの仕業だろうな
TWN_CARA	009FCE	39		19	役立ちそうな物は、何も残ってなかったよ
TWN_CARA	00A002	27		13	森を焼いたのは帝国らしいな
TWN_CARA	00A01D	27		13	奴らの武器は旧世紀の物だ…
TWN_CARA	00A038	29		14	結局、俺も奴らと同類なのかな
TWN_CARA	00A062	29		14	あの乗り物は、たいしたもんだ
TWN_CARA	00A07F	10		5	なかったよ
TWN_CARA	00A089	21		10	旧世紀の技術の塊だよ
TWN_CARA	00A09E	39		19	普通の子供があれに乗ってたなんてなあ…
TWN_CARA	00A0D2	33		16	ゾアの話は、確かに本当だったが…
TWN_CARA	00A0F3	29		14	あんな焼け跡じゃ暮らせないよ
TWN_CARA	00A110	35		17	どうやら、俺達の旅はまだ続きそうだ
TWN_CARA	00A133	4		1	<0C>…
TWN_CARA	00A144	31		15	攻性生物の動きがおかしいそうだ
TWN_CARA	00A163	4		1	<0E>だ
TWN_CARA	00A167	4		1	<0C>…
TWN_CARA	00A16B	39		19	早めにここを離れた方がいいかもしれんぞ
TWN_CARA	00A1A0	31		15	禁止区域に行くって…本気かい？
TWN_CARA	00A1CC	5		2	ああ
TWN_CARA	00A1DE	9		4	そうか…
TWN_CARA	00A1E7	37		18	なら、「重力の道」には用心することだ
TWN_CARA	00A20F	39		19	帝国の連中は、たぶんその向こうにいるぞ
TWN_CARA	00A244	13		6	重力の…道？
TWN_CARA	00A25E	35		17	禁止区域の遣跡は、重力を操るそうだ
TWN_CARA	00A281	4		2	るぞ
TWN_CARA	00A286	29		14	その遣跡を目覚めさせた者は…
TWN_CARA	00A2A3	35		17	「重力の道」の彼方に運ばれるらしい
TWN_CARA	00A2D3	27		13	女房が、なんか言ってただろ
TWN_CARA	00A2EE	39		19	あいつ、俺の仕事を道楽だと思ってやがる
TWN_CARA	00A315	29		14	旧世紀のガラクタいじりなんて
TWN_CARA	00A332	39		19	まっとうな人間の仕事じゃないってわけさ
TWN_CARA	00A366	39		19	俺達の一族じゃ、男は必ずハンターになる
TWN_CARA	00A38D	23		11	だが、俺は体が弱くてな
TWN_CARA	00A3A4	37		18	結局、こんな仕事しかできなかったんだ
TWN_CARA	00A3C9	2		1	る
TWN_CARA	00A3D8	35		17	ハンターの仕事は、いつも命がけだ…
TWN_CARA	00A3FB	39		19	なのに、俺はここでじっとしてるしかない
TWN_CARA	00A422	35		17	だけどな、俺のような人間がいるから
TWN_CARA	00A445	29		14	アンユウ達も帰ってこれるんだ
TWN_CARA	00A462	6		3	るから
TWN_CARA	00A468	29		14	武器や薬がなけりゃ戦えない…
TWN_CARA	00A485	37		18	そう自分に言い聞かせて、働いてるのさ
TWN_CARA	00A546	15		7	ああ、あんたか
TWN_CARA	00AFF3	7		2	<09>\n<07>み術
TWN_CARA	00B007	33		15	)<1D><1A><01>(餌でもやってみようかな…)
TWN_CARA	00B028	19		9	ザアルナッツをやる
TWN_CARA	00B03B	21		10	ゾアハーベストをやる
TWN_CARA	00B050	7		3	やめる
TWN_CARA	00B074	19		9	ザアルナッツをやる
TWN_CARA	00B087	7		3	やめる
TWN_CARA	00B0AB	21		10	ゾアハーベストをやる
TWN_CARA	00B0C0	7		3	やめる
TWN_CARA	00C653	7		2	<09>\n<07>み術
TWN_CARA	00C667	17		13	)<1D><1A><01>イス」ゥスゆゆりもョ。ォ
TWN_CARA	00C678	33		16	うちの父ちゃんもハンターなんだ！
TWN_CARA	00C699	21		10	すっげえ強いんだぜ！
TWN_CARA	00C6BB	33		16	にいちゃん、ひとりで旅してるの？
TWN_CARA	00C6DC	23		11	おっかなくないのかい？
TWN_CARA	00C715	27		13	あっ、新しいハンターだね！
TWN_CARA	00C730	33		16	おれたちといっしょに来るんだろ？
TWN_CARA	00C75E	5		2	え？
TWN_CARA	00C763	33		16	いや、そういうわけじゃないけど…
TWN_CARA	00C791	23		11	なんだ、つまんねえの！
TWN_CARA	00C7A8	35		17	まあいいや…おれ、エンカクってんだ
TWN_CARA	00C7CC	35		17	よろしくな、ハンターのにいちゃん！
TWN_CARA	00C7FC	33		16	うちの父ちゃんもハンターなんだ！
TWN_CARA	00C81D	21		10	すっげえ強いんだぜ！
TWN_CARA	00C83F	33		16	にいちゃん、ひとりで旅してるの？
TWN_CARA	00C860	23		11	おっかなくないのかい？
TWN_CARA	00C8C0	23		11	あのでっかいの、見た？
TWN_CARA	00C8D7	29		14	父ちゃんがやっつけたんだぜ！
TWN_CARA	00C901	33		16	おれ、はやく大きくなりたいなあ！
TWN_CARA	00C922	39		19	それで、父ちゃんの狩りをてつだうんだ！
TWN_CARA	00C992	37		18	おばちゃんのごはん、まずいんだよなあ
TWN_CARA	00C9B7	29		14	あ、父ちゃんにはないしょだよ
TWN_CARA	00C9D4	37		18	ぜいたく言うなって、なぐられるからさ
TWN_CARA	00CA06	33		16	東の方って、なにがあるんだろう？
TWN_CARA	00CA27	27		13	にいちゃん、知らないかい？
TWN_CARA	00CA8B	9		4	しーっ…
TWN_CARA	00CA94	33		16	父ちゃんの話、聞いてるんだからさ
TWN_CARA	00CAC2	33		16	それじゃ、次はウルの話をしようか
TWN_CARA	00CAF0	17		8	知ってるよ、それ
TWN_CARA	00CB01	31		15	街が湖にしずんじゃったんだよね
TWN_CARA	00CB2D	31		15	いや、それは本当のウルじゃない
TWN_CARA	00CB4C	39		19	本当のウルは、岩の壁で隠されているんだ
TWN_CARA	00CB74	39		19	壁を越える道は、まだ見つかっていない…
TWN_CARA	00CBA8	33		16	だったら、父ちゃんが見つけなよ！
TWN_CARA	00CBC9	39		19	おれが大きくなったら、てつだうからさ！
TWN_CARA	00CBFD	17		8	そうか…そうだな
TWN_CARA	00CC1B	27		13	ねえ、ドラゴンって何なの？
TWN_CARA	00CC36	17		8	攻性生物の仲間？
TWN_CARA	00CC54	25		12	いや、あんな連中とは違う
TWN_CARA	00CC6D	21		10	ドラゴンは神の使者だ
TWN_CARA	00CC82	4		2	ほう
TWN_CARA	00CC86	39		19	地上に残った人間のために遣わされたんだ
TWN_CARA	00CD3C	37		18	にいちゃんが薬をくれたって、ほんと？
TWN_CARA	00CD61	13		6	ありがとよ！
TWN_CARA	00CD7B	33		16	なんか、みんな元気ないんだよなあ
TWN_CARA	00CD9C	27		13	おれが病気だったからかな？
TWN_CARA	00CDE1	21		10	あの船、すげえだろ！
TWN_CARA	00CDF6	33		16	父ちゃんたちがひろってきたんだ！
TWN_CARA	00CE24	31		15	ここの食いもの、うまいんだぜ！
TWN_CARA	00CE50	33		16	…おれたち、どこまで行くのかな？
TWN_CARA	00CE71	39		19	父ちゃんに聞いても、教えてくれないんだ
TWN_CARA	01646F	7		2	<09>\n<07>み術
TWN_CARA	01647B	20		13	<09>\n<07>)<!CC><1D><01>イスェースゆゆりもョ。ォ
TWN_CARA	01648F	39		19	ここに来た帝国軍…たぶん、特務部隊だぜ
TWN_CARA	0164B7	23		11	アカデミー直属の連中さ
TWN_CARA	0164DB	39		19	俺みたいな雇われハンターは、結構多いぜ
TWN_CARA	016503	37		18	街や村を離れるほど、物騒になるからな
TWN_CARA	016550	15		7	よう、新顔だな
TWN_CARA	01655F	23		11	取り引きに来たのかい？
TWN_CARA	016576	19		9	俺、ラウルってんだ
TWN_CARA	016589	4		1	<0D>？
TWN_CARA	01658D	23		11	ここの雇われハンターさ
TWN_CARA	0165B1	33		16	仕事を探してんなら、他をあたりな
TWN_CARA	0165D2	25		12	ここの連中、払いが悪いぜ
TWN_CARA	0165EB	8		3	<0C>たりな
TWN_CARA	016600	15		7	よう、新顔だな
TWN_CARA	01660F	23		11	取り引きに来たのかい？
TWN_CARA	016626	19		9	俺、ラウルってんだ
TWN_CARA	016639	4		1	<0D>？
TWN_CARA	01663D	23		11	ここの雇われハンターさ
TWN_CARA	016661	39		19	ここに来た帝国軍…たぶん、特務部隊だぜ
TWN_CARA	016689	23		11	アカデミー直属の連中さ
TWN_CARA	0166AD	39		19	俺みたいな雇われハンターは、結構多いぜ
TWN_CARA	0166D5	37		18	街や村を離れるほど、物騒になるからな
TWN_CARA	016707	31		15	ゾアの話なら、結構有名だけど…
TWN_CARA	016726	39		19	俺達みたいなのを受け入れてくれるのかね
TWN_CARA	01675A	39		19	旦那がこのまま戻らなかったら、やばいぜ
TWN_CARA	01678F	35		17	とうとう、旗艦艦隊が出張ってきたぜ
TWN_CARA	0167B2	4		1	<0D>ぜ
TWN_CARA	0167B7	31		15	ドラゴンと一戦まじえるって話だ
TWN_CARA	0167D6	4		1	<1B>ぜ
TWN_CARA	0167DA	4		1	<0D>ぜ
TWN_CARA	0167EC	19		9	あんたも顔が広いな
TWN_CARA	0167FF	25		12	今度は、シーカーの客だぜ
TWN_CARA	016818	6		2	<1E>話だ
TWN_CARA	01681E	4		1	<1B>ぜ
TWN_CARA	016822	4		1	<0D>ぜ
TWN_CARA	016834	37		18	ゾアの事で、いやな噂聞いちまってよ…
TWN_CARA	016859	9		4	実はな…
TWN_CARA	016862	25		12	いや、やっぱりやめとこう
TWN_CARA	016888	33		16	帝国軍が仲間割れしてるんだってな
TWN_CARA	0168A9	39		19	いっそ、共倒れになっちまえばいいのによ
TWN_CARA	0168DD	37		18	ぼうずの薬を調達してくれたんだってな
TWN_CARA	016902	27		13	俺が礼を言うのも変だけど…
TWN_CARA	01691D	11		5	ありがとよ
TWN_CARA	016935	33		16	アンユウの旦那、がっくりきてたろ
TWN_CARA	016956	37		18	やっと目的地に着いたら、これだもんな
TWN_CARA	016988	39		19	結局、旦那は薬を取ってこれなかったんだ
TWN_CARA	0169B0	39		19	旦那が戻ってすぐ、ぼうずは死んじまった
TWN_CARA	0169E4	23		11	森を焼いたのは帝国だぜ
TWN_CARA	0169FB	16		7	<!A3>は死んじまった
TWN_CARA	016A0B	27		13	連中のやり方はいつも同じさ
TWN_CARA	016A26	23		11	尋うか、焼き払うか、だ
TWN_CARA	016A3D	4		1	<!A2>さ
TWN_CARA	016A4E	39		19	あの船に乗ってたガキ、何者だったんだ？
TWN_CARA	016A75	29		14	どう見ても帝国兵じゃないし…
TWN_CARA	016A92	35		17	たいした武器も持ってなかったしなあ
TWN_CARA	016AC2	33		16	最近、帝国軍を全然見かけねえな…
TWN_CARA	016AE3	27		13	戦はどうなっちまったんだ？
TWN_CARA	016B0B	27		13	この辺り、様子がおかしいぜ
TWN_CARA	016B26	6		2	<0F>な…
TWN_CARA	016B2C	25		12	攻性生物が全然いないんだ
TWN_CARA	016B47	6		2	<0F>な…
TWN_CARA	016B4D	37		18	どうやら、一ヶ所に集まってるらしい…
TWN_CARA	016B7F	37		18	禁止区域に、ドラゴンが出たんだってな
TWN_CARA	016BA4	39		19	帝国軍が、あわてて調べに行ったらしいぜ
TWN_CARA	016BD9	33		16	しかし、今度の狩りはきつかったぜ
TWN_CARA	016BFA	6		2	<17>いぜ
TWN_CARA	016C0E	37		18	空中戦艦が、東の方に飛んで行ったけど
TWN_CARA	016C36	29		14	でかい遣跡でも見つけたのかな
TWN_CARA	016C60	39		19	まともに暮らせる土地に行きたいもんだぜ
TWN_CARA	016C88	39		19	ゾアの森なんて、ぜいたく言わねえからよ
TWN_CARA	016CBC	27		13	アンユウの旦那、大丈夫かな
TWN_CARA	016CD7	39		19	トビタマなんて、簡単には見つからないぜ
TWN_CARA	016D0C	39		19	旦那がこのまま戻らなかったら、やばいぜ
TWN_CARA	016D41	37		18	ハンター一人っきりってのは、心細いね
TWN_CARA	016D73	39		19	旦那がこのまま戻らなかったら、やばいぜ
TWN_CARA	016DA8	33		16	帝国の基地がつぶされたんだってよ
TWN_CARA	016DC9	27		13	きっと、ドラゴンの仕業だぜ
TWN_CARA	016DE4	6		2	<!BD>てよ
TWN_CARA	016E31	39		19	ヴェラトの生き残りって人、見つかったよ
TWN_CARA	016E58	21		10	預った物も渡してきた
TWN_CARA	016E7A	19		9	そうか…ありがとよ
TWN_CARA	016E8D	15		7	こいつは礼金だ
TWN_CARA	016E9C	4		1	<1F>よ
TWN_CARA	016EA0	25		12	少ないが、とっといてくれ
TWN_CARA	016EB9	11		5	1000Dn
TWN_CARA	016EC4	14		6	<1F>っといてくれ
TWN_CARA	016EDF	25		12	…会わなくていいのかい？
TWN_CARA	016EF8	33		16	あんたも、そこの人だったんだろ？
TWN_CARA	016F26	25		12	…会わせる顔がないんだよ
TWN_CARA	016F4C	11		5	どうして？
TWN_CARA	016F64	37		18	そうだな…あんたには教えてもいいかな
TWN_CARA	016F89	37		18	ちょうど、あんたぐらいの歳の頃だった
TWN_CARA	016FAE	33		16	俺は村を出て、帝国の傭兵になった
TWN_CARA	016FCF	37		18	汚い仕事だけど、給金はよかったからな
TWN_CARA	016FF4	19		9	ところが、ある日…
TWN_CARA	017007	35		17	辺境のある地域を制圧する命令が出た
TWN_CARA	01702A	15		7	でも、そこは…
TWN_CARA	017039	25		12	俺の村のある所だったんだ
TWN_CARA	017052	10		4	<!87>令が出た
TWN_CARA	01705C	37		18	俺は脱走して、村に知らせに行ったが…
TWN_CARA	017081	29		14	空中戦艦の方がずっと早かった
TWN_CARA	01709E	37		18	村に着いた時には、焼け跡しかなかった
TWN_CARA	0170C3	35		17	あれは、そこから掘り出した物なんだ
TWN_CARA	0170F5	27		13	そんな大切な物だったのか…
TWN_CARA	01711D	11		5	いいんだよ
TWN_CARA	017128	37		18	あれを持つ資格なんか、俺にはないんだ
TWN_CARA	01714D	2		1	よ
TWN_CARA	01714F	35		17	村を帝国に売った、裏切り者だからな
TWN_CARA	01717F	25		12	でも、本当は違うんだろ？
TWN_CARA	0171A5	39		19	死んだみんなにとっては、おんなじことさ
TWN_CARA	0171D9	13		6	なんか用か？
TWN_CARA	0171F3	7		3	うん…
TWN_CARA	0171FA	33		16	帝国の事に詳しい人を探してるんだ
TWN_CARA	01721B	6		2	<15>とさ
TWN_CARA	01722E	9		4	なに…？
TWN_CARA	017237	17		8	探してどうする？
TWN_CARA	017248	23		11	帝国に売ろうってのか？
TWN_CARA	01726C	19		9	そんなんじゃないよ
TWN_CARA	01727F	39		19	ただ、帝国の基地について調べてるから…
TWN_CARA	0172B3	9		4	そうか…
TWN_CARA	0172BC	25		12	だったら、これ読んでみな
TWN_CARA	0172E2	15		7	帝国軍の書類だ
TWN_CARA	0172F1	10		5	・んでみな
TWN_CARA	0172FB	23		11	なんかの足しになるだろ
TWN_CARA	017312	29		14	でも、この事は誰にも言うなよ
TWN_CARA	01733C	19		9	よう、なんか用か？
TWN_CARA	01735C	7		3	うん…
TWN_CARA	017363	33		16	帝国の基地の事、知りたいんだけど
TWN_CARA	017384	6		2	<11>ら…
TWN_CARA	017397	13		6	そうだなあ…
TWN_CARA	0173A4	35		17	基地を警備した時の指示書ならあるぜ
TWN_CARA	0173C7	4		2	ら…
TWN_CARA	0173CB	17		8	ほら、持ってけよ
TWN_CARA	0173E9	37		18	わかってると思うが、他言無用だからな
TWN_CARA	01741B	13		6	なあ、あんた
TWN_CARA	017428	25		12	この辺を旅してるんだろ？
TWN_CARA	017441	39		19	だったら、ちょっと頼まれてくれないか？
TWN_CARA	017475	23		11	わかった…どんな用だ？
TWN_CARA	017499	19		9	たいした事じゃない
TWN_CARA	0174AC	35		17	ヴェラトの村の生き残りに会ったら…
TWN_CARA	0174CF	23		11	これを渡してほしいんだ
TWN_CARA	0174E6	12		6	に会ったら…
TWN_CARA	0174F2	25		12	ただし、俺の名は出すなよ
TWN_CARA	01750B	25		12	適当にごまかしといてくれ
TWN_CARA	017531	39		19	生き残りって人が、見つからなかったら？
TWN_CARA	017565	11		5	その時は…
TWN_CARA	017570	23		11	それは、あんたにやるよ
TWN_CARA	017594	9		4	そうか…
TWN_CARA	01759D	29		14	悪かったな、変な事言い出して
TWN_CARA	017B9B	17		13	)<1D><1A><01>イス」・スゆらろもョ。ォ
TWN_CARA	017BAC	11		5	あんたは…
TWN_CARA	017BB7	29		14	ゾアの街にいたシーカーだろ？
TWN_CARA	017BD4	15		7	無事だったのか
TWN_CARA	017BF0	15		7	ま、なんとかね
TWN_CARA	017C0C	31		15	実は、あんたの事を待ってたんだ
TWN_CARA	017C2C	27		13	ガッシュに伝言を頼まれてね
TWN_CARA	017C47	22		9	すぐ、<03>\nシーカーの里<03>
TWN_CARA	017C5D	19		9	に来てほしいそうだ
TWN_CARA	017C7E	15		7	シーカーの里？
TWN_CARA	017C8D	23		11	そんなものがあるのか？
TWN_CARA	017CB1	23		11	外の人間には秘密なんだ
TWN_CARA	017CC8	18		9	に来てほしいそうだ
TWN_CARA	017CDB	35		17	詳しい場所は、この地図に書いてある
TWN_CARA	017D0B	19		9	あんたがエッジだな
TWN_CARA	017D2B	25		12	え？ ああ、そうだけど…
TWN_CARA	017D51	31		15	実は、あんたの事を待ってたんだ
TWN_CARA	017D70	4		1	<0C>る
TWN_CARA	017D74	27		13	ガッシュに伝言を頼まれてね
TWN_CARA	017D8F	37		18	すぐ、シーカーの里に来てほしいそうだ
TWN_CARA	017DB4	4		1	<0E>だ
TWN_CARA	017DC6	17		8	シーカーの…里？
TWN_CARA	017DD7	21		10	そんな物があるのか？
TWN_CARA	017DF9	23		11	外の人間には秘密なんだ
TWN_CARA	017E10	14		6	<1E>ほしいそうだ
TWN_CARA	017E1E	4		1	<0E>だ
TWN_CARA	017E23	35		17	詳しい場所は、この地図に書いてある
TWN_CARA	017E53	33		16	ガッシュが、そこで待ってるはずだ
TWN_CARA	017E74	2		1	る
TWN_CARA	030943	189		90	エッジは、キャラバンとの荷車との\n止引から「ゾア」と置ばれる旅の\n実木を箱る。\n丈きな旅ならば、クレイメン夫火に\n外する小がかりがつかめるかも\nしれない。\n \n(炉持運・式水セリフ袋み遠み時内)\n
TWN_CARA	030A00	206		99	キャラバンのリーダーに止ったエッジ。\nリーダーから、エッジが臓っている作旧の\n夫火(クレイメン夫火)は手大身道\n(ゲオルギウス)へと具かったのでは\nないかとの引を獲く。\n \n(炉持運・式水デモイベント殻堅時内)\n
TWN_CARA	030ACE	315		152	世紀の械車から引を獲くエッジ。\nこの見くには「加」と置ばれる跡腕があり\nクレイメン夫火はそこに具かったという。\nこの旅に荷んでいるパエットという吊が、\n加の爪を抜しく箱っているらしい。\nエッジは、その吊が保いたという加の存を\n小に腐れる。そこには、ドラゴンが使せた\n液と潰じ何材があった。\n \n(炉持運・式水山積上発時内)\n
TWN_CARA	030C09	223		107	クレイメンが具かった跡腕「加」の\n紀掘を箱っているという吊・パエット。\n待は、加の品雑を多えるかわりに、\nゲオルギウスと置ばれる紀掘から\n天幕柱の飲蓄狩死を光ってくるよう\nエッジに石じる。\n \n(炉持運・式水イベントで落燦時内)\n
TWN_CARA	030CE8	163		78	ゲオルギウスから光ってきた狩死を\nパエットに使せるエッジ。\nしかし、パエットはそれに辺境せず、\n金代ゲオルギウス住きを石じる。\n \n(炉持運・式水イベントで落燦時内)\n
TWN_CARA	030D8B	254		122	金び奴ったエッジに、うってかわって\nなれなれしく空するパエット。\n待は、エッジがドラゴン船りである\nことを墜き大めたのだ。\nすっかり壊荒果になったパエットは、\n故郷した跡腕「ウル」の朝捨に\n加への追立があるらしいと新る。\n \n(炉持運・式水イベントで落燦時内)\n
TWN_CARA	030E89	231		111	ゾアの旅に作旧地の求残が事れ、\n旅は知男の人取にさらされる。\n仕計エッジは、パエットの申であり\n旅の遅荒残であるバイマンという吊の\n名気を夜け、軽ざされた寄込荷情身□\n「長最身」への追住近を噂る。\n \n(炉持運・式水イベントで落燦時内)\n
TWN_CARA	030F70	307		148	エッジに作旧地を聞軍させたバイマンは\nその戦によって不信少勉の強につく。\nバイマンは、忙話になれば「跡息」を\n使せることができるとエッジに新る。\n仕計、パエットは、寄子命忙の吊から\n恩った小礼をエッジに中す。\nそれには、「受一、番高価のある様紀で\n気つ」とだけ食されていた。\n \n(炉持運・式水イベントで落燦時内)\n
TWN_CARA	0310A3	159		76	パエットは、寄子命忙の吊から恩った\n小礼をエッジに中す。\nそれには、「受一、番高価のある様紀で\n気つ」とだけ食されていた。\n \n(炉持運・式水セリフ袋み遠み時内)\n
TWN_CARA	031142	297		143	様紀ではクレイメンが気っていたが、\nエッジを回けようとしたパエットの\n行腐によって止使は高護してしまい、\nクレイメンの甘静は命忙のままとなる。\n不の暮、バイマンは、多止の最与の若を\nエッジに中す。そこに、旅の跡息である\n「『来り自』の自分」が証結されて\nいるという。\n \n(炉持運・ムービー局で落燦時内)\n
TWN_CARA	03126B	151		72	バイマンは、多止の最与の若を\nエッジに中す。そこに、旅の跡息である\n「『来り自』の自分」が証結されて\nいるという。\n \n(炉持運・式水セリフ袋み遠み時内)\n
TWN_CARA	031302	223		107	「来り自」の自分に薬れたエッジの\n帰助に、メル熱カヴァの液が焼森する。\nメル熱カヴァとは、加の希番を望灰する\n救丈なバリア料根下結だった。\nこの液から、エッジはメル熱カヴァの\n紀掘を箱る。\n \n(炉持運・式水イベントで落燦時内)\n
TWN_CARA	0313E1	194		93	キャラバンを絶れたエッジの助に、\nガッシュの求いのシーカーが事れた。\n待の引によると、ガッシュは\n「シーカーの我」と置ばれる紀掘で\nエッジを気っているという。\n \n(炉持運・式水セリフ袋み遠み時内)\n
TWN_CARA	0314A3	237		114	族いに了ついたシーカー目から、\nアゼルが的を消したと獲かされるエッジ。\n「続み車」ザドクは、アゼルの住き土は\nウルの朝捨だと皆安する。なぜなら、\nドラゴン潰全、待守もウルのプラントで\n義務されたからだ。\n \n(炉持運・式水セリフ袋み遠み時内)\n
TWN_CARA	031E64	7		3	火燃料
TWN_CARA	031E6B	23		11	使で終っている了を夜う
TWN_CARA	031E82	23		11	終待朝出な中入今を終る
TWN_CARA	031E99	31		15	使で終っている荷のパーツを夜う
TWN_CARA	031EB8	25		12	車入ちの荷のパーツを終る
TWN_CARA	031ED1	21		10	止引／終待の置り旅え
TWN_EXCA	000C27	16		3	<09>\n<05>ェめ<01><19><1B><09>\n<05>ュ<0F><02><09>
TWN_EXCA	000C37	4		1	)<1D><1B>
TWN_EXCA	000C3B	8		2	<09>\n<05>ュの<02><09>
TWN_EXCA	000C43	8		1	)<1D><1A><01><18><09><09>
TWN_EXCA	000C4F	9		2	<09>\n<05>ェウ<01><19><07>
TWN_EXCA	000C5F	8		2	<09>\n<05>ェメ<1B><09>
TWN_EXCA	000C67	8		2	<09>\n<05>ュァ<03><09>
TWN_EXCA	000C6F	8		2	<09>\n<05>ェレ<1B><09>
TWN_EXCA	000C77	8		2	<09>\n<05>ュコ<02><09>
TWN_EXCA	000C7F	11		4	)<1D><1A><01>発掘所
TWN_EXCA	000CD7	13		6	発掘所を出る
TWN_EXCA	000CE4	7		3	やめる
TWN_EXCA	0015C3	17		13	)<1D><1A><01>イスークスりらゆもョ。ォ
TWN_EXCA	0015D4	15		7	もう、大丈夫…
TWN_EXCA	0015E3	19		9	逃げたりしないから
TWN_EXCA	001628	17		8	力が目覚める前…
TWN_EXCA	001639	37		18	アトルムに乗って、いろんな所を見たわ
TWN_EXCA	00165E	37		18	でも、大地を歩いたことは、なかった…
TWN_EXCA	001690	31		15	塔に行くのは、今でも怖いけど…
TWN_EXCA	0016AF	33		16	何もわからないままでいたくないの
TWN_EXCA	0018AF	8		2	<09>\n<05>クむ<02><09>
TWN_EXCA	0018B7	41		19	)<1D><1A><01>(…だめだ、とっくに冷たくなってる)
TWN_EXCA	012390	7		3	発掘所
TWN_EXCA	012397	23		11	隊で長っている儀を待う
TWN_EXCA	0123AE	23		11	長出旧世な紀戦艦を長る
TWN_EXCA	0123C5	31		15	隊で長っている使のパーツを待う
TWN_EXCA	0123E4	25		12	資戦ちの使のパーツを長る
TWN_EXCA	0123FD	21		10	材置／長出の場り貴え
TWN_RUIN	0007EF	7		2	<09>\n<05>「フ<07>
TWN_RUIN	0007F7	17		7	<09>\n<05>ヤぬ<01>遣跡最下層
TWN_RUIN	000954	17		8	エレベータに乗る
TWN_RUIN	000965	7		3	やめる
TWN_RUIN	000B1D	17		8	エレベータに乗る
TWN_RUIN	000B2E	7		3	やめる
TWN_RUIN	00C66C	7		3	遣跡最
TWN_RUIN	00C673	23		11	下で層っている何を光う
TWN_RUIN	00C68A	23		11	層近見鍵な外使理を層る
TWN_RUIN	00C6A1	31		15	下で層っている旧のパーツを光う
TWN_RUIN	00C6C0	25		12	世使ちの旧のパーツを層る
TWN_RUIN	00C6D9	21		10	紀械／層近の横り先え
TWN_SEEK	0041AB	17		7	)<1D><1A><01>シーカーの里
TWN_SEEK	0041BC	13		6	シーカーの里
TWN_SEEK	0041C9	9		4	中に入る
TWN_SEEK	0041D2	7		3	やめる
TWN_SEEK	0041D9	9		4	中に入る
TWN_SEEK	0041E2	7		3	やめる
TWN_SEEK	0041E9	13		6	里の外に出る
TWN_SEEK	0041F6	15		7	キャンプに行く
TWN_SEEK	004205	11		5	夜まで待つ
TWN_SEEK	004210	7		3	やめる
TWN_SEEK	004217	13		6	里の外に出る
TWN_SEEK	004224	15		7	キャンプに行く
TWN_SEEK	004233	11		5	朝まで待つ
TWN_SEEK	00423E	7		3	やめる
TWN_SEEK	004245	13		6	里の外に出る
TWN_SEEK	004252	15		7	キャンプに行く
TWN_SEEK	004261	7		3	やめる
TWN_SEEK	004281	9		4	中に入る
TWN_SEEK	00428A	7		3	やめる
TWN_SEEK	0042AA	9		4	外に出る
TWN_SEEK	0042B3	7		3	やめる
TWN_SEEK	0042EC	9		4	中に入る
TWN_SEEK	0042F5	7		3	やめる
TWN_SEEK	0042FC	9		4	中に入る
TWN_SEEK	004305	7		3	やめる
TWN_SEEK	00430C	9		4	中に入る
TWN_SEEK	004315	7		3	やめる
TWN_SEEK	00431C	9		4	中に入る
TWN_SEEK	004325	7		3	やめる
TWN_SEEK	00432C	9		4	外に出る
TWN_SEEK	004335	7		3	やめる
TWN_SEEK	00433C	9		4	中に入る
TWN_SEEK	004345	7		3	やめる
TWN_SEEK	00434C	9		4	中に入る
TWN_SEEK	004355	7		3	やめる
TWN_SEEK	00435C	9		4	中に入る
TWN_SEEK	004365	7		3	やめる
TWN_SEEK	00436C	9		4	中に入る
TWN_SEEK	004375	7		3	やめる
TWN_SEEK	00437C	9		4	外に出る
TWN_SEEK	004385	7		3	やめる
TWN_SEEK	00438C	9		4	外に出る
TWN_SEEK	004395	7		3	やめる
TWN_SEEK	0044EF	9		4	外に出る
TWN_SEEK	0044F8	7		3	やめる
TWN_SEEK	004568	17		8	持って行きなさい
TWN_SEEK	004579	25		12	何かの役に立つかもしれん
TWN_SEEK	004620	17		8	持って行きなさい
TWN_SEEK	004631	25		12	何かの役に立つかもしれん
TWN_SEEK	0046D6	17		8	持って行きなさい
TWN_SEEK	0046E7	25		12	何かの役に立つかもしれん
TWN_SEEK	00475D	9		4	外に出る
TWN_SEEK	004766	7		3	やめる
TWN_SEEK	0048B7	9		4	外に出る
TWN_SEEK	0048C0	7		3	やめる
TWN_SEEK	004B66	9		4	外に出る
TWN_SEEK	004B6F	7		3	やめる
TWN_SEEK	004CB6	9		4	外に出る
TWN_SEEK	004CBF	7		3	やめる
TWN_SEEK	004EC6	9		4	外に出る
TWN_SEEK	004ECF	7		3	やめる
TWN_SEEK	005115	9		4	外に出る
TWN_SEEK	00511E	7		3	やめる
TWN_SEEK	0052A4	9		4	外に出る
TWN_SEEK	0052AD	7		3	やめる
TWN_SEEK	0054C1	9		4	外に出る
TWN_SEEK	0054CA	7		3	やめる
TWN_SEEK	0066A2	37		18	今度ばかりは、ちょっと敵が多すぎたぜ
TWN_SEEK	0066D6	37		18	アゼルが戻っても、この有様じゃあな…
TWN_SEEK	006708	37		18	今度ばかりは、ちょっと敵が多すぎたぜ
TWN_SEEK	006759	27		13	もう何も言わん、行ってこい
TWN_SEEK	006781	27		13	落ち合う場所を、忘れるなよ
TWN_SEEK	0070DF	17		13	)<1D><1A><01>イスェ「スゆゆよもョ。ォ
TWN_SEEK	0070F0	37		18	わたしは、「守人」のラーダってもんさ
TWN_SEEK	007115	11		5	よろしくね
TWN_SEEK	00712D	35		17	あんたのお連れさんなら、心配ないよ
TWN_SEEK	007150	27		13	そのうち、目が覚めるはずさ
TWN_SEEK	007178	33		16	ここに来るまで、大変だったんだろ
TWN_SEEK	007199	21		10	ゆっくり休んでお行き
TWN_SEEK	007208	37		18	わたしは、「守人」のラーダってもんさ
TWN_SEEK	00722D	11		5	よろしくね
TWN_SEEK	007245	35		17	あんた達も、この里の子になるかい？
TWN_SEEK	007275	31		15	しかし…ありゃ、変わった子だね
TWN_SEEK	007294	35		17	旧世紀の子は、みんなああなのかい？
TWN_SEEK	0072C4	31		15	ごらん…子供達の「魂の像」だよ
TWN_SEEK	0072E3	37		18	みんな、ここに魂を預けて旅してるのさ
TWN_SEEK	007315	39		19	あたしはここで子供達の無事を祈ってるよ
TWN_SEEK	00733C	35		17	どうか、みんなを守ってやっておくれ
TWN_SEEK	007389	27		13	行っちまったよ、あの子は…
TWN_SEEK	0073A4	35		17	人死にが出たのを、気にしたのかねえ
TWN_SEEK	0073D4	29		14	この里も、もう終わりだねえ…
TWN_SEEK	00741D	27		13	死んだ子を天に帰す準備だよ
TWN_SEEK	007438	35		17	よかったら、あんたも見送っておくれ
TWN_SEEK	00977D	15		12	<01><01>イスエクスゆりわもョ。ォ
TWN_SEEK	00978C	33		16	俺の事は、もうほっといてくれよ…
TWN_SEEK	0097BA	35		17	あんた達の話は、わけがわからないよ
TWN_SEEK	0097DD	21		10	塔とか、管理者とか…
TWN_SEEK	0097FF	29		14	俺はひとりで生きていくんだ…
TWN_SEEK	00981C	21		10	誰の助けもいらないよ
TWN_SEEK	00983E	39		19	こいつが直ったら、すぐにでも出ていくよ
TWN_SEEK	009865	37		18	戦いに巻き込まれるのは、もういやだ！
TWN_SEEK	0098D3	33		16	俺の事は、もうほっといてくれよ…
TWN_SEEK	009901	31		15	攻性生物が近づいてるんだってね
TWN_SEEK	009920	39		19	あんたのドラゴンが狙いなんじゃないか？
TWN_SEEK	009954	29		14	俺はひとりで生きていくんだ…
TWN_SEEK	009971	21		10	誰の助けもいらないよ
TWN_SEEK	009993	39		19	戦うのは、ドラゴンだけでいいじゃないか
TWN_SEEK	0099BA	39		19	旧世紀の事なんて、俺達には関係ないよ！
TWN_SEEK	009A2A	33		16	あんた、俺の顔に見覚えないかい？
TWN_SEEK	009A4B	39		19	俺の名はベゼル…ゾアの司祭ダモンの孫さ
TWN_SEEK	009A72	35		17	もっとも、ゾアの街はもうないけどね
TWN_SEEK	009AA2	37		18	パエットと一緒にこの船で脱出した時…
TWN_SEEK	009AC7	31		15	ゾアの街が吹っ飛ぶのが見えたよ
TWN_SEEK	009AE6	31		15	…あんたに見捨てられた街がね！
TWN_SEEK	009B12	21		10	見捨てられただって？
TWN_SEEK	009B34	25		12	しらばっくれてもだめだよ
TWN_SEEK	009B4D	35		17	シーカーから、あんたの事聞いたんだ
TWN_SEEK	009B70	2		1	…
TWN_SEEK	009B72	19		9	神の使いのくせに…
TWN_SEEK	009B85	29		14	どうして街を見捨てたんだよ！
TWN_SEEK	009BAF	29		14	儀は…神の使いなんかじゃない
TWN_SEEK	009BCC	39		19	この間までは、ただのハンターだったんだ
TWN_SEEK	009C01	37		18	でも、今はドラゴンがいるじゃないか！
TWN_SEEK	009C26	39		19	なのにあんたは街を守ってくれなかった！
TWN_SEEK	00B7FB	19		13	<09>\n<07>ョ<10><01>イスョイスゆれろもョ。ォ
TWN_SEEK	00B80E	29		14	シーカーどもの話、聞いたか？
TWN_SEEK	00B82B	37		18	えらい連中に関わっちまったみたいだぜ
TWN_SEEK	00B85E	37		18	もっと長く飛べるはずだったんだけど…
TWN_SEEK	00B883	31		15	なんで不時着しちまったのかなあ
TWN_SEEK	00B8AF	29		14	シーカーどもの話、聞いたか？
TWN_SEEK	00B8CC	37		18	えらい連中に関わっちまったみたいだぜ
TWN_SEEK	00B8FF	37		18	もっと長く飛べるはずだったんだけど…
TWN_SEEK	00B924	31		15	なんで不時着しちまったのかなあ
TWN_SEEK	00B990	31		15	あいつ、行っちまったみたいだな
TWN_SEEK	00B9BC	15		7	…あいつって？
TWN_SEEK	00B9D8	19		9	司祭の孫のベゼルさ
TWN_SEEK	00B9EB	27		13	俺と一緒に逃げてきた奴だよ
TWN_SEEK	00BA06	39		19	戦いに巻き込まれるのがいやだったんだな
TWN_SEEK	00BA7E	33		16	あやうく殺されるところだったぜ…
TWN_SEEK	00BA9F	33		16	外には、あんな化け物がいるのかよ
TWN_SEEK	00BACD	5		2	え？
TWN_SEEK	00BAD2	33		16	攻性生物を見たことなかったのか？
TWN_SEEK	00BB00	37		18	何度も見たよ…「透視板」の幻だけどな
TWN_SEEK	00BB25	39		19	まさか本物に出くわす時が来るとはなあ…
TWN_SEEK	00BB59	19		9	これからどうする？
TWN_SEEK	00BB6C	21		10	行くあてはあるのか？
TWN_SEEK	00BB8E	19		9	あるわけないだろ…
TWN_SEEK	00BBA1	37		18	ゾアから出たことなかったんだぜ、俺は
TWN_SEEK	00BBD3	37		18	だったら、シーカーの仲間になったら…
TWN_SEEK	00BC05	37		18	あのガッシュって奴に、頼まれたのか？
TWN_SEEK	00BC2A	17		8	俺を説得しろって
TWN_SEEK	00BC48	23		11	そうじゃないよ、ただ…
TWN_SEEK	00BC6C	27		13	どっちにしても、お断りだね
TWN_SEEK	00BC87	23		11	そりゃ、おまえはいいさ
TWN_SEEK	00BC9E	25		12	ドラゴンがいるんだからな
TWN_SEEK	00BCB7	25		12	でも、俺は普通の人間だぜ
TWN_SEEK	00BCD0	2		1	ね
TWN_SEEK	00BCD2	31		15	旧世紀の力を相手に戦うなんて…
TWN_SEEK	00BCF1	31		15	そんなこと、できるわけないだろ
TWN_SEEK	00BD1D	35		17	誰だって、旧世紀の力と戦ってるんだ
TWN_SEEK	00BD40	2		1	？
TWN_SEEK	00BD42	37		18	セストレンの作り出した、この世界と…
TWN_SEEK	00BD67	9		4	それに…
TWN_SEEK	00BD70	33		16	シーカーだって、あんたと同じだよ
TWN_SEEK	00BD91	35		17	みんな、居場所を尋われた人達なんだ
TWN_SEEK	00BDB4	2		1	…
TWN_SEEK	00BDB6	7		3	………
TWN_SEEK	00BDCA	15		7	…なあ、エッジ
TWN_SEEK	00BDD9	20		10	を尋われた人達なんだ
TWN_SEEK	00BDED	2		1	…
TWN_SEEK	00BDEF	39		19	おまえ、俺の事、ごくつぶしだと思うか？
TWN_SEEK	00BE23	5		2	え？
TWN_SEEK	00BE28	23		11	いや…そんなことないよ
TWN_SEEK	00BE3F	33		16	あんたの技術には助けられたからね
TWN_SEEK	00BE60	39		19	ここの人達だって、きっと認めてくれるさ
TWN_SEEK	00BE94	7		3	うん…
TWN_SEEK	00BE9B	29		14	そうだったら、いいんだけどな
TWN_SEEK	00BEC5	29		14	あんたの空中船、墜落してたよ
TWN_SEEK	00BEEF	9		4	そうか…
TWN_SEEK	00BEF8	33		16	それじゃ、奴も死んじまったんだな
TWN_SEEK	00BF26	35		17	外が、こんなに物騒だったとはなあ…
TWN_SEEK	00BF56	39		19	今となっては、あんな街でもなつかしいよ
TWN_SEEK	00BF8A	35		17	外が、こんなに物騒だったとはなあ…
TWN_SEEK	00BFBA	39		19	今となっては、あんな街でもなつかしいよ
TWN_SEEK	00C02E	39		19	シーカーの連中、ここを捨てるんだってな
TWN_SEEK	00C062	5		2	ああ
TWN_SEEK	00C074	21		10	色々考えたんだけど…
TWN_SEEK	00C089	33		16	あいつらについて行くことにしたよ
TWN_SEEK	00C0AA	31		15	その方が安全だろうし、それに…
TWN_SEEK	00C0C9	31		15	俺も、何か残してみたくなってさ
TWN_SEEK	00C0F5	5		2	え？
TWN_SEEK	00C107	23		11	外の世界って、物騒だろ
TWN_SEEK	00C11E	27		13	いつ死ぬかわかんないけど…
TWN_SEEK	00C139	31		15	俺の研究がシーカーの間に残れば
TWN_SEEK	00C158	2		1	よ
TWN_SEEK	00C15A	35		17	ムダ死ににはならないと思うんだよな
TWN_SEEK	00C18A	11		5	そうだな…
TWN_SEEK	00C195	39		19	シーカーと一緒なら、また会えるだろうし
TWN_SEEK	00C1C9	29		14	あれ？ おまえは来ないのか？
TWN_SEEK	00C1F3	25		12	…儀は、アゼルと塔に行く
TWN_SEEK	00C20C	33		16	戻って来たら、すぐにあとを追うよ
TWN_SEEK	00C23A	9		4	ふうん…
TWN_SEEK	00C243	31		15	ま、おまえなら大丈夫だろうけど
TWN_SEEK	00C262	2		1	よ
TWN_SEEK	00C264	31		15	とっととすませて、戻って来いよ
TWN_SEEK	00C290	35		17	外が、こんなに物騒だったとはなあ…
TWN_SEEK	00C2C0	39		19	今となっては、あんな街でもなつかしいよ
TWN_SEEK	00C31B	25		12	見ろよ、この発掘品の山…
TWN_SEEK	00C334	35		17	俺の研究って、一体何だったんだよ…
TWN_SEEK	00C364	37		18	おまえはいいよな…皆にあてにされてよ
TWN_SEEK	00C396	27		13	パエット…無事だったのか！
TWN_SEEK	00C3BE	25		12	空中船で脱出できたんでね
TWN_SEEK	00C3D7	29		14	でも、すぐ不時着しちまってさ
TWN_SEEK	00C3F4	33		16	そこをシーカーどもに拾われたんだ
TWN_SEEK	00C415	4		1	<1E>よ
TWN_SEEK	00C419	35		17	…結局、ゾアは全滅しちまったってさ
TWN_SEEK	00C43C	33		16	何が神の守護地だ…お笑いぐさだぜ
TWN_SEEK	00C46C	11		5	…ごめん…
TWN_SEEK	00C484	11		5	い、いや…
TWN_SEEK	00C48F	35		17	別に、おまえが悪いわけじゃないって
TWN_SEEK	00C4BF	27		13	パエット…無事だったのか！
TWN_SEEK	00C4E7	25		12	空中船で脱出できたんでね
TWN_SEEK	00C500	29		14	でも、すぐ不時着しちまってさ
TWN_SEEK	00C51D	33		16	そこをシーカーどもに拾われたんだ
TWN_SEEK	00C540	35		17	…結局、ゾアは全滅しちまったってさ
TWN_SEEK	00C563	33		16	何が神の守護地だ…お笑いぐさだぜ
TWN_SEEK	00C593	11		5	…ごめん…
TWN_SEEK	00C5AB	11		5	い、いや…
TWN_SEEK	00C5B6	35		17	別に、おまえが悪いわけじゃないって
TWN_SEEK	00E659	19		13	<01><10><09><05>ホ<01>イスー・スゆゆよもョ。ォ
TWN_SEEK	00E66C	35		17	あんたがドラゴン乗りか…よろしくね
TWN_SEEK	00E68F	33		16	あたしは「探索兵」のラグってんだ
TWN_SEEK	00E6B0	2		1	ね
TWN_SEEK	00E6BF	31		15	ガッシュが、あんたを待ってるよ
TWN_SEEK	00E6EB	35		17	あんたの連れは、病室に運んであるよ
TWN_SEEK	00E70E	29		14	あとで様子を見に行ってやりな
TWN_SEEK	00E738	31		15	あたし達の目的は聞いたんだろ？
TWN_SEEK	00E757	37		18	行くあてがないんなら、仲間になりなよ
TWN_SEEK	00E789	21		10	へっ！ バカ言うなよ
TWN_SEEK	00E79E	39		19	旧世紀の力に人間がかなうわけないだろ！
TWN_SEEK	00E7D2	23		11	なんだよ、その言い方？
TWN_SEEK	00E7E9	29		14	せっかく助けてやったのにさ！
TWN_SEEK	00E813	33		16	本当に生き残りはいなかったのか？
TWN_SEEK	00E834	29		14	おまえら、よく探したのかよ？
TWN_SEEK	00E85E	37		18	なら、自分で調べに行ったらどうだい？
TWN_SEEK	00E890	35		17	あんたがドラゴン乗りか…よろしくね
TWN_SEEK	00E8B3	33		16	あたしは「探索兵」のラグってんだ
TWN_SEEK	00E8D4	2		1	ね
TWN_SEEK	00E8E3	39		19	あのパエットって男、あんたの知り合い？
TWN_SEEK	00E90A	23		11	なんだい、あの態度は！
TWN_SEEK	00E921	27		13	助けてやるんじゃなかったよ
TWN_SEEK	00E97B	31		15	ガッシュなら、監視台に行ったよ
TWN_SEEK	00E99A	31		15	二股に分かれた橋があっただろ？
TWN_SEEK	00E9B9	35		17	滝に近い方が、監視台に通じてるのさ
TWN_SEEK	00E9E9	39		19	監視台なんてめったに使わないんだけど…
TWN_SEEK	00EA10	25		12	ま、今回は敵が敵だからね
TWN_SEEK	00EA36	21		10	旧世紀の連中ってさ…
TWN_SEEK	00EA4B	37		18	なんで、こんな世界を作ったんだろうね
TWN_SEEK	00EACA	35		17	へえ…普通の人間と変わんないんだね
TWN_SEEK	00EAED	21		10	ドラゴン乗りなのにさ
TWN_SEEK	00EB0F	35		17	あんた、一緒に戦ってくれるんだろ？
TWN_SEEK	00EB32	35		17	ドラゴンの力で、あたし達を導いてよ
TWN_SEEK	00EB62	37		18	ごらんのとおりさ…連中もやるもんだね
TWN_SEEK	00EB94	39		19	あの子…感づいちまったのかもしれないね
TWN_SEEK	00EBBB	39		19	あたし達が、なんであの子を守ったのか…
TWN_SEEK	00EBEF	37		18	森は、月が変わるまで燃えてるだろうね
TWN_SEEK	00EC14	27		13	帝国軍の送り火ってところさ
TWN_SEEK	00EC37	8		2	<09>\n\nむ『<01><07>
TWN_SEEK	01215B	36		15	<09>\n<07>に<05><1D><01>(調べものをしているようだ)
TWN_SEEK	0121A5	17		8	持って行きなさい
TWN_SEEK	0121B6	25		12	何かの役に立つかもしれん
TWN_SEEK	012212	19		9	ドラゴンの少年よ…
TWN_SEEK	012225	25		12	やっと会うことができたな
TWN_SEEK	01224B	13		6	…あなたは？
TWN_SEEK	012265	23		11	私は「編み人」ザドクだ
TWN_SEEK	01227C	2		1	な
TWN_SEEK	01227E	25		12	旧世紀の研究を行っている
TWN_SEEK	012297	31		15	まずは、これを受け取ってほしい
TWN_SEEK	0122C3	37		18	かつて、ドラゴン乗りだった男の記録だ
TWN_SEEK	0122E9	37		18	彼は、この里を率いたシーカーであり…
TWN_SEEK	01230E	23		11	ガッシュの師でもあった
TWN_SEEK	012332	23		11	どうして、それを儀に…
TWN_SEEK	012356	29		14	君に託されるべきものだからだ
TWN_SEEK	012373	8		3	<!A9>あり…
TWN_SEEK	01237B	31		15	彼と同じ、ドラゴン乗りの君にな
TWN_SEEK	01239A	7		3	………
TWN_SEEK	0123AE	29		14	ガッシュから、話は聞いたかね
TWN_SEEK	0123D8	7		3	うん…
TWN_SEEK	0123DF	37		18	でも、いきなりあんなこと言われても…
TWN_SEEK	012411	7		3	そうか
TWN_SEEK	012418	25		12	まあ、無理もないだろうな
TWN_SEEK	01243E	33		16	君に渡した書物にも書いてあるが…
TWN_SEEK	01245F	39		19	君のドラゴンには、塔を破壊する力がある
TWN_SEEK	012486	39		19	我々が君を監視していたのも、そのためだ
TWN_SEEK	0124AE	33		16	だが、塔は世界中に散らばっている
TWN_SEEK	0124CF	35		17	その全てを破壊するには、おそらく…
TWN_SEEK	0124F2	29		14	数百年以上の時を要するだろう
TWN_SEEK	01251C	9		4	そんな…
TWN_SEEK	012532	33		16	しかし、彼女の存在が状況を変えた
TWN_SEEK	012553	29		14	彼女の力を使えば、おそらく…
TWN_SEEK	01257D	17		8	アゼルのことか？
TWN_SEEK	01258E	33		16	アゼルに何をさせるつもりなんだ？
TWN_SEEK	0125BC	14		5	<03>\nセストレン<03>
TWN_SEEK	0125CA	21		10	への道を開いてもらう
TWN_SEEK	0125DF	31		15	彼女になら、それができるはずだ
TWN_SEEK	0125FE	4		2	らう
TWN_SEEK	01260F	15		7	セストレン…？
TWN_SEEK	01262B	29		14	この世ならぬ道で塔とつながり
TWN_SEEK	012648	25		12	全ての塔を統べる魂の器…
TWN_SEEK	012661	39		19	旧世紀の記録に、そう記されている場所だ
TWN_SEEK	012696	39		19	ガッシュは、そこを攻めるつもりなのか…
TWN_SEEK	0126CA	7		3	そうだ
TWN_SEEK	0126D1	32		16	ュは、そこを攻めるつもりなのか…
TWN_SEEK	0126F1	35		17	彼女が、ドラゴンをセストレンに導き
TWN_SEEK	012714	37		18	ドラゴンが、セストレンを破壊すれば…
TWN_SEEK	01518B	27		13	グリグオリグを攻撃するなら
TWN_SEEK	0151A6	29		14	森から接近するしかないだろう
TWN_SEEK	0151C3	35		17	だが、上空から森を越えるのは難しい
TWN_SEEK	0151E6	37		18	マサーンが、空の守りを固めているのだ
TWN_SEEK	01520B	2		1	…
TWN_SEEK	01521A	39		19	森の各所には、マサーンが根を張っている
TWN_SEEK	015241	37		18	上空を飛べば、必ず道を阻まれるだろう
TWN_SEEK	015266	39		19	まずは、森の下にある根を弱らせることだ
TWN_SEEK	01528E	33		16	そうすれば、上空の本体も力を失う
TWN_SEEK	0152BC	33		16	全ての塔をコントロールする場所だ
TWN_SEEK	0152DD	6		2	<15>とだ
TWN_SEEK	0152E4	39		19	君のドラゴンがセストレンを破壊した時…
TWN_SEEK	01530B	35		17	世界は、旧世紀の意志から開放される
TWN_SEEK	01533B	35		17	世界管理の意志を無に還す鍵だという
TWN_SEEK	01535E	35		17	しかし、その実体は不明のままだった
TWN_SEEK	015381	39		19	君のドラゴンを指す言棄だとわかったのは
TWN_SEEK	0153A8	31		15	我々の世代になってからのことだ
TWN_SEEK	0153C7	8		3	<!BD>たのは
TWN_SEEK	0153DC	33		16	塔の守護者として創造された存在だ
TWN_SEEK	0153FD	6		2	<1B>のは
TWN_SEEK	015403	31		15	ただし、君のドラゴンだけは違う
TWN_SEEK	015422	35		17	塔の破壊を目指す、唯一の個体なのだ
TWN_SEEK	015445	4		2	のは
TWN_SEEK	015456	33		16	戦いにまぎれて、彼女は姿を消した
TWN_SEEK	015477	29		14	おそらく、行き先はウルだろう
TWN_SEEK	0154A1	9		4	なぜだ？
TWN_SEEK	0154B7	33		16	ウルは、世界の泉であると同時に…
TWN_SEEK	0154D8	29		14	ドローンの生地でもあるからだ
TWN_SEEK	0154F5	4		2	に…
TWN_SEEK	015506	11		5	ドローン…
TWN_SEEK	015511	39		19	アゼルのように、造られた人間のことか？
TWN_SEEK	015545	37		18	正確には人間ではないが…まあ、そうだ
TWN_SEEK	01556A	2		1	？
TWN_SEEK	01556C	37		18	ウルの地下深くに、その生成施設がある
TWN_SEEK	01559E	33		16	彼女にとって、唯一戻るべき生地…
TWN_SEEK	0155BF	35		17	それは、ウルの秘められた場所にある
TWN_SEEK	0155EF	39		19	彼女は、塔の制御を尋うために創造された
TWN_SEEK	015616	31		15	そのために、強い力を与えられ…
TWN_SEEK	015635	33		16	副産物として、心を生じさせたのだ
TWN_SEEK	015656	6		2	<16>れた
TWN_SEEK	015669	35		17	ショック状態を解除する処置を行った
TWN_SEEK	01568C	23		11	間もなく目覚めるだろう
TWN_SEEK	0156B0	39		19	彼女は、塔の制御を尋うために創造された
TWN_SEEK	0156D7	31		15	そのために、強い力を与えられ…
TWN_SEEK	0156F6	33		16	副産物として、心を生じさせたのだ
TWN_SEEK	015717	6		2	<16>れた
TWN_SEEK	01572A	35		17	ショック状態を解除する処置を行った
TWN_SEEK	01574D	23		11	間もなく目覚めるだろう
TWN_SEEK	015771	33		16	彼女にとって、唯一戻るべき生地…
TWN_SEEK	015792	35		17	それは、ウルの秘められた場所にある
TWN_SEEK	0157C2	39		19	彼女は、塔の制御を尋うために創造された
TWN_SEEK	0157E9	31		15	そのために、強い力を与えられ…
TWN_SEEK	015808	33		16	副産物として、心を生じさせたのだ
TWN_SEEK	015829	6		2	<16>れた
TWN_SEEK	01583C	35		17	ショック状態を解除する処置を行った
TWN_SEEK	01585F	23		11	間もなく目覚めるだろう
TWN_SEEK	015883	39		19	彼女は、塔の制御を尋うために創造された
TWN_SEEK	0158AA	31		15	そのために、強い力を与えられ…
TWN_SEEK	0158C9	33		16	副産物として、心を生じさせたのだ
TWN_SEEK	0158EA	6		2	<16>れた
TWN_SEEK	0158FD	35		17	ショック状態を解除する処置を行った
TWN_SEEK	015920	23		11	間もなく目覚めるだろう
TWN_SEEK	015944	33		16	彼女にとって、唯一戻るべき生地…
TWN_SEEK	015965	35		17	それは、ウルの秘められた場所にある
TWN_SEEK	015995	39		19	彼女は、塔の制御を尋うために創造された
TWN_SEEK	0159BC	31		15	そのために、強い力を与えられ…
TWN_SEEK	0159DB	33		16	副産物として、心を生じさせたのだ
TWN_SEEK	0159FC	6		2	<16>れた
TWN_SEEK	015A0F	35		17	ショック状態を解除する処置を行った
TWN_SEEK	015A32	23		11	間もなく目覚めるだろう
TWN_SEEK	015A56	39		19	彼女は、塔の制御を尋うために創造された
TWN_SEEK	015A7D	31		15	そのために、強い力を与えられ…
TWN_SEEK	015A9C	33		16	副産物として、心を生じさせたのだ
TWN_SEEK	015ABD	6		2	<16>れた
TWN_SEEK	015AD0	35		17	ショック状態を解除する処置を行った
TWN_SEEK	015AF3	23		11	間もなく目覚めるだろう
TWN_SEEK	015B17	37		18	人の姿を与えられた、旧世紀の創造物だ
TWN_SEEK	015B3E	39		19	他の創造物とつながり、操ることができる
TWN_SEEK	015B72	35		17	塔は、セストレンに通じる道でもある
TWN_SEEK	015B95	39		19	それを開くことができるのは、彼女だけだ
TWN_SEEK	015BCA	35		17	旧世紀の意志は、滅びたわけではない
TWN_SEEK	015BED	37		18	今でも、この世界を縛り続けているのだ
TWN_SEEK	015C22	35		17	野性化した攻性生物は、確かに強力だ
TWN_SEEK	015C4A	31		15	しかし、致命的斉威とはならない
TWN_SEEK	015C69	39		19	真に恐ろしいのは、統制された集団なのだ
TWN_SEEK	015C91	29		14	…ここを襲った群れのようにな
TWN_SEEK	015CBB	31		15	攻性生物は、いわば塔のしもべだ
TWN_SEEK	015CDA	8		3	<!A8>なのだ
TWN_SEEK	015CE3	33		16	純血種ほど、その指令に忠実に動く
TWN_SEEK	015D11	31		15	皇帝は死に、旗艦艦隊も全滅した
TWN_SEEK	015D30	23		11	もはや、帝国は無力だ…
TWN_SEEK	015D54	39		19	元来、帝国の始祖はシーカーの一派だった
TWN_SEEK	015D7B	37		18	セストレンに対抗する力を求めた者達だ
TWN_SEEK	015DA2	37		18	彼らは帝国を興し、国力を増強したが…
TWN_SEEK	015DC7	37		18	本来の目的は、徐々に忘れられていった
TWN_SEEK	015DF9	35		17	ほとんどの者は、すでに里を脱出した
TWN_SEEK	015E1C	31		15	だが、私はここに残ることにする
TWN_SEEK	015E3B	27		13	君が情報を必要とする限りな
TWN_SEEK	015E63	29		14	森の炎は、当分消えないだろう
TWN_SEEK	015E80	35		17	…もはや、ここに留まることは難しい
TWN_SEEK	015EB0	39		19	我らは、このような里を各地に持っている
TWN_SEEK	015ED7	27		13	里は、遣跡探索の拠点なのだ
TWN_SEEK	015EF2	12		6	に持っている
TWN_SEEK	015F0B	39		19	スキアド・オプス…すなわち「影の目」…
TWN_SEEK	015F32	31		15	里を率いる者に与えられる名前だ
TWN_SEEK	015F51	8		4	の目」…
TWN_SEEK	015F59	39		19	そして、その正体と組織力は常に隠される
TWN_SEEK	015F8D	39		19	「護り火」については、調べがついている
TWN_SEEK	015FB4	35		17	同様の発掘品に関する記録があるのだ
TWN_SEEK	015FD7	4		1	<0D>る
TWN_SEEK	015FDB	21		10	これを読んでみたまえ
TWN_SEEK	015FFD	35		17	街から来た、パエットという男だが…
TWN_SEEK	016020	33		16	独力で空中船を組み上げたそうだな
TWN_SEEK	016041	35		17	彼には「調整士」の素質がありそうだ
TWN_SEEK	0166EF	35		17	へえ…あんたがドラゴンの乗り手か！
TWN_SEEK	016712	35		17	俺は「探索兵」ペレツだ、よろしくな
TWN_SEEK	016742	15		7	実を言うとさ…
TWN_SEEK	016751	39		19	俺、シーカーの仲間に入ったばかりなんだ
TWN_SEEK	016779	29		14	新入りが増えると、気が楽だよ
TWN_SEEK	0167A3	37		18	ドラゴンに乗るって、どんな気分だい？
TWN_SEEK	0167C8	29		14	よかったら、今度乗せてくれよ
TWN_SEEK	016826	21		10	俺達はそろそろ出るよ
TWN_SEEK	01683B	31		15	ここを守らなきゃいけないからね
TWN_SEEK	016867	35		17	空中戦艦と戦うはめになるとはなあ…
TWN_SEEK	016897	37		18	あの森で戦ったら、例の神殿もやばいぜ
TWN_SEEK	0168BF	27		13	まだ詳しく調べてないのによ
TWN_SEEK	0168E7	37		18	封印の解き方が、まだわかんないからね
TWN_SEEK	016919	33		16	絶対、あの4つの遣跡が怪しいって
TWN_SEEK	01693A	23		11	ザドクもそう言ってたろ
TWN_SEEK	01695E	33		16	どっちにしても、調査は後回しだよ
TWN_SEEK	01697F	27		13	…生きて帰ってくる方が先さ
TWN_SEEK	0169A7	35		17	よその里の仲間も来てくれるはずだよ
TWN_SEEK	0169CA	37		18	ドラゴンもいるんだし、なんとかなるさ
TWN_SEEK	0169FC	31		15	ちぇっ…軽く言ってくれるよなあ
TWN_SEEK	01716E	23		11	シーカーの里へようこそ
TWN_SEEK	017185	27		13	私は「探索兵」シメオンです
TWN_SEEK	0171AD	29		14	帝国の体制は崩れつつあります
TWN_SEEK	0171CA	35		17	あなたとドラゴンの働きのおかげです
TWN_SEEK	0171FA	35		17	「探索兵」達の士気が上がっています
TWN_SEEK	01721D	37		18	これも、ドラゴンが現れたせいでしょう
TWN_SEEK	01724F	39		19	塔が目覚めた以上、戦いはさけられません
TWN_SEEK	017276	33		16	我々も、ここを守るため出発します
TWN_SEEK	0172A4	35		17	あの少女に危害が加わるといけません
TWN_SEEK	0172C7	33		16	彼女には、ここに残ってもらいます
TWN_SEEK	0172F5	29		14	まさか、彼女が姿を消すとは…
TWN_SEEK	017312	39		19	セストレンに至る唯一の鍵だというのに…
TWN_SEEK	017346	39		19	全滅しなかったのが、せめてもの救いです
TWN_SEEK	01736D	39		19	あなたと、ドラゴンに助けられましたね…
TWN_SEEK	0173A1	37		18	彼女の力は、災いにもつながりますが…
TWN_SEEK	0173C6	35		17	あなたと共にあれば、大丈夫でしょう
TWN_SEEK	0173F6	39		19	全滅しなかったのが、せめてもの救いです
TWN_SEEK	01741D	39		19	あなたと、ドラゴンに助けられましたね…
TWN_SEEK	0180CE	29		14	あなた達が生まれるずっと前…
TWN_SEEK	0180EB	25		12	遣跡やエンジン、そして…
TWN_SEEK	018104	25		12	攻性生物が造られた時代よ
TWN_SEEK	01812A	9		4	ふうん…
TWN_SEEK	0186FE	19		9	…まだ、起きないよ
TWN_SEEK	01871E	17		8	え？ あ、ああ…
TWN_SEEK	01873C	31		15	ずっと、見ていてくれたのかい？
TWN_SEEK	018768	5		2	うん
TWN_SEEK	01877A	19		9	そうか…ありがとう
TWN_SEEK	0187FD	13		6	具合はどう？
TWN_SEEK	018817	27		13	大丈夫、消耗しただけだから
TWN_SEEK	018832	17		8	自然に回復するわ
TWN_SEEK	018850	17		8	なら、いいけど…
TWN_SEEK	018861	33		16	何か食べた方がいいんじゃないか？
TWN_SEEK	01888F	23		11	目覚めたばかりのころ…
TWN_SEEK	0188A6	33		16	あのひとも、食べ物や水をくれたわ
TWN_SEEK	0188C7	9		4	だけど…
TWN_SEEK	0188D0	37		18	私の身体は、地上の糧を受けつけないの
TWN_SEEK	018902	27		13	ここに残るように言われたの
TWN_SEEK	01891D	29		14	何かあるといけないからって…
TWN_SEEK	01893A	35		17	私に、守られる理由なんてないのに…
TWN_SEEK	01896A	29		14	あのひとは、いつも言ってたわ
TWN_SEEK	018987	39		19	私に与えられた使命は、もう無意味だって
TWN_SEEK	0189AE	39		19	それなのに、私は力に目覚めてしまった…
TWN_SEEK	02D613	189		90	エッジは、キャラバンとの薬品との\n天井から「ゾア」と管ばれる通の\n換気を寝る。\n床きな通ならば、クレイメン敷里に\n布する匂がかりがつかめるかも\nしれない。\n \n(旧世紀・械置セリフ言み処み使道)\n
TWN_SEEK	02D6D0	206		99	キャラバンのリーダーに天ったエッジ。\nリーダーから、エッジが具っている治療の\n敷里(クレイメン敷里)は量本全部\n(ゲオルギウス)へと手かったのでは\nないかとの井を書く。\n \n(旧世紀・械置デモイベント写塔使道)\n
TWN_SEEK	02D79E	315		152	関記の録品から井を書くエッジ。\nこの持くには「何」と管ばれる役立があり\nクレイメン敷里はそこに手かったという。\nこの通に薬んでいるパエットという古が、\n何の多を混しく寝っているらしい。\nエッジは、その古が新いたという何の小を\n匂に珍れる。そこには、ドラゴンが外せた\n模と様じ組途があった。\n \n(旧世紀・械置内臓保存使道)\n
TWN_SEEK	02D8D9	223		107	クレイメンが手かった役立「何」の\n記腐を寝っているという古・パエット。\n待は、何の液潰を材えるかわりに、\nゲオルギウスと管ばれる記腐から\n料封簡の染方独特を旅ってくるよう\nエッジに荷じる。\n \n(旧世紀・械置イベントで袋身使道)\n
TWN_SEEK	02D9B8	163		78	ゲオルギウスから旅ってきた独特を\nパエットに外せるエッジ。\nしかし、パエットはそれに取残せず、\n大箱ゲオルギウス張きを荷じる。\n \n(旧世紀・械置イベントで袋身使道)\n
TWN_SEEK	02DA5B	254		122	大び軽ったエッジに、うってかわって\nなれなれしく食するパエット。\n待は、エッジがドラゴン器りである\nことを見き本めたのだ。\nすっかり上自作になったパエットは、\n織粗した役立「ウル」の朝空に\n何への衣類があるらしいと雑る。\n \n(旧世紀・械置イベントで袋身使道)\n
TWN_SEEK	02DB59	231		111	ゾアの通に治療貨の穀蓄が冥れ、\n通は分事の同塩にさらされる。\n□守エッジは、パエットの飾であり\n通の殻自蓄であるバイマンという古の\n彫後を夜け、木ざされた像並薬壁全改\n「造操全」への衣張発を掘る。\n \n(旧世紀・械置イベントで袋身使道)\n
TWN_SEEK	02DC40	307		148	エッジに治療貨を研一させたバイマンは\nその買によって思船傷戦の犠につく。\nバイマンは、牲者になれば「役包」を\n外せることができるとエッジに雑る。\n□守、パエットは、像風死牲の古から\n起った匂眠をエッジに閉す。\nそれには、「続目、合丈夫のある消記で\n後つ」とだけ耗されていた。\n \n(旧世紀・械置イベントで袋身使道)\n
TWN_SEEK	02DD73	159		76	パエットは、像風死牲の古から起った\n匂眠をエッジに閉す。\nそれには、「続目、合丈夫のある消記で\n後つ」とだけ耗されていた。\n \n(旧世紀・械置セリフ言み処み使道)\n
TWN_SEEK	02DE12	297		143	消記ではクレイメンが後っていたが、\nエッジを然けようとしたパエットの\n回珍によって天外は丈復してしまい、\nクレイメンの水私は死牲のままとなる。\n思の地、バイマンは、材天の操糧の受を\nエッジに閉す。そこに、通の役包である\n「『理り由』の由与」が命意されて\nいるという。\n \n(旧世紀・ムービー味で袋身使道)\n
TWN_SEEK	02DF3B	151		72	バイマンは、材天の操糧の受を\nエッジに閉す。そこに、通の役包である\n「『理り由』の由与」が命意されて\nいるという。\n \n(旧世紀・械置セリフ言み処み使道)\n
TWN_SEEK	02DFD2	223		107	「理り由」の由与に話れたエッジの\n聞今に、メル資カヴァの模が庫調する。\nメル資カヴァとは、何の昔合を彼女する\n産床なバリア入開唯意だった。\nこの模から、エッジはメル資カヴァの\n記腐を寝る。\n \n(旧世紀・械置イベントで袋身使道)\n
TWN_SEEK	02E0B1	194		93	キャラバンを鍵れたエッジの今に、\nガッシュの穀いのシーカーが冥れた。\n待の井によると、ガッシュは\n「シーカーの俺」と管ばれる記腐で\nエッジを後っているという。\n \n(旧世紀・械置セリフ言み処み使道)\n
TWN_SEEK	02E173	237		114	達いに行ついたシーカー知から、\nアゼルが場を所したと書かされるエッジ。\n「急み品」ザドクは、アゼルの張き儀は\nウルの朝空だと探落する。なぜなら、\nドラゴン様度、待留もウルのプラントで\n間監されたからだ。\n \n(旧世紀・械置セリフ言み処み使道)\n
TWN_SEEK	02EB34	7		3	里中入
TWN_SEEK	02EB3B	23		11	外で出っている行を夜う
TWN_SEEK	02EB52	23		11	出待朝扉な閉柱棚を出る
TWN_SEEK	02EB69	31		15	外で出っている薬のパーツを夜う
TWN_SEEK	02EB88	25		12	品柱ちの薬のパーツを出る
TWN_SEEK	02EBA1	21		10	天井／出待の管り通え
TWN_ZOAH	00B247	8		2	<09>\n<09>ソ…<05><09>
TWN_ZOAH	00B24F	8		1	<09>\n<05><!F2>ツ<1B><09>
TWN_ZOAH	00B257	8		1	<09>\n\n』<!EA><03><09>
TWN_ZOAH	00B25F	8		1	<09>\n<05><!F2>ヨ<1B><09>
TWN_ZOAH	00B267	8		1	<09>\n\n！<05><02><09>
TWN_ZOAH	00B26F	4		1	)<1D><1B>
TWN_ZOAH	00B273	8		2	<09>\n\n！ひ<02><09>
TWN_ZOAH	00B27B	13		5	)<1D><1A><01>ゾアの街
TWN_ZOAH	00B288	9		4	ゾアの街
TWN_ZOAH	00B291	7		3	神聖区
TWN_ZOAH	00B299	7		3	神聖区
TWN_ZOAH	00B2A1	9		4	ゾアの街
TWN_ZOAH	00B2AA	7		3	神聖区
TWN_ZOAH	00B2B2	7		3	開放区
TWN_ZOAH	00B2BA	11		5	1500Dn
TWN_ZOAH	00B324	9		4	街を出る
TWN_ZOAH	00B32D	11		5	夜まで待つ
TWN_ZOAH	00B338	7		3	やめる
TWN_ZOAH	00B33F	9		4	街を出る
TWN_ZOAH	00B348	11		5	朝まで待つ
TWN_ZOAH	00B353	7		3	やめる
TWN_ZOAH	00B35A	9		4	街を出る
TWN_ZOAH	00B363	7		3	やめる
TWN_ZOAH	00B36A	9		4	ゾアの街
TWN_ZOAH	00B38A	13		6	神聖区に行く
TWN_ZOAH	00B397	11		5	夜まで待つ
TWN_ZOAH	00B3A2	7		3	やめる
TWN_ZOAH	00B3A9	13		6	神聖区に行く
TWN_ZOAH	00B3B6	11		5	朝まで待つ
TWN_ZOAH	00B3C1	7		3	やめる
TWN_ZOAH	00B3C8	13		6	神聖区に行く
TWN_ZOAH	00B3D5	7		3	やめる
TWN_ZOAH	00B3F5	7		3	開放区
TWN_ZOAH	00B3FC	18		8	<16>ざされている…)
TWN_ZOAH	00B4C2	9		4	中に入る
TWN_ZOAH	00B4CB	7		3	やめる
TWN_ZOAH	00B53E	9		4	中に入る
TWN_ZOAH	00B547	7		3	やめる
TWN_ZOAH	00B580	9		4	中に入る
TWN_ZOAH	00B589	7		3	やめる
TWN_ZOAH	00B590	9		4	中に入る
TWN_ZOAH	00B599	7		3	やめる
TWN_ZOAH	00B5D2	9		4	中に入る
TWN_ZOAH	00B5DB	7		3	やめる
TWN_ZOAH	00B614	9		4	中に入る
TWN_ZOAH	00B61D	7		3	やめる
TWN_ZOAH	00B688	9		4	中に入る
TWN_ZOAH	00B691	7		3	やめる
TWN_ZOAH	00BA90	13		6	開放区に行く
TWN_ZOAH	00BA9D	11		5	夜まで待つ
TWN_ZOAH	00BAA8	7		3	やめる
TWN_ZOAH	00BAAF	13		6	開放区に行く
TWN_ZOAH	00BABC	11		5	朝まで待つ
TWN_ZOAH	00BAC7	7		3	やめる
TWN_ZOAH	00BACE	13		6	開放区に行く
TWN_ZOAH	00BADB	7		3	やめる
TWN_ZOAH	00BAFB	7		3	神聖区
TWN_ZOAH	00BB02	18		8	<16>ざされている…)
TWN_ZOAH	00BDAE	9		4	中に入る
TWN_ZOAH	00BDB7	7		3	やめる
TWN_ZOAH	00BDFD	9		4	中に入る
TWN_ZOAH	00BE06	7		3	やめる
TWN_ZOAH	00BE7B	9		4	中に入る
TWN_ZOAH	00BE84	7		3	やめる
TWN_ZOAH	00BEBD	9		4	中に入る
TWN_ZOAH	00BEC6	7		3	やめる
TWN_ZOAH	00C49E	9		4	中に入る
TWN_ZOAH	00C4A7	7		3	やめる
TWN_ZOAH	00C4AE	9		4	外に出る
TWN_ZOAH	00C4B7	7		3	やめる
TWN_ZOAH	00C5AA	35		17	相棒のアブネルから話は聞いてますよ
TWN_ZOAH	00C5CD	23		11	そこがあいつの部屋です
TWN_ZOAH	00C5F1	27		13	…ここ、物置じゃないのか？
TWN_ZOAH	00C619	37		18	あいつ、時々ガラクタ拾ってくるんです
TWN_ZOAH	00C63E	37		18	パエットさんが買ってくれるそうですが
TWN_ZOAH	00C663	2		1	)
TWN_ZOAH	00C665	31		15	あらかた突っ返されるみたいで…
TWN_ZOAH	00C691	23		11	要するに、余り物なんだ
TWN_ZOAH	00C6A8	8		3	<1B>いで…
TWN_ZOAH	00C6BD	13		6	ええ、まあ…
TWN_ZOAH	00C6CA	27		13	適当に持って行ってください
TWN_ZOAH	00C6E5	35		17	たいした物はないかもしれませんが…
TWN_ZOAH	00C715	35		17	相棒のアブネルから話は聞いてますよ
TWN_ZOAH	00C738	23		11	そこがあいつの部屋です
TWN_ZOAH	00C75C	27		13	…ここ、物置じゃないのか？
TWN_ZOAH	00C784	37		18	あいつ、時々ガラクタ拾ってくるんです
TWN_ZOAH	00C7A9	37		18	パエットさんが買ってくれるそうですが
TWN_ZOAH	00C7CE	2		1	)
TWN_ZOAH	00C7D0	31		15	あらかた突っ返されるみたいで…
TWN_ZOAH	00C7FC	23		11	要するに、余り物なんだ
TWN_ZOAH	00C813	8		3	<1B>いで…
TWN_ZOAH	00C828	13		6	ええ、まあ…
TWN_ZOAH	00C835	27		13	適当に持って行ってください
TWN_ZOAH	00C850	35		17	たいした物はないかもしれませんが…
TWN_ZOAH	00CB4A	9		4	外に出る
TWN_ZOAH	00CB53	7		3	やめる
TWN_ZOAH	00D29C	21		10	欲しけりゃ持ってけよ
TWN_ZOAH	00D2B1	27		13	どうせ、俺には使えねえんだ
TWN_ZOAH	00D2CC	8		3	<1E>いる)
TWN_ZOAH	00D2E1	21		10	欲しけりゃ持ってけよ
TWN_ZOAH	00D2F6	27		13	どうせ、俺には使えねえんだ
TWN_ZOAH	00D311	8		3	<1E>いる)
TWN_ZOAH	00D355	9		4	外に出る
TWN_ZOAH	00D35E	7		3	やめる
TWN_ZOAH	00D840	17		8	それにさわるな！
TWN_ZOAH	00D85E	13		6	ご、ごめん…
TWN_ZOAH	00D86B	23		11	珍しい銃だから、つい…
TWN_ZOAH	00D88F	17		8	ほう、わかるか？
TWN_ZOAH	00D8A0	35		17	それほどの細工はめったに見られんぞ
TWN_ZOAH	00D8C3	2		1	)
TWN_ZOAH	00D8C5	33		16	…それはな、ワシの仲間達の形見だ
TWN_ZOAH	00D8E8	2		1	)
TWN_ZOAH	00D8EA	37		18	長年、生死をともにした連中だったが…
TWN_ZOAH	00D90F	35		17	みんな、攻性生物に殺されてしまった
TWN_ZOAH	00D932	29		14	ワシと、あとひとりを除いてな
TWN_ZOAH	00D95C	13		6	あとひとり？
TWN_ZOAH	00D976	31		15	そいつの事は、もうどうでもいい
TWN_ZOAH	00D995	35		17	とにかく、仲間の仇を討たねばならん
TWN_ZOAH	00D9B8	35		17	おまえもハンターなら、わかるだろう
TWN_ZOAH	00DCD5	9		4	外に出る
TWN_ZOAH	00DCDE	7		3	やめる
TWN_ZOAH	00DCE5	9		4	外に出る
TWN_ZOAH	00DCEE	7		3	やめる
TWN_ZOAH	00DEC9	9		4	外に出る
TWN_ZOAH	00DED2	7		3	やめる
TWN_ZOAH	00E025	25		12	あ、それ？ お酒の材料よ
TWN_ZOAH	00E03E	27		13	攻性生物の体液なんだけど…
TWN_ZOAH	00E059	39		19	お客が気味悪がるから、内緒にしといてね
TWN_ZOAH	00E08D	25		12	あ、それ？ お酒の材料よ
TWN_ZOAH	00E0A6	27		13	攻性生物の体液なんだけど…
TWN_ZOAH	00E0C1	39		19	お客が気味悪がるから、内緒にしといてね
TWN_ZOAH	00E5E8	9		4	外に出る
TWN_ZOAH	00E5F1	7		3	やめる
TWN_ZOAH	00E77C	31		15	おまえさん、本なんか読むのか？
TWN_ZOAH	00E79B	37		18	読みふるしたやつなら持ってっていいぜ
TWN_ZOAH	00E7C0	2		1	ね
TWN_ZOAH	00E7C2	37		18	…中には、ちょいとやばいのもあるがな
TWN_ZOAH	00E82E	29		14	これ以上はかんべんしてくれよ
TWN_ZOAH	00E84B	27		13	俺の読む本がなくなっちまう
TWN_ZOAH	00E873	29		14	これ以上はかんべんしてくれよ
TWN_ZOAH	00E890	27		13	俺の読む本がなくなっちまう
TWN_ZOAH	00E8B8	29		14	これ以上はかんべんしてくれよ
TWN_ZOAH	00E8D5	27		13	俺の読む本がなくなっちまう
TWN_ZOAH	00E8FD	29		14	これ以上はかんべんしてくれよ
TWN_ZOAH	00E91A	27		13	俺の読む本がなくなっちまう
TWN_ZOAH	00EA8F	9		4	外に出る
TWN_ZOAH	00EA98	7		3	やめる
TWN_ZOAH	00EA9F	9		4	中に入る
TWN_ZOAH	00EAA8	7		3	やめる
TWN_ZOAH	00EAD5	39		19	そこには「護り火」の火種が安置されとる
TWN_ZOAH	00EAFC	25		12	よそ者には縁のない部屋だ
TWN_ZOAH	00EB15	14		6	<!9C>安置されとる
TWN_ZOAH	00EDD0	31		15	現在アクセス中の構造体に警告…
TWN_ZOAH	00EDEF	27		13	所属と形式を明らかにせよ…
TWN_ZOAH	00EE5B	29		14	構造体の生命形態、判別不能…
TWN_ZOAH	00F01F	9		4	外に出る
TWN_ZOAH	00F028	7		3	やめる
TWN_ZOAH	00F02F	9		4	中に入る
TWN_ZOAH	00F038	7		3	やめる
TWN_ZOAH	00F071	15		7	バイマンさん…
TWN_ZOAH	00F080	29		14	あの男、大丈夫なんですかね？
TWN_ZOAH	00F09D	27		13	よそ者をあまり信用すると…
TWN_ZOAH	00F0C5	13		6	わかっておる
TWN_ZOAH	00F0D2	33		16	だがな、統治には伝説が必要なのだ
TWN_ZOAH	00F0F3	4		2	…)
TWN_ZOAH	00F0F7	31		15	彼は、その力を私に与えてくれる
TWN_ZOAH	00F116	25		12	それに、しょせんは子供だ
TWN_ZOAH	00F12F	6		2	<13>れる
TWN_ZOAH	00F135	33		16	うまくあしらえば、なんとでもなる
TWN_ZOAH	00F188	37		18	外界との取り引きの事だが…キトール、
TWN_ZOAH	00F1AD	31		15	今後はおまえにまかせようと思う
TWN_ZOAH	00F1D9	21		10	ありがとうございます
TWN_ZOAH	00F1FB	21		10	私に礼を言う事はない
TWN_ZOAH	00F210	37		18	感謝の心は、教会への寄付で示せばよい
TWN_ZOAH	00F469	9		4	外に出る
TWN_ZOAH	00F472	7		3	やめる
TWN_ZOAH	00F519	35		17	ほう…私の蔵書に興味があるのかね？
TWN_ZOAH	00F53C	37		18	外界との交渉に備えて集めた資料だが…
TWN_ZOAH	00F561	39		19	君とドラゴンがいる以上、もはや無用だな
TWN_ZOAH	00F588	29		14	よかったら、持って行きたまえ
TWN_ZOAH	00F5F2	35		17	ほう…私の蔵書に興味があるのかね？
TWN_ZOAH	00F615	37		18	外界との交渉に備えて集めた資料だが…
TWN_ZOAH	00F63A	39		19	君とドラゴンがいる以上、もはや無用だな
TWN_ZOAH	00F661	29		14	よかったら、持って行きたまえ
TWN_ZOAH	00F6CB	35		17	ほう…私の蔵書に興味があるのかね？
TWN_ZOAH	00F6EE	37		18	外界との交渉に備えて集めた資料だが…
TWN_ZOAH	00F713	39		19	君とドラゴンがいる以上、もはや無用だな
TWN_ZOAH	00F73A	29		14	よかったら、持って行きたまえ
TWN_ZOAH	00F813	9		4	外に出る
TWN_ZOAH	00F81C	7		3	やめる
TWN_ZOAH	00F9D7	19		9	それ、欲しいのか？
TWN_ZOAH	00F9F7	19		9	いいぜ、持ってけよ
TWN_ZOAH	00FC2F	9		4	外に出る
TWN_ZOAH	00FC38	7		3	やめる
TWN_ZOAH	00FD64	9		4	外に出る
TWN_ZOAH	00FD6D	7		3	やめる
TWN_ZOAH	00FF4F	8		2	<09>\n\n！ウ<01><07>
TWN_ZOAH	00FF57	8		2	<09>\n<09>ソ…<15><02>
TWN_ZOAH	013146	17		8	おまえ、新顔だな
TWN_ZOAH	013157	37		18	俺は、神聖区門番のアブネルってもんだ
TWN_ZOAH	01317D	37		18	俺の仕事中には、めんどうを起こすなよ
TWN_ZOAH	0131A2	33		16	何かやらかすんなら、昼間にしとけ
TWN_ZOAH	0131D0	21		10	なあ、金貸してくれよ
TWN_ZOAH	0131E5	19		9	100Dnでいいんだ
TWN_ZOAH	0131F8	2		1	よ
TWN_ZOAH	013207	37		18	ありがてえ！ これで食料が買えるぜ！
TWN_ZOAH	01325D	29		14	ちえっ、ケチくせえ野郎だな！
TWN_ZOAH	0132D6	21		10	よう、どうかしたか？
TWN_ZOAH	0132F8	23		11	話なら、後にしてくれよ
TWN_ZOAH	01331C	37		18	金ならそのうち返すって、せっつくなよ
TWN_ZOAH	013446	37		18	ハンターのエッジってのは、おまえか？
TWN_ZOAH	013478	17		8	ああ、そうだけど
TWN_ZOAH	013489	20		9	<!BD>てのは、おまえか？
TWN_ZOAH	0134AA	29		14	おまえに預かりもんだ、ほらよ
TWN_ZOAH	0134D4	17		8	神聖区の通行証だ
TWN_ZOAH	0134E5	12		6	んだ、ほらよ
TWN_ZOAH	0134F1	31		15	…まったく、わけがわかんねえぜ
TWN_ZOAH	013510	6		2	<0F>か？
TWN_ZOAH	013516	29		14	なんで、おまえみたいな奴に…
TWN_ZOAH	013533	13		6	あ、そうか！
TWN_ZOAH	013540	39		19	おまえ、バイマンさんに金積んだんだろ？
TWN_ZOAH	013567	33		16	パエットの奴に紹介してもらってよ
TWN_ZOAH	013595	17		8	なんだよ、それ…
TWN_ZOAH	0135A6	29		14	だいいち、バイマンって誰だ？
TWN_ZOAH	0135C3	23		11	パエットの知り合いか？
TWN_ZOAH	0135E7	27		13	なんだ、知らなかったのか？
TWN_ZOAH	013602	17		8	あいつの親父だよ
TWN_ZOAH	013613	39		19	神聖区じゃ、司祭の次ぐらいに偉いんだぜ
TWN_ZOAH	013648	23		11	そんな人が、どうして…
TWN_ZOAH	01366C	33		16	さあな…俺は頼まれただけだからよ
TWN_ZOAH	01368D	33		16	あ、そうだ、伝言もあったんだっけ
TWN_ZOAH	0136AE	35		17	話があるから、神聖区まで来いってよ
TWN_ZOAH	0136DE	37		18	バイマンさんの家は、教会の裏だってよ
TWN_ZOAH	013710	39		19	新顔のハンターがあっさり神聖区入りして
TWN_ZOAH	013737	37		18	ずっと働いてる俺には、何もなしかよ…
TWN_ZOAH	01375C	39		19	なんか、働くのがバカらしくなってきたぜ
TWN_ZOAH	0137E2	27		13	こないだ借りた金だけどよ…
TWN_ZOAH	0137FD	29		14	実は、当分返せそうにねえんだ
TWN_ZOAH	01381A	2		1	)
TWN_ZOAH	013829	25		12	そんな！ 約束が違うよ！
TWN_ZOAH	01384F	17		8	ま、待ってくれよ
TWN_ZOAH	013860	35		17	何も、ふみ倒そうってんじゃねえんだ
TWN_ZOAH	013883	4		1	<1B>ぜ
TWN_ZOAH	013888	33		16	かわりに俺の持ち物、何でもやるよ
TWN_ZOAH	0138A9	39		19	家から勝手に持ってっていいからさ、な？
TWN_ZOAH	0138DD	13		6	わかったよ…
TWN_ZOAH	0138EA	25		12	家って、どこにあるんだ？
TWN_ZOAH	013910	19		9	ヤレドの店の隣だよ
TWN_ZOAH	013923	25		12	相棒と一緒に住んでるんだ
TWN_ZOAH	01393C	14		6	<0D>からさ、な？
TWN_ZOAH	01394A	23		11	夜になったら来てくれよ
TWN_ZOAH	0139BF	27		13	こないだ借りた金だけどよ…
TWN_ZOAH	0139DA	29		14	実は、当分返せそうにねえんだ
TWN_ZOAH	0139F7	2		1	)
TWN_ZOAH	013A06	25		12	そんな！ 約束が違うよ！
TWN_ZOAH	013A2C	17		8	ま、待ってくれよ
TWN_ZOAH	013A3D	35		17	何も、ふみ倒そうってんじゃねえんだ
TWN_ZOAH	013A60	4		2	な？
TWN_ZOAH	013A64	33		16	かわりに俺の持ち物、何でもやるよ
TWN_ZOAH	013A85	39		19	家から勝手に持ってっていいからさ、な？
TWN_ZOAH	013AB9	13		6	わかったよ…
TWN_ZOAH	013AC6	25		12	家って、どこにあるんだ？
TWN_ZOAH	013AEC	19		9	ヤレドの店の隣だよ
TWN_ZOAH	013AFF	25		12	相棒と一緒に住んでるんだ
TWN_ZOAH	013B18	14		6	<0D>からさ、な？
TWN_ZOAH	013B26	23		11	夜になったら来てくれよ
TWN_ZOAH	013BE4	37		18	おまえも、ここの噂聞いて来たんだろ？
TWN_ZOAH	013C09	39		19	よそに比べりゃ、楽園みたいな所だからな
TWN_ZOAH	013C3D	29		14	門番ってのは、退屈な仕事だぜ
TWN_ZOAH	013C5A	10		5	むだからな
TWN_ZOAH	013C64	31		15	眠気をこらえるのにもひと苦労さ
TWN_ZOAH	013C90	31		15	ずいぶん落ち着いてるじゃねえか
TWN_ZOAH	013CAF	35		17	このあたりに帝国が来てるってのによ
TWN_ZOAH	013CDF	29		14	帝国軍の基地の噂、聞いたか？
TWN_ZOAH	013CFC	25		12	すげえ大砲か何かがあって
TWN_ZOAH	013D15	39		19	いつでも、この街にぶっ放せるって話だぜ
TWN_ZOAH	013D3D	39		19	それをネタに、評議会を斉してるんだとよ
TWN_ZOAH	013D71	23		11	帝国の基地は全滅だとよ
TWN_ZOAH	013D88	35		17	ドラゴンが焼き払っちまったらしいぜ
TWN_ZOAH	013DAB	4		1	<1F>よ
TWN_ZOAH	013DBC	39		19	おまえもここに住みたいんじゃねえのか？
TWN_ZOAH	013DE3	27		13	勝手に居着いてもいいんだぜ
TWN_ZOAH	013DFE	12		5	<!BA>ねえのか？
TWN_ZOAH	013E0A	37		18	開放区は、そうやってできたんだからな
TWN_ZOAH	013E2F	19		9	ジューバの店への道
TWN_ZOAH	013E42	17		8	パエットの居場所
TWN_ZOAH	013E53	17		8	機械置き場への道
TWN_ZOAH	013E64	19		9	バイマンの家への道
TWN_ZOAH	013E77	11		5	教会への道
TWN_ZOAH	013E82	11		5	通路への道
TWN_ZOAH	013E8D	11		5	話をやめる
TWN_ZOAH	013E98	19		9	ジューバの店への道
TWN_ZOAH	013EAB	17		8	パエットの居場所
TWN_ZOAH	013EBC	17		8	機械置き場への道
TWN_ZOAH	013ECD	19		9	バイマンの家への道
TWN_ZOAH	013EE0	11		5	教会への道
TWN_ZOAH	013EEB	11		5	話をやめる
TWN_ZOAH	013EF6	19		9	ジューバの店への道
TWN_ZOAH	013F09	17		8	パエットの居場所
TWN_ZOAH	013F1A	17		8	機械置き場への道
TWN_ZOAH	013F2B	19		9	バイマンの家への道
TWN_ZOAH	013F3E	11		5	通路への道
TWN_ZOAH	013F49	11		5	話をやめる
TWN_ZOAH	013F54	19		9	ジューバの店への道
TWN_ZOAH	013F67	17		8	パエットの居場所
TWN_ZOAH	013F78	17		8	機械置き場への道
TWN_ZOAH	013F89	19		9	バイマンの家への道
TWN_ZOAH	013F9C	11		5	話をやめる
TWN_ZOAH	013FA7	19		9	ジューバの店への道
TWN_ZOAH	013FBA	17		8	パエットの居場所
TWN_ZOAH	013FCB	17		8	機械置き場への道
TWN_ZOAH	013FDC	11		5	教会への道
TWN_ZOAH	013FE7	11		5	通路への道
TWN_ZOAH	013FF2	11		5	話をやめる
TWN_ZOAH	013FFD	19		9	ジューバの店への道
TWN_ZOAH	014010	17		8	パエットの居場所
TWN_ZOAH	014021	17		8	機械置き場への道
TWN_ZOAH	014032	11		5	教会への道
TWN_ZOAH	01403D	11		5	話をやめる
TWN_ZOAH	014048	19		9	ジューバの店への道
TWN_ZOAH	01405B	17		8	パエットの居場所
TWN_ZOAH	01406C	17		8	機械置き場への道
TWN_ZOAH	01407D	11		5	通路への道
TWN_ZOAH	014088	11		5	話をやめる
TWN_ZOAH	014093	19		9	ジューバの店への道
TWN_ZOAH	0140A6	17		8	パエットの居場所
TWN_ZOAH	0140B7	17		8	機械置き場への道
TWN_ZOAH	0140C8	11		5	話をやめる
TWN_ZOAH	0140D3	19		9	ジューバの店への道
TWN_ZOAH	0140E6	17		8	パエットの居場所
TWN_ZOAH	0140F7	19		9	バイマンの家への道
TWN_ZOAH	01410A	11		5	教会への道
TWN_ZOAH	014115	11		5	通路への道
TWN_ZOAH	014120	11		5	話をやめる
TWN_ZOAH	01412B	19		9	ジューバの店への道
TWN_ZOAH	01413E	17		8	パエットの居場所
TWN_ZOAH	01414F	19		9	バイマンの家への道
TWN_ZOAH	014162	11		5	教会への道
TWN_ZOAH	01416D	11		5	話をやめる
TWN_ZOAH	014178	19		9	ジューバの店への道
TWN_ZOAH	01418B	17		8	パエットの居場所
TWN_ZOAH	01419C	19		9	バイマンの家への道
TWN_ZOAH	0141AF	11		5	通路への道
TWN_ZOAH	0141BA	11		5	話をやめる
TWN_ZOAH	0141C5	19		9	ジューバの店への道
TWN_ZOAH	0141D8	17		8	パエットの居場所
TWN_ZOAH	0141E9	19		9	バイマンの家への道
TWN_ZOAH	0141FC	11		5	話をやめる
TWN_ZOAH	014207	19		9	ジューバの店への道
TWN_ZOAH	01421A	17		8	パエットの居場所
TWN_ZOAH	01422B	11		5	教会への道
TWN_ZOAH	014236	11		5	通路への道
TWN_ZOAH	014241	11		5	話をやめる
TWN_ZOAH	01424C	19		9	ジューバの店への道
TWN_ZOAH	01425F	17		8	パエットの居場所
TWN_ZOAH	014270	11		5	教会への道
TWN_ZOAH	01427B	11		5	話をやめる
TWN_ZOAH	014286	19		9	ジューバの店への道
TWN_ZOAH	014299	17		8	パエットの居場所
TWN_ZOAH	0142AA	11		5	通路への道
TWN_ZOAH	0142B5	11		5	話をやめる
TWN_ZOAH	0142C0	19		9	ジューバの店への道
TWN_ZOAH	0142D3	17		8	パエットの居場所
TWN_ZOAH	0142E4	11		5	話をやめる
TWN_ZOAH	0142EF	19		9	ジューバの店への道
TWN_ZOAH	014302	17		8	機械置き場への道
TWN_ZOAH	014313	19		9	バイマンの家への道
TWN_ZOAH	014326	11		5	教会への道
TWN_ZOAH	014331	11		5	通路への道
TWN_ZOAH	01433C	11		5	話をやめる
TWN_ZOAH	014347	19		9	ジューバの店への道
TWN_ZOAH	01435A	17		8	機械置き場への道
TWN_ZOAH	01436B	19		9	バイマンの家への道
TWN_ZOAH	01437E	11		5	教会への道
TWN_ZOAH	014389	11		5	話をやめる
TWN_ZOAH	014394	19		9	ジューバの店への道
TWN_ZOAH	0143A7	17		8	機械置き場への道
TWN_ZOAH	0143B8	19		9	バイマンの家への道
TWN_ZOAH	0143CB	11		5	通路への道
TWN_ZOAH	0143D6	11		5	話をやめる
TWN_ZOAH	0143E1	19		9	ジューバの店への道
TWN_ZOAH	0143F4	17		8	機械置き場への道
TWN_ZOAH	014405	19		9	バイマンの家への道
TWN_ZOAH	014418	11		5	話をやめる
TWN_ZOAH	014423	19		9	ジューバの店への道
TWN_ZOAH	014436	17		8	機械置き場への道
TWN_ZOAH	014447	11		5	教会への道
TWN_ZOAH	014452	11		5	通路への道
TWN_ZOAH	01445D	11		5	話をやめる
TWN_ZOAH	014468	19		9	ジューバの店への道
TWN_ZOAH	01447B	17		8	機械置き場への道
TWN_ZOAH	01448C	11		5	教会への道
TWN_ZOAH	014497	11		5	話をやめる
TWN_ZOAH	0144A2	19		9	ジューバの店への道
TWN_ZOAH	0144B5	17		8	機械置き場への道
TWN_ZOAH	0144C6	11		5	通路への道
TWN_ZOAH	0144D1	11		5	話をやめる
TWN_ZOAH	0144DC	19		9	ジューバの店への道
TWN_ZOAH	0144EF	17		8	機械置き場への道
TWN_ZOAH	014500	11		5	話をやめる
TWN_ZOAH	01450B	19		9	ジューバの店への道
TWN_ZOAH	01451E	19		9	バイマンの家への道
TWN_ZOAH	014531	11		5	教会への道
TWN_ZOAH	01453C	11		5	通路への道
TWN_ZOAH	014547	11		5	話をやめる
TWN_ZOAH	014552	19		9	ジューバの店への道
TWN_ZOAH	014565	19		9	バイマンの家への道
TWN_ZOAH	014578	11		5	教会への道
TWN_ZOAH	014583	11		5	話をやめる
TWN_ZOAH	01458E	19		9	ジューバの店への道
TWN_ZOAH	0145A1	19		9	バイマンの家への道
TWN_ZOAH	0145B4	11		5	通路への道
TWN_ZOAH	0145BF	11		5	話をやめる
TWN_ZOAH	0145CA	19		9	ジューバの店への道
TWN_ZOAH	0145DD	19		9	バイマンの家への道
TWN_ZOAH	0145F0	11		5	話をやめる
TWN_ZOAH	0145FB	19		9	ジューバの店への道
TWN_ZOAH	01460E	11		5	教会への道
TWN_ZOAH	014619	11		5	通路への道
TWN_ZOAH	014624	11		5	話をやめる
TWN_ZOAH	01462F	19		9	ジューバの店への道
TWN_ZOAH	014642	11		5	教会への道
TWN_ZOAH	01464D	11		5	話をやめる
TWN_ZOAH	014658	19		9	ジューバの店への道
TWN_ZOAH	01466B	11		5	通路への道
TWN_ZOAH	014676	11		5	話をやめる
TWN_ZOAH	014681	19		9	ジューバの店への道
TWN_ZOAH	014694	11		5	話をやめる
TWN_ZOAH	01469F	19		9	ジューバの店への道
TWN_ZOAH	0146B2	17		8	機械置き場への道
TWN_ZOAH	0146C3	19		9	バイマンの家への道
TWN_ZOAH	0146D6	11		5	教会への道
TWN_ZOAH	0146E1	11		5	通路への道
TWN_ZOAH	0146EC	11		5	話をやめる
TWN_ZOAH	0146F7	19		9	ジューバの店への道
TWN_ZOAH	01470A	17		8	機械置き場への道
TWN_ZOAH	01471B	19		9	バイマンの家への道
TWN_ZOAH	01472E	11		5	教会への道
TWN_ZOAH	014739	11		5	話をやめる
TWN_ZOAH	014744	19		9	ジューバの店への道
TWN_ZOAH	014757	17		8	機械置き場への道
TWN_ZOAH	014768	19		9	バイマンの家への道
TWN_ZOAH	01477B	11		5	通路への道
TWN_ZOAH	014786	11		5	話をやめる
TWN_ZOAH	014791	19		9	ジューバの店への道
TWN_ZOAH	0147A4	17		8	機械置き場への道
TWN_ZOAH	0147B5	19		9	バイマンの家への道
TWN_ZOAH	0147C8	11		5	話をやめる
TWN_ZOAH	0147D3	19		9	ジューバの店への道
TWN_ZOAH	0147E6	17		8	機械置き場への道
TWN_ZOAH	0147F7	11		5	教会への道
TWN_ZOAH	014802	11		5	通路への道
TWN_ZOAH	01480D	11		5	話をやめる
TWN_ZOAH	014818	19		9	ジューバの店への道
TWN_ZOAH	01482B	17		8	機械置き場への道
TWN_ZOAH	01483C	11		5	教会への道
TWN_ZOAH	014847	11		5	話をやめる
TWN_ZOAH	014852	19		9	ジューバの店への道
TWN_ZOAH	014865	17		8	機械置き場への道
TWN_ZOAH	014876	11		5	通路への道
TWN_ZOAH	014881	11		5	話をやめる
TWN_ZOAH	01488C	19		9	ジューバの店への道
TWN_ZOAH	01489F	17		8	機械置き場への道
TWN_ZOAH	0148B0	11		5	話をやめる
TWN_ZOAH	0148BB	19		9	ジューバの店への道
TWN_ZOAH	0148CE	19		9	バイマンの家への道
TWN_ZOAH	0148E1	11		5	教会への道
TWN_ZOAH	0148EC	11		5	通路への道
TWN_ZOAH	0148F7	11		5	話をやめる
TWN_ZOAH	014902	19		9	ジューバの店への道
TWN_ZOAH	014915	19		9	バイマンの家への道
TWN_ZOAH	014928	11		5	教会への道
TWN_ZOAH	014933	11		5	話をやめる
TWN_ZOAH	01493E	19		9	ジューバの店への道
TWN_ZOAH	014951	19		9	バイマンの家への道
TWN_ZOAH	014964	11		5	通路への道
TWN_ZOAH	01496F	11		5	話をやめる
TWN_ZOAH	01497A	19		9	ジューバの店への道
TWN_ZOAH	01498D	19		9	バイマンの家への道
TWN_ZOAH	0149A0	11		5	話をやめる
TWN_ZOAH	0149AB	19		9	ジューバの店への道
TWN_ZOAH	0149BE	11		5	教会への道
TWN_ZOAH	0149C9	11		5	通路への道
TWN_ZOAH	0149D4	11		5	話をやめる
TWN_ZOAH	0149DF	19		9	ジューバの店への道
TWN_ZOAH	0149F2	11		5	教会への道
TWN_ZOAH	0149FD	11		5	話をやめる
TWN_ZOAH	014A08	19		9	ジューバの店への道
TWN_ZOAH	014A1B	11		5	通路への道
TWN_ZOAH	014A26	11		5	話をやめる
TWN_ZOAH	014A31	19		9	ジューバの店への道
TWN_ZOAH	014A44	11		5	話をやめる
TWN_ZOAH	014A4F	17		8	機械置き場への道
TWN_ZOAH	014A60	19		9	バイマンの家への道
TWN_ZOAH	014A73	11		5	教会への道
TWN_ZOAH	014A7E	11		5	通路への道
TWN_ZOAH	014A89	11		5	話をやめる
TWN_ZOAH	014A94	17		8	機械置き場への道
TWN_ZOAH	014AA5	19		9	バイマンの家への道
TWN_ZOAH	014AB8	11		5	教会への道
TWN_ZOAH	014AC3	11		5	話をやめる
TWN_ZOAH	014ACE	17		8	機械置き場への道
TWN_ZOAH	014ADF	19		9	バイマンの家への道
TWN_ZOAH	014AF2	11		5	通路への道
TWN_ZOAH	014AFD	11		5	話をやめる
TWN_ZOAH	014B08	17		8	機械置き場への道
TWN_ZOAH	014B19	19		9	バイマンの家への道
TWN_ZOAH	014B2C	11		5	話をやめる
TWN_ZOAH	014B37	17		8	機械置き場への道
TWN_ZOAH	014B48	11		5	教会への道
TWN_ZOAH	014B53	11		5	通路への道
TWN_ZOAH	014B5E	11		5	話をやめる
TWN_ZOAH	014B69	17		8	機械置き場への道
TWN_ZOAH	014B7A	11		5	教会への道
TWN_ZOAH	014B85	11		5	話をやめる
TWN_ZOAH	014B90	17		8	機械置き場への道
TWN_ZOAH	014BA1	11		5	通路への道
TWN_ZOAH	014BAC	11		5	話をやめる
TWN_ZOAH	014BB7	17		8	機械置き場への道
TWN_ZOAH	014BC8	11		5	話をやめる
TWN_ZOAH	014BD3	19		9	バイマンの家への道
TWN_ZOAH	014BE6	11		5	教会への道
TWN_ZOAH	014BF1	11		5	通路への道
TWN_ZOAH	014BFC	11		5	話をやめる
TWN_ZOAH	014C07	19		9	バイマンの家への道
TWN_ZOAH	014C1A	11		5	教会への道
TWN_ZOAH	014C25	11		5	話をやめる
TWN_ZOAH	014C30	19		9	バイマンの家への道
TWN_ZOAH	014C43	11		5	通路への道
TWN_ZOAH	014C4E	11		5	話をやめる
TWN_ZOAH	014C59	19		9	バイマンの家への道
TWN_ZOAH	014C6C	11		5	話をやめる
TWN_ZOAH	014C77	11		5	教会への道
TWN_ZOAH	014C82	11		5	通路への道
TWN_ZOAH	014C8D	11		5	話をやめる
TWN_ZOAH	014C98	11		5	教会への道
TWN_ZOAH	014CA3	11		5	話をやめる
TWN_ZOAH	014CAE	11		5	通路への道
TWN_ZOAH	014CB9	11		5	話をやめる
TWN_ZOAH	014CD1	27		13	ああ、一杯やろうってんだな
TWN_ZOAH	014CEC	31		15	街の入□の横に、階段があるだろ
TWN_ZOAH	014D0B	25		12	そいつを越えりゃ目の前だ
TWN_ZOAH	014D24	6		3	るだろ
TWN_ZOAH	014D2A	17		8	青い扉が目印だぜ
TWN_ZOAH	014D3B	8		3	<!A0>の前だ
TWN_ZOAH	014D43	6		3	るだろ
TWN_ZOAH	014D56	37		18	パエットなら、街の外に行っちまったぜ
TWN_ZOAH	014D7B	2		1	？
TWN_ZOAH	014D7D	25		12	友達に用事だとか言ってよ
TWN_ZOAH	014D96	25		12	…何考えてんだ、あいつ？
TWN_ZOAH	014DBC	35		17	朝になるまで出てこねえよ、あいつは
TWN_ZOAH	014DDF	29		14	夜の間は、この門の向こう側さ
TWN_ZOAH	014E09	37		18	通路を抜けると、正面に壁があるからよ
TWN_ZOAH	014E2E	31		15	そいつにそって、右へ進んでみな
TWN_ZOAH	014E4D	33		16	もっとも、今は誰もいねえと思うぜ
TWN_ZOAH	014E6E	4		2	らよ
TWN_ZOAH	014E7F	23		11	俺もよく知らねえけど…
TWN_ZOAH	014E96	37		18	教会の入□の脇に、通路があるんだとよ
TWN_ZOAH	014EBB	37		18	そいつを抜けて、すぐ右だって聞いたぜ
TWN_ZOAH	014EE0	2		1	？
TWN_ZOAH	014EEF	39		19	この門を抜けると、正面に倉庫があって…
TWN_ZOAH	014F16	27		13	その左側が、教会なんだとよ
TWN_ZOAH	014F31	39		19	青い柱が、入□の両脇に立ってるそうだぜ
TWN_ZOAH	014F66	35		17	通路なら、ジューバの店の隣にあるぜ
TWN_ZOAH	0184C6	19		9	見かけねえ顔だな…
TWN_ZOAH	0184D9	21		10	なんだ、ハンターかよ
TWN_ZOAH	0184FB	31		15	…そう言うあんたは、何なんだ？
TWN_ZOAH	018527	31		15	へっ！ でけえ□叩くじゃねえか
TWN_ZOAH	018546	27		13	未来の神聖区民に向かってよ
TWN_ZOAH	018561	31		15	俺の名はアルドーだ、覚えときな
TWN_ZOAH	01858D	21		10	手伝いならお断りだぜ
TWN_ZOAH	0185A2	10		4	<!DA>えときな
TWN_ZOAH	0185AC	29		14	てめえと給金を分ける気はねえ
TWN_ZOAH	0185D6	37		18	神聖区民になるには、下積みがいるのさ
TWN_ZOAH	0185FB	39		19	てめえに言っても、わかんねえだろうがな
TWN_ZOAH	01862F	31		15	この作物は、みんな神聖区の物さ
TWN_ZOAH	01864E	39		19	俺達は、わざわざ金で買わなきゃならねえ
TWN_ZOAH	018675	37		18	神聖区に雇われて、はした金稼いでも…
TWN_ZOAH	01869A	35		17	また、連中に吸い上げられちまうのさ
TWN_ZOAH	018714	31		15	さっさとこの街から出て行きな…
TWN_ZOAH	018733	31		15	俺みたいになりたくなけりゃあな
TWN_ZOAH	01875F	37		18	神聖区の奴がいると、酒がまずくなるぜ
TWN_ZOAH	018784	2		1	)
TWN_ZOAH	018786	23		11	てめえもそう思うだろ？
TWN_ZOAH	0187F0	27		13	うるせえな、あっちに行けよ
TWN_ZOAH	018818	31		15	…てめえ、ケンカ売ってんのか？
TWN_ZOAH	018844	23		11	聞いたか、黒い船の話！
TWN_ZOAH	018868	31		15	ウルの方に飛んでったってんだろ
TWN_ZOAH	018887	19		9	俺達にゃ関係ねえよ
TWN_ZOAH	01889A	31		15	奴らは遣跡が目当てなんだからな
TWN_ZOAH	0188C6	33		16	最近、ガラクタ集めの仕事がねえな
TWN_ZOAH	0188F4	37		18	パエットも呆れちまったんじゃねえか？
TWN_ZOAH	018919	35		17	俺達が、ろくな物拾ってこねえからさ
TWN_ZOAH	018949	29		14	なら、どうすりゃいいんだよ？
TWN_ZOAH	018966	33		16	遠くの遣跡まで足をのばせってのか
TWN_ZOAH	018987	15		7	冗談じゃねえや
TWN_ZOAH	018996	35		17	小金目当てに体を張るバカはいねえよ
TWN_ZOAH	0189C6	25		12	パエットとベゼルだけどよ
TWN_ZOAH	0189DF	35		17	あいつら、あそこで何やってるんだ？
TWN_ZOAH	018A0F	37		18	旧世紀の空飛ぶ船を直してるって話だぜ
TWN_ZOAH	018A34	2		1	)
TWN_ZOAH	018A36	37		18	ベゼルの奴、その船で街を出るんだとよ
TWN_ZOAH	018A68	7		3	へえ…
TWN_ZOAH	018A6F	35		17	なんで、わざわざ外に出たがるんだ？
TWN_ZOAH	018A92	27		13	司祭になりたくねえのかな？
TWN_ZOAH	018ABA	29		14	外の世界を見てみたいんだとよ
TWN_ZOAH	018AD7	37		18	神聖区のお坊ちゃんの言いそうなこった
TWN_ZOAH	018AFC	37		18	とっとと出てって、死んじまえってんだ
TWN_ZOAH	018B21	2		1	)
TWN_ZOAH	018B30	37		18	アブネルの野郎に、金貸したんだって？
TWN_ZOAH	018B55	39		19	気の毒にな…その金、絶対返ってこねえよ
TWN_ZOAH	018BCD	9		4	うわっ！
TWN_ZOAH	018BD6	35		17	…な、なんだ、帝国軍じゃねえのか…
TWN_ZOAH	018BF9	21		10	おどかすんじゃねえよ
TWN_ZOAH	018C67	9		4	うわっ！
TWN_ZOAH	018C70	35		17	…な、なんだ、帝国軍じゃねえのか…
TWN_ZOAH	018C93	21		10	おどかすんじゃねえよ
TWN_ZOAH	018D26	17		8	あれ？ その銃…
TWN_ZOAH	018D37	23		11	ラドガムのじゃねえか！
TWN_ZOAH	018D5B	21		10	渓谷で見つけたんだ…
TWN_ZOAH	018D70	23		11	でも、持ち主は死んでた
TWN_ZOAH	018D94	31		15	そうか…やっぱり行っちまったか
TWN_ZOAH	018DC0	15		7	実を言うとな…
TWN_ZOAH	018DCF	31		15	俺も、おまえと同業だったんだぜ
TWN_ZOAH	018DEE	6		2	<0E>だ)
TWN_ZOAH	018E01	29		14	あんたも、ハンターだったのか
TWN_ZOAH	018E2B	37		18	ああ、ラドガムの爺さんと組んでたんだ
TWN_ZOAH	018E50	2		1	)
TWN_ZOAH	018E52	37		18	でも…あれは、渓谷に行った時だったな
TWN_ZOAH	018E77	33		16	攻性生物の群れと出くわしちまって
TWN_ZOAH	018E98	31		15	他の仲間は、みんな死んじまった
TWN_ZOAH	018EB7	39		19	俺達だけが、この街に逃げ込んだんだが…
TWN_ZOAH	018EDE	39		19	それ以来、俺は銃を持てなくなっちまった
TWN_ZOAH	018F12	9		4	なぜだ？
TWN_ZOAH	018F28	35		17	恐くなっちまったんだよ、戦うのが…
TWN_ZOAH	018F4B	29		14	どうしても忘れられねえんだ…
TWN_ZOAH	018F68	37		18	目の前で食われていく、仲間の姿がよ！
TWN_ZOAH	018F8D	7		3	………
TWN_ZOAH	018FA1	25		12	てめえに言ってもムダか…
TWN_ZOAH	018FBA	37		18	現役のハンター様にゃ、わかんねえよな
TWN_ZOAH	018FEC	7		3	ごめん
TWN_ZOAH	019000	21		10	別に、謝るこたねえよ
TWN_ZOAH	019015	39		19	それに…いずれ、わかるかもしれねえしな
TWN_ZOAH	019049	17		8	どういう意味だ？
TWN_ZOAH	019067	33		16	この街じゃ、戦う必要がないんだぜ
TWN_ZOAH	019088	6		2	<0F>しな
TWN_ZOAH	01908E	29		14	しばらく、ここで暮らしてみな
TWN_ZOAH	0190AB	29		14	誰だって腰抜けになっちまうさ
TWN_ZOAH	0190D5	9		4	わかるさ
TWN_ZOAH	0190EB	13		6	…なんだと？
TWN_ZOAH	0190F8	31		15	何がわかるってんだ、このガキ！
TWN_ZOAH	019124	27		13	儀だって、仲間を殺された…
TWN_ZOAH	01913F	39		19	それからも、何度も死ぬような目にあった
TWN_ZOAH	019166	17		8	それでも、儀は…
TWN_ZOAH	019177	39		19	あんたみたいに戦いをやめたりはしない！
TWN_ZOAH	0191AB	31		15	うるせえ！ 俺の知ったことか！
TWN_ZOAH	0191CA	39		19	…戦いたけりゃ、勝手に戦って死にやがれ
TWN_ZOAH	0191FE	19		9	…また来たのかよ…
TWN_ZOAH	01921E	29		14	ごめん…この前は言いすぎたよ
TWN_ZOAH	019248	23		11	もういいよ、どうでも…
TWN_ZOAH	01925F	33		16	それより、街を出なくていいのか？
TWN_ZOAH	01928D	5		2	え？
TWN_ZOAH	01929F	37		18	長居してると、俺みたいになっちまうぜ
TWN_ZOAH	0192C4	2		1	れ
TWN_ZOAH	0192C6	25		12	ここは、戦いのない街だ…
TWN_ZOAH	0192DF	33		16	入るのは楽でも、出るのはつらいぜ
TWN_ZOAH	019300	4		1	<0E>ぜ
TWN_ZOAH	019304	2		1	れ
TWN_ZOAH	019313	37		18	てめえ、シーカーと仲がいいんだってな
TWN_ZOAH	019338	17		8	呆れた野郎だぜ…
TWN_ZOAH	019349	35		17	ハンターの誇りってもんがねえのか？
TWN_ZOAH	019379	13		6	あんたは…？
TWN_ZOAH	019393	25		12	変な目で見るんじゃねえよ
TWN_ZOAH	0193AC	17		8	ここは俺んちだぜ
TWN_ZOAH	0193BD	8		3	<!BA>ねえよ
TWN_ZOAH	0193C5	35		17	てめえこそ、勝手に入ってきやがって
TWN_ZOAH	0193E8	19		9	どういうつもりだよ
TWN_ZOAH	019408	33		16	ごめん、家の様子が変だったから…
TWN_ZOAH	019436	21		10	…別に、何でもねえよ
TWN_ZOAH	01944B	25		12	俺は、アルドーってもんだ
TWN_ZOAH	019464	8		3	<1B>から…
TWN_ZOAH	01946C	21		10	この開放区で働いてる
TWN_ZOAH	01948E	35		17	そうか…でも、なんで隠れてるんだ？
TWN_ZOAH	0194BE	17		8	ひとの勝手だろ…
TWN_ZOAH	0194CF	25		12	どうせ、俺は腰抜けだよ！
TWN_ZOAH	0194F5	31		15	この開放区も、悪い所じゃないぜ
TWN_ZOAH	019514	4		1	<!A6>？
TWN_ZOAH	019518	33		16	少なくとも、外よりはずっとマシさ
TWN_ZOAH	019546	27		13	最近は仕事が少なくて困るぜ
TWN_ZOAH	019561	6		3	マシさ
TWN_ZOAH	019567	33		16	神聖区の連中、ケチくせえからなあ
TWN_ZOAH	019595	33		16	体を張って食いぶちを稼ぐなんて…
TWN_ZOAH	0195B6	33		16	てめえらハンターの気が知れねえよ
TWN_ZOAH	0195E4	31		15	こんな時に、よく出歩けるもんだ
TWN_ZOAH	019603	2		1	よ
TWN_ZOAH	019605	31		15	よっぽど命が惜しくねえらしいな
TWN_ZOAH	019631	31		15	俺は、この街を捨てる気はねえよ
TWN_ZOAH	019650	33		16	帝国軍が行っちまうまで待つだけさ
TWN_ZOAH	01967E	23		11	てめえら、考えが甘いぜ
TWN_ZOAH	019695	10		4	<0F>つだけさ
TWN_ZOAH	01969F	33		16	帝国がそう簡単に引きさがるもんか
TWN_ZOAH	0196CD	27		13	俺は、当分ここから出ねえよ
TWN_ZOAH	0196E8	25		12	本当に安全になるまではな
TWN_ZOAH	01A866	35		17	帝国軍の存在は、住民の安全に関わる
TWN_ZOAH	01A889	37		18	一刻も早く、なんとかしてもらわんとな
TWN_ZOAH	01A8BB	39		19	この街の「遣産」は、非常に貴重なものだ
TWN_ZOAH	01A8E3	27		13	きっと君の役にも立つだろう
TWN_ZOAH	01A959	13		6	ああ、君か…
TWN_ZOAH	01A966	39		19	今は、次期司祭を決定する微妙な時期でな
TWN_ZOAH	01A98D	39		19	申しわけないが、席を外してもらえんかな
TWN_ZOAH	01A9C1	37		18	今日のところは、これで引き取ってくれ
TWN_ZOAH	01A9E6	9		4	500Dn
TWN_ZOAH	01A9FC	35		17	さあ、もういいだろう…あとは明日だ
TWN_ZOAH	01AA1F	2		1	れ
TWN_ZOAH	01AA2E	35		17	さあ、もういいだろう…あとは明日だ
TWN_ZOAH	01AA51	2		1	れ
TWN_ZOAH	01AAA2	21		10	ああ、よく来てくれた
TWN_ZOAH	01AAB7	27		13	わかっておる、例のものだな
TWN_ZOAH	01AAD2	35		17	我々に残された「遣産」、すなわち…
TWN_ZOAH	01AAF5	37		18	「護り火」の火種は、教会の聖堂にある
TWN_ZOAH	01AB1A	23		11	これが、その聖堂の鍵だ
TWN_ZOAH	01AB31	14		7	ワの聖堂にある
TWN_ZOAH	01AB4C	23		11	これは君にさしあげよう
TWN_ZOAH	01AB63	37		18	もう、この街には必要ないものだからな
TWN_ZOAH	01AB95	29		14	ところで、相談があるんだが…
TWN_ZOAH	01ABB2	37		18	この街を守る仕事につく気はないかね？
TWN_ZOAH	01ABD7	39		19	選ばれた民として、生活が保証されるのだ
TWN_ZOAH	01ABFF	19		9	悪い話ではなかろう
TWN_ZOAH	01AC1F	15		7	それはできない
TWN_ZOAH	01AC2E	31		15	儀には、まだやることがあるんだ
TWN_ZOAH	01AC4D	8		4	れるのだ
TWN_ZOAH	01AC63	29		14	ま、まあ、ちょっと待ちたまえ
TWN_ZOAH	01AC80	35		17	君には君の都合があるかもしれんが…
TWN_ZOAH	01ACA3	37		18	ここを守るのも、大切な使命だと思うよ
TWN_ZOAH	01AD99	35		17	ならば、それなりの対応を考えねばな
TWN_ZOAH	01ADC9	17		8	どういう意味だ？
TWN_ZOAH	01ADE7	35		17	帝国が二度と来ないという保証はない
TWN_ZOAH	01AE0A	37		18	それでも、君がこの街を見捨てるのなら
TWN_ZOAH	01AE2F	39		19	統治者として帝国と交渉することになるな
TWN_ZOAH	01AE56	15		7	そう、例えば…
TWN_ZOAH	01AE65	39		19	街の安全と引き換えにドラゴンの情報を…
TWN_ZOAH	01AE99	13		6	なんだって！
TWN_ZOAH	01AEB3	33		16	いやいや、あくまで例えばの話だよ
TWN_ZOAH	01AED4	33		16	まあ、今すぐ返事をくれとは言わん
TWN_ZOAH	01AEF5	19		9	ゆっくり考えてくれ
TWN_ZOAH	01AF15	33		16	私の提案を受ける気になったかね？
TWN_ZOAH	01AF43	37		18	自分の立場がまだ理解できんらしいな…
TWN_ZOAH	01AF68	25		12	もっとよく考えて来たまえ
TWN_ZOAH	01AFB3	39		19	わかった…でも、養ってもらう必要はない
TWN_ZOAH	01AFDA	37		18	ずっと街にいるわけにはいかないからね
TWN_ZOAH	01B00C	23		11	まあよかろう、ただし…
TWN_ZOAH	01B023	37		18	有事の際は、私の命令に従ってもらうぞ
TWN_ZOAH	01B04A	37		18	もちろん、働きに応じて相応の礼はする
TWN_ZOAH	01B06F	25		12	よろしく頼むよ、エッジ君
TWN_ZOAH	01B095	19		9	私は色々忙しいのだ
TWN_ZOAH	01B0A8	6		3	ッジ君
TWN_ZOAH	01B0AE	29		14	教会に行っているひまなどない
TWN_ZOAH	01B0CB	35		17	それに、たとえ「護り火」が消えても
TWN_ZOAH	01B0EE	35		17	君とドラゴンがいれば、街は安泰だよ
TWN_ZOAH	01B11E	29		14	君は息子と仲がいいんだったな
TWN_ZOAH	01B13B	39		19	どうだ、パエットの奴を説得してくれんか
TWN_ZOAH	01B162	39		19	いつまでもガラクタばかりいじっとらんで
TWN_ZOAH	01B18A	31		15	少しは将来のことを考えろ、とな
TWN_ZOAH	01C0B6	19		9	なんだ、おまえは！
TWN_ZOAH	01C0C9	35		17	誰の許しを得て、ここに入ってきた！
TWN_ZOAH	01C0F9	21		10	通行証なら持ってるよ
TWN_ZOAH	01C11B	23		11	なんだと？ 一体誰が…
TWN_ZOAH	01C132	35		17	ふん、まあいい…おおよそ察しはつく
TWN_ZOAH	01C155	29		14	おまえを呼んだ者に伝えておけ
TWN_ZOAH	01C172	27		13	外との交流は不幸しか生まん
TWN_ZOAH	01C18D	29		14	ボアズが、そう言ってたとな！
TWN_ZOAH	01C1B7	29		14	ローダには近づかんでもらおう
TWN_ZOAH	01C1D4	29		14	外の子供と一緒にされては困る
TWN_ZOAH	01C1F1	35		17	あれは、評議会に認められた子なのだ
TWN_ZOAH	01C222	17		8	どういうことだ？
TWN_ZOAH	01C240	39		19	ここでは、認められた子供しか育てられん
TWN_ZOAH	01C267	35		17	限られた恵みで命をつなぐための掟だ
TWN_ZOAH	01C28A	4		2	れん
TWN_ZOAH	01C29B	31		15	人が増えないようにしてるのか…
TWN_ZOAH	01C2C7	7		3	そうだ
TWN_ZOAH	01C2CE	24		11	<0F>ないようにしてるのか…
TWN_ZOAH	01C2E6	39		19	そうやって、我々はこの生活を守ってきた
TWN_ZOAH	01C30D	27		13	無秩序なよそ者とは違うのだ
TWN_ZOAH	01C328	12		6	を守ってきた
TWN_ZOAH	01C383	39		19	帝国軍が逃げたという知らせがあったが…
TWN_ZOAH	01C3AA	23		11	別に驚くにはあたらない
TWN_ZOAH	01C3C1	39		19	神の守護が、それだけ偉大だということだ
TWN_ZOAH	01C3F6	39		19	外との取り引きが正式に認められたそうだ
TWN_ZOAH	01C41E	31		15	バイマンの…新しい司祭の提案だ
TWN_ZOAH	01C43D	8		3	<1B>そうだ
TWN_ZOAH	01C446	35		17	まさか、司祭自ら掟を曲げるとはな…
TWN_ZOAH	01C4B8	33		16	よそ者に聞かせるような話ではない
TWN_ZOAH	01C4E6	19		9	あっちに行ってろ！
TWN_ZOAH	01C506	11		5	キトール…
TWN_ZOAH	01C511	35		17	最近、よそ者とやけに親しいようだな
TWN_ZOAH	01C541	23		11	いえ、そのような事は…
TWN_ZOAH	01C565	37		18	森の恵みは、我々神聖区民だけのものだ
TWN_ZOAH	01C58D	39		19	よそ者に流せば、奴らは限りなく増長する
TWN_ZOAH	01C5B4	35		17	そして、いつかまた争いになるのだぞ
TWN_ZOAH	01C5D7	4		1	<18>る
TWN_ZOAH	01C5E8	37		18	外界との交易は、必要悪だと思いますが
TWN_ZOAH	01C60D	2		1	る
TWN_ZOAH	01C61C	33		16	バイマンも同じ事を言っていたな…
TWN_ZOAH	01C63D	33		16	あれは、この街を滅ぼしかねん男だ
TWN_ZOAH	01C65E	4		1	<18>が
TWN_ZOAH	01C662	2		1	る
TWN_ZOAH	01C671	39		19	おや、そんな事を言ってもよろしいので？
TWN_ZOAH	01C6A5	29		14	森の恵みをやたらにつみ取れば
TWN_ZOAH	01C6C2	10		4	<17>いので？
TWN_ZOAH	01C6CC	35		17	我々の自給もおぼつかなくなるのだぞ
TWN_ZOAH	01C6EF	4		1	<!A9>？
TWN_ZOAH	01C700	37		18	だからこそ、多くの者が森の奥に行って
TWN_ZOAH	01C725	35		17	新たな実りを探しているのでしょう？
TWN_ZOAH	01C748	39		19	彼らが食料を持ち帰れば、万事解決します
TWN_ZOAH	01C77C	17		8	かんちがいするな
TWN_ZOAH	01C78D	39		19	彼らは欲を満たすために行ったのではない
TWN_ZOAH	01C7C1	37		18	確か、おまえはバイマンに恩があったな
TWN_ZOAH	01C7E6	39		19	神聖区入りを推薦してもらったはずだが…
TWN_ZOAH	01C81A	37		18	…それとこれとは、関係のないことです
TWN_ZOAH	01C84C	35		17	私は、よそ者と取り引きする気はない
TWN_ZOAH	01C86F	35		17	森の恵みは、我々に与えられたものだ
TWN_ZOAH	01C894	37		18	外に分け与えるなど、神の意思に反する
TWN_ZOAH	01C8C6	39		19	この倉庫の蓄えも、徐々に減り始めている
TWN_ZOAH	01C8ED	37		18	多くの同胞が、森の奥に探索に出たが…
TWN_ZOAH	01C912	35		17	新たな恵みが見つかる保証はないのだ
TWN_ZOAH	01C935	2		1	…
TWN_ZOAH	01C93F	8		1	<09>\n<07><09>」<01><07>
TWN_ZOAH	01C947	8		2	<09>\n<09>ソ…<15><02>
TWN_ZOAH	01D027	12		3	<09>\n<07><13>「も<09><01>む<1D><1B>
TWN_ZOAH	01D033	8		1	<09>\n<07><13>チ\n<09>
TWN_ZOAH	01D03B	24		13	<09>\n<09>ヤ<!CD><1D><10><05><1A><1A><01>イス「ォスゆゆよもョ。ォ
TWN_ZOAH	01D053	39		19	ここは、ハンターなどの来る所ではないぞ
TWN_ZOAH	01D088	13		6	あんたは…？
TWN_ZOAH	01D0A2	29		14	この街の司祭を務めるダモンだ
TWN_ZOAH	01D0BF	10		4	<!A9>はないぞ
TWN_ZOAH	01D0CA	33		16	バイマンが通行証を出したようだな
TWN_ZOAH	01D0EB	25		12	だが、私はよそ者は好かん
TWN_ZOAH	01D104	35		17	用がすんだら、早々に立ち去ることだ
TWN_ZOAH	01D127	4		1	<0D>ぞ
TWN_ZOAH	01D139	39		19	神に見捨てられて、なお祈りに来たのか？
TWN_ZOAH	01D16D	31		15	ドラゴンの降臨を予言するとは…
TWN_ZOAH	01D18C	35		17	バイマンの奴め、何を考えておるのだ
TWN_ZOAH	01D1AF	4		1	<11>？
TWN_ZOAH	01D22E	39		19	変わらぬ守護と恵みに、感謝を捧げます…
TWN_ZOAH	01D262	39		19	どうか、異教徒から我らをお守り下さい…
TWN_ZOAH	01D296	13		6	バカ者めが…
TWN_ZOAH	01D2A3	39		19	ドラゴンの力を愚劣な謀略に使いおって！
TWN_ZOAH	01D2D7	35		17	貴様も、神の怒りを受けるがよいわ！
TWN_ZOAH	01D307	11		5	…すまん…
TWN_ZOAH	01D312	37		18	我々は、また同じ過ちを犯してしまう…
TWN_ZOAH	01D344	31		15	年月は、全てを風化させてしまう
TWN_ZOAH	01D363	35		17	おまえ達の事も、あの事件の記憶も…
TWN_ZOAH	01DFC2	33		16	エドナさん…あそこに、よそ者が…
TWN_ZOAH	01DFF0	23		11	あらいやだ、ほんとだよ
TWN_ZOAH	01E007	23		11	門番は何してるのかねえ
TWN_ZOAH	01E02B	31		15	天からドラゴンがやって来るって
TWN_ZOAH	01E04A	35		17	バイマンさんがおっしゃってましたよ
TWN_ZOAH	01E07A	35		17	へえ、司祭様と張り合おうってのかね
TWN_ZOAH	01E09D	39		19	あたしゃ、どうもあの人は信用できないよ
TWN_ZOAH	01E0D1	13		6	そうですか…
TWN_ZOAH	01E0EB	33		16	帝国軍のこと、心配してるのかい？
TWN_ZOAH	01E10C	39		19	大丈夫だよ、神様が守ってくださるからさ
TWN_ZOAH	01E140	23		11	あんたのご主人だけどさ
TWN_ZOAH	01E157	31		15	最近、開放区によく行くらしいね
TWN_ZOAH	01E183	37		18	ええ…森の恵みをよそ者に売るとかで…
TWN_ZOAH	01E1B5	39		19	それで、倉庫に収める分が減ってるんだね
TWN_ZOAH	01E1DC	35		17	度がすぎると、司祭様ににらまれるよ
TWN_ZOAH	01E233	23		11	あんたのご主人だけどさ
TWN_ZOAH	01E24A	31		15	最近、開放区によく行くらしいね
TWN_ZOAH	01E276	37		18	ええ…森の恵みをよそ者に売るとかで…
TWN_ZOAH	01E2A8	39		19	それで、倉庫に収める分が減ってるんだね
TWN_ZOAH	01E2CF	35		17	度が過ぎると、司祭様ににらまれるよ
TWN_ZOAH	01E2FF	19		9	司祭様のお孫さんね
TWN_ZOAH	01E312	29		14	ずっと家に戻ってないらしいよ
TWN_ZOAH	01E32F	37		18	なんでも、開放区の方に行ってるとか…
TWN_ZOAH	01E361	21		10	まあ、そうなんですか
TWN_ZOAH	01E383	33		16	若い人の気持ちはわからないねえ…
TWN_ZOAH	01E3A4	31		15	わざわざ外に行きたがるなんてさ
TWN_ZOAH	01E3F7	37		18	あんた達が神聖区に来る前の話だけど…
TWN_ZOAH	01E41C	39		19	ここに流れ着いた旅人達と争いが起きてね
TWN_ZOAH	01E443	37		18	前の司祭様の息子さん夫婦は、その時…
TWN_ZOAH	01E475	21		10	亡くなったんですか…
TWN_ZOAH	01E497	25		12	ああ…お孫さんを残してね
TWN_ZOAH	01E4B0	37		18	だから、司祭様はよそ者に厳しいんだよ
TWN_ZOAH	01E4E2	31		15	あの子、全然じっとしてなくて…
TWN_ZOAH	01E50E	21		10	元気で結構じゃないか
TWN_ZOAH	01E523	33		16	せっかくお許しを得た子なんだもの
TWN_ZOAH	01E544	17		8	大事にしておあげ
TWN_ZOAH	01E555	16		7	<!FF>た子なんだもの
TWN_ZOAH	01E599	35		17	誰の許しをもらったのか知らないけど
TWN_ZOAH	01E5BC	4		2	な)
TWN_ZOAH	01E5C0	33		16	よそ者にうろうろされると困るねえ
TWN_ZOAH	01E5EE	31		15	よそ者とのいざこざはごめんだよ
TWN_ZOAH	01E60D	17		8	あっち行っとくれ
TWN_ZOAH	01E627	8		2	<09>\n<07>ひめ<01><07>
TWN_ZOAH	01E62F	8		2	<09>\n<09>ソ…<15><02>
TWN_ZOAH	022862	27		13	なんだ、ぼうずも飲むのか？
TWN_ZOAH	02287D	29		14	…いや、べつに止めやしねえよ
TWN_ZOAH	02289A	35		17	ジューバの店は、誰だってお得意様さ
TWN_ZOAH	0228BD	23		11	金さえ払ってくれりゃな
TWN_ZOAH	0228E1	27		13	話なら、注文してからにしな
TWN_ZOAH	0228FC	11		5	20Dn払う
TWN_ZOAH	022907	9		4	払わない
TWN_ZOAH	022955	21		10	なんか用か、ぼうず？
TWN_ZOAH	022996	29		14	ウルの水職人に伝わる発光酒だ
TWN_ZOAH	0229B3	2		1	)
TWN_ZOAH	0229B5	25		12	よそじゃ飲めねえ代物だぜ
TWN_ZOAH	0229CE	4		1	<!C0>だ
TWN_ZOAH	0229D2	2		1	)
TWN_ZOAH	0229D4	21		10	どうだ、うめえだろ？
TWN_ZOAH	0229F6	7		3	うっ…
TWN_ZOAH	022A0A	19		9	あ、ああ…うまいよ
TWN_ZOAH	022A2A	29		14	本当か？ なんか苦しそうだぜ
TWN_ZOAH	022A47	2		1	)
TWN_ZOAH	022A56	21		10	そ、そんなことないさ
TWN_ZOAH	022A78	19		9	いいって、いいって
TWN_ZOAH	022A8B	33		16	根性あるじゃねえか、気に入ったぜ
TWN_ZOAH	022AAE	35		17	こいつをとっときな、ハンターさんよ
TWN_ZOAH	022ADE	25		12	いや、ちょっと、これは…
TWN_ZOAH	022B04	25		12	なんだ、やっぱりガキだな
TWN_ZOAH	022B4B	33		16	金がねえなら、来るんじゃねえよ！
TWN_ZOAH	022B79	31		15	ああそうかい、だったら帰んな！
TWN_ZOAH	022BA5	15		7	おい、ぼうず…
TWN_ZOAH	022BB4	29		14	当分、酒代はまけといてやるぜ
TWN_ZOAH	022BD1	2		1	！
TWN_ZOAH	022BD3	25		12	ヤエルに頼まれちまってよ
TWN_ZOAH	022BEC	31		15	あいつと、なんかあったんだろ？
TWN_ZOAH	022C0B	37		18	ガキのくせにやるじゃねえか、へへへ…
TWN_ZOAH	022C3D	27		13	話なら、注文してからにしな
TWN_ZOAH	022C58	11		5	20Dn払う
TWN_ZOAH	022C63	9		4	払わない
TWN_ZOAH	022C6C	11		5	10Dn払う
TWN_ZOAH	022C77	9		4	払わない
TWN_ZOAH	022C8D	27		13	話なら、注文してからにしな
TWN_ZOAH	022CA8	11		5	20Dn払う
TWN_ZOAH	022CB3	9		4	払わない
TWN_ZOAH	022CE4	21		10	なんか用か、ぼうず？
TWN_ZOAH	022D25	33		16	どうだ、発光酒の味にゃ慣れたか？
TWN_ZOAH	022D53	19		9	あ、ああ…うまいよ
TWN_ZOAH	022D73	29		14	本当か？ なんか苦しそうだぜ
TWN_ZOAH	022D90	4		1	<11>？
TWN_ZOAH	022DA1	21		10	そ、そんなことないさ
TWN_ZOAH	022DC3	19		9	いいって、いいって
TWN_ZOAH	022DD6	33		16	根性あるじゃねえか、気に入ったぜ
TWN_ZOAH	022DF7	4		2	へ…
TWN_ZOAH	022DFB	35		17	こいつをとっときな、ハンターさんよ
TWN_ZOAH	022E2B	23		11	いや、まだ、ちょっと…
TWN_ZOAH	022E4F	19		9	なんだ、まだダメか
TWN_ZOAH	022E62	37		18	そいつのうまさがわかれば、一人前だぜ
TWN_ZOAH	022EB6	33		16	金がねえなら、来るんじゃねえよ！
TWN_ZOAH	022F03	33		16	どうだ、発光酒の味にゃ慣れたか？
TWN_ZOAH	022F31	19		9	あ、ああ…うまいよ
TWN_ZOAH	022F51	29		14	本当か？ なんか苦しそうだぜ
TWN_ZOAH	022F6E	4		1	<11>？
TWN_ZOAH	022F7F	21		10	そ、そんなことないさ
TWN_ZOAH	022FA1	19		9	いいって、いいって
TWN_ZOAH	022FB4	33		16	根性あるじゃねえか、気に入ったぜ
TWN_ZOAH	022FD5	4		1	<!A6>ぜ
TWN_ZOAH	022FDA	35		17	こいつをとっときな、ハンターさんよ
TWN_ZOAH	02300A	23		11	いや、まだ、ちょっと…
TWN_ZOAH	02302E	19		9	なんだ、まだダメか
TWN_ZOAH	023041	37		18	そいつのうまさがわかれば、一人前だぜ
TWN_ZOAH	023095	33		16	金がねえなら、来るんじゃねえよ！
TWN_ZOAH	0230C3	31		15	ああそうかい、だったら帰んな！
TWN_ZOAH	0230EF	25		12	帝国って言や、聞いたか？
TWN_ZOAH	023108	19		9	黒い空中戦艦の話！
TWN_ZOAH	023128	33		16	黒い船！？ この近くにいるのか！
TWN_ZOAH	023156	25		12	でけえ声出すんじゃねえよ
TWN_ZOAH	02316F	9		4	噂だ、噂
TWN_ZOAH	023178	16		7	<0D>すんじゃねえよ
TWN_ZOAH	023188	39		19	『塔』を探して、うろうろしてるそうだぜ
TWN_ZOAH	0231BD	11		5	『塔』…？
TWN_ZOAH	0231D5	31		15	森の向こうにあるっていう遣跡よ
TWN_ZOAH	0231F4	35		17	詳しいことは、パエットにでも聞きな
TWN_ZOAH	023224	21		10	ここに住んでる人か？
TWN_ZOAH	023246	29		14	ここじゃねえよ、隣の神聖区さ
TWN_ZOAH	023263	33		16	発掘品を毎日いじり回してる変人よ
TWN_ZOAH	023284	37		18	こないだ、記録機械とかをこしらえてな
TWN_ZOAH	0232A9	33		16	そいつで、塔の総を描いたんだとよ
TWN_ZOAH	0232CA	15		7	ほれ、見てみな
TWN_ZOAH	0232E6	37		18	そいつをやるから、あとは本人に聞きな
TWN_ZOAH	02330B	39		19	夜が明けたら、こっちに出てくるだろうぜ
TWN_ZOAH	023340	33		16	でけえ艦隊が近づいてるそうだが…
TWN_ZOAH	023361	31		15	もう、この街にゃ来ねえだろうよ
TWN_ZOAH	023380	33		16	なんたって、ドラゴンがいるからな
TWN_ZOAH	0233AE	31		15	帝国軍が仲間割れしてるらしいぜ
TWN_ZOAH	0233CD	2		1	な
TWN_ZOAH	0233CF	39		19	白い船と黒い船が、撃ちあってたんだとよ
TWN_ZOAH	023403	39		19	パエットの親父の予言が当たるとはなあ…
TWN_ZOAH	023437	37		18	パエットの親父が、予言をしたんだとよ
TWN_ZOAH	02345C	39		19	ドラゴンが帝国軍を追っ払うって話だが…
TWN_ZOAH	023483	25		12	なんか、うさんくせえなあ
TWN_ZOAH	0234A9	39		19	攻性生物のいねえ森ってのはいいもんだぜ
TWN_ZOAH	0234D1	39		19	これで、神聖区の連中さえいなけりゃなあ
TWN_ZOAH	023505	35		17	ここに流れてきた連中の吹きだまりよ
TWN_ZOAH	023528	29		14	神聖区に入れてもらえねえんで
TWN_ZOAH	023545	6		3	まりよ
TWN_ZOAH	02354B	27		13	勝手に住み着いちまったのさ
TWN_ZOAH	023573	33		16	すっかり客足がとだえちまったな…
TWN_ZOAH	023594	33		16	いっそ、街が占領されねえもんかな
TWN_ZOAH	0235B5	37		18	兵隊相手ならいい商売になるぜ、きっと
TWN_ZOAH	0235E7	31		15	そこにいるヤエルは…ま、なんだ
TWN_ZOAH	023606	6		2	<12>っと
TWN_ZOAH	02360C	31		15	女っ気がねえと客足が鈍るからな
TWN_ZOAH	02362B	35		17	ぼうずも、いっぺん相手してもらえよ
TWN_ZOAH	02364E	33		16	もう少し大きくなったらな、へへ…
TWN_ZOAH	02367C	31		15	この仕事も、結構もうかるんだぜ
TWN_ZOAH	02369B	2		1	…
TWN_ZOAH	02369D	29		14	旅人や行商人がよく来るからな
TWN_ZOAH	0236C7	31		15	そこにいるヤエルは…ま、なんだ
TWN_ZOAH	0236E6	2		1	…
TWN_ZOAH	0236E8	31		15	女っ気がねえと客足が鈍るからな
TWN_ZOAH	023707	35		17	ぼうずも、いっぺん相手してもらえよ
TWN_ZOAH	02372A	33		16	もう少し大きくなったらな、へへ…
TWN_ZOAH	023758	31		15	この仕事も、結構もうかるんだぜ
TWN_ZOAH	023777	2		1	…
TWN_ZOAH	023779	29		14	旅人や行商人がよく来るからな
TWN_ZOAH	0237A3	27		13	聖なる方々の聖なるねぐらさ
TWN_ZOAH	0237BE	21		10	俺達にゃ縁のねえ所よ
TWN_ZOAH	0237E0	31		15	夜になると街を照らす光のことさ
TWN_ZOAH	0237FF	39		19	あれのおかげで、攻性生物が寄りつかねえ
TWN_ZOAH	023826	39		19	「護り火」の火種は、神聖区にあるんだが
TWN_ZOAH	02384E	39		19	じかに拝めるのは、司祭ぐらいだろうなあ
TWN_ZOAH	023882	25		12	次の司祭の話、聞いたか？
TWN_ZOAH	02389B	33		16	パエットの親父が選ばれたらしいぜ
TWN_ZOAH	0238BC	6		2	<0E>なあ
TWN_ZOAH	0238CF	33		16	この街を仕切ってるのは、評議会だ
TWN_ZOAH	0238F0	6		2	<0E>なあ
TWN_ZOAH	0238F6	37		18	その中で一番偉いのが、司祭ってわけよ
TWN_ZOAH	02391B	35		17	なんたって「護り火」の番人だからな
TWN_ZOAH	02394B	25		12	ぼうず、悪い事は言わねえ
TWN_ZOAH	023964	35		17	シーカーと親しくするのはやめときな
TWN_ZOAH	023987	35		17	商売の時だけ相手にしてりゃいいんだ
TWN_ZOAH	0239AA	2		1	よ
TWN_ZOAH	0239B9	35		17	連中、よく平気で遣跡に入れるもんだ
TWN_ZOAH	0239DC	2		1	よ
TWN_ZOAH	0239DE	37		18	神をも恐れぬってのは、奴らのことだな
TWN_ZOAH	023A03	29		14	旧世紀の事にも妙に詳しいし…
TWN_ZOAH	023A20	23		11	得体の知れねえ連中だぜ
TWN_ZOAH	023A37	6		2	<0D>し…
TWN_ZOAH	023A4A	27		13	ウルの事なら、何でも聞きな
TWN_ZOAH	023A65	27		13	俺は、あそこの出身だからよ
TWN_ZOAH	023A8D	27		13	え？ 遣跡に住んでたのか？
TWN_ZOAH	023AB5	31		15	なんだ、知らねえのか、ぼうず？
TWN_ZOAH	023AD4	35		17	ウルには、でっけえ街があったんだぜ
TWN_ZOAH	023AF7	2		1	な
TWN_ZOAH	023AF9	37		18	遣跡からわく水で、年中潤ってたもんさ
TWN_ZOAH	023B1E	31		15	ところが、ちと水が増えすぎてな
TWN_ZOAH	023B3D	25		12	今じゃ、何もかも湖の底よ
TWN_ZOAH	023B63	27		13	その遣跡って、どんな所だ？
TWN_ZOAH	023B8B	21		10	…そこまでは知らねえ
TWN_ZOAH	023BAD	31		15	何でも聞けって言ったじゃないか
TWN_ZOAH	023BD9	33		16	遣跡の事がわかる奴なんていねえよ
TWN_ZOAH	023BFA	33		16	遣跡は、岩の壁に守られてるからな
TWN_ZOAH	023C1B	29		14	うかつに壁を越えようとしたら
TWN_ZOAH	023C38	35		17	たちまち攻性生物が襲ってくるんだぜ
TWN_ZOAH	023C6A	35		17	湖に、トビタマが住み着いたらしいぜ
TWN_ZOAH	023C8F	35		17	たぶん、水位が変わったせいだろうな
TWN_ZOAH	023CBF	37		18	岩の壁を越えたけりゃ、抜け道を探しな
TWN_ZOAH	023CE4	31		15	…そんなもんがあればの話だがな
TWN_ZOAH	023D10	35		17	湖に、トビタマが住み着いたらしいぜ
TWN_ZOAH	023D33	2		1	な
TWN_ZOAH	023D35	35		17	たぶん、水位が変わったせいだろうな
TWN_ZOAH	023D65	37		18	トビタマってのは、変わった生き物でな
TWN_ZOAH	023D8A	27		13	子供を放し飼いにしとくんだ
TWN_ZOAH	023DA5	10		4	<!EC>き物でな
TWN_ZOAH	023DAF	35		17	子供が戻ってきたら、巣を飛び立って
TWN_ZOAH	023F51	9		4	帝国の話
TWN_ZOAH	023F5A	2		1	る
TWN_ZOAH	02407E	9		4	帝国の話
TWN_ZOAH	024087	2		1	る
TWN_ZOAH	0241AB	9		4	帝国の話
TWN_ZOAH	0241B4	2		1	る
TWN_ZOAH	0242B9	9		4	帝国の話
TWN_ZOAH	0242C2	2		1	る
TWN_ZOAH	0243E6	9		4	帝国の話
TWN_ZOAH	0243EF	2		1	る
TWN_ZOAH	0244F4	9		4	帝国の話
TWN_ZOAH	0244FD	2		1	る
TWN_ZOAH	024602	9		4	帝国の話
TWN_ZOAH	02460B	2		1	る
TWN_ZOAH	0246F1	9		4	帝国の話
TWN_ZOAH	0246FA	2		1	る
TWN_ZOAH	02481E	9		4	帝国の話
TWN_ZOAH	024827	2		1	る
TWN_ZOAH	02492C	9		4	帝国の話
TWN_ZOAH	024935	2		1	る
TWN_ZOAH	024A3A	9		4	帝国の話
TWN_ZOAH	024A43	2		1	る
TWN_ZOAH	024B29	9		4	帝国の話
TWN_ZOAH	024B32	2		1	る
TWN_ZOAH	024C37	9		4	帝国の話
TWN_ZOAH	024C40	2		1	る
TWN_ZOAH	024D26	9		4	帝国の話
TWN_ZOAH	024D2F	2		1	る
TWN_ZOAH	024E15	9		4	帝国の話
TWN_ZOAH	024E1E	2		1	る
TWN_ZOAH	024EE5	9		4	帝国の話
TWN_ZOAH	024EEE	2		1	る
TWN_ZOAH	025012	9		4	帝国の話
TWN_ZOAH	02501B	2		1	る
TWN_ZOAH	025120	9		4	帝国の話
TWN_ZOAH	025129	2		1	る
TWN_ZOAH	02522E	9		4	帝国の話
TWN_ZOAH	025237	2		1	る
TWN_ZOAH	02531D	9		4	帝国の話
TWN_ZOAH	025326	2		1	る
TWN_ZOAH	02542B	9		4	帝国の話
TWN_ZOAH	025434	2		1	る
TWN_ZOAH	02551A	9		4	帝国の話
TWN_ZOAH	025523	2		1	る
TWN_ZOAH	025609	9		4	帝国の話
TWN_ZOAH	025612	2		1	る
TWN_ZOAH	0256D9	9		4	帝国の話
TWN_ZOAH	0256E2	2		1	る
TWN_ZOAH	0257E7	9		4	帝国の話
TWN_ZOAH	0257F0	2		1	る
TWN_ZOAH	0258D6	9		4	帝国の話
TWN_ZOAH	0258DF	2		1	る
TWN_ZOAH	0259C5	9		4	帝国の話
TWN_ZOAH	0259CE	2		1	る
TWN_ZOAH	025A95	9		4	帝国の話
TWN_ZOAH	025A9E	2		1	る
TWN_ZOAH	025B84	9		4	帝国の話
TWN_ZOAH	025B8D	2		1	る
TWN_ZOAH	025C54	9		4	帝国の話
TWN_ZOAH	025C5D	2		1	る
TWN_ZOAH	025D24	9		4	帝国の話
TWN_ZOAH	025D2D	2		1	る
TWN_ZOAH	025DD5	9		4	帝国の話
TWN_ZOAH	025DDE	2		1	る
TWN_ZOAH	025F02	9		4	帝国の話
TWN_ZOAH	025F0B	2		1	る
TWN_ZOAH	026010	9		4	帝国の話
TWN_ZOAH	026019	2		1	る
TWN_ZOAH	02611E	9		4	帝国の話
TWN_ZOAH	026127	2		1	る
TWN_ZOAH	02620D	9		4	帝国の話
TWN_ZOAH	026216	2		1	る
TWN_ZOAH	02631B	9		4	帝国の話
TWN_ZOAH	026324	2		1	る
TWN_ZOAH	02640A	9		4	帝国の話
TWN_ZOAH	026413	2		1	る
TWN_ZOAH	0264F9	9		4	帝国の話
TWN_ZOAH	026502	2		1	る
TWN_ZOAH	0265C9	9		4	帝国の話
TWN_ZOAH	0265D2	2		1	る
TWN_ZOAH	0266D7	9		4	帝国の話
TWN_ZOAH	0266E0	2		1	る
TWN_ZOAH	0267C6	9		4	帝国の話
TWN_ZOAH	0267CF	2		1	る
TWN_ZOAH	0268B5	9		4	帝国の話
TWN_ZOAH	0268BE	2		1	る
TWN_ZOAH	026985	9		4	帝国の話
TWN_ZOAH	02698E	2		1	る
TWN_ZOAH	026A74	9		4	帝国の話
TWN_ZOAH	026A7D	2		1	る
TWN_ZOAH	026B44	9		4	帝国の話
TWN_ZOAH	026B4D	2		1	る
TWN_ZOAH	026C14	9		4	帝国の話
TWN_ZOAH	026C1D	2		1	る
TWN_ZOAH	026CC5	9		4	帝国の話
TWN_ZOAH	026CCE	2		1	る
TWN_ZOAH	026DD3	9		4	帝国の話
TWN_ZOAH	026DDC	2		1	る
TWN_ZOAH	026EC2	9		4	帝国の話
TWN_ZOAH	026ECB	2		1	る
TWN_ZOAH	026FB1	9		4	帝国の話
TWN_ZOAH	026FBA	2		1	る
TWN_ZOAH	027081	9		4	帝国の話
TWN_ZOAH	02708A	2		1	る
TWN_ZOAH	027170	9		4	帝国の話
TWN_ZOAH	027179	2		1	る
TWN_ZOAH	027240	9		4	帝国の話
TWN_ZOAH	027249	2		1	る
TWN_ZOAH	027310	9		4	帝国の話
TWN_ZOAH	027319	2		1	る
TWN_ZOAH	0273C1	9		4	帝国の話
TWN_ZOAH	0273CA	2		1	る
TWN_ZOAH	0274B0	9		4	帝国の話
TWN_ZOAH	0274B9	2		1	る
TWN_ZOAH	027580	9		4	帝国の話
TWN_ZOAH	027589	2		1	る
TWN_ZOAH	027650	9		4	帝国の話
TWN_ZOAH	027659	2		1	る
TWN_ZOAH	027701	9		4	帝国の話
TWN_ZOAH	02770A	2		1	る
TWN_ZOAH	0277D1	9		4	帝国の話
TWN_ZOAH	0277DA	2		1	る
TWN_ZOAH	027882	9		4	帝国の話
TWN_ZOAH	02788B	2		1	る
TWN_ZOAH	027933	9		4	帝国の話
TWN_ZOAH	02793C	2		1	る
TWN_ZOAH	028C71	35		16	<01><01>(若い女の人が掃除をしている…)
TWN_ZOAH	028DAA	19		9	ゆっくりしてってね
TWN_ZOAH	028DCA	39		19	ひまならジューバの話でも聞いてあげてよ
TWN_ZOAH	028DF1	33		16	ヨタ話が生きがいだからね、あいつ
TWN_ZOAH	028E1F	19		9	あら、よく来たわね
TWN_ZOAH	028E32	27		13	帝国軍に見つからなかった？
TWN_ZOAH	028E5A	23		11	こんな時に来るなんて…
TWN_ZOAH	028E71	21		10	度胸あるのね、あんた
TWN_ZOAH	028E93	31		15	何をしたって、死ぬときは死ぬし
TWN_ZOAH	028EB2	25		12	助かるときは助かるものよ
TWN_ZOAH	028ECB	39		19	だから、あたしは、いつも通り働くだけ…
TWN_ZOAH	028EFF	35		17	結局、帝国軍も神様には勝てないのよ
TWN_ZOAH	028F22	13		6	いい気味だわ
TWN_ZOAH	028F3C	33		16	あとは客足が戻れば言うことなしね
TWN_ZOAH	028F8B	9		4	あのさ…
TWN_ZOAH	028F94	23		11	それ…ヴェラトの笛よね
TWN_ZOAH	028FB8	13		6	そうだけど…
TWN_ZOAH	028FD2	13		6	やっぱり…！
TWN_ZOAH	028FDF	35		17	あたし、ヴェラトの村で生まれたのよ
TWN_ZOAH	029002	31		15	その笛は、村に伝わる宝だったの
TWN_ZOAH	029021	33		16	でも、村は帝国に焼かれちゃってね
TWN_ZOAH	029042	33		16	たぶん、あたしが最後の生き残り…
TWN_ZOAH	029070	11		5	それなら…
TWN_ZOAH	02907B	27		13	これ、受け取ってくれないか
TWN_ZOAH	0290A3	15		7	え？ いいの？
TWN_ZOAH	0290B2	17		8	でも、どうして？
TWN_ZOAH	0290C3	37		18	だいいち、それ、どこで手に入れたの？
TWN_ZOAH	0290F5	15		7	その、つまり…
TWN_ZOAH	029104	29		14	見つけたんだよ、村の焼け跡で
TWN_ZOAH	029121	8		4	れたの？
TWN_ZOAH	029129	33		16	でも、ほら、儀が持ってるよりは…
TWN_ZOAH	029157	13		6	…ありがとう
TWN_ZOAH	029164	31		15	それじゃ、遠慮なくもらっとくわ
TWN_ZOAH	0291AF	25		12	まだ、店は開けてないわよ
TWN_ZOAH	0291D5	35		17	あら、あたしに会いに来てくれたの？
TWN_ZOAH	029205	31		15	夜になったら、またいらっしゃい
TWN_ZOAH	029231	39		19	あたし、ほんとは畑仕事のほうが好きなの
TWN_ZOAH	029258	25		12	村にいた頃がなつかしいわ
TWN_ZOAH	02927E	33		16	あんたがシーカーの仲間だって噂…
TWN_ZOAH	02929F	25		12	まさか本当じゃないわよね
TWN_ZOAH	0292C5	37		18	ずっと、こっちを見てたみたいだけど…
TWN_ZOAH	0292EA	31		15	そんなにあたしの事、気になる？
TWN_ZOAH	029316	37		18	ジューバの奴、ちゃんとまけてくれた？
TWN_ZOAH	02933B	27		13	こんな事しかできないけど…
TWN_ZOAH	029356	29		14	一応、この前のお礼のつもりよ
TWN_ZOAH	02937B	8		1	<09>\n<07><!D3>神<07>
TWN_ZOAH	029383	8		2	<09>\n<09>ソ…<15><02>
TWN_ZOAH	02A9C4	23		11	…おまえ、ハンターだな
TWN_ZOAH	02A9DB	37		18	歳のわりには、いいツラがまえをしとる
TWN_ZOAH	02AA0D	11		5	あんたは？
TWN_ZOAH	02AA25	21		10	ワシの名はラドガムだ
TWN_ZOAH	02AA3A	16		8	ラがまえをしとる
TWN_ZOAH	02AA4A	31		15	一応、おまえと同業のつもりだよ
TWN_ZOAH	02AA76	39		19	おまえ、狩りを始めてどれくらいになる？
TWN_ZOAH	02AAAA	37		18	手伝いだったら、昔からやってたけど…
TWN_ZOAH	02AADC	35		17	ほう、どのくらい仕込まれとるのかな
TWN_ZOAH	02AAFF	19		9	ひとつ試してやろう
TWN_ZOAH	02AB83	19		9	銃だけを使って攻撃
TWN_ZOAH	02AB96	2		1	？
TWN_ZOAH	02AB98	15		7	疲れるのを待つ
TWN_ZOAH	02ABA7	21		10	隠れている弱点を探す
TWN_ZOAH	02ABBC	31		15	トゥプの群れを離散させるには？
TWN_ZOAH	02ABDB	17		8	まわりを1周する
TWN_ZOAH	02ABEC	11		5	放っておく
TWN_ZOAH	02ABF7	15		7	リーダーを倒す
TWN_ZOAH	02AC06	21		10	ヴェロクスの特徴は？
TWN_ZOAH	02AC1B	17		8	レーザーをよける
TWN_ZOAH	02AC2C	15		7	群れが合体する
TWN_ZOAH	02AC3B	15		7	体力を回復する
TWN_ZOAH	02AC4A	29		14	渓谷地帯にいない攻性生物は？
TWN_ZOAH	02AC67	7		3	ベモス
TWN_ZOAH	02AC6E	9		4	セチュラ
TWN_ZOAH	02AC77	9		4	シャプリ
TWN_ZOAH	02AC80	29		14	プーキオに呼ばれて来るのは？
TWN_ZOAH	02AC9D	11		5	ヴェロキタ
TWN_ZOAH	02ACA8	7		3	トゥプ
TWN_ZOAH	02ACAF	4		2	キタ
TWN_ZOAH	02ACB3	7		3	ワーム
TWN_ZOAH	02ACBA	29		14	角のあるアシュティの武器は？
TWN_ZOAH	02ACD7	9		4	しびれ液
TWN_ZOAH	02ACE0	3		1	酸
TWN_ZOAH	02ACE3	6		2	<!B1>れ液
TWN_ZOAH	02ACE9	7		3	消化液
TWN_ZOAH	02ACF0	39		19	トラコラとメラコラ、攻撃力が強いのは？
TWN_ZOAH	02AD17	9		4	トラコラ
TWN_ZOAH	02AD20	9		4	メラコラ
TWN_ZOAH	02AD29	13		6	どちらも同じ
TWN_ZOAH	02AD36	26		13	ラコラ、攻撃力が強いのは？
TWN_ZOAH	02AD5D	17		8	たいした奴だな…
TWN_ZOAH	02AD6E	37		18	おまえを見ていると、若い頃を思い出す
TWN_ZOAH	02AD93	23		11	ほれ、これを持っていけ
TWN_ZOAH	02ADB7	27		13	でも、こんな貴重なものを…
TWN_ZOAH	02ADDF	27		13	遠慮せんでいい、持っていけ
TWN_ZOAH	02ADFA	37		18	おまえのような奴こそ、生き残るべきだ
TWN_ZOAH	02AE1F	2		1	？
TWN_ZOAH	02AE2E	29		14	若造にしては、なかなかやるな
TWN_ZOAH	02AE4B	37		18	経験を積めば、いいハンターになれるぞ
TWN_ZOAH	02AE70	2		1	？
TWN_ZOAH	02AE72	39		19	これを持っていけ…戦いの役に立つだろう
TWN_ZOAH	02AEA6	31		15	そんな事じゃ、生きのびられんぞ
TWN_ZOAH	02AEC5	8		3	<1D>だろう
TWN_ZOAH	02AECD	23		11	ほれ、これを持っていけ
TWN_ZOAH	02AEE4	37		18	危ない時は、それを使って逃げるんだな
TWN_ZOAH	02AF16	33		16	…おまえ、本当にハンターなのか？
TWN_ZOAH	02AF37	31		15	よく今まで生きのびられたもんだ
TWN_ZOAH	02AF56	2		1	？
TWN_ZOAH	02AF65	37		18	こんな武器じゃ、気休めにしかならんな
TWN_ZOAH	02AF8A	31		15	やはり、あれが直らんことには…
TWN_ZOAH	02AFB6	29		14	アルドーの奴は置いて行くか…
TWN_ZOAH	02AFD3	39		19	どうせ、あれでは使いものにならんだろう
TWN_ZOAH	02B007	19		9	そうだ、それでいい
TWN_ZOAH	02B027	9		4	違うな…
TWN_ZOAH	02B03D	23		11	…おまえ、ハンターだな
TWN_ZOAH	02B054	37		18	歳のわりには、いいツラがまえをしとる
TWN_ZOAH	02B086	11		5	あんたは？
TWN_ZOAH	02B09E	21		10	ワシの名はラドガムだ
TWN_ZOAH	02B0B3	16		8	ラがまえをしとる
TWN_ZOAH	02B0C3	31		15	一応、おまえと同業のつもりだよ
TWN_ZOAH	02B0EF	29		14	この「護り火」は、ゾアの命だ
TWN_ZOAH	02B10C	2		1	よ
TWN_ZOAH	02B10E	37		18	攻性生物どもから、この一帯を守っとる
TWN_ZOAH	02B133	39		19	ここにいる限り、住民は安全というわけだ
TWN_ZOAH	02B15B	15		7	なあ、若いの…
TWN_ZOAH	02B16A	39		19	ハンターの戦いに、意味はあると思うか？
TWN_ZOAH	02B19E	31		15	うん…少なくとも、儀にはあるよ
TWN_ZOAH	02B1BD	39		19	儀には、やらなくちゃいけないことがある
TWN_ZOAH	02B1E4	29		14	そのための旅だし、戦いなんだ
TWN_ZOAH	02B201	10		4	<15>とがある
TWN_ZOAH	02B218	9		4	そうか…
TWN_ZOAH	02B22E	31		15	よくわからないけど…ないと思う
TWN_ZOAH	02B24D	39		19	でも、意味なんていらないんじゃないかな
TWN_ZOAH	02B274	35		17	生きるためにやってることなんだから
TWN_ZOAH	02B2A4	15		7	生きるためか…
TWN_ZOAH	02B2B3	31		15	ま、若いうちはそれでもよかろう
TWN_ZOAH	02B321	37		18	ここは、あまり長居する場所ではないぞ
TWN_ZOAH	02B346	2		1	)
TWN_ZOAH	02B355	39		19	攻性生物から、人間の生きる場所を守る…
TWN_ZOAH	02B37C	31		15	それが本当のハンターってもんだ
TWN_ZOAH	02B39B	8		4	を守る…
TWN_ZOAH	02B3B0	33		16	シーカーと関わるなど、感心せんな
TWN_ZOAH	02B3DE	17		8	この街は好かん…
TWN_ZOAH	02B3EF	31		15	どいつもこいつも腰抜けばかりだ
TWN_ZOAH	02B40E	2		1	な
TWN_ZOAH	02B41D	27		13	どうも頼りないな、おまえは
TWN_ZOAH	02B438	37		18	しかし、戦いを捨てた奴よりはましか…
TWN_ZOAH	02B46A	37		18	あの時、おまえのような奴がいればな…
TWN_ZOAH	02B49C	17		8	ワシも、もう年だ
TWN_ZOAH	02B4AD	20		10	ような奴がいればな…
TWN_ZOAH	02B4C1	33		16	いたずらに命を惜しむつもりはない
TWN_ZOAH	02B4E2	39		19	ハンターとして死ねれば、それでいいのだ
TWN_ZOAH	02B517	37		18	若いうちは、とにかく場数を踏むことだ
TWN_ZOAH	02B53F	33		16	特に、おまえのような物知らずはな
TWN_ZOAH	02B56D	33		16	神聖区の下働きなどしちゃいかんぞ
TWN_ZOAH	02B58E	4		1	<1F>だ
TWN_ZOAH	02B595	29		14	ハンターの誇りがある限りはな
TWN_ZOAH	02B5C3	8		2	<09>\n<09>ソ…<15><02>
TWN_ZOAH	02EF97	4		2	ほゆ<09>
TWN_ZOAH	02EF9B	2		1	)
TWN_ZOAH	02EF9F	4		1	<01>み<01>
TWN_ZOAH	02EFA3	33		15	<!8B><01>(こちらに気づく様子もない…)
TWN_ZOAH	02EFD1	17		8	まだなんか用か？
TWN_ZOAH	02EFE2	9		4	まさか…
TWN_ZOAH	02EFEB	39		19	何を頼まれたか忘れたんじゃないだろうな
TWN_ZOAH	02F01F	23		11	ごめん…実はそうなんだ
TWN_ZOAH	02F036	16		7	<!A2>ゃないだろうな
TWN_ZOAH	02F053	13		6	なんだって？
TWN_ZOAH	02F060	37		18	まったく…これだから無知な奴は困るぜ
TWN_ZOAH	02F085	2		1	な
TWN_ZOAH	02F087	31		15	いいか、ゲオルギウスまで行って
TWN_ZOAH	02F0A6	35		17	使えそうな部品を探してくるんだよ！
TWN_ZOAH	02F0D6	21		10	そ、そんなことないさ
TWN_ZOAH	02F0F8	39		19	じゃあ、もたもたしてないで行ってこいよ
TWN_ZOAH	02F11F	29		14	でないと、作業が進まないだろ
TWN_ZOAH	02F189	13		6	何だこりゃ？
TWN_ZOAH	02F196	27		13	こんなくだらねえガラクタで
TWN_ZOAH	02F1B1	8		3	<0D>る…)
TWN_ZOAH	02F1B9	35		17	俺をごまかせるとでも思ってんのか！
TWN_ZOAH	02F1DC	25		12	どうせ、その辺の遣跡から
TWN_ZOAH	02F1F5	21		10	拾ってきたんだろうが
TWN_ZOAH	02F20A	4		1	<11>ら
TWN_ZOAH	02F20E	31		15	このパエット様はだまされねえぜ
TWN_ZOAH	02F22D	4		1	<11>！
TWN_ZOAH	02F231	17		8	ゲオルギウスには
TWN_ZOAH	02F242	29		14	もっとすげえもんがあるはずだ
TWN_ZOAH	02F261	4		1	<11>！
TWN_ZOAH	02F265	35		17	俺が驚くようなものを拾ってくるまで
TWN_ZOAH	02F288	4		1	<0D>よ
TWN_ZOAH	02F28C	25		12	『塔』の話はできねえな！
TWN_ZOAH	02F2EC	23		11	どうだい、この空中船？
TWN_ZOAH	02F303	25		12	俺がここまで直したんだぜ
TWN_ZOAH	02F31C	4		2	な)
TWN_ZOAH	02F32D	23		11	ウルの地下なんだけどな
TWN_ZOAH	02F344	39		19	プロテクトってのがかかってるらしいんだ
TWN_ZOAH	02F36C	39		19	そいつを外さないと、地下には行けないぜ
TWN_ZOAH	02F3A1	39		19	旧世紀の技術には、すごい力があるんだぜ
TWN_ZOAH	02F3C9	39		19	神聖区の連中は、それがわかってないのさ
TWN_ZOAH	02F3FD	29		14	パエット、俺にも手伝わせてよ
TWN_ZOAH	02F427	33		16	こんな所にいていいのか、おまえ？
TWN_ZOAH	02F448	21		10	司祭様にしかられるぜ
TWN_ZOAH	02F45D	12		5	<11>、おまえ？
TWN_ZOAH	02F476	35		17	なんだよ、じいちゃんは関係ないだろ
TWN_ZOAH	02F4A6	33		16	おまえ、この船に興味があるのか？
TWN_ZOAH	02F4D4	39		19	うん…これが飛べば遠くに行けるんだろ？
TWN_ZOAH	02F508	9		4	当然さ！
TWN_ZOAH	02F511	35		17	俺の計算じゃ、帝国にだって行けるぜ
TWN_ZOAH	02F534	4		2	ろ？
TWN_ZOAH	02F545	29		14	親父の仕事、本当にやるのか？
TWN_ZOAH	02F56F	7		3	うん…
TWN_ZOAH	02F576	35		17	どうしても、知りたいことがあるから
TWN_ZOAH	02F5A6	9		4	ふうん…
TWN_ZOAH	02F5AF	35		17	でも、うまく行く見込み、あるのか？
TWN_ZOAH	02F5D2	27		13	帝国がらみなんだろ、どうせ
TWN_ZOAH	02F5ED	35		17	詳しい奴に話を聞いた方がいいかもな
TWN_ZOAH	02F61D	21		10	心当たり、あるのか？
TWN_ZOAH	02F63F	9		4	まさか！
TWN_ZOAH	02F648	29		14	そんな奴、この街にはいないよ
TWN_ZOAH	02F665	37		18	帝国と関わりがあったなんて知れたら…
TWN_ZOAH	02F68A	33		16	よくて追放、へたすりゃ命がないぜ
TWN_ZOAH	02F6AB	4		2	ら…
TWN_ZOAH	02F6BC	27		13	今度、俺の家に遊びに来いよ
TWN_ZOAH	02F6D7	27		13	夜はたいてい帰ってるからさ
TWN_ZOAH	02F6FF	27		13	今度、俺の家に遊びに来いよ
TWN_ZOAH	02F71A	27		13	夜はたいてい帰ってるからさ
TWN_ZOAH	02F742	31		15	みんな、どうして逃げないのかな
TWN_ZOAH	02F76E	27		13	「護り火」を信じてるんだろ
TWN_ZOAH	02F789	21		10	気楽でうらやましいね
TWN_ZOAH	02F7AB	35		17	じゃあ、パエットはどうするつもり？
TWN_ZOAH	02F7CE	25		12	帝国がここを占領したら…
TWN_ZOAH	02F7F4	35		17	その時は、帝国の技術者にでもなるさ
TWN_ZOAH	02F817	39		19	そのへんのバカどもには無理だろうけどな
TWN_ZOAH	02F84B	25		12	この船、本当にくれるの？
TWN_ZOAH	02F871	29		14	エンジンの研究が終わったらな
TWN_ZOAH	02F88E	35		17	もともと、そのために作ったものだし
TWN_ZOAH	02F8B1	29		14	置いといても邪魔になるだけさ
TWN_ZOAH	02F8DB	33		16	…この船で、街を出る気はないの？
TWN_ZOAH	02F8FC	21		10	帝国も攻めてくるしさ
TWN_ZOAH	02F91E	11		5	街を出る？
TWN_ZOAH	02F929	31		15	なんかあてがあるのか、おまえ？
TWN_ZOAH	02F955	33		16	ないけど…なんとかなるよ、きっと
TWN_ZOAH	02F983	21		10	どうだった、首尾は？
TWN_ZOAH	02F9A5	23		11	明日、もう一度来いって
TWN_ZOAH	02F9C9	19		9	ふうん…ま、いいや
TWN_ZOAH	02F9DC	35		17	それより、おまえに渡す物があるんだ
TWN_ZOAH	02F9FF	4		1	<!AA>な
TWN_ZOAH	02FA10	17		8	手紙…誰からだ？
TWN_ZOAH	02FA2E	13		6	俺が知るかよ
TWN_ZOAH	02FA3B	29		14	おまえの知り合いじゃないの？
TWN_ZOAH	02FA58	33		16	ハンターみたいな感じだったけど…
TWN_ZOAH	02FA79	21		10	なんか妙な奴だったな
TWN_ZOAH	02FAFF	25		12	結局、街はもとどおりか…
TWN_ZOAH	02FB25	21		10	なんだ、不満そうだな
TWN_ZOAH	02FB3A	35		17	帝国が攻めてきた方がよかったのか？
TWN_ZOAH	02FB6A	31		15	ほら、そこ、しっかり押さえろよ
TWN_ZOAH	02FB96	11		5	あ…ごめん
TWN_ZOAH	02FBAE	39		19	今度は、バイマンさんが街を仕切るんだね
TWN_ZOAH	02FBE2	37		18	親父の話なんかするなよ、胸くそ悪いぜ
TWN_ZOAH	02FC07	2		1	ね
TWN_ZOAH	02FC09	25		12	こんな街の親玉になって…
TWN_ZOAH	02FC22	21		10	何がうれしいってんだ
TWN_ZOAH	02FC37	4		1	<1E>…
TWN_ZOAH	02FC48	13		6	ごくろうさん
TWN_ZOAH	02FC55	23		11	登るの、速いじゃないか
TWN_ZOAH	02FC6C	19		9	さすがハンターだな
TWN_ZOAH	02FC8C	33		16	…なんだって、わざわざこんな事…
TWN_ZOAH	02FCBA	35		17	俺だって、いつもこうやってるんだぜ
TWN_ZOAH	02FCDF	2		1	ね
TWN_ZOAH	02FCE1	29		14	階段をふさいじまってるんでね
TWN_ZOAH	02FCFE	39		19	こうでもしないと親父を閉め出せないんだ
TWN_ZOAH	02FD75	19		9	親父ならこの中だぜ
TWN_ZOAH	02FD88	10		5	ないな…)
TWN_ZOAH	02FD92	25		12	あいつが教会に用事とはね
TWN_ZOAH	02FDAB	29		14	…絶対、なにか企んでやがるぜ
TWN_ZOAH	02FDC8	8		3	<1E>いる)
TWN_ZOAH	02FDDD	39		19	みんな、神様に助けられたと思っているぜ
TWN_ZOAH	02FE05	33		16	無知な連中は、これだから困るよな
TWN_ZOAH	02FE94	27		13	エッジ、これ持って行けよ！
TWN_ZOAH	02FEAF	37		18	メル=カヴァの資料だ、絶対役に立つぜ
TWN_ZOAH	02FED7	37		18	なんたって、俺がまとめたものだからな
TWN_ZOAH	02FF4C	15		7	これで終わりだ
TWN_ZOAH	02FF5B	20		10	は一生懸命なんだな)
TWN_ZOAH	02FF6F	19		9	攻性生物かなんかに
TWN_ZOAH	02FF82	23		11	攻撃を受けたんだろうな
TWN_ZOAH	02FF99	19		9	ここにはそれっきり
TWN_ZOAH	02FFAC	23		11	近寄ることもできないよ
TWN_ZOAH	02FFDA	31		15	ここ、ウルって遣跡なんだけど…
TWN_ZOAH	02FFF9	25		12	もともと、ここの地下から
TWN_ZOAH	030012	37		18	塔に行けるっていうんで、調べてたんだ
TWN_ZOAH	03003A	27		13	空中から塔へ行こうとしても
TWN_ZOAH	030055	33		16	変な霧に邪魔されて行けないんだよ
TWN_ZOAH	030076	31		15	ただ、偶然塔が写ってた透視板を
TWN_ZOAH	030095	39		19	街の人間に自慢してたら、俺が塔のことを
TWN_ZOAH	0300BC	33		16	知ってるってことになっちゃって…
TWN_ZOAH	0300DD	29		14	だますつもりはなかったんだ…
TWN_ZOAH	030106	11		5	ま、いいよ
TWN_ZOAH	03011D	13		6	…行くのか？
TWN_ZOAH	030136	31		15	俺は、昼間はたいていここにいる
TWN_ZOAH	030155	31		15	何かあったら、いつでも来てくれ
TWN_ZOAH	030174	37		18	あ、それから例の約束、忘れんでくれよ
TWN_ZOAH	0301A6	23		11	どうだい、この空中船？
TWN_ZOAH	0301BD	25		12	俺がここまで直したんだぜ
TWN_ZOAH	0301D6	12		6	れんでくれよ
TWN_ZOAH	0301EF	23		11	ウルの地下なんだけどな
TWN_ZOAH	030206	39		19	プロテクトってのがかかってるらしいんだ
TWN_ZOAH	03022E	39		19	そいつを外さないと、地下には行けないぜ
TWN_ZOAH	030263	35		17	帝国の狙いは「護り火」だよ、きっと
TWN_ZOAH	030286	31		15	研究材料にはもってこいだからな
TWN_ZOAH	0302B2	37		18	帝国軍の技術って、進んでるんだろうな
TWN_ZOAH	0302D7	33		16	生まれる場所間違ったかなあ、俺…
TWN_ZOAH	030305	37		18	外には、戦艦の残骸が落ちてるんだろ？
TWN_ZOAH	03032A	35		17	開放区の奴に拾いに行かせようかな…
TWN_ZOAH	03035A	39		19	このままでも、飛ぶだけなら問題ないんだ
TWN_ZOAH	030382	31		15	でも、俺は完璧を目指したいのさ
TWN_ZOAH	0303A1	31		15	でなきゃ、作る意味がないもんな
TWN_ZOAH	0303CD	39		19	親父の奴、すっかり調子に乗っちまってさ
TWN_ZOAH	0303F4	31		15	完全に街を牛耳った気でいやがる
TWN_ZOAH	030420	39		19	みんな、神様に助けられたと思っているぜ
TWN_ZOAH	030448	33		16	無知な連中は、これだから困るよな
TWN_ZOAH	030476	31		15	こないだ、銃の修理を頼まれてさ
TWN_ZOAH	030495	35		17	開放区に住んでる爺さんなんだけど…
TWN_ZOAH	0304B8	33		16	その銃が、やたらと立派なんだよな
TWN_ZOAH	0304D9	39		19	あんな奴に持たせとくのはもったいないぜ
TWN_ZOAH	03050E	25		12	…それで、修理したのか？
TWN_ZOAH	030534	7		3	まあな
TWN_ZOAH	03053B	23		11	あの程度なら朝メシ前さ
TWN_ZOAH	03055F	35		17	あれ、その銃…俺が修理した奴だよな
TWN_ZOAH	030582	29		14	ハンターの爺さん、喜んでたろ
TWN_ZOAH	03059F	27		13	少し、出力上げといたからな
TWN_ZOAH	0305C7	19		9	渓谷で見つけたんだ
TWN_ZOAH	0305DA	8		3	<1B>からな
TWN_ZOAH	0305E2	27		13	…持ち主の死体も一緒だった
TWN_ZOAH	03060A	5		2	え？
TWN_ZOAH	03060F	31		15	そ…それがどうしたってんだよ？
TWN_ZOAH	03062E	39		19	俺はただ、頼まれて銃を修理しただけだぜ
TWN_ZOAH	030656	39		19	爺さんが死んだのは、俺の責任じゃないよ
TWN_ZOAH	03068A	39		19	ここの連中は、みんな帝国をなめてるんだ
TWN_ZOAH	0306B2	37		18	旧世紀の力の本質が、理解できないのさ
TWN_ZOAH	0306E4	39		19	あんたの親父さんは、違うみたいだけど…
TWN_ZOAH	030718	33		16	おまえに帝国退治を頼んだことか？
TWN_ZOAH	030739	35		17	評議会でうまく立ち回りたいだけだよ
TWN_ZOAH	03075C	29		14	ドラゴンと帝国をダシにしてな
TWN_ZOAH	030779	25		12	本当にやばいと思ってたら
TWN_ZOAH	030792	37		18	街を捨てて逃げ出してるよ、あいつは！
TWN_ZOAH	0307C4	37		18	じゃあ、あんたはなんで逃げないんだ？
TWN_ZOAH	0307F6	5		2	え？
TWN_ZOAH	0307FB	31		15	いや、まあ…色々考えがあってな
TWN_ZOAH	030827	37		18	「護り火」じゃ、帝国は止められないぜ
TWN_ZOAH	03084C	2		1	…
TWN_ZOAH	03084E	27		13	攻性生物とはわけが違うんだ
TWN_ZOAH	030869	10		5	られないぜ
TWN_ZOAH	030873	2		1	…
TWN_ZOAH	030882	37		18	旧世紀って、なんで滅んじまったのかな
TWN_ZOAH	0308A7	31		15	こんなにすごい力があったのにさ
TWN_ZOAH	0308D3	17		8	まだなんか用か？
TWN_ZOAH	0308E4	9		4	まさか…
TWN_ZOAH	0308ED	39		19	何を頼まれたか忘れたんじゃないだろうな
TWN_ZOAH	030921	23		11	ごめん…実はそうなんだ
TWN_ZOAH	030938	16		7	<!A2>ゃないだろうな
TWN_ZOAH	030955	13		6	なんだって？
TWN_ZOAH	030962	37		18	まったく…これだから無知な奴は困るぜ
TWN_ZOAH	030987	2		1	な
TWN_ZOAH	030989	31		15	いいか、ゲオルギウスまで行って
TWN_ZOAH	0309A8	35		17	使えそうな部品を探してくるんだよ！
TWN_ZOAH	0309D8	21		10	そ、そんなことないさ
TWN_ZOAH	0309FA	39		19	じゃあ、もたもたしてないで行ってこいよ
TWN_ZOAH	030A21	29		14	でないと、作業が進まないだろ
TWN_ZOAH	030A4B	27		13	エッジ、これ持って行けよ！
TWN_ZOAH	030A66	39		19	メル=カヴァの資料だ、絶対に役に立つぜ
TWN_ZOAH	030A8E	37		18	なんたって、俺がまとめたものだからな
TWN_ZOAH	032BFF	25		12	ハンターなどに用はないよ
TWN_ZOAH	032C25	35		17	仕事が欲しいなら、他をあたるがいい
TWN_ZOAH	032C91	37		18	開放区まで来ないと、酒が飲めんとは…
TWN_ZOAH	032CB6	33		16	評議会も、少し考えてほしいものだ
TWN_ZOAH	032CD7	4		2	は…
TWN_ZOAH	032CE8	37		18	君も、この街の噂を聞いて来たのかね？
TWN_ZOAH	032D0D	35		17	残念だが、よそ者の居場所などないよ
TWN_ZOAH	032D5A	25		12	ハンターなどに用はないよ
TWN_ZOAH	032D80	35		17	仕事が欲しいなら、他をあたるがいい
TWN_ZOAH	032DB0	37		18	遣跡の奥から取って来た永久発光体だぜ
TWN_ZOAH	032DD6	27		13	いい買い物だと思うけどなあ
TWN_ZOAH	032DFE	35		17	シーカーの噂は前から聞いていたが…
TWN_ZOAH	032E21	35		17	神から盗んだ品を売りつけようとはな
TWN_ZOAH	032E51	37		18	なんと言われても、取り引きはできんよ
TWN_ZOAH	032E76	33		16	神の守護を裏切ることになるからな
TWN_ZOAH	032EA4	17		8	神の守護、ねえ…
TWN_ZOAH	032EC2	27		13	おや…君は、確か開放区で…
TWN_ZOAH	032EDD	33		16	…な、なんでこんな所にいるんだ…
TWN_ZOAH	032EFE	23		11	いや、この間は失礼した
TWN_ZOAH	032F15	23		11	私はキトールという者だ
TWN_ZOAH	032F2C	10		4	<0D>るんだ…
TWN_ZOAH	032F36	33		16	見たところ、旅をしているようだな
TWN_ZOAH	032F57	25		12	これで食料でも買うといい
TWN_ZOAH	032F70	9		4	200Dn
TWN_ZOAH	032F86	13		6	そのかわり…
TWN_ZOAH	032F93	39		19	私が開放区にいたことは、黙っててくれよ
TWN_ZOAH	032FBA	29		14	司祭様に知られると困るんでな
TWN_ZOAH	033022	33		16	これは、森からとってきた食料だよ
TWN_ZOAH	033043	31		15	商品としても非常に高価なものだ
TWN_ZOAH	033062	2		1	よ
TWN_ZOAH	033071	39		19	よそから物を買わないと不自由するんだよ
TWN_ZOAH	033098	33		16	評議会も、その辺を考えてほしいね
TWN_ZOAH	033104	33		16	君、ここをどこだと思ってるんだね
TWN_ZOAH	033132	31		15	司祭様に対して、失礼じゃないか
TWN_ZOAH	0331DE	27		13	これから、この街は変わるぞ
TWN_ZOAH	0331F9	6		2	<0E>？)
TWN_ZOAH	0331FF	39		19	バイマンさんは、前の司祭とは違うからな
TWN_ZOAH	033226	39		19	ゆくゆくは大陸一の商業都市になるだろう
TWN_ZOAH	03325A	35		17	バイマンさんから、君の事は聞いたよ
TWN_ZOAH	03327D	37		18	司祭選出のために働いてくれたそうだな
TWN_ZOAH	0332A2	39		19	詳しい事は知らないが、よくやってくれた
TWN_ZOAH	033314	31		15	すまんが、用ならあとにしてくれ
TWN_ZOAH	033340	35		17	大事な話なんだ、見てわからんのか？
TWN_ZOAH	033370	23		11	おや、よそ者じゃないか
TWN_ZOAH	033387	25		12	誰に許可をもらったんだ？
TWN_ZOAH	0333A0	33		16	まあいい…私はキトールという者だ
TWN_ZOAH	0333C1	2		1	？
TWN_ZOAH	0333C3	29		14	金に困ったら、私に言ってくれ
TWN_ZOAH	0333E0	27		13	力になってやろうじゃないか
TWN_ZOAH	033408	35		17	うちの娘とよく話をしているようだな
TWN_ZOAH	03342B	35		17	娘が悪い事を覚えると、困るんだがね
TWN_ZOAH	03345B	31		15	最近は、評議会の目が厳しくてな
TWN_ZOAH	03347A	19		9	ろくに商売もできん
TWN_ZOAH	03348D	31		15	そうだ…君、これを買わないか？
TWN_ZOAH	0334AC	29		14	よそで売れば、いい金になるぞ
TWN_ZOAH	0334C9	2		1	？
TWN_ZOAH	0334FD	29		14	値段は…こんなものでどうだ？
TWN_ZOAH	03351A	15		7	500Dnで買う
TWN_ZOAH	033529	9		4	買わない
TWN_ZOAH	033532	7		3	値切る
TWN_ZOAH	033546	37		18	ああ、君、ちょっと頼まれてくれないか
TWN_ZOAH	03356B	37		18	これと同じ物を調達してきてほしいんだ
TWN_ZOAH	033592	27		13	ここでは手に入らないんだよ
TWN_ZOAH	0335F4	27		13	頼んだぞ、礼ははずむからな
TWN_ZOAH	03361C	33		16	ほう…神聖区民の頼みを断るとはね
TWN_ZOAH	03363D	37		18	ハンター風情が、いいご身分じゃないか
TWN_ZOAH	03366F	39		19	頼んだ物はまだか？ 早く持って来てくれ
TWN_ZOAH	0336DB	27		13	頼まれてた物、持ってきたよ
TWN_ZOAH	033703	17		8	ああ、ご苦労さん
TWN_ZOAH	033714	13		6	10000Dn
TWN_ZOAH	03374F	37		18	おや？ それは私が頼んだ物じゃないか
TWN_ZOAH	033774	39		19	金が欲しいなら、そう言えばよかったのに
TWN_ZOAH	03379B	21		10	なに、心配せんでいい
TWN_ZOAH	0337B0	25		12	ちゃんと買い取ってやるよ
TWN_ZOAH	0337C9	11		5	9000Dn
TWN_ZOAH	033829	33		16	君、それをひとつ売ってくれないか
TWN_ZOAH	03384A	29		14	値段は…こんなものでどうだ？
TWN_ZOAH	033867	17		8	9000Dnで売る
TWN_ZOAH	033878	9		4	売らない
TWN_ZOAH	03388E	37		18	聞いたか？ ドラゴンが降臨するそうだ
TWN_ZOAH	0338B3	2		1	)
TWN_ZOAH	0338B5	33		16	バイマンさんが予言なさったんだよ
TWN_ZOAH	0338D6	33		16	これで、帝国が攻めてきても安心だ
TWN_ZOAH	0338F7	4		1	<0E>だ
TWN_ZOAH	0338FB	2		1	)
TWN_ZOAH	03390A	39		19	よそから物を買わないと不自由するんだよ
TWN_ZOAH	033931	33		16	評議会も、その辺を考えてほしいね
TWN_ZOAH	03395F	31		15	よろしい…では、受け取りたまえ
TWN_ZOAH	03398B	33		16	ほう…まあ、無理にとは言わんがね
TWN_ZOAH	0339B9	29		14	神聖区民を相手に値切る気か？
TWN_ZOAH	0339D6	25		12	まったく…何様のつもりだ
TWN_ZOAH	0339EF	4		1	<11>？
TWN_ZOAH	033A00	11		5	ありがたい
TWN_ZOAH	033A0B	31		15	ここでは手に入らない品なんでね
TWN_ZOAH	033A2A	11		5	9000Dn
TWN_ZOAH	033A42	21		10	まあ、そう言わずに…
TWN_ZOAH	033A57	27		13	それじゃ、これならどうだ？
TWN_ZOAH	033A72	19		9	10000Dnで売る
TWN_ZOAH	033A85	9		4	売らない
TWN_ZOAH	033A9B	13		6	ありがたい！
TWN_ZOAH	033AA8	31		15	ここでは手に入らない品なんでね
TWN_ZOAH	033AC7	13		6	10000Dn
TWN_ZOAH	033AE1	23		11	もういい、君には頼まん
TWN_ZOAH	033AF8	27		13	まったく、最近のよそ者は…
TWN_ZOAH	033B1B	8		2	<09>\n<08>ルに<01><07>
TWN_ZOAH	033B23	8		2	<09>\n<09>ソ…<15><02>
TWN_ZOAH	034439	19		13	<01><10><09><05>リ<01>イスー「スゆゆよもョ。ォ
TWN_ZOAH	03444C	19		9	あなた、よそ者ね…
TWN_ZOAH	03445F	35		17	だったら、ローダ、かくれなくちゃ！
TWN_ZOAH	0344E2	27		13	お父さんにもらった宝物なの
TWN_ZOAH	0344FD	17		8	あなたにあげる！
TWN_ZOAH	03451B	33		16	みんな、よそ者がきらいなんだって
TWN_ZOAH	03453C	15		7	どうしてかな？
TWN_ZOAH	03454B	35		17	でも、ローダは、あなたのこと好きよ
TWN_ZOAH	03457B	31		15	よそ者って、食べ物ないんでしょ
TWN_ZOAH	03459A	4		1	<12>よ
TWN_ZOAH	03459E	21		10	お母さんが言ってたよ
TWN_ZOAH	0345B3	21		10	はい、これあげるね！
TWN_ZOAH	0345D5	23		11	お母さんに言われてるの
TWN_ZOAH	0345EC	33		16	よそ者が来たら、かくれなさいって
TWN_ZOAH	03460D	27		13	だから、かくれんぼしたの！
TWN_ZOAH	034635	35		17	かべの向こうって、何があるのかな？
TWN_ZOAH	034665	27		13	だれもいなくてつまんない…
TWN_ZOAH	034680	37		18	みんな、早く森から帰ってこないかなあ
TWN_ZOAH	0346B2	21		10	あのね、神さまがね、
TWN_ZOAH	0346C7	39		19	他の子は生まれてきちゃだめって言ったの
TWN_ZOAH	0346EE	33		16	ローダ、お友だちほしいのになあ…
TWN_ZOAH	03471F	8		2	<09>\n<09>ソ…<15><02>
TWN_ZOAH	037090	21		10	あんた、ハンターだね
TWN_ZOAH	0370A5	35		17	俺はシフレっていうんだ、よろしくな
TWN_ZOAH	0370D5	35		17	これは、司祭様にいただいた教典だよ
TWN_ZOAH	037105	37		18	神聖区民になるには、勉強も必要なのさ
TWN_ZOAH	03712A	35		17	信心が足りないと思われないようにね
TWN_ZOAH	03718A	39		19	この街に住めば、誰だって信心深くなるさ
TWN_ZOAH	0371B1	39		19	神の恵みを、この目で見られるんだからね
TWN_ZOAH	0371E5	37		18	神聖区の住民権を得るための近道はね…
TWN_ZOAH	03720A	31		15	神聖区のために働くことなんだよ
TWN_ZOAH	0372B5	23		11	先日はすみませんでした
TWN_ZOAH	0372CC	19		9	無礼な□をきいて…
TWN_ZOAH	03731C	31		15	俺は何年も門番をやっていますが
TWN_ZOAH	03733B	6		3	はね…
TWN_ZOAH	037341	39		19	住民権をもらえるのは、まだまだ先ですね
TWN_ZOAH	037375	35		17	今度、給金が下げられるらしいんです
TWN_ZOAH	037398	37		18	新しい司祭様の方針だと聞きましたが…
TWN_ZOAH	0373BD	35		17	このままだと、上納金も払えませんよ
TWN_ZOAH	03741D	33		16	街の入□の横にある階段を越えると
TWN_ZOAH	03743E	23		11	青い扉が見えるはずです
TWN_ZOAH	037455	37		18	ただ、昼間は店を閉めてるはずですが…
TWN_ZOAH	037487	31		15	街の入□の横に、階段があるだろ
TWN_ZOAH	0374A6	35		17	あれを昇れば、すぐ目の前に見えるよ
TWN_ZOAH	0374C9	21		10	青い扉が目印だからね
TWN_ZOAH	0374DE	35		17	でも…まだ店は開いてないはずだけど
TWN_ZOAH	037501	2		1	…
TWN_ZOAH	037510	35		17	パエットさんは、街の外に行ってるよ
TWN_ZOAH	037533	31		15	友達に用事だって言ってたけど…
TWN_ZOAH	037552	35		17	やっぱり、止めた方がよかったかなあ
TWN_ZOAH	037582	37		18	パエットさんなら、機械置き場だろうな
TWN_ZOAH	0375A7	37		18	昼間は、たいていあそこにいるはずだよ
TWN_ZOAH	0375D9	27		13	まず、通路を抜けてください
TWN_ZOAH	0375F4	25		12	正面に壁が見えるはずです
TWN_ZOAH	03760D	29		14	その壁にそって、右に進むと…
TWN_ZOAH	03762A	37		18	一段下がったところが、機械置き場です
TWN_ZOAH	03765C	37		18	通路を抜けると、正面に壁が見えるから
TWN_ZOAH	037681	29		14	その壁にそって、右に進むんだ
TWN_ZOAH	03769E	8		3	<0F>るから
TWN_ZOAH	0376A6	37		18	一段下がったところが、機械置き場だよ
TWN_ZOAH	0376D8	31		15	バイマンさんのお宅は、ええと…
TWN_ZOAH	0376F7	25		12	教会の脇の通路を通って…
TWN_ZOAH	037710	25		12	出□の右側にあるそうです
TWN_ZOAH	037736	37		18	神聖区に入ると、正面に倉庫があります
TWN_ZOAH	03775B	27		13	教会は、その左側だそうです
TWN_ZOAH	037776	25		12	青い二本柱が目印だとか…
TWN_ZOAH	03779C	33		16	街の入□の横にある階段を越えて…
TWN_ZOAH	0377BD	23		11	そのまま進んでください
TWN_ZOAH	0377E1	33		16	街の入□の横にある階段を越えて…
TWN_ZOAH	037802	37		18	そのまま進めば、通路に入れるはずだよ
TWN_ZOAH	037827	19		9	ジューバの店への道
TWN_ZOAH	03783A	17		8	パエットの居場所
TWN_ZOAH	03784B	17		8	機械置き場への道
TWN_ZOAH	03785C	19		9	バイマンの家への道
TWN_ZOAH	03786F	11		5	教会への道
TWN_ZOAH	03787A	11		5	通路への道
TWN_ZOAH	037885	11		5	話をやめる
TWN_ZOAH	037890	19		9	ジューバの店への道
TWN_ZOAH	0378A3	17		8	パエットの居場所
TWN_ZOAH	0378B4	17		8	機械置き場への道
TWN_ZOAH	0378C5	19		9	バイマンの家への道
TWN_ZOAH	0378D8	11		5	教会への道
TWN_ZOAH	0378E3	11		5	話をやめる
TWN_ZOAH	0378EE	19		9	ジューバの店への道
TWN_ZOAH	037901	17		8	パエットの居場所
TWN_ZOAH	037912	17		8	機械置き場への道
TWN_ZOAH	037923	19		9	バイマンの家への道
TWN_ZOAH	037936	11		5	通路への道
TWN_ZOAH	037941	11		5	話をやめる
TWN_ZOAH	03794C	19		9	ジューバの店への道
TWN_ZOAH	03795F	17		8	パエットの居場所
TWN_ZOAH	037970	17		8	機械置き場への道
TWN_ZOAH	037981	19		9	バイマンの家への道
TWN_ZOAH	037994	11		5	話をやめる
TWN_ZOAH	03799F	19		9	ジューバの店への道
TWN_ZOAH	0379B2	17		8	パエットの居場所
TWN_ZOAH	0379C3	17		8	機械置き場への道
TWN_ZOAH	0379D4	11		5	教会への道
TWN_ZOAH	0379DF	11		5	通路への道
TWN_ZOAH	0379EA	11		5	話をやめる
TWN_ZOAH	0379F5	19		9	ジューバの店への道
TWN_ZOAH	037A08	17		8	パエットの居場所
TWN_ZOAH	037A19	17		8	機械置き場への道
TWN_ZOAH	037A2A	11		5	教会への道
TWN_ZOAH	037A35	11		5	話をやめる
TWN_ZOAH	037A40	19		9	ジューバの店への道
TWN_ZOAH	037A53	17		8	パエットの居場所
TWN_ZOAH	037A64	17		8	機械置き場への道
TWN_ZOAH	037A75	11		5	通路への道
TWN_ZOAH	037A80	11		5	話をやめる
TWN_ZOAH	037A8B	19		9	ジューバの店への道
TWN_ZOAH	037A9E	17		8	パエットの居場所
TWN_ZOAH	037AAF	17		8	機械置き場への道
TWN_ZOAH	037AC0	11		5	話をやめる
TWN_ZOAH	037ACB	19		9	ジューバの店への道
TWN_ZOAH	037ADE	17		8	パエットの居場所
TWN_ZOAH	037AEF	19		9	バイマンの家への道
TWN_ZOAH	037B02	11		5	教会への道
TWN_ZOAH	037B0D	11		5	通路への道
TWN_ZOAH	037B18	11		5	話をやめる
TWN_ZOAH	037B23	19		9	ジューバの店への道
TWN_ZOAH	037B36	17		8	パエットの居場所
TWN_ZOAH	037B47	19		9	バイマンの家への道
TWN_ZOAH	037B5A	11		5	教会への道
TWN_ZOAH	037B65	11		5	話をやめる
TWN_ZOAH	037B70	19		9	ジューバの店への道
TWN_ZOAH	037B83	17		8	パエットの居場所
TWN_ZOAH	037B94	19		9	バイマンの家への道
TWN_ZOAH	037BA7	11		5	通路への道
TWN_ZOAH	037BB2	11		5	話をやめる
TWN_ZOAH	037BBD	19		9	ジューバの店への道
TWN_ZOAH	037BD0	17		8	パエットの居場所
TWN_ZOAH	037BE1	19		9	バイマンの家への道
TWN_ZOAH	037BF4	11		5	話をやめる
TWN_ZOAH	037BFF	19		9	ジューバの店への道
TWN_ZOAH	037C12	17		8	パエットの居場所
TWN_ZOAH	037C23	11		5	教会への道
TWN_ZOAH	037C2E	11		5	通路への道
TWN_ZOAH	037C39	11		5	話をやめる
TWN_ZOAH	037C44	19		9	ジューバの店への道
TWN_ZOAH	037C57	17		8	パエットの居場所
TWN_ZOAH	037C68	11		5	教会への道
TWN_ZOAH	037C73	11		5	話をやめる
TWN_ZOAH	037C7E	19		9	ジューバの店への道
TWN_ZOAH	037C91	17		8	パエットの居場所
TWN_ZOAH	037CA2	11		5	通路への道
TWN_ZOAH	037CAD	11		5	話をやめる
TWN_ZOAH	037CB8	19		9	ジューバの店への道
TWN_ZOAH	037CCB	17		8	パエットの居場所
TWN_ZOAH	037CDC	11		5	話をやめる
TWN_ZOAH	037CE7	19		9	ジューバの店への道
TWN_ZOAH	037CFA	17		8	機械置き場への道
TWN_ZOAH	037D0B	19		9	バイマンの家への道
TWN_ZOAH	037D1E	11		5	教会への道
TWN_ZOAH	037D29	11		5	通路への道
TWN_ZOAH	037D34	11		5	話をやめる
TWN_ZOAH	037D3F	19		9	ジューバの店への道
TWN_ZOAH	037D52	17		8	機械置き場への道
TWN_ZOAH	037D63	19		9	バイマンの家への道
TWN_ZOAH	037D76	11		5	教会への道
TWN_ZOAH	037D81	11		5	話をやめる
TWN_ZOAH	037D8C	19		9	ジューバの店への道
TWN_ZOAH	037D9F	17		8	機械置き場への道
TWN_ZOAH	037DB0	19		9	バイマンの家への道
TWN_ZOAH	037DC3	11		5	通路への道
TWN_ZOAH	037DCE	11		5	話をやめる
TWN_ZOAH	037DD9	19		9	ジューバの店への道
TWN_ZOAH	037DEC	17		8	機械置き場への道
TWN_ZOAH	037DFD	19		9	バイマンの家への道
TWN_ZOAH	037E10	11		5	話をやめる
TWN_ZOAH	037E1B	19		9	ジューバの店への道
TWN_ZOAH	037E2E	17		8	機械置き場への道
TWN_ZOAH	037E3F	11		5	教会への道
TWN_ZOAH	037E4A	11		5	通路への道
TWN_ZOAH	037E55	11		5	話をやめる
TWN_ZOAH	037E60	19		9	ジューバの店への道
TWN_ZOAH	037E73	17		8	機械置き場への道
TWN_ZOAH	037E84	11		5	教会への道
TWN_ZOAH	037E8F	11		5	話をやめる
TWN_ZOAH	037E9A	19		9	ジューバの店への道
TWN_ZOAH	037EAD	17		8	機械置き場への道
TWN_ZOAH	037EBE	11		5	通路への道
TWN_ZOAH	037EC9	11		5	話をやめる
TWN_ZOAH	037ED4	19		9	ジューバの店への道
TWN_ZOAH	037EE7	17		8	機械置き場への道
TWN_ZOAH	037EF8	11		5	話をやめる
TWN_ZOAH	037F03	19		9	ジューバの店への道
TWN_ZOAH	037F16	19		9	バイマンの家への道
TWN_ZOAH	037F29	11		5	教会への道
TWN_ZOAH	037F34	11		5	通路への道
TWN_ZOAH	037F3F	11		5	話をやめる
TWN_ZOAH	037F4A	19		9	ジューバの店への道
TWN_ZOAH	037F5D	19		9	バイマンの家への道
TWN_ZOAH	037F70	11		5	教会への道
TWN_ZOAH	037F7B	11		5	話をやめる
TWN_ZOAH	037F86	19		9	ジューバの店への道
TWN_ZOAH	037F99	19		9	バイマンの家への道
TWN_ZOAH	037FAC	11		5	通路への道
TWN_ZOAH	037FB7	11		5	話をやめる
TWN_ZOAH	037FC2	19		9	ジューバの店への道
TWN_ZOAH	037FD5	19		9	バイマンの家への道
TWN_ZOAH	037FE8	11		5	話をやめる
TWN_ZOAH	037FF3	19		9	ジューバの店への道
TWN_ZOAH	038006	11		5	教会への道
TWN_ZOAH	038011	11		5	通路への道
TWN_ZOAH	03801C	11		5	話をやめる
TWN_ZOAH	038027	19		9	ジューバの店への道
TWN_ZOAH	03803A	11		5	教会への道
TWN_ZOAH	038045	11		5	話をやめる
TWN_ZOAH	038050	19		9	ジューバの店への道
TWN_ZOAH	038063	11		5	通路への道
TWN_ZOAH	03806E	11		5	話をやめる
TWN_ZOAH	038079	19		9	ジューバの店への道
TWN_ZOAH	03808C	11		5	話をやめる
TWN_ZOAH	038097	19		9	ジューバの店への道
TWN_ZOAH	0380AA	17		8	機械置き場への道
TWN_ZOAH	0380BB	19		9	バイマンの家への道
TWN_ZOAH	0380CE	11		5	教会への道
TWN_ZOAH	0380D9	11		5	通路への道
TWN_ZOAH	0380E4	11		5	話をやめる
TWN_ZOAH	0380EF	19		9	ジューバの店への道
TWN_ZOAH	038102	17		8	機械置き場への道
TWN_ZOAH	038113	19		9	バイマンの家への道
TWN_ZOAH	038126	11		5	教会への道
TWN_ZOAH	038131	11		5	話をやめる
TWN_ZOAH	03813C	19		9	ジューバの店への道
TWN_ZOAH	03814F	17		8	機械置き場への道
TWN_ZOAH	038160	19		9	バイマンの家への道
TWN_ZOAH	038173	11		5	通路への道
TWN_ZOAH	03817E	11		5	話をやめる
TWN_ZOAH	038189	19		9	ジューバの店への道
TWN_ZOAH	03819C	17		8	機械置き場への道
TWN_ZOAH	0381AD	19		9	バイマンの家への道
TWN_ZOAH	0381C0	11		5	話をやめる
TWN_ZOAH	0381CB	19		9	ジューバの店への道
TWN_ZOAH	0381DE	17		8	機械置き場への道
TWN_ZOAH	0381EF	11		5	教会への道
TWN_ZOAH	0381FA	11		5	通路への道
TWN_ZOAH	038205	11		5	話をやめる
TWN_ZOAH	038210	19		9	ジューバの店への道
TWN_ZOAH	038223	17		8	機械置き場への道
TWN_ZOAH	038234	11		5	教会への道
TWN_ZOAH	03823F	11		5	話をやめる
TWN_ZOAH	03824A	19		9	ジューバの店への道
TWN_ZOAH	03825D	17		8	機械置き場への道
TWN_ZOAH	03826E	11		5	通路への道
TWN_ZOAH	038279	11		5	話をやめる
TWN_ZOAH	038284	19		9	ジューバの店への道
TWN_ZOAH	038297	17		8	機械置き場への道
TWN_ZOAH	0382A8	11		5	話をやめる
TWN_ZOAH	0382B3	19		9	ジューバの店への道
TWN_ZOAH	0382C6	19		9	バイマンの家への道
TWN_ZOAH	0382D9	11		5	教会への道
TWN_ZOAH	0382E4	11		5	通路への道
TWN_ZOAH	0382EF	11		5	話をやめる
TWN_ZOAH	0382FA	19		9	ジューバの店への道
TWN_ZOAH	03830D	19		9	バイマンの家への道
TWN_ZOAH	038320	11		5	教会への道
TWN_ZOAH	03832B	11		5	話をやめる
TWN_ZOAH	038336	19		9	ジューバの店への道
TWN_ZOAH	038349	19		9	バイマンの家への道
TWN_ZOAH	03835C	11		5	通路への道
TWN_ZOAH	038367	11		5	話をやめる
TWN_ZOAH	038372	19		9	ジューバの店への道
TWN_ZOAH	038385	19		9	バイマンの家への道
TWN_ZOAH	038398	11		5	話をやめる
TWN_ZOAH	0383A3	19		9	ジューバの店への道
TWN_ZOAH	0383B6	11		5	教会への道
TWN_ZOAH	0383C1	11		5	通路への道
TWN_ZOAH	0383CC	11		5	話をやめる
TWN_ZOAH	0383D7	19		9	ジューバの店への道
TWN_ZOAH	0383EA	11		5	教会への道
TWN_ZOAH	0383F5	11		5	話をやめる
TWN_ZOAH	038400	19		9	ジューバの店への道
TWN_ZOAH	038413	11		5	通路への道
TWN_ZOAH	03841E	11		5	話をやめる
TWN_ZOAH	038429	19		9	ジューバの店への道
TWN_ZOAH	03843C	11		5	話をやめる
TWN_ZOAH	038447	17		8	機械置き場への道
TWN_ZOAH	038458	19		9	バイマンの家への道
TWN_ZOAH	03846B	11		5	教会への道
TWN_ZOAH	038476	11		5	通路への道
TWN_ZOAH	038481	11		5	話をやめる
TWN_ZOAH	03848C	17		8	機械置き場への道
TWN_ZOAH	03849D	19		9	バイマンの家への道
TWN_ZOAH	0384B0	11		5	教会への道
TWN_ZOAH	0384BB	11		5	話をやめる
TWN_ZOAH	0384C6	17		8	機械置き場への道
TWN_ZOAH	0384D7	19		9	バイマンの家への道
TWN_ZOAH	0384EA	11		5	通路への道
TWN_ZOAH	0384F5	11		5	話をやめる
TWN_ZOAH	038500	17		8	機械置き場への道
TWN_ZOAH	038511	19		9	バイマンの家への道
TWN_ZOAH	038524	11		5	話をやめる
TWN_ZOAH	03852F	17		8	機械置き場への道
TWN_ZOAH	038540	11		5	教会への道
TWN_ZOAH	03854B	11		5	通路への道
TWN_ZOAH	038556	11		5	話をやめる
TWN_ZOAH	038561	17		8	機械置き場への道
TWN_ZOAH	038572	11		5	教会への道
TWN_ZOAH	03857D	11		5	話をやめる
TWN_ZOAH	038588	17		8	機械置き場への道
TWN_ZOAH	038599	11		5	通路への道
TWN_ZOAH	0385A4	11		5	話をやめる
TWN_ZOAH	0385AF	17		8	機械置き場への道
TWN_ZOAH	0385C0	11		5	話をやめる
TWN_ZOAH	0385CB	19		9	バイマンの家への道
TWN_ZOAH	0385DE	11		5	教会への道
TWN_ZOAH	0385E9	11		5	通路への道
TWN_ZOAH	0385F4	11		5	話をやめる
TWN_ZOAH	0385FF	19		9	バイマンの家への道
TWN_ZOAH	038612	11		5	教会への道
TWN_ZOAH	03861D	11		5	話をやめる
TWN_ZOAH	038628	19		9	バイマンの家への道
TWN_ZOAH	03863B	11		5	通路への道
TWN_ZOAH	038646	11		5	話をやめる
TWN_ZOAH	038651	19		9	バイマンの家への道
TWN_ZOAH	038664	11		5	話をやめる
TWN_ZOAH	03866F	11		5	教会への道
TWN_ZOAH	03867A	11		5	通路への道
TWN_ZOAH	038685	11		5	話をやめる
TWN_ZOAH	038690	11		5	教会への道
TWN_ZOAH	03869B	11		5	話をやめる
TWN_ZOAH	0386A6	11		5	通路への道
TWN_ZOAH	0386B1	11		5	話をやめる
TWN_ZOAH	0386C9	39		19	この街に住めば、誰だって信心深くなるさ
TWN_ZOAH	0386F0	39		19	神の恵みを、この目で見られるんだからね
TWN_ZOAH	038724	31		15	通行証を発行されたということは
TWN_ZOAH	038743	35		17	神に仕える資質を認められたんですよ
TWN_ZOAH	038773	37		18	神聖区の住民権を得るための近道はね…
TWN_ZOAH	038798	31		15	神聖区のために働くことなんだよ
TWN_ZOAH	0387C4	35		17	俺も、神聖区のお役に立ちたいです…
TWN_ZOAH	0387E7	37		18	門番じゃ、大した事はできませんからね
TWN_ZOAH	03881B	8		2	<09>\n<09>ソ…<15><02>
TWN_ZOAH	038CFB	17		13	)<1D><1A><01>イスイースゆゆりもョ。ォ
TWN_ZOAH	038D0C	19		9	なんだい、あんた？
TWN_ZOAH	038D1F	29		14	ハンターから買う物はないよ！
TWN_ZOAH	038D49	37		18	取り引き中なんだ、邪魔しないでくれよ
TWN_ZOAH	038D7B	27		13	これしか買えないんですか？
TWN_ZOAH	038D96	29		14	去年と同じだけ払ってるのに…
TWN_ZOAH	038DC0	33		16	最近は、買い手が増えてますので…
TWN_ZOAH	038DE1	33		16	いやなら、無理にとは言いませんが
TWN_ZOAH	038E02	4		2	れよ
TWN_ZOAH	038E13	39		19	もう少し、余分に売っていただけませんか
TWN_ZOAH	038E3A	37		18	このままだと、満足に乾季が越せません
TWN_ZOAH	038E6C	37		18	ならば、それも神の思し召しでしょうな
TWN_ZOAH	038E9E	37		18	ここには、食料の買いつけに来てるんだ
TWN_ZOAH	038EC5	35		17	子供達を養わなくちゃいけないんでね
TWN_ZOAH	038EF5	35		17	森からは、作物がたくさんとれるんだ
TWN_ZOAH	038F1C	37		18	でも、みんな神聖区の連中が独り占めさ
TWN_ZOAH	038F63	8		1	<09>\n<08><!CF>ヌ<01><07>
TWN_ZOAH	038F6B	8		2	<09>\n<09>ソ…<15><02>
TWN_ZOAH	039A88	27		13	その首飾り、ガッシュのだな
TWN_ZOAH	039AB0	15		7	知ってるのか？
TWN_ZOAH	039ACC	29		14	そりゃ、同じシーカーだからな
TWN_ZOAH	039AE9	31		15	あんた、ハンターのエッジだろ？
TWN_ZOAH	039B08	25		12	あいつから話は聞いてるよ
TWN_ZOAH	039B2E	7		3	え！？
TWN_ZOAH	039B35	23		11	それって…どんな話だ？
TWN_ZOAH	039B59	31		15	ガリル砂漠で世話になったってさ
TWN_ZOAH	039B78	31		15	クーリアに乗せてやったんだろ？
TWN_ZOAH	039B97	11		5	違うのか？
TWN_ZOAH	039BAF	29		14	い、いや、確かにそうだけど…
TWN_ZOAH	039BD9	37		18	あいつの恩人なら、俺にとっても恩人だ
TWN_ZOAH	039BFF	23		11	お礼に、こいつをやるよ
TWN_ZOAH	039C4A	35		17	遣跡に興味持ってるって聞いたんでね
TWN_ZOAH	039C6D	31		15	俺はエフタってんだ、よろしくな
TWN_ZOAH	039C99	17		8	ああ、よろしく…
TWN_ZOAH	039CB7	37		18	こないだ、遣跡でいいもの見つけたんだ
TWN_ZOAH	039CDC	2		1	)
TWN_ZOAH	039CDE	15		7	ほら、こいつさ
TWN_ZOAH	039D40	37		18	安くしとくぜ…どうだ、こんなもんで？
TWN_ZOAH	039D65	17		8	1000Dnで買う
TWN_ZOAH	039D76	9		4	買わない
TWN_ZOAH	039D7F	7		3	値切る
TWN_ZOAH	039DD7	39		19	ちょっと商売しようと思って来たんだが…
TWN_ZOAH	039DFE	29		14	どうもやりずらいね、この街は
TWN_ZOAH	039E28	31		15	へえ…いい銃持ってるじゃねえか
TWN_ZOAH	039E47	39		19	これほどの物は、めったに掘り出せないぜ
TWN_ZOAH	039E7C	37		18	そうこなくっちゃ！ あんた、得したぜ
TWN_ZOAH	039EB1	39		19	そうか？ いい買い物だと思うけどなあ…
TWN_ZOAH	039EE5	29		14	もう少し、安くならないかな？
TWN_ZOAH	039F0F	9		4	うーん…
TWN_ZOAH	039F18	25		12	それじゃ、これでどうだ？
TWN_ZOAH	039F31	15		7	800Dnで買う
TWN_ZOAH	039F40	9		4	買わない
TWN_ZOAH	039F49	13		6	もっと値切る
TWN_ZOAH	039F63	25		12	しっかりしてるね、あんた
TWN_ZOAH	039F7C	17		8	ほら、持ってけよ
TWN_ZOAH	039F9A	27		13	もういいよ、他をあたるから
TWN_ZOAH	03B04E	27		13	初めて見る顔だね…旅の人？
TWN_ZOAH	03B069	33		16	俺、ベゼルってんだ！ よろしく！
TWN_ZOAH	03B0D3	35		17	パエットに用？ 今は神聖区にいるよ
TWN_ZOAH	03B0F6	39		19	あ…そうか、あんたらは行けないんだっけ
TWN_ZOAH	03B12A	37		18	ここも、帝国に占領されちゃうのかな…
TWN_ZOAH	03B198	39		19	あんた、神聖区で仕事もらったんだって？
TWN_ZOAH	03B1BF	39		19	…結局、あんたもみんなと同じなんだね…
TWN_ZOAH	03B1F3	27		13	早く修理をすませなくちゃ…
TWN_ZOAH	03B20E	31		15	帝国が攻めてきたら、おしまいだ
TWN_ZOAH	03B22D	8		4	んだね…
TWN_ZOAH	03B242	37		18	神聖区の連中は、外の世界がこわいんだ
TWN_ZOAH	03B267	2		1	…
TWN_ZOAH	03B276	29		14	結局、みんな何もしなかった…
TWN_ZOAH	03B293	39		19	ドラゴンが助けてくれるのを見てただけだ
TWN_ZOAH	03B304	29		14	この船、もうすぐ完成するんだ
TWN_ZOAH	03B321	4		2	な)
TWN_ZOAH	03B332	33		16	街を出たら、ハンターになろうかな
TWN_ZOAH	03B353	31		15	武器もひととおり買ってあるんだ
TWN_ZOAH	03B372	2		1	な
TWN_ZOAH	03B374	39		19	キャラバンに入るのも、悪くないよなあ…
TWN_ZOAH	03B3A8	35		17	旅の荷物とか、ここに隠してあるんだ
TWN_ZOAH	03B3CB	4		1	<0C>…
TWN_ZOAH	03B3CF	35		17	見つかったら、捨てられちゃうからね
TWN_ZOAH	03B3FF	33		16	俺、自分の力で生きていきたいんだ
TWN_ZOAH	03B420	2		1	ね
TWN_ZOAH	03B422	33		16	神様に守ってもらうんじゃなくてさ
TWN_ZOAH	03B494	25		12	じいちゃんの話、聞いたよ
TWN_ZOAH	03B4AD	31		15	司祭をやめさせられたんだってね
TWN_ZOAH	03B4CC	35		17	…でも俺、やっぱり家には戻らないよ
TWN_ZOAH	03B4EF	25		12	どうせ、街を出るんだから
TWN_ZOAH	03B515	25		12	パエットには悪いけどさ…
TWN_ZOAH	03B52E	31		15	親父さん、結構話がわかるんだな
TWN_ZOAH	03B59E	29		14	いいだろうなあ、外の世界は…
TWN_ZOAH	03B5BB	17		8	掟なんかなくてさ
TWN_ZOAH	03B5D9	35		17	俺、あの船に乗って、外に出たいんだ
TWN_ZOAH	03B5FC	4		1	<0C>…
TWN_ZOAH	03B60D	7		3	誰だ！
TWN_ZOAH	03B614	37		18	なんだ、うちのじいちゃんかと思ったよ
TWN_ZOAH	03B646	15		7	…じいちゃん？
TWN_ZOAH	03B6DE	27		13	かわりに、これあげるからさ
TWN_ZOAH	03B706	19		9	俺、ベゼルってんだ
TWN_ZOAH	03B719	8		4	るからさ
TWN_ZOAH	03B721	23		11	一応、神聖区民だけど…
TWN_ZOAH	03B738	31		15	いつかはここを出ていくつもりさ
TWN_ZOAH	03BAC7	13		5	)<1D><1A><01>…………
TWN_ZOAH	03BAE1	29		14	おやめよ、斉えてるじゃないか
TWN_ZOAH	03BB25	9		4	…………
TWN_ZOAH	03BB3B	31		15	おやめよ、おびえてるじゃないか
TWN_ZOAH	03BB81	9		4	…………
TWN_ZOAH	03BB97	31		15	おやめよ、おびえてるじゃないか
TWN_ZOAH	03DC62	21		10	よう、調子はどうだ？
TWN_ZOAH	03DC77	13		6	取り引きする
TWN_ZOAH	03DC84	9		4	話をする
TWN_ZOAH	03DC9A	7		3	毎度！
TWN_ZOAH	03DCAE	19		9	なんだ、ひやかしか
TWN_ZOAH	03DCCE	19		9	どうだい、お客さん
TWN_ZOAH	03DCE1	21		10	いい物そろってるだろ
TWN_ZOAH	03DD03	27		13	これ、みんな売り物なのか？
TWN_ZOAH	03DD2B	39		19	作りかけもあるけど、だいたいはそうだな
TWN_ZOAH	03DD5F	21		10	俺は、ヤレドってんだ
TWN_ZOAH	03DD74	18		8	<!A6>いたいはそうだな
TWN_ZOAH	03DD86	35		17	この間、ここに店を出したばかりでね
TWN_ZOAH	03DDA9	37		18	武器なんかもあるから、見てってくれよ
TWN_ZOAH	03DE1B	21		10	よう、調子はどうだ？
TWN_ZOAH	03DE30	13		6	取り引きする
TWN_ZOAH	03DE3D	9		4	話をする
TWN_ZOAH	03DE53	7		3	毎度！
TWN_ZOAH	03DE67	19		9	なんだ、ひやかしか
TWN_ZOAH	03DE87	39		19	ウルの近くに、ドラゴンが出たって話だぜ
TWN_ZOAH	03DEAF	25		12	それも、真っ黒いやつがな
TWN_ZOAH	03DED5	39		19	近所の爺さんが、銃の修理を頼んできてね
TWN_ZOAH	03DEFC	33		16	しかし、断った方がいいだろうなあ
TWN_ZOAH	03DF1D	39		19	狩りができそうな歳にゃ見えなかったし…
TWN_ZOAH	03DF91	21		10	よう、調子はどうだ？
TWN_ZOAH	03DFA6	13		6	取り引きする
TWN_ZOAH	03DFB3	9		4	話をする
TWN_ZOAH	03DFC9	7		3	毎度！
TWN_ZOAH	03DFDD	19		9	なんだ、ひやかしか
TWN_ZOAH	03DFF0	17		8	ラージガンを売る
TWN_ZOAH	03E001	9		4	売らない
TWN_ZOAH	03E083	21		10	よう、調子はどうだ？
TWN_ZOAH	03E098	13		6	取り引きする
TWN_ZOAH	03E0A5	9		4	話をする
TWN_ZOAH	03E0BB	7		3	毎度！
TWN_ZOAH	03E0CF	19		9	なんだ、ひやかしか
TWN_ZOAH	03E0E2	17		8	ラージガンを売る
TWN_ZOAH	03E0F3	9		4	売らない
TWN_ZOAH	03E149	35		17	なんだか…得体が知れない感じだった
TWN_ZOAH	03E179	13		6	そうだろうな
TWN_ZOAH	03E186	31		15	ありゃ、俺達の理解を超えてるよ
TWN_ZOAH	03E1B2	23		11	正直言って、恐かったよ
TWN_ZOAH	03E1D6	19		9	まあ、無理もないな
TWN_ZOAH	03E1E9	31		15	誰だって、あれには圧倒されるさ
TWN_ZOAH	03E215	31		15	きれいだと思ったけど…変かな？
TWN_ZOAH	03E241	15		7	そうでもないさ
TWN_ZOAH	03E250	39		19	この世の物とは思えない遣跡もあるからな
TWN_ZOAH	03E284	17		8	結構面白かったよ
TWN_ZOAH	03E295	25		12	動いてる奴なんか、特にね
TWN_ZOAH	03E2BB	7		3	へえ…
TWN_ZOAH	03E2C2	25		12	おまえさん、大物になるぜ
TWN_ZOAH	03E2DB	14		7	ョもあるからな
TWN_ZOAH	03E2F6	17		8	いや、別に何も…
TWN_ZOAH	03E314	7		3	へえ…
TWN_ZOAH	03E31B	21		10	若いのに冷静なんだな
TWN_ZOAH	03E33D	13		6	おまえさん…
TWN_ZOAH	03E34A	33		16	このでかい銃、どこで手に入れた？
TWN_ZOAH	03E378	19		9	渓谷に落ちてたんだ
TWN_ZOAH	03E38B	14		6	<!A9>手に入れた？
TWN_ZOAH	03E399	25		12	持ち主の死体も一緒だった
TWN_ZOAH	03E3BF	9		4	そうか…
TWN_ZOAH	03E3C8	29		14	ま、ハンターらしい最期かもな
TWN_ZOAH	03E3E5	11		5	1500Dn
TWN_ZOAH	03E3FD	35		17	俺も、いろんな場所を旅してきたが…
TWN_ZOAH	03E420	39		19	攻性生物のいない森なんて、初めて見たよ
TWN_ZOAH	03E454	39		19	近所の爺さんが、銃の修理を頼んできてね
TWN_ZOAH	03E47B	33		16	しかし、断った方がいいだろうなあ
TWN_ZOAH	03E49C	39		19	狩りができそうな歳にゃ見えなかったし…
TWN_ZOAH	03E4D0	39		19	評議会の対応しだいじゃ戦になっちまうな
TWN_ZOAH	03E4F7	35		17	とっとと逃げた方がいいかもしれんぞ
TWN_ZOAH	03E51A	4		1	<0E>な
TWN_ZOAH	03E52B	35		17	発掘品ひとつのために、街をつぶす…
TWN_ZOAH	03E54E	35		17	帝国ってのは、そういう連中なんだよ
TWN_ZOAH	03E57E	27		13	評議会の発表、聞いたかい？
TWN_ZOAH	03E599	31		15	まさか、ドラゴンが出るとはねえ
TWN_ZOAH	03E5C5	37		18	塔を探してる奴がいるとは聞いてたが…
TWN_ZOAH	03E5EA	27		13	おまえさん、本気なのかい？
TWN_ZOAH	03E612	31		15	この街には、何しに来たんだい？
TWN_ZOAH	03E631	31		15	食料の買いつけじゃなさそうだが
TWN_ZOAH	03E650	6		2	<1B>が…
TWN_ZOAH	03E663	19		9	人を…探してるんだ
TWN_ZOAH	03E676	12		6	なさそうだが
TWN_ZOAH	03E682	6		2	<1B>が…
TWN_ZOAH	03E695	39		19	ふーん…なら、ジューバの店に行ってみな
TWN_ZOAH	03E6BC	37		18	あいつなら、いろいろ知ってると思うぜ
TWN_ZOAH	03E6E1	2		1	な
TWN_ZOAH	03E6F0	27		13	パエットに会ったんだって？
TWN_ZOAH	03E70B	39		19	なんか無茶なこと頼まれたんじゃないか？
TWN_ZOAH	03E73F	5		2	ああ
TWN_ZOAH	03E744	31		15	ゲオルギウスに行ってこいってさ
TWN_ZOAH	03E770	27		13	相変わらずだなあ、あいつも
TWN_ZOAH	03E78B	33		16	ドラゴンの戦場に人をやるなんてよ
TWN_ZOAH	03E7B9	19		9	ドラゴンの…戦場？
TWN_ZOAH	03E7D9	27		13	ああ、何十年も前の話だがな
TWN_ZOAH	03E7F4	39		19	ある国が旧世紀の空飛ぶ船を発掘したんだ
TWN_ZOAH	03E81C	39		19	それをめぐって、2匹のドラゴンが戦った
TWN_ZOAH	03E850	29		14	その場所が、ゲオルギウスか…
TWN_ZOAH	03E87A	15		7	そういうこった
TWN_ZOAH	03E889	37		18	結局、船を守ってた方が戦いに敗れて…
TWN_ZOAH	03E8AE	33		16	残った一方が、船を封印したそうだ
TWN_ZOAH	03E8CF	4		1	<1E>…
TWN_ZOAH	03E8D3	39		19	あそこの竜巻は、その船が起こしてるのさ
TWN_ZOAH	03E8FA	31		15	ドラゴンの封印を破ろうとしてな
TWN_ZOAH	03E926	37		18	シーカーとの噂、ずいぶん広まってるな
TWN_ZOAH	03E958	37		18	どうして、みんなシーカーを嫌うんだ？
TWN_ZOAH	03E98A	39		19	…おまえさん、遣跡を見たことがあるだろ
TWN_ZOAH	03E9B1	15		7	どう思ったね？
TWN_ZOAH	03E9C0	15		7	得体が知れない
TWN_ZOAH	03E9CF	9		4	恐ろしい
TWN_ZOAH	03E9D8	7		3	美しい
TWN_ZOAH	03E9DF	7		3	面白い
TWN_ZOAH	03E9E6	9		4	別に何も
TWN_ZOAH	03E9FC	37		18	遣跡の見方は、土地によっていろいろだ
TWN_ZOAH	03EA21	2		1	ろ
TWN_ZOAH	03EA23	33		16	神の遣産だとか、悪魔の巣だとかな
TWN_ZOAH	03EA44	29		14	だが、ひとつだけ共通点がある
TWN_ZOAH	03EA61	35		17	人間が触れるべきじゃないってことさ
TWN_ZOAH	03EA84	37		18	シーカーは、それを掘り返してるんだぜ
TWN_ZOAH	03EAA9	2		1	ろ
TWN_ZOAH	03EAB8	9		4	そうか…
TWN_ZOAH	03EACE	29		14	ま、そんなに気にする事ないさ
TWN_ZOAH	03EAEB	37		18	結局、みんな連中と取り引きしてるんだ
TWN_ZOAH	03EB10	2		1	ろ
TWN_ZOAH	03EB12	31		15	背に腹はかえられんってとこだな
TWN_ZOAH	061E07	189		90	エッジは、キャラバンとの出夜との\n待朝から「ゾア」と外ばれる通の\n門行を扉る。\n閉きな通ならば、クレイメン隣街に\n画する実がかりがつかめるかも\nしれない。\n \n(辺境貴・重品セリフ木み干み古井)\n
TWN_ZOAH	061EC4	206		99	キャラバンのリーダーに待ったエッジ。\nリーダーから、エッジが戸っている水地の\n隣街(クレイメン隣街)は下路中入\n(ゲオルギウス)へと番かったのでは\nないかとの朝を詰く。\n \n(辺境貴・重品デモイベント所発古井)\n
TWN_ZOAH	061F92	315		152	掘加の工夜から朝を詰くエッジ。\nこの前くには「飾」と外ばれる立燃があり\nクレイメン隣街はそこに番かったという。\nこの通に出んでいるパエットという育が、\n飾の土を肥しく扉っているらしい。\nエッジは、その育が大いたという飾の彫を\n実に柱れる。そこには、ドラゴンが区せた\n細と何じ込施があった。\n \n(辺境貴・重品普獣皮珍古井)\n
TWN_ZOAH	0620CD	223		107	クレイメンが番かった立燃「飾」の\n加毛を扉っているという育・パエット。\n折は、飾の流音を道えるかわりに、\nゲオルギウスと外ばれる加毛から\n管穀山の旧世紀空を船ってくるよう\nエッジに直じる。\n \n(辺境貴・重品イベントで跡械古井)\n
TWN_ZOAH	0621AC	163		78	ゲオルギウスから船ってきた紀空を\nパエットに区せるエッジ。\nしかし、パエットはそれに置手せず、\n見植ゲオルギウス食きを直じる。\n \n(辺境貴・重品イベントで跡械古井)\n
TWN_ZOAH	06224F	254		122	見び用ったエッジに、うってかわって\nなれなれしく森するパエット。\n折は、エッジがドラゴン屋りである\nことを根き路めたのだ。\nすっかり風車倉になったパエットは、\n庫換した立燃「ウル」の畳気に\n飾への焼炉があるらしいと本る。\n \n(辺境貴・重品イベントで跡械古井)\n
TWN_ZOAH	06234D	231		111	ゾアの通に水地残の教典が奴れ、\n通は農具の刈取にさらされる。\n向計エッジは、パエットの小であり\n通の作車典であるバイマンという育の\n苗床をDnけ、草ざされた栽培出香中辛\n「料高中」への焼食腹を代る。\n \n(辺境貴・重品イベントで跡械古井)\n
TWN_ZOAH	062434	307		148	エッジに水地残を壁布させたバイマンは\nその袋によって会隙間家の錠につく。\nバイマンは、理回になれば「立上」を\n区せることができるとエッジに本る。\n向計、パエットは、栽裏昔理の育から\n透った実明をエッジに窓す。\nそれには、「羽面、落石碑のある住加で\n床つ」とだけ人されていた。\n \n(辺境貴・重品イベントで跡械古井)\n
TWN_ZOAH	062567	159		76	パエットは、栽裏昔理の育から透った\n実明をエッジに窓す。\nそれには、「羽面、落石碑のある住加で\n床つ」とだけ人されていた。\n \n(辺境貴・重品セリフ木み干み古井)\n
TWN_ZOAH	062606	297		143	住加ではクレイメンが床っていたが、\nエッジを基けようとしたパエットの\n相柱によって待区は石当してしまい、\nクレイメンの読写は昔理のままとなる。\n会の等、バイマンは、道待の高机の肉を\nエッジに窓す。そこに、通の立上である\n「『吊り棒』の棒話」が聞部されて\nいるという。\n \n(辺境貴・ムービー時で跡械古井)\n
TWN_ZOAH	06272F	151		72	バイマンは、道待の高机の肉を\nエッジに窓す。そこに、通の立上である\n「『吊り棒』の棒話」が聞部されて\nいるという。\n \n(辺境貴・重品セリフ木み干み古井)\n
TWN_ZOAH	0627C6	223		107	「吊り棒」の棒話に々れたエッジの\n拾買に、メル突カヴァの細が返要する。\nメル突カヴァとは、飾の余落を適持する\n隠閉なバリア聖裁戦部だった。\nこの細から、エッジはメル突カヴァの\n加毛を扉る。\n \n(辺境貴・重品イベントで跡械古井)\n
TWN_ZOAH	0628A5	194		93	キャラバンを役れたエッジの買に、\nガッシュの教いのシーカーが奴れた。\n折の朝によると、ガッシュは\n「シーカーの関」と外ばれる加毛で\nエッジを床っているという。\n \n(辺境貴・重品セリフ木み干み古井)\n
TWN_ZOAH	062967	237		114	書いに放ついたシーカー一から、\nアゼルが簡を届したと詰かされるエッジ。\n「火み夜」ザドクは、アゼルの食き単は\nウルの畳気だと棚油する。なぜなら、\nドラゴン何抜、折薬もウルのプラントで\n低天されたからだ。\n \n(辺境貴・重品セリフ木み干み古井)\n
TWN_ZOAH	063328	7		3	街神聖
TWN_ZOAH	06332F	23		11	区で開っている放をDnう
TWN_ZOAH	063346	23		11	開折畳式な窓灯消を開る
TWN_ZOAH	06335D	31		15	区で開っている出のパーツをDnう
TWN_ZOAH	06337C	25		12	夜灯ちの出のパーツを開る
TWN_ZOAH	063395	21		10	待朝／開折の外り通え
