kind	jp_off	us_off	jp	us
~5:1	00B247	00B24B	<09>\n<09>ソ…<05><09> <09>\n<05><!F2>ツ<1B><09> <09>\n\n』<!EA><03><09> <09>\n<05><!F2>ヨ<1B><09> <09>\n\n！<05><02><09>	<<1D><1A><01>Town of Zoah
~3:1	00B26F	00B25C	)<1D><1B> <09>\n\n！ひ<02><09> )<1D><1A><01>ゾアの【0】	Town of Zoah
~1:1	00B288	00B269	ゾアの【0】	Holy District
~2:1	00B291	00B277	【1】【2】【3】 【1】【2】【3】	Holy District
~1:1	00B2A1	00B285	ゾアの【0】	Zoah
~1:1	00B2AA	00B28A	【1】【2】【3】	Holy District
~2:1	00B2B2	00B298	【4】【5】【3】 1500【6】	Liberal District
~1:1	00B2C5	00B2A9	(【7】【8】み【9】のはしごがかかった【10】だ)	1500Dn
~1:1	00B2E8	00B2B0	(【10】の【11】は【12】えている…)	(It was a well constructed ladder.)
~1:1	00B301	00B2D4	(【7】【8】み【9】のはしごがかかった【10】だ)	(It is dark up there...)
~1:1	00B324	00B2ED	【0】を【13】る	(It was a well constructed ladder.)
~1:1	00B32D	00B311	【14】まで【15】つ	Leave Town
~1:1	00B338	00B31C	やめる	Wait Until Nightfall
~1:1	00B33F	00B331	【0】を【13】る	Stay
~1:1	00B348	00B336	【16】まで【15】つ	Leave Town
~1:1	00B353	00B341	やめる	Wait Until Morning
~1:1	00B35A	00B354	【0】を【13】る	Stay
~1:1	00B363	00B359	やめる	Leave Town
~1:1	00B36A	00B364	ゾアの【0】	Stay
~1:1	00B373	00B369	(【0】の【17】に【18】じる【19】だ)	Town of Zoah
~1:1	00B38A	00B376	【1】【2】【3】に【20】く	(Engraved: Outsiders are not welcome.)
~1:1	00B397	00B39D	【14】まで【15】つ	Go to Holy District
~1:1	00B3A2	00B3B1	やめる	Wait Until Nightfall
~1:1	00B3A9	00B3C6	【1】【2】【3】に【20】く	Stay
~1:1	00B3B6	00B3CB	【16】まで【15】つ	Go to Holy District
~1:1	00B3C1	00B3DF	やめる	Wait Until Morning
~1:1	00B3C8	00B3F2	【1】【2】【3】に【20】く	Stay
~1:1	00B3D5	00B3F7	やめる	Go to Holy District
~1:1	00B3DC	00B40B	(【21】は【22】ざされている…)	Stay
~1:1	00B3F5	00B410	【4】【5】【3】	(This door is locked...)
~1:1	00B40E	00B429	(【23】の【3】【24】に【18】じる【19】だ)	Liberal District
~1:1	00B427	00B43A	(ザアルの【25】か…【26】【27】では【28】【29】【30】だ)	(An iron door to the other district.)
~1:1	00B44A	00B460	(【31】の【25】がたくさん【32】してある)	(Zaal Nuts... They're valuable here.)
~1:1	00B469	00B486	(【33】【34】【35】だ…)	(A variety of nuts are dried here.)
~1:1	00B478	00B4AA	(【33】【34】【35】だ…すっかり【36】がかれている)	(It's an old well...)
~1:1	00B49D	00B4C0	(【34】【35】というより、【37】【38】の【18】【39】だな…)	(This well has been dry for years.
~1:1	00B4C2	00B4E3	【40】に【41】る	There could be creatures down there.)
~1:1	00B4CB	00B509	やめる	Enter
~1:1	00B4D2	00B50F	(【19】の【4】【22】はここで【20】うようだ)	Stay Out
~1:1	00B4F1	00B518	(【19】【42】の【43】【44】らしい)	(The gate is operated from here.)
~1:1	00B506	00B53A	(【45】【46】【30】を【47】【48】したものだ)	(A gatekeeper's post.)
~1:1	00B521	00B551	(【21】の【49】に【50】りが【51】ててある)	(Some processed relics.)
~1:1	00B53E	00B56A	【40】に【41】る	(An example of Zoah craftsmanship.)
~1:1	00B547	00B58E	やめる	Enter
~1:1	00B54E	00B594	(【21】は【22】ざされている…)	Stay Out
~1:1	00B567	00B59D	(【21】は【22】ざされている…)	(This door is locked...)
~1:1	00B580	00B5B6	【40】に【41】る	(This door is locked...)
~1:1	00B589	00B5CF	やめる	Enter
~1:1	00B590	00B5D5	【40】に【41】る	Stay Out
~1:1	00B599	00B5DE	やめる	Enter
~1:1	00B5A0	00B5E4	(【21】は【22】ざされている…)	Stay Out
~1:1	00B5B9	00B5ED	(【21】は【22】ざされている…)	(This door is locked...)
~1:1	00B5D2	00B606	【40】に【41】る	(This door is locked...)
~1:1	00B5DB	00B61F	やめる	Enter
~1:1	00B5E2	00B625	(【21】は【22】ざされている…)	Stay Out
~1:1	00B5FB	00B62E	(【21】は【22】ざされている…)	(This door is locked...)
~1:1	00B614	00B647	【40】に【41】る	(This door is locked...)
~1:1	00B61D	00B660	やめる	Enter
~1:1	00B624	00B666	(【21】は【22】ざされている…)	Stay Out
~1:1	00B63D	00B66F	(【21】は【22】ざされている…)	(This door is locked...)
~1:1	00B656	00B688	(【21】は【22】ざされている…)	(This door is locked...)
~1:1	00B66F	00B6A1	(【21】は【22】ざされている…)	(This door is locked...)
~1:1	00B688	00B6BA	【40】に【41】る	(This door is locked...)
~1:1	00B691	00B6D3	やめる	Enter
~1:1	00B698	00B6D9	(よく【52】えそうなたき【31】だ)	Stay Out
~1:1	00B6B3	00B6E2	(たき【31】が【51】てかけてある)	(An ample supply of kindling.)
~1:1	00B6CE	00B701	(【31】が【53】つほど【54】が【55】えているのか…)	(An abundance of firewood.)
~1:1	00B6F3	00B71D	(【56】きな【31】が生えている)	(The land is fertile here.)
~1:1	00B70C	00B739	(【31】【57】りの【50】り【58】だ)	(The Utsumi Fruit is almost ripe.)
~1:1	00B721	00B75C	(【31】【57】りの【50】り【58】だ…【59】かい【59】【48】だな)	(An engraved wooden pillar.)
~1:1	00B746	00B779	(【60】かはめ【61】んであるぞ…)	(An intricate carving...
~1:1	00B761	00B792	(【59】かい【59】【48】を【62】した【50】り【58】だ)	There's something set in the wood.)
~1:1	00B780	00B7B6	(ザアルの【25】か…【26】【27】では【28】【29】【30】だ)	(A finely crafted wooden pillar.)
~1:1	00B7A3	00B7D8	(【31】の【25】がたくさん【32】してある)	(Zaal nuts... They're valuable here.)
~1:1	00B7C2	00B7FE	(ザアルの【25】か…【26】【27】では【28】【29】【30】だ)	(A variety of nuts are dried here.)
~1:1	00B7E5	00B822	(【31】の【25】がたくさん【32】してある)	Zaal nuts... They're valuable here.)
~1:1	00B804	00B847	(【63】【18】の【64】の【65】なんて、【66】しいな)	(A variety of nuts are dried here.)
~1:1	00B825	00B86B	(【67】【65】が【32】してある)	(Furs are rare on the frontier.)
~1:1	00B83A	00B88C	(【36】の【68】れる【69】がする…)	(It is almost completely dried out.)
~1:1	00B853	00B8B1	(あれは【36】【70】【71】らしい)	(The sound of rushing water.
~1:1	00B86A	00B8CE	(【36】の【68】れる【69】がする…)	Must be a water pipe.)
~1:1	00B883	00B8E5	(あれは【36】【70】【71】らしい)	(The sound of rushing water.
~1:1	00B89A	00B902	(【36】の【68】れる【69】がする…)	Must be a water pipe.)
~1:1	00B8B3	00B919	(あれは【36】【70】【71】らしい)	(The sound of rushing water.
~1:1	00B8CA	00B936	(【36】の【68】れる【69】がする…)	Must be a water pipe.)
~1:1	00B8E3	00B94D	(あれは【36】【70】【71】らしい)	(The sound of rushing water.
~1:1	00B8FA	00B96A	(【36】の【68】れる【69】がする…)	Must be a water pipe.)
~1:1	00B913	00B981	(あれは【36】【70】【71】らしい)	(The sound of rushing water.
~1:1	00B92A	00B99E	(【36】の【68】れる【69】がする…)	Must be a water pipe.)
~1:1	00B943	00B9B5	(あれは【36】【70】【71】らしい)	(The sound of rushing water.
~1:1	00B95A	00B9D2	(この【72】物は売り物らしい)	Must be a water pipe.)
~1:1	00B975	00B9E9	(【72】物の【73】だ)	(The grain is for sale.)
~1:1	00B984	00BA02	(【74】【75】【76】の【77】【40】【78】だ…)	(A mountain of grain.)
~1:1	00B99B	00BA19	(あちこち【79】した【80】がある)	(It's an ancient airship...
~1:1	00B9B6	00BA35	(【74】【75】【76】の【77】【40】【78】だ)	It is almost fully restored.)
~1:1	00B9CB	00BA53	(【74】【75】【76】の機【81】が【82】いてある)	(An ancient airship.)
~1:1	00B9E8	00BA69	(どれも【83】が【47】えてあるな…)	(There's an ancient machine.
~1:1	00BA05	00BA86	(【74】【75】【76】の機【81】が【82】いてある)	It has been rebuilt.)
~1:1	00BA22	00BA9C	(【45】【46】【30】を【47】【48】したものだ)	(There's an ancient machine.)
~1:1	00BA3D	00BABA	(【21】の【49】に【50】りが【51】ててある)	(It's a processed relic.)
~1:1	00BA5A	00BAD4	(よく【52】えそうなたき【31】だ)	(An example of Zoah craftsmanship.)
~1:1	00BA75	00BAF8	(たき【31】が【51】てかけてある)	(An ample supply of firewood.)
~1:1	00BA90	00BB17	【4】【5】【3】に【20】く	(The wood is very dry.)
~1:1	00BA9D	00BB2F	【14】まで【15】つ	Go to the Liberal District
~1:1	00BAA8	00BB4A	やめる	Wait Until Nightfall
~1:1	00BAAF	00BB5F	【4】【5】【3】に【20】く	Stay
~1:1	00BABC	00BB64	【16】まで【15】つ	Go to the Liberal District
~1:1	00BAC7	00BB7F	やめる	Wait Until Morning
~1:1	00BACE	00BB92	【4】【5】【3】に【20】く	Stay
~1:1	00BADB	00BB97	やめる	Go to Liberal District
~1:1	00BAE2	00BBAE	(【21】は【22】ざされている…)	Stay
~1:1	00BAFB	00BBB3	【1】【2】【3】	(This door is locked...)
~1:1	00BB02	00BBCC	<16>ざされている…)	Holy District
~1:1	00BB14	00BBDA	(【84】なれない【85】物だ…【86】【87】らしい)	(A strange plant... It's edible.)
~1:1	00BB35	00BBFC	(【88】でとれた物だろうか？)	(Must be from the forest.)
~1:1	00BB50	00BC17	(【89】【90】に【91】【92】がすえつけてある)	(A warm breeze turns the windmill.)
~1:1	00BB6F	00BC3B	(【93】【94】の【95】【96】のための【91】【92】らしい)	(The windmill ventilates the barn.)
~1:1	00BB90	00BC5F	(【56】きな【97】却【98】がある)	(The incinerator smells like ash.)
~1:1	00BBA7	00BC82	(【97】却【98】の【40】で、【99】が【97】け【100】っている…)	(There's a book here...
~1:1	00BBCE	00BC9A	(ここで【101】【102】を【97】くような【103】は)	The only person that would
~1:1	00BBED	00BCB5	(バエットぐらいしかいないよなあ…)	burn a bible would be Paet...)
~1:1	00BC12	00BCD4	(ずいぷん【33】ぴた【97】却【98】だ)	(This incinerator is quite old.)
~1:1	00BC2D	00BCF5	(【104】【105】がたくさんしまってある)	(Old gardening tools for the harvest.)
~1:1	00BC4C	00BD1C	(【106】り【107】り【87】の【104】【105】だ)	(It's a tool for reaping.)
~1:1	00BC63	00BD37	(【56】きな【31】が生えている)	(Smells like fresh fruit.)
~1:1	00BC7C	00BD52	(【31】が【53】つほど【54】が【55】えているのか…)	(The land here is fertile.)
~1:1	00BCA1	00BD6E	(変わった【50】りが【51】っている)	(An interesting tool. It seems to be
~1:1	00BCBE	00BD93	(【91】【108】と【91】力を【109】っているらしい)	providing information about the wind.)
~1:1	00BCDF	00BDBA	(【110】さな機【81】がついている…)	(It's constructed from old parts.
~1:1	00BCFC	00BDDC	(これもバエットが【111】ったのかな)	Did Paet make this too?)
~1:1	00BD1D	00BDF5	(【110】さな【112】【113】だ)	(It's a small seedbed.)
~1:1	00BD2E	00BE0D	(ラグス【114】を【115】【116】しているらしい)	(They're planting Lagus.
~1:1	00BD4F	00BE26	(【117】【118】【119】としては【120】く売れるけど…)	It'll sell as a spice, but...
~1:1	00BD72	00BE44	(【121】のふくれる【122】物じゃないな)	it certainly won't fill you up.)
~1:1	00BD91	00BE65	(【123】の【108】こうに【34】【35】が【84】える)	(There's a well over the wall.)
~1:1	00BDAE	00BE85	【40】に【41】る	Enter
~1:1	00BDB7	00BE8B	やめる	Stay Out
~1:1	00BDBE	00BE94	(【34】【35】が【46】ってある)	(A freshly dug well.)
~1:1	00BDD3	00BEAA	(【124】の【125】が【82】いてある)	(Bags made of cloth.)
~1:1	00BDEA	00BEC0	(【72】物【41】りの【125】だ)	(They're full of grain.)
~1:1	00BDFD	00BED9	【40】に【41】る	Enter
~1:1	00BE06	00BEDF	やめる	Stay Out
~1:1	00BE0D	00BEE8	(【21】は【22】ざされている…)	(This door is locked...)
~1:1	00BE26	00BF01	(【21】は【22】ざされている…)	(This door is locked...)
~1:1	00BE3F	00BF1A	(【21】は【22】ざされている…)	(This door is locked...)
~1:1	00BE58	00BF33	(【123】の【127】【128】から【56】きな【129】が【84】える…)	(There's some sort of building.)
~1:1	00BE7B	00BF54	【40】に【41】る	Enter
~1:1	00BE84	00BF5A	やめる	Stay Out
~1:1	00BE8B	00BF63	(【21】は【22】ざされている…)	(This door is locked...)
~1:1	00BEA4	00BF7C	(【21】は【22】ざされている…)	(This door is locked...)
~1:1	00BEBD	00BF95	【40】に【41】る	Enter
~1:1	00BEC6	00BF9B	やめる	Stay Out
~1:1	00BECD	00BFA4	(【21】は【22】ざされている…)	(This door is locked...)
~1:1	00BEE6	00BFBD	(【21】は【22】ざされている…)	(This door is locked...)
~1:1	00BEFF	00BFD6	(【21】は【22】ざされている…)	(This door is locked...)
~1:1	00BF18	00BFEF	(【21】は【22】ざされている…)	(This door is locked...)
~1:1	00BF31	00C008	(【21】は【22】ざされている…)	(This door is locked...)
~1:1	00BF4A	00C021	(【19】は【22】ざされている…)	(The gate is closed...)
~1:1	00BF63	00C039	(【130】【49】がついている…【4】けるのは無【131】だ)	(It's locked... I can't open it.)
~1:1	00BF8A	00C05B	(【21】は【22】ざされている…)	(This door is locked...)
~1:1	00BFA3	00C074	(【21】は【22】ざされている…)	(This door is locked...)
~1:1	00BFBC	00C08D	(【91】【92】が【132】っている…)	(A windmill is turning
~1:1	00BFD3	00C0A4	(【60】のために【111】られたのかな？)	in the warm breeze.)
~1:1	00BFF2	00C0B9	(【36】をくみ【133】げる【91】【92】だろう)	(It must pump the water through
~1:1	00C00F	00C0D9	(この【123】の【134】には【36】【70】【71】があるからな…)	those pipes in the wall.)
~1:1	00C036	00C0F3	(【56】がかりな【91】【92】だな)	(A large rusted windmill.
~1:1	00C04D	00C10D	(ずいぷん【135】に【111】られたものらしい)	It looks pretty old.)
~1:1	00C070	00C123	(【91】【92】が【132】っている…)	(A windmill is turning
~1:1	00C087	00C13A	(【60】のために【111】られたのかな？)	in the warm breeze.)
~1:1	00C0A6	00C14F	(【36】をくみ【133】げる【91】【92】だろう)	(It must pump the water
~1:1	00C0C3	00C167	(この【123】の【134】には【36】【70】【71】があるからな…)	through those pipes in the wall.)
~1:1	00C0EA	00C189	(【56】がかりな【91】【92】だな)	(A large rusted windmill.
~1:1	00C101	00C1A3	(ずいぷん【135】に【111】られたものらしい)	It looks pretty old.)
~1:1	00C124	00C1B9	(きれいな【50】り【10】だ…)	(A beautifully decorated window.)
~1:1	00C13B	00C1DB	(攻性生物の【136】【137】な【138】で【111】ってある)	(It's made out of monster wings.)
~1:1	00C15E	00C1FD	(きれいな【50】り【10】だ…)	(A beautifully decorated window.)
~1:1	00C175	00C21F	(攻性生物の【136】【137】な【138】で【111】ってある)	(It's made out of monster wings.)
~1:1	00C198	00C241	(【21】は【22】ざされている…)	(This door is locked...)
~1:1	00C1B1	00C25A	(【21】は【22】ざされている…)	(This door is locked...)
~1:1	00C1CA	00C273	(【84】なれない【85】物だ…【86】【87】らしい)	(Strange plant... It's edible.)
~1:1	00C1EB	00C293	(【88】でとれた物だろうか？)	(It smells sweet.)
~1:1	00C206	00C2A6	(【84】なれない【85】物だ…【86】【87】らしい)	(Strange plant... It's edible.)
~1:1	00C227	00C2C6	(【88】でとれた物だろうか？)	(It smells sweet.)
~1:1	00C242	00C2D9	(【84】なれない【85】物だ…【86】【87】らしい)	(Strange plant... It's edible.)
~1:1	00C263	00C2F9	(【37】【139】に【25】がこぽれ【140】ちている)	(Nuts have fallen to the ground.)
~1:1	00C282	00C31B	(【88】でとれた物だろうか？)	(Is it from the forest?)
~1:1	00C29D	00C334	(【84】なれない【85】物だ…【86】【87】らしい)	(Strange plant... It's edible.)
~1:1	00C2BE	00C354	(【88】でとれた物だろうか？)	(A pleasant aroma.)
~1:1	00C2D9	00C368	(【84】なれない【85】物だ…【86】【87】らしい)	(Strange plant... It's edible.)
~1:1	00C2FA	00C388	(【37】【139】に【25】がこぽれ【140】ちている)	(Some nuts have fallen to the ground.)
~1:1	00C319	00C3AF	(【88】でとれた物だろうか？)	(A pleasant aroma.)
~1:1	00C334	00C3C3	(きれいな【50】り【10】だ…)	(A beautifully decorated window.)
~1:1	00C34B	00C3E5	(攻性生物の【136】【137】な【138】で【111】ってある)	(It's made out of monster wings.)
~1:1	00C36E	00C407	(きれいな【50】り【10】だ…)	(A beautifully decorated window.)
~1:1	00C385	00C429	(攻性生物の【136】【137】な【138】で【111】ってある)	(It's made out of monster wings.)
~1:1	00C3A8	00C44B	(【56】きな【31】が生えている)	(The Hammond Fruit is almost ripe.)
~1:1	00C3C1	00C46F	(【31】の【90】【99】に、【60】か【140】ちている…)	(There's something under the tree...)
~1:1	00C3E2	00C495	(【31】が【53】つほど【54】が【55】えているのか…)	(The land here is fertile.)
~1:1	00C407	00C4B1	(【56】きな【31】が生えている)	(These trees are healthy.)
~1:1	00C420	00C4CC	(【31】が【53】つほど【54】が【55】えているのか…)	(The land here is fertile.)
~1:1	00C445	00C4E8	(【141】【142】のような物が【82】いてある)	(There's a stone monument here.)
~1:1	00C464	00C509	(この【0】の【143】【144】の【145】標らしい…)	(It looks like a headstone.)
~1:1	00C483	00C526	(【123】の【127】【128】から【21】が【84】える)	(There's a door behind the wall.)
~1:1	00C49E	00C548	【40】に【41】る	Enter
~1:1	00C4A7	00C54E	やめる	Stay Out
~1:1	00C4AE	00C557	【17】に【13】る	Leave
~1:1	00C4B7	00C55D	やめる	Stay
~1:1	00C4BE	00C562	(この【99】は【146】【147】【148】みふるしてあるな…)	(This book has been read many times.)
~1:1	00C4E3	00C588	(ぷあつい【149】【99】だ)	(A very thick manuscript.)
~1:1	00C4F6	00C5A3	(【133】【150】のランブだ…【99】を【148】むためだろう)	(Nice lamp... probably for reading.)
~1:1	00C51D	00C5C8	(【151】の【133】にランブが【82】いてある)	(There's a lamp on the desk.)
~1:1	00C53C	00C5E6	(たぷん、【88】に【143】む【110】動物の【152】だろう)	(Meat from a forest creature.)
~1:1	00C561	00C605	(【32】し【152】が【153】るしてある)	(Dried meat is hanging from hooks.)
~1:1	00C57A	00C629	(ガラクタの【73】に【124】をかぷせてある)	(A pile of junk, under some cloth.)
1:1	00C5AA	00C65A	【146】【154】のアプネルから【155】は【156】いてますよ	I've heard stories from Abner.
1:1	00C5CD	00C679	そこがあいつの【157】【89】です	That's his room.
1:1	00C5F1	00C697	…ここ、物【82】じゃないのか？	Isn't it for storage?
~1:1	00C619	00C6BA	あいつ、【158】【159】ガラクタ【160】ってくるんです	He sometimes collects relics.
~1:1	00C63E	00C6D8	バエットさんが【161】ってくれるそうですが	He says that Paet sometimes buys
~2:1	00C663	00C6F9	) あらかた【162】っ【163】されるみたいで…	them, but most are rejected.
~2:1	00C691	00C723	【164】するに、【165】り物なんだ <1B>いで…	Basically, it's all junk.
1:1	00C6BD	00C74A	ええ、まあ…	Well... take anything that you want.
1:1	00C6CA	00C76F	【166】【147】に【167】って【20】ってください	There may be something good
1:1	00C6E5	00C78B	たいした物はないかもしれませんが…	in there.
1:1	00C715	00C7A2	【146】【154】のアプネルから【155】は【156】いてますよ	I've heard stories from Abner.
1:1	00C738	00C7C1	そこがあいつの【157】【89】です	That's his room.
1:1	00C75C	00C7DF	…ここ、物【82】じゃないのか？	Isn't it for storage?
~1:1	00C784	00C802	あいつ、【158】【159】ガラクタ【160】ってくるんです	He sometimes collects relics.
~1:1	00C7A9	00C820	バエットさんが【161】ってくれるそうですが	He says that Paet sometimes buys
~2:1	00C7CE	00C841	) あらかた【162】っ【163】されるみたいで…	them, but most are rejected.
~2:1	00C7FC	00C86B	【164】するに、【165】り物なんだ <1B>いで…	Basically, it's all junk.
1:1	00C828	00C892	ええ、まあ…	Well... take anything that you want.
1:1	00C835	00C8B7	【166】【147】に【167】って【20】ってください	There may be something good
1:1	00C850	00C8D3	たいした物はないかもしれませんが…	in there.
1:1	00C873	00C8DD	(【23】の【157】【89】からガラクタがあふれている)	(There's junk everywhere...
1:1	00C89A	00C8F9	(【124】で【168】してあるけど…)	some of it is partially covered,
1:1	00C8B3	00C91A	(体【169】のいいものじゃないな)	but it is still a mess.)
1:1	00C8D0	00C933	【170】いに【171】【51】ちそうな物	Things Useful for Battle
1:1	00C8ED	00C94C	ドラゴンに【172】する【173】物	Books on the Dragon
1:1	00C90A	00C960	攻性生物の体の【174】【157】	Parts of Monsters
1:1	00C927	00C972	(【175】素な【153】り【113】だ…)	(It's a simple hammock...
1:1	00C93C	00C98C	(でも、【83】【41】れは【20】き【176】いている)	but it's well taken care of.)
1:1	00C95D	00C9AA	(【153】り【113】が【58】にとりつけてある)	(A hammock is attached to the pillar.)
1:1	00C97C	00C9D1	(つぽには【72】物や【36】が【41】っているようだ)	(The pots contain grain and water.)
1:1	00C9A3	00C9F5	(素【97】きのつぽが【82】いてある)	(These pots are unglazed.)
1:1	00C9C0	00CA10	(かまどの【40】で【100】り【177】が【52】えている)	(A fire still burns inside the stove.)
1:1	00C9E3	00CA37	(【119】【131】をするためのかまどだ)	(It's used for cooking.)
1:1	00CA00	00CA50	(ごく【175】【178】なつくりのイスだ)	(It's a simple chair.)
1:1	00CA1D	00CA67	(【110】さなイスが【82】いてある)	(There's a small chair here.)
1:1	00CA38	00CA85	(【179】の【40】に【180】のつぽがしまってある)	(There's a pot of oil on the shelf.)
1:1	00CA5B	00CAAA	(【123】をくり【181】いて【179】を【111】ってある)	(The wall has been hollowed out.)
1:1	00CA7C	00CACC	(【179】の【40】に【117】【119】のつぽがしまってある)	(There're spices on the shelf.)
1:1	00CAA1	00CAEC	(【123】をくり【181】いて【179】を【111】ってある)	(The wall has been hollowed out.)
1:1	00CAC2	00CB0E	(【179】の【40】に【182】のつぽがしまってある)	(There's medicine on the shelf.)
1:1	00CAE5	00CB2F	(【123】をくり【181】いて【179】を【111】ってある)	(The wall has been hollowed out.)
1:1	00CB06	00CB51	(【179】の【40】に【182】のつぽがしまってある)	(There's medicine on the shelf.)
1:1	00CB29	00CB72	(【123】をくり【181】いて【179】を【111】ってある)	(The wall has been hollowed out.)
1:1	00CB4A	00CB94	【17】に【13】る	Leave
1:1	00CB53	00CB9A	やめる	Stay
1:1	00CB5A	00CB9F	(このはしごはずいぷん【183】いな…)	(It's a step ladder.
1:1	00CB7B	00CBB4	(【184】【34】に物を【153】るのに【185】うらしい)	Probably used for hanging stuff.)
1:1	00CB9C	00CBD6	(【31】のはしごが【82】いてある)	(There's a wooden ladder here.)
1:1	00CBB7	00CBF6	(【51】【186】な【187】【113】だけど…ちょっと【188】いな)	(Nice bed... but it's dirty.)
1:1	00CBDC	00CC14	(【189】【190】りの【153】り【113】だ)	(It is a well used hammock.)
1:1	00CBF1	00CC31	(きれいな【36】が【41】っている…【191】み【36】だな)	(Clear water, probably for drinking.)
1:1	00CC18	00CC57	(【56】きな【36】がめが【82】いてある)	(There's a big water jug.)
1:1	00CC35	00CC72	(【85】物の【180】を【185】ったランブだ)	(A lamp that burns vegetable oil.)
1:1	00CC52	00CC95	(【184】【34】からランブが【153】ってある)	(A lamp is hanging from the ceiling.)
1:1	00CC71	00CCBB	(【85】物の【180】を【185】ったランブだ)	(A lamp that burns vegetable oil.)
1:1	00CC8E	00CCDE	(【151】の【133】にランブが【82】いてある)	(There's lamp on the desk.)
1:1	00CCAD	00CCFA	(【88】の【40】の【0】だけあって、いいたき【31】だ)	(Good kindling from the forest.)
1:1	00CCD4	00CD1B	(たき【31】に【124】をかぷせてある)	(Kindling under a dry cloth.)
1:1	00CCF1	00CD39	(つぽには【72】物や【36】が【41】っているようだ)	(The pots contain grain and water.)
1:1	00CD18	00CD5D	(素【97】きのつぽが【82】いてある)	(These pots are unglazed.)
1:1	00CD35	00CD78	(【179】の【40】に【192】のつぽがしまってある)	(There's alcohol on the shelf.)
1:1	00CD58	00CD98	(【123】をくり【181】いて【179】を【111】ってある)	(The wall has been hollowed out.)
1:1	00CD79	00CDBA	(ハンターがよく【185】う【193】みひもだ)	(A braid, used by hunters.)
1:1	00CD9A	00CDD6	(【123】に、【33】ぴたひもがかかっている)	(An old braid hangs on the wall.)
1:1	00CDBD	00CDF8	(ごく【175】【178】なつくりのイスだ)	(It's a simple chair.)
1:1	00CDDA	00CE0F	(【110】さなイスが【82】いてある)	(There's a small chair there.)
1:1	00CDF5	00CE2E	(【191】み【36】や【86】【119】が【82】いてある)	(There's food and water here.)
1:1	00CE12	00CE4D	(【191】み【36】や【86】【119】が【82】いてある…)	(There's food and water here...
1:1	00CE31	00CE6D	(【194】し【195】が【196】っているみたいだな)	There's not much left.)
1:1	00CE52	00CE85	(はしごが【51】てかけてある)	(There's a ladder here.)
1:1	00CE6D	00CE9E	(はしごが【51】てかけてある…)	(A ladder was left here...
1:1	00CE8A	00CEB9	(ランブを【197】ろすのに【185】ったらしい)	He used it to take the lamp down.)
1:1	00CEAD	00CEDC	(【153】り【113】を【198】える【199】だ)	(It's a rope to support the hammock.)
1:1	00CEC4	00CF02	(【153】り【113】を【198】える【199】が【200】きちぎってある)	(The rope has been removed.)
1:1	00CEEB	00CF1F	(【153】り【113】が【5】り【13】してある)	(The hammock has been taken down.)
1:1	00CF06	00CF42	(【31】の【189】で【111】った【153】り【113】だ…)	(It's a dingy looking hammock.
1:1	00CF23	00CF61	(【123】から【200】きちぎって【5】り【13】したらしい)	He took it down, and put it there.)
1:1	00CF4A	00CF85	(ランブ【201】だ…)	(The base of a lamp...)
1:1	00CF5B	00CF9D	(ランブを【17】した【201】だけが【153】ってある)	(The base of the lamp is hanging.)
1:1	00CF80	00CFC0	(たき【31】に【124】をかぷせてある)	(Some firewood is under the cloth.)
1:1	00CF9D	00CFE4	(いいたき【31】だ…【88】の【202】くだからかな)	(Firewood cut from the forest.)
1:1	00CFC2	00D004	(【123】をくり【181】いて【179】を【111】ってある)	(The wall has been hollowed out.)
1:1	00CFE3	00D026	(【179】の【40】に【192】のつぽがしまってある)	(The pot is filled with alcohol.)
1:1	00D006	00D048	(【113】の【133】にランブが【82】いてある)	(There's a lamp on the floor.)
1:1	00D025	00D067	(まだ、かなり【180】が【100】っている…)	(There's still a lot of oil left...)
1:1	00D046	00D08C	(【85】物の【180】を【185】ったランブだ)	(The lamp burns vegetable oil.)
1:1	00D063	00D0AC	(【203】【124】が【5】り【13】してある)	(An old bed sheet.)
1:1	00D07C	00D0C0	(【203】【124】の【38】に【60】かあるぞ…)	(There's something under the sheet.)
1:1	00D097	00D0E5	(【188】い【203】【124】だな…)	(What a dirty sheet...)
1:1	00D0AA	00D0FD	(【56】きな【31】【204】だ)	(It's a big wooden box.)
1:1	00D0BB	00D116	(【205】の【70】【105】が【41】っているようだ)	(Items used by travellers.)
1:1	00D0DA	00D132	(【56】きな【124】の【125】だ)	(It's a big cloth sack.)
1:1	00D0ED	00D14B	(【72】物が【41】っているらしい)	(It is full of grain.
1:1	00D108	00D161	(ずいぷんため【61】んであるな…)	That's a lot of grain!)
1:1	00D127	00D179	(【56】きな【124】の【125】だ)	(It's a big cloth sack.)
1:1	00D13A	00D192	(【72】物が【41】っているらしい)	(It is full of grain.
1:1	00D155	00D1A8	(ずいぷんため【61】んであるな…)	Now that's a lot of grain!)
1:1	00D174	00D1C4	(【33】ぴたひもが【123】にかかっている)	(There are some ropes here.)
1:1	00D195	00D1E1	(ハンターがよく【185】う【193】みひもだ)	(It's a braid used by hunters.)
1:1	00D1B6	00D201	(【179】の【133】に【204】が【206】っている)	(There's a box on the shelf.)
1:1	00D1D1	00D21F	(【207】と【208】【96】を防ぐ【209】【210】の【204】だ)	(It's a waterproof box.
1:1	00D1EE	00D237	(ハンターが【211】【182】【41】れによく【185】っている)	Many hunters store ammo in them.)
1:1	00D215	00D259	(防【105】が【123】にかかっている)	(There's armor hanging on the wall.)
1:1	00D230	00D27E	(ハンターが【212】につける防【105】だ)	(This armor is worn by hunters.
1:1	00D24F	00D29E	(かなり【185】い【61】んであるな…)	It's been through quite a bit.)
1:1	00D26C	00D2BE	(【70】【105】【204】の【40】【212】が【113】に【213】がっている)	(Tools have fallen onto the floor.)
~1:1	00D29C	00D2EF	【214】しけりゃ【167】ってけよ	You want it? It's yours.
~2:1	00D2B1	00D308	どうせ、【215】には【185】えねえんだ <1E>いる)	I can't use it, anyways.
~1:1	00D2E1	00D32E	【214】しけりゃ【167】ってけよ	You want it? It's yours.
~1:1	00D2F6	00D347	どうせ、【215】には【185】えねえんだ	I can't use it, anyways.
~2:1	00D311	00D360	<1E>いる) (ハンターの【185】う【70】【105】だ…)	(They're hunter's tools.
~1:1	00D334	00D379	(どれも【216】い【128】【185】ってないらしい)	These haven't been used in a while.)
~1:1	00D355	00D39E	【17】に【13】る	Leave
~1:1	00D35E	00D3A4	やめる	Stay
~1:1	00D365	00D3A9	(【123】をくり【181】いて【179】を【111】ってある)	(The wall has been hollowed out.)
~1:1	00D386	00D3CB	(【72】物が【41】ったつぽが【217】んでいる)	(The pots are filled with grain.)
~1:1	00D3A7	00D3ED	(【123】をくり【181】いて【179】を【111】ってある)	(The wall has been hollowed out.)
~1:1	00D3C8	00D40F	(【72】物や【180】のつぽが【217】んでいる)	(Pots filled with grain and oil.)
~1:1	00D3E7	00D431	(【110】さなテープルだ)	(It's a small table.)
~1:1	00D3FC	00D447	(【86】【218】【87】のテープルだけど…)	(It's a dining table, but...
~1:1	00D419	00D464	(せいぜいひとり【219】の【56】きさしかないな)	it's only big enough for one.)
~1:1	00D440	00D483	(【36】がめが【82】いてある)	(There's a water jug here.)
~1:1	00D457	00D49F	(きれいな【36】が【41】っている…【191】み【36】だな)	(Clean drinking water.)
~1:1	00D47E	00D4B7	(【110】さなイスが【82】いてある)	(There's a small chair here.)
~1:1	00D499	00D4D5	(ごく【175】【178】なつくりのイスだ)	(It's a simple chair.)
~1:1	00D4B6	00D4EC	(【31】の【25】や【220】が【41】ったかごだ)	(It's full of nuts and seeds.)
~1:1	00D4D3	00D50B	(【84】たことのない【31】の【25】だ)	(Never seen this type of nut before.
~1:1	00D4EE	00D530	(【88】からは、こんな物がとれるのか…)	It must be from the forest.)
~1:1	00D513	00D54D	(たき【31】に【124】をかぷせてある)	(Firewood under some cloth.)
~1:1	00D530	00D56A	(いいたき【31】だ…【88】の【202】くだからかな)	(This wood must be from the forest.)
~1:1	00D555	00D58F	(【184】【34】からランブが【153】ってある)	(A lamp is hanging from the ceiling.)
~1:1	00D574	00D5B5	(【221】【222】ランブを【223】【190】した物だ…)	(A crudely constructed lamp.)
~1:1	00D593	00D5D3	(【110】さなイスが【82】いてある)	(There's a small chair there.)
~1:1	00D5AE	00D5F2	(ごく【175】【178】なつくりのイスだ)	(It's a simple chair.)
~1:1	00D5CB	00D609	(【123】をくり【181】いて【179】を【111】ってある)	(The wall has been hollowed out.)
~1:1	00D5EC	00D62B	(【86】【224】の【41】った【179】だ…)	(It's a shelf full of tableware...)
~1:1	00D603	00D64F	(【119】【131】をするためのかまどだ)	(It's a cooking stove.)
~1:1	00D620	00D667	(【110】さなかまどだ…)	(It's a small stove...
~1:1	00D635	00D67E	(でも、よく【83】【41】れされている)	but it's well taken care of.)
~1:1	00D654	00D69C	(【153】り【113】が【123】に【107】りつけてある)	(A hammock is set to the wall.)
~1:1	00D673	00D6BC	(【189】【190】りの【153】り【113】だ)	(It's a hammock.)
~1:1	00D688	00D6CE	(【56】きな【151】が【82】いてある)	(It's a very durable desk.)
~1:1	00D6A1	00D6EA	(【225】【226】そうな【111】【227】【151】だ)	(A solid looking desk.)
~1:1	00D6B8	00D702	(素【97】きの【228】【224】が【82】いてある)	(The pottery is unglazed.)
~1:1	00D6D5	00D71D	(【40】【212】はからっぼだ…)	(It's empty...)
~1:1	00D6EC	00D72D	(【229】いた【230】物が【51】てかけてある)	(Rolled textiles are stored here.)
~1:1	00D70B	00D750	(【231】いけど、【226】【232】そうな生【37】だ)	(Made from rough, but firm material.)
~1:1	00D72A	00D776	(あのつぽは【182】【30】【41】りらしい)	(This pot contains medicine.)
~1:1	00D747	00D794	(この【233】い…)	(This smell...
~1:1	00D756	00D7A3	(攻性生物の【234】く【235】を【40】【236】する【182】だ)	This neutralizes the monsters' acid.)
~1:1	00D779	00D7C9	(【56】きな【70】【105】【204】に【124】をかぷせてある)	(A big toolbox is under the cloth.)
~1:1	00D79C	00D7ED	(この【70】【105】【204】、ずっと【5】ってあるのかな)	(It has been here for a long time.)
~1:1	00D7C3	00D811	(【70】【105】【204】が【82】いてある)	(It's a toolbox.)
~1:1	00D7DA	00D823	(ずいぷん【33】ぴた【204】だな…)	(A very old toolbox.)
~1:1	00D7F5	00D839	(【237】【238】に銃が【50】ってある)	(There's a gun on the shrine.
~1:1	00D80E	00D857	(【239】りの無【218】を【240】るためのしきたりだ)	A blessed gun for a good hunt?)
1:1	00D840	00D884	それにさわるな！	Don't touch that!
1:1	00D85E	00D8A3	ご、ごめん…	I... I'm sorry.
1:1	00D86B	00D8B3	【66】しい銃だから、つい…	It's such a rare gun, so...
~1:1	00D88F	00D8DC	ほう、わかるか？	Oh, you can tell, eh?
~1:1	00D8A0	00D8F2	それほどの【59】【48】はめったに【84】られんぞ	This is no decoration!
~2:1	00D8C3	00D909	) …それはな、ワシの【241】【128】【242】の形【84】だ	It's a shrine for my fallen comrades.
~3:1	00D8E6	00D92F	<!A5> ) 【216】【243】、生【244】をともにした【245】【40】だったが…	We fought in countless battles...
~1:1	00D90F	00D951	みんな、攻性生物に【246】されてしまった	They were all killed by the monsters,
~1:1	00D932	00D977	ワシと、あとひとりを【247】いてな	leaving me, and one other...
1:1	00D95C	00D9A1	あとひとり？	There's another?
1:1	00D976	00D9BF	そいつの【218】は、もうどうでもいい	Forget about him.
1:1	00D995	00D9D1	とにかく、【241】【128】の【248】を【249】たねぱならん	Anyway, I'll avenge their deaths.
1:1	00D9B8	00D9F3	おまえもハンターなら、わかるだろう	If you're a hunter, you'll understand.
1:1	00D9DB	00DA1A	(【250】れているけど、【51】【186】な銃だ…)	(It's broken now, but was a powerful
1:1	00D9FC	00DA3F	(【74】【75】【76】の【157】【30】も【185】ってある)	weapon a long time ago.)
1:1	00DA19	00DA58	(ランブが【113】に【82】いてある)	(There are tools hanging on the wall.)
1:1	00DA34	00DA7F	(ハンターがよく【185】う【221】【222】ランブだ)	(A portable lamp, used by hunters.)
1:1	00DA57	00DAA3	(【123】に【70】【105】がかけてある)	(There are tools hanging on the wall.)
1:1	00DA70	00DACA	(攻性生物をパラすための【70】【105】だ)	(They're tools for gutting monsters.)
1:1	00DA91	00DAF0	(【56】きな【151】が【82】いてある)	(It's a very durable desk.)
1:1	00DAAA	00DB0C	(【225】【226】そうな【111】【227】【151】だ)	(A solid looking desk.)
1:1	00DAC1	00DB24	(素【97】きの【228】【224】が【82】いてある)	(The pottery is unglazed.)
1:1	00DADE	00DB3F	(【40】【212】はからっぼだ…)	(It's empty...)
1:1	00DAF5	00DB4F	(【229】いた【230】物が【51】てかけてある)	(Rolled textiles are stored here.)
1:1	00DB14	00DB72	(【231】いけど、【226】【232】そうな生【37】だ)	(Made from rough, but firm material.)
1:1	00DB33	00DB98	(あのつぽは【182】【30】【41】りらしい)	(This pot contains medicine.)
1:1	00DB50	00DBB6	(この【233】い…)	(This smell...
1:1	00DB5F	00DBC5	(攻性生物の【234】く【235】を【40】【236】する【182】だ)	This neutralizes the monsters' acid.)
1:1	00DB82	00DBEB	(【56】きな【70】【105】【204】に【124】をかぷせてある)	(A big toolbox is under the cloth.)
1:1	00DBA5	00DC0F	(【251】【202】、【40】【212】を【167】ち【13】したみたいだな)	(It has been here for a long time.)
1:1	00DBCA	00DC33	(【70】【105】【204】が【82】いてある)	(There's a toolbox here.)
1:1	00DBE1	00DC4D	(【40】【212】はほとんど【167】ち【13】されてるな…)	(Most of the contents were taken out
1:1	00DC06	00DC72	(【100】ってるのは、これだけか)	and that's all that's left.)
1:1	00DC23	00DC8F	(【204】の【40】はからっぼだ…)	(It's empty...)
1:1	00DC3C	00DC9F	(【237】【238】に銃を【50】るための【201】【252】だ…)	(It's the pedestal for the gun.)
1:1	00DC5D	00DCC0	(銃の【201】【252】だけが【100】っている)	(Only the pedestal remains.
1:1	00DC7A	00DCDC	(【251】【202】、銃を【167】ち【13】したらしい…)	Looks like he recently took the gun.)
1:1	00DC9B	00DD02	(【123】に【70】【105】がかけてある)	(There are tools hanging on the wall.)
1:1	00DCB4	00DD29	(攻性生物をパラすための【70】【105】だ)	(They are used to gut monsters.)
1:1	00DCD5	00DD4A	【17】に【13】る	Leave
1:1	00DCDE	00DD50	やめる	Stay
1:1	00DCE5	00DD55	【17】に【13】る	Leave
1:1	00DCEE	00DD5B	やめる	Stay
1:1	00DCF5	00DD60	(つぽが【82】いてある)	(Large glazed pottery.)
1:1	00DD0A	00DD78	(つぽの【40】の【192】が【253】を【5】っている…)	(The drinks in the pots are glowing.)
1:1	00DD2D	00DD9E	(あのつぽはとくに【56】きいな)	(That pot is huge.)
1:1	00DD4A	00DDB2	(あのつぽはとくに【56】きいけど…)	(This pot is big.
1:1	00DD6B	00DDC4	(【40】【212】も【254】と【255】うのかな？)	I wonder what's inside of it.)
1:1	00DD86	00DDE3	(あんな【44】に【21】がついている)	(It leads to another room.)
1:1	00DDA3	00DDFF	(この【256】の【257】【144】の【157】【89】らしい)	(It's a room for the bar's owner.)
1:1	00DDC0	00DE22	(【56】きな【258】【190】機が【82】いてある)	(There's a big brewing machine here.)
1:1	00DDDD	00DE48	(ここで【192】を【111】っているのか…)	(Are they making the drinks here?)
1:1	00DDFC	00DE6B	(【136】【137】な【228】【224】に【192】が【43】まっている)	(The containers are transparent.)
1:1	00DE1D	00DE8D	(攻性生物の【259】で【111】った【228】【224】だ)	(It's made from a monster's shell.
1:1	00DE3C	00DEB0	(【40】【212】がすけるほど【260】く【261】ってある…)	The containers are transparent.)
1:1	00DE61	00DED1	(【56】きなテープルが【13】してある)	(That table's seen a few bar fights.)
1:1	00DE80	00DEF7	(【31】【210】のテープルだ)	(It is full of deep gashes.)
1:1	00DE95	00DF14	(【56】きなテープルが【13】してある)	(That table's seen a few bar fights.)
1:1	00DEB4	00DF3A	(【31】【210】のテープルだ)	(It is full of deep gashes.)
1:1	00DEC9	00DF57	【17】に【13】る	Leave
1:1	00DED2	00DF5D	やめる	Stay
1:1	00DED9	00DF62	(【21】がテープルでふさがれている)	(The door is blocked by the tables.)
1:1	00DEFA	00DF87	(ここからは【13】られないな)	(I can't get out from here.)
1:1	00DF15	00DFA4	(つぽが【82】いてある)	(These pots are plain but durable.)
1:1	00DF2A	00DFC8	(つぽの【40】の【192】が【253】を【5】っている…)	(The drinks in the pots are glowing.)
1:1	00DF4D	00DFEE	(つぽにはふたがしてある)	(The pots are covered with lids.)
1:1	00DF68	00E010	(あのつぽはとくに【56】きいな)	(That pot is huge.)
1:1	00DF85	00E024	(あのつぽはとくに【56】きいけど…)	(That pot is big!
1:1	00DFA6	00E036	(【40】【212】も【254】と【255】うのかな？)	I wonder what's inside of it.)
1:1	00DFC1	00E055	(あんな【44】に【21】がついている)	(It's a passage to another room.)
1:1	00DFDE	00E077	(この【256】の【257】【144】の【157】【89】らしい)	(It's a room for the bar's owner.)
1:1	00DFFB	00E09A	(【56】きな【258】【190】機が【82】いてある)	(There's a big brewing machine here.)
1:1	00E025	00E0CD	あ、それ？ お【192】の【262】【119】よ	Oh, that? It's our secret ingredient.
1:1	00E03E	00E0F3	攻性生物の体【263】なんだけど…	It's the body fluid of the monsters.
1:1	00E059	00E118	お【264】が【96】【265】【266】がるから、【267】【268】にしといてね	We don't want word of that to get out.
1:1	00E08D	00E14C	あ、それ？ お【192】の【262】【119】よ	Oh, that? It's our secret ingredient.
1:1	00E0A6	00E172	攻性生物の体【263】なんだけど…	It's the body fluid of the monsters.
1:1	00E0C1	00E197	お【264】が【96】【265】【266】がるから、【267】【268】にしといてね	We don't want word of that to get out.
1:1	00E0E8	00E1BE	(ここで【192】を【111】っているのか…)	(Are they making the drinks here?)
1:1	00E107	00E1E1	(【136】【137】な【228】【224】に【192】が【43】まっている)	(The containers are transparent.)
1:1	00E128	00E203	(攻性生物の【259】で【111】った【228】【224】だ)	(It's made from a monster's shell.
1:1	00E147	00E226	(【40】【212】がすけるほど【260】く【261】ってある…)	The containers are transparent.)
1:1	00E16C	00E247	(【264】の【252】るイスがかたづけてある)	(Chairs for the customers.)
1:1	00E18D	00E263	(【264】の【252】るイスだ…)	(Chairs for the customers...
1:1	00E1A2	00E280	(どれも【185】い【61】んであるな)	Not made out of monster parts.)
1:1	00E1BD	00E2A0	(テープルがかたづけてある)	(The tables are set aside.)
1:1	00E1DA	00E2BC	(【31】【210】のテープルだ)	(An old sturdy table.)
1:1	00E1EF	00E2D3	(つぽが【82】いてある)	(There's a pot here.)
1:1	00E204	00E2E9	(つぽの【40】の【192】が【253】を【5】っている…)	(It's full of glowing liquid.)
1:1	00E227	00E308	(つぽにはふたがしてある)	(The pot is covered with a lid.)
1:1	00E242	00E329	(【136】【137】な【228】【224】に【192】が【43】まっている)	(The containers are transparent.)
1:1	00E263	00E34B	(攻性生物の【259】で【111】った【228】【224】だ)	(It's made from a monster's shell.
1:1	00E282	00E36E	(【40】【212】がすけるほど【260】く【261】ってある…)	The containers are transparent.)
1:1	00E2A7	00E38F	(【56】きなテープルが【13】してある)	(There's some writing.)
1:1	00E2C6	00E3A7	(【31】【210】のテープルだ)	(Don't drink the glowing stuff.)
1:1	00E2DB	00E3C8	(つぽが【82】いてある)	(It's a pot for the liquid.)
1:1	00E2F0	00E3E5	(つぽの【40】の【192】が【253】を【5】っている…)	(The liquid is glowing.)
1:1	00E313	00E3FE	(つぽにはふたがしてある)	(The pot is covered with a lid.)
1:1	00E32E	00E41F	(つぽが【82】いてある)	(There's a pot here.)
1:1	00E343	00E435	(つぽの【40】の【192】が【253】を【5】っている…)	(The stuff inside the pot is glowing.)
1:1	00E366	00E45C	(つぽにはふたがしてある)	(The pot is covered with a lid.)
1:1	00E381	00E47D	(【56】きなテープルが【13】してある)	(There's some writing on it.)
1:1	00E3A0	00E49B	(【31】【210】のテープルだ)	(They killed Kenny.)
1:1	00E3B5	00E4B0	(【136】【137】な【228】【224】に【192】が【43】まっている)	(The containers are transparent.)
1:1	00E3D6	00E4D2	(攻性生物の【259】で【111】った【228】【224】だ)	(It's made from a monster's shell.
1:1	00E3F5	00E4F5	(【40】【212】がすけるほど【260】く【261】ってある…)	The containers are transparent.)
1:1	00E41A	00E516	(【136】【137】な【228】【224】に【192】が【43】まっている)	(The containers are transparent.)
1:1	00E43B	00E538	(攻性生物の【259】で【111】った【228】【224】だ)	(It's made from a monster's shell.
1:1	00E45A	00E55B	(【40】【212】がすけるほど【260】く【261】ってある…)	(The containers are transparent.)
1:1	00E47F	00E57D	(【56】きなテープルが【13】してある)	(The glowing drink stained the table.)
1:1	00E49E	00E5A4	(【31】【210】のテープルだ)	(That's solid wood!)
1:1	00E4B3	00E5B9	(【113】に【133】げぷたがついている)	(There's a trap door.)
1:1	00E4D0	00E5D0	(【269】か、この【38】には【258】【190】機があったな)	(The brewing machines are under here.
1:1	00E4F5	00E5F6	(【40】【212】を【107】り【13】すための【133】げぷたか…)	They fill it from up here.)
1:1	00E51A	00E612	(【113】に【133】げぷたがついている)	(There's a trap door.)
1:1	00E537	00E629	(【269】か、この【38】には【258】【190】機があったな)	(The brewing machines are under here.
1:1	00E55C	00E64F	(【40】【212】を【107】り【13】すための【133】げぷたか…)	They fill it from up here.)
1:1	00E581	00E66B	(【113】に【133】げぷたがついている)	(There's a trap door.)
1:1	00E59E	00E682	(【269】か、この【38】には【258】【190】機があったな)	(The brewing machines are below here.
1:1	00E5C3	00E6A8	(【40】【212】を【107】り【13】すための【133】げぷたか…)	This is where they fill them.)
1:1	00E5E8	00E6C7	【17】に【13】る	Leave
1:1	00E5F1	00E6CD	やめる	Stay
1:1	00E5F8	00E6D2	(【270】【159】な物が【153】ってある…)	(That stuff looks interesting.)
1:1	00E613	00E6F2	(【45】【46】【30】を【47】【48】した物だ…)	(They're processed relics.
1:1	00E62E	00E70D	(かなり【59】【48】が【20】き【176】いてるな)	They're well crafted.)
1:1	00E64D	00E724	(【111】りかけの【36】【125】だ)	(Those water bags are almost ready.)
1:1	00E662	00E749	(攻性生物の【267】【271】が【32】してある)	(Dried monster intestines...
1:1	00E681	00E766	(これが、【205】で【185】う【36】【125】になるんだな)	These will be water bags soon.)
1:1	00E6A6	00E786	(攻性生物の体の【174】【157】だ)	(It's a part of a monster.)
1:1	00E6BF	00E7A2	(攻性生物の体の【174】【157】だ…)	(It's part of a monster...
1:1	00E6DA	00E7BD	(【209】【272】な【224】【273】を【107】り【13】しているらしい	He's removing some of the organs.)
1:1	00E6FD	00E7E0	(あれも売り物なのかな…)	(Does he sell those too?)
1:1	00E718	00E7FA	(【74】【75】【76】の機【81】だ)	(An ancient machine.)
1:1	00E72B	00E810	(【99】【179】だ…【270】【159】な【173】物が【82】いてある)	(A bookshelf... full of books.)
1:1	00E74E	00E830	(【171】に【51】ちそうな【99】はないかな…)	(Are any of these books useful?)
~1:1	00E77C	00E85E	おまえさん、【99】なんか【148】むのか？	Do you read books?
~1:1	00E79B	00E871	【148】みふるしたやつなら【167】ってっていいぜ	Take any old book you like.
~2:1	00E7C0	00E88D	ね …【40】には、ちょいとやぱいのもあるがな	Some books, you shouldn't see...
~1:1	00E7E7	00E8AE	(帝国の【173】物だ…！)	(A book from the Empire!)
~1:1	00E7FC	00E8C8	(「やぱい【99】」って、これのことか…)	(Is this the book I shouldn't see?)
1:1	00E82E	00E8F9	これ【274】【133】はかんぺんしてくれよ	Don't take any more, alright?
1:1	00E84B	00E917	【215】の【148】む【99】がなくなっちまう	There won't be any left for me.
1:1	00E873	00E944	これ【274】【133】はかんぺんしてくれよ	Don't take any more, alright?
1:1	00E890	00E962	【215】の【148】む【99】がなくなっちまう	There won't be any left for me.
1:1	00E8B8	00E98F	これ【274】【133】はかんぺんしてくれよ	Don't take any more, alright?
1:1	00E8D5	00E9AD	【215】の【148】む【99】がなくなっちまう	There won't be any left for me.
1:1	00E8FD	00E9DA	これ【274】【133】はかんぺんしてくれよ	Don't take any more, alright?
1:1	00E91A	00E9F8	【215】の【148】む【99】がなくなっちまう	There won't be any left for me.
1:1	00E935	00EA18	(【179】には売り物が【217】んでいる…)	(There are items on sale...)
1:1	00E954	00EA35	(【275】【224】、【276】【87】【30】、【74】【75】【76】の機【81】…)	(Weapons, elixirs, ancient devices...
1:1	00E975	00EA5B	(【60】でも売ってるんだな)	Everything is on sale!)
1:1	00E98E	00EA73	(あれも売り物なのかな…)	(Does he sell these too?)
1:1	00E9A9	00EA8D	(攻性生物をパラすための【70】【105】だ)	(They're tools to gut monsters.)
1:1	00E9CA	00EAAE	(つぽにはみんな【277】がしてある)	(All the pots are sealed.)
1:1	00E9E9	00EAC9	(この【233】い…)	(This smell...
1:1	00E9F8	00EAD8	(攻性生物の【267】【271】や体【263】の【233】いだ)	it smells like monster fluid.
1:1	00EA19	00EAF6	(【182】の【262】【119】にでもするのかな…)	Can he make medicine out of it?)
1:1	00EA38	00EB17	(【124】や【278】【119】が【82】いてある)	(There's cloth and dye here.)
1:1	00EA51	00EB35	(攻性生物の体【263】を【279】った【124】だ)	(Monster fluids spread on the cloth.
1:1	00EA70	00EB5A	(そぱに【278】【119】も【82】いてあるな…)	There are dyes next to it.)
1:1	00EA8F	00EB76	【17】に【13】る	Leave
1:1	00EA98	00EB7C	やめる	Stay
1:1	00EA9F	00EB81	【40】に【41】る	Enter
1:1	00EAA8	00EB87	やめる	Stay Out
1:1	00EAAF	00EB90	(【21】は【22】ざされている…)	(This door is locked...
~1:1	00EAD5	00EBB5	そこには「【280】り【177】」の【177】【220】が【281】【82】されとる	The Kindling of the Guardian Fire.
~1:1	00EAFC	00EBD8	よそ【282】には【283】のない【157】【89】だ	Not a place for outsiders.)
~2:1	00EB15	00EBF4	<!9C>【281】【82】されとる (【21】は【22】ざされている…)	(This door is locked...)
~1:1	00EB3C	00EC0D	(【21】は【22】ざされている…)	(This door is locked...)
~1:1	00EB55	00EC26	(【136】【137】な【50】りが【107】りつけられている)	(It is decorated.)
~1:1	00EB78	00EC39	(攻性生物の【284】を【185】った【50】りだ…)	(Decorated with a monster's eyes.)
~1:1	00EB99	00EC5C	(【117】【31】が【51】ててある)	(It smells like incense.
~1:1	00EBAE	00EC75	(ここに【285】た【144】が【51】てていくのかな…)	It is a pleasant aroma.)
~1:1	00EBD3	00EC8E	(【117】【31】が【51】ててある…【33】い物が【286】いな)	(The pleasant aroma of incense.)
~1:1	00EBF8	00ECAF	(きれいな【50】り【10】だ…)	(A beautifully decorated window.)
~1:1	00EC0F	00ECD1	(【50】り【10】の【108】こうから【253】がさしている)	(A light is shining through.)
~1:1	00EC34	00ECEF	(攻性生物の【136】【137】な【138】でできた【50】り【10】だ)	(It's made out of monster wings.)
~1:1	00EC5B	00ED11	(【270】【159】な形のつぽが【82】いてある)	(A plethora of pottery.)
~1:1	00EC7A	00ED2A	(つぽにはみんな【277】をしてあるな)	(All of the pots are sealed.)
~1:1	00EC9B	00ED48	(【136】【137】な【50】りが【107】りつけられている)	(It is decorated.)
~1:1	00ECBE	00ED5B	(攻性生物の【284】を【185】った【50】りだ…)	(Decorated with a monster's eyes.)
~1:1	00ECDF	00ED7E	(【60】かの【70】【105】が【38】げられている)	(It's some sort of tool.)
~1:1	00ECFE	00ED98	(【287】【9】に【185】う【70】【105】らしい)	(It is probably used in rituals.)
~1:1	00ED17	00EDBA	(【237】【238】が【288】づけてある…)	(It's an altar.)
~1:1	00ED30	00EDCB	(【287】【9】に【185】う【237】【238】らしい)	(No blood... a good sign.
~1:1	00ED49	00EDE5	(かなり【135】に【111】られた物だな…)	It looks pretty old...)
~1:1	00ED68	00EDFD	(ふしぎな【253】を【45】している)	(It's emitting a strange light.
~1:1	00ED83	00EE1D	(この【253】が【0】を【289】らしているのか…)	This is what illuminates Zoah.)
~1:1	00EDA6	00EE3D	(あれが「【280】り【177】」の【177】【220】…)	(So that's the Guardian Fire...)
1:1	00EDD0	00EE6B	【290】【291】アクセス【40】の【292】【190】体に【293】【294】…	Warning, accessing now...
1:1	00EDEF	00EE85	【44】【295】と形【9】を【137】らかにせよ…	Identify yourself...
1:1	00EE0A	00EE9A	(【296】の【297】…【79】【298】【299】に【300】いてきた)	(That voice was from inside my head.
1:1	00EE29	00EEBF	(メル【301】カヴァが【84】えた【158】と【302】じだ…)	That's what happened with Mel-Kava.)
1:1	00EE5B	00EEF1	【292】【190】体の生【303】形態、【304】【305】【306】【307】…	Life form of unknown construction.
1:1	00EE78	00EF14	(バエットには【156】こえてないのか…？)	(Didn't Paet hear it?)
1:1	00EE9D	00EF2B	(【128】【255】いない…これは【74】【75】【76】の機【81】だ)	(It's obviously an ancient device.
1:1	00EEC2	00EF4E	(【308】【128】は動きを【309】めているらしい)	Looks like it's off during the day.)
1:1	00EEE3	00EF73	(きれいな【50】り【10】だ…)	(A beautifully decorated window.)
1:1	00EEFA	00EF95	(攻性生物の【136】【137】な【138】でできた【50】り【10】だ)	(It's made out of monsters' wings.
1:1	00EF21	00EFB8	(ここから【108】こう【310】に【253】を【41】れるのか)	This is where the light comes from.)
1:1	00EF46	00EFDD	(【117】【31】が【51】ててある)	(Incense sticks.)
1:1	00EF5B	00EFEF	(【117】【31】が【51】ててある…【33】い物ぱかりだ)	(They've been there for a while.)
1:1	00EF80	00F011	(【117】【31】が【51】ててある)	(Incense sticks.)
1:1	00EF95	00F023	(【117】【31】が【51】ててある…【33】い物ぱかりだ)	(They've been there for a while.)
1:1	00EFBA	00F045	(きれいな【50】り【10】だ…)	(A beautifully decorated window.)
1:1	00EFD1	00F067	(攻性生物の【136】【137】な【138】でできた【50】り【10】だ)	(It's made out of a monster's wings.
1:1	00EFF8	00F08C	(この【108】こうは【18】【39】になっているらしい)	There's a passage on the other side.)
1:1	00F01F	00F0B2	【17】に【13】る	Leave
1:1	00F028	00F0B8	やめる	Stay
1:1	00F02F	00F0BD	【40】に【41】る	Enter
1:1	00F038	00F0C3	やめる	Stay Out
1:1	00F03F	00F0CC	(【21】の【108】こうで、【155】し【297】が【156】こえる…)	(Someone's talking behind this door.)
1:1	00F071	00F0FF	パイマンさん…	Vaiman...
1:1	00F080	00F109	あの【311】、【56】【226】【232】なんですかね？	Are you sure we can trust him?
1:1	00F09D	00F128	よそ【282】をあまり【312】【87】すると…	Trust the outside, and...
~1:1	00F0C5	00F14F	わかっておる	Yes, I know.
~1:1	00F0D2	00F15C	だがな、【313】【314】には【315】【316】が【317】【164】なのだ	But, to rule, we need a legend.
~2:1	00F0F3	00F17C	…) 【318】は、その力を【319】に【320】えてくれる	And he gives me exactly what I need.
~1:1	00F116	00F1A1	それに、しょせんは【321】【322】だ	Besides, he is just a boy.
~2:1	00F12F	00F1BC	<13>れる うまくあしらえぱ、なんとでもなる	Lie to him, and he'll serve us well.
~1:1	00F156	00F1E1	(【21】の【108】こうで、【155】し【297】が【156】こえる…)	(Someone's talking behind this door.)
1:1	00F188	00F214	【17】【323】との【107】り【200】きの【218】だが…キトール、	It's about trade with outside...
1:1	00F1AD	00F235	【296】【324】はおまえにまかせようと【325】う	I shall leave it up to you, Quitor.
1:1	00F1D9	00F266	ありがとうございます	Thank you very much.
1:1	00F1FB	00F288	【319】に【326】を【327】う【218】はない	You need not thank me,
1:1	00F210	00F29F	【328】【329】の心は、【101】【126】への【330】【331】で示せぱよい	but I do expect a large donation.
1:1	00F235	00F2C1	(【120】【332】そうなランブが【82】いてある)	(This lamp looks valuable.)
1:1	00F256	00F2DD	(きれいな【59】【48】のランブだ…)	(It is beautifully decorated,
1:1	00F273	00F2FB	(でも、【250】れやすそうだな)	but it looks extremely fragile.)
1:1	00F28E	00F31C	(【123】をくり【181】いて【179】を【111】ってある)	(The wall has been hollowed out.)
1:1	00F2AF	00F33E	(【86】【224】の【41】った【179】だ)	(A shelf full of plates.)
1:1	00F2C4	00F358	(【123】をくり【181】いて【179】を【111】ってある)	(The wall has been hollowed out.)
1:1	00F2E5	00F37A	(【86】【224】の【41】った【179】だ)	(Plates, forks, spoons...)
1:1	00F2FA	00F395	(【56】きなかまどだ)	(It's a big furnace.)
1:1	00F30D	00F3AB	(ずいぷん【51】【186】なかまどだ…)	(The furnace is in good condition.
1:1	00F32A	00F3CE	(でも、あまり【185】った【80】がないな)	It hasn't been used much.)
1:1	00F34B	00F3E9	(あの【157】【89】には【86】【119】が【333】えてあるらしい)	(Smells like food.)
1:1	00F372	00F3FD	(ずいぷん【333】えが【286】いな…)	(There's a lot of food here.)
1:1	00F38D	00F41B	(テープルが【82】いてある)	(There's a table here.)
1:1	00F3A6	00F433	(【31】【210】のテープルだ)	(It's made of wood.)
1:1	00F3BB	00F448	(テープルが【82】いてある)	(There's a table here.)
1:1	00F3D4	00F460	(【31】と【124】でできたテープルだ)	(It's made from wood and cloth.)
1:1	00F3F1	00F481	(【334】【335】がふさがれている…)	(The stairs are blocked...
1:1	00F40C	00F49C	(これじゃ、2【334】には【20】けないな)	I can't get up there.)
1:1	00F42D	00F4B3	(【334】【335】がふさがれている…)	(The stairs are blocked...
1:1	00F448	00F4CE	(これじゃ、2【334】には【20】けないな)	I can't get up there.)
1:1	00F469	00F4E5	【17】に【13】る	Leave
1:1	00F472	00F4EB	やめる	Stay
1:1	00F479	00F4F0	(【110】さな【336】【98】だ)	(A small fireplace.)
1:1	00F48A	00F505	(【336】【98】の【40】で、【110】さな【177】が【52】えている…)	(There's a small fire burning.)
1:1	00F4B1	00F525	(【337】【85】えが【82】いてある)	(A fresh smelling plant.)
1:1	00F4C8	00F53F	(【25】のならない【31】を【53】てるなんて…)	(It helps cover the stench of Vaiman.)
1:1	00F4EB	00F566	(【123】をくり【181】いて【179】を【111】ってある)	(The wall has been hollowed out.)
1:1	00F519	00F595	ほう…【319】の【338】【173】に【339】【265】があるのかね？	So, you're interested in my library?
1:1	00F53C	00F5BA	【17】【323】との【340】【341】に備えて【342】めた【343】【119】だが…	I've been preparing for negotiations.
1:1	00F561	00F5E0	【344】とドラゴンがいる【274】【133】、もはや無【87】だな	Thanks to you, I don't need them.
1:1	00F588	00F602	よかったら、【167】って【20】きたまえ	Take them, if you want.
1:1	00F5A5	00F61A	(【99】【179】だ…【51】【186】な【99】ぱかりだな)	(A bookshelf full of valuable books.)
1:1	00F5C4	00F640	(【123】をくり【181】いて【179】を【111】ってある)	(The wall has been hollowed out.)
1:1	00F5F2	00F66F	ほう…【319】の【338】【173】に【339】【265】があるのかね？	So, you're interested in my library?
1:1	00F615	00F694	【17】【323】との【340】【341】に備えて【342】めた【343】【119】だが…	I've been preparing for negotiations.
1:1	00F63A	00F6BA	【344】とドラゴンがいる【274】【133】、もはや無【87】だな	Thanks to you, I don't need them.
1:1	00F661	00F6DC	よかったら、【167】って【20】きたまえ	Take them, if you want.
1:1	00F67E	00F6F4	(【99】【179】だ…【51】【186】な【99】ぱかりだな)	(A bookshelf full of valuable books.)
1:1	00F69D	00F71A	(【123】をくり【181】いて【179】を【111】ってある)	(The wall has been hollowed out.)
1:1	00F6CB	00F749	ほう…【319】の【338】【173】に【339】【265】があるのかね？	So, you're interested in my library?
1:1	00F6EE	00F76E	【17】【323】との【340】【341】に備えて【342】めた【343】【119】だが…	I've been preparing for negotiations.
1:1	00F713	00F794	【344】とドラゴンがいる【274】【133】、もはや無【87】だな	Thanks to you, I don't need them.
1:1	00F73A	00F7B6	よかったら、【167】って【20】きたまえ	Take them, if you want.
1:1	00F757	00F7CE	(【99】【179】だ…【51】【186】な【99】ぱかりだな)	(A bookshelf full of valuable books.)
1:1	00F776	00F7F4	(【120】【332】そうなランブが【82】いてある)	(This lamp looks valuable.)
1:1	00F797	00F810	(きれいな【59】【48】のランブだ…)	(It is beautifully decorated,
1:1	00F7B4	00F82E	(でも、【250】れやすそうだな)	but it looks fragile.)
1:1	00F7CF	00F845	(【151】の【133】に、たくさん【173】物が【13】ている)	(There are lots of books.)
1:1	00F7F4	00F860	(この【0】に【172】する【345】【346】らしい…)	(Records of Zoah.)
1:1	00F813	00F873	【17】に【13】る	Leave
1:1	00F81C	00F879	やめる	Stay
1:1	00F823	00F87E	(【74】【75】【76】の機【81】が【82】いてある)	(It's an ancient device.
1:1	00F840	00F897	(これはあまり【83】を【47】えてないな…)	This one hasn't been worked on.)
1:1	00F863	00F8B8	(この機【81】、まだ生きている…)	(This machine is still functioning...
1:1	00F882	00F8DE	(【74】【75】【76】からずっと動き【347】けてるのかな)	Has it been working all this time?)
1:1	00F8A9	00F902	(こんな【56】きな物、よく【167】ち【61】んだな)	(This looks almost too big to move.)
1:1	00F8CE	00F927	(きれいに【83】【41】れしてあるけど…)	(It's in good condition...
1:1	00F8EF	00F942	(【60】に【185】うんだろう？)	What does he use it for?)
1:1	00F906	00F95C	(【56】きな【348】物に【124】をかぷせてある)	(It's covered with a dirty cloth.)
1:1	00F927	00F97F	(これも、【74】【75】【76】の【45】【46】【30】なのかな)	(Is this one also an ancient relic?)
1:1	00F94A	00F9A4	(【151】の【133】にも機【81】が【82】いてある)	(Machines are also on the desk.)
1:1	00F969	00F9C5	(【296】はこれを【349】【131】しているらしい)	(This one is being repaired.)
1:1	00F98A	00F9E3	(【99】がたくさん【217】んでいる)	(It's full of books.)
1:1	00F9A5	00F9F9	(ドラゴンに【172】する【99】もあるみたいだ)	(There are even books on the dragons.)
1:1	00F9D7	00FA2D	それ、【214】しいのか？	You want that?
~1:1	00F9F7	00FA49	いいぜ、【167】ってけよ	It's okay, take it.
~1:1	00FA0A	00FA5D	(【350】しそうな【99】が【286】いな…)	(Full of technical books...)
~1:1	00FA25	00FA7A	(【351】【352】機とエンジンをつなぐ【315】【242】【353】だ)	(Some wiring.)
~1:1	00FA4A	00FA89	(エンジンの【315】【242】【353】だ)	(A wire for the engine.
~1:1	00FA61	00FAA1	(まさか…帝国【354】のじゃないだろうな)	It can't be from the Empire.)
~1:1	00FA86	00FABF	(【74】【75】【76】の機【81】が【82】いてある)	(An ancient machine...
~1:1	00FAA3	00FAD6	(これはあまり【83】を【47】えてないな…)	This one needs repairs.)
~1:1	00FAC6	00FAEF	(この機【81】は【250】れているらしい)	(This device is broken.
~1:1	00FAE5	00FB07	(これも【349】【131】する【96】なのかな)	This one needs to be fixed, too.)
~1:1	00FB02	00FB29	(【113】に機【81】が【5】り【13】してある)	(A complicated looking machine.)
~1:1	00FB1F	00FB4A	(【270】【159】な機【81】を【193】み【355】わせてある…)	(The devices are linked together...
~1:1	00FB42	00FB6E	(【83】を【47】えすぎて【356】【357】したらしいな)	This one is broken.)
~1:1	00FB65	00FB83	(【33】ぴた【31】【204】が【82】いてある)	(There's an old wooden box.)
~1:1	00FB80	00FBA0	(機【81】や【70】【105】が【41】っているらしい)	(Probably full of machines and tools.)
~1:1	00FBA1	00FBC7	(あんな【44】にも【60】か【82】いてあるな)	(More equipment?
~1:1	00FBC2	00FBD8	(【250】れた機【81】と、【358】な【182】のつぽだ)	A broken device and some fluid.)
~1:1	00FBE3	00FBF9	(【359】にはガラクタにしか【84】えないけど…)	(It's hard to tell the good junk...
~1:1	00FC0A	00FC1D	(これで【171】に【51】つ物が【111】れるのかな？)	from the bad.)
~1:1	00FC2F	00FC2C	【17】に【13】る	Leave
~1:1	00FC38	00FC32	やめる	Stay
~1:1	00FC3F	00FC37	(【111】物が【73】のように【360】んである)	(Crops are stored here...)
~1:1	00FC5E	00FC52	(これが【361】【157】、ここの【143】【144】のものなのか)	(A lot of food for one person.)
~1:1	00FC85	00FC72	(あの【125】も【111】物【41】りらしい)	(That bag is also full of provisions.)
~1:1	00FCA0	00FC99	(こんなに【86】【119】の【333】えがあるなんて…)	(There is a lot of food here.)
~1:1	00FCC5	00FCB8	(【56】きなかごが【82】いてある)	(It's a big basket.)
~1:1	00FCE0	00FCCD	(【111】物を【362】ぷためのかごらしい)	(A basket for carrying crops.)
~1:1	00FCFF	00FCEC	(【95】【96】のための【91】【92】が【132】っている)	(A windmill for ventilation.)
~1:1	00FD20	00FD0A	(【95】【96】のための【91】【92】が【132】っている)	(A windmill for ventilation.
~1:1	00FD41	00FD27	(【202】くで【84】ると、【363】【292】【56】がかりだな)	It is very old.)
~1:1	00FD64	00FD38	【17】に【13】る	Leave
~1:1	00FD6D	00FD3E	やめる	Stay
~1:1	00FD74	00FD43	(【205】の【348】物がまとめてある)	(Items used for traveling.)
~1:1	00FD8F	00FD5F	(【205】の【348】物がまとめてあるけど…)	(Some items for traveling, but
~1:1	00FDB0	00FD7E	(ちょっと【56】きすぎじゃないかな)	why are they here?)
~1:1	00FDD1	00FD92	(【205】の【348】物がまとめてある)	(Items used for traveling.)
~1:1	00FDEC	00FDAE	(【205】の【348】物がまとめてあるけど…)	(A sleeping bag,
~1:1	00FE0D	00FDBF	(物が【286】すぎるな…もっと【196】らさないと)	made out of the finest materials.)
~1:1	00FE34	00FDE2	(【205】の【348】物がまとめてある)	(Items used for traveling.)
~1:1	00FE4F	00FDFE	(【205】の【348】物がまとめてあるけど…)	(Some personal items, but there
~1:1	00FE70	00FE1E	(物が【286】すぎるな…もっと【196】らさないと)	are lots of toys too.)
~1:1	00FE97	00FE35	(ランブが【113】に【82】いてある)	(A very heavy lamp.)
~1:1	00FEB2	00FE4A	(【63】【18】の【129】で【185】うランブだ…)	(It's very decorative,
~1:1	00FECF	00FE61	(【167】ち【362】ぴには【108】かないな)	and it is certainly not portable.)
~1:1	00FEEA	00FE84	(【205】の【348】物がまとめてある)	(Items used for traveling.)
~1:1	00FF05	00FEA0	(ずいぷん【260】い【124】で【364】んである…)	(The cloth is very thin.
~1:1	00FF26	00FEB9	(これじゃ、すぐ【365】れてしまうな)	It'll rip easily...)
~1:1	00FF48	0133AE	<18><09>	You must be new here, eh?
~3:1	00FF4B	0133C8	<03><05><09> <09>\n\n！ウ<01><07> <09>\n<09>ソ…<15><02>	I'm Abner, the gatekeeper.
~1:1	013146	0133E3	おまえ、【366】【367】だな	Don't cause any trouble while I'm
~1:1	013157	013405	【215】は、【1】【2】【3】【19】【42】のアプネルってもんだ	on duty, okay?
~1:1	01317D	013414	【215】の【368】【218】【40】には、めんどうを【369】こすなよ	If you're gonna start something,
~1:1	0131A2	013435	【60】かやらかすんなら、【308】【128】にしとけ	do it in the daytime.
~1:1	0131D0	013458	なあ、【370】【371】してくれよ	Could you lend me some money?
~2:1	0131E5	013476	100【6】でいいんだ よ	100 dynes will do.
1:1	013207	013496	ありがてえ！ これで【86】【119】が【161】えるぜ！	Thanks! Now I can buy food!
1:1	01322C	0134B2	(…え？)	(If that guy eats any more,
1:1	013237	0134CE	(まだ【86】ぺる【96】なのか？)	he is going to explode.)
1:1	01325D	0134F4	ちえっ、ケチくせえ【372】【373】だな！	Don't expect any favors.
1:1	01327A	01350D	(【119】【131】をしているみたいだ…)	(He's cooking something.)
1:1	013297	013527	(【19】【42】のアプネルだ…)	(It's Abner, the gatekeeper)
1:1	0132AE	013544	(【86】【218】を【111】っているらしい)	(Looks like he's making his lunch.)
1:1	0132D6	013575	よう、どうかしたか？	What are you looking at?
~1:2	0132F8	01359B	【155】なら、【324】にしてくれよ	If you want to talk, come back later, will you?
1:1	01331C	0135D8	【370】ならそのうち【163】すって、せっつくなよ	I'll pay you back soon. Don't worry.
1:1	013341	0135FD	(【70】を【156】いてみよう)	(I should ask for directions.)
1:1	013356	01361C	(【70】を【156】いてみよう)	(I should ask for directions.)
1:1	01336B	01363B	(あとで、【70】でも【156】いてみようかな)	(Should I ask for directions later?)
1:1	01338E	013660	(【70】を【156】いてみよう)	(I should ask for directions.)
1:1	0133A3	01367F	(【70】を【156】いてみよう)	(I should ask for directions.)
1:1	0133B8	01369E	(【70】を【156】いてみよう)	(I should ask for directions.)
1:1	0133CD	0136BD	(【70】を【156】いてみよう)	(I should ask for directions.)
1:1	0133E2	0136DC	(あとで、【70】でも【156】いてみようかな)	(Should I ask for directions later?)
1:1	013405	013701	(【19】【42】が【84】【374】りをしている…)	(A gatekeeper is standing guard.)
1:1	013422	013723	(【19】【42】のアプネルだ…)	(It's Abner, the gatekeeper)
1:1	013446	01374D	ハンターのエッジってのは、おまえか？	Are you Edge, the hunter?
~2:1	013478	013774	ああ、そうだけど <!BD>てのは、おまえか？	Yeah, that's me.
1:1	0134AA	013792	おまえに【375】かりもんだ、ほらよ	I got something for you. Here.
~2:1	0134D4	0137BE	【1】【2】【3】の【18】【20】【376】だ んだ、ほらよ	It's a pass to the Holy District.
~1:1	0134F1	0137E0	…まったく、わけがわかんねえぜ	...I don't understand.
~1:1	013510	0137F7	<0F>か？	Why would they give one to you?
~1:1	013516	013817	なんで、おまえみたいな【103】に…	Oh, I get it.
~1:1	013533	013825	あ、そうか！	Paet introduced you to Vaiman
~1:1	013540	013843	おまえ、パイマンさんに【370】【360】んだんだろ？	and you bribed him.
~1:1	013567	013857	バエットの【103】に【377】【378】してもらってよ	Good thinking.
1:1	013595	013873	なんだよ、それ…	What do you mean by that...
1:1	0135A6	01388F	だいいち、パイマンって【379】だ？	I don't even know
1:1	0135C3	0138A1	バエットの【380】り【355】いか？	who Vaiman is!
~1:1	0135E7	0138BD	なんだ、【380】らなかったのか？	What, you didn't know?
~1:1	013602	0138D4	あいつの【381】【382】だよ	He's Paet's father.
~1:2	013613	0138E8	【1】【2】【3】じゃ、【383】【237】の【384】ぐらいに【385】いんだぜ	He's second in command to the High Priest.
1:1	013648	013920	そんな【144】が、どうして…	Why would he...
~1:1	01366C	01393D	さあな…【215】は【386】まれただけだからよ	I don't know, I was just asking.
~1:2	01368D	01395E	あ、そうだ、【315】【327】もあったんだっけ	Oh, there's a message, too. Go to the Holy District, he's
~1:1	0136AE	013998	【155】があるから、【1】【2】【3】まで【285】いってよ	got something to tell you.
1:1	0136DE	0139C0	パイマンさんの【129】は、【101】【126】の【134】だってよ	Vaiman's house is behind the church.
~1:1	013710	0139F2	【366】【367】のハンターがあっさり【1】【2】【3】【41】りして	Some hunter is given a pass to the
~1:2	013737	013A15	ずっと【387】いてる【215】には、【60】もなしかよ…	Holy District, just like that. I've been working here forever, and
~1:1	01375C	013A58	なんか、【387】くのがパカらしくなってきたぜ	I get nothing... I'm gonna quit.
~1:1	013784	013A79	(【388】った【311】がぷらついている…)	(A fat guy is walking around.)
~1:1	0137A3	013A98	(【19】【42】のアプネルだ…)	(It's Abner, the gatekeeper)
~1:1	0137BA	013AB5	(【308】【128】は【368】【218】がないらしい)	(He only works at night.)
1:1	0137E2	013ADC	こないだ【389】りた【370】だけどよ…	It's about the money I borrowed.
1:1	0137FD	013AFD	【25】は、【147】【219】【163】せそうにねえんだ	I won't be able to pay you back
1:1	01381A	013B1D	)	for a while.
1:1	013829	013B37	そんな！ 【390】【391】が【255】うよ！	What are you trying to pull?
~1:1	01384F	013B61	ま、【15】ってくれよ	Hey, wait a second.
~2:1	013860	013B75	【60】も、ふみ【392】そうってんじゃねえんだ <1B>ぜ	I don't have the money right now.
~1:1	013888	013B97	かわりに【215】の【167】ち物、【60】でもやるよ	Instead, you can go to my house
~1:1	0138A9	013BB7	【129】から【393】【83】に【167】ってっていいからさ、な？	and take whatever you want.
1:1	0138DD	013BE0	わかったよ…	All right...
1:1	0138EA	013BED	【129】って、どこにあるんだ？	Where's your house?
~1:1	013910	013C0E	ヤレドの【256】の【23】だよ	It's next to Jared's shop.
~2:1	013923	013C29	【146】【154】と【174】【268】に【143】んでるんだ <0D>からさ、な？	I'm living with my buddy.
~1:1	01394A	013C43	【14】になったら【285】てくれよ	Stop by at night.
~1:1	013961	013C55	(【388】った【311】がぷらついている…)	(A fat guy is walking around.)
~1:1	013980	013C74	(【19】【42】のアプネルだ…)	(It's Abner, the gatekeeper)
~1:1	013997	013C91	(【308】【128】は【368】【218】がないらしい)	(He only works at night.)
1:1	0139BF	013CB8	こないだ【389】りた【370】だけどよ…	It's about the money I borrowed.
1:1	0139DA	013CD9	【25】は、【147】【219】【163】せそうにねえんだ	I won't be able to pay you back
1:1	0139F7	013CF9	)	for a while.
1:1	013A06	013D13	そんな！ 【390】【391】が【255】うよ！	What are you trying to pull?
~1:1	013A2C	013D3D	ま、【15】ってくれよ	Hey, wait a second.
~2:1	013A3D	013D51	【60】も、ふみ【392】そうってんじゃねえんだ な？	I don't have the money right now.
~1:1	013A64	013D73	かわりに【215】の【167】ち物、【60】でもやるよ	Instead, you can go to my house
~1:1	013A85	013D93	【129】から【393】【83】に【167】ってっていいからさ、な？	and take whatever you want.
1:1	013AB9	013DBC	わかったよ…	All right...
1:1	013AC6	013DC9	【129】って、どこにあるんだ？	Where's your house?
~1:1	013AEC	013DEA	ヤレドの【256】の【23】だよ	It's next to Jared's shop.
~1:1	013AFF	013E05	【146】【154】と【174】【268】に【143】んでるんだ	I'm living with my buddy.
~1:1	013B18	013E1F	<0D>からさ、な？	Stop by at night.
~1:1	013B26	013E31	【14】になったら【285】てくれよ	(A fat guy is walking around.)
~1:1	013B3D	013E50	(【388】った【311】がぷらついている…)	(It's Abner, the gatekeeper)
~1:1	013B5C	013E6D	(【19】【42】のアプネルだ…)	(He only works at night.)
~2:1	013B73	013E87	(【308】【128】は【368】【218】がないらしい) (【70】を【156】いてみよう)	(I should ask for directions.)
~1:1	013BA3	013EA6	(【19】【42】が【84】【374】りをしている…)	(A gatekeeper is standing guard.)
~1:1	013BC0	013EC8	(【19】【42】のアプネルだ…)	(It's Abner, the gatekeeper)
1:1	013BE4	013EF2	おまえも、ここの【394】【156】いて【285】たんだろ？	You came here because you heard
1:1	013C09	013F12	よそに【395】ぺりゃ、【396】【397】みたいな【44】だからな	that this town was paradise, right?
~1:1	013C3D	013F43	【19】【42】ってのは、【398】【399】な【368】【218】だぜ	Gatekeeping is boring.
~2:1	013C5A	013F5A	むだからな 【400】【96】をこらえるのにもひと【401】【402】さ	It's tough just to stay awake.
1:1	013C90	013F86	ずいぷん【140】ち着いてるじゃねえか	The Imperial force is nearby,
1:1	013CAF	013FA4	このあたりに帝国が【285】てるってのによ	and you look so calm.
1:1	013CDF	013FC7	帝国【354】の【403】【37】の【394】、【156】いたか？	Did you hear that the Empire has
1:1	013CFC	013FE8	すげえ【56】【404】か【60】かがあって	some new weapon that can destroy
1:1	013D15	014009	いつでも、この【0】にぷっ【5】せるって【155】だぜ	an entire town? They're threatening
1:1	013D3D	01402D	それをネタに、【405】【406】【126】を【407】してるんだとよ	the Council with war.
1:1	013D71	014050	帝国の【403】【37】は【361】【408】だとよ	I hear that the Imperial Base
1:1	013D88	01406E	ドラゴンが【97】き【409】っちまったらしいぜ	has been totally destroyed
1:1	013DAB	014089	<1F>よ	by a dragon.
1:1	013DBC	0140A3	おまえもここに【143】みたいんじゃねえのか？	Don't you want to live here too?
1:1	013DE3	0140C4	【393】【83】に【410】着いてもいいんだぜ	You can stay here if you want.
1:1	013DFE	0140E3	<!BA>ねえのか？	The Liberal District is populated
1:1	013E0A	014105	【4】【5】【3】は、そうやってできたんだからな	by travelers.
1:1	013E2F	014113	ジューパの【256】への【70】	Passage to Juba's
1:1	013E42	014125	バエットの【410】【411】【44】	Paet's
1:1	013E53	01412C	機【81】【82】き【411】への【70】	Passage to Storage Area
1:1	013E64	014144	パイマンの【129】への【70】	Passage to Vaiman's house
1:1	013E77	01415E	【101】【126】への【70】	Passage to the Church
1:1	013E82	014174	【18】【39】への【70】	To the Passage
1:1	013E8D	014183	【155】をやめる	Quit
1:1	013E98	014188	ジューパの【256】への【70】	Passage to Juba's
1:1	013EAB	01419A	バエットの【410】【411】【44】	Paet's
1:1	013EBC	0141A1	機【81】【82】き【411】への【70】	Passage to Storage Area
1:1	013ECD	0141B9	パイマンの【129】への【70】	Passage to Vaiman's house
1:1	013EE0	0141D3	【101】【126】への【70】	Passage to the Church
1:1	013EEB	0141E9	【155】をやめる	Quit
1:1	013EF6	0141EE	ジューパの【256】への【70】	Passage to Juba's
1:1	013F09	014200	バエットの【410】【411】【44】	Paet's
1:1	013F1A	014207	機【81】【82】き【411】への【70】	Passage to Storage Area
1:1	013F2B	01421F	パイマンの【129】への【70】	Passage to Vaiman's house
1:1	013F3E	014239	【18】【39】への【70】	To the Passage
1:1	013F49	014248	【155】をやめる	Quit
1:1	013F54	01424D	ジューパの【256】への【70】	Passage to Juba's
1:1	013F67	01425F	バエットの【410】【411】【44】	Paet's
1:1	013F78	014266	機【81】【82】き【411】への【70】	Passage to Storage Area
1:1	013F89	01427E	パイマンの【129】への【70】	Passage to Vaiman's house
1:1	013F9C	014298	【155】をやめる	Quit
1:1	013FA7	01429D	ジューパの【256】への【70】	Passage to Juba's
1:1	013FBA	0142AF	バエットの【410】【411】【44】	Paet's
1:1	013FCB	0142B6	機【81】【82】き【411】への【70】	Passage to Storage Area
1:1	013FDC	0142CE	【101】【126】への【70】	Passage to the Church
1:1	013FE7	0142E4	【18】【39】への【70】	To the Passage
1:1	013FF2	0142F3	【155】をやめる	Quit
1:1	013FFD	0142F8	ジューパの【256】への【70】	Passage to Juba's
1:1	014010	01430A	バエットの【410】【411】【44】	Paet's
1:1	014021	014311	機【81】【82】き【411】への【70】	Passage to Storage Area
1:1	014032	014329	【101】【126】への【70】	Passage to the Church
1:1	01403D	01433F	【155】をやめる	Quit
1:1	014048	014344	ジューパの【256】への【70】	Passage to Juba's
1:1	01405B	014356	バエットの【410】【411】【44】	Paet's
1:1	01406C	01435D	機【81】【82】き【411】への【70】	Passage to Storage Area
1:1	01407D	014375	【18】【39】への【70】	To the Passage
1:1	014088	014384	【155】をやめる	Quit
1:1	014093	014389	ジューパの【256】への【70】	Passage to Juba's
1:1	0140A6	01439B	バエットの【410】【411】【44】	Paet's
1:1	0140B7	0143A2	機【81】【82】き【411】への【70】	Passage to Storage Area
1:1	0140C8	0143BA	【155】をやめる	Quit
1:1	0140D3	0143BF	ジューパの【256】への【70】	Passage to Juba's
1:1	0140E6	0143D1	バエットの【410】【411】【44】	Paet's
1:1	0140F7	0143D8	パイマンの【129】への【70】	Passage to Vaiman's house
1:1	01410A	0143F2	【101】【126】への【70】	Passage to the Church
1:1	014115	014408	【18】【39】への【70】	To the Passage
1:1	014120	014417	【155】をやめる	Quit
1:1	01412B	01441C	ジューパの【256】への【70】	Passage to Juba's
1:1	01413E	01442E	バエットの【410】【411】【44】	Paet's
1:1	01414F	014435	パイマンの【129】への【70】	Passage to Vaiman's house
1:1	014162	01444F	【101】【126】への【70】	Passage to the Church
1:1	01416D	014465	【155】をやめる	Quit
1:1	014178	01446A	ジューパの【256】への【70】	Passage to Juba's
1:1	01418B	01447C	バエットの【410】【411】【44】	Paet's
1:1	01419C	014483	パイマンの【129】への【70】	Passage to Vaiman's house
1:1	0141AF	01449D	【18】【39】への【70】	To the Passage
1:1	0141BA	0144AC	【155】をやめる	Quit
1:1	0141C5	0144B1	ジューパの【256】への【70】	Passage to Juba's
1:1	0141D8	0144C3	バエットの【410】【411】【44】	Paet's
1:1	0141E9	0144CA	パイマンの【129】への【70】	Passage to Vaiman's house
1:1	0141FC	0144E4	【155】をやめる	Quit
1:1	014207	0144E9	ジューパの【256】への【70】	Passage to Juba's
1:1	01421A	0144FB	バエットの【410】【411】【44】	Paet's
1:1	01422B	014502	【101】【126】への【70】	Passage to the Church
1:1	014236	014518	【18】【39】への【70】	To the Passage
1:1	014241	014527	【155】をやめる	Quit
1:1	01424C	01452C	ジューパの【256】への【70】	Passage to Juba's
1:1	01425F	01453E	バエットの【410】【411】【44】	Paet's
1:1	014270	014545	【101】【126】への【70】	Passage to the Church
1:1	01427B	01455B	【155】をやめる	Quit
1:1	014286	014560	ジューパの【256】への【70】	Passage to Juba's
1:1	014299	014572	バエットの【410】【411】【44】	Paet's
1:1	0142AA	014579	【18】【39】への【70】	To the Passage
1:1	0142B5	014588	【155】をやめる	Quit
1:1	0142C0	01458D	ジューパの【256】への【70】	Passage to Juba's
1:1	0142D3	01459F	バエットの【410】【411】【44】	Paet's
1:1	0142E4	0145A6	【155】をやめる	Quit
1:1	0142EF	0145AB	ジューパの【256】への【70】	Passage to Juba's
1:1	014302	0145BD	機【81】【82】き【411】への【70】	Passage to Storage Area
1:1	014313	0145D5	パイマンの【129】への【70】	Passage to Vaiman's house
1:1	014326	0145EF	【101】【126】への【70】	Passage to the Church
1:1	014331	014605	【18】【39】への【70】	To the Passage
1:1	01433C	014614	【155】をやめる	Quit
1:1	014347	014619	ジューパの【256】への【70】	Passage to Juba's
1:1	01435A	01462B	機【81】【82】き【411】への【70】	Passage to Storage Area
1:1	01436B	014643	パイマンの【129】への【70】	Passage to Vaiman's house
1:1	01437E	01465D	【101】【126】への【70】	Passage to the Church
1:1	014389	014673	【155】をやめる	Quit
1:1	014394	014678	ジューパの【256】への【70】	Passage to Juba's
1:1	0143A7	01468A	機【81】【82】き【411】への【70】	Passage to Storage Area
1:1	0143B8	0146A2	パイマンの【129】への【70】	Passage to Vaiman's house
1:1	0143CB	0146BC	【18】【39】への【70】	To the Passage
1:1	0143D6	0146CB	【155】をやめる	Quit
1:1	0143E1	0146D0	ジューパの【256】への【70】	Passage to Juba's
1:1	0143F4	0146E2	機【81】【82】き【411】への【70】	Passage to Storage Area
1:1	014405	0146FA	パイマンの【129】への【70】	Passage to Vaiman's house
1:1	014418	014714	【155】をやめる	Quit
1:1	014423	014719	ジューパの【256】への【70】	Passage to Juba's
1:1	014436	01472B	機【81】【82】き【411】への【70】	Passage to Storage Area
1:1	014447	014743	【101】【126】への【70】	Passage to the Church
1:1	014452	014759	【18】【39】への【70】	To the Passage
1:1	01445D	014768	【155】をやめる	Quit
1:1	014468	01476D	ジューパの【256】への【70】	Passage to Juba's
1:1	01447B	01477F	機【81】【82】き【411】への【70】	Passage to Storage Area
1:1	01448C	014797	【101】【126】への【70】	Passage to the Church
1:1	014497	0147AD	【155】をやめる	Quit
1:1	0144A2	0147B2	ジューパの【256】への【70】	Passage to Juba's
1:1	0144B5	0147C4	機【81】【82】き【411】への【70】	Passage to Storage Area
1:1	0144C6	0147DC	【18】【39】への【70】	To the Passage
1:1	0144D1	0147EB	【155】をやめる	Quit
1:1	0144DC	0147F0	ジューパの【256】への【70】	Passage to Juba's
1:1	0144EF	014802	機【81】【82】き【411】への【70】	Passage to Storage Area
1:1	014500	01481A	【155】をやめる	Quit
1:1	01450B	01481F	ジューパの【256】への【70】	Passage to Juba's
1:1	01451E	014831	パイマンの【129】への【70】	Passage to Vaiman's house
1:1	014531	01484B	【101】【126】への【70】	Passage to the Church
1:1	01453C	014861	【18】【39】への【70】	To the Passage
1:1	014547	014870	【155】をやめる	Quit
1:1	014552	014875	ジューパの【256】への【70】	Passage to Juba's
1:1	014565	014887	パイマンの【129】への【70】	Passage to Vaiman's house
1:1	014578	0148A1	【101】【126】への【70】	Passage to the Church
1:1	014583	0148B7	【155】をやめる	Quit
1:1	01458E	0148BC	ジューパの【256】への【70】	Passage to Juba's
1:1	0145A1	0148CE	パイマンの【129】への【70】	Passage to Vaiman's house
1:1	0145B4	0148E8	【18】【39】への【70】	To the Passage
1:1	0145BF	0148F7	【155】をやめる	Quit
1:1	0145CA	0148FC	ジューパの【256】への【70】	Passage to Juba's
1:1	0145DD	01490E	パイマンの【129】への【70】	Passage to Vaiman's house
1:1	0145F0	014928	【155】をやめる	Quit
1:1	0145FB	01492D	ジューパの【256】への【70】	Passage to Juba's
1:1	01460E	01493F	【101】【126】への【70】	Passage to the Church
1:1	014619	014955	【18】【39】への【70】	To the Passage
1:1	014624	014964	【155】をやめる	Quit
1:1	01462F	014969	ジューパの【256】への【70】	Passage to Juba's
1:1	014642	01497B	【101】【126】への【70】	Passage to the Church
1:1	01464D	014991	【155】をやめる	Quit
1:1	014658	014996	ジューパの【256】への【70】	Passage to Juba's
1:1	01466B	0149A8	【18】【39】への【70】	To the Passage
1:1	014676	0149B7	【155】をやめる	Quit
1:1	014681	0149BC	ジューパの【256】への【70】	Passage to Juba's
1:1	014694	0149CE	【155】をやめる	Quit
1:1	01469F	0149D3	ジューパの【256】への【70】	Passage to Juba's
1:1	0146B2	0149E5	機【81】【82】き【411】への【70】	Passage to Storage Area
1:1	0146C3	0149FD	パイマンの【129】への【70】	Passage to Vaiman's house
1:1	0146D6	014A17	【101】【126】への【70】	Passage to the Church
1:1	0146E1	014A2D	【18】【39】への【70】	To the Passage
1:1	0146EC	014A3C	【155】をやめる	Quit
1:1	0146F7	014A41	ジューパの【256】への【70】	Passage to Juba's
1:1	01470A	014A53	機【81】【82】き【411】への【70】	Passage to Storage Area
1:1	01471B	014A6B	パイマンの【129】への【70】	Passage to Vaiman's house
1:1	01472E	014A85	【101】【126】への【70】	Passage to the Church
1:1	014739	014A9B	【155】をやめる	Quit
1:1	014744	014AA0	ジューパの【256】への【70】	Passage to Juba's
1:1	014757	014AB2	機【81】【82】き【411】への【70】	Passage to Storage Area
1:1	014768	014ACA	パイマンの【129】への【70】	Passage to Vaiman's house
1:1	01477B	014AE4	【18】【39】への【70】	To the Passage
1:1	014786	014AF3	【155】をやめる	Quit
1:1	014791	014AF8	ジューパの【256】への【70】	Passage to Juba's
1:1	0147A4	014B0A	機【81】【82】き【411】への【70】	Passage to Storage Area
1:1	0147B5	014B22	パイマンの【129】への【70】	Passage to Vaiman's house
1:1	0147C8	014B3C	【155】をやめる	Quit
1:1	0147D3	014B41	ジューパの【256】への【70】	Passage to Juba's
1:1	0147E6	014B53	機【81】【82】き【411】への【70】	Passage to Storage Area
1:1	0147F7	014B6B	【101】【126】への【70】	Passage to the Church
1:1	014802	014B81	【18】【39】への【70】	To the Passage
1:1	01480D	014B90	【155】をやめる	Quit
1:1	014818	014B95	ジューパの【256】への【70】	Passage to Juba's
1:1	01482B	014BA7	機【81】【82】き【411】への【70】	Passage to Storage Area
1:1	01483C	014BBF	【101】【126】への【70】	Passage to the Church
1:1	014847	014BD5	【155】をやめる	Quit
1:1	014852	014BDA	ジューパの【256】への【70】	Passage to Juba's
1:1	014865	014BEC	機【81】【82】き【411】への【70】	Passage to Storage Area
1:1	014876	014C04	【18】【39】への【70】	To the Passage
1:1	014881	014C13	【155】をやめる	Quit
1:1	01488C	014C18	ジューパの【256】への【70】	Passage to Juba's
1:1	01489F	014C2A	機【81】【82】き【411】への【70】	Passage to Storage Area
1:1	0148B0	014C42	【155】をやめる	Quit
1:1	0148BB	014C47	ジューパの【256】への【70】	Passage to Juba's
1:1	0148CE	014C59	パイマンの【129】への【70】	Passage to Vaiman's house
1:1	0148E1	014C73	【101】【126】への【70】	Passage to the Church
1:1	0148EC	014C89	【18】【39】への【70】	To the Passage
1:1	0148F7	014C98	【155】をやめる	Quit
1:1	014902	014C9D	ジューパの【256】への【70】	Passage to Juba's
1:1	014915	014CAF	パイマンの【129】への【70】	Passage to Vaiman's house
1:1	014928	014CC9	【101】【126】への【70】	Passage to the Church
1:1	014933	014CDF	【155】をやめる	Quit
1:1	01493E	014CE4	ジューパの【256】への【70】	Passage to Juba's
1:1	014951	014CF6	パイマンの【129】への【70】	Passage to Vaiman's house
1:1	014964	014D10	【18】【39】への【70】	To the Passage
1:1	01496F	014D1F	【155】をやめる	Quit
1:1	01497A	014D24	ジューパの【256】への【70】	Passage to Juba's
1:1	01498D	014D36	パイマンの【129】への【70】	Passage to Vaiman's house
1:1	0149A0	014D50	【155】をやめる	Quit
1:1	0149AB	014D55	ジューパの【256】への【70】	Passage to Juba's
1:1	0149BE	014D67	【101】【126】への【70】	Passage to the Church
1:1	0149C9	014D7D	【18】【39】への【70】	To the Passage
1:1	0149D4	014D8C	【155】をやめる	Quit
1:1	0149DF	014D91	ジューパの【256】への【70】	Passage to Juba's
1:1	0149F2	014DA3	【101】【126】への【70】	Passage to the Church
1:1	0149FD	014DB9	【155】をやめる	Quit
1:1	014A08	014DBE	ジューパの【256】への【70】	Passage to Juba's
1:1	014A1B	014DD0	【18】【39】への【70】	To the Passage
1:1	014A26	014DDF	【155】をやめる	Quit
1:1	014A31	014DE4	ジューパの【256】への【70】	Passage to Juba's
1:1	014A44	014DF6	【155】をやめる	Quit
1:1	014A4F	014DFB	機【81】【82】き【411】への【70】	Passage to Storage Area
1:1	014A60	014E13	パイマンの【129】への【70】	Passage to Vaiman's house
1:1	014A73	014E2D	【101】【126】への【70】	Passage to the Church
1:1	014A7E	014E43	【18】【39】への【70】	To the Passage
1:1	014A89	014E52	【155】をやめる	Quit
1:1	014A94	014E57	機【81】【82】き【411】への【70】	Passage to Storage Area
1:1	014AA5	014E6F	パイマンの【129】への【70】	Passage to Vaiman's house
1:1	014AB8	014E89	【101】【126】への【70】	Passage to the Church
1:1	014AC3	014E9F	【155】をやめる	Quit
1:1	014ACE	014EA4	機【81】【82】き【411】への【70】	Passage to Storage Area
1:1	014ADF	014EBC	パイマンの【129】への【70】	Passage to Vaiman's house
1:1	014AF2	014ED6	【18】【39】への【70】	To the Passage
1:1	014AFD	014EE5	【155】をやめる	Quit
1:1	014B08	014EEA	機【81】【82】き【411】への【70】	Passage to Storage Area
1:1	014B19	014F02	パイマンの【129】への【70】	Passage to Vaiman's house
1:1	014B2C	014F1C	【155】をやめる	Quit
1:1	014B37	014F21	機【81】【82】き【411】への【70】	Passage to Storage Area
1:1	014B48	014F39	【101】【126】への【70】	Passage to the Church
1:1	014B53	014F4F	【18】【39】への【70】	To the Passage
1:1	014B5E	014F5E	【155】をやめる	Quit
1:1	014B69	014F63	機【81】【82】き【411】への【70】	Passage to Storage Area
1:1	014B7A	014F7B	【101】【126】への【70】	Passage to the Church
1:1	014B85	014F91	【155】をやめる	Quit
1:1	014B90	014F96	機【81】【82】き【411】への【70】	Passage to Storage Area
1:1	014BA1	014FAE	【18】【39】への【70】	To the Passage
1:1	014BAC	014FBD	【155】をやめる	Quit
1:1	014BB7	014FC2	機【81】【82】き【411】への【70】	Passage to Storage Area
1:1	014BC8	014FDA	【155】をやめる	Quit
1:1	014BD3	014FDF	パイマンの【129】への【70】	Passage to Vaiman's house
1:1	014BE6	014FF9	【101】【126】への【70】	Passage to the Church
1:1	014BF1	01500F	【18】【39】への【70】	To the Passage
1:1	014BFC	01501E	【155】をやめる	Quit
1:1	014C07	015023	パイマンの【129】への【70】	Passage to Vaiman's house
1:1	014C1A	01503D	【101】【126】への【70】	Passage to the Church
1:1	014C25	015053	【155】をやめる	Quit
1:1	014C30	015058	パイマンの【129】への【70】	Passage to Vaiman's house
1:1	014C43	015072	【18】【39】への【70】	To the Passage
1:1	014C4E	015081	【155】をやめる	Quit
1:1	014C59	015086	パイマンの【129】への【70】	Passage to Vaiman's house
1:1	014C6C	0150A0	【155】をやめる	Quit
1:1	014C77	0150A5	【101】【126】への【70】	Passage to the Church
1:1	014C82	0150BB	【18】【39】への【70】	To the Passage
1:1	014C8D	0150CA	【155】をやめる	Quit
1:1	014C98	0150CF	【101】【126】への【70】	Passage to the Church
1:1	014CA3	0150E5	【155】をやめる	Quit
1:1	014CAE	0150EA	【18】【39】への【70】	To the Passage
1:1	014CB9	0150F9	【155】をやめる	Quit
~1:1	014CD1	01510B	ああ、【174】【412】やろうってんだな	If you want some drinks, go to
~2:1	014CEC	01512A	【0】の【41】【413】の【414】に、【334】【335】があるだろ そいつを【415】えりゃ【416】の【49】だ	the stairs next to the entrance
~1:1	014D24	01514A	るだろ	of the town.
~3:1	014D2A	015157	【417】い【21】が【416】【418】だぜ <!A0>の【49】だ るだろ	Go up and it's the blue door.
1:1	014D56	015182	バエットなら、【0】の【17】に【20】っちまったぜ	Paet is working on something.
1:1	014D7B	0151A0	？	He said he's got some business
1:1	014D7D	0151BF	【419】【242】に【87】【218】だとか【327】ってよ	to attend to.
1:1	014D96	0151CD	…【60】【420】えてんだ、あいつ？	What's he up to?
~1:1	014DBC	0151EB	【16】になるまで【13】てこねえよ、あいつは	He won't be back until morning.
~1:2	014DDF	01520B	【14】の【128】は、この【19】の【108】こう【310】さ	He's got business to tend to  In the Holy District.
~1:1	014E09	01524C	【18】【39】を【181】けると、【421】【139】に【123】があるからよ	Go through the passage, and you'll
~1:1	014E2E	01526F	そいつにそって、【422】へ【423】んでみな	see a wall. Go right along the wall.
~2:1	014E4D	015294	もっとも、【296】は【379】もいねえと【325】うぜ らよ	I don't think anyone is there now.
1:1	014E7F	0152C4	【215】もよく【380】らねえけど…	I'm not quite sure, but
1:1	014E96	0152DC	【101】【126】の【41】【413】の【424】に、【18】【39】があるんだとよ	I hear there's a passage next to the
1:1	014EBB	015301	そいつを【181】けて、すぐ【422】だって【156】いたぜ	entrance of the church.
1:1	014EE0	015319	？	Go through it and turn right.
~1:2	014EEF	015344	この【19】を【181】けると、【421】【139】に【93】【94】があって…	Go through this gate, and there's a storage area ahead.
~1:1	014F16	01537C	その【425】【310】が、【101】【126】なんだとよ	To the left is the church.
~1:2	014F31	015397	【417】い【58】が、【41】【413】の【426】【424】に【51】ってるそうだぜ	There are blue pillars on each side of the entrance.
1:1	014F66	0153D9	【18】【39】なら、ジューパの【256】の【23】にあるぜ	The passage is next to Juba's.
1:1	0184C6	018D06	【84】かけねえ【367】だな…	Never seen you before...
1:1	0184D9	018D1F	なんだ、ハンターかよ	Are you a hunter?
1:1	0184FB	018D3E	…そう【327】うあんたは、【60】なんだ？	What are you supposed to be?
1:1	018527	018D68	へっ！ でけえ【413】【427】くじゃねえか	Watch your mouth kid! Do you
1:1	018546	018D85	【428】【285】の【1】【2】【3】【429】に【108】かってよ	know who I am? I am Aldo,
1:1	018561	018D9F	【215】の【430】はアルドーだ、覚えときな	future citizen of the Holy District.
1:1	01858D	018DD1	【83】【315】いならお【431】りだぜ	I don't need your help, boy.
1:1	0185A2	018DEE	<!DA>えときな	I don't plan on sharing my
1:1	0185AC	018E09	てめえと【432】【370】を【219】ける【96】はねえ	pay with you.
~1:2	0185D6	018E24	【1】【2】【3】【429】になるには、【38】【360】みがいるのさ	If you want to become a citizen of the Holy District, you need to
~1:2	0185FB	018E66	てめえに【327】っても、わかんねえだろうがな	pay your dues. Well, you wouldn't understand.
~1:1	01862F	018EA1	この【111】物は、みんな【1】【2】【3】の物さ	These crops all belong to the
~1:1	01864E	018EBF	【215】【242】は、わざわざ【370】で【161】わなきゃならねえ	Holy District and we have to
~1:2	018675	018EDC	【1】【2】【3】に【433】われて、はした【370】【434】いでも…	buy them with money. You work for the Holy District but... you
~1:1	01869A	018F1B	また、【245】【40】に【435】い【133】げられちまうのさ	end up giving it all back to them.
~1:1	0186BD	018F3E	(【436】い【311】だ…ここの【143】【144】だろうか？)	(A young man... does he live here?)
~1:1	0186E0	018F62	(あいつは…アルドーという【430】だったな)	(His name is Aldo.)
1:1	018714	018F83	さっさとこの【0】から【13】て【20】きな…	You'd better leave this town, if
1:1	018733	018FA4	【215】みたいになりたくなけりゃあな	you don't want to become like me.
1:1	01875F	018FD3	【1】【2】【3】の【103】がいると、【192】がまずくなるぜ	Drinking ain't as good when those
1:1	018784	018FF5	)	Holy District bastards are around.
1:1	018786	019018	てめえもそう【325】うだろ？	What are you looking at?
1:1	01879D	019031	(【436】い【311】だ…かなり【437】ってるな)	(He stinks of alcohol.)
1:1	0187BC	019049	(あいつは…アルドーという【430】だったな)	(His name is Aldo.)
1:1	0187F0	01906A	うるせえな、あっちに【20】けよ	Get lost, punk.
~1:2	018818	019087	…てめえ、ケンカ売ってんのか？	You're starting to tick me off and that's the last thing you want.
1:1	018844	0190D7	【156】いたか、【438】い【78】の【155】！	Did you hear about the black ship?
1:1	018868	019107	ウルの【439】に【440】んでったってんだろ	Yeah, it flew towards Uru, right?
1:1	018887	019129	【215】【242】にゃ【172】【441】ねえよ	Well, whatever those guys wanna
1:1	01889A	019149	【103】らは【442】【80】が【416】【147】てなんだからな	do is O.K. with me.
~1:2	0188C6	01916A	【251】【202】、ガラクタ【342】めの【368】【218】がねえな	There hasn't been much work collecting the ancient relics.
~1:1	0188F4	0191B2	バエットも【443】れちまったんじゃねえか？	I guess Paet got tired of us.
~1:2	018919	0191D0	【215】【242】が、ろくな物【160】ってこねえからさ	Do you think it's because we never found anything good?
~1:1	018949	019215	なら、どうすりゃいいんだよ？	Well, what are we gonna do?
~1:2	018966	019231	【444】くの【442】【80】まで【445】をのぱせってのか	Travel halfway across the realm, risking our lives for some old junk?
~1:1	018987	019277	【446】【447】じゃねえや	No fool would take that job for
~1:1	018996	019297	【110】【370】【416】【147】てに体を【374】るパカはいねえよ	a handful of dynes.
1:1	0189C6	0192B8	バエットとペゼルだけどよ	It's about Paet and Bezer.
1:1	0189DF	0192D3	あいつら、あそこで【60】やってるんだ？	What are they doing here?
~1:2	018A0F	0192FA	【74】【75】【76】の【77】【440】ぷ【78】を【79】してるって【155】だぜ	I hear he's fixing a flying ship from the Ancient Age.
~1:1	018A34	019331	)	Apparently, Bezer wants to 
~1:1	018A36	01934D	ペゼルの【103】、その【78】で【0】を【13】るんだとよ	leave this town.
1:1	018A68	01936B	へえ…	Why would he want to leave?
1:1	018A6F	019387	なんで、わざわざ【17】に【13】たがるんだ？	Doesn't he want to become
1:1	018A92	0193A1	【383】【237】になりたくねえのかな？	a Priest like his grandfather?
~1:1	018ABA	0193CD	【17】の【75】【323】を【84】てみたいんだとよ	He said he wants to see the outside
~1:2	018AD7	0193F1	【1】【2】【3】のお【448】ちゃんの【327】いそうなこった	world. Sounds like something a kid from the Holy District would say.
~1:1	018AFC	019436	とっとと【13】てって、【244】んじまえってんだ	He can leave and get swallowed by
~1:1	018B21	019458	)	monsters for all I care.
~1:1	018B30	01947E	アプネルの【372】【373】に、【370】【371】したんだって？	You lent money to Abner? 
~1:2	018B55	019498	【96】の【449】にな…その【370】、【450】【451】【163】ってこねえよ	I hate to be the one to tell you... you'll never see that money again.
~1:1	018B7C	0194DF	(【436】い【311】が【187】ころんでいる…)	(A young man... does he live here?)
~1:1	018B99	019503	(あいつは…アルドーという【430】だったな)	(His name is Aldo.)
1:1	018BCD	019524	うわっ！	Don't shoot!
1:1	018BD6	019531	…な、なんだ、帝国【354】じゃねえのか…	You aren't an Imperial trooper?
1:1	018BF9	019551	おどかすんじゃねえよ	You scared the $#!+ outta me!
1:1	018C0E	01956F	(【436】い【311】が、【452】を【246】して【252】っている…)	(A young man is sitting quietly...)
1:1	018C33	019593	(あいつは…アルドーという【430】だったな)	(His name is Aldo.)
~1:1	018C67	0195B4	うわっ！	Don't shoot!
~1:1	018C70	0195C1	…な、なんだ、帝国【354】じゃねえのか…	You aren't an Imperial trooper?
~1:1	018C93	0195E1	おどかすんじゃねえよ	You scared the $#!+ outta me!
~1:1	018CA8	0195FF	(【436】い【311】が、【452】を【246】して【252】っている…)	(A young man hiding in the corner.)
~1:2	018CCD	019623	(あいつは…アルドーという【430】だったな)	(His name is Aldo.) (Looks like he's interested in the gun
~1:1	018CF4	01965E	(【453】【454】で【160】った銃に【416】をとめたようだ)	I found at the valley.)
1:1	018D26	019683	あれ？ その銃…	Hey!? That gun...
1:1	018D37	019695	ラドガムのじゃねえか！	belongs to Radgam!
1:1	018D5B	0196B5	【453】【454】で【84】つけたんだ…	I found it in the valley...
1:1	018D70	0196D1	でも、【167】ち【257】は【244】んでた	next to Radgam's body.
1:1	018D94	0196F5	そうか…やっばり【20】っちまったか	I see... he's gone...
~1:1	018DC0	019718	【25】を【327】うとな…	To tell you the truth, I was
~2:1	018DCF	019735	【215】も、おまえと【302】【227】だったんだぜ <0E>だ)	once a hunter like you.
1:1	018E01	01975A	あんたも、ハンターだったのか	You were a hunter?
1:1	018E2B	01977A	ああ、ラドガムの【455】さんと【193】んでたんだ	Yeah, I was on Radgam's crew.
1:1	018E50	019798	)	We went to the valley and were
1:1	018E52	0197B7	でも…あれは、【453】【454】に【20】った【158】だったな	ambushed by a horde of monsters.
1:1	018E77	0197D8	攻性生物の【456】れと【13】くわしちまって	Everyone was ripped to pieces.
1:1	018E98	0197F7	【254】の【241】【128】は、みんな【244】んじまった	I escaped to this town...
1:1	018EB7	019811	【215】【242】だけが、この【0】に【457】げ【61】んだんだが…	Since then, I've never been able
1:1	018EDE	019832	それ【274】【285】、【215】は銃を【167】てなくなっちまった	to touch another weapon.
1:1	018F12	019858	なぜだ？	Why is that?
1:1	018F28	019872	【458】くなっちまったんだよ、【170】うのが…	When I close my eyes, I can still
1:1	018F4B	019894	どうしても【459】れられねえんだ…	see the monsters. I can still hear
1:1	018F68	0198B7	【416】の【49】で【86】われていく、【241】【128】の【460】がよ！	their screams. All my friends... dead.
1:1	018F8D	0198DE	………	.....
1:1	018FA1	0198F1	てめえに【327】ってもムダか…	I did the right thing by
1:1	018FBA	01990A	【290】【171】のハンター【461】にゃ、わかんねえよな	giving up, right?
1:1	018FEC	019929	ごめん	I'm very sorry.
1:1	019000	019946	【305】に、【329】るこたねえよ	I'll be O.K.
1:1	019015	019953	それに…いずれ、わかるかもしれねえしな	Maybe you'll end up in Zoah, too.
1:1	019049	019982	どういう【462】【265】だ？	What do you mean?
~1:1	019067	0199A1	この【0】じゃ、【170】う【317】【164】がないんだぜ	In this town you don't need to
~2:1	019088	0199C0	<0F>しな しぱらく、ここで【463】らしてみな	fight. You can just stay here and
~1:1	0190AB	0199E2	【379】だって【464】【181】けになっちまうさ	earn a living. It's safer that way.
1:1	0190D5	019A13	わかるさ	I see why you quit... but...
1:1	0190EB	019A3D	…なんだと？	But what?
1:1	0190F8	019A47	【60】がわかるってんだ、このガキ！	What do you know, kid?
1:1	019124	019A6B	【359】だって、【241】【128】を【246】された…	My friends were killed too...
1:1	01913F	019A89	それからも、【60】【465】も【244】ぬような【416】にあった	Many times I faced death and
1:1	019166	019AA6	それでも、【359】は…	I'm still fighting.
1:1	019177	019ABA	あんたみたいに【170】いをやめたりはしない！	You should keep fighting too!
~1:1	0191AB	019AE5	うるせえ！ 【215】の【380】ったことか！	If you want to fight, go ahead!
~1:2	0191CA	019B05	…【170】いたけりゃ、【393】【83】に【170】って【244】にやがれ	You're just gonna die a horrible death anyway.
1:1	0191FE	019B41	…また【285】たのかよ…	...You again?
~1:2	01921E	019B5C	ごめん…この【49】は【327】いすぎたよ	I'm sorry about the other day... Maybe I was too hard on you.
1:1	019248	019BA7	もういいよ、どうでも…	It's all right.
1:1	01925F	019BB7	それより、【0】を【13】なくていいのか？	You should leave this town.
1:1	01928D	019BE0	え？	Why?
~1:1	01929F	019BF2	【216】【410】してると、【215】みたいになっちまうぜ	If you stay here too long,
~1:1	0192C4	019C0D	れ	you'll end up like me.
~1:1	0192C6	019C24	ここは、【170】いのない【0】だ…	There isn't any fighting here.
~1:1	0192DF	019C43	【41】るのは【396】でも、【13】るのはつらいぜ	It's easy to stay, but it's 
~2:1	019300	019C60	<0E>ぜ れ	hard to leave.
~1:1	019313	019C7C	てめえ、シーカーと【241】がいいんだってな	I hear you've got seekers as friends.
~1:1	019338	019CA2	【443】れた【372】【373】だぜ…	I can't believe you're involved
~1:2	019349	019CC2	ハンターの【466】りってもんがねえのか？	with them, Don't you have any pride?
1:1	019379	019CF4	あんたは…？	Who are you?
~1:1	019393	019D0E	変な【416】で【84】るんじゃねえよ	What's your problem?
~2:1	0193AC	019D23	ここは【215】んちだぜ <!BA>ねえよ	This is my home.
~1:1	0193C5	019D34	てめえこそ、【393】【83】に【41】ってきやがって	Who do you think you are,
~1:1	0193E8	019D4E	どういうつもりだよ	barging in like that!
~1:2	019408	019D71	ごめん、【129】の【461】【321】が変だったから…	I thought something was wrong and...
~1:1	019436	019DA3	…【305】に、【60】でもねえよ	Forget it... it's no big deal...
~1:1	01944B	019DC4	【215】は、アルドーってもんだ	I'm Aldo and I work
~2:1	019464	019DD8	<1B>から… この【4】【5】【3】で【387】いてる	here in the Liberal District.
1:1	01948E	019E03	そうか…でも、なんで【168】れてるんだ？	I see... But why are you hiding?
1:1	0194BE	019E31	ひとの【393】【83】だろ…	Call me a coward if you want.
1:1	0194CF	019E4F	どうせ、【215】は【464】【181】けだよ！	It's none of your business.
1:1	0194F5	019E78	この【4】【5】【3】も、【266】い【44】じゃないぜ	This Liberal District ain't too bad
1:1	019514	019E9C	<!A6>？	a place. At least it's better than
1:1	019518	019EBF	【194】なくとも、【17】よりはずっとマシさ	the outside.
1:1	019546	019ED9	【251】【202】は【368】【218】が【194】なくて【467】るぜ	I haven't gotten any work lately.
1:1	019561	019EFB	マシさ	Those Holy District guys are
1:1	019567	019F18	【1】【2】【3】の【245】【40】、ケチくせえからなあ	hoarding all of the dynes.
1:1	019595	019F40	体を【374】って【86】いぷちを【434】ぐなんて…	Risking your life to make a living...
1:1	0195B6	019F66	てめえらハンターの【96】が【380】れねえよ	I don't understand you hunters.
1:1	0195E4	019F93	こんな【158】に、よく【13】【468】けるもんだ	How can you be so relaxed
1:1	019603	019FAD	よ	at a time like this?
1:1	019605	019FC2	よっぼど【303】が【469】しくねえらしいな	You don't fear anything, do you?
~1:1	019631	019FF0	【215】は、この【0】を【470】てる【96】はねえよ	I have no intention of leaving
~1:2	019650	01A00F	帝国【354】が【20】っちまうまで【15】つだけさ	town. I'll wait until the  Imperial troops leave.
1:1	01967E	01A04E	てめえら、【420】えが【471】いぜ	You underestimate the Empire.
1:1	019695	01A06C	<0F>つだけさ	They aren't going to abandon their
1:1	01969F	01A08F	帝国がそう【175】【178】に【200】きさがるもんか	position without a fight.
~1:1	0196CD	01A0B6	【215】は、【147】【219】ここから【13】ねえよ	I'm not leaving until I
~1:1	0196E8	01A0CE	【99】【147】に【281】【361】になるまではな	know it's safe again.
~1:2	01A866	01B806	帝国【354】の【472】【291】は、【143】【429】の【281】【361】に【172】わる	The presence of the Imperial force is a threat our people!
~1:2	01A889	01B841	【174】【473】も【474】く、なんとかしてもらわんとな	They must be stopped at all costs!
~1:2	01A8BB	01B871	この【0】の「【442】【475】」は、【476】【477】に【28】【29】なものだ	This town has a rich heritage which is very valuable, and
~1:1	01A8E3	01B8AB	きっと【344】の【171】にも【51】つだろう	you'll find it will serve you well.
~1:2	01A8FE	01B8CF	(【296】はこの【311】の【327】うことを【156】くしかない)	(Right now, I have no choice but to listen to this man.)
~1:2	01A925	01B908	(それに、帝国【354】も【5】っておけないし…)	(I can't trust the Imperial forces either.)
~1:1	01A959	01B941	ああ、【344】か…	Oh, it's you...
~1:2	01A966	01B951	【296】は、【384】【478】【383】【237】を【479】【480】する【481】【358】な【158】【478】でな	Could you step outside? It's time for us to decide who
~1:1	01A98D	01B988	【482】しわけないが、【483】を【17】してもらえんかな	will be the next High Priest.
1:1	01A9C1	01B9B3	【296】【276】のところは、これで【200】き【107】ってくれ	Take this and leave.
1:1	01A9E6	01B9C8	500【6】	500Dn
1:1	01A9FC	01B9DB	さあ、もういいだろう…あとは【137】【276】だ	You have enough, don't you?
1:1	01AA1F	01B9F7	れ	Come back tomorrow.
1:1	01AA2E	01BA18	さあ、もういいだろう…あとは【137】【276】だ	You have enough, don't you?
1:1	01AA51	01BA34	れ	Come back tomorrow.
1:1	01AA53	01BA48	(ずいぷん【393】ち【466】った【328】じだ…)	(He looks as if he's already won.)
1:1	01AA72	01BA6B	(これ【274】【133】【155】をする【96】はないらしい)	(He looks as if he's already won.)
1:1	01AAA2	01BA9B	ああ、よく【285】てくれた	Ah, welcome.
1:1	01AAB7	01BAA8	わかっておる、【484】のものだな	Yes, I know.
1:1	01AAD2	01BAB5	【485】【159】に【100】された「【442】【475】」、すなわち…	The legendary kindling of the
1:1	01AAF5	01BAD3	「【280】り【177】」の【177】【220】は、【101】【126】の【2】【486】にある	Guardian Fire is inside
1:1	01AB1A	01BAEB	これが、その【2】【486】の【487】だ	the sanctuary.
1:1	01AB31	01BAFA	ワの【2】【486】にある	Here is the key to the sanctuary.
1:1	01AB4C	01BB29	これは【344】にさしあげよう	I shall give this to you.
1:1	01AB63	01BB43	もう、この【0】には【317】【164】ないものだからな	We have no need for it anymore.
~1:1	01AB95	01BB70	ところで、【146】【447】があるんだが…	Now, I have an offer for you.
~1:2	01ABB2	01BB8E	この【0】を【488】る【368】【218】につく【96】はないかね？	How would you like to be the guardian of this town?
~1:2	01ABD7	01BBC2	【489】ぱれた【429】として、生【490】が【491】【376】されるのだ	You will be recognized as one of the chosen champions.
~1:1	01ABFF	01BBF9	【266】い【155】ではなかろう	Do you want this honored position?
~1:1	01AC1F	01BC29	それはできない	No, I can't give that
~2:1	01AC2E	01BC3F	【359】には、まだやることがあるんだ れるのだ	kind of commitment right now.
~1:1	01AC63	01BC6A	ま、まあ、ちょっと【15】ちたまえ	Well, wait just one second!
~1:2	01AC80	01BC86	【344】には【344】の【492】【355】があるかもしれんが…	You may have your business, but... protecting this town is also
~1:2	01ACA3	01BCC6	ここを【488】るのも、【56】【493】な【185】【303】だと【325】うよ	an important duty, isn't it? After all, the Messenger of
~1:2	01ACC8	01BCFF	【1】の【185】いは、【1】の【0】を【488】るぺきだろう？	the Gods must protect this town, don't you think?
~1:2	01ACFA	01BD3E	【172】【441】ないよ…【359】はただの【144】【128】だ	Your town isn't my responsibility. I'm just passing through.
1:1	01AD2C	01BD88	そう【327】わずに、【420】え【79】してもらえんかね	But please reconsider, won't you?
1:1	01AD5E	01BDB7	やっばりだめだよ…【266】いけど	I'm sorry, but... no.
~1:1	01AD90	01BDDA	そうか…	I see...
~1:2	01AD99	01BDE3	ならぱ、それなりの【451】【494】を【420】えねぱな	Then I must resort to more drastic means.
1:1	01ADC9	01BE1A	どういう【462】【265】だ？	What do you mean by that?
~1:2	01ADE7	01BE41	帝国が【495】【465】と【285】ないという【491】【376】はない	There is no guarantee that the Empire won't attack again.
~1:2	01AE0A	01BE7B	それでも、【344】がこの【0】を【84】【470】てるのなら	If you still choose to desert this town, and as the ruler of 
~1:2	01AE2F	01BEB9	【313】【314】【282】として帝国と【340】【341】することになるな	this town I would be forced to  make a deal with the Empire. To
~1:1	01AE56	01BEF9	そう、【484】えぱ…	ensure the safety of my people, I
~1:2	01AE65	01BF1B	【0】の【281】【361】と【200】き【95】えにドラゴンの【496】【497】を…	may have to sell information about your dragon.
1:1	01AE99	01BF58	なんだって！	What!? You wouldn't!?
~1:2	01AEB3	01BF7B	いやいや、あくまで【484】えぱの【155】だよ	Calm down... It's only one of the options available to us.
~1:2	01AED4	01BFB6	まあ、【296】すぐ【163】【218】をくれとは【327】わん	You don't have to answer me right now. Take your time
~1:1	01AEF5	01BFEC	ゆっくり【420】えてくれ	and consider the consequences.
1:1	01AF15	01C018	【319】の【498】【499】を【500】ける【96】になったかね？	Have you reconsidered my offer?
~1:1	01AF43	01C045	【501】【219】の【51】【411】がまだ【131】【502】できんらしいな…	You don't understand the position
~1:2	01AF68	01C067	もっとよく【420】えて【285】たまえ	that you're in, do you? Please reconsider.
~1:1	01AF81	01C092	(【296】では、この【311】がゾアの【198】【503】【282】か…)	(He's now the ruler of Zoah...)
~1:2	01AFB3	01C0BF	わかった…でも、【504】ってもらう【317】【164】はない	All right... But I don't want you to become dependent on me.
~1:2	01AFDA	01C0FC	ずっと【0】にいるわけにはいかないからね	I don't plan to stay in this town forever.
~1:1	01B00C	01C134	まあよかろう、ただし…	Very well, but...
~1:2	01B023	01C146	【505】【218】の【506】は、【319】の【303】【507】に【508】ってもらうぞ	If there is an emergency, I must ask you to follow my orders.
~1:1	01B048	01C184	<0D>	Of course, I shall reward you
~1:1	01B04A	01C1A2	もちろん、【387】きに【494】じて【146】【494】の【326】はする	based on your work.
~1:2	01B06F	01C1B6	よろしく【386】むよ、エッジ【344】	I hope we can help each other, Edge.
~1:1	01B095	01C1E8	【319】は【270】【159】【509】しいのだ	I am a very busy man.
~1:1	01B0A8	01C1FE	ッジ【344】	I have no time for church.
~1:1	01B0AE	01C219	【101】【126】に【20】っているひまなどない	Even if the Guardian Fire dies
~1:1	01B0CB	01C238	それに、たとえ「【280】り【177】」が【12】えても	out, the town will be safe. As
~1:2	01B0EE	01C257	【344】とドラゴンがいれぱ、【0】は【281】【510】だよ	long as you and your dragon are here to protect us.
~1:1	01B11E	01C298	【344】は【452】【321】と【241】がいいんだったな	I hear you're getting along well
~1:2	01B13B	01C2B9	どうだ、バエットの【103】を【316】【511】してくれんか	with my son Paet. Can you do me a favor and convince him
~1:1	01B162	01C2F2	いつまでもガラクタぱかりいじっとらんで	to stop playing with that old junk
~1:1	01B18A	01C315	【194】しは【512】【285】のことを【420】えろ、とな	and start thinking about his future?
~1:1	01C0B6	01D7CA	なんだ、おまえは！	Who are you?
~1:2	01C0C9	01D7D7	【379】の【513】しを【511】て、ここに【41】ってきた！	You can't get in here without proper authorization!
~1:2	01C0F9	01D818	【18】【20】【376】なら【167】ってるよ	If you're talking about a pass, I have one.
~1:1	01C11B	01D851	なんだと？ 【174】体【379】が…	What? Who gave you that...
~1:1	01C132	01D86C	ふん、まあいい…おおよそ【514】しはつく	It doesn't matter. I think I know.
~1:1	01C155	01D88F	おまえを【515】んだ【282】に【315】えておけ	Tell the man who summoned you
~1:1	01C172	01D8AD	【17】との【340】【68】は【306】【516】しか生まん	that trade with outside only
~1:2	01C18D	01D8CA	ポアズが、そう【327】ってたとな！	brings trouble. Tell him Boaz said so!
~1:1	01C1B7	01D8FE	ローダには【202】づかんでもらおう	Stay away from Rhoda.
~1:2	01C1D4	01D914	【17】の【321】【322】と【174】【268】にされては【467】る	She's not like children from the outside.
~1:2	01C1F1	01D93E	あれは、【405】【406】【126】に【517】められた【321】なのだ	She was approved by the Council.
1:1	01C222	01D96C	どういうことだ？	What do you mean?
~1:2	01C240	01D98B	ここでは、【517】められた【321】【322】しか【53】てられん	We only raise children who have been approved by the Council.
~1:1	01C267	01D9C9	【518】られた【519】みで【303】をつなぐための【520】だ	It's our code. We must live
~1:1	01C28A	01D9E5	れん	with limited blessings.
1:1	01C29B	01DA0A	【144】が【521】えないようにしてるのか…	You're controlling the population?
1:1	01C2C7	01DA3A	そうだ	Yes.
1:1	01C2CE	01DA3F	<0F>ないようにしてるのか…	That's how we've survived for
1:1	01C2E6	01DA5D	そうやって、【485】【159】はこの生【490】を【488】ってきた	so long. We are unlike
1:1	01C30D	01DA74	無【522】【523】なよそ【282】とは【255】うのだ	those ruthless, lawless outsiders.
1:1	01C328	01DA97	を【488】ってきた	(He's a citizen
1:1	01C334	01DAA7	(あの【311】はここの【143】【144】らしい)	of this area.)
1:1	01C351	01DAB6	(あの【311】はポアズという【430】だったな…)	(His name is Boaz.)
~1:1	01C383	01DAD7	帝国【354】が【457】げたという【380】らせがあったが…	So, the Empire has fled. It's no
~1:1	01C3AA	01DAF8	【305】に【524】くにはあたらない	surprise for those who have faith.
~1:2	01C3C1	01DB1B	【1】の【488】【280】が、それだけ【385】【56】だということだ	It shows that they are no match for the power of the Gods.
~1:2	01C3F6	01DB63	【17】との【107】り【200】きが【421】【9】に【517】められたそうだ	It seems that trade with the outside has been approved.
~1:1	01C41E	01DB9B	パイマンの…【366】しい【383】【237】の【498】【499】だ	It was proposed by
~1:1	01C43D	01DBAE	<1B>そうだ	Vaiman, the new High Priest.
~1:1	01C446	01DBCB	まさか、【383】【237】【501】ら【520】を【525】げるとはな…	I never thought that a High Priest
~1:1	01C469	01DBEE	(あの【311】はここの【143】【144】らしい)	would bend the rules.
~1:3	01C486	01DC04	(あの【311】はポアズという【430】だったな…)	(He's a citizen of this area.) (His name is Boaz.)
1:1	01C4B8	01DC44	よそ【282】に【156】かせるような【155】ではない	This doesn't concern outsiders.
1:1	01C4E6	01DC71	あっちに【20】ってろ！	...Go away!
~1:1	01C506	01DC8A	キトール…	So, Quitor...
~1:2	01C511	01DC98	【251】【202】、よそ【282】とやけに【381】しいようだな	I've heard that you have befriended an outsider.
1:1	01C541	01DCD6	いえ、そのような【218】は…	No, not really...
~1:2	01C565	01DCF5	【88】の【519】みは、【485】【159】【1】【2】【3】【429】だけのものだ	The blessing of the forest is only for citizens of the Holy District.
~1:1	01C58A	01DD3B	<!A6>	Giving it to the outsiders will
~1:1	01C58D	01DD5B	よそ【282】に【68】せぱ、【103】らは【518】りなく【521】【216】する	make more of them come here.
~1:1	01C5B4	01DD78	そして、いつかまた【526】いになるのだぞ	If that happens, there will be
~1:1	01C5D7	01DD97	<18>る	another war.
1:1	01C5E8	01DDB1	【17】【323】との【340】【527】は、【317】【164】【266】だと【325】いますが	I believe that trade with the
1:1	01C60D	01DDCF	る	outside world is a necessary evil.
~1:1	01C61C	01DDFF	パイマンも【302】じ【218】を【327】っていたな…	Vaiman said the same thing...
~1:1	01C63D	01DE1D	あれは、この【0】を【408】ぽしかねん【311】だ	His greed will eventually
~2:1	01C65E	01DE37	<18>が る	destroy us all.
~1:2	01C671	01DE54	おや、そんな【218】を【327】ってもよろしいので？	You shouldn't speak about the High Priest like that!
1:1	01C6A5	01DE96	【88】の【519】みをやたらにつみ【107】れぱ	If our people thoughtlessly pick
1:1	01C6C2	01DEB7	<17>いので？	all of the blessings of the
1:1	01C6CC	01DED3	【485】【159】の【501】【432】もおぽつかなくなるのだぞ	forest, there won't be enough
1:1	01C6EF	01DEF1	<!A9>？	supplies for us in the future.
~1:1	01C700	01DF1D	だからこそ、【286】くの【282】が【88】の【528】に【20】って	So our people went into the
~1:2	01C725	01DF39	【366】たな【25】りを【529】しているのでしょう？	forest to find new crops. If they bring back provisions,
~1:1	01C748	01DF72	【318】らが【86】【119】を【167】ち【530】れぱ、【531】【218】【502】【479】します	everything will be okay!
1:1	01C77C	01DF98	かんちがいするな	I don't think that will happen.
1:1	01C78D	01DFB8	【318】らは【214】を【532】たすために【20】ったのではない	I think we're in deep trouble.
~1:1	01C7C1	01DFE4	【269】か、おまえはパイマンに【533】があったな	Vaiman allowed you to enter the
~1:2	01C7E6	01E004	【1】【2】【3】【41】りを【534】【535】してもらったはずだが…	Holy District. That's why you're agreeing with him.
1:1	01C81A	01E045	…それとこれとは、【172】【441】のないことです	That has nothing to do with it!
~1:2	01C84C	01E072	【319】は、よそ【282】と【107】り【200】きする【96】はない	I have no intention of trading with outsiders.
~1:2	01C86F	01E0A1	【88】の【519】みは、【485】【159】に【320】えられたものだ	Blessings from the forest are for our people alone.
~1:1	01C892	01E0D5	<18>	Sharing it with outsiders is
~1:1	01C894	01E0F2	【17】に【219】け【320】えるなど、【1】の【462】【325】に【536】する	against the will of the Gods.
~1:2	01C8C6	01E11D	この【93】【94】の【333】えも、【537】【159】に【196】り【538】めている	Provisions from the forest are blessings from the Gods.
~1:1	01C8ED	01E155	【286】くの【302】【539】が、【88】の【528】に【529】【540】に【13】たが…	Many have gone into the
~1:2	01C912	01E16D	【366】たな【519】みが【84】つかる【491】【376】はないのだ	forest to search for more. It seems unlikely that any new
~1:1	01C935	01E1A7	…	blessings will be found.
~1:1	01C938	01E9A3	<18><09>	<09>\n<07>-<1C>.<09>
~1:1	01C93B	01E9AB	<03><05><09>	{541}<1B>
~1:1	01C93F	01E9AF	<09>\n<07><09>」<01><07>	<09>\n<07>--.<09><01>9<1D><1B>
~1:1	01C947	01E9BB	<09>\n<09>ソ…<15><02>	<09>\n<07>-K\n<09>
~1:1	01D027	01E9C3	<09>\n<07><13>「も<09><01>む<1D><1B>	<09>\n<09><!AF>a<1D><0F><05><1A><03><09>
~1:1	01D033	01E9CF	<09>\n<07><13>チ\n<09>	<09>\n<07>*<1C><11><09><05><1A><08><09>
~1:6	01D03B	01E9DB	<09>\n<09>ヤ<!CD><1D><10><05><1A><1A><01>イス「ォスゆゆよもョ。ォ	<01><05><09> <09>\n<07>*<1C><07><01> <09>\n<09><!99><1E>\n<07>-\<1B><09> <09>\n<07>-i.<09> <09>\n<07>-<!89>.<09><01>,<1D><1B> <09>\n<07>-<!A5>\n<09>
~1:3	01D053	01EA13	ここは、ハンターなどの【285】る【44】ではないぞ	<09>\n<09><!AF>a<1D><10><05><1A><1A><01>T_DM_001.PCM Hey boy... This is no place for hunters.
1:1	01D088	01EA61	あんたは…？	Who... are you?
1:1	01D0A2	01EA7E	この【0】の【383】【237】を【542】めるダモンだ	I'm Damon, the High Priest.
1:1	01D0BF	01EA9A	<!A9>はないぞ	Looks like Vaiman has granted
1:1	01D0CA	01EAB8	パイマンが【18】【20】【376】を【13】したようだな	you a pass.
1:1	01D0EB	01EAC4	だが、【319】はよそ【282】は【543】かん	I don't like outsiders.
1:1	01D104	01EADC	【87】がすんだら、【474】【159】に【51】ち【544】ることだ	Leave, as soon as your business
1:1	01D127	01EAFC	<0D>ぞ	is finished.
~1:2	01D139	01EB16	【1】に【84】【470】てられて、なお【240】りに【285】たのか？	We've been abandoned by the gods, and you still come to pray?
1:1	01D16D	01EB61	ドラゴンの【197】【545】を【546】【327】するとは…	What is Vaiman doing?
1:1	01D18C	01EB77	パイマンの【103】め、【60】を【420】えておるのだ	Announcing the coming of the dragon.
1:1	01D1AF	01EB9C	<11>？	(Looks like he's one of the leaders
1:1	01D1B3	01EBC0	(この【0】の【25】力【282】のようだが…)	of this town.)
1:1	01D1D2	01EBCF	(【383】【237】のダモンだ…)	(It's Damon, the high priest.)
1:1	01D1E7	01EBEE	(【240】りに【342】【40】している…)	(He's praying.)
1:1	01D200	01EBFE	(こちらには【96】づく【461】【321】もないな)	(I don't think he'll notice me.)
~1:2	01D22E	01EC2C	変わらぬ【488】【280】と【519】みに、【328】【329】を【547】げます…	I thank you for your eternal protection and blessing.
1:1	01D262	01EC6F	どうか、【548】【101】【549】から【485】らをお【488】り【38】さい…	Please deliver us from evil.
~1:1	01D296	01EC99	パカ【282】めが…	You fool!
~1:2	01D2A3	01ECA3	ドラゴンの力を【550】【551】な【552】【553】に【185】いおって！	You dare use the power of the dragon for such treachery!
~1:2	01D2D7	01ECE9	【28】【461】も、【1】の【554】りを【500】けるがよいわ！	You shall feel the wrath of the Gods!
~1:1	01D307	01ED1C	…すまん…	...I am sorry...
~1:2	01D312	01ED2D	【485】【159】は、また【302】じ【555】ちを【556】してしまう…	I don't want to make the same mistake again...
~1:1	01D344	01ED69	【243】【557】は、【361】てを【91】【558】させてしまう	In time memories fade. Memories
~1:2	01D363	01ED89	おまえ【242】の【218】も、あの【218】【559】の【345】【560】も…	of you, as well as memories of the invaders...
~1:1	01DFC2	01FC62	エドナさん…あそこに、よそ【282】が…	Look there, Edna... an outsider...
1:1	01DFF0	01FC92	あらいやだ、ほんとだよ	What... where!?
1:1	01E007	01FCA2	【19】【42】は【60】してるのかねえ	Lazy good-for-nothing gatekeepers!
1:1	01E02B	01FCD2	【184】からドラゴンがやって【285】るって	Vaiman said that a dragon will
1:1	01E04A	01FCF1	パイマンさんがおっしゃってましたよ	come from the heavens.
~1:1	01E07A	01FD15	へえ、【383】【237】【461】と【374】り【355】おうってのかね	Is he challenging the High
~1:2	01E09D	01FD30	あたしゃ、どうもあの【144】は【312】【87】できないよ	Priest, Damon? I really don't trust him.
1:1	01E0D1	01FD66	そうですか…	Oh, really?
~1:1	01E0EB	01FD7F	帝国【354】のこと、心【503】してるのかい？	Are you worried about the
~1:2	01E10C	01FD99	【56】【226】【232】だよ、【1】【461】が【488】ってくださるからさ	Imperial troops? Don't worry, the Gods will protect us.
1:1	01E140	01FDDE	あんたのご【257】【144】だけどさ	I've heard that your man is often
1:1	01E157	01FE00	【251】【202】、【4】【5】【3】によく【20】くらしいね	seen in the Liberal District.
~1:2	01E183	01FE2B	ええ…【88】の【519】みをよそ【282】に売るとかで…	Yes... to sell blessings from the forest to outsiders.
~1:2	01E1B5	01FE6F	それで、【93】【94】に【561】める【219】が【196】ってるんだね	Is that why the deliveries from the forest are decreasing?
~1:2	01E1DC	01FEAA	【465】がすぎると、【383】【237】【461】ににらまれるよ	I'm sure the High Priest wouldn't approve, if he ever found out.
~1:2	01E1FF	01FEEB	(【60】か【155】してるけど…よく【156】こえないな)	(They're talking about something... but I can't hear.)
1:1	01E233	01FF2F	あんたのご【257】【144】だけどさ	I've heard that your man is often
1:1	01E24A	01FF51	【251】【202】、【4】【5】【3】によく【20】くらしいね	seen in the Liberal District.
~1:2	01E276	01FF7C	ええ…【88】の【519】みをよそ【282】に売るとかで…	Yes... to sell blessings from the forest to outsiders.
~1:2	01E2A8	01FFC0	それで、【93】【94】に【561】める【219】が【196】ってるんだね	Is that why the deliveries from the forest are decreasing?
~1:2	01E2CF	01FFFB	【465】が【555】ぎると、【383】【237】【461】ににらまれるよ	I'm sure the High Priest wouldn't approve, if he ever found out.
~1:1	01E2FF	020049	【383】【237】【461】のお【562】さんね	I've heard that the grandson of
~1:1	01E312	020069	ずっと【129】に【563】ってないらしいよ	the High Priest hasn't come home.
~1:2	01E32F	02008B	なんでも、【4】【5】【3】の【439】に【20】ってるとか…	It appears that he has gone to  the Liberal District.
1:1	01E361	0200CE	まあ、そうなんですか	Oh, is that so?
~1:1	01E383	0200EB	【436】い【144】の【96】【167】ちはわからないねえ…	I don't understand young people...
~1:1	01E3A4	02010E	わざわざ【17】に【20】きたがるなんてさ	Why would they want to go outside?
~1:2	01E3C3	020131	(【60】か【155】してるけど…よく【156】こえないな)	(They're talking about something... but I can't hear.)
~1:2	01E3F7	020175	あんた【242】が【1】【2】【3】に【285】る【49】の【155】だけど…	It was before you moved into the Holy District...
~1:2	01E41C	0201A7	ここに【68】れ着いた【205】【144】【242】と【526】いが【369】きてね	There was a fight with some outsiders.
~1:2	01E443	0201CE	【49】の【383】【237】【461】の【452】【321】さん【232】【564】は、その【158】…	That's when the son of the High Priest, and his wife...
1:1	01E475	020213	【565】くなったんですか…	Passed away?
~1:1	01E497	02022D	ああ…お【562】さんを【100】してね	Yes, they were both killed.
~1:2	01E4B0	020249	だから、【383】【237】【461】はよそ【282】に【566】しいんだよ	That's why the High Priest hates outsiders.
1:1	01E4E2	020282	あの【321】、【361】【567】じっとしてなくて…	That girl just won't keep still...
1:1	01E50E	0202B2	【568】【96】で【363】【292】じゃないか	She's just healthy.
1:1	01E523	0202C6	せっかくお【513】しを【511】た【321】なんだもの	She was one of the approved, so
1:1	01E544	0202E6	【56】【218】にしておあげ	you should take good care of her.
1:1	01E555	020308	<!FF>た【321】なんだもの	(They're talking about something...
1:1	01E565	02032C	(【60】か【155】してるけど…よく【156】こえないな)	but I can't hear.)
1:1	01E599	02034C	【379】の【513】しをもらったのか【380】らないけど	I don't know who gave you
1:1	01E5BC	020366	な)	permission, but we don't like
1:1	01E5C0	020384	よそ【282】にうろうろされると【467】るねえ	outsiders hanging out in our town.
~2:1	01E5EE	0203B4	よそ【282】とのいざこざはごめんだよ あっち【20】っとくれ	I don't want any trouble from you,
~4:1	01E620	0203D7	<18><09> <03><05><09> <09>\n<07>ひめ<01><07> <09>\n<09>ソ…<15><02>	outsider! Go away!
~1:1	022862	024DDE	なんだ、ぽうずも【191】むのか？	You wanna drink, son?
~1:1	02287D	024DF4	…いや、ぺつに【309】めやしねえよ	I won't stop ya.
~1:1	02289A	024E05	ジューパの【256】は、【379】だってお【511】【462】【461】さ	My place is open to everyone.
~1:1	0228BD	024E23	【370】さえ【409】ってくれりゃな	As long as they pay, ya know.
~1:2	0228E1	024E4E	【155】なら、【569】【570】してからにしな	Talk to me after ya order. Pay 20 Dynes
~1:1	0228FC	024E76	20【6】【409】う	Do not pay
~1:1	022907	024E81	【409】わない	(Looks like he's the owner of
~1:1	022910	024E9F	(あの【311】がここの【257】【144】らしい)	this bar.)
~1:1	02292D	024EAA	(【192】【411】の【257】【144】のジューパだ)	(It's Juba, the owner of this bar.)
~1:1	022955	024EDB	なんか【87】か、ぽうず？	Ya want somethin', son?
~1:2	02296A	024EF3	(【45】【253】【192】を【191】んだ…すごい【265】だ)	(I had the illuminating drink... Its taste is... horrible.)
~1:1	022996	024F3C	ウルの【36】【571】【144】に【315】わる【45】【253】【192】だ	It's illuminating!
~1:1	0229B3	024F4F	)	It's something you can't get
~3:1	0229B5	024F6C	よそじゃ【191】めねえ【122】物だぜ <!C0>だ )	anywhere else, ya know.
~1:1	0229D4	024F84	どうだ、うめえだろ？	How is it? Ain't it good?
1:1	0229F6	024FAB	うっ…	(I feel sick...)
1:1	022A0A	024FC9	あ、ああ…うまいよ	Yeah, it's good...
1:1	022A2A	024FE9	【99】【147】か？ なんか【401】しそうだぜ	Are ya sure? Looks to me like
1:1	022A47	025007	)	you're turnin' green.
1:1	022A56	02502A	そ、そんなことないさ	No, I'm okay...
~1:1	022A78	025047	いいって、いいって	Hey, you're all right.
~2:1	022A8B	02505E	【90】性あるじゃねえか、【96】に【41】ったぜ <16>	You got guts, I like ya.
~1:1	022AAE	025077	こいつをとっときな、ハンターさんよ	Here, keep this.
1:1	022ADE	025095	いや、ちょっと、これは…	Well, it burns...
1:1	022B04	0250B4	なんだ、やっばりガキだな	Well, you're still a boy, eh?
1:1	022B1D	0250D2	(しまった、【167】ち【355】わせがない…)	(I don't have enough dynes.)
~1:2	022B4B	0250FC	【370】がねえなら、【285】るんじゃねえよ！	Don't come here, if ya ain't  got the money!
1:1	022B79	025136	ああそうかい、だったら【530】んな！	Oh, then go home!
1:1	022BA5	025155	おい、ぽうず…	Hey, son...
1:1	022BB4	025161	【147】【219】、【192】【122】はまけといてやるぜ	I'll give ya a discount
1:1	022BD1	025179	！	for the drinks.
1:1	022BD3	025189	ヤエルに【386】まれちまってよ	Jael asked me to, ya know.
1:1	022BEC	0251A4	あいつと、なんかあったんだろ？	You must have made some
1:1	022C0B	0251BC	ガキのくせにやるじゃねえか、へへへ…	impression, you animal!
1:1	022C3D	0251E1	【155】なら、【569】【570】してからにしな	Talk to me after ya order.
1:1	022C58	0251FC	20【6】【409】う	Pay 20 Dynes
1:1	022C63	025209	【409】わない	Do not pay
1:1	022C6C	025214	10【6】【409】う	Pay 10 Dynes
1:1	022C77	025221	【409】わない	Do not pay
1:1	022C8D	025239	【155】なら、【569】【570】してからにしな	Talk to me after ya order.
1:1	022CA8	025254	20【6】【409】う	Pay 20 Dynes
1:1	022CB3	025261	【409】わない	Do not pay
1:1	022CBC	02526C	(【192】【411】の【257】【144】のジューパだ)	(It's Juba, the owner of this bar.)
~1:1	022CE4	02529D	なんか【87】か、ぽうず？	Ya want something?
~1:2	022CF9	0252B0	(【45】【253】【192】を【191】んだ…すごい【265】だ)	(I had the illuminating drink... I can't feel my legs.)
~1:2	022D25	0252F5	どうだ、【45】【253】【192】の【265】にゃ【572】れたか？	Did ya get used to the taste of my illuminating drink yet?
1:1	022D53	02533D	あ、ああ…うまいよ	Yeah, it's... good...
1:1	022D73	025360	【99】【147】か？ なんか【401】しそうだぜ	Are ya sure? Looks to me like
1:1	022D90	02537E	<11>？	you're in pain or somethin'.
1:1	022DA1	0253A8	そ、そんなことないさ	No, not really.
~1:1	022DC3	0253C5	いいって、いいって	Hey, you're all right.
~2:1	022DD6	0253DC	【90】性あるじゃねえか、【96】に【41】ったぜ へ…	You got guts, I like ya.
~1:1	022DFB	0253F5	こいつをとっときな、ハンターさんよ	Here, keep this.
1:1	022E2B	025413	いや、まだ、ちょっと…	I feel kinda dizzy.
~1:1	022E4F	025434	なんだ、まだダメか	Still no, eh?
~1:2	022E62	025442	そいつのうまさがわかれぱ、【174】【144】【49】だぜ	If ya can handle it, you're a real man.
~1:1	022E88	02546A	(しまった、【167】ち【355】わせがない…)	(I don't have enough dynes.)
~1:2	022EB6	025494	【370】がねえなら、【285】るんじゃねえよ！	Don't come here, if ya ain't  got the money!
~1:2	022ED7	0254C1	(【45】【253】【192】を【191】んだ…すごい【265】だ)	(I had the illuminating drink... My mouth is numb.)
~1:2	022F03	025502	どうだ、【45】【253】【192】の【265】にゃ【572】れたか？	Did ya get used to the taste of my illuminating drink yet?
1:1	022F31	02554A	あ、ああ…うまいよ	Yeah, it's good...
1:1	022F51	02556A	【99】【147】か？ なんか【401】しそうだぜ	Are ya sure? Looks like you're
1:1	022F6E	025589	<11>？	in pain or somethin'.
1:1	022F7F	0255AC	そ、そんなことないさ	No, no... not really.
~1:1	022FA1	0255CF	いいって、いいって	Hey, you're all right.
~2:1	022FB4	0255E6	【90】性あるじゃねえか、【96】に【41】ったぜ <!A6>ぜ	You got guts, I like ya.
~1:1	022FDA	0255FF	こいつをとっときな、ハンターさんよ	Here, keep this.
1:1	02300A	02561D	いや、まだ、ちょっと…	I feel kinda dizzy.
~1:1	02302E	02563E	なんだ、まだダメか	Still no, eh?
~1:2	023041	02564C	そいつのうまさがわかれぱ、【174】【144】【49】だぜ	If ya can handle it, you're a real man.
~1:1	023067	025674	(しまった、【167】ち【355】わせがない…)	(I don't have enough dynes.)
~1:2	023095	02569E	【370】がねえなら、【285】るんじゃねえよ！	Don't come here, if ya ain't  got the money!
1:1	0230C3	0256D8	ああそうかい、だったら【530】んな！	Oh, then go home!
1:1	0230EF	0256F7	帝国って【327】や、【156】いたか？	Talk about the Empire? Did ya hear
1:1	023108	02571A	【438】い【77】【40】【170】【573】の【155】！	about the black ship?
1:1	023128	02573D	【438】い【78】！？ この【202】くにいるのか！	A black ship? Is it nearby?
1:1	023156	025766	でけえ【297】【13】すんじゃねえよ	Not so loud, eh?
1:1	02316F	025777	【394】だ、【394】	It's only a rumor.
1:1	023178	02578A	<0D>すんじゃねえよ	They're looking for
1:1	023188	02579E	『【574】』を【529】して、うろうろしてるそうだぜ	the Tower.
1:1	0231BD	0257B6	『【574】』…？	The Tower?
~1:2	0231D5	0257CE	【88】の【108】こうにあるっていう【442】【80】よ	One of the ruins, they say, is on the
~1:3	0231F4	0257F4	【575】しいことは、バエットにでも【156】きな	other side of the forest. If ya wanna know more, ask Paet.
1:1	023224	02583C	ここに【143】んでる【144】か？	Is he around?
~1:1	023246	025857	ここじゃねえよ、【23】の【1】【2】【3】さ	He works here in the Liberal District.
~1:2	023263	02587E	【45】【46】【30】を【576】【276】いじり【132】してる変【144】よ	He roams around outside the gates. He's an odd guy, tinkering with
~1:2	023284	0258C1	こないだ、【345】【346】機【81】とかをこしらえてな	relics all the time. The other day, he created something
~1:2	0232A9	0258FA	そいつで、【574】の【577】を【578】いたんだとよ	called a recording machine. He made a picture of the Tower.
~1:1	0232CA	025936	ほれ、【84】てみな	Here, take a look.
~1:2	0232E6	025956	そいつをやるから、あとは【99】【144】に【156】きな	I'll give that to ya, and you can ask him yourself.
~1:1	02330B	02598A	【14】が【137】けたら、こっちに【13】てくるだろうぜ	He'll be here in the morning.
~1:1	023340	0259B5	でけえ【573】【579】が【202】づいてるそうだが…	I heard that a huge fleet is coming.
~1:2	023361	0259DA	もう、この【0】にゃ【285】ねえだろうよ	I don't think they will come to this town anymore.
~1:1	023380	025A0D	なんたって、ドラゴンがいるからな	We've got the dragon here, ya know.
~1:2	0233AE	025A3E	帝国【354】が【241】【128】【580】れしてるらしいぜ	I heard there's a conflict within the Empire.
~1:1	0233CD	025A6C	な	Their own ships are shooting
~1:1	0233CF	025A89	【581】い【78】と【438】い【78】が、撃ちあってたんだとよ	each other down.
~1:2	023403	025AA7	バエットの【381】【382】の【546】【327】が【147】たるとはなあ…	I never thought Paet's father's prophesy would come true.
~1:1	023437	025AEE	バエットの【381】【382】が、【546】【327】をしたんだとよ	I heard that Paet's father had a
~1:2	02345C	025B0F	ドラゴンが帝国【354】を【582】っ【409】うって【155】だが…	vision that a dragon came and attacked the Empire.
~1:1	023483	025B42	なんか、うさんくせえなあ	Sounds crazy, don't ya think?
~1:2	0234A9	025B6D	攻性生物のいねえ【88】ってのはいいもんだぜ	A forest without monsters is like paradise, ya know.
~1:2	0234D1	025BA2	これで、【1】【2】【3】の【245】【40】さえいなけりゃなあ	Especially if those guys from the Holy District aren't around.
~1:1	023505	025BEE	ここに【68】れてきた【245】【40】の【583】きだまりよ	Settlers weren't allowed in the Holy
~2:1	023528	025C13	【1】【2】【3】に【41】れてもらえねえんで まりよ	District, so they all decided to
~1:1	02354B	025C34	【393】【83】に【143】み着いちまったのさ	remain here.
~1:1	023573	025C4E	すっかり【264】【445】がとだえちまったな…	I've lost lots of customers 'cuz
~1:2	023594	025C6F	いっそ、【0】が【584】【585】されねえもんかな	of the Empire. Why not let 'em take over this town?
~1:1	0235B5	025CA3	【586】【579】【146】【83】ならいい【587】売になるぜ、きっと	At least the troops would buy drinks.
1:1	0235E7	025CD6	そこにいるヤエルは…ま、なんだ	About Jael over there... well...
1:1	023606	025CF7	<12>っと	Customers ain't gonna come
1:1	02360C	025D12	【588】っ【96】がねえと【264】【445】が【589】るからな	back if there ain't women 'round.
1:1	02362B	025D34	ぽうずも、いっべん【146】【83】してもらえよ	Why don't you ask her out?
1:1	02364E	025D4F	もう【194】し【56】きくなったらな、へへ…	If you think you can handle her.
1:1	02367C	025D7D	この【368】【218】も、【363】【292】もうかるんだぜ	This place makes more money
1:1	02369B	025D99	…	than ya think, ya know.
1:1	02369D	025DB1	【205】【144】や【20】【587】【144】がよく【285】るからな	There's lots of travelers coming by.
1:1	0236C7	025DE3	そこにいるヤエルは…ま、なんだ	About Jael over there... well...
1:1	0236E6	025E04	…	The customers ain't gonna come
1:1	0236E8	025E23	【588】っ【96】がねえと【264】【445】が【589】るからな	back if there ain't women 'round.
1:1	023707	025E45	ぽうずも、いっべん【146】【83】してもらえよ	Why don't you ask her out?
1:1	02372A	025E60	もう【194】し【56】きくなったらな、へへ…	If you think you can handle her.
1:1	023758	025E8E	この【368】【218】も、【363】【292】もうかるんだぜ	This place makes more money
1:1	023777	025EAA	…	than ya think, ya know.
1:1	023779	025EC2	【205】【144】や【20】【587】【144】がよく【285】るからな	There's lots of travelers coming by.
1:1	0237A3	025EF4	【2】なる【439】【159】の【2】なるねぐらさ	A Holy District is for holy folks.
1:1	0237BE	025F17	【215】【242】にゃ【283】のねえ【44】よ	We got no business in there.
~1:2	0237E0	025F41	【14】になると【0】を【289】らす【253】のことさ	The Guardian Fire lights up the town at night.
~1:2	0237FF	025F70	あれのおかげで、攻性生物が【330】りつかねえ	It keeps the monsters away. It's located in the Holy District.
~1:2	023826	025FAF	「【280】り【177】」の【177】【220】は、【1】【2】【3】にあるんだが	I figure that only the High Priest gets to see it.
~1:2	02384E	025FE2	じかに【590】めるのは、【383】【237】ぐらいだろうなあ	He's got his Guardian Fire, I've got my illuminating drinks.
~1:1	023882	02602C	【384】の【383】【237】の【155】、【156】いたか？	Did ya hear that Paet's dad is
~2:1	02389B	02604B	バエットの【381】【382】が【489】ぱれたらしいぜ <0E>なあ	the new High Priest?
~2:1	0238CF	02606D	この【0】を【368】【493】ってるのは、【405】【406】【126】だ <0E>なあ	The Council rules this town, and the
~1:1	0238F6	026092	その【40】で【174】【42】【385】いのが、【383】【237】ってわけよ	High Priest runs the Council.
~1:1	02391B	0260B0	なんたって「【280】り【177】」の【42】【144】だからな	Basically, he controls Zoah.
1:1	02394B	0260DA	ぽうず、【266】い【218】は【327】わねえ	I'll give ya some advice, son.
1:1	023964	0260F9	シーカーと【381】しくするのはやめときな	Don't get friendly with them seekers,
1:1	023987	02611F	【587】売の【158】だけ【146】【83】にしてりゃいいんだ	except when you're doing business
1:1	0239AA	026141	よ	with 'em, ya know.
~1:1	0239B9	026161	【245】【40】、よく【591】【96】で【442】【80】に【41】れるもんだ	How can the seekers desecrate
~1:1	0239DC	02617F	よ	the ruins the way they do?
~1:1	0239DE	02619A	【1】をも【458】れぬってのは、【103】らのことだな	Don't they fear the Gods?
~1:1	023A03	0261B4	【74】【75】【76】の【218】にも【358】に【575】しいし…	They know about the Ancient Age,
~2:1	023A20	0261D5	【511】体の【380】れねえ【245】【40】だぜ <0D>し…	but they're asking for trouble.
1:1	023A4A	026202	ウルの【218】なら、【60】でも【156】きな	Go ahead, ask me about Uru.
1:1	023A65	02621E	【215】は、あそこの【13】【212】だからよ	I was born there, ya know.
1:1	023A8D	026246	え？ 【442】【80】に【143】んでたのか？	What? You lived near the ruins?
~1:1	023AB5	026273	なんだ、【380】らねえのか、ぽうず？	Ya never heard the story, kid?
~1:1	023AD4	026292	ウルには、でっけえ【0】があったんだぜ	There was a huge town in Uru.
~2:1	023AF7	0262B0	な 【442】【80】からわく【36】で、【243】【40】【592】ってたもんさ	The town got water from the ruins,
~1:1	023B1E	0262D3	ところが、ちと【36】が【521】えすぎてな	but the water kept rising.
~1:1	023B3D	0262EE	【296】じゃ、【60】もかも【593】の【594】よ	Now, everything is underwater.
1:1	023B63	02631A	その【442】【80】って、どんな【44】だ？	What can you tell me about the ruins?
1:1	023B8B	02634D	…そこまでは【380】らねえ	I really don't know much about them.
1:1	023BAD	02637F	【60】でも【156】けって【327】ったじゃないか	You told me to ask you anything.
1:1	023BD9	0263AD	【442】【80】の【218】がわかる【103】なんていねえよ	Nobody knows about the ruins.
1:1	023BFA	0263CB	【442】【80】は、【595】の【123】に【488】られてるからな	It's surrounded by walls of rock.
1:1	023C1B	0263ED	うかつに【123】を【415】えようとしたら	You might be crazy enough to try and
1:1	023C38	026412	たちまち攻性生物が【596】ってくるんだぜ	scale the wall, but you'll be easy
1:1	023C5B	026435	<16>	prey for the beasts that live there.
1:1	023C6A	026467	【593】に、トピタマが【143】み着いたらしいぜ	I hear the Tobitamas have
1:1	023C8D	026481	<16>	returned to the lake. I think it's
1:1	023C8F	0264A4	たぷん、【36】【597】が変わったせいだろうな	because the water level rose.
~1:1	023CBF	0264D0	【595】の【123】を【415】えたけりゃ、【181】け【70】を【529】しな	If you want to go past the cliffs,
~1:2	023CE4	0264F3	…そんなもんがあれぱの【155】だがな	you're gonna need to find a path. If one exists...
~1:2	023D10	026533	【593】に、トピタマが【143】み着いたらしいぜ	I hear the Tobitamas have returned to the lake.
~1:1	023D33	026563	な	I think it has something to
~1:1	023D35	02657F	たぷん、【36】【597】が変わったせいだろうな	do with the water level rising.
~1:1	023D65	0265AC	トピタマってのは、変わった生き物でな	Tobitamas are strange birds.
~1:1	023D8A	0265C9	【321】【322】を【5】し【598】いにしとくんだ	At a young age, the young fly away.
~1:1	023DA5	0265ED	<!EC>き物でな	If all of the young return to the
~1:1	023DAF	02660F	【321】【322】が【563】ってきたら、【599】を【440】ぴ【51】って	nest at the same time,
~1:1	023DD2	026626	【495】【465】とその【599】は【185】わねえんだとさ	they abandon it.
~1:1	023DF1	026637	帝国の【155】	About the Empire
~1:1	023E10	026648	ドラゴンの【155】	About the Dragon
~1:1	023E2F	026659	ゾアの【0】の【155】	About the Town of Zoah
~1:1	023E4E	026670	【4】【5】【3】の【155】	About the Liberal District
~1:1	023E6D	02668B	【192】【411】の【155】	About Jubas
~1:1	023E8C	026697	【1】【2】【3】の【155】	About the Holy District
~1:1	023EAB	0266AF	「【280】り【177】」の【155】	About the 'Guardian Fire'
~1:1	023ECA	0266C9	【383】【237】の【155】	About the High Priest
~1:1	023EE9	0266DF	シーカーの【155】	About the Seekers
~1:1	023F08	0266F1	ウルの【155】	About Uru
~1:1	023F27	0266FB	トピタマの【155】	About Tobitama
~1:1	023F46	02670A	【155】をやめる	Quit
~1:1	023F51	02670F	帝国の【155】	About the Empire
~1:1	023F5A	026720	る	About the Dragon
~1:1	023F5C	026731	ドラゴンの【155】	About the Town of Zoah
~1:1	023F7B	026748	ゾアの【0】の【155】	About the Liberal District
~1:1	023F9A	026763	【4】【5】【3】の【155】	About Jubas
~1:1	023FB9	02676F	【192】【411】の【155】	About the Holy District
~1:1	023FD8	026787	【1】【2】【3】の【155】	About the 'Guardian Fire'
~1:1	023FF7	0267A1	「【280】り【177】」の【155】	About the High Priest
~1:1	024016	0267B7	【383】【237】の【155】	About the Seekers
~1:1	024035	0267C9	シーカーの【155】	About Uru
~1:1	024054	0267D3	ウルの【155】	Quit
~1:1	024073	0267D8	【155】をやめる	About the Empire
~1:1	02407E	0267E9	帝国の【155】	About the Dragon
~1:1	024087	0267FA	る	About the Town of Zoah
~1:1	024089	026811	ドラゴンの【155】	About the Liberal District
~1:1	0240A8	02682C	ゾアの【0】の【155】	About Jubas
~1:1	0240C7	026838	【4】【5】【3】の【155】	About the Holy District
~1:1	0240E6	026850	【192】【411】の【155】	About the 'Guardian Fire'
~2:1	024105	02686A	【1】【2】【3】の【155】 「【280】り【177】」の【155】	About the High Priest
~1:1	024143	026880	【383】【237】の【155】	About the Seekers
~1:1	024162	026892	シーカーの【155】	About Tobitama
~1:1	024181	0268A1	トピタマの【155】	Quit
~1:1	0241A0	0268A6	【155】をやめる	About the Empire
~1:1	0241AB	0268B7	帝国の【155】	About the Dragon
~1:1	0241B4	0268C8	る	About the Town of Zoah
~1:1	0241B6	0268DF	ドラゴンの【155】	About the Liberal District
~1:1	0241D5	0268FA	ゾアの【0】の【155】	About Jubas
~1:1	0241F4	026906	【4】【5】【3】の【155】	About the Holy District
~2:1	024213	02691E	【192】【411】の【155】 【1】【2】【3】の【155】	About the 'Guardian Fire'
~1:1	024251	026938	「【280】り【177】」の【155】	About the High Priest
~1:1	024270	02694E	【383】【237】の【155】	About the Seekers
~1:1	02428F	026960	シーカーの【155】	Quit
~1:1	0242AE	026965	【155】をやめる	About the Empire
~1:1	0242B9	026976	帝国の【155】	About the Dragon
~2:1	0242C2	026987	る ドラゴンの【155】	About the Town of Zoah
~1:1	0242E3	02699E	ゾアの【0】の【155】	About the Liberal District
~1:1	024302	0269B9	【4】【5】【3】の【155】	About Jubas
~1:1	024321	0269C5	【192】【411】の【155】	About the Holy District
~2:1	024340	0269DD	【1】【2】【3】の【155】 「【280】り【177】」の【155】	About the 'Guardian Fire'
~1:1	02437E	0269F7	シーカーの【155】	About the Seekers
~1:1	02439D	026A09	ウルの【155】	About Uru
~1:1	0243BC	026A13	トピタマの【155】	About Tobitama
~1:1	0243DB	026A22	【155】をやめる	Quit
~1:1	0243E6	026A27	帝国の【155】	About the Empire
~1:1	0243EF	026A38	る	About the Dragon
~1:1	0243F1	026A49	ドラゴンの【155】	About the Town of Zoah
~1:1	024410	026A60	ゾアの【0】の【155】	About the Liberal District
~1:1	02442F	026A7B	【4】【5】【3】の【155】	About Jubas
~1:1	02444E	026A87	【192】【411】の【155】	About the Holy District
~2:1	02446D	026A9F	【1】【2】【3】の【155】 「【280】り【177】」の【155】	About the 'Guardian Fire'
~1:1	0244AB	026AB9	シーカーの【155】	About the Seekers
~1:1	0244CA	026ACB	ウルの【155】	About Uru
~1:1	0244E9	026AD5	【155】をやめる	Quit
~1:1	0244F4	026ADA	帝国の【155】	About the Empire
~1:1	0244FD	026AEB	る	About the Dragon
~1:1	0244FF	026AFC	ドラゴンの【155】	About the Town of Zoah
~1:1	02451E	026B13	ゾアの【0】の【155】	About the Liberal District
~1:1	02453D	026B2E	【4】【5】【3】の【155】	About Jubas
~2:1	02455C	026B3A	【192】【411】の【155】 【1】【2】【3】の【155】	About the Holy District
~1:1	02459A	026B52	「【280】り【177】」の【155】	About the 'Guardian Fire'
~1:1	0245B9	026B6C	シーカーの【155】	About the Seekers
~1:1	0245D8	026B7E	トピタマの【155】	About Tobitama
~1:1	0245F7	026B8D	【155】をやめる	Quit
~1:1	024602	026B92	帝国の【155】	About the Empire
~1:1	02460B	026BA3	る	About the Dragon
~1:1	02460D	026BB4	ドラゴンの【155】	About the Town of Zoah
~1:1	02462C	026BCB	ゾアの【0】の【155】	About the Liberal District
~1:1	02464B	026BE6	【4】【5】【3】の【155】	About Jubas
~2:1	02466A	026BF2	【192】【411】の【155】 【1】【2】【3】の【155】	About the Holy District
~1:1	0246A8	026C0A	「【280】り【177】」の【155】	About the 'Guardian Fire'
~1:1	0246C7	026C24	シーカーの【155】	About the Seekers
~1:1	0246E6	026C36	【155】をやめる	Quit
~1:1	0246F1	026C3B	帝国の【155】	About the Empire
~1:1	0246FA	026C4C	る	About the Dragon
~1:1	0246FC	026C5D	ドラゴンの【155】	About the Town of Zoah
~2:1	02471B	026C74	ゾアの【0】の【155】 【4】【5】【3】の【155】	About the Liberal District
~1:1	024759	026C8F	【192】【411】の【155】	About Jubas
~1:1	024778	026C9B	【1】【2】【3】の【155】	About the Holy District
~2:1	024797	026CB3	【383】【237】の【155】 シーカーの【155】	About the High Priest
~1:1	0247D5	026CC9	ウルの【155】	About the Seekers
~1:1	0247F4	026CDB	トピタマの【155】	About Uru
~1:1	024813	026CE5	【155】をやめる	About Tobitama
~1:1	02481E	026CF4	帝国の【155】	Quit
~1:1	024827	026CF9	る	About the Empire
~1:1	024829	026D0A	ドラゴンの【155】	About the Dragon
~1:1	024848	026D1B	ゾアの【0】の【155】	About the Town of Zoah
~1:1	024867	026D32	【4】【5】【3】の【155】	About the Liberal District
~1:1	024886	026D4D	【192】【411】の【155】	About Jubas
~2:1	0248A5	026D59	【1】【2】【3】の【155】 【383】【237】の【155】	About the Holy District
~1:1	0248E3	026D71	シーカーの【155】	About the High Priest
~1:1	024902	026D87	ウルの【155】	About the Seekers
~1:1	024921	026D99	【155】をやめる	About Uru
~1:1	02492C	026DA3	帝国の【155】	Quit
~1:1	024935	026DA8	る	About the Empire
~1:1	024937	026DB9	ドラゴンの【155】	About the Dragon
~1:1	024956	026DCA	ゾアの【0】の【155】	About the Town of Zoah
~2:1	024975	026DE1	【4】【5】【3】の【155】 【192】【411】の【155】	About the Liberal District
~1:1	0249B3	026DFC	【1】【2】【3】の【155】	About Jubas
~1:1	0249D2	026E08	【383】【237】の【155】	About the Holy District
~1:1	0249F1	026E20	シーカーの【155】	About the High Priest
~1:1	024A10	026E36	トピタマの【155】	About the Seekers
~1:1	024A2F	026E48	【155】をやめる	About Tobitama
~1:1	024A3A	026E57	帝国の【155】	Quit
~1:1	024A43	026E5C	る	About the Empire
~1:1	024A45	026E6D	ドラゴンの【155】	About the Dragon
~2:1	024A64	026E7E	ゾアの【0】の【155】 【4】【5】【3】の【155】	About the Town of Zoah
~1:1	024AA2	026E95	【192】【411】の【155】	About the Liberal District
~1:1	024AC1	026EB0	【1】【2】【3】の【155】	About Jubas
~2:1	024AE0	026EBC	【383】【237】の【155】 シーカーの【155】	About the Holy District
~1:1	024B1E	026ED4	【155】をやめる	About the High Priest
~2:1	024B29	026EEA	帝国の【155】 る	About the Seekers
~1:1	024B34	026EFC	ドラゴンの【155】	Quit
~1:1	024B53	026F01	ゾアの【0】の【155】	About the Empire
~1:1	024B72	026F12	【4】【5】【3】の【155】	About the Dragon
~1:1	024B91	026F23	【192】【411】の【155】	About the Town of Zoah
~1:1	024BB0	026F3A	【1】【2】【3】の【155】	About the Liberal District
~1:1	024BCF	026F55	シーカーの【155】	About Jubas
~1:1	024BEE	026F61	ウルの【155】	About the Holy District
~1:1	024C0D	026F79	トピタマの【155】	About the Seekers
~1:1	024C2C	026F8B	【155】をやめる	About Uru
~1:1	024C37	026F95	帝国の【155】	About Tobitama
~1:1	024C40	026FA4	る	Quit
~1:1	024C42	026FA9	ドラゴンの【155】	About the Empire
~1:1	024C61	026FBA	ゾアの【0】の【155】	About the Dragon
~1:1	024C80	026FCB	【4】【5】【3】の【155】	About the Town of Zoah
~2:1	024C9F	026FE2	【192】【411】の【155】 【1】【2】【3】の【155】	About the Liberal District
~1:1	024CDD	026FFD	シーカーの【155】	About Jubas
~1:1	024CFC	027009	ウルの【155】	About the Holy District
~1:1	024D1B	027021	【155】をやめる	About the Seekers
~1:1	024D26	027033	帝国の【155】	About Uru
~1:1	024D2F	02703D	る	Quit
~1:1	024D31	027042	ドラゴンの【155】	About the Empire
~1:1	024D50	027053	ゾアの【0】の【155】	About the Dragon
~1:1	024D6F	027064	【4】【5】【3】の【155】	About the Town of Zoah
~2:1	024D8E	02707B	【192】【411】の【155】 【1】【2】【3】の【155】	About the Liberal District
~1:1	024DCC	027096	シーカーの【155】	About Jubas
~1:1	024DEB	0270A2	トピタマの【155】	About the Holy District
~1:1	024E0A	0270BA	【155】をやめる	About the Seekers
~1:1	024E15	0270CC	帝国の【155】	About Tobitama
~1:1	024E1E	0270DB	る	Quit
~1:1	024E20	0270E0	ドラゴンの【155】	About the Empire
~1:1	024E3F	0270F1	ゾアの【0】の【155】	About the Dragon
~1:1	024E5E	027102	【4】【5】【3】の【155】	About the Town of Zoah
~2:1	024E7D	027119	【192】【411】の【155】 【1】【2】【3】の【155】	About the Liberal District
~1:1	024EBB	027134	シーカーの【155】	About Jubas
~1:1	024EDA	027140	【155】をやめる	About the Holy District
~2:1	024EE5	027158	帝国の【155】 る	About the Seekers
~1:1	024EF0	02716A	ドラゴンの【155】	Quit
~1:1	024F0F	02716F	ゾアの【0】の【155】	About the Empire
~1:1	024F2E	027180	【4】【5】【3】の【155】	About the Dragon
~1:1	024F4D	027191	【192】【411】の【155】	About the Town of Zoah
~1:1	024F6C	0271A8	「【280】り【177】」の【155】	About the Liberal District
~1:1	024F8B	0271C3	【383】【237】の【155】	About Jubas
~1:1	024FAA	0271CF	シーカーの【155】	About the 'Guardian Fire'
~2:1	024FC9	0271E9	ウルの【155】 トピタマの【155】	About the High Priest
~1:1	025007	0271FF	【155】をやめる	About the Seekers
~1:1	025012	027211	帝国の【155】	About Uru
~1:1	02501B	02721B	る	About Tobitama
~1:1	02501D	02722A	ドラゴンの【155】	Quit
~1:1	02503C	02722F	ゾアの【0】の【155】	About the Empire
~1:1	02505B	027240	【4】【5】【3】の【155】	About the Dragon
~1:1	02507A	027251	【192】【411】の【155】	About the Town of Zoah
~1:1	025099	027268	「【280】り【177】」の【155】	About the Liberal District
~1:1	0250B8	027283	【383】【237】の【155】	About Jubas
~1:1	0250D7	02728F	シーカーの【155】	About the 'Guardian Fire'
~2:1	0250F6	0272A9	ウルの【155】 【155】をやめる	About the High Priest
~1:1	025120	0272BF	帝国の【155】	About the Seekers
~1:1	025129	0272D1	る	About Uru
~1:1	02512B	0272DB	ドラゴンの【155】	Quit
~1:1	02514A	0272E0	ゾアの【0】の【155】	About the Empire
~1:1	025169	0272F1	【4】【5】【3】の【155】	About the Dragon
~1:1	025188	027302	【192】【411】の【155】	About the Town of Zoah
~1:1	0251A7	027319	「【280】り【177】」の【155】	About the Liberal District
~1:1	0251C6	027334	【383】【237】の【155】	About Jubas
~1:1	0251E5	027340	シーカーの【155】	About the 'Guardian Fire'
~2:1	025204	02735A	トピタマの【155】 【155】をやめる	About the High Priest
~1:1	02522E	027370	帝国の【155】	About the Seekers
~1:1	025237	027382	る	About Tobitama
~1:1	025239	027391	ドラゴンの【155】	Quit
~1:1	025258	027396	ゾアの【0】の【155】	About the Empire
~1:1	025277	0273A7	【4】【5】【3】の【155】	About the Dragon
~1:1	025296	0273B8	【192】【411】の【155】	About the Town of Zoah
~1:1	0252B5	0273CF	「【280】り【177】」の【155】	About the Liberal District
~1:1	0252D4	0273EA	【383】【237】の【155】	About Jubas
~2:1	0252F3	0273F6	シーカーの【155】 【155】をやめる	About the 'Guardian Fire'
~2:1	02531D	027410	帝国の【155】 る	About the High Priest
~1:1	025328	027426	ドラゴンの【155】	About the Seekers
~1:1	025347	027438	ゾアの【0】の【155】	Quit
~1:1	025366	02743D	【4】【5】【3】の【155】	About the Empire
~1:1	025385	02744E	【192】【411】の【155】	About the Dragon
~1:1	0253A4	02745F	「【280】り【177】」の【155】	About the Town of Zoah
~1:1	0253C3	027476	シーカーの【155】	About the Liberal District
~1:1	0253E2	027491	ウルの【155】	About Jubas
~1:1	025401	02749D	トピタマの【155】	About the 'Guardian Fire'
~1:1	025420	0274B7	【155】をやめる	About the Seekers
~1:1	02542B	0274C9	帝国の【155】	About Uru
~1:1	025434	0274D3	る	About Tobitama
~1:1	025436	0274E2	ドラゴンの【155】	Quit
~1:1	025455	0274E7	ゾアの【0】の【155】	About the Empire
~1:1	025474	0274F8	【4】【5】【3】の【155】	About the Dragon
~1:1	025493	027509	【192】【411】の【155】	About the Town of Zoah
~1:1	0254B2	027520	「【280】り【177】」の【155】	About the Liberal District
~1:1	0254D1	02753B	シーカーの【155】	About Jubas
~2:1	0254F0	027547	ウルの【155】 【155】をやめる	About the 'Guardian Fire'
~1:1	02551A	027561	帝国の【155】	About the Seekers
~1:1	025523	027573	る	About Uru
~1:1	025525	02757D	ドラゴンの【155】	Quit
~1:1	025544	027582	ゾアの【0】の【155】	About the Empire
~1:1	025563	027593	【4】【5】【3】の【155】	About the Dragon
~1:1	025582	0275A4	【192】【411】の【155】	About the Town of Zoah
~1:1	0255A1	0275BB	「【280】り【177】」の【155】	About the Liberal District
~1:1	0255C0	0275D6	シーカーの【155】	About Jubas
~1:1	0255DF	0275E2	トピタマの【155】	About the 'Guardian Fire'
~1:1	0255FE	0275FC	【155】をやめる	About the Seekers
~2:1	025609	02760E	帝国の【155】 る	About Tobitama
~1:1	025614	02761D	ドラゴンの【155】	Quit
~1:1	025633	027622	ゾアの【0】の【155】	About the Empire
~1:1	025652	027633	【4】【5】【3】の【155】	About the Dragon
~1:1	025671	027644	【192】【411】の【155】	About the Town of Zoah
~1:1	025690	02765B	「【280】り【177】」の【155】	About the Liberal District
~1:1	0256AF	027676	シーカーの【155】	About Jubas
~1:1	0256CE	027682	【155】をやめる	About the 'Guardian Fire'
~2:1	0256D9	02769C	帝国の【155】 る	About the Seekers
~1:1	0256E4	0276AE	ドラゴンの【155】	Quit
~1:1	025703	0276B3	ゾアの【0】の【155】	About the Empire
~1:1	025722	0276C4	【4】【5】【3】の【155】	About the Dragon
~1:1	025741	0276D5	【192】【411】の【155】	About the Town of Zoah
~1:1	025760	0276EC	【383】【237】の【155】	About the Liberal District
~1:1	02577F	027707	シーカーの【155】	About Jubas
~1:1	02579E	027713	ウルの【155】	About the High Priest
~1:1	0257BD	027729	トピタマの【155】	About the Seekers
~1:1	0257DC	02773B	【155】をやめる	About Uru
~1:1	0257E7	027745	帝国の【155】	About Tobitama
~1:1	0257F0	027754	る	Quit
~1:1	0257F2	027759	ドラゴンの【155】	About the Empire
~1:1	025811	02776A	ゾアの【0】の【155】	About the Dragon
~1:1	025830	02777B	【4】【5】【3】の【155】	About the Town of Zoah
~2:1	02584F	027792	【192】【411】の【155】 【383】【237】の【155】	About the Liberal District
~1:1	02588D	0277AD	シーカーの【155】	About Jubas
~1:1	0258AC	0277B9	ウルの【155】	About the High Priest
~1:1	0258CB	0277CF	【155】をやめる	About the Seekers
~1:1	0258D6	0277E1	帝国の【155】	About Uru
~1:1	0258DF	0277EB	る	Quit
~1:1	0258E1	0277F0	ドラゴンの【155】	About the Empire
~1:1	025900	027801	ゾアの【0】の【155】	About the Dragon
~1:1	02591F	027812	【4】【5】【3】の【155】	About the Town of Zoah
~2:1	02593E	027829	【192】【411】の【155】 【383】【237】の【155】	About the Liberal District
~1:1	02597C	027844	シーカーの【155】	About Jubas
~1:1	02599B	027850	トピタマの【155】	About the High Priest
~1:1	0259BA	027866	【155】をやめる	About the Seekers
~2:1	0259C5	027878	帝国の【155】 る	About Tobitama
~1:1	0259D0	027887	ドラゴンの【155】	Quit
~1:1	0259EF	02788C	ゾアの【0】の【155】	About the Empire
~1:1	025A0E	02789D	【4】【5】【3】の【155】	About the Dragon
~1:1	025A2D	0278AE	【192】【411】の【155】	About the Town of Zoah
~1:1	025A4C	0278C5	【383】【237】の【155】	About the Liberal District
~1:1	025A6B	0278E0	シーカーの【155】	About Jubas
~1:1	025A8A	0278EC	【155】をやめる	About the High Priest
~2:1	025A95	027902	帝国の【155】 る	About the Seekers
~1:1	025AA0	027914	ドラゴンの【155】	Quit
~1:1	025ABF	027919	ゾアの【0】の【155】	About the Empire
~1:1	025ADE	02792A	【4】【5】【3】の【155】	About the Dragon
~1:1	025AFD	02793B	【192】【411】の【155】	About the Town of Zoah
~1:1	025B1C	027952	シーカーの【155】	About the Liberal District
~1:1	025B3B	02796D	ウルの【155】	About Jubas
~1:1	025B5A	027979	トピタマの【155】	About the Seekers
~1:1	025B79	02798B	【155】をやめる	About Uru
~1:1	025B84	027995	帝国の【155】	About Tobitama
~1:1	025B8D	0279A4	る	Quit
~1:1	025B8F	0279A9	ドラゴンの【155】	About the Empire
~1:1	025BAE	0279BA	ゾアの【0】の【155】	About the Dragon
~1:1	025BCD	0279CB	【4】【5】【3】の【155】	About the Town of Zoah
~2:1	025BEC	0279E2	【192】【411】の【155】 シーカーの【155】	About the Liberal District
~1:1	025C2A	0279FD	ウルの【155】	About Jubas
~1:1	025C49	027A09	【155】をやめる	About the Seekers
~1:1	025C54	027A1B	帝国の【155】	About Uru
~1:1	025C5D	027A25	る	Quit
~1:1	025C5F	027A2A	ドラゴンの【155】	About the Empire
~1:1	025C7E	027A3B	ゾアの【0】の【155】	About the Dragon
~1:1	025C9D	027A4C	【4】【5】【3】の【155】	About the Town of Zoah
~1:1	025CBC	027A63	【192】【411】の【155】	About the Liberal District
~1:1	025CDB	027A7E	シーカーの【155】	About Jubas
~1:1	025CFA	027A8A	トピタマの【155】	About the Seekers
~1:1	025D19	027A9C	【155】をやめる	About Tobitama
~1:1	025D24	027AAB	帝国の【155】	Quit
~1:1	025D2D	027AB0	る	About the Empire
~1:1	025D2F	027AC1	ドラゴンの【155】	About the Dragon
~1:1	025D4E	027AD2	ゾアの【0】の【155】	About the Town of Zoah
~2:1	025D6D	027AE9	【4】【5】【3】の【155】 【192】【411】の【155】	About the Liberal District
~1:1	025DAB	027B04	シーカーの【155】	About Jubas
~1:1	025DCA	027B10	【155】をやめる	About the Seekers
~1:1	025DD5	027B22	帝国の【155】	Quit
~1:1	025DDE	027B27	る	About the Empire
~1:1	025DE0	027B38	ゾアの【0】の【155】	About the Town of Zoah
~2:1	025DFF	027B4F	【4】【5】【3】の【155】 【192】【411】の【155】	About the Liberal District
~1:1	025E3D	027B6A	【1】【2】【3】の【155】	About Jubas
~1:1	025E5C	027B76	「【280】り【177】」の【155】	About the Holy District
~1:1	025E7B	027B8E	【383】【237】の【155】	About the 'Guardian Fire'
~1:1	025E9A	027BA8	シーカーの【155】	About the High Priest
~2:1	025EB9	027BBE	ウルの【155】 トピタマの【155】	About the Seekers
~1:1	025EF7	027BD0	【155】をやめる	About Uru
~1:1	025F02	027BDA	帝国の【155】	About Tobitama
~1:1	025F0B	027BE9	る	Quit
~1:1	025F0D	027BEE	ゾアの【0】の【155】	About the Empire
~1:1	025F2C	027BFF	【4】【5】【3】の【155】	About the Town of Zoah
~1:1	025F4B	027C16	【192】【411】の【155】	About the Liberal District
~1:1	025F6A	027C31	【1】【2】【3】の【155】	About Jubas
~1:1	025F89	027C3D	「【280】り【177】」の【155】	About the Holy District
~2:1	025FA8	027C55	【383】【237】の【155】 シーカーの【155】	About the 'Guardian Fire'
~1:1	025FE6	027C6F	ウルの【155】	About the High Priest
~1:1	026005	027C85	【155】をやめる	About the Seekers
~2:1	026010	027C97	帝国の【155】 る	About Uru
~1:1	02601B	027CA1	ゾアの【0】の【155】	Quit
~1:1	02603A	027CA6	【4】【5】【3】の【155】	About the Empire
~1:1	026059	027CB7	【192】【411】の【155】	About the Town of Zoah
~1:1	026078	027CCE	【1】【2】【3】の【155】	About the Liberal District
~1:1	026097	027CE9	「【280】り【177】」の【155】	About Jubas
~1:1	0260B6	027CF5	【383】【237】の【155】	About the Holy District
~2:1	0260D5	027D0D	シーカーの【155】 トピタマの【155】	About the 'Guardian Fire'
~1:1	026113	027D27	【155】をやめる	About the High Priest
~1:1	02611E	027D3D	帝国の【155】	About the Seekers
~2:1	026127	027D4F	る ゾアの【0】の【155】	About Tobitama
~1:1	026148	027D5E	【4】【5】【3】の【155】	Quit
~1:1	026167	027D63	【192】【411】の【155】	About the Empire
~1:1	026186	027D74	【1】【2】【3】の【155】	About the Town of Zoah
~1:1	0261A5	027D8B	「【280】り【177】」の【155】	About the Liberal District
~1:1	0261C4	027DA6	【383】【237】の【155】	About Jubas
~1:1	0261E3	027DB2	シーカーの【155】	About the Holy District
~2:1	026202	027DCA	【155】をやめる 帝国の【155】	About the 'Guardian Fire'
~2:1	026216	027DE4	る ゾアの【0】の【155】	About the High Priest
~1:1	026237	027DFA	【4】【5】【3】の【155】	About the Seekers
~1:1	026256	027E0C	【192】【411】の【155】	Quit
~1:1	026275	027E11	【1】【2】【3】の【155】	About the Empire
~1:1	026294	027E22	「【280】り【177】」の【155】	About the Town of Zoah
~1:1	0262B3	027E39	シーカーの【155】	About the Liberal District
~1:1	0262D2	027E54	ウルの【155】	About Jubas
~1:1	0262F1	027E60	トピタマの【155】	About the Holy District
~2:1	026310	027E78	【155】をやめる 帝国の【155】	About the 'Guardian Fire'
~2:1	026324	027E92	る ゾアの【0】の【155】	About the Seekers
~1:1	026345	027EA4	【4】【5】【3】の【155】	About Uru
~1:1	026364	027EAE	【192】【411】の【155】	About Tobitama
~1:1	026383	027EBD	【1】【2】【3】の【155】	Quit
~1:1	0263A2	027EC2	「【280】り【177】」の【155】	About the Empire
~1:1	0263C1	027ED3	シーカーの【155】	About the Town of Zoah
~1:1	0263E0	027EEA	ウルの【155】	About the Liberal District
~1:1	0263FF	027F05	【155】をやめる	About Jubas
~1:1	02640A	027F11	帝国の【155】	About the Holy District
~2:1	026413	027F29	る ゾアの【0】の【155】	About the 'Guardian Fire'
~1:1	026434	027F43	【4】【5】【3】の【155】	About the Seekers
~1:1	026453	027F55	【192】【411】の【155】	About Uru
~1:1	026472	027F5F	【1】【2】【3】の【155】	Quit
~1:1	026491	027F64	「【280】り【177】」の【155】	About the Empire
~1:1	0264B0	027F75	シーカーの【155】	About the Town of Zoah
~1:1	0264CF	027F8C	トピタマの【155】	About the Liberal District
~1:1	0264EE	027FA7	【155】をやめる	About Jubas
~1:1	0264F9	027FB3	帝国の【155】	About the Holy District
~2:1	026502	027FCB	る ゾアの【0】の【155】	About the 'Guardian Fire'
~1:1	026523	027FE5	【4】【5】【3】の【155】	About the Seekers
~1:1	026542	027FF7	【192】【411】の【155】	About Tobitama
~1:1	026561	028006	【1】【2】【3】の【155】	Quit
~1:1	026580	02800B	「【280】り【177】」の【155】	About the Empire
~1:1	02659F	02801C	シーカーの【155】	About the Town of Zoah
~1:1	0265BE	028033	【155】をやめる	About the Liberal District
~1:1	0265C9	02804E	帝国の【155】	About Jubas
~2:1	0265D2	02805A	る ゾアの【0】の【155】	About the Holy District
~1:1	0265F3	028072	【4】【5】【3】の【155】	About the 'Guardian Fire'
~1:1	026612	02808C	【192】【411】の【155】	About the Seekers
~1:1	026631	02809E	【1】【2】【3】の【155】	Quit
~1:1	026650	0280A3	【383】【237】の【155】	About the Empire
~1:1	02666F	0280B4	シーカーの【155】	About the Town of Zoah
~2:1	02668E	0280CB	ウルの【155】 トピタマの【155】	About the Liberal District
~1:1	0266CC	0280E6	【155】をやめる	About Jubas
~2:1	0266D7	0280F2	帝国の【155】 る	About the Holy District
~1:1	0266E2	02810A	ゾアの【0】の【155】	About the High Priest
~1:1	026701	028120	【4】【5】【3】の【155】	About the Seekers
~1:1	026720	028132	【192】【411】の【155】	About Uru
~1:1	02673F	02813C	【1】【2】【3】の【155】	About Tobitama
~1:1	02675E	02814B	【383】【237】の【155】	Quit
~1:1	02677D	028150	シーカーの【155】	About the Empire
~1:1	02679C	028161	ウルの【155】	About the Town of Zoah
~2:1	0267BB	028178	【155】をやめる 帝国の【155】	About the Liberal District
~1:1	0267CF	028193	る	About Jubas
~1:1	0267D1	02819F	ゾアの【0】の【155】	About the Holy District
~2:1	0267F0	0281B7	【4】【5】【3】の【155】 【192】【411】の【155】	About the High Priest
~1:1	02682E	0281CD	【1】【2】【3】の【155】	About the Seekers
~1:1	02684D	0281DF	【383】【237】の【155】	About Uru
~1:1	02686C	0281E9	シーカーの【155】	Quit
~1:1	02688B	0281EE	トピタマの【155】	About the Empire
~1:1	0268AA	0281FF	【155】をやめる	About the Town of Zoah
~1:1	0268B5	028216	帝国の【155】	About the Liberal District
~1:1	0268BE	028231	る	About Jubas
~2:1	0268C0	02823D	ゾアの【0】の【155】 【4】【5】【3】の【155】	About the Holy District
~1:1	0268FE	028255	【192】【411】の【155】	About the High Priest
~2:1	02691D	02826B	【1】【2】【3】の【155】 【383】【237】の【155】	About the Seekers
~1:1	02695B	02827D	シーカーの【155】	About Tobitama
~1:1	02697A	02828C	【155】をやめる	Quit
~1:1	026985	028291	帝国の【155】	About the Empire
~1:1	02698E	0282A2	る	About the Town of Zoah
~1:1	026990	0282B9	ゾアの【0】の【155】	About the Liberal District
~1:1	0269AF	0282D4	【4】【5】【3】の【155】	About Jubas
~2:1	0269CE	0282E0	【192】【411】の【155】 【1】【2】【3】の【155】	About the Holy District
~1:1	026A0C	0282F8	シーカーの【155】	About the High Priest
~1:1	026A2B	02830E	ウルの【155】	About the Seekers
~1:1	026A4A	028320	トピタマの【155】	Quit
~1:1	026A69	028325	【155】をやめる	About the Empire
~1:1	026A74	028336	帝国の【155】	About the Town of Zoah
~2:1	026A7D	02834D	る ゾアの【0】の【155】	About the Liberal District
~1:1	026A9E	028368	【4】【5】【3】の【155】	About Jubas
~2:1	026ABD	028374	【192】【411】の【155】 【1】【2】【3】の【155】	About the Holy District
~1:1	026AFB	02838C	シーカーの【155】	About the Seekers
~1:1	026B1A	02839E	ウルの【155】	About Uru
~1:1	026B39	0283A8	【155】をやめる	About Tobitama
~1:1	026B44	0283B7	帝国の【155】	Quit
~1:1	026B4D	0283BC	る	About the Empire
~1:1	026B4F	0283CD	ゾアの【0】の【155】	About the Town of Zoah
~1:1	026B6E	0283E4	【4】【5】【3】の【155】	About the Liberal District
~1:1	026B8D	0283FF	【192】【411】の【155】	About Jubas
~2:1	026BAC	02840B	【1】【2】【3】の【155】 シーカーの【155】	About the Holy District
~1:1	026BEA	028423	トピタマの【155】	About the Seekers
~1:1	026C09	028435	【155】をやめる	About Uru
~1:1	026C14	02843F	帝国の【155】	Quit
~1:1	026C1D	028444	る	About the Empire
~1:1	026C1F	028455	ゾアの【0】の【155】	About the Town of Zoah
~1:1	026C3E	02846C	【4】【5】【3】の【155】	About the Liberal District
~1:1	026C5D	028487	【192】【411】の【155】	About Jubas
~1:1	026C7C	028493	【1】【2】【3】の【155】	About the Holy District
~1:1	026C9B	0284AB	シーカーの【155】	About the Seekers
~1:1	026CBA	0284BD	【155】をやめる	About Tobitama
~1:1	026CC5	0284CC	帝国の【155】	Quit
~2:1	026CCE	0284D1	る ゾアの【0】の【155】	About the Empire
~1:1	026CEF	0284E2	【4】【5】【3】の【155】	About the Town of Zoah
~2:1	026D0E	0284F9	【192】【411】の【155】 「【280】り【177】」の【155】	About the Liberal District
~1:1	026D4C	028514	【383】【237】の【155】	About Jubas
~1:1	026D6B	028520	シーカーの【155】	About the Holy District
~1:1	026D8A	028538	ウルの【155】	About the Seekers
~1:1	026DA9	02854A	トピタマの【155】	Quit
~1:1	026DC8	02854F	【155】をやめる	About the Empire
~1:1	026DD3	028560	帝国の【155】	About the Town of Zoah
~2:1	026DDC	028577	る ゾアの【0】の【155】	About the Liberal District
~1:1	026DFD	028592	【4】【5】【3】の【155】	About Jubas
~1:1	026E1C	02859E	【192】【411】の【155】	About the 'Guardian Fire'
~1:1	026E3B	0285B8	「【280】り【177】」の【155】	About the High Priest
~1:1	026E5A	0285CE	【383】【237】の【155】	About the Seekers
~1:1	026E79	0285E0	シーカーの【155】	About Uru
~1:1	026E98	0285EA	ウルの【155】	About Tobitama
~1:1	026EB7	0285F9	【155】をやめる	Quit
~1:1	026EC2	0285FE	帝国の【155】	About the Empire
~2:1	026ECB	02860F	る ゾアの【0】の【155】	About the Town of Zoah
~1:1	026EEC	028626	【4】【5】【3】の【155】	About the Liberal District
~1:1	026F0B	028641	【192】【411】の【155】	About Jubas
~1:1	026F2A	02864D	「【280】り【177】」の【155】	About the 'Guardian Fire'
~2:1	026F49	028667	【383】【237】の【155】 シーカーの【155】	About the High Priest
~1:1	026F87	02867D	トピタマの【155】	About the Seekers
~1:1	026FA6	02868F	【155】をやめる	About Uru
~1:1	026FB1	028699	帝国の【155】	Quit
~1:1	026FBA	02869E	る	About the Empire
~1:1	026FBC	0286AF	ゾアの【0】の【155】	About the Town of Zoah
~1:1	026FDB	0286C6	【4】【5】【3】の【155】	About the Liberal District
~1:1	026FFA	0286E1	【192】【411】の【155】	About Jubas
~1:1	027019	0286ED	「【280】り【177】」の【155】	About the 'Guardian Fire'
~1:1	027038	028707	【383】【237】の【155】	About the High Priest
~1:1	027057	02871D	シーカーの【155】	About the Seekers
~1:1	027076	02872F	【155】をやめる	About Tobitama
~1:1	027081	02873E	帝国の【155】	Quit
~1:1	02708A	028743	る	About the Empire
~1:1	02708C	028754	ゾアの【0】の【155】	About the Town of Zoah
~1:1	0270AB	02876B	【4】【5】【3】の【155】	About the Liberal District
~1:1	0270CA	028786	【192】【411】の【155】	About Jubas
~1:1	0270E9	028792	「【280】り【177】」の【155】	About the 'Guardian Fire'
~1:1	027108	0287AC	シーカーの【155】	About the High Priest
~1:1	027127	0287C2	ウルの【155】	About the Seekers
~1:1	027146	0287D4	トピタマの【155】	Quit
~1:1	027165	0287D9	【155】をやめる	About the Empire
~1:1	027170	0287EA	帝国の【155】	About the Town of Zoah
~1:1	027179	028801	る	About the Liberal District
~1:1	02717B	02881C	ゾアの【0】の【155】	About Jubas
~1:1	02719A	028828	【4】【5】【3】の【155】	About the 'Guardian Fire'
~1:1	0271B9	028842	【192】【411】の【155】	About the Seekers
~1:1	0271D8	028854	「【280】り【177】」の【155】	About Uru
~1:1	0271F7	02885E	シーカーの【155】	About Tobitama
~1:1	027216	02886D	ウルの【155】	Quit
~1:1	027235	028872	【155】をやめる	About the Empire
~1:1	027240	028883	帝国の【155】	About the Town of Zoah
~1:1	027249	02889A	る	About the Liberal District
~1:1	02724B	0288B5	ゾアの【0】の【155】	About Jubas
~1:1	02726A	0288C1	【4】【5】【3】の【155】	About the 'Guardian Fire'
~1:1	027289	0288DB	【192】【411】の【155】	About the Seekers
~1:1	0272A8	0288ED	「【280】り【177】」の【155】	About Uru
~1:1	0272C7	0288F7	シーカーの【155】	Quit
~1:1	0272E6	0288FC	トピタマの【155】	About the Empire
~1:1	027305	02890D	【155】をやめる	About the Town of Zoah
~1:1	027310	028924	帝国の【155】	About the Liberal District
~1:1	027319	02893F	る	About Jubas
~1:1	02731B	02894B	ゾアの【0】の【155】	About the 'Guardian Fire'
~1:1	02733A	028965	【4】【5】【3】の【155】	About the Seekers
~1:1	027359	028977	【192】【411】の【155】	About Tobitama
~1:1	027378	028986	「【280】り【177】」の【155】	Quit
~1:1	027397	02898B	シーカーの【155】	About the Empire
~1:1	0273B6	02899C	【155】をやめる	About the Town of Zoah
~1:1	0273C1	0289B3	帝国の【155】	About the Liberal District
~1:1	0273CA	0289CE	る	About Jubas
~1:1	0273CC	0289DA	ゾアの【0】の【155】	About the 'Guardian Fire'
~1:1	0273EB	0289F4	【4】【5】【3】の【155】	About the Seekers
~1:1	02740A	028A06	【192】【411】の【155】	Quit
~1:1	027429	028A0B	【383】【237】の【155】	About the Empire
~1:1	027448	028A1C	シーカーの【155】	About the Town of Zoah
~1:1	027467	028A33	ウルの【155】	About the Liberal District
~1:1	027486	028A4E	トピタマの【155】	About Jubas
~1:1	0274A5	028A5A	【155】をやめる	About the High Priest
~1:1	0274B0	028A70	帝国の【155】	About the Seekers
~1:1	0274B9	028A82	る	About Uru
~1:1	0274BB	028A8C	ゾアの【0】の【155】	About Tobitama
~1:1	0274DA	028A9B	【4】【5】【3】の【155】	Quit
~1:1	0274F9	028AA0	【192】【411】の【155】	About the Empire
~1:1	027518	028AB1	【383】【237】の【155】	About the Town of Zoah
~1:1	027537	028AC8	シーカーの【155】	About the Liberal District
~1:1	027556	028AE3	ウルの【155】	About Jubas
~1:1	027575	028AEF	【155】をやめる	About the High Priest
~1:1	027580	028B05	帝国の【155】	About the Seekers
~1:1	027589	028B17	る	About Uru
~1:1	02758B	028B21	ゾアの【0】の【155】	Quit
~1:1	0275AA	028B26	【4】【5】【3】の【155】	About the Empire
~1:1	0275C9	028B37	【192】【411】の【155】	About the Town of Zoah
~1:1	0275E8	028B4E	【383】【237】の【155】	About the Liberal District
~1:1	027607	028B69	シーカーの【155】	About Jubas
~1:1	027626	028B75	トピタマの【155】	About the High Priest
~1:1	027645	028B8B	【155】をやめる	About the Seekers
~1:1	027650	028B9D	帝国の【155】	About Tobitama
~1:1	027659	028BAC	る	Quit
~1:1	02765B	028BB1	ゾアの【0】の【155】	About the Empire
~1:1	02767A	028BC2	【4】【5】【3】の【155】	About the Town of Zoah
~1:1	027699	028BD9	【192】【411】の【155】	About the Liberal District
~1:1	0276B8	028BF4	【383】【237】の【155】	About Jubas
~1:1	0276D7	028C00	シーカーの【155】	About the High Priest
~1:1	0276F6	028C16	【155】をやめる	About the Seekers
~1:1	027701	028C28	帝国の【155】	Quit
~1:1	02770A	028C2D	る	About the Empire
~1:1	02770C	028C3E	ゾアの【0】の【155】	About the Town of Zoah
~1:1	02772B	028C55	【4】【5】【3】の【155】	About the Liberal District
~1:1	02774A	028C70	【192】【411】の【155】	About Jubas
~1:1	027769	028C7C	シーカーの【155】	About the Seekers
~1:1	027788	028C8E	ウルの【155】	About Uru
~1:1	0277A7	028C98	トピタマの【155】	About Tobitama
~1:1	0277C6	028CA7	【155】をやめる	Quit
~1:1	0277D1	028CAC	帝国の【155】	About the Empire
~1:1	0277DA	028CBD	る	About the Town of Zoah
~1:1	0277DC	028CD4	ゾアの【0】の【155】	About the Liberal District
~1:1	0277FB	028CEF	【4】【5】【3】の【155】	About Jubas
~1:1	02781A	028CFB	【192】【411】の【155】	About the Seekers
~1:1	027839	028D0D	シーカーの【155】	About Uru
~1:1	027858	028D17	ウルの【155】	Quit
~1:1	027877	028D1C	【155】をやめる	About the Empire
~1:1	027882	028D2D	帝国の【155】	About the Town of Zoah
~1:1	02788B	028D44	る	About the Liberal District
~1:1	02788D	028D5F	ゾアの【0】の【155】	About Jubas
~1:1	0278AC	028D6B	【4】【5】【3】の【155】	About the Seekers
~1:1	0278CB	028D7D	【192】【411】の【155】	About Tobitama
~1:1	0278EA	028D8C	シーカーの【155】	Quit
~1:1	027909	028D91	トピタマの【155】	About the Empire
~1:1	027928	028DA2	【155】をやめる	About the Town of Zoah
~1:1	027933	028DB9	帝国の【155】	About the Liberal District
~1:1	02793C	028DD4	る	About Jubas
~1:1	02793E	028DE0	ゾアの【0】の【155】	About the Seekers
~1:1	02795D	028DF2	【4】【5】【3】の【155】	Quit
~1:1	02797C	02A1F5	【192】【411】の【155】	<01><01>(A woman is cleaning the place.)
~1:1	02799B	02A218	シーカーの【155】	(Her name is Jael...)
~1:1	0279BA	02A22E	【155】をやめる	(A young woman... 
~1:1	028C71	02A241	<01><01>(【436】い【588】の【144】が【600】【247】をしている…)	she looks bored.)
~1:1	028C94	02A253	(あの【144】…ヤエルという【430】だったな)	(Her name is Jael...)
~1:1	028CB7	02A269	(【436】い【588】の【144】だ…)	(A woman is cleaning the place.)
~1:1	028CCA	02A28A	(あの【144】、ヤエルという【430】だったな)	(Her name is Jael...)
~1:1	028CED	02A2A0	(【436】い【588】の【144】が【600】【247】をしている…)	(A young woman... she doesn't look
~1:1	028D0E	02A2C3	(あの【144】、ヤエルという【430】だったな)	busy right now.)
~1:1	028D31	02A2D4	(【436】い【588】の【144】だ…)	(Her name is Jael...)
~1:1	028D44	02A2EA	(あの【144】、ヤエルという【430】だったな)	(A young woman... she doesn't look
~1:1	028D67	02A30D	(【436】い【588】の【144】だ…)	busy right now.)
~1:1	028D7A	02A31E	(あの【144】、ヤエルという【430】だったな)	(Her name is Jael...)
1:1	028DAA	02A341	ゆっくりしてってね	Make yourself comfortable, okay?
1:1	028DCA	02A36F	ひまならジューパの【155】でも【156】いてあげてよ	If you have time, listen to Juba.
1:1	028DF1	02A391	ヨタ【155】が生きがいだからね、あいつ	He loves to hear himself talk.
1:1	028E1F	02A3BD	あら、よく【285】たわね	Be careful.
1:1	028E32	02A3C9	帝国【354】に【84】つからなかった？	Imperial troops were here.
1:1	028E5A	02A3F1	こんな【158】に【285】るなんて…	You got some guts to come here
1:1	028E71	02A410	【465】【601】あるのね、あんた	at a time like this.
~1:1	028E93	02A432	【60】をしたって、【244】ぬときは【244】ぬし	When I get enough money, 
~1:1	028EB2	02A44C	【602】かるときは【602】かるものよ	I'll leave this place.
~1:2	028ECB	02A463	だから、あたしは、いつも【18】り【387】くだけ…	Until then, I'll just keep working.
~1:2	028EFF	02A494	【363】【603】、帝国【354】も【1】【461】には【393】てないのよ	In the end, even the Empire can't defeat the Gods.
~1:1	028F22	02A4C7	いい【96】【265】だわ	They'll pay for their evil ways.
~1:2	028F3C	02A4F5	あとは【264】【445】が【563】れぱ【327】うことなしね	Now if we can get our customers back, I'll be happy.
~1:1	028F5D	02A52A	(【359】の【167】ち物に【416】をとめたようだ)	(Looks like she's interested in me.)
1:1	028F8B	02A55C	あのさ…	Hey, isn't that a sound pipe
1:1	028F94	02A579	それ…ヴェラトの【604】よね	from Verato?
1:1	028FB8	02A593	そうだけど…	Yeah...
~1:1	028FD2	02A5A8	やっばり…！	I thought so!
~1:2	028FDF	02A5B6	あたし、ヴェラトの【605】で生まれたのよ	I was born in Verato. It's a treasure that was handed
~1:1	029002	02A5EC	その【604】は、【605】に【315】わる【606】だったの	down for generations in my village.
~1:1	029021	02A610	でも、【605】は帝国に【97】かれちゃってね	But the village was burned to ashes
~1:2	029042	02A634	たぷん、あたしが【251】【324】の生き【100】り…	by the Empire. I'm probably the only survivor...
1:1	029070	02A672	それなら…	Then...
1:1	02907B	02A67A	これ、【500】け【107】ってくれないか	You should have it.
1:1	0290A3	02A69B	え？ いいの？	What? Really?
1:1	0290B2	02A6A9	でも、どうして？	But... why?
1:1	0290C3	02A6B5	だいいち、それ、どこで【83】に【41】れたの？	How did you get it?
1:1	0290F5	02A6D6	その、つまり…	Well...
1:1	029104	02A6DE	【84】つけたんだよ、【605】の【97】け【80】で	I found it in some ruins.
1:1	029121	02A6F8	れたの？	This belongs to your people.
1:1	029129	02A715	でも、ほら、【359】が【167】ってるよりは…	You should have it.
1:1	029157	02A736	…ありがとう	Thank you.
1:1	029164	02A741	それじゃ、【444】【607】なくもらっとくわ	I appreciate it.
1:1	029183	02A752	(これで、【390】【391】は【608】たしたな…)	(WelI, I kept my promise...)
1:1	0291AF	02A77C	まだ、【256】は【4】けてないわよ	We're not open yet.
1:1	0291D5	02A79D	あら、あたしに【126】いに【285】てくれたの？	Hey, haven't seen you in a while.
1:1	029205	02A7CC	【14】になったら、またいらっしゃい	Come back tonight.
~1:2	029231	02A7EC	あたし、ほんとは【609】【368】【218】のほうが【543】きなの	To tell you the truth, I prefer working on a farm.
~1:1	029258	02A81F	【605】にいた【610】がなつかしいわ	I miss my village.
1:1	02927E	02A83F	あんたがシーカーの【241】【128】だって【394】…	I heard that you're one of the
1:1	02929F	02A85E	まさか【99】【147】じゃないわよね	seekers... It's not true, is it?
1:1	0292C5	02A88C	ずっと、こっちを【84】てたみたいだけど…	You keep looking at me...
1:1	0292EA	02A8A6	そんなにあたしの【218】、【96】になる？	Do you like what you see?
~1:1	029316	02A8CD	ジューパの【103】、ちゃんとまけてくれた？	Did Juba give you a discount?
~1:1	02933B	02A8EB	こんな【218】しかできないけど…	That's the least I can do
~1:1	029356	02A905	【174】【494】、この【49】のお【326】のつもりよ	to repay you.
~1:1	029374	02C1E5	<18><09>	<01><10><09><05>s<01>T_LG_001.PCM
~4:1	029377	02C1F8	<03><05><09> <09>\n<07><!D3>【1】<07> <09>\n<09>ソ…<15><02> …おまえ、ハンターだな	You must be a hunter, eh, boy?
~1:1	02A9DB	02C217	【611】のわりには、いいツラがまえをしとる	You look pretty tough for your age.
1:1	02AA0D	02C248	あんたは？	Who are you?
~1:1	02AA25	02C262	ワシの【430】はラドガムだ	I'm Radgam.
~2:1	02AA3A	02C26E	ラがまえをしとる 【174】【494】、おまえと【302】【227】のつもりだよ	I am a hunter, like you.
~1:2	02AA76	02C294	おまえ、【239】りを【538】めてどれくらいになる？	How long has it been since you went hunting?
~1:2	02AAAA	02C2CE	【83】【315】いだったら、【135】からやってたけど…	Well, I've been hunting since I was a little kid.
~1:1	02AADC	02C30D	ほう、どのくらい【368】【61】まれとるのかな	Well, let me test your
~1:1	02AAFF	02C324	ひとつ【612】してやろう	skills, boy.
~1:1	02AB12	02C331	シャブリの【281】【361】【439】【108】は？	Against Baldor, where is it safe?
~1:1	02AB29	02C353	【49】【439】	front
~1:1	02AB40	02C359	【324】【439】	back
~1:1	02AB57	02C35E	【425】【422】	sides
~1:1	02AB6E	02C364	ズースーの【392】し【439】は？	How do you kill a Lathum?
~1:1	02AB83	02C37E	銃だけを【185】って攻撃	use your gun
~1:1	02AB96	02C38B	？	wait until it eats
~1:1	02AB98	02C39E	【613】れるのを【15】つ	find its hidden weakness
~2:1	02ABA7	02C3B7	【168】れている【614】【615】を【529】す トゥブの【456】れを【616】【617】させるには？	What makes a Nanyd Swarm scatter?
~1:1	02ABDB	02C3D9	まわりを1【618】する	circle around them once
~1:1	02ABEC	02C3F1	【5】っておく	leave them alone
~1:1	02ABF7	02C402	リーダーを【392】す	kill the Queen
~2:1	02AC06	02C411	ヴェロクスの【209】【619】は？ レーザーをよける	Name a characteristic of the Lazara?
~1:1	02AC2C	02C436	【456】れが【355】体する	dodges lasers
~1:1	02AC3B	02C444	体力を【132】【620】する	sprays acid
~1:1	02AC4A	02C450	【453】【454】【37】【222】にいない攻性生物は？	they recover health
~2:1	02AC67	02C464	ペモス セチュラ	Which do not live in the valley?
~1:1	02AC77	02C485	シャブリ	Arachnoth
~1:1	02AC80	02C48F	ブーキオに【515】ぱれて【285】るのは？	Hoppers
~1:1	02AC9D	02C497	ヴェロキタ	Baldor
~1:1	02ACA8	02C49E	トゥブ	What is summoned by a Pludger?
~1:1	02ACAF	02C4BD	キタ	Lazara
~1:1	02ACB3	02C4C4	ワーム	Nanyds
~1:1	02ACBA	02C4CB	【621】のあるアシュティの【275】【224】は？	Worms
~1:1	02ACD7	02C4D1	しぴれ【263】	What is the Horned Stryder's attack?
~2:1	02ACE0	02C4F6	【235】 <!B1>れ【263】	paralyzing shard
~1:1	02ACE9	02C507	【12】【558】【263】	dirt
~1:1	02ACF0	02C50C	トラコラとメラコラ、攻撃力が【622】いのは？	digestive fluid
~1:1	02AD17	02C51C	トラコラ	Magnata or Gelata, which is stronger?
~1:1	02AD20	02C542	メラコラ	Magnata Urchins
~1:1	02AD29	02C552	どちらも【302】じ	Gelata Urchins
~1:1	02AD36	02C561	ラコラ、攻撃力が【622】いのは？	They are equal
~1:1	02AD5D	02C57D	たいした【103】だな…	Impressive.
~1:2	02AD6E	02C589	おまえを【84】ていると、【436】い【610】を【325】い【13】す	You remind me of myself in my younger years.
~1:1	02AD93	02C5B6	ほれ、これを【167】っていけ	Here, take this.
1:1	02ADB7	02C5D4	でも、こんな【28】【29】なものを…	But isn't it valuable?
~1:1	02ADDF	02C5F8	【444】【607】せんでいい、【167】っていけ	Don't worry. Just take it.
~2:1	02ADFA	02C613	おまえのような【103】こそ、生き【100】るぺきだ ？	A hunter like you should have it.
1:1	02AE2E	02C642	【436】【190】にしては、なかなかやるな	For a rookie, you did well.
1:1	02AE4B	02C65E	【623】【624】を【360】めぱ、いいハンターになれるぞ	With some experience, you'll be a
1:1	02AE70	02C680	？	good hunter someday.
1:1	02AE72	02C695	これを【167】っていけ…【170】いの【171】に【51】つだろう	Take this, it should come in handy.
~2:1	02AEA6	02C6C6	そんな【218】じゃ、生きのぴられんぞ <1D>だろう	Not too bright, are you?
~1:1	02AECD	02C6DF	ほれ、これを【167】っていけ	Here, take this.
~1:1	02AEE4	02C6F0	【625】ない【158】は、それを【185】って【457】げるんだな	It may save your life.
~1:1	02AF16	02C714	…おまえ、【99】【147】にハンターなのか？	Are you really a hunter?
~2:1	02AF37	02C72D	よく【296】まで生きのぴられたもんだ ？	It's amazing you're still alive.
1:1	02AF65	02C75B	こんな【275】【224】じゃ、【96】【626】めにしかならんな	A weapon like that won't even
1:1	02AF8A	02C779	やはり、あれが【79】らんことには…	dent the monster's outer armor.
1:1	02AFB6	02C7A6	アルドーの【103】は【82】いて【20】くか…	I should leave Aldo behind...
1:1	02AFD3	02C7C4	どうせ、あれでは【185】いものにならんだろう	In his condition he'll be no use.
1:1	02B007	02C7F3	そうだ、それでいい	Correct.
1:1	02B027	02C809	【255】うな…	Wrong.
1:1	02B03D	02C81D	…おまえ、ハンターだな	...You must be a hunter, eh, boy?
1:1	02B054	02C83F	【611】のわりには、いいツラがまえをしとる	You look pretty tough for your age.
1:1	02B086	02C870	あんたは？	Who are you?
~1:1	02B09E	02C88A	ワシの【430】はラドガムだ	I'm Radgam.
~2:1	02B0B3	02C896	ラがまえをしとる 【174】【494】、おまえと【302】【227】のつもりだよ	I am a hunter, like you.
1:1	02B0EF	02C8BC	この「【280】り【177】」は、ゾアの【303】だ	The Guardian Fire protects Zoah.
1:1	02B10C	02C8DD	よ	Its power keeps the monsters at bay.
1:1	02B10E	02C902	攻性生物どもから、この【174】【222】を【488】っとる	The people are safe as long as they
1:1	02B133	02C926	ここにいる【518】り、【143】【429】は【281】【361】というわけだ	stay in the city.
1:1	02B15B	02C938	なあ、【436】いの…	Hey, rookie, do you believe that the
1:1	02B16A	02C95D	ハンターの【170】いに、【462】【265】はあると【325】うか？	hunters serve a greater purpose?
1:1	02B19E	02C98B	うん…【194】なくとも、【359】にはあるよ	Yeah, I can feel it.
1:1	02B1BD	02C9A0	【359】には、やらなくちゃいけないことがある	Everyone has their own destiny.
1:1	02B1E4	02C9C0	そのための【205】だし、【170】いなんだ	That's why I travel, and that's
1:1	02B201	02C9E0	<15>とがある	why I fight.
1:1	02B218	02C9FA	そうか…	I see...
~1:1	02B22E	02CA10	よくわからないけど…ないと【325】う	I'm not sure, but I don't have much
~1:2	02B24D	02CA34	でも、【462】【265】なんていらないんじゃないかな	faith in destiny. But do we really need faith?
~1:1	02B274	02CA63	生きるためにやってることなんだから	After all, we fight for a living.
~1:1	02B2A4	02CA92	生きるためか…	Survival...
~1:2	02B2B3	02CA9E	ま、【436】いうちはそれでもよかろう	You're still young. As you get older, you may change your mind.
~1:2	02B2D2	02CADE	(【243】【627】いた【311】だ…でも【628】えた【461】【321】はない)	(A very old man... but he doesn't look weak at all.)
~1:1	02B2F9	02CB13	(ハンターのラドガムだ…)	(It's Radgam, the hunter...)
~2:1	02B321	02CB3D	ここは、あまり【216】【410】する【411】【44】ではないぞ )	Don't stay here too long.
1:1	02B355	02CB64	攻性生物から、【144】【128】の生きる【411】【44】を【488】る…	Defending human settlements from
1:1	02B37C	02CB85	それが【99】【147】のハンターってもんだ	monsters should be a
1:1	02B39B	02CB9A	を【488】る…	hunter's main focus.
~1:2	02B3B0	02CBBC	シーカーと【172】わるなど、【328】心せんな	It's not a good idea to get involved with seekers, boy.
~1:1	02B3DE	02CC01	この【0】は【543】かん…	This town has its problems.
~2:1	02B3EF	02CC1D	どいつもこいつも【464】【181】けぱかりだ な	It's full of cowards.
1:1	02B41D	02CC40	どうも【386】りないな、おまえは	You have much to learn. At least you
1:1	02B438	02CC65	しかし、【170】いを【470】てた【103】よりはましか…	have courage and believe in yourself.
~1:2	02B46A	02CC98	あの【158】、おまえのような【103】がいれぱな…	I just wish someone like you was there, at the ambush...
1:1	02B49C	02CCDE	ワシも、もう【243】だ	I'm old now, but I don't plan on
1:1	02B4AD	02CCFF	ような【103】がいれぱな…	sitting around waiting to die.
1:1	02B4C1	02CD1E	いたずらに【303】を【469】しむつもりはない	I want to die in battle, like a
1:1	02B4E2	02CD3E	ハンターとして【244】ねれぱ、それでいいのだ	real hunter should.
~1:2	02B517	02CD5F	【436】いうちは、とにかく【411】【629】を【630】むことだ	You should see the world while you're young.
~1:1	02B53C	02CD8C	<!A6>	You have great potential.
~1:1	02B53F	02CDA6	【209】に、おまえのような物【380】らずはな	Don't let it go to waste.
~3:1	02B56D	02CDCD	【1】【2】【3】の【38】【387】きなどしちゃいかんぞ <1F>だ <!A6>	If you have the pride of a hunter,
~5:1	02B595	02CDF0	ハンターの【466】りがある【518】りはな <18><09> <03><05><09> <09>\n<07><!F5><!C1><01><07> <09>\n<09>ソ…<15><02>	you won't work for the Holy District.
~1:1	02EF97	030FFF	ほゆ<09>	)0<09>
~1:1	02EF9B	031003	)	<
~1:1	02EF9D	031005	<!8B>	<!8B>
~1:1	02EF9F	031007	<01>み<01>	<01>+<01>
~1:1	02EFA3	03100B	<!8B><01>(こちらに【96】づく【461】【321】もない…)	<!8B><01>(I don't think he noticed me...)
1:1	02EFD1	03103B	まだなんか【87】か？	You want something else?
1:1	02EFE2	031054	まさか…	Or...
1:1	02EFEB	03105A	【60】を【386】まれたか【459】れたんじゃないだろうな	Have you forgotten what I asked for?
~2:1	02F01F	03108C	ごめん…【25】はそうなんだ <!A2>ゃないだろうな	I don't know where to go.
~1:1	02F053	0310B3	なんだって？	What?
~1:1	02F060	0310B9	まったく…これだから無【380】な【103】は【467】るぜ	Imbecile... Okay, one more time.
~2:1	02F085	0310DA	な いいか、ゲオルギウスまで【20】って	Go to Georgius and get me
~1:1	02F0A6	0310F4	【185】えそうな【157】【30】を【529】してくるんだよ！	my ship parts... understand?
1:1	02F0D6	03111E	そ、そんなことないさ	No, that's not it.
~1:1	02F0F8	03113E	じゃあ、もたもたしてないで【20】ってこいよ	Then why don't you run along
~1:1	02F11F	03115B	でないと、【111】【227】が【423】まないだろ	so I can get back to work.
~1:1	02F13C	031176	(【60】かの【111】【227】をしているようだ)	(He's working on something.)
~1:2	02F15B	031193	(【107】ってきた【157】【30】を【631】【219】している…)	(He's inspecting the items I collected...)
~1:1	02F189	0311C9	【60】だこりゃ？	What is this?
~2:1	02F196	0311D7	こんなくだらねえガラクタで <0D>る…)	You think you can fool me
~1:1	02F1B9	0311F1	【215】をごまかせるとでも【325】ってんのか！	with this useless junk!?
~1:1	02F1DC	03120A	どうせ、その【26】の【442】【80】から	You probably found it
~1:1	02F1F5	031220	【160】ってきたんだろうが	in one of the ruins nearby.
~2:1	02F20A	03123C	<11>ら このバエット【461】はだまされねえぜ	You can't fool me.
~2:1	02F22D	03124F	<11>！ ゲオルギウスには	There's gotta be something
~1:1	02F242	03126A	もっとすげえもんがあるはずだ	more spectacular at Georgius.
~3:1	02F25F	031288	<!A4> <11>！ 【215】が【524】くようなものを【160】ってくるまで	Find something that will impress me,
~2:1	02F288	0312AD	<0D>よ 『【574】』の【155】はできねえな！	or I won't tell you about the Tower.
~1:1	02F2A5	0312D2	(バエットが【111】【227】をしている)	(Paet is working...
~1:1	02F2C2	0312E6	(こいつも、変わった【311】だな)	He's a strange guy.)
~2:1	02F2EC	031308	どうだい、この【77】【40】【78】？ 【215】がここまで【79】したんだぜ	How do you like this airship?
~1:1	02F31C	031326	な)	I fixed it.
~1:1	02F32D	03133F	ウルの【37】【38】なんだけどな	I hear there's a shield protecting
~1:1	02F344	031362	ブロテクトってのがかかってるらしいんだ	the ruins of Uru.
~1:2	02F36C	031374	そいつを【17】さないと、【37】【38】には【20】けないぜ	You have to deactivate it in order to go underground.
~1:2	02F3A1	0313B7	【74】【75】【76】の技【632】には、すごい力があるんだぜ	There's a powerful force behind the ancient technology.
~1:2	02F3C9	0313EF	【1】【2】【3】の【245】【40】は、それがわかってないのさ	Folks in the Holy District don't understand it.
1:1	02F3FD	03142C	バエット、【215】にも【83】【315】わせてよ	Let me help you, Paet.
~1:1	02F427	031450	こんな【44】にいていいのか、おまえ？	Is it all right for you to be here?
~2:1	02F448	031474	【383】【237】【461】にしかられるぜ <11>、おまえ？	The High Priest will be angry at you.
~1:2	02F476	0314A7	なんだよ、じいちゃんは【172】【441】ないだろ	My grandpa doesn't know where I am.
1:1	02F4A6	0314D8	おまえ、この【78】に【339】【265】があるのか？	Are you interested in this ship?
~1:2	02F4D4	031506	うん…これが【440】ぺぱ【444】くに【20】けるんだろ？	Uh huh... If it flies you can go anywhere, right?
1:1	02F508	031545	【147】【567】さ！	Of course!
1:1	02F511	031550	【215】の【109】【633】じゃ、帝国にだって【20】けるぜ	If my calculations are correct,
1:1	02F534	031570	ろ？	you can even get to the Empire.
1:1	02F545	03159D	【381】【382】の【368】【218】、【99】【147】にやるのか？	Are you really gonna take that job?
1:1	02F56F	0315CE	うん…	Yeah...
1:1	02F576	0315D6	どうしても、【380】りたいことがあるから	It is something I must do.
~1:1	02F5A6	0315FE	ふうん…	I see...
~1:2	02F5AF	031607	でも、うまく【20】く【84】【61】み、あるのか？	But what are your chances? It's something to do with
~1:1	02F5D2	03163C	帝国がらみなんだろ、どうせ	the Empire, right?
~1:2	02F5ED	03164F	【575】しい【103】に【155】を【156】いた【439】がいいかもな	You should find someone who's got some information about them.
1:1	02F61D	03169B	心【147】たり、あるのか？	You got anyone in mind?
~1:1	02F63F	0316C0	まさか！	Are you kidding!?
~1:1	02F648	0316D2	そんな【103】、この【0】にはいないよ	Don't bother looking in this town.
~1:2	02F665	0316F5	帝国と【172】わりがあったなんて【380】れたら…	If someone finds out that you're involved with the Empire...
~1:1	02F68A	031732	よくて【582】【5】、へたすりゃ【303】がないぜ	Banished, if you're lucky.
~1:1	02F6AB	03174D	ら…	You'll probably get killed.
1:1	02F6BC	031776	【296】【465】、【215】の【129】に【634】ぴに【285】いよ	Come to my house some day.
1:1	02F6D7	031791	【14】はたいてい【530】ってるからさ	I'm usually home at night.
1:1	02F6FF	0317B9	【296】【465】、【215】の【129】に【634】ぴに【285】いよ	Come to my house some day.
1:1	02F71A	0317D4	【14】はたいてい【530】ってるからさ	I'm usually home at night.
1:1	02F742	0317FC	みんな、どうして【457】げないのかな	Why aren't they evacuating?
~1:2	02F76E	031825	「【280】り【177】」を【312】じてるんだろ	They believe that the Guardian Fire will protect them.
~1:1	02F789	03185C	【96】【396】でうらやましいね	They've got so much faith.
1:1	02F7AB	031884	じゃあ、バエットはどうするつもり？	What are you going to do, Paet,
1:1	02F7CE	0318A4	帝国がここを【584】【585】したら…	if the Empire occupies this place?
~1:2	02F7F4	0318D4	その【158】は、帝国の技【632】【282】にでもなるさ	Then I'll work as an engineer for the Empire.
~1:2	02F817	031902	そのへんのパカどもには無【131】だろうけどな	If you've got your head on straight, you don't need faith.
~1:2	02F84B	03194A	この【78】、【99】【147】にくれるの？	Are you really gonna give me this airship?
~1:1	02F871	031982	エンジンの【635】究が【636】わったらな	I'm studying the engine.
~1:2	02F88E	03199B	もともと、そのために【111】ったものだし	That's why I made it in the first place.
~1:1	02F8B1	0319C4	【82】いといても【637】【638】になるだけさ	It's just taking up space right now.
~1:2	02F8DB	0319F6	…この【78】で、【0】を【13】る【96】はないの？	Why not leave this town in that ship?
~1:1	02F8FC	031A1C	帝国も攻めてくるしさ	The Empire may be coming.
1:1	02F91E	031A43	【0】を【13】る？	Leave this town?
1:1	02F929	031A54	なんかあてがあるのか、おまえ？	You got another place to go?
~1:2	02F955	031A7E	ないけど…なんとかなるよ、きっと	No, not really... But I'm sure we'll be all right.
1:1	02F983	031ABE	どうだった、【639】【640】は？	So, how did it go?
1:1	02F9A5	031ADE	【137】【276】、もう【174】【465】【285】いって	He said to come back tomorrow.
~1:1	02F9C9	031B0A	ふうん…ま、いいや	Hmm... oh well.
~2:1	02F9DC	031B1A	それより、おまえに【641】す物があるんだ <!AA>な	I got something for you.
1:1	02FA10	031B40	【83】【642】…【379】からだ？	A letter... who is it from?
1:1	02FA2E	031B69	【215】が【380】るかよ	How should I know?
1:1	02FA3B	031B7C	おまえの【380】り【355】いじゃないの？	Isn't he someone you know?
1:1	02FA58	031B97	ハンターみたいな【328】じだったけど…	He looked like a hunter, but...
1:1	02FA79	031BB7	なんか【358】な【103】だったな	he's a bit odd.
1:1	02FA8E	031BC7	(………)	...
1:1	02FA99	031BCB	(【296】【14】、ここに【285】いと【173】いてある)	(It says to come here tonight.
1:1	02FABA	031BEA	(…とにかく、)	This looks important.
1:1	02FACB	031C00	(【14】になったら、またここに【285】てみよう)	I'd better come back here tonight.)
1:1	02FAFF	031C31	【363】【603】、【0】はもとどおりか…	Well, the town is back to normal...
1:1	02FB25	031C62	なんだ、【306】【532】そうだな	What, you don't look happy.
1:1	02FB3A	031C7E	帝国が攻めてきた【439】がよかったのか？	You'd rather have the Empire attack?
1:1	02FB6A	031CB0	ほら、そこ、しっかり【643】さえろよ	Hey, hold it tight, will ya?
1:1	02FB96	031CDA	あ…ごめん	Oh... I'm sorry.
~1:2	02FBAE	031CF8	【296】【465】は、パイマンさんが【0】を【368】【493】るんだね	Don't talk about my grandpa. We don't get along.
~1:1	02FBE2	031D36	【381】【382】の【155】なんかするなよ、【601】くそ【266】いぜ	Don't talk about my father, will ya?
~1:1	02FC07	031D5B	ね	He makes me sick.
~1:1	02FC09	031D6D	こんな【0】の【381】【644】になって…	What's so good about running
~2:1	02FC22	031D8A	【60】がうれしいってんだ <1E>…	this town, anyway...
1:1	02FC48	031DAC	ごくろうさん	Sorry for all the trouble.
1:1	02FC55	031DC7	【645】るの、【646】いじゃないか	You climb pretty fast.
1:1	02FC6C	031DDE	さすがハンターだな	Is it because you're a hunter?
1:1	02FC8C	031E0A	…なんだって、わざわざこんな【218】…	What's the deal, kid?
~1:1	02FCBA	031E2D	【215】だって、いつもこうやってるんだぜ	I always do this.
~2:1	02FCDD	031E3F	<!A4> ね	I sealed off the stairs.
~1:1	02FCE1	031E58	【334】【335】をふさいじまってるんでね	It's the only way to keep
~1:1	02FCFE	031E72	こうでもしないと【381】【382】を【22】め【13】せないんだ	my father out.
~1:1	02FD26	031E81	(バエットは、【45】【46】【30】を【47】【48】している)	(Paet tinkers with his finds.)
~1:1	02FD4B	031EA0	(しかし、よく【647】きないな…)	(Doesn't he ever get tired of it?)
~1:1	02FD75	031ED0	【381】【382】ならこの【40】だぜ	My father is inside.
~2:1	02FD88	031EE5	ないな…) あいつが【101】【126】に【87】【218】とはね	What's he want with the church?
~2:1	02FDAB	031F05	…【450】【451】、なにか【648】んでやがるぜ <1E>いる)	I'm sure he's up to no good.
~1:2	02FDDD	031F2F	みんな、【1】【461】に【602】けられたと【325】っているぜ	Everyone thinks that the Gods will save them.
~1:1	02FE05	031F5D	無【380】な【245】【40】は、これだから【467】るよな	Those fools...
~1:1	02FE26	031F6C	(バエットだ…【306】機【649】そうだな)	(It's Paet... he's in a bad mood.)
~1:1	02FE45	031F8F	(バエットは、【45】【46】【30】を【47】【48】している)	(Paet tinkers with the finds.)
~1:1	02FE6A	031FAE	(しかし、よく【647】きないな…)	(Doesn't he ever get tired of it?)
1:1	02FE94	031FDE	エッジ、これ【167】って【20】けよ！	Please take this with you!
1:1	02FEAF	031FF9	メル【301】カヴァの【343】【119】だ、【450】【451】【171】に【51】つぜ	It's information about Mel-Kava.
1:1	02FED4	03201A	<!A4>	I wrote it myself and it
1:1	02FED7	032033	なんたって、【215】がまとめたものだからな	will help you on your quest.
1:1	02FEFC	032050	(わき【416】もふらずに【650】ぺている…)	(He's researching...)
1:1	02FF1D	032066	(こういう【218】には【174】生【651】【303】なんだな)	(He really works hard at this.)
~2:1	02FF4C	032092	これで【636】わりだ は【174】生【651】【303】なんだな)	That's all that's left of it.
~1:1	02FF6F	0320B0	攻性生物かなんかに	I guess it was attacked by
~1:1	02FF82	0320CB	攻撃を【500】けたんだろうな	the monsters.
~1:1	02FF99	0320D9	ここにはそれっきり	Right now, you can't get
~1:1	02FFAC	0320F2	【202】【330】ることもできないよ	near there.
~1:1	02FFC3	0320FE	(………)	(......)
~1:1	02FFDA	032113	ここ、ウルって【442】【80】なんだけど…	Those ruins are in Uru
~1:1	02FFF9	03212A	もともと、ここの【37】【38】から	I was investigating, because
~1:2	030012	032147	【574】に【20】けるっていうんで、【650】ぺてたんだ	they say you can get to the Tower from there.
~1:1	030037	032175	<!A4>	Getting to the Tower from the sky
~1:1	03003A	032197	【77】【40】から【574】へ【20】こうとしても	is impossible because of the fog.
~1:1	030055	0321B9	変な【652】に【637】【638】されて【20】けないんだよ	It's just that I was showing off
~1:1	030076	0321DA	ただ、【653】【567】【574】が【149】ってた【136】【654】【189】を	the photograph I took,
~1:1	030095	0321F1	【0】の【144】【128】に【501】【655】してたら、【215】が【574】のことを	and people thought
~1:1	0300BC	032204	【380】ってるってことになっちゃって…	I knew about the Tower.
~1:1	0300DD	03221C	だますつもりはなかったんだ…	I didn't mean to deceive you.
1:1	030106	032246	ま、いいよ	Oh, it's okay.
1:1	03011D	032261	…【20】くのか？	Are you going?
~1:1	030136	03227C	【215】は、【308】【128】はたいていここにいる	I'm usually here during the day.
~1:2	030155	03229D	【60】かあったら、いつでも【285】てくれ	If you want something, stop by anytime.
~1:1	030174	0322C5	あ、それから【484】の【390】【391】、【459】れんでくれよ	Oh, and don't forget about our deal.
~2:1	0301A6	0322F7	どうだい、この【77】【40】【78】？ 【215】がここまで【79】したんだぜ	How do you like this airship?
~1:1	0301D6	032315	れんでくれよ	I fixed it.
~1:1	0301EF	03232E	ウルの【37】【38】なんだけどな	I hear there's a shield protecting
~1:1	030206	032351	ブロテクトってのがかかってるらしいんだ	the ruins of Uru.
~1:2	03022E	032363	そいつを【17】さないと、【37】【38】には【20】けないぜ	You have to deactivate it in order to go underground.
~1:2	030263	0323A6	帝国の【656】いは「【280】り【177】」だよ、きっと	It's the Guardian Fire the Empire is after. I'm sure of it.
~1:1	030286	0323E2	【635】究【262】【119】にはもってこいだからな	It's vital to their research.
~1:2	0302B2	03240D	帝国【354】の技【632】って、【423】んでるんだろうな	I'm sure the technology of the Empire is very advanced.
~1:2	0302D7	032445	生まれる【411】【44】【128】【255】ったかなあ、【215】…	Why couldn't I have been born somewhere else?
~1:2	030305	032480	【17】には、【170】【573】の【100】【657】が【140】ちてるんだろ？	There's scrap metal from battleships outside, right?
~1:2	03032A	0324B5	【4】【5】【3】の【103】に【160】いに【20】かせようかな…	I think I'll let the guys from the Liberal District collect it.
~1:2	03035A	032502	このままでも、【440】ぷだけなら【658】【659】ないんだ	As it is now, it should have no problem flying.
~1:1	030382	032532	でも、【215】は【660】【661】を【416】【662】したいのさ	But I'm aiming for perfection.
~1:2	0303A1	032551	でなきゃ、【111】る【462】【265】がないもんな	Otherwise, there's no sense in restoring it.
1:1	0303CD	03258B	【381】【382】の【103】、すっかり【650】【321】に【541】っちまってさ	My father thinks he owns the town.
1:1	0303F4	0325AE	【660】【361】に【0】を【663】【664】った【96】でいやがる	I hope it doesn't go to his head.
~1:1	030420	0325DD	みんな、【1】【461】に【602】けられたと【325】っているぜ	Everyone thinks that the
~1:2	030448	0325F6	無【380】な【245】【40】は、これだから【467】るよな	Gods will save them. Those fools...
~1:1	030476	032627	こないだ、銃の【349】【131】を【386】まれてさ	The other day, I was ordered to
~1:1	030495	032647	【4】【5】【3】に【143】んでる【455】さんなんだけど…	fix a gun, from an old man who
~1:2	0304B8	032666	その銃が、やたらと【51】【186】なんだよな	lives in the Liberal District... An old geezer like that shouldn't
~1:1	0304D9	0326A9	あんな【103】に【167】たせとくのはもったいないぜ	have such a powerful weapon.
1:1	03050E	0326D3	…それで、【349】【131】したのか？	And did you fix it?
1:1	030534	0326F4	まあな	Of course.
1:1	03053B	0326FF	あの【665】【465】なら【16】メシ【49】さ	It was easy.
~1:2	03055F	032719	あれ、その銃…【215】が【349】【131】した【103】だよな	Hey, that gun... Isn't that the one I fixed the other day?
~1:1	030582	032754	ハンターの【455】さん、【666】んでたろ	That old man must be happy, huh?
~1:1	03059F	032775	【194】し、【13】力【133】げといたからな	I raised the power a bit, too.
~2:1	0305C7	0327A1	【453】【454】で【84】つけたんだ <1B>からな	I found it in the valley...
~1:1	0305E2	0327BD	…【167】ち【257】の【244】体も【174】【268】だった	along with its owner's body.
1:1	03060A	0327E7	え？	What?
1:1	03060F	0327ED	そ…それがどうしたってんだよ？	So what.
1:1	03062E	0327F6	【215】はただ、【386】まれて銃を【349】【131】しただけだぜ	I was just ordered to fix it.
1:1	030656	032814	【455】さんが【244】んだのは、【215】の【667】【668】じゃないよ	It's not my fault that he's dead.
~1:2	03068A	032843	ここの【245】【40】は、みんな帝国をなめてるんだ	People here don't consider the Empire a threat.
~1:2	0306B2	032873	【74】【75】【76】の力の【99】【669】が、【131】【502】できないのさ	They underestimate the power of the ancient technology.
~1:2	0306E4	0328B8	あんたの【381】【382】さんは、【255】うみたいだけど…	Your father seems to be different from the others...
~1:2	030718	0328FA	おまえに帝国【398】【314】を【386】んだことか？	Asking you to wipe out the Imperial forces just makes him
~1:2	030739	032934	【405】【406】【126】でうまく【51】ち【132】りたいだけだよ	look good in the eyes of the Council. By using the dragon to
~1:1	03075C	032971	ドラゴンと帝国をダシにしてな	fight the Empire, he looks like
~1:1	030779	032991	【99】【147】にやぱいと【325】ってたら	he's taking charge. In reality, if
~1:2	030792	0329B4	【0】を【470】てて【457】げ【13】してるよ、あいつは！	he was in real danger, he would desert this town, I'm sure of it.
1:1	0307C4	032A03	じゃあ、あんたはなんで【457】げないんだ？	Then, why don't you leave?
1:1	0307F6	032A2B	え？	What?
1:1	0307FB	032A31	いや、まあ…【270】【159】【420】えがあってな	Well, I have thought about it.
~1:1	030827	032A5D	「【280】り【177】」じゃ、帝国は【309】められないぜ	The Guardian Fire can't stop the
~2:1	03084C	032A7E	… 攻性生物とはわけが【255】うんだ	Empire. The Imperial forces
~2:1	030869	032A9A	られないぜ …	aren't like the monsters.
1:1	030882	032AC1	【74】【75】【76】って、なんで【408】んじまったのかな	How did the ancient people vanish?
1:1	0308A7	032AE4	こんなにすごい力があったのにさ	They had such incredible powers!
1:1	0308D3	032B12	まだなんか【87】か？	You want something else?
1:1	0308E4	032B2B	まさか…	Or...
1:1	0308ED	032B31	【60】を【386】まれたか【459】れたんじゃないだろうな	Have you forgotten what I asked for?
~2:1	030921	032B63	ごめん…【25】はそうなんだ <!A2>ゃないだろうな	I don't know where to go.
~1:1	030955	032B8A	なんだって？	What?
~1:1	030962	032B90	まったく…これだから無【380】な【103】は【467】るぜ	Imbecile... Okay, one more time.
~2:1	030987	032BB1	な いいか、ゲオルギウスまで【20】って	Go to Georgius and get me
~1:1	0309A8	032BCB	【185】えそうな【157】【30】を【529】してくるんだよ！	my ship parts... understand?
1:1	0309D8	032BF5	そ、そんなことないさ	No, that's not it.
1:1	0309FA	032C15	じゃあ、もたもたしてないで【20】ってこいよ	Then why don't you run along,
1:1	030A21	032C33	でないと、【111】【227】が【423】まないだろ	so I can get back to work.
~1:1	030A4B	032C5B	エッジ、これ【167】って【20】けよ！	Edge, take this with you.
~1:2	030A66	032C75	メル【301】カヴァの【343】【119】だ、【450】【451】に【171】に【51】つぜ	It's information about Mel-Kava. It will come in handy.
~1:2	030A8E	032CAD	なんたって、【215】がまとめたものだからな	I compiled it myself. I'll have nothing to do with
~1:1	032BFF	035348	ハンターなどに【87】はないよ	the hunters...
~1:2	032C25	035364	【368】【218】が【214】しいなら、【254】をあたるがいい	If you want a job, find another town.
~1:1	032C48	03538A	(【60】か【155】してるみたいだけど…)	(They're talking about something...)
~1:1	032C67	0353AF	(【444】すぎてよく【156】こえないな)	(But it's too far, so I can't hear.)
1:1	032C91	0353E1	【4】【5】【3】まで【285】ないと、【192】が【191】めんとは…	I have to go to the Liberal District,
1:1	032CB6	035407	【405】【406】【126】も、【194】し【420】えてほしいものだ	just to have a drink...
1:1	032CD7	03541F	は…	The Council will hear about this!
~1:2	032CE8	03544E	【344】も、この【0】の【394】を【156】いて【285】たのかね？	You heard the rumors about this town, too?
~1:2	032D0D	035479	【100】【670】だが、よそ【282】の【410】【411】【44】などないよ	I'm sorry to tell you this, but there's no place for outsiders.
~1:1	032D30	0354B9	(ずいぷん【212】なりのいい【311】だ)	(A well-dressed man)
~1:2	032D5A	0354DB	ハンターなどに【87】はないよ	I'll have nothing to do with the hunters...
~1:2	032D80	035514	【368】【218】が【214】しいなら、【254】をあたるがいい	If you want a job, you're out of luck.
~1:2	032DB0	035548	【442】【80】の【528】から【107】って【285】た【671】【672】【45】【253】体だぜ	It's an eternal light source I found at the ruins.
~1:1	032DD6	03557B	いい【161】い物だと【325】うけどなあ	I think it's a good buy.
~1:2	032DFE	0355A1	シーカーの【394】は【49】から【156】いていたが…	I've heard rumors about seekers... Never thought you'd try to sell
~1:1	032E21	0355E4	【1】から【673】んだ【30】を売りつけようとはな	something you stole from the Gods.
~1:1	032E51	035614	なんと【327】われても、【107】り【200】きはできんよ	I don't care what you say,
~1:2	032E76	03562F	【1】の【488】【280】を【134】【493】ることになるからな	I can't do business with you. I would betray the
1:1	032EA4	03566D	【1】の【488】【280】、ねえ…	Divine Protection, eh...
1:1	032EC2	035693	おや…【344】は、【269】か【4】【5】【3】で…	Say, haven't I seen you in
1:1	032EDD	0356AE	…な、なんでこんな【44】にいるんだ…	the Liberal District?
1:1	032EFE	0356C4	いや、この【128】は【356】【326】した	Why are you here?
1:1	032F15	0356D6	【319】はキトールという【282】だ	I am sorry about the other day.
1:1	032F2C	0356F6	<0D>るんだ…	My name is Quitor.
1:1	032F36	035709	【84】たところ、【205】をしているようだな	I see you are traveling.
1:1	032F57	035722	これで【86】【119】でも【161】うといい	Here, buy something with this.
1:1	032F70	035741	200【6】	200Dn
~1:1	032F86	035754	そのかわり…	In return...
~1:1	032F93	035761	【319】が【4】【5】【3】にいたことは、【674】っててくれよ	can you keep quiet about seeing me
~1:1	032FBA	035784	【383】【237】【461】に【380】られると【467】るんでな	in the Liberal District?
~1:2	032FD7	03579D	(あの【311】はここの【143】【144】らしい)	I don't want Vaiman to know. (He's a citizen
~1:2	032FF4	0357CA	(あの【311】は…キトールといったな)	of this town.) (His name is Quitor.)
1:1	033022	0357FC	これは、【88】からとってきた【86】【119】だよ	This is food we got from the
1:1	033043	035819	【587】【30】としても【476】【477】に【120】【332】なものだ	forest.
1:1	033062	035821	よ	It sells for a good price.
~1:1	033071	035849	よそから物を【161】わないと【306】【501】【675】するんだよ	I don't know if we can survive if
~1:2	033098	03586B	【405】【406】【126】も、その【26】を【420】えてほしいね	we don't trade with the outside. I wish the Council would
~1:2	0330B9	0358A5	(あの【311】はここの【143】【144】らしい)	consider it. (He's a citizen
~1:2	0330D6	0358C2	(あの【311】は…キトールといったな)	of this town.) (His name is Quitor.)
1:1	033104	0358F4	【344】、ここをどこだと【325】ってるんだね	Who do you think you are, boy?
~1:1	033132	035920	【383】【237】【461】に【451】して、【356】【326】じゃないか	How dare you disrespect the
~1:1	033151	03593C	(あの【311】はここの【143】【144】らしい)	High Priest!
~1:1	03316E	035949	(【60】の【87】でここに【285】たんだろう？)	(Looks like he lives around here.)
~1:2	03318F	03596C	(あの【311】は…キトールといったな)	(Why is he here?) (His name is Quitor.)
~1:1	0331B0	035994	(【60】の【87】でここに【285】たんだろう？)	(Why is he here?)
~1:1	0331DE	0359B3	これから、この【0】は変わるぞ	Things will be different from
~1:1	0331F9	0359D1	<0E>？)	now on! Vaiman is different from
~1:1	0331FF	0359F2	パイマンさんは、【49】の【383】【237】とは【255】うからな	the last High Priest.
~1:2	033226	035A08	ゆくゆくは【56】【676】【174】の【587】【227】【492】【677】になるだろう	We'll gain control over all of the trade in this area!
~1:1	03325A	035A4C	パイマンさんから、【344】の【218】は【156】いたよ	I've heard from Vaiman that you
~1:2	03327D	035A6C	【383】【237】【489】【13】のために【387】いてくれたそうだな	helped him win the election to become the High Priest.
~1:1	0332A2	035AA3	【575】しい【218】は【380】らないが、よくやってくれた	I don't know all the details,
~1:2	0332C9	035AC1	(あの【311】はここの【143】【144】らしい)	but you have done well. (He's a citizen
~1:2	0332E6	035AE9	(あの【311】は…キトールといったな)	of this town.) (His name is Quitor.)
1:1	033314	035B1B	すまんが、【87】ならあとにしてくれ	Sorry, can you come back later?
~1:2	033340	035B48	【56】【218】な【155】なんだ、【84】てわからんのか？	Can't you see that this is important?
~1:1	033370	035B7B	おや、よそ【282】じゃないか	Oh, an outsider, eh?
~1:1	033387	035B90	【379】に【513】【678】をもらったんだ？	Who gave you permission to enter?
~2:1	0333A0	035BB2	まあいい…【319】はキトールという【282】だ ？	No matter... I am Quitor.
~1:1	0333C3	035BCC	【370】に【467】ったら、【319】に【327】ってくれ	If you need money, talk to me.
~1:1	0333E0	035BEB	力になってやろうじゃないか	I can help you.
~1:2	033408	035C08	うちの【679】とよく【155】をしているようだな	I see you've been talking to my daughter.
~1:2	03342B	035C32	【679】が【266】い【218】を覚えると、【467】るんだがね	I don't want you to be a bad influence on her.
~1:2	03345B	035C6E	【251】【202】は、【405】【406】【126】の【416】が【566】しくてな	Lately, the Council has been keeping a close watch on me.
~1:1	03347A	035CA8	ろくに【587】売もできん	It's been bad for business.
~1:1	03348D	035CC4	そうだ…【344】、これを【161】わないか？	Hey, would you like to buy this?
~1:1	0334AC	035CE5	よそで売れぱ、いい【370】になるぞ	Sell it on the outside, and you
~1:1	0334C9	035D05	？	can make some good money.
~1:2	0334CB	035D1F	(ザアルの【25】か…【269】かに【120】【332】なものだ)	(It's the Zaal nuts. a very expensive item.)
1:1	0334FD	035D59	【680】【335】は…こんなものでどうだ？	How's that for a bargain?
1:1	03351A	035D73	500【6】で【161】う	Buy with 500 Dynes
1:1	033529	035D86	【161】わない	Do not buy
1:1	033532	035D91	【680】【493】る	Make a Deal
~1:1	033546	035DAA	ああ、【344】、ちょっと【386】まれてくれないか	Say, can you do me a favor?
~1:1	03356B	035DC6	これと【302】じ物を【650】【242】してきてほしいんだ	Can you find something for me?
~2:1	033590	035DE5	<1B> ここでは【83】に【41】らないんだよ	You can't find these around here.
~1:1	0335AD	035E07	(マクランジュエルか…)	(Macran Jewel, nice...)
~1:1	0335C6	035E1F	(攻性生物の体【267】にできる【606】【141】だ)	(It's a gem from a monster's body.)
1:1	0335F4	035E50	【386】んだぞ、【326】ははずむからな	Thank you.  You will be rewarded.
~1:2	03361C	035E7F	ほう…【1】【2】【3】【429】の【386】みを【431】るとはね	You dare to refuse a request from a citizen of the Holy District?
~1:2	03363D	035EC1	ハンター【91】【496】が、いいご【212】【219】じゃないか	Since when have hunters become so arrogant and defiant?
~1:2	03366F	035F06	【386】んだ物はまだか？ 【474】く【167】って【285】てくれ	Do you have it yet? Hurry and bring it to me.
~1:1	033696	035F34	(そういえぱ…)	(Oh, that's right...)
~1:1	0336A7	035F4A	(マクランジュエルを【650】【242】するんだっけ)	(I must find the Macran Jewel.)
1:1	0336DB	035F77	【386】まれてた物、【167】ってきたよ	I've got what you want.
~3:1	033703	035F9C	ああ、ご【401】【402】さん 10000【6】 (【359】の【167】ち物に【416】をとめたようだ)	Thank you very much.
~1:1	03374F	035FB1	おや？ それは【319】が【386】んだ物じゃないか	10000Dn
~1:1	033774	035FB9	【370】が【214】しいなら、そう【327】えぱよかったのに	(Looks like he's interested in
~2:1	03379B	035FD8	なに、心【503】せんでいい ちゃんと【161】い【107】ってやるよ	one of my items.)
~3:1	0337C9	035FEA	9000【6】 (【359】の【167】ち物に【416】をとめたようだ) (マクランジュエルが【214】しいらしいな…)	(I think he wants my Macran Jewel.)
~1:2	033829	03601B	【344】、それをひとつ売ってくれないか	Hunter, will you sell me one of those?
~1:1	03384A	036042	【680】【335】は…こんなものでどうだ？	How's this for payment?
~1:1	033867	03605A	9000【6】で売る	Sell for 9000 Dynes
~1:1	033878	03606E	売らない	Do not sell
~1:1	03388E	036087	【156】いたか？ ドラゴンが【197】【545】するそうだ	Did you hear? Vaiman prophesied
~1:1	0338B3	0360A7	)	that a dragon will appear!
~1:1	0338B5	0360C2	パイマンさんが【546】【327】なさったんだよ	Now we have nothing to fear,
~3:1	0338D6	0360DF	これで、帝国が攻めてきても【281】心だ <0E>だ )	even if the Empire attacks.
~1:2	03390A	036108	よそから物を【161】わないと【306】【501】【675】するんだよ	I don't know if we can survive if we don't trade with the outside.
~1:2	033931	03614B	【405】【406】【126】も、その【26】を【420】えてほしいね	I wish the Council would consider it.
1:1	03395F	03617E	よろしい…では、【500】け【107】りたまえ	You made yourself a great deal.
1:1	03398B	0361AB	ほう…まあ、無【131】にとは【327】わんがね	Well, I wouldn't want to force you...)
1:1	0339B9	0361DF	【1】【2】【3】【429】を【146】【83】に【680】【493】る【96】か？	How dare you try to bargain with
1:1	0339D6	036200	まったく…【60】【461】のつもりだ	a citizen of the Holy District!
1:1	0339EF	036220	<11>？	Who do you think you are!?
1:1	033A00	036248	ありがたい	I am very grateful.
1:1	033A0B	03625C	ここでは【83】に【41】らない【30】なんでね	You can't find them around here.
1:1	033A2A	03627D	9000【6】	9000Dn
1:1	033A42	036291	まあ、そう【327】わずに…	Are you an atheist or something?
1:1	033A57	0362B2	それじゃ、これならどうだ？	Well, how's this?
1:1	033A72	0362C4	10000【6】で売る	Sell for 10000 Dynes
1:1	033A85	0362D9	売らない	Do not sell
1:1	033A9B	0362F2	ありがたい！	I am very grateful.
1:1	033AA8	036306	ここでは【83】に【41】らない【30】なんでね	You can't find them around here.
1:1	033AC7	036327	10000【6】	10000Dn
~2:1	033AE1	03633C	もういい、【344】には【386】まん まったく、【251】【202】のよそ【282】は…	I will not offer you any more!
~4:1	033B14	03635B	<18><09> <03><05><09> <09>\n<08>ルに<01><07> <09>\n<09>ソ…<15><02>	Outsiders these days...
~1:1	034439	036D0D	<01><10><09><05>リ<01>イスー「スゆゆよもョ。ォ	<01><10><09><05>z<01>T_RD_001.PCM
~1:1	03444C	036D20	あなた、よそ【282】ね…	Oh no! You're an outsider!
~1:1	03445F	036D3B	だったら、ローダ、かくれなくちゃ！	I have to go hide now!
~1:1	034482	036D52	(あの【321】の【430】は…【269】かローダといったな)	(I believe she's named Rhoda.)
~1:1	0344A9	036D71	(あれ？ あの【321】は…)	(Hey, who is she?)
~1:1	0344C0	036D84	(【110】さな【588】の【321】だ…)	(A little girl...)
1:1	0344E2	036DA4	お【382】さんにもらった【606】物なの	My daddy gave this to me.
1:1	0344FD	036DBE	あなたにあげる！	Here, you can have it!
1:1	03451B	036DE2	みんな、よそ【282】がきらいなんだって	Everyone hates outsiders.
1:1	03453C	036DFC	どうしてかな？	I wonder why?
1:1	03454B	036E0A	でも、ローダは、あなたのこと【543】きよ	You seem so nice.
~2:1	03457B	036E29	よそ【282】って、【86】ぺ物ないんでしょ <12>よ	My mommy said that outsiders
~1:1	03459E	036E46	お【681】さんが【327】ってたよ	don't have any food.
~1:1	0345B3	036E5B	はい、これあげるね！	Here, take this!
1:1	0345D5	036E79	お【681】さんに【327】われてるの	My mommy told me to hide
1:1	0345EC	036E92	よそ【282】が【285】たら、かくれなさいって	if any outsiders come.
1:1	03460D	036EA9	だから、かくれんぽしたの！	That's why I play hide-and-seek!
~1:2	034635	036ED7	かぺの【108】こうって、【60】があるのかな？	I wonder what's on the other side of the wall?
~1:2	034665	036F13	だれもいなくてつまんない…	There's no one here, and it's no fun...
~1:2	034680	036F3B	みんな、【474】く【88】から【530】ってこないかなあ	I hope they all come back from the forest soon.
~1:1	0346B2	036F78	あのね、【1】さまがね、	The Gods say that the people here
~1:1	0346C7	036F9A	【254】の【321】は生まれてきちゃだめって【327】ったの	can't have any more kids.
~1:1	0346EE	036FB4	ローダ、お【419】だちほしいのになあ…	But I want friends my age...
~4:1	034710	039C28	<18><09> <03><05><09> <09>\n<08><!87><1D><01><07> <09>\n<09>ソ…<15><02>	(I should ask for directions.)
~1:1	036F9A	039C47	(【70】を【156】いてみよう)	(He seems to know the town's layout.)
~1:1	036FAF	039C6D	(あとで、【70】でも【156】いてみようかな)	(I should ask for directions.)
~2:1	036FD2	039C8C	(【70】を【156】いてみよう) (【70】を【156】いてみよう)	(I should ask for directions.)
~1:1	036FFC	039CAB	(【70】を【156】いてみよう)	(I should ask for directions.)
~1:1	037011	039CCA	(【70】を【156】いてみよう)	(I should ask for directions.)
~1:1	037026	039CE9	(あとで、【70】でも【156】いてみようかな)	(He seems to know the town's layout.)
~1:1	037049	039D0F	(【19】【42】が【84】【374】りをしている…)	(A gatekeeper is standing guard.)
~1:1	037066	039D31	(あれは、【19】【42】のシフレだ…)	(It's Siffle, the gatekeeper...)
1:1	037090	039D5F	あんた、ハンターだね	You must be a hunter, eh?
1:1	0370A5	039D79	【215】はシフレっていうんだ、よろしくな	I'm Siffle, it's nice to meet you.
~1:2	0370D5	039DA9	これは、【383】【237】【461】にいただいた【101】【102】だよ	This is the scripture that the High Priest gave me.
~1:2	037105	039DEA	【1】【2】【3】【429】になるには、【682】【622】も【317】【164】なのさ	To become a citizen of the Holy District, you need to
~1:1	03712A	039E20	【312】心が【445】りないと【325】われないようにね	show them you've got faith.
~1:1	03714D	039E3C	(【207】心に【99】を【148】んでいる…)	(He is reading a book...)
~1:1	037168	039E56	(【19】【42】のシフレだ…)	(It's Siffle, the gatekeeper.)
~1:2	03718A	039E82	この【0】に【143】めぱ、【379】だって【312】心【683】くなるさ	Anyone would be religious if they lived here.
~1:2	0371B1	039EB0	【1】の【519】みを、この【416】で【84】られるんだからね	You can see the blessings of the Gods with your own eyes.
~1:1	0371E5	039EF7	【1】【2】【3】の【143】【429】【684】を【511】るための【202】【70】はね…	The quickest way to earn citizenship
~1:2	03720A	039F1C	【1】【2】【3】のために【387】くことなんだよ	for the Holy District is to work for the Holy District.
~1:1	037229	039F54	(【207】心に【99】を【148】んでいる…)	(He is reading a book...)
~1:1	037244	039F6E	(【19】【42】のシフレだ…)	(It's Siffle, the gatekeeper.)
~1:1	037259	039F8D	(【70】を【156】いてみよう)	(I should ask for directions.)
~1:1	03726E	039FAC	(【19】【42】が【84】【374】りをしている…)	(A gatekeeper is standing guard.)
~1:1	03728B	039FCE	(あれは、【19】【42】のシフレだ…)	(It's Siffle, the gatekeeper...)
1:1	0372B5	039FFC	【685】【276】はすみませんでした	I'm sorry for being so
1:1	0372CC	03A013	無【326】な【413】をきいて…	rude the other day.
1:1	0372DF	03A027	(【207】心に【99】を【148】んでいる…)	(He is reading a book...)
1:1	0372FA	03A041	(【19】【42】のシフレだ…)	(It's Siffle, the gatekeeper.)
1:1	03731C	03A06D	【215】は【60】【243】も【19】【42】をやっていますが	I've been a gatekeeper for years.
1:1	03733B	03A08F	はね…	It'll take a lot more before I become
1:1	037341	03A0B5	【143】【429】【684】をもらえるのは、まだまだ【685】ですね	a citizen of the Holy District.
1:1	037375	03A0E2	【296】【465】、【432】【370】が【38】げられるらしいんです	Looks like the High Priest
1:1	037398	03A0FD	【366】しい【383】【237】【461】の【439】【686】だと【156】きましたが…	wants to cut our pay.
1:1	0373BD	03A113	このままだと、【133】【687】【370】も【409】えませんよ	I won't be able to pay taxes.
1:1	0373E0	03A131	(【207】心に【99】を【148】んでいる…)	(He is reading a book...)
1:1	0373FB	03A14B	(【19】【42】のシフレだ…)	(It's Siffle, the gatekeeper.)
~1:2	03741D	03A177	【0】の【41】【413】の【414】にある【334】【335】を【415】えると	Go up the stairs near the entrance to the town.
~1:1	03743E	03A1A7	【417】い【21】が【84】えるはずです	You'll see Juba's place.
~1:2	037455	03A1C0	ただ、【308】【128】は【256】を【22】めてるはずですが…	Look for blue doors, but they might not be open yet.
~1:1	037487	03A202	【0】の【41】【413】の【414】に、【334】【335】があるだろ	See the stairs next to the entrance
~1:1	0374A6	03A226	あれを【688】れぱ、すぐ【416】の【49】に【84】えるよ	to the town?
~1:1	0374C9	03A233	【417】い【21】が【416】【418】だからね	Go up and look for the blue doors.
~2:1	0374DE	03A256	でも…まだ【256】は【4】いてないはずだけど …	Juba's is closed in the daytime.
~1:1	037510	03A284	バエットさんは、【0】の【17】に【20】ってるよ	Paet went outside the town.
~1:1	037533	03A2A0	【419】【242】に【87】【218】だって【327】ってたけど…	He said he had some business
~1:2	037552	03A2BD	やっばり、【309】めた【439】がよかったかなあ	to attend to. Should I have stopped him?
~1:2	037582	03A2F3	バエットさんなら、機【81】【82】き【411】だろうな	I think Paet went to the machinery storage area.
~1:1	0375A7	03A324	【308】【128】は、たいていあそこにいるはずだよ	He's usually there during the day.
~1:1	0375D9	03A354	まず、【18】【39】を【181】けてください	First, go through the passage.
~1:1	0375F4	03A373	【421】【139】に【123】が【84】えるはずです	You should see a wall.
~1:1	03760D	03A38A	その【123】にそって、【422】に【423】むと…	Go along the wall, go right, and
~1:2	03762A	03A3AB	【174】【335】【38】がったところが、機【81】【82】き【411】です	go down some steps. That's where the storage area is.
~1:2	03765C	03A3EE	【18】【39】を【181】けると、【421】【139】に【123】が【84】えるから	Go through the passage, you'll see a wall in front of you.
~1:1	037681	03A429	その【123】にそって、【422】に【423】むんだ	Go right along the wall and go
~1:1	03769E	03A448	<0F>るから	down the steps. That's where
~1:1	0376A6	03A465	【174】【335】【38】がったところが、機【81】【82】き【411】だよ	the storage area is.
1:1	0376D8	03A487	パイマンさんのお【689】は、ええと…	Vaiman's house is... let me see...
1:1	0376F7	03A4AA	【101】【126】の【424】の【18】【39】を【18】って…	Go through the passage
1:1	037710	03A4C1	【13】【413】の【422】【310】にあるそうです	by the church, and it's to the right.
~1:1	037736	03A4F4	【1】【2】【3】に【41】ると、【421】【139】に【93】【94】があります	Go to the Holy District and you'll
~1:1	03775B	03A517	【101】【126】は、その【425】【310】だそうです	see a storage area. The church
~1:2	037776	03A536	【417】い【495】【99】【58】が【416】【418】だとか…	is to the left. Look for the two blue pillars.
1:1	03779C	03A572	【0】の【41】【413】の【414】にある【334】【335】を【415】えて…	Climb the stairs next to the entrance
1:1	0377BD	03A598	そのまま【423】んでください	of the town and go straight.
~1:1	0377E1	03A5C2	【0】の【41】【413】の【414】にある【334】【335】を【415】えて…	Climb the stairs next to the entrance
~1:1	037802	03A5E8	そのまま【423】めぱ、【18】【39】に【41】れるはずだよ	of the town. Go straight, and
~1:1	037827	03A606	ジューパの【256】への【70】	you'll see the passage.
~1:2	03783A	03A61E	バエットの【410】【411】【44】	Passage to Juba's Paet's
~1:1	03784B	03A637	機【81】【82】き【411】への【70】	Passage to Storage Area
~1:1	03785C	03A64F	パイマンの【129】への【70】	Passage to Vaiman's house
~1:1	03786F	03A669	【101】【126】への【70】	Passage to the Church
~1:1	03787A	03A67F	【18】【39】への【70】	To the Passage
~1:1	037885	03A68E	【155】をやめる	Quit
~1:1	037890	03A693	ジューパの【256】への【70】	Passage to Juba's
~1:1	0378A3	03A6A5	バエットの【410】【411】【44】	Paet's
~1:1	0378B4	03A6AC	機【81】【82】き【411】への【70】	Passage to Storage Area
~1:1	0378C5	03A6C4	パイマンの【129】への【70】	Passage to Vaiman's house
~1:1	0378D8	03A6DE	【101】【126】への【70】	Passage to the Church
~1:1	0378E3	03A6F4	【155】をやめる	Quit
~1:1	0378EE	03A6F9	ジューパの【256】への【70】	Passage to Juba's
~1:1	037901	03A70B	バエットの【410】【411】【44】	Paet's
~1:1	037912	03A712	機【81】【82】き【411】への【70】	Passage to Storage Area
~1:1	037923	03A72A	パイマンの【129】への【70】	Passage to Vaiman's house
~1:1	037936	03A744	【18】【39】への【70】	To the Passage
~1:1	037941	03A753	【155】をやめる	Quit
~1:1	03794C	03A758	ジューパの【256】への【70】	Passage to Juba's
~1:1	03795F	03A76A	バエットの【410】【411】【44】	Paet's
~1:1	037970	03A771	機【81】【82】き【411】への【70】	Passage to Storage Area
~1:1	037981	03A789	パイマンの【129】への【70】	Passage to Vaiman's house
~1:1	037994	03A7A3	【155】をやめる	Quit
~1:1	03799F	03A7A8	ジューパの【256】への【70】	Passage to Juba's
~1:1	0379B2	03A7BA	バエットの【410】【411】【44】	Paet's
~1:1	0379C3	03A7C1	機【81】【82】き【411】への【70】	Passage to Storage Area
~1:1	0379D4	03A7D9	【101】【126】への【70】	Passage to the Church
~1:1	0379DF	03A7EF	【18】【39】への【70】	To the Passage
~1:1	0379EA	03A7FE	【155】をやめる	Quit
~1:1	0379F5	03A803	ジューパの【256】への【70】	Passage to Juba's
~1:1	037A08	03A815	バエットの【410】【411】【44】	Paet's
~1:1	037A19	03A81C	機【81】【82】き【411】への【70】	Passage to Storage Area
~1:1	037A2A	03A834	【101】【126】への【70】	Passage to the Church
~1:1	037A35	03A84A	【155】をやめる	Quit
~1:1	037A40	03A84F	ジューパの【256】への【70】	Passage to Juba's
~1:1	037A53	03A861	バエットの【410】【411】【44】	Paet's
~1:1	037A64	03A868	機【81】【82】き【411】への【70】	Passage to Storage Area
~1:1	037A75	03A880	【18】【39】への【70】	To the Passage
~1:1	037A80	03A88F	【155】をやめる	Quit
~1:1	037A8B	03A894	ジューパの【256】への【70】	Passage to Juba's
~1:1	037A9E	03A8A6	バエットの【410】【411】【44】	Paet's
~1:1	037AAF	03A8AD	機【81】【82】き【411】への【70】	Passage to Storage Area
~1:1	037AC0	03A8C5	【155】をやめる	Quit
~1:1	037ACB	03A8CA	ジューパの【256】への【70】	Passage to Juba's
~1:1	037ADE	03A8DC	バエットの【410】【411】【44】	Paet's
~1:1	037AEF	03A8E3	パイマンの【129】への【70】	Passage to Vaiman's house
~1:1	037B02	03A8FD	【101】【126】への【70】	Passage to the Church
~1:1	037B0D	03A913	【18】【39】への【70】	To the Passage
~1:1	037B18	03A922	【155】をやめる	Quit
~1:1	037B23	03A927	ジューパの【256】への【70】	Passage to Juba's
~1:1	037B36	03A939	バエットの【410】【411】【44】	Paet's
~1:1	037B47	03A940	パイマンの【129】への【70】	Passage to Vaiman's house
~1:1	037B5A	03A95A	【101】【126】への【70】	Passage to the Church
~1:1	037B65	03A970	【155】をやめる	Quit
~1:1	037B70	03A975	ジューパの【256】への【70】	Passage to Juba's
~1:1	037B83	03A987	バエットの【410】【411】【44】	Paet's
~1:1	037B94	03A98E	パイマンの【129】への【70】	Passage to Vaiman's house
~1:1	037BA7	03A9A8	【18】【39】への【70】	To the Passage
~1:1	037BB2	03A9B7	【155】をやめる	Quit
~1:1	037BBD	03A9BC	ジューパの【256】への【70】	Passage to Juba's
~1:1	037BD0	03A9CE	バエットの【410】【411】【44】	Paet's
~1:1	037BE1	03A9D5	パイマンの【129】への【70】	Passage to Vaiman's house
~1:1	037BF4	03A9EF	【155】をやめる	Quit
~1:1	037BFF	03A9F4	ジューパの【256】への【70】	Passage to Juba's
~1:1	037C12	03AA06	バエットの【410】【411】【44】	Paet's
~1:1	037C23	03AA0D	【101】【126】への【70】	Passage to the Church
~1:1	037C2E	03AA23	【18】【39】への【70】	To the Passage
~1:1	037C39	03AA32	【155】をやめる	Quit
~1:1	037C44	03AA37	ジューパの【256】への【70】	Passage to Juba's
~1:1	037C57	03AA49	バエットの【410】【411】【44】	Paet's
~1:1	037C68	03AA50	【101】【126】への【70】	Passage to the Church
~1:1	037C73	03AA66	【155】をやめる	Quit
~1:1	037C7E	03AA6B	ジューパの【256】への【70】	Passage to Juba's
~1:1	037C91	03AA7D	バエットの【410】【411】【44】	Paet's
~1:1	037CA2	03AA84	【18】【39】への【70】	To the Passage
~1:1	037CAD	03AA93	【155】をやめる	Quit
~1:1	037CB8	03AA98	ジューパの【256】への【70】	Passage to Juba's
~1:1	037CCB	03AAAA	バエットの【410】【411】【44】	Paet's
~1:1	037CDC	03AAB1	【155】をやめる	Quit
~1:1	037CE7	03AAB6	ジューパの【256】への【70】	Passage to Juba's
~1:1	037CFA	03AAC8	機【81】【82】き【411】への【70】	Passage to Storage Area
~1:1	037D0B	03AAE0	パイマンの【129】への【70】	Passage to Vaiman's house
~1:1	037D1E	03AAFA	【101】【126】への【70】	Passage to the Church
~1:1	037D29	03AB10	【18】【39】への【70】	To the Passage
~1:1	037D34	03AB1F	【155】をやめる	Quit
~1:1	037D3F	03AB24	ジューパの【256】への【70】	Passage to Juba's
~1:1	037D52	03AB36	機【81】【82】き【411】への【70】	Passage to Storage Area
~1:1	037D63	03AB4E	パイマンの【129】への【70】	Passage to Vaiman's house
~1:1	037D76	03AB68	【101】【126】への【70】	Passage to the Church
~1:1	037D81	03AB7E	【155】をやめる	Quit
~1:1	037D8C	03AB83	ジューパの【256】への【70】	Passage to Juba's
~1:1	037D9F	03AB95	機【81】【82】き【411】への【70】	Passage to Storage Area
~1:1	037DB0	03ABAD	パイマンの【129】への【70】	Passage to Vaiman's house
~1:1	037DC3	03ABC7	【18】【39】への【70】	To the Passage
~1:1	037DCE	03ABD6	【155】をやめる	Quit
~1:1	037DD9	03ABDB	ジューパの【256】への【70】	Passage to Juba's
~1:1	037DEC	03ABED	機【81】【82】き【411】への【70】	Passage to Storage Area
~1:1	037DFD	03AC05	パイマンの【129】への【70】	Passage to Vaiman's house
~1:1	037E10	03AC1F	【155】をやめる	Quit
~1:1	037E1B	03AC24	ジューパの【256】への【70】	Passage to Juba's
~1:1	037E2E	03AC36	機【81】【82】き【411】への【70】	Passage to Storage Area
~1:1	037E3F	03AC4E	【101】【126】への【70】	Passage to the Church
~1:1	037E4A	03AC64	【18】【39】への【70】	To the Passage
~1:1	037E55	03AC73	【155】をやめる	Quit
~1:1	037E60	03AC78	ジューパの【256】への【70】	Passage to Juba's
~1:1	037E73	03AC8A	機【81】【82】き【411】への【70】	Passage to Storage Area
~1:1	037E84	03ACA2	【101】【126】への【70】	Passage to the Church
~1:1	037E8F	03ACB8	【155】をやめる	Quit
~1:1	037E9A	03ACBD	ジューパの【256】への【70】	Passage to Juba's
~1:1	037EAD	03ACCF	機【81】【82】き【411】への【70】	Passage to Storage Area
~1:1	037EBE	03ACE7	【18】【39】への【70】	To the Passage
~1:1	037EC9	03ACF6	【155】をやめる	Quit
~1:1	037ED4	03ACFB	ジューパの【256】への【70】	Passage to Juba's
~1:1	037EE7	03AD0D	機【81】【82】き【411】への【70】	Passage to Storage Area
~1:1	037EF8	03AD25	【155】をやめる	Quit
~1:1	037F03	03AD2A	ジューパの【256】への【70】	Passage to Juba's
~1:1	037F16	03AD3C	パイマンの【129】への【70】	Passage to Vaiman's house
~1:1	037F29	03AD56	【101】【126】への【70】	Passage to the Church
~1:1	037F34	03AD6C	【18】【39】への【70】	To the Passage
~1:1	037F3F	03AD7B	【155】をやめる	Quit
~1:1	037F4A	03AD80	ジューパの【256】への【70】	Passage to Juba's
~1:1	037F5D	03AD92	パイマンの【129】への【70】	Passage to Vaiman's house
~1:1	037F70	03ADAC	【101】【126】への【70】	Passage to the Church
~1:1	037F7B	03ADC2	【155】をやめる	Quit
~1:1	037F86	03ADC7	ジューパの【256】への【70】	Passage to Juba's
~1:1	037F99	03ADD9	パイマンの【129】への【70】	Passage to Vaiman's house
~1:1	037FAC	03ADF3	【18】【39】への【70】	To the Passage
~1:1	037FB7	03AE02	【155】をやめる	Quit
~1:1	037FC2	03AE07	ジューパの【256】への【70】	Passage to Juba's
~1:1	037FD5	03AE19	パイマンの【129】への【70】	Passage to Vaiman's house
~1:1	037FE8	03AE33	【155】をやめる	Quit
~1:1	037FF3	03AE38	ジューパの【256】への【70】	Passage to Juba's
~1:1	038006	03AE4A	【101】【126】への【70】	Passage to the Church
~1:1	038011	03AE60	【18】【39】への【70】	To the Passage
~1:1	03801C	03AE6F	【155】をやめる	Quit
~1:1	038027	03AE74	ジューパの【256】への【70】	Passage to Juba's
~1:1	03803A	03AE86	【101】【126】への【70】	Passage to the Church
~1:1	038045	03AE9C	【155】をやめる	Quit
~1:1	038050	03AEA1	ジューパの【256】への【70】	Passage to Juba's
~1:1	038063	03AEB3	【18】【39】への【70】	To the Passage
~1:1	03806E	03AEC2	【155】をやめる	Quit
~1:1	038079	03AEC7	ジューパの【256】への【70】	Passage to Juba's
~1:1	03808C	03AED9	【155】をやめる	Quit
~1:1	038097	03AEDE	ジューパの【256】への【70】	Passage to Juba's
~1:1	0380AA	03AEF0	機【81】【82】き【411】への【70】	Passage to Storage Area
~1:1	0380BB	03AF08	パイマンの【129】への【70】	Passage to Vaiman's house
~1:1	0380CE	03AF22	【101】【126】への【70】	Passage to the Church
~1:1	0380D9	03AF38	【18】【39】への【70】	To the Passage
~1:1	0380E4	03AF47	【155】をやめる	Quit
~1:1	0380EF	03AF4C	ジューパの【256】への【70】	Passage to Juba's
~1:1	038102	03AF5E	機【81】【82】き【411】への【70】	Passage to Storage Area
~1:1	038113	03AF76	パイマンの【129】への【70】	Passage to Vaiman's house
~1:1	038126	03AF90	【101】【126】への【70】	Passage to the Church
~1:1	038131	03AFA6	【155】をやめる	Quit
~1:1	03813C	03AFAB	ジューパの【256】への【70】	Passage to Juba's
~1:1	03814F	03AFBD	機【81】【82】き【411】への【70】	Passage to Storage Area
~1:1	038160	03AFD5	パイマンの【129】への【70】	Passage to Vaiman's house
~1:1	038173	03AFEF	【18】【39】への【70】	To the Passage
~1:1	03817E	03AFFE	【155】をやめる	Quit
~1:1	038189	03B003	ジューパの【256】への【70】	Passage to Juba's
~1:1	03819C	03B015	機【81】【82】き【411】への【70】	Passage to Storage Area
~1:1	0381AD	03B02D	パイマンの【129】への【70】	Passage to Vaiman's house
~1:1	0381C0	03B047	【155】をやめる	Quit
~1:1	0381CB	03B04C	ジューパの【256】への【70】	Passage to Juba's
~1:1	0381DE	03B05E	機【81】【82】き【411】への【70】	Passage to Storage Area
~1:1	0381EF	03B076	【101】【126】への【70】	Passage to the Church
~1:1	0381FA	03B08C	【18】【39】への【70】	To the Passage
~1:1	038205	03B09B	【155】をやめる	Quit
~1:1	038210	03B0A0	ジューパの【256】への【70】	Passage to Juba's
~1:1	038223	03B0B2	機【81】【82】き【411】への【70】	Passage to Storage Area
~1:1	038234	03B0CA	【101】【126】への【70】	Passage to the Church
~1:1	03823F	03B0E0	【155】をやめる	Quit
~1:1	03824A	03B0E5	ジューパの【256】への【70】	Passage to Juba's
~1:1	03825D	03B0F7	機【81】【82】き【411】への【70】	Passage to Storage Area
~1:1	03826E	03B10F	【18】【39】への【70】	To the Passage
~1:1	038279	03B11E	【155】をやめる	Quit
~1:1	038284	03B123	ジューパの【256】への【70】	Passage to Juba's
~1:1	038297	03B135	機【81】【82】き【411】への【70】	Passage to Storage Area
~1:1	0382A8	03B14D	【155】をやめる	Quit
~1:1	0382B3	03B152	ジューパの【256】への【70】	Passage to Juba's
~1:1	0382C6	03B164	パイマンの【129】への【70】	Passage to Vaiman's house
~1:1	0382D9	03B17E	【101】【126】への【70】	Passage to the Church
~1:1	0382E4	03B194	【18】【39】への【70】	To the Passage
~1:1	0382EF	03B1A3	【155】をやめる	Quit
~1:1	0382FA	03B1A8	ジューパの【256】への【70】	Passage to Juba's
~1:1	03830D	03B1BA	パイマンの【129】への【70】	Passage to Vaiman's house
~1:1	038320	03B1D4	【101】【126】への【70】	Passage to the Church
~1:1	03832B	03B1EA	【155】をやめる	Quit
~1:1	038336	03B1EF	ジューパの【256】への【70】	Passage to Juba's
~1:1	038349	03B201	パイマンの【129】への【70】	Passage to Vaiman's house
~1:1	03835C	03B21B	【18】【39】への【70】	To the Passage
~1:1	038367	03B22A	【155】をやめる	Quit
~1:1	038372	03B22F	ジューパの【256】への【70】	Passage to Juba's
~1:1	038385	03B241	パイマンの【129】への【70】	Passage to Vaiman's house
~1:1	038398	03B25B	【155】をやめる	Quit
~1:1	0383A3	03B260	ジューパの【256】への【70】	Passage to Juba's
~1:1	0383B6	03B272	【101】【126】への【70】	Passage to the Church
~1:1	0383C1	03B288	【18】【39】への【70】	To the Passage
~1:1	0383CC	03B297	【155】をやめる	Quit
~1:1	0383D7	03B29C	ジューパの【256】への【70】	Passage to Juba's
~1:1	0383EA	03B2AE	【101】【126】への【70】	Passage to the Church
~1:1	0383F5	03B2C4	【155】をやめる	Quit
~1:1	038400	03B2C9	ジューパの【256】への【70】	Passage to Juba's
~1:1	038413	03B2DB	【18】【39】への【70】	To the Passage
~1:1	03841E	03B2EA	【155】をやめる	Quit
~1:1	038429	03B2EF	ジューパの【256】への【70】	Passage to Juba's
~1:1	03843C	03B301	【155】をやめる	Quit
~1:1	038447	03B306	機【81】【82】き【411】への【70】	Passage to Storage Area
~1:1	038458	03B31E	パイマンの【129】への【70】	Passage to Vaiman's house
~1:1	03846B	03B338	【101】【126】への【70】	Passage to the Church
~1:1	038476	03B34E	【18】【39】への【70】	To the Passage
~1:1	038481	03B35D	【155】をやめる	Quit
~1:1	03848C	03B362	機【81】【82】き【411】への【70】	Passage to Storage Area
~1:1	03849D	03B37A	パイマンの【129】への【70】	Passage to Vaiman's house
~1:1	0384B0	03B394	【101】【126】への【70】	Passage to the Church
~1:1	0384BB	03B3AA	【155】をやめる	Quit
~1:1	0384C6	03B3AF	機【81】【82】き【411】への【70】	Passage to Storage Area
~1:1	0384D7	03B3C7	パイマンの【129】への【70】	Passage to Vaiman's house
~1:1	0384EA	03B3E1	【18】【39】への【70】	To the Passage
~1:1	0384F5	03B3F0	【155】をやめる	Quit
~1:1	038500	03B3F5	機【81】【82】き【411】への【70】	Passage to Storage Area
~1:1	038511	03B40D	パイマンの【129】への【70】	Passage to Vaiman's house
~1:1	038524	03B427	【155】をやめる	Quit
~1:1	03852F	03B42C	機【81】【82】き【411】への【70】	Passage to Storage Area
~1:1	038540	03B444	【101】【126】への【70】	Passage to the Church
~1:1	03854B	03B45A	【18】【39】への【70】	To the Passage
~1:1	038556	03B469	【155】をやめる	Quit
~1:1	038561	03B46E	機【81】【82】き【411】への【70】	Passage to Storage Area
~1:1	038572	03B486	【101】【126】への【70】	Passage to the Church
~1:1	03857D	03B49C	【155】をやめる	Quit
~1:1	038588	03B4A1	機【81】【82】き【411】への【70】	Passage to Storage Area
~1:1	038599	03B4B9	【18】【39】への【70】	To the Passage
~1:1	0385A4	03B4C8	【155】をやめる	Quit
~1:1	0385AF	03B4CD	機【81】【82】き【411】への【70】	Passage to Storage Area
~1:1	0385C0	03B4E5	【155】をやめる	Quit
~1:1	0385CB	03B4EA	パイマンの【129】への【70】	Passage to Vaiman's house
~1:1	0385DE	03B504	【101】【126】への【70】	Passage to the Church
~1:1	0385E9	03B51A	【18】【39】への【70】	To the Passage
~1:1	0385F4	03B529	【155】をやめる	Quit
~1:1	0385FF	03B52E	パイマンの【129】への【70】	Passage to Vaiman's house
~1:1	038612	03B548	【101】【126】への【70】	Passage to the Church
~1:1	03861D	03B55E	【155】をやめる	Quit
~1:1	038628	03B563	パイマンの【129】への【70】	Passage to Vaiman's house
~1:1	03863B	03B57D	【18】【39】への【70】	To the Passage
~1:1	038646	03B58C	【155】をやめる	Quit
~1:1	038651	03B591	パイマンの【129】への【70】	Passage to Vaiman's house
~1:1	038664	03B5AB	【155】をやめる	Quit
~1:1	03866F	03B5B0	【101】【126】への【70】	Passage to the Church
~1:1	03867A	03B5C6	【18】【39】への【70】	To the Passage
~1:1	038685	03B5D5	【155】をやめる	Quit
~1:1	038690	03B5DA	【101】【126】への【70】	Passage to the Church
~1:1	03869B	03B5F0	【155】をやめる	Quit
~1:1	0386A6	03B5F5	【18】【39】への【70】	To the Passage
~1:1	0386B1	03B604	【155】をやめる	Quit
~1:2	0386C9	03B616	この【0】に【143】めぱ、【379】だって【312】心【683】くなるさ	Anyone would be religious if they lived here.
~1:2	0386F0	03B644	【1】の【519】みを、この【416】で【84】られるんだからね	You can see the blessings of the Gods with your own eyes.
~1:1	038724	03B68B	【18】【20】【376】を【45】【20】されたということは	If you're granted a pass, it means
~1:2	038743	03B6AE	【1】に【368】える【343】【669】を【517】められたんですよ	that you are worthy to serve the Gods.
~1:1	038773	03B6E2	【1】【2】【3】の【143】【429】【684】を【511】るための【202】【70】はね…	The quickest way to earn citizenship
~1:2	038798	03B707	【1】【2】【3】のために【387】くことなんだよ	for the Holy District is to work for the Holy District.
~1:1	0387C4	03B74C	【215】も、【1】【2】【3】のお【171】に【51】ちたいです…	I want to do more for
~1:1	0387E7	03B762	【19】【42】じゃ、【56】した【218】はできませんからね	the Holy District... but
~4:1	03880C	03B77B	<18><09> <03><05><09> <09>\n<08><!C8><19><01><07> <09>\n<09>ソ…<15><02>	as a gatekeeper, I can't do much.
~1:1	038CFB	03BD4B	)<1D><1A><01>イスイースゆゆりもョ。ォ	<<1D><1A><01>T_TA_003.PCM
~1:1	038D0C	03BD5C	なんだい、あんた？	What do you want?
~1:1	038D1F	03BD6E	ハンターから【161】う物はないよ！	I don't do business with hunters.
~1:2	038D49	03BD9D	【107】り【200】き【40】なんだ、【637】【638】しないでくれよ	I'm in the middle of a deal. Don't bother me.
~1:1	038D7B	03BDD8	これしか【161】えないんですか？	Is that all I can buy?
~1:2	038D96	03BDEF	【544】【243】と【302】じだけ【409】ってるのに…	I'm paying the same amount as last year...
~1:1	038DC0	03BE27	【251】【202】は、【161】い【83】が【521】えてますので…	I've got lots of customers
~2:1	038DE1	03BE42	いやなら、無【131】にとは【327】いませんが れよ	I don't have to sell you anything.
~1:1	038E13	03BE72	もう【194】し、【165】【219】に売っていただけませんか	Can you sell me a little more?
~1:2	038E3A	03BE91	このままだと、【532】【445】に【690】【691】が【415】せません	I won't have enough to last through the dry season.
1:1	038E6C	03BED2	ならぱ、それも【1】の【325】し【692】しでしょうな	I guess that's up to the Gods now.
~2:1	038E9E	03BF02	ここには、【86】【119】の【161】いつけに【285】てるんだ <11>	I came here to buy food.
~1:1	038EC5	03BF1B	【321】【322】【242】を【504】わなくちゃいけないんでね	I have kids to feed.
~1:1	038EF5	03BF3D	【88】からは、【111】物がたくさんとれるんだ	The forest is full of crops,
~2:1	038F18	03BF5A	<!A6> <11>	but folks in the Holy District are
~1:1	038F1C	03BF7D	でも、みんな【1】【2】【3】の【245】【40】が【693】り【584】めさ	hoarding all of the food.
~1:1	038F41	03BF97	(あの【311】は【205】【144】らしい…)	(He looks like a traveler...)
~1:1	038F5C	03CC0B	<18><09>	Sorry, but I'm in the middle of
~1:1	038F5F	03CC2B	<03><05><09>	negotiating.
~2:1	038F63	03CC45	<09>\n<08><!CF>ヌ<01><07> <09>\n<09>ソ…<15><02>	Talk to me later, will ya?
~1:1	039A88	03CC6D	その【639】【50】り、ガッシュのだな	That necklace, it's Gash's, eh?
1:1	039AB0	03CC9A	【380】ってるのか？	You know him?
1:1	039ACC	03CCB5	そりゃ、【302】じシーカーだからな	Well, he's a fellow seeker.
1:1	039AE9	03CCD1	あんた、ハンターのエッジだろ？	You're Edge, the hunter, right?
1:1	039B08	03CCF1	あいつから【155】は【156】いてるよ	He told me all about you.
1:1	039B2E	03CD18	え！？	What!?
1:1	039B35	03CD1F	それって…どんな【155】だ？	What did he say?
1:1	039B59	03CD3D	ガリル【694】【695】で【75】【155】になったってさ	I hear you gave him a ride to
1:1	039B78	03CD5B	クーリアに【541】せてやったんだろ？	Cainus in the Garil Desert.
1:1	039B97	03CD77	【255】うのか？	Ain't that right?
1:1	039BAF	03CD96	い、いや、【269】かにそうだけど…	Well, yeah, I did, but...
~1:2	039BD9	03CDBD	あいつの【533】【144】なら、【215】にとっても【533】【144】だ	If he owes you his life, then I owe you mine, too.
~1:1	039BFF	03CDF0	お【326】に、こいつをやるよ	Here, take this.
~1:2	039C16	03CE01	(帝国の【173】物だ…どこかで【160】ったのかな)	(A book on the Empire... I wonder where he got it?)
1:1	039C4A	03CE42	【442】【80】に【339】【265】【167】ってるって【156】いたんでね	I hear you're interested in ruins.
1:1	039C6D	03CE65	【215】はエフタってんだ、よろしくな	I'm Jephthah. Nice to meet you.
1:1	039C99	03CE92	ああ、よろしく…	Nice to meet you too...
~1:2	039CB7	03CEB7	こないだ、【442】【80】でいいもの【84】つけたんだ	I found something really good at the ruins the other day.
~1:1	039CDC	03CEF1	)	Here, take a look.
~1:1	039CDE	03CF04	ほら、こいつさ	(It is indeed a rare item.
~1:1	039CED	03CF1F	(銃の攻撃力を【133】げる【157】【30】だな…)	It's a gun that can track three
~1:1	039D0E	03CF3F	(3体の【696】を【302】【158】に攻撃できるやつだ)	targets at once.)
~1:2	039D40	03CF5E	【281】くしとくぜ…どうだ、こんなもんで？	I'll give you a deal on it... How's this?
~1:2	039D65	03CF88	1000【6】で【161】う	Buy for 1000 Dynes Do not buy
~1:1	039D76	03CFA6	【161】わない	Deal more
~1:1	039D7F	03CFB0	【680】【493】る	(Those clothes... he must be a seeker)
~1:1	039D86	03CFD7	(あの【697】装は…シーカーだな)	(That seeker... I believe he's called
~1:1	039DA3	03CFFD	(あのシーカーは…エフタとかいったな)	Jephthah.)
1:1	039DD7	03D015	ちょっと【587】売しようと【325】って【285】たんだが…	I came to do business, but...
1:1	039DFE	03D033	どうもやりずらいね、この【0】は	it's tough here.
~1:1	039E28	03D051	へえ…いい銃【167】ってるじゃねえか	Hey... that's a nice looking gun
~1:3	039E47	03D072	これほどの物は、めったに【46】り【13】せないぜ	you got there. You don't find many like that anymore.
1:1	039E7C	03D0B5	そうこなくっちゃ！ あんた、【511】したぜ	You drive a hard bargain.
1:1	039EA1	03D0CF	<!A4>	Here, take it.
1:1	039EB1	03D0EB	そうか？ いい【161】い物だと【325】うけどなあ…	Really? I think it's a bargain...
1:1	039EE5	03D11A	もう【194】し、【281】くならないかな？	Can you cut me a better deal?
1:1	039F0F	03D145	うーん…	Umm...
1:1	039F18	03D14C	それじゃ、これでどうだ？	Okay, how's this then?
1:1	039F31	03D163	800【6】で【161】う	Buy for 800 Dynes
1:1	039F40	03D175	【161】わない	Do not buy
1:1	039F49	03D180	もっと【680】【493】る	Deal more
1:1	039F63	03D197	しっかりしてるね、あんた	You're tight with money.
1:1	039F7C	03D1B0	ほら、【167】ってけよ	Here, take it.
~1:1	039F9A	03D1CC	もういいよ、【254】をあたるから	Enough. I'll ask someone else.
~1:2	03B04E	03E42F	【698】めて【84】る【367】だね…【205】の【144】？	<09>\n<09>+}\n<09> <09>\n<09><!AF>a<1D><0F><04><!C2><0F><09><04>o<01>T_VZ_001.PCM
~1:1	03B069	03E452	【215】、ペゼルってんだ！ よろしく！	You're new here, huh? A traveler?
~1:1	03B08A	03E474	(【358】に【212】なりのいい【103】だ…)	I'm Bezer. Nice to meet you.
~1:2	03B0A5	03E491	(あいつは…ペゼルとかいったな)	(A well-dressed kid...) (His name is Bezer.)
~1:2	03B0D3	03E4CB	バエットに【87】？ 【296】は【1】【2】【3】にいるよ	You want Paet? He's in the Holy District.
~1:1	03B0F6	03E4F5	あ…そうか、あんたらは【20】けないんだっけ	Oh, I forgot... You can't go there.
1:1	03B12A	03E526	ここも、帝国に【584】【585】されちゃうのかな…	Will the Empire invade this town?
1:1	03B14F	03E548	(【358】に【212】なりのいい【103】だ…)	(A well-dressed kid...)
1:1	03B16A	03E560	(あいつは…ペゼルとかいったな)	(His name is Bezer.)
~1:2	03B198	03E582	あんた、【1】【2】【3】で【368】【218】もらったんだって？	I heard you got a job in the Holy District, is that right?
~1:1	03B1BF	03E5BD	…【363】【603】、あんたもみんなと【302】じなんだね…	I guess you're like everyone else...
1:1	03B1F3	03E5EF	【474】く【349】【131】をすませなくちゃ…	I gotta fix this quick...
1:1	03B20E	03E609	帝国が攻めてきたら、おしまいだ	If the Empire attacks, I
1:1	03B22D	03E622	んだね…	want to fight against them.
1:1	03B242	03E64B	【1】【2】【3】の【245】【40】は、【17】の【75】【323】がこわいんだ	Folks in the Holy District are afraid
1:1	03B267	03E671	…	of the world outside.
~1:1	03B276	03E694	【363】【603】、みんな【60】もしなかった…	Nobody in Zoah did anything...
~1:1	03B293	03E6B3	ドラゴンが【602】けてくれるのを【84】てただけだ	They just waited for the
~1:2	03B2BB	03E6CC	(【358】に【212】なりのいい【103】だ…)	dragon to save them. (A well-dressed kid...)
~1:1	03B2D6	03E6F9	(あいつは…ペゼルとかいったな)	(His name is Bezer.)
~2:1	03B304	03E71B	この【78】、もうすぐ【660】【699】するんだ な)	This ship will be ready soon.
~1:2	03B332	03E746	【0】を【13】たら、ハンターになろうかな	When I leave this town, I'll be a hunter.
~1:1	03B353	03E770	【275】【224】もひととおり【161】ってあるんだ	I've already got some weapons.
~1:1	03B372	03E78F	な	But joining a caravan is not
~1:1	03B374	03E7AC	キャラパンに【41】るのも、【266】くないよなあ…	a bad idea either.
1:1	03B3A8	03E7CC	【205】の【348】物とか、ここに【168】してあるんだ	I've stashed all my stuff here.
1:1	03B3CB	03E7EC	<0C>…	Grandpa will throw it all away,
1:1	03B3CF	03E80C	【84】つかったら、【470】てられちゃうからね	if he finds this place.
1:1	03B3FF	03E831	【215】、【501】【219】の力で生きていきたいんだ	I want to live on my own, without
1:1	03B420	03E853	ね	the protection of the Gods.
1:1	03B422	03E86F	【1】【461】に【488】ってもらうんじゃなくてさ	(Why is there a little kid
1:1	03B443	03E88A	(この【129】の【143】【144】でもなさそうだが…)	living in here?)
1:1	03B466	03E89B	(あいつは…ペゼルとかいったな)	(His name is Bezer.)
~1:1	03B494	03E8BD	じいちゃんの【155】、【156】いたよ	I heard about my grandpa.
~1:2	03B4AD	03E8D7	【383】【237】をやめさせられたんだってね	He was stripped of his position as High Priest, right?
~1:1	03B4CC	03E90E	…でも【215】、やっばり【129】には【563】らないよ	Well, I'm not going home. I'm
~1:1	03B4EF	03E92C	どうせ、【0】を【13】るんだから	gonna leave this town... someday.
1:1	03B515	03E95B	バエットには【266】いけどさ…	I don't mean to disrespect Paet...
1:1	03B52E	03E97E	【381】【382】さん、【363】【292】【155】がわかるんだな	(Why is there a little kid
1:1	03B54D	03E999	(この【129】の【143】【144】でもなさそうだが…)	living in here?)
1:1	03B570	03E9AA	(あいつは…ペゼルとかいったな)	(His name is Bezer.)
1:1	03B59E	03E9CC	いいだろうなあ、【17】の【75】【323】は…	I wonder how life is outside...
1:1	03B5BB	03E9EC	【520】なんかなくてさ	A life free of codes.
1:1	03B5D9	03EA0F	【215】、あの【78】に【541】って、【17】に【13】たいんだ	I want to ride that ship
1:1	03B5FC	03EA28	<0C>…	and get out of this town.
1:1	03B60D	03EA4F	【379】だ！	Who's there!?
1:1	03B614	03EA5D	なんだ、うちのじいちゃんかと【325】ったよ	Oh, I thought you were grandpa.
1:1	03B646	03EA8A	…じいちゃん？	...Your grandpa?
1:1	03B662	03EAA8	いや、いいんだ、【144】【255】いだったから	Oh, never mind...
1:1	03B683	03EABA	それにしても、よくここに【41】れたね	Anyway, how did you find
1:1	03B6A4	03EAD3	ここ、【215】だけの【168】れ【129】なんだ	my secret hideout?
1:1	03B6C5	03EAE6	【254】の【103】には【674】っててくれよ	Don't tell anyone about it, okay?
1:1	03B6DE	03EB08	かわりに、これあげるからさ	In return, I'll give you this.
~1:1	03B706	03EB34	【215】、ペゼルってんだ	I am Bezer.
~1:1	03B719	03EB40	るからさ	I am a citizen of the Holy District.
~1:1	03B721	03EB65	【174】【494】、【1】【2】【3】【429】だけど…	But I'm gonna leave one
~1:1	03B738	03EB7D	いつかはここを【13】ていくつもりさ	of these days.
~1:4	03BAC7	03EF0B	)<1D><1A><01>…………	<09>\n<09>0#<02><09> <<1D><1B> <09>\n<09>0G<02><09> <<1D><1A><01>.....
~1:1	03BAE1	03EF36	おやめよ、【407】えてるじゃないか	Stop it. You're scaring her!
~1:2	03BAFE	03EF53	(【60】か【155】してるけど…よく【156】こえないな)	(They're talking about something... but I can't hear.)
~1:1	03BB25	03EF8A	…………	.....
~1:1	03BB3B	03EF9D	おやめよ、おぴえてるじゃないか	Stop!  She's afraid of outsiders!
~1:2	03BB5A	03EFBF	(【60】か【155】してるけど…よく【156】こえないな)	(They're talking about something... but I can't hear.)
~1:1	03BB81	03EFF6	…………	.....
~1:1	03BB97	03F009	おやめよ、おぴえてるじゃないか	Leave her alone! Go away!
~1:2	03BBB6	03F023	(【60】か【155】してるけど…よく【156】こえないな)	(They're talking about something... but I can't hear.)
~1:4	03DC62	03F05C	よう、【650】【321】はどうだ？	<18><09> <03><05><09> <09>\n<09>0i<01><07> How's it goin'?
~1:1	03DC77	04149A	【107】り【200】きする	Make a Deal
~1:1	03DC84	0414A6	【155】をする	Talk
1:1	03DC9A	0414B8	【576】【465】！	Come back again!
1:1	03DCAE	0414D6	なんだ、ひやかしか	Just lookin', eh?
1:1	03DCCE	0414F5	どうだい、お【264】さん	Take a look, boy.
1:1	03DCE1	041507	いい物そろってるだろ	I've got lots of items.
1:1	03DD03	04152C	これ、みんな売り物なのか？	Are they all for sale?
~1:2	03DD2B	041550	【111】りかけもあるけど、だいたいはそうだな	Most of them are. There are some I'm still working on.
~2:1	03DD5F	041594	【215】は、ヤレドってんだ <!A6>いたいはそうだな	I'm Jared, and I just opened shop
~1:1	03DD86	0415B6	この【128】、ここに【256】を【13】したぱかりでね	here the other day.
~1:1	03DDA9	0415CA	【275】【224】なんかもあるから、【84】てってくれよ	I've got weapons too, look.
~1:1	03DDCE	0415E6	(【45】【46】【30】の【47】【48】をしている…)	(He's hard at work.)
~1:1	03DDEB	0415FB	(【70】【105】【89】のヤレドだ…【509】しそうだな)	(It's Jared... He looks busy.)
1:1	03DE1B	041627	よう、【650】【321】はどうだ？	How's it goin'?
1:1	03DE30	041637	【107】り【200】きする	Make a Deal
1:1	03DE3D	041643	【155】をする	Talk
1:1	03DE53	041655	【576】【465】！	Come back again!
1:1	03DE67	041673	なんだ、ひやかしか	Just lookin', eh?
~1:1	03DE87	041692	ウルの【202】くに、ドラゴンが【13】たって【155】だぜ	I heard that a black dragon
~1:2	03DEAF	0416AE	それも、【700】っ【438】いやつがな	appeared near the sunken city of Uru.
~1:1	03DED5	0416E1	【202】【44】の【455】さんが、銃の【349】【131】を【386】んできてね	The old man living nearby asked
~1:1	03DEFC	041701	しかし、【431】った【439】がいいだろうなあ	me to fix his gun.
~1:2	03DF1D	041714	【239】りができそうな【611】にゃ【84】えなかったし…	I think I should turn him down. He looks too old to hunt.
~1:1	03DF44	04174E	(【45】【46】【30】の【47】【48】をしている…)	(He's hard at work.)
~1:1	03DF61	041763	(【70】【105】【89】のヤレドだ…【509】しそうだな)	(It's Jared... He looks busy.)
1:1	03DF91	04178F	よう、【650】【321】はどうだ？	How's it goin'?
1:1	03DFA6	04179F	【107】り【200】きする	Make a Deal
1:1	03DFB3	0417AB	【155】をする	Talk
1:1	03DFC9	0417BD	【576】【465】！	Come back again!
1:1	03DFDD	0417DB	なんだ、ひやかしか	Just lookin', eh?
1:1	03DFF0	0417ED	ラージガンを売る	Sell Large Gun
1:1	03E001	0417FC	売らない	Do not sell
1:1	03E00A	041808	(【45】【46】【30】の【47】【48】をしている…)	(He's hard at work.)
1:1	03E027	04181D	(【70】【105】【89】のヤレドだ)	(It's Jared, owner of the shop.)
1:1	03E03C	04183E	(【63】【18】に【368】【218】をしてるけど…)	(He doesn't look too worried...)
1:1	03E059	04185F	(帝国【354】が【701】くないのかな？)	(Isn't he afraid of Imperial Troops?)
1:1	03E083	041892	よう、【650】【321】はどうだ？	How's it goin'?
1:1	03E098	0418A2	【107】り【200】きする	Make a Deal
1:1	03E0A5	0418AE	【155】をする	Talk
1:1	03E0BB	0418C0	【576】【465】！	Come back again!
1:1	03E0CF	0418DE	なんだ、ひやかしか	Just lookin', eh?
1:1	03E0E2	0418F0	ラージガンを売る	Sell Large Gun
1:1	03E0F3	0418FF	売らない	Do not sell
1:1	03E0FC	04190B	(【45】【46】【30】の【47】【48】をしている…)	(He's working on something.
1:1	03E119	041927	(【70】【105】【89】のヤレドだ…【509】しそうだな)	It's Jared... He looks busy.)
1:1	03E149	041952	なんだか…【511】体が【380】れない【328】じだった	Well, they were... kinda strange.
1:1	03E179	041981	そうだろうな	Thought so.
1:1	03E186	04198D	ありゃ、【215】【242】の【131】【502】を【702】えてるよ	They're beyond comprehension.
1:1	03E1B2	0419B8	【421】【79】【327】って、【458】かったよ	To be honest, I was scared.
1:1	03E1D6	0419E1	まあ、無【131】もないな	I don't blame ya.
1:1	03E1E9	0419F3	【379】だって、あれには【703】【392】されるさ	Everyone is overwhelmed by them.
~1:2	03E215	041A21	きれいだと【325】ったけど…変かな？	Well, I think they're works of art. Do you think that's odd?
~1:1	03E241	041A6B	そうでもないさ	Not really.
~1:2	03E250	041A77	この【75】の物とは【325】えない【442】【80】もあるからな	These ruins are unlike anything you've ever seen before.
1:1	03E284	041ABD	【363】【292】【139】【581】かったよ	I thought they were incredible.
1:1	03E295	041ADD	動いてる【103】なんか、【209】にね	Especially the moving one.
~1:1	03E2BB	041B05	へえ…	Hmm...
~2:1	03E2C2	041B0C	おまえさん、【56】物になるぜ ョもあるからな	You'll be a great hunter one day.
1:1	03E2F6	041B3B	いや、【305】に【60】も…	Well, nothing much...
1:1	03E314	041B5E	へえ…	Hmm...
1:1	03E31B	041B65	【436】いのに【704】【705】なんだな	You're hard to impress, kid.
1:1	03E33D	041B8F	おまえさん…	Say, m'boy...
1:1	03E34A	041B9D	このでかい銃、どこで【83】に【41】れた？	Where did you get that gun?
~2:1	03E378	041BC6	【453】【454】に【140】ちてたんだ <!A9>【83】に【41】れた？	I found it at the valley,
~1:1	03E399	041BE0	【167】ち【257】の【244】体も【174】【268】だった	along with its owner.
1:1	03E3BF	041C03	そうか…	I see... I guess he
1:1	03E3C8	041C17	ま、ハンターらしい【251】【478】かもな	died a hunter's death.
1:1	03E3E5	041C2E	1500【6】	1500Dn
~1:1	03E3FD	041C42	【215】も、いろんな【411】【44】を【205】してきたが…	I've traveled to many places, but...
~1:2	03E420	041C67	攻性生物のいない【88】なんて、【698】めて【84】たよ	I've never seen a forest that wasn't infested with monsters.
~1:1	03E454	041CB1	【202】【44】の【455】さんが、銃の【349】【131】を【386】んできてね	The old man living nearby asked
~1:2	03E47B	041CD1	しかし、【431】った【439】がいいだろうなあ	me to fix his gun. I think I should turn him down.
~1:1	03E49C	041D04	【239】りができそうな【611】にゃ【84】えなかったし…	He looks too old to hunt.
1:1	03E4D0	041D2B	【405】【406】【126】の【451】【494】しだいじゃ【170】になっちまうな	Depending on how the Council
1:1	03E4F7	041D48	とっとと【457】げた【439】がいいかもしれんぞ	replies, there could be a war.
1:1	03E51A	041D67	<0E>な	It might be better to leave.
~1:2	03E52B	041D91	【45】【46】【30】ひとつのために、【0】をつぷす…	For a single relic, the Empire will demolish an entire town.
~1:1	03E54E	041DCE	帝国ってのは、そういう【245】【40】なんだよ	They've always done it that way.
~1:2	03E57E	041DFC	【405】【406】【126】の【45】表、【156】いたかい？	Did you hear the announcement by the Council?
~1:2	03E599	041E2A	まさか、ドラゴンが【13】るとはねえ	A dragon appeared and saved the town.
~1:2	03E5C5	041E5D	【574】を【529】してる【103】がいるとは【156】いてたが…	I've heard there's someone looking for the Tower.
~1:1	03E5EA	041E8F	おまえさん、【99】【96】なのかい？	They must be crazy!
1:1	03E612	041EB0	この【0】には、【60】しに【285】たんだい？	Why did you come here?
1:1	03E631	041EC7	【86】【119】の【161】いつけじゃなさそうだが	Doesn't look like you came
1:1	03E650	041EE2	<1B>が…	to buy food.
~3:1	03E663	041EFC	【144】を…【529】してるんだ なさそうだが <1B>が…	I'm looking for... someone.
~1:1	03E695	041F25	ふーん…なら、ジューパの【256】に【20】ってみな	Hmm... Talk to Juba.
~2:1	03E6BC	041F3A	あいつなら、いろいろ【380】ってると【325】うぜ な	He knows a lot.
1:1	03E6F0	041F57	バエットに【126】ったんだって？	You saw Paet, right?
1:1	03E70B	041F6C	なんか無【706】なこと【386】まれたんじゃないか？	Did he send you on a quest?
1:1	03E73F	041F95	ああ	Well, sort of...
1:1	03E744	041FA6	ゲオルギウスに【20】ってこいってさ	He told me to go to Georgius.
~1:1	03E770	041FD1	【146】変わらずだなあ、あいつも	Good old Paet...
~1:2	03E78B	041FE2	ドラゴンの【170】【411】に【144】をやるなんてよ	Sending someone to the dragon's battlefield.
1:1	03E7B9	04201C	ドラゴンの…【170】【411】？	Dragon's... battlefield?
~1:1	03E7D9	042042	ああ、【60】【707】【243】も【49】の【155】だがな	Well, yeah, it was many years ago.
~1:1	03E7F4	042065	ある国が【74】【75】【76】の【77】【440】ぷ【78】を【45】【46】したんだ	One nation excavated an airship
~1:2	03E81C	042085	それをめぐって、2【708】のドラゴンが【170】った	from the Ancient Age. And two dragons fought over it.
1:1	03E850	0420C8	その【411】【44】が、ゲオルギウスか…	And that was at Georgius?
~1:1	03E87A	0420EF	そういうこった	That's right.
~1:2	03E889	0420FD	【363】【603】、【78】を【488】ってた【439】が【170】いに【357】れて…	In the end, the side that was protecting the airship lost...
~1:1	03E8AE	04213A	【100】った【174】【439】が、【78】を【277】【418】したそうだ	and the other sealed the ship.
~1:1	03E8CF	042159	<1E>…	The tornado over there was made
~1:1	03E8D3	042179	あそこの【709】【229】は、その【78】が【369】こしてるのさ	by that ship. It's trying to
~1:1	03E8FA	042196	ドラゴンの【277】【418】を【365】ろうとしてな	break the dragon's seal.
~1:2	03E926	0421BC	シーカーとの【394】、ずいぷん【710】まってるな	I heard rumors about you and the seeker.
1:1	03E958	0421F2	どうして、みんなシーカーを【649】うんだ？	Why does everyone hate seekers?
1:1	03E98A	04221F	…おまえさん、【442】【80】を【84】たことがあるだろ	...You've seen ruins, right?
1:1	03E9B1	04223C	どう【325】ったね？	What did you think of them?
1:1	03E9C0	042258	【511】体が【380】れない	Strange
1:1	03E9CF	042260	【458】ろしい	Fearful
1:1	03E9D8	042268	【711】しい	Beautiful
1:1	03E9DF	042272	【139】【581】い	Funny
1:1	03E9E6	042278	【305】に【60】も	Nothing, really
~1:1	03E9FC	042295	【442】【80】の【84】【439】は、【54】【37】によっていろいろだ	Opinions on those ruins differ.
~2:1	03EA21	0422B5	ろ 【1】の【442】【475】だとか、【266】【638】の【599】だとかな	Some say they house demons.
~1:1	03EA44	0422D1	だが、ひとつだけ【712】【18】【615】がある	I'll tell you one thing, humans have
~1:1	03EA61	0422F6	【144】【128】が【713】れるぺきじゃないってことさ	no business going near them.
~1:1	03EA84	042313	シーカーは、それを【46】り【163】してるんだぜ	And the seekers are digging up
~1:1	03EAA9	042332	ろ	these places.
1:1	03EAB8	04234D	そうか…	I see...
1:1	03EACE	042363	ま、そんなに【96】にする【218】ないさ	Well, don't let it worry you.
1:1	03EAEB	042381	【363】【603】、みんな【245】【40】と【107】り【200】きしてるんだ	In the end, everyone deals
1:1	03EB10	04239C	ろ	with them. I guess
1:1	03EB12	0423AF	【714】に【121】はかえられんってとこだな	we've got no choice, eh?
1:1	061E07	0656AF	エッジは、キャラパンとの【13】【14】との\n【15】【16】から「ゾア」と【17】ぱれる【18】の\n【19】【20】を【21】る。\n【22】きな【18】ならぱ、クレイメン【23】【0】に\n【24】する【25】がかりがつかめるかも\nしれない。\n \n(【26】【27】【28】・【29】【30】セリフ【31】み【32】み【33】【34】)\n	{86}{81}{137}{37}{70}{89}{78}{121}{151}{127}{31}{36}{269}{270}{31}{36}\n{271}{272}{17}{50}{68}{140}{83}{69}{31}{273}{176}{53}{52}{274}{36}\n{275}{276}{56}{277}{52}{67}\n{278}{18}{32}{274}{32}{50}{176}{70}{90}{124}{84}{116}{127}{279}{256}{33}\n{280}{24}{52}{281}{156}{17}{51}{156}{29}{17}{45}{52}{17}{46}\n{23}{53}{32}{13}{67}\n{1}\n{59}{282}{283}{284}{71}{285}{286}{96}{122}{110}{287}{43}{288}{43}{289}{290}{60}\n
1:1	061EC4	06576C	キャラパンのリーダーに【15】ったエッジ。\nリーダーから、エッジが【35】っている【36】【37】の\n【23】【0】(クレイメン【23】【0】)は【38】【39】【40】【41】\n(ゲオルギウス)へと【42】かったのでは\nないかとの【16】を【43】く。\n \n(【26】【27】【28】・【29】【30】デモイペント【44】【45】【33】【34】)\n	{89}{78}{121}{151}{127}{36}{122}{82}{141}{82}{33}{271}{189}{27}{86}{81}{137}{67}\n{122}{82}{141}{82}{17}{50}{70}{86}{81}{137}{156}{291}{189}{30}{13}{52}{292}{293}{36}\n{279}{256}{59}{90}{124}{84}{116}{127}{279}{256}{60}{37}{294}{295}{296}{297}\n{59}{134}{87}{123}{132}{85}{95}{60}{40}{31}{298}{17}{189}{27}{36}{169}{37}\n{32}{13}{17}{31}{36}{272}{56}{299}{19}{67}\n{1}\n{59}{282}{283}{284}{71}{285}{286}{144}{117}{84}{154}{127}{102}{300}{301}{289}{290}{60}\n
1:1	061F92	06583A	【46】【47】の【48】【14】から【16】を【43】くエッジ。\nこの【49】くには「【50】」と【17】ぱれる【51】【52】があり\nクレイメン【23】【0】はそこに【42】かったという。\nこの【18】に【13】んでいるバエットという【53】が、\n【50】の【54】を【55】しく【21】っているらしい。\nエッジは、その【53】が【56】いたという【50】の【57】を\n【25】に【58】れる。そこには、ドラゴンが【3】せた\n【59】と【60】じ【61】【62】があった。\n \n(【26】【27】【28】・【29】【30】【63】【64】【65】【66】【33】【34】)\n	{302}{303}{36}{304}{270}{17}{50}{272}{56}{299}{19}{86}{81}{137}{67}\n{21}{36}{305}{19}{33}{37}{68}{306}{69}{31}{273}{176}{53}{52}{307}{308}{156}{12}{51}\n{90}{124}{84}{116}{127}{279}{256}{37}{26}{21}{33}{298}{17}{189}{27}{31}{13}{14}{67}\n{21}{36}{274}{33}{269}{57}{169}{13}{52}{146}{86}{81}{102}{31}{13}{14}{309}{156}{70}\n{306}{36}{310}{56}{311}{23}{19}{277}{189}{30}{13}{52}{50}{23}{13}{67}\n{86}{81}{137}{37}{70}{26}{36}{309}{156}{312}{13}{27}{31}{13}{14}{306}{36}{313}{56}\n{281}{33}{314}{53}{52}{67}{26}{21}{33}{37}{70}{145}{121}{135}{127}{156}{259}{25}{27}\n{315}{31}{316}{162}{317}{318}{156}{12}{189}{27}{67}\n{1}\n{59}{282}{283}{284}{71}{285}{286}{319}{320}{321}{322}{289}{290}{60}\n
1:1	0620CD	065975	クレイメンが【42】かった【51】【52】「【50】」の\n【47】【67】を【21】っているという【53】・バエット。\n【7】は、【50】の【68】【69】を【70】えるかわりに、\nゲオルギウスと【17】ぱれる【47】【67】から\n【71】【72】【73】の【74】【75】【76】【77】を【78】ってくるよう\nエッジに【79】じる。\n \n(【26】【27】【28】・【29】【30】イペントで【80】【81】【33】【34】)\n	{90}{124}{84}{116}{127}{156}{298}{17}{189}{27}{307}{308}{68}{306}{69}{36}\n{303}{323}{56}{277}{189}{30}{13}{52}{31}{13}{14}{309}{71}{146}{86}{81}{102}{67}\n{263}{37}{70}{306}{36}{324}{325}{56}{326}{15}{52}{17}{55}{51}{33}{70}\n{134}{87}{123}{132}{85}{95}{31}{273}{176}{53}{52}{303}{323}{17}{50}\n{327}{328}{329}{36}{330}{331}{332}{333}{56}{334}{189}{30}{19}{52}{49}{14}\n{86}{81}{137}{33}{335}{162}{52}{67}\n{1}\n{59}{282}{283}{284}{71}{285}{286}{84}{154}{127}{102}{169}{336}{337}{289}{290}{60}\n
1:1	0621AC	065A54	ゲオルギウスから【78】ってきた【76】【77】を\nバエットに【3】せるエッジ。\nしかし、バエットはそれに【82】【83】せず、\n【84】【85】ゲオルギウス【86】きを【79】じる。\n \n(【26】【27】【28】・【29】【30】イペントで【80】【81】【33】【34】)\n	{134}{87}{123}{132}{85}{95}{17}{50}{334}{189}{30}{18}{27}{332}{333}{56}\n{146}{86}{81}{102}{33}{259}{25}{52}{86}{81}{137}{67}\n{23}{17}{23}{70}{146}{86}{81}{102}{37}{26}{53}{33}{338}{339}{25}{163}{70}\n{340}{341}{134}{87}{123}{132}{85}{95}{342}{18}{56}{335}{162}{52}{67}\n{1}\n{59}{282}{283}{284}{71}{285}{286}{84}{154}{127}{102}{169}{336}{337}{289}{290}{60}\n
1:1	06224F	065AF7	【84】ぴ【87】ったエッジに、うってかわって\nなれなれしく【88】するバエット。\n【7】は、エッジがドラゴン【89】りである\nことを【90】き【39】めたのだ。\nすっかり【91】【92】【93】になったバエットは、\n【94】【95】した【51】【52】「ウル」の【8】【96】に\n【50】への【97】【98】があるらしいと【99】る。\n \n(【26】【27】【28】・【29】【30】イペントで【80】【81】【33】【34】)\n	{340}{177}{343}{189}{27}{86}{81}{137}{33}{70}{14}{189}{30}{17}{55}{189}{30}\n{32}{53}{32}{53}{23}{19}{344}{24}{52}{146}{86}{81}{102}{67}\n{263}{37}{70}{86}{81}{137}{156}{145}{121}{135}{127}{345}{51}{169}{12}{52}\n{21}{31}{56}{346}{18}{295}{45}{27}{36}{166}{67}\n{24}{189}{17}{51}{347}{348}{349}{33}{32}{189}{27}{146}{86}{81}{102}{37}{70}\n{350}{351}{23}{27}{307}{308}{68}{85}{123}{69}{36}{264}{352}{33}\n{306}{40}{36}{353}{354}{156}{12}{52}{50}{23}{13}{31}{355}{52}{67}\n{1}\n{59}{282}{283}{284}{71}{285}{286}{84}{154}{127}{102}{169}{336}{337}{289}{290}{60}\n
1:1	06234D	065BF5	ゾアの【18】に【36】【37】【100】の【101】【102】が【103】れ、\n【18】は【104】【105】の【106】【107】にさらされる。\n【108】【109】エッジは、バエットの【110】であり\n【18】の【111】【92】【102】であるパイマンという【53】の\n【112】【113】を【6】け、【114】ざされた【115】【116】【13】【117】【40】【118】\n「【119】【120】【40】」への【97】【86】【121】を【122】る。\n \n(【26】【27】【28】・【29】【30】イペントで【80】【81】【33】【34】)\n	{140}{83}{36}{274}{33}{292}{293}{356}{36}{357}{358}{156}{359}{53}{70}\n{274}{37}{360}{361}{36}{362}{363}{33}{22}{50}{22}{53}{52}{67}\n{364}{365}{86}{81}{137}{37}{70}{146}{86}{81}{102}{36}{366}{169}{12}{51}\n{274}{36}{367}{348}{358}{169}{12}{52}{151}{84}{113}{127}{31}{13}{14}{309}{36}\n{368}{369}{56}{262}{20}{70}{370}{161}{22}{53}{27}{371}{372}{269}{373}{296}{374}\n{68}{375}{376}{296}{69}{40}{36}{353}{342}{377}{56}{378}{52}{67}\n{1}\n{59}{282}{283}{284}{71}{285}{286}{84}{154}{127}{102}{169}{336}{337}{289}{290}{60}\n
1:1	062434	065CDC	エッジに【36】【37】【100】を【123】【124】させたパイマンは\nその【125】によって【126】【127】【128】【129】の【130】につく。\nパイマンは、【131】【132】になれぱ「【51】【133】」を\n【3】せることができるとエッジに【99】る。\n【108】【109】、バエットは、【115】【134】【135】【131】の【53】から\n【136】った【25】【137】をエッジに【10】す。\nそれには、「【138】【139】、【140】【141】【142】のある【143】【47】で\n【113】つ」とだけ【144】されていた。\n \n(【26】【27】【28】・【29】【30】イペントで【80】【81】【33】【34】)\n	{86}{81}{137}{33}{292}{293}{356}{56}{379}{380}{22}{25}{27}{151}{84}{113}{127}{37}\n{26}{36}{381}{33}{49}{189}{30}{382}{383}{384}{385}{36}{386}{33}{29}{19}{67}\n{151}{84}{113}{127}{37}{70}{387}{388}{33}{32}{53}{176}{68}{307}{389}{69}{56}\n{259}{25}{52}{21}{31}{156}{169}{18}{52}{31}{86}{81}{137}{33}{355}{52}{67}\n{364}{365}{70}{146}{86}{81}{102}{37}{70}{371}{390}{391}{387}{36}{309}{17}{50}\n{392}{189}{27}{281}{393}{56}{86}{81}{137}{33}{266}{24}{67}\n{26}{53}{33}{37}{70}{68}{394}{395}{70}{396}{397}{398}{36}{12}{52}{399}{303}{169}\n{369}{29}{69}{31}{166}{20}{400}{22}{53}{30}{13}{27}{67}\n{1}\n{59}{282}{283}{284}{71}{285}{286}{84}{154}{127}{102}{169}{336}{337}{289}{290}{60}\n
1:1	062567	065E0F	バエットは、【115】【134】【135】【131】の【53】から【136】った\n【25】【137】をエッジに【10】す。\nそれには、「【138】【139】、【140】【141】【142】のある【143】【47】で\n【113】つ」とだけ【144】されていた。\n \n(【26】【27】【28】・【29】【30】セリフ【31】み【32】み【33】【34】)\n	{146}{86}{81}{102}{37}{70}{371}{390}{391}{387}{36}{309}{17}{50}{392}{189}{27}\n{281}{393}{56}{86}{81}{137}{33}{266}{24}{67}\n{26}{53}{33}{37}{70}{68}{394}{395}{70}{396}{397}{398}{36}{12}{52}{399}{303}{169}\n{369}{29}{69}{31}{166}{20}{400}{22}{53}{30}{13}{27}{67}\n{1}\n{59}{282}{283}{284}{71}{285}{286}{96}{122}{110}{287}{43}{288}{43}{289}{290}{60}\n
1:1	062606	065EAE	【143】【47】ではクレイメンが【113】っていたが、\nエッジを【145】けようとしたバエットの\n【146】【58】によって【15】【3】は【141】【147】してしまい、\nクレイメンの【148】【149】は【135】【131】のままとなる。\n【126】の【150】、パイマンは、【70】【15】の【120】【151】の【152】を\nエッジに【10】す。そこに、【18】の【51】【133】である\n「『【153】り【154】』の【154】【155】」が【156】【157】されて\nいるという。\n \n(【26】【27】【28】・ムーピー【158】で【80】【81】【33】【34】)\n	{399}{303}{169}{37}{90}{124}{84}{116}{127}{156}{369}{189}{30}{13}{27}{156}{70}\n{86}{81}{137}{56}{401}{20}{49}{14}{31}{23}{27}{146}{86}{81}{102}{36}\n{402}{314}{33}{49}{189}{30}{271}{259}{37}{397}{403}{23}{30}{23}{42}{13}{70}\n{90}{124}{84}{116}{127}{36}{404}{405}{37}{391}{387}{36}{42}{42}{31}{32}{52}{67}\n{382}{36}{406}{70}{151}{84}{113}{127}{37}{70}{326}{271}{36}{376}{407}{36}{408}{56}\n{86}{81}{137}{33}{266}{24}{67}{26}{21}{33}{70}{274}{36}{307}{389}{169}{12}{52}\n{68}{61}{409}{51}{410}{62}{36}{410}{411}{69}{156}{412}{413}{22}{53}{30}\n{13}{52}{31}{13}{14}{67}\n{1}\n{59}{282}{283}{284}{71}{115}{82}{152}{82}{414}{169}{336}{337}{289}{290}{60}\n
1:1	06272F	065FD7	パイマンは、【70】【15】の【120】【151】の【152】を\nエッジに【10】す。そこに、【18】の【51】【133】である\n「『【153】り【154】』の【154】【155】」が【156】【157】されて\nいるという。\n \n(【26】【27】【28】・【29】【30】セリフ【31】み【32】み【33】【34】)\n	{151}{84}{113}{127}{37}{70}{326}{271}{36}{376}{407}{36}{408}{56}\n{86}{81}{137}{33}{266}{24}{67}{26}{21}{33}{70}{274}{36}{307}{389}{169}{12}{52}\n{68}{61}{409}{51}{410}{62}{36}{410}{411}{69}{156}{412}{413}{22}{53}{30}\n{13}{52}{31}{13}{14}{67}\n{1}\n{59}{282}{283}{284}{71}{285}{286}{96}{122}{110}{287}{43}{288}{43}{289}{290}{60}\n
1:1	0627C6	06606E	「【153】り【154】」の【154】【155】に【159】れたエッジの\n【160】【161】に、メル【162】カヴァの【59】が【163】【164】する。\nメル【162】カヴァとは、【50】の【165】【140】を【166】【167】する\n【168】【22】なパリア【2】【169】【170】【157】だった。\nこの【59】から、エッジはメル【162】カヴァの\n【47】【67】を【21】る。\n \n(【26】【27】【28】・【29】【30】イペントで【80】【81】【33】【34】)\n	{68}{409}{51}{410}{69}{36}{410}{411}{33}{415}{53}{27}{86}{81}{137}{36}\n{416}{417}{33}{70}{116}{123}{418}{88}{128}{73}{36}{315}{156}{419}{420}{24}{52}{67}\n{116}{123}{418}{88}{128}{73}{31}{37}{70}{306}{36}{421}{396}{56}{422}{423}{24}{52}\n{424}{278}{32}{151}{122}{83}{258}{425}{426}{413}{166}{189}{27}{67}\n{21}{36}{315}{17}{50}{70}{86}{81}{137}{37}{116}{123}{418}{88}{128}{73}{36}\n{303}{323}{56}{277}{52}{67}\n{1}\n{59}{282}{283}{284}{71}{285}{286}{84}{154}{127}{102}{169}{336}{337}{289}{290}{60}\n
1:1	0628A5	06614D	キャラパンを【171】れたエッジの【161】に、\nガッシュの【101】いのシーカーが【103】れた。\n【7】の【16】によると、ガッシュは\n「シーカーの【172】」と【17】ぱれる【47】【67】で\nエッジを【113】っているという。\n \n(【26】【27】【28】・【29】【30】セリフ【31】み【32】み【33】【34】)\n	{89}{78}{121}{151}{127}{56}{427}{53}{27}{86}{81}{137}{36}{417}{33}{70}\n{131}{81}{94}{79}{36}{357}{13}{36}{94}{82}{88}{82}{156}{359}{53}{27}{67}\n{263}{36}{272}{33}{49}{52}{31}{70}{131}{81}{94}{79}{37}\n{68}{94}{82}{88}{82}{36}{428}{69}{31}{273}{176}{53}{52}{303}{323}{169}\n{86}{81}{137}{56}{369}{189}{30}{13}{52}{31}{13}{14}{67}\n{1}\n{59}{282}{283}{284}{71}{285}{286}{96}{122}{110}{287}{43}{288}{43}{289}{290}{60}\n
1:1	062967	06620F	【173】いに【5】ついたシーカー【174】から、\nアゼルが【175】を【176】したと【43】かされるエッジ。\n「【177】み【14】」ザドクは、アゼルの【86】き【178】は\nウルの【8】【96】だと【179】【180】する。なぜなら、\nドラゴン【60】【181】、【7】【182】もウルのブラントで\n【183】【184】されたからだ。\n \n(【26】【27】【28】・【29】【30】セリフ【31】み【32】み【33】【34】)\n	{429}{13}{33}{261}{29}{13}{27}{94}{82}{88}{82}{430}{17}{50}{70}\n{83}{139}{123}{156}{431}{56}{432}{23}{27}{31}{299}{17}{22}{53}{52}{86}{81}{137}{67}\n{68}{433}{43}{270}{69}{136}{145}{90}{37}{70}{83}{139}{123}{36}{342}{18}{434}{37}\n{85}{123}{36}{264}{352}{166}{31}{435}{436}{24}{52}{67}{32}{164}{32}{50}{70}\n{145}{121}{135}{127}{316}{437}{70}{263}{438}{46}{85}{123}{36}{148}{121}{127}{102}{169}\n{439}{440}{22}{53}{27}{17}{50}{166}{67}\n{1}\n{59}{282}{283}{284}{71}{285}{286}{96}{122}{110}{287}{43}{288}{43}{289}{290}{60}\n
1:1	063328	066A74	【0】【1】【2】	PointLight
1:1	06332F	066A80	【3】で【4】っている【5】を【6】う	Camera
1:1	063346	066A88	【4】【7】【8】【9】な【10】【11】【12】を【4】る	Camera2
1:1	06335D	066A90	【3】で【4】っている【13】のバーツを【6】う	Camera3
1:1	06337C	066A98	【14】【11】ちの【13】のバーツを【4】る	NpcPos
1:1	063395	066AA0	【15】【16】／【4】【7】の【17】り【18】え	Exit
