file	offset	len
1ST_READ.PRG	03D244	25
1ST_READ.PRG	03D25D	27
1ST_READ.PRG	03D278	27
1ST_READ.PRG	03D293	15
1ST_READ.PRG	03D2A2	7
1ST_READ.PRG	03D2A9	38
1ST_READ.PRG	03D2CF	60
1ST_READ.PRG	03D30B	29
1ST_READ.PRG	03D328	15
1ST_READ.PRG	03D337	17
1ST_READ.PRG	03D348	21
1ST_READ.PRG	03D35D	21
1ST_READ.PRG	03D372	27
1ST_READ.PRG	03D38D	29
1ST_READ.PRG	03D3AA	29
1ST_READ.PRG	03D3C7	19
1ST_READ.PRG	03D3DA	13
1ST_READ.PRG	03D3E7	27
1ST_READ.PRG	03D402	11
1ST_READ.PRG	03D40D	7
1ST_READ.PRG	03D414	9
1ST_READ.PRG	03D41D	9
1ST_READ.PRG	03D426	13
1ST_READ.PRG	03D433	11
1ST_READ.PRG	03D43E	11
1ST_READ.PRG	03D449	9
1ST_READ.PRG	03D452	13
1ST_READ.PRG	03D45F	13
1ST_READ.PRG	03D46C	13
1ST_READ.PRG	03D479	9
1ST_READ.PRG	03D482	15
1ST_READ.PRG	03D491	21
1ST_READ.PRG	03D4A6	13
1ST_READ.PRG	03D4B3	3
1ST_READ.PRG	03D4B6	3
1ST_READ.PRG	03D4B9	5
1ST_READ.PRG	03D4BE	13
1ST_READ.PRG	03D4CB	9
1ST_READ.PRG	03D4D4	13
1ST_READ.PRG	03D68F	15
1ST_READ.PRG	03D69E	3
1ST_READ.PRG	03D6EE	21
1ST_READ.PRG	03D703	15
1ST_READ.PRG	03D712	17
1ST_READ.PRG	03D723	17
1ST_READ.PRG	03D89C	19
1ST_READ.PRG	03D8B0	19
BTL_A3.PRG	003536	6
BTL_A3.PRG	00353C	12
BTL_A3.PRG	003548	26
BTL_A3.PRG	003562	6
BTL_A3.PRG	003568	16
BTL_A3.PRG	003578	28
BTL_A3.PRG	003594	6
BTL_A3.PRG	00359A	20
BTL_A3.PRG	0035AE	32
BTL_A3.PRG	0035CE	6
BTL_A3.PRG	0035D4	14
BTL_A3.PRG	0035E2	28
BTL_A3.PRG	0035FE	6
BTL_A3.PRG	003604	14
BTL_A3.PRG	003612	32
BTL_A3.PRG	003632	6
BTL_A3.PRG	003638	16
BTL_A3.PRG	003648	32
BTL_A3.PRG	003668	6
BTL_A3.PRG	00366E	14
BTL_A3.PRG	00367C	26
BTL_A3.PRG	003696	6
BTL_A3.PRG	02692E	25
BTL_A3.PRG	026947	10
BTL_A3.PRG	02695C	12
BTL_A3.PRG	026968	30
BTL_A3.PRG	026986	23
BTL_A3.PRG	02699D	9
BTL_A3.PRG	0269A6	21
BTL_A3.PRG	0269BB	14
BTL_A3.PRG	0531B0	9
BTL_A3.PRG	0531B9	7
BTL_A3.PRG	0531C0	5
BTL_A3.PRG	0531C5	9
BTL_A3.PRG	0531CE	19
BTL_A3.PRG	0531E1	7
BTL_A3.PRG	0531E8	7
BTL_A3.PRG	0531EF	7
BTL_A3.PRG	0531F6	7
BTL_A3.PRG	0531FD	7
BTL_A3.PRG	053204	13
BTL_A3.PRG	053211	7
BTL_A3.PRG	053218	9
BTL_A3.PRG	053221	3
BTL_A3.PRG	0573F8	15
BTL_A3.PRG	057407	13
BTL_A3.PRG	057414	17
BTL_A3.PRG	057425	17
BTL_A3.PRG	057436	9
BTL_A3.PRG	05743F	9
BTL_A3.PRG	057448	13
BTL_A3.PRG	057455	13
BTL_A3.PRG	057462	15
BTL_A3.PRG	057471	17
BTL_A3.PRG	057482	9
BTL_A3.PRG	05748B	17
BTL_A3.PRG	05749C	11
BTL_A3.PRG	0574A7	9
BTL_A3.PRG	0574B0	11
BTL_A3.PRG	0574BB	9
BTL_A3.PRG	0574C4	5
BTL_A3.PRG	0574C9	23
BTL_A3.PRG	0574E0	25
BTL_A3.PRG	0574F9	17
BTL_A3.PRG	05750A	27
BTL_A3.PRG	057525	13
BTL_A3.PRG	057532	29
BTL_A3.PRG	05754F	7
BTL_A3.PRG	057556	11
BTL_A3.PRG	057561	23
BTL_A3.PRG	057578	25
BTL_A3.PRG	057591	21
BTL_A3.PRG	0575A6	33
BTL_A3.PRG	0575C7	21
BTL_A3.PRG	0575DC	29
BTL_A3.PRG	0575F9	23
BTL_A3.PRG	057610	27
BTL_A3.PRG	05762B	19
BTL_A3.PRG	05763E	19
BTL_A3_2.PRG	029F9A	25
BTL_A3_2.PRG	029FB3	10
BTL_A3_2.PRG	029FC8	12
BTL_A3_2.PRG	029FD4	30
BTL_A3_2.PRG	029FF2	23
BTL_A3_2.PRG	02A009	9
BTL_A3_2.PRG	02A012	21
BTL_A3_2.PRG	02A027	14
BTL_A3_2.PRG	054E24	7
BTL_A3_2.PRG	054E2B	9
BTL_A3_2.PRG	054E34	5
BTL_A3_2.PRG	054E39	9
BTL_A3_2.PRG	054E42	5
BTL_A3_2.PRG	054E47	5
BTL_A3_2.PRG	054E4C	29
BTL_A3_2.PRG	054E69	33
BTL_A3_2.PRG	054E8A	35
BTL_A3_2.PRG	054EAD	31
BTL_A3_2.PRG	054ECC	21
BTL_A3_2.PRG	054EE1	39
BTL_A3_2.PRG	054F08	5
BTL_A3_2.PRG	054F0D	7
BTL_A3_2.PRG	054F14	21
BTL_A3_2.PRG	054F29	25
BTL_A3_2.PRG	054F42	27
BTL_A3_2.PRG	057D48	15
BTL_A3_2.PRG	057D57	13
BTL_A3_2.PRG	057D64	17
BTL_A3_2.PRG	057D75	17
BTL_A3_2.PRG	057D86	9
BTL_A3_2.PRG	057D8F	9
BTL_A3_2.PRG	057D98	13
BTL_A3_2.PRG	057DA5	13
BTL_A3_2.PRG	057DB2	15
BTL_A3_2.PRG	057DC1	17
BTL_A3_2.PRG	057DD2	9
BTL_A3_2.PRG	057DDB	17
BTL_A3_2.PRG	057DEC	11
BTL_A3_2.PRG	057DF7	9
BTL_A3_2.PRG	057E00	11
BTL_A3_2.PRG	057E0B	9
BTL_A3_2.PRG	057E14	5
BTL_A3_2.PRG	057E19	23
BTL_A3_2.PRG	057E30	25
BTL_A3_2.PRG	057E49	17
BTL_A3_2.PRG	057E5A	27
BTL_A3_2.PRG	057E75	13
BTL_A3_2.PRG	057E82	29
BTL_A3_2.PRG	057E9F	7
BTL_A3_2.PRG	057EA6	11
BTL_A3_2.PRG	057EB1	23
BTL_A3_2.PRG	057EC8	25
BTL_A3_2.PRG	057EE1	21
BTL_A3_2.PRG	057EF6	33
BTL_A3_2.PRG	057F17	21
BTL_A3_2.PRG	057F2C	29
BTL_A3_2.PRG	057F49	23
BTL_A3_2.PRG	057F60	27
BTL_A3_2.PRG	057F7B	19
BTL_A3_2.PRG	057F8E	19
BTL_A5.PRG	02D71E	25
BTL_A5.PRG	02D737	10
BTL_A5.PRG	02D74C	12
BTL_A5.PRG	02D758	30
BTL_A5.PRG	02D776	23
BTL_A5.PRG	02D78D	9
BTL_A5.PRG	02D796	21
BTL_A5.PRG	02D7AB	14
BTL_A5.PRG	04F91F	3
BTL_A5.PRG	057C0C	7
BTL_A5.PRG	057C13	5
BTL_A5.PRG	057C18	7
BTL_A5.PRG	057C1F	5
BTL_A5.PRG	057C24	29
BTL_A5.PRG	057C41	39
BTL_A5.PRG	057C68	11
BTL_A5.PRG	057C73	7
BTL_A5.PRG	057C7A	9
BTL_A5.PRG	057C83	21
BTL_A5.PRG	057C98	5
BTL_A5.PRG	057C9D	7
BTL_A5.PRG	057CA4	9
BTL_A5.PRG	057CAD	19
BTL_A5.PRG	057CC0	9
BTL_A5.PRG	057CC9	3
BTL_A5.PRG	057CCC	27
BTL_A5.PRG	057CE7	33
BTL_A5.PRG	057D08	5
BTL_A5.PRG	057D0D	5
BTL_A5.PRG	057D12	3
BTL_A5.PRG	057D15	5
BTL_A5.PRG	057D1A	13
BTL_A5.PRG	057D27	37
BTL_A5.PRG	057D4C	17
BTL_A5.PRG	057D5D	9
BTL_A5.PRG	057D66	9
BTL_A5.PRG	057D6F	7
BTL_A5.PRG	05F5D8	15
BTL_A5.PRG	05F5E7	13
BTL_A5.PRG	05F5F4	17
BTL_A5.PRG	05F605	17
BTL_A5.PRG	05F616	9
BTL_A5.PRG	05F61F	9
BTL_A5.PRG	05F628	13
BTL_A5.PRG	05F635	13
BTL_A5.PRG	05F642	15
BTL_A5.PRG	05F651	17
BTL_A5.PRG	05F662	9
BTL_A5.PRG	05F66B	17
BTL_A5.PRG	05F67C	11
BTL_A5.PRG	05F687	9
BTL_A5.PRG	05F690	11
BTL_A5.PRG	05F69B	9
BTL_A5.PRG	05F6A4	5
BTL_A5.PRG	05F6A9	23
BTL_A5.PRG	05F6C0	25
BTL_A5.PRG	05F6D9	17
BTL_A5.PRG	05F6EA	27
BTL_A5.PRG	05F705	13
BTL_A5.PRG	05F712	29
BTL_A5.PRG	05F72F	7
BTL_A5.PRG	05F736	11
BTL_A5.PRG	05F741	23
BTL_A5.PRG	05F758	25
BTL_A5.PRG	05F771	21
BTL_A5.PRG	05F786	33
BTL_A5.PRG	05F7A7	21
BTL_A5.PRG	05F7BC	29
BTL_A5.PRG	05F7D9	23
BTL_A5.PRG	05F7F0	27
BTL_A5.PRG	05F80B	19
BTL_A5.PRG	05F81E	19
BTL_A5_2.PRG	0305C6	25
BTL_A5_2.PRG	0305DF	10
BTL_A5_2.PRG	0305F4	12
BTL_A5_2.PRG	030600	30
BTL_A5_2.PRG	03061E	23
BTL_A5_2.PRG	030635	9
BTL_A5_2.PRG	03063E	21
BTL_A5_2.PRG	030653	14
BTL_A5_2.PRG	05A9E0	9
BTL_A5_2.PRG	05A9E9	7
BTL_A5_2.PRG	05A9F0	7
BTL_A5_2.PRG	05A9F7	9
BTL_A5_2.PRG	05AA00	9
BTL_A5_2.PRG	05AA09	9
BTL_A5_2.PRG	05AA12	7
BTL_A5_2.PRG	05AA19	5
BTL_A5_2.PRG	05AA1E	7
BTL_A5_2.PRG	05AA25	5
BTL_A5_2.PRG	05AA2A	5
BTL_A5_2.PRG	05AA2F	5
BTL_A5_2.PRG	05AA34	9
BTL_A5_2.PRG	05AA3D	7
BTL_A5_2.PRG	05AA44	7
BTL_A5_2.PRG	05AA4B	9
BTL_A5_2.PRG	05AA54	5
BTL_A5_2.PRG	05AA59	39
BTL_A5_2.PRG	05AA80	27
BTL_A5_2.PRG	05AA9B	11
BTL_A5_2.PRG	05AAA6	31
BTL_A5_2.PRG	05AAC5	33
BTL_A5_2.PRG	05AAE6	11
BTL_A5_2.PRG	05AAF1	29
BTL_A5_2.PRG	05AB0E	17
BTL_A5_2.PRG	05AB1F	27
BTL_A5_2.PRG	05AB3A	13
BTL_A5_2.PRG	05AB47	35
BTL_A5_2.PRG	05AB6A	29
BTL_A5_2.PRG	05AB87	33
BTL_A5_2.PRG	05ABA8	41
BTL_A5_2.PRG	05ABD1	37
BTL_A5_2.PRG	05ABF6	35
BTL_A5_2.PRG	05AC19	31
BTL_A5_2.PRG	05AC38	35
BTL_A5_2.PRG	05AC5B	19
BTL_A5_2.PRG	05AC6E	29
BTL_A5_2.PRG	05AC8B	31
BTL_A5_2.PRG	05ACAA	9
BTL_A5_2.PRG	05ACB3	17
BTL_A5_2.PRG	05ACC4	23
BTL_A5_2.PRG	05ACDB	21
BTL_A5_2.PRG	05FA3C	15
BTL_A5_2.PRG	05FA4B	13
BTL_A5_2.PRG	05FA58	17
BTL_A5_2.PRG	05FA69	17
BTL_A5_2.PRG	05FA7A	9
BTL_A5_2.PRG	05FA83	9
BTL_A5_2.PRG	05FA8C	13
BTL_A5_2.PRG	05FA99	13
BTL_A5_2.PRG	05FAA6	15
BTL_A5_2.PRG	05FAB5	17
BTL_A5_2.PRG	05FAC6	9
BTL_A5_2.PRG	05FACF	17
BTL_A5_2.PRG	05FAE0	11
BTL_A5_2.PRG	05FAEB	9
BTL_A5_2.PRG	05FAF4	11
BTL_A5_2.PRG	05FAFF	9
BTL_A5_2.PRG	05FB08	5
BTL_A5_2.PRG	05FB0D	23
BTL_A5_2.PRG	05FB24	25
BTL_A5_2.PRG	05FB3D	17
BTL_A5_2.PRG	05FB4E	27
BTL_A5_2.PRG	05FB69	13
BTL_A5_2.PRG	05FB76	29
BTL_A5_2.PRG	05FB93	7
BTL_A5_2.PRG	05FB9A	11
BTL_A5_2.PRG	05FBA5	23
BTL_A5_2.PRG	05FBBC	25
BTL_A5_2.PRG	05FBD5	21
BTL_A5_2.PRG	05FBEA	33
BTL_A5_2.PRG	05FC0B	21
BTL_A5_2.PRG	05FC20	29
BTL_A5_2.PRG	05FC3D	23
BTL_A5_2.PRG	05FC54	27
BTL_A5_2.PRG	05FC6F	19
BTL_A5_2.PRG	05FC82	19
BTL_A5_3.PRG	025476	25
BTL_A5_3.PRG	02548F	10
BTL_A5_3.PRG	0254A4	12
BTL_A5_3.PRG	0254B0	30
BTL_A5_3.PRG	0254CE	23
BTL_A5_3.PRG	0254E5	9
BTL_A5_3.PRG	0254EE	21
BTL_A5_3.PRG	025503	14
BTL_A5_3.PRG	04F854	9
BTL_A5_3.PRG	04F85D	7
BTL_A5_3.PRG	04F864	11
BTL_A5_3.PRG	04F86F	5
BTL_A5_3.PRG	04F874	35
BTL_A5_3.PRG	04F897	39
BTL_A5_3.PRG	04F8BE	25
BTL_A5_3.PRG	04F8D7	21
BTL_A5_3.PRG	04F8EC	29
BTL_A5_3.PRG	04F909	21
BTL_A5_3.PRG	04F91E	17
BTL_A5_3.PRG	04F92F	15
BTL_A5_3.PRG	050010	9
BTL_A5_3.PRG	05293C	15
BTL_A5_3.PRG	05294B	13
BTL_A5_3.PRG	052958	17
BTL_A5_3.PRG	052969	17
BTL_A5_3.PRG	05297A	9
BTL_A5_3.PRG	052983	9
BTL_A5_3.PRG	05298C	13
BTL_A5_3.PRG	052999	13
BTL_A5_3.PRG	0529A6	15
BTL_A5_3.PRG	0529B5	17
BTL_A5_3.PRG	0529C6	9
BTL_A5_3.PRG	0529CF	17
BTL_A5_3.PRG	0529E0	11
BTL_A5_3.PRG	0529EB	9
BTL_A5_3.PRG	0529F4	11
BTL_A5_3.PRG	0529FF	9
BTL_A5_3.PRG	052A08	5
BTL_A5_3.PRG	052A0D	23
BTL_A5_3.PRG	052A24	25
BTL_A5_3.PRG	052A3D	17
BTL_A5_3.PRG	052A4E	27
BTL_A5_3.PRG	052A69	13
BTL_A5_3.PRG	052A76	29
BTL_A5_3.PRG	052A93	7
BTL_A5_3.PRG	052A9A	11
BTL_A5_3.PRG	052AA5	23
BTL_A5_3.PRG	052ABC	25
BTL_A5_3.PRG	052AD5	21
BTL_A5_3.PRG	052AEA	33
BTL_A5_3.PRG	052B0B	21
BTL_A5_3.PRG	052B20	29
BTL_A5_3.PRG	052B3D	23
BTL_A5_3.PRG	052B54	27
BTL_A5_3.PRG	052B6F	19
BTL_A5_3.PRG	052B82	19
BTL_A7.PRG	0296E2	25
BTL_A7.PRG	0296FB	10
BTL_A7.PRG	029710	12
BTL_A7.PRG	02971C	30
BTL_A7.PRG	02973A	23
BTL_A7.PRG	029751	9
BTL_A7.PRG	02975A	21
BTL_A7.PRG	02976F	14
BTL_A7.PRG	053B9C	11
BTL_A7.PRG	053BA7	23
BTL_A7.PRG	053BBE	9
BTL_A7.PRG	053BC7	17
BTL_A7.PRG	053BD8	17
BTL_A7.PRG	053BE9	23
BTL_A7.PRG	053C00	17
BTL_A7.PRG	053C11	11
BTL_A7.PRG	053C1C	23
BTL_A7.PRG	053C33	11
BTL_A7.PRG	053C3E	7
BTL_A7.PRG	053C45	7
BTL_A7.PRG	053C4C	23
BTL_A7.PRG	053C63	17
BTL_A7.PRG	053C74	7
BTL_A7.PRG	053C7B	23
BTL_A7.PRG	053C92	9
BTL_A7.PRG	053C9B	5
BTL_A7.PRG	053CA0	23
BTL_A7.PRG	053CB7	9
BTL_A7.PRG	053CC0	17
BTL_A7.PRG	053CD1	17
BTL_A7.PRG	053CE2	11
BTL_A7.PRG	053CED	7
BTL_A7.PRG	053CF4	23
BTL_A7.PRG	053D0B	17
BTL_A7.PRG	0557D0	29
BTL_A7.PRG	058D78	15
BTL_A7.PRG	058D87	13
BTL_A7.PRG	058D94	17
BTL_A7.PRG	058DA5	17
BTL_A7.PRG	058DB6	9
BTL_A7.PRG	058DBF	9
BTL_A7.PRG	058DC8	13
BTL_A7.PRG	058DD5	13
BTL_A7.PRG	058DE2	15
BTL_A7.PRG	058DF1	17
BTL_A7.PRG	058E02	9
BTL_A7.PRG	058E0B	17
BTL_A7.PRG	058E1C	11
BTL_A7.PRG	058E27	9
BTL_A7.PRG	058E30	11
BTL_A7.PRG	058E3B	9
BTL_A7.PRG	058E44	5
BTL_A7.PRG	058E49	23
BTL_A7.PRG	058E60	25
BTL_A7.PRG	058E79	17
BTL_A7.PRG	058E8A	27
BTL_A7.PRG	058EA5	13
BTL_A7.PRG	058EB2	29
BTL_A7.PRG	058ECF	7
BTL_A7.PRG	058ED6	11
BTL_A7.PRG	058EE1	23
BTL_A7.PRG	058EF8	25
BTL_A7.PRG	058F11	21
BTL_A7.PRG	058F26	33
BTL_A7.PRG	058F47	21
BTL_A7.PRG	058F5C	29
BTL_A7.PRG	058F79	23
BTL_A7.PRG	058F90	27
BTL_A7.PRG	058FAB	19
BTL_A7.PRG	058FBE	19
BTL_A7.PRG	05F0D0	9
BTL_A7_2.PRG	0261FA	25
BTL_A7_2.PRG	026213	10
BTL_A7_2.PRG	026228	12
BTL_A7_2.PRG	026234	30
BTL_A7_2.PRG	026252	23
BTL_A7_2.PRG	026269	9
BTL_A7_2.PRG	026272	21
BTL_A7_2.PRG	026287	14
BTL_A7_2.PRG	0508B4	2
BTL_A7_2.PRG	0508BA	3
BTL_A7_2.PRG	050E1C	13
BTL_A7_2.PRG	050E29	9
BTL_A7_2.PRG	050E32	5
BTL_A7_2.PRG	050E37	13
BTL_A7_2.PRG	050E44	23
BTL_A7_2.PRG	050E5B	5
BTL_A7_2.PRG	050E60	23
BTL_A7_2.PRG	050E77	21
BTL_A7_2.PRG	050E8C	21
BTL_A7_2.PRG	050EA1	17
BTL_A7_2.PRG	050EB2	21
BTL_A7_2.PRG	050EC7	13
BTL_A7_2.PRG	050ED4	33
BTL_A7_2.PRG	050EF5	7
BTL_A7_2.PRG	050EFC	23
BTL_A7_2.PRG	050F13	11
BTL_A7_2.PRG	050F1E	15
BTL_A7_2.PRG	050F2D	21
BTL_A7_2.PRG	050F42	25
BTL_A7_2.PRG	050F5B	25
BTL_A7_2.PRG	050F74	31
BTL_A7_2.PRG	050F93	23
BTL_A7_2.PRG	050FAA	33
BTL_A7_2.PRG	050FCB	5
BTL_A7_2.PRG	050FD0	9
BTL_A7_2.PRG	050FD9	5
BTL_A7_2.PRG	051810	29
BTL_A7_2.PRG	053AB0	15
BTL_A7_2.PRG	053ABF	13
BTL_A7_2.PRG	053ACC	17
BTL_A7_2.PRG	053ADD	17
BTL_A7_2.PRG	053AEE	9
BTL_A7_2.PRG	053AF7	9
BTL_A7_2.PRG	053B00	13
BTL_A7_2.PRG	053B0D	13
BTL_A7_2.PRG	053B1A	15
BTL_A7_2.PRG	053B29	17
BTL_A7_2.PRG	053B3A	9
BTL_A7_2.PRG	053B43	17
BTL_A7_2.PRG	053B54	11
BTL_A7_2.PRG	053B5F	9
BTL_A7_2.PRG	053B68	11
BTL_A7_2.PRG	053B73	9
BTL_A7_2.PRG	053B7C	5
BTL_A7_2.PRG	053B81	23
BTL_A7_2.PRG	053B98	25
BTL_A7_2.PRG	053BB1	17
BTL_A7_2.PRG	053BC2	27
BTL_A7_2.PRG	053BDD	13
BTL_A7_2.PRG	053BEA	29
BTL_A7_2.PRG	053C07	7
BTL_A7_2.PRG	053C0E	11
BTL_A7_2.PRG	053C19	23
BTL_A7_2.PRG	053C30	25
BTL_A7_2.PRG	053C49	21
BTL_A7_2.PRG	053C5E	33
BTL_A7_2.PRG	053C7F	21
BTL_A7_2.PRG	053C94	29
BTL_A7_2.PRG	053CB1	23
BTL_A7_2.PRG	053CC8	27
BTL_A7_2.PRG	053CE3	19
BTL_A7_2.PRG	053CF6	19
BTL_A7_2.PRG	059E08	9
BTL_B2.PRG	025856	25
BTL_B2.PRG	02586F	10
BTL_B2.PRG	025884	12
BTL_B2.PRG	025890	30
BTL_B2.PRG	0258AE	23
BTL_B2.PRG	0258C5	9
BTL_B2.PRG	0258CE	21
BTL_B2.PRG	0258E3	14
BTL_B2.PRG	04FC48	25
BTL_B2.PRG	04FC61	7
BTL_B2.PRG	04FC68	5
BTL_B2.PRG	04FC6D	9
BTL_B2.PRG	04FC76	11
BTL_B2.PRG	04FC81	23
BTL_B2.PRG	04FC98	23
BTL_B2.PRG	04FCAF	23
BTL_B2.PRG	04FCC6	5
BTL_B2.PRG	04FCCB	33
BTL_B2.PRG	04FCEC	23
BTL_B2.PRG	04FD03	19
BTL_B2.PRG	04FD16	9
BTL_B2.PRG	04FD1F	9
BTL_B2.PRG	04FD28	11
BTL_B2.PRG	04FD33	11
BTL_B2.PRG	04FD3E	9
BTL_B2.PRG	04FD47	17
BTL_B2.PRG	04FD58	17
BTL_B2.PRG	04FD69	9
BTL_B2.PRG	04FD72	13
BTL_B2.PRG	04FD7F	15
BTL_B2.PRG	04FD8E	39
BTL_B2.PRG	04FDB5	27
BTL_B2.PRG	04FDD0	37
BTL_B2.PRG	04FDF5	35
BTL_B2.PRG	04FE18	17
BTL_B2.PRG	04FE29	17
BTL_B2.PRG	04FE3A	7
BTL_B2.PRG	04FE41	29
BTL_B2.PRG	04FE5E	39
BTL_B2.PRG	04FE85	33
BTL_B2.PRG	04FEA6	33
BTL_B2.PRG	04FEC7	31
BTL_B2.PRG	04FEE6	33
BTL_B2.PRG	04FF07	25
BTL_B2.PRG	04FF20	21
BTL_B2.PRG	04FF35	31
BTL_B2.PRG	04FF54	39
BTL_B2.PRG	04FF7B	23
BTL_B2.PRG	04FF92	23
BTL_B2.PRG	050640	29
BTL_B2.PRG	0533FC	15
BTL_B2.PRG	05340B	13
BTL_B2.PRG	053418	17
BTL_B2.PRG	053429	17
BTL_B2.PRG	05343A	9
BTL_B2.PRG	053443	9
BTL_B2.PRG	05344C	13
BTL_B2.PRG	053459	13
BTL_B2.PRG	053466	15
BTL_B2.PRG	053475	17
BTL_B2.PRG	053486	9
BTL_B2.PRG	05348F	17
BTL_B2.PRG	0534A0	11
BTL_B2.PRG	0534AB	9
BTL_B2.PRG	0534B4	11
BTL_B2.PRG	0534BF	9
BTL_B2.PRG	0534C8	5
BTL_B2.PRG	0534CD	23
BTL_B2.PRG	0534E4	25
BTL_B2.PRG	0534FD	17
BTL_B2.PRG	05350E	27
BTL_B2.PRG	053529	13
BTL_B2.PRG	053536	29
BTL_B2.PRG	053553	7
BTL_B2.PRG	05355A	11
BTL_B2.PRG	053565	23
BTL_B2.PRG	05357C	25
BTL_B2.PRG	053595	21
BTL_B2.PRG	0535AA	33
BTL_B2.PRG	0535CB	21
BTL_B2.PRG	0535E0	29
BTL_B2.PRG	0535FD	23
BTL_B2.PRG	053614	27
BTL_B2.PRG	05362F	19
BTL_B2.PRG	053642	19
BTL_B5.PRG	027B02	25
BTL_B5.PRG	027B1B	10
BTL_B5.PRG	027B30	12
BTL_B5.PRG	027B3C	30
BTL_B5.PRG	027B5A	23
BTL_B5.PRG	027B71	9
BTL_B5.PRG	027B7A	21
BTL_B5.PRG	027B8F	14
BTL_B5.PRG	051FBC	15
BTL_B5.PRG	051FCB	5
BTL_B5.PRG	051FD0	17
BTL_B5.PRG	051FE1	9
BTL_B5.PRG	051FEA	29
BTL_B5.PRG	052007	19
BTL_B5.PRG	05201A	23
BTL_B5.PRG	052031	25
BTL_B5.PRG	05204A	17
BTL_B5.PRG	05205B	5
BTL_B5.PRG	052060	17
BTL_B5.PRG	052071	7
BTL_B5.PRG	052078	35
BTL_B5.PRG	05209B	23
BTL_B5.PRG	0520B2	5
BTL_B5.PRG	0520B7	13
BTL_B5.PRG	0520C4	13
BTL_B5.PRG	0520D1	7
BTL_B5.PRG	0520D8	33
BTL_B5.PRG	0520F9	15
BTL_B5.PRG	052108	19
BTL_B5.PRG	05211B	21
BTL_B5.PRG	052130	19
BTL_B5.PRG	052143	15
BTL_B5.PRG	052152	5
BTL_B5.PRG	052157	31
BTL_B5.PRG	052176	17
BTL_B5.PRG	052187	25
BTL_B5.PRG	0521A0	15
BTL_B5.PRG	0521AF	5
BTL_B5.PRG	0521B4	9
BTL_B5.PRG	0521BD	21
BTL_B5.PRG	0521D2	5
BTL_B5.PRG	0521D7	25
BTL_B5.PRG	0521F0	5
BTL_B5.PRG	0521F5	17
BTL_B5.PRG	052206	7
BTL_B5.PRG	05220D	11
BTL_B5.PRG	052218	23
BTL_B5.PRG	05222F	7
BTL_B5.PRG	052236	33
BTL_B5.PRG	052257	13
BTL_B5.PRG	052264	7
BTL_B5.PRG	05226B	21
BTL_B5.PRG	052280	15
BTL_B5.PRG	05228F	9
BTL_B5.PRG	052298	23
BTL_B5.PRG	0522AF	17
BTL_B5.PRG	0522C0	17
BTL_B5.PRG	0522D1	33
BTL_B5.PRG	0522F2	19
BTL_B5.PRG	052305	23
BTL_B5.PRG	05231C	17
BTL_B5.PRG	052331	19
BTL_B5.PRG	052344	9
BTL_B5.PRG	05234D	7
BTL_B5.PRG	052354	13
BTL_B5.PRG	052361	7
BTL_B5.PRG	052368	5
BTL_B5.PRG	05236D	9
BTL_B5.PRG	052376	7
BTL_B5.PRG	05237D	5
BTL_B5.PRG	052382	17
BTL_B5.PRG	052393	27
BTL_B5.PRG	0523AE	3
BTL_B5.PRG	0523B1	29
BTL_B5.PRG	0523CE	31
BTL_B5.PRG	0533B0	53
BTL_B5.PRG	0533E8	5
BTL_B5.PRG	058076	24
BTL_B5.PRG	05A234	15
BTL_B5.PRG	05A243	13
BTL_B5.PRG	05A250	17
BTL_B5.PRG	05A261	17
BTL_B5.PRG	05A272	9
BTL_B5.PRG	05A27B	9
BTL_B5.PRG	05A284	13
BTL_B5.PRG	05A291	13
BTL_B5.PRG	05A29E	15
BTL_B5.PRG	05A2AD	17
BTL_B5.PRG	05A2BE	9
BTL_B5.PRG	05A2C7	17
BTL_B5.PRG	05A2D8	11
BTL_B5.PRG	05A2E3	9
BTL_B5.PRG	05A2EC	11
BTL_B5.PRG	05A2F7	9
BTL_B5.PRG	05A300	5
BTL_B5.PRG	05A305	23
BTL_B5.PRG	05A31C	25
BTL_B5.PRG	05A335	17
BTL_B5.PRG	05A346	27
BTL_B5.PRG	05A361	13
BTL_B5.PRG	05A36E	29
BTL_B5.PRG	05A38B	7
BTL_B5.PRG	05A392	11
BTL_B5.PRG	05A39D	23
BTL_B5.PRG	05A3B4	25
BTL_B5.PRG	05A3CD	21
BTL_B5.PRG	05A3E2	33
BTL_B5.PRG	05A403	21
BTL_B5.PRG	05A418	29
BTL_B5.PRG	05A435	23
BTL_B5.PRG	05A44C	27
BTL_B5.PRG	05A467	19
BTL_B5.PRG	05A47A	19
BTL_B5.PRG	06058C	9
BTL_B5_2.PRG	02E816	25
BTL_B5_2.PRG	02E82F	10
BTL_B5_2.PRG	02E844	12
BTL_B5_2.PRG	02E850	30
BTL_B5_2.PRG	02E86E	23
BTL_B5_2.PRG	02E885	9
BTL_B5_2.PRG	02E88E	21
BTL_B5_2.PRG	02E8A3	14
BTL_B5_2.PRG	058C10	11
BTL_B5_2.PRG	058C1B	9
BTL_B5_2.PRG	058C24	5
BTL_B5_2.PRG	058C29	5
BTL_B5_2.PRG	058C2E	5
BTL_B5_2.PRG	058C33	5
BTL_B5_2.PRG	058C38	5
BTL_B5_2.PRG	058C3D	9
BTL_B5_2.PRG	058C46	13
BTL_B5_2.PRG	058C53	13
BTL_B5_2.PRG	058C60	9
BTL_B5_2.PRG	05E3F8	15
BTL_B5_2.PRG	05E407	13
BTL_B5_2.PRG	05E414	17
BTL_B5_2.PRG	05E425	17
BTL_B5_2.PRG	05E436	9
BTL_B5_2.PRG	05E43F	9
BTL_B5_2.PRG	05E448	13
BTL_B5_2.PRG	05E455	13
BTL_B5_2.PRG	05E462	15
BTL_B5_2.PRG	05E471	17
BTL_B5_2.PRG	05E482	9
BTL_B5_2.PRG	05E48B	17
BTL_B5_2.PRG	05E49C	11
BTL_B5_2.PRG	05E4A7	9
BTL_B5_2.PRG	05E4B0	11
BTL_B5_2.PRG	05E4BB	9
BTL_B5_2.PRG	05E4C4	5
BTL_B5_2.PRG	05E4C9	23
BTL_B5_2.PRG	05E4E0	25
BTL_B5_2.PRG	05E4F9	17
BTL_B5_2.PRG	05E50A	27
BTL_B5_2.PRG	05E525	13
BTL_B5_2.PRG	05E532	29
BTL_B5_2.PRG	05E54F	7
BTL_B5_2.PRG	05E556	11
BTL_B5_2.PRG	05E561	23
BTL_B5_2.PRG	05E578	25
BTL_B5_2.PRG	05E591	21
BTL_B5_2.PRG	05E5A6	33
BTL_B5_2.PRG	05E5C7	21
BTL_B5_2.PRG	05E5DC	29
BTL_B5_2.PRG	05E5F9	23
BTL_B5_2.PRG	05E610	27
BTL_B5_2.PRG	05E62B	19
BTL_B5_2.PRG	05E63E	19
BTL_B5_3.PRG	0268B2	25
BTL_B5_3.PRG	0268CB	10
BTL_B5_3.PRG	0268E0	12
BTL_B5_3.PRG	0268EC	30
BTL_B5_3.PRG	02690A	23
BTL_B5_3.PRG	026921	9
BTL_B5_3.PRG	02692A	21
BTL_B5_3.PRG	02693F	14
BTL_B5_3.PRG	050D4C	13
BTL_B5_3.PRG	050D59	5
BTL_B5_3.PRG	050D5E	7
BTL_B5_3.PRG	050D65	5
BTL_B5_3.PRG	050D6A	11
BTL_B5_3.PRG	050D75	7
BTL_B5_3.PRG	050D7C	9
BTL_B5_3.PRG	050D85	5
BTL_B5_3.PRG	050D8A	9
BTL_B5_3.PRG	050D93	5
BTL_B5_3.PRG	050D98	17
BTL_B5_3.PRG	050DA9	11
BTL_B5_3.PRG	050DB4	7
BTL_B5_3.PRG	05821C	15
BTL_B5_3.PRG	05822B	13
BTL_B5_3.PRG	058238	17
BTL_B5_3.PRG	058249	17
BTL_B5_3.PRG	05825A	9
BTL_B5_3.PRG	058263	9
BTL_B5_3.PRG	05826C	13
BTL_B5_3.PRG	058279	13
BTL_B5_3.PRG	058286	15
BTL_B5_3.PRG	058295	17
BTL_B5_3.PRG	0582A6	9
BTL_B5_3.PRG	0582AF	17
BTL_B5_3.PRG	0582C0	11
BTL_B5_3.PRG	0582CB	9
BTL_B5_3.PRG	0582D4	11
BTL_B5_3.PRG	0582DF	9
BTL_B5_3.PRG	0582E8	5
BTL_B5_3.PRG	0582ED	23
BTL_B5_3.PRG	058304	25
BTL_B5_3.PRG	05831D	17
BTL_B5_3.PRG	05832E	27
BTL_B5_3.PRG	058349	13
BTL_B5_3.PRG	058356	29
BTL_B5_3.PRG	058373	7
BTL_B5_3.PRG	05837A	11
BTL_B5_3.PRG	058385	23
BTL_B5_3.PRG	05839C	25
BTL_B5_3.PRG	0583B5	21
BTL_B5_3.PRG	0583CA	33
BTL_B5_3.PRG	0583EB	21
BTL_B5_3.PRG	058400	29
BTL_B5_3.PRG	05841D	23
BTL_B5_3.PRG	058434	27
BTL_B5_3.PRG	05844F	19
BTL_B5_3.PRG	058462	19
BTL_B6.PRG	030B7E	25
BTL_B6.PRG	030B97	10
BTL_B6.PRG	030BAC	12
BTL_B6.PRG	030BB8	30
BTL_B6.PRG	030BD6	23
BTL_B6.PRG	030BED	9
BTL_B6.PRG	030BF6	21
BTL_B6.PRG	030C0B	14
BTL_B6.PRG	05B083	23
BTL_B6.PRG	05B09A	11
BTL_B6.PRG	05B0A5	11
BTL_B6.PRG	05B0B0	5
BTL_B6.PRG	05B0B5	11
BTL_B6.PRG	05B0C0	5
BTL_B6.PRG	05B0C5	7
BTL_B6.PRG	05B0CC	23
BTL_B6.PRG	05B0E3	15
BTL_B6.PRG	05B0F2	33
BTL_B6.PRG	05B113	21
BTL_B6.PRG	05B128	31
BTL_B6.PRG	05B147	17
BTL_B6.PRG	05B158	21
BTL_B6.PRG	05B16D	11
BTL_B6.PRG	05B178	11
BTL_B6.PRG	05B183	5
BTL_B6.PRG	05B188	11
BTL_B6.PRG	05B193	7
BTL_B6.PRG	05B19A	11
BTL_B6.PRG	05B1A5	5
BTL_B6.PRG	05B1AA	21
BTL_B6.PRG	05B1BF	11
BTL_B6.PRG	05B1CA	9
BTL_B6.PRG	05B1D3	5
BTL_B6.PRG	05B1D8	5
BTL_B6.PRG	05B1DD	5
BTL_B6.PRG	05B1E2	15
BTL_B6.PRG	05B1F1	25
BTL_B6.PRG	05B20A	9
BTL_B6.PRG	05B213	9
BTL_B6.PRG	05B21C	5
BTL_B6.PRG	05B221	5
BTL_B6.PRG	05B226	7
BTL_B6.PRG	05B22D	7
BTL_B6.PRG	05B234	5
BTL_B6.PRG	05B239	7
BTL_B6.PRG	05B240	25
BTL_B6.PRG	05B259	23
BTL_B6.PRG	05B270	29
BTL_B6.PRG	05B28D	23
BTL_B6.PRG	05B2A4	29
BTL_B6.PRG	05B2C1	29
BTL_B6.PRG	05B2DE	19
BTL_B6.PRG	05B2F1	21
BTL_B6.PRG	05B306	21
BTL_B6.PRG	05B31B	19
BTL_B6.PRG	05B32E	5
BTL_B6.PRG	05B333	37
BTL_B6.PRG	05B358	31
BTL_B6.PRG	05B377	35
BTL_B6.PRG	05B39A	33
BTL_B6.PRG	05B3BB	35
BTL_B6.PRG	060CE8	15
BTL_B6.PRG	060CF7	13
BTL_B6.PRG	060D04	17
BTL_B6.PRG	060D15	17
BTL_B6.PRG	060D26	9
BTL_B6.PRG	060D2F	9
BTL_B6.PRG	060D38	13
BTL_B6.PRG	060D45	13
BTL_B6.PRG	060D52	15
BTL_B6.PRG	060D61	17
BTL_B6.PRG	060D72	9
BTL_B6.PRG	060D7B	17
BTL_B6.PRG	060D8C	11
BTL_B6.PRG	060D97	9
BTL_B6.PRG	060DA0	11
BTL_B6.PRG	060DAB	9
BTL_B6.PRG	060DB4	5
BTL_B6.PRG	060DB9	23
BTL_B6.PRG	060DD0	25
BTL_B6.PRG	060DE9	17
BTL_B6.PRG	060DFA	27
BTL_B6.PRG	060E15	13
BTL_B6.PRG	060E22	29
BTL_B6.PRG	060E3F	7
BTL_B6.PRG	060E46	11
BTL_B6.PRG	060E51	23
BTL_B6.PRG	060E68	25
BTL_B6.PRG	060E81	21
BTL_B6.PRG	060E96	33
BTL_B6.PRG	060EB7	21
BTL_B6.PRG	060ECC	29
BTL_B6.PRG	060EE9	23
BTL_B6.PRG	060F00	27
BTL_B6.PRG	060F1B	19
BTL_B6.PRG	060F2E	19
BTL_B6_2.PRG	027D46	25
BTL_B6_2.PRG	027D5F	10
BTL_B6_2.PRG	027D74	12
BTL_B6_2.PRG	027D80	30
BTL_B6_2.PRG	027D9E	23
BTL_B6_2.PRG	027DB5	9
BTL_B6_2.PRG	027DBE	21
BTL_B6_2.PRG	027DD3	14
BTL_B6_2.PRG	053B08	17
BTL_B6_2.PRG	053B19	13
BTL_B6_2.PRG	053B26	11
BTL_B6_2.PRG	053B31	5
BTL_B6_2.PRG	053B36	7
BTL_B6_2.PRG	053B3D	7
BTL_B6_2.PRG	053B44	9
BTL_B6_2.PRG	053B4D	5
BTL_B6_2.PRG	053B52	7
BTL_B6_2.PRG	053B59	5
BTL_B6_2.PRG	053B5E	5
BTL_B6_2.PRG	053B63	17
BTL_B6_2.PRG	053B74	17
BTL_B6_2.PRG	053B85	33
BTL_B6_2.PRG	053BA6	23
BTL_B6_2.PRG	053BBD	25
BTL_B6_2.PRG	053BD6	29
BTL_B6_2.PRG	053BF3	23
BTL_B6_2.PRG	053C0A	31
BTL_B6_2.PRG	053C29	23
BTL_B6_2.PRG	053C40	7
BTL_B6_2.PRG	053C47	23
BTL_B6_2.PRG	053C5E	21
BTL_B6_2.PRG	053C73	31
BTL_B6_2.PRG	053C92	17
BTL_B6_2.PRG	053CA3	23
BTL_B6_2.PRG	053CBA	35
BTL_B6_2.PRG	053CDD	33
BTL_B6_2.PRG	053CFE	21
BTL_B6_2.PRG	053D13	5
BTL_B6_2.PRG	055F6C	15
BTL_B6_2.PRG	055F7B	13
BTL_B6_2.PRG	055F88	17
BTL_B6_2.PRG	055F99	17
BTL_B6_2.PRG	055FAA	9
BTL_B6_2.PRG	055FB3	9
BTL_B6_2.PRG	055FBC	13
BTL_B6_2.PRG	055FC9	13
BTL_B6_2.PRG	055FD6	15
BTL_B6_2.PRG	055FE5	17
BTL_B6_2.PRG	055FF6	9
BTL_B6_2.PRG	055FFF	17
BTL_B6_2.PRG	056010	11
BTL_B6_2.PRG	05601B	9
BTL_B6_2.PRG	056024	11
BTL_B6_2.PRG	05602F	9
BTL_B6_2.PRG	056038	5
BTL_B6_2.PRG	05603D	23
BTL_B6_2.PRG	056054	25
BTL_B6_2.PRG	05606D	17
BTL_B6_2.PRG	05607E	27
BTL_B6_2.PRG	056099	13
BTL_B6_2.PRG	0560A6	29
BTL_B6_2.PRG	0560C3	7
BTL_B6_2.PRG	0560CA	11
BTL_B6_2.PRG	0560D5	23
BTL_B6_2.PRG	0560EC	25
BTL_B6_2.PRG	056105	21
BTL_B6_2.PRG	05611A	33
BTL_B6_2.PRG	05613B	21
BTL_B6_2.PRG	056150	29
BTL_B6_2.PRG	05616D	23
BTL_B6_2.PRG	056184	27
BTL_B6_2.PRG	05619F	19
BTL_B6_2.PRG	0561B2	19
BTL_B6_2.PRG	0581B4	20
BTL_C2.PRG	027B52	25
BTL_C2.PRG	027B6B	10
BTL_C2.PRG	027B80	12
BTL_C2.PRG	027B8C	30
BTL_C2.PRG	027BAA	23
BTL_C2.PRG	027BC1	9
BTL_C2.PRG	027BCA	21
BTL_C2.PRG	027BDF	14
BTL_C2.PRG	057730	19
BTL_C2.PRG	057743	35
BTL_C2.PRG	057766	19
BTL_C2.PRG	057779	7
BTL_C2.PRG	057780	21
BTL_C2.PRG	057795	29
BTL_C2.PRG	0577B2	23
BTL_C2.PRG	0577C9	7
BTL_C2.PRG	0577D0	13
BTL_C2.PRG	0577DD	21
BTL_C2.PRG	0577F2	9
BTL_C2.PRG	0577FB	15
BTL_C2.PRG	05780A	9
BTL_C2.PRG	057813	11
BTL_C2.PRG	05781E	25
BTL_C2.PRG	057837	17
BTL_C2.PRG	057848	5
BTL_C2.PRG	05784D	9
BTL_C2.PRG	057856	13
BTL_C2.PRG	057863	11
BTL_C2.PRG	05786E	21
BTL_C2.PRG	057883	33
BTL_C2.PRG	0578A4	17
BTL_C2.PRG	0578B5	29
BTL_C2.PRG	0578D2	25
BTL_C2.PRG	0578EB	23
BTL_C2.PRG	057902	25
BTL_C2.PRG	05791B	27
BTL_C2.PRG	057936	13
BTL_C2.PRG	057943	39
BTL_C2.PRG	05796A	15
BTL_C2.PRG	057979	29
BTL_C2.PRG	057996	31
BTL_C2.PRG	0579B5	27
BTL_C2.PRG	0579D0	15
BTL_C2.PRG	0579DF	15
BTL_C2.PRG	0579EE	15
BTL_C2.PRG	0579FD	5
BTL_C2.PRG	057A02	17
BTL_C2.PRG	057A13	15
BTL_C2.PRG	057A22	21
BTL_C2.PRG	057A37	19
BTL_C2.PRG	057A4A	17
BTL_C2.PRG	057A5B	7
BTL_C2.PRG	057A62	9
BTL_C2.PRG	057A6B	33
BTL_C2.PRG	057A8C	37
BTL_C2.PRG	057AB1	25
BTL_C2.PRG	057ACA	39
BTL_C2.PRG	057AF1	37
BTL_C2.PRG	057B16	21
BTL_C2.PRG	057B2B	35
BTL_C2.PRG	057B4E	17
BTL_C2.PRG	057B5F	31
BTL_C2.PRG	057B7E	29
BTL_C2.PRG	057B9B	11
BTL_C2.PRG	057BA6	29
BTL_C2.PRG	057BC3	39
BTL_C2.PRG	057BEA	29
BTL_C2.PRG	057C07	25
BTL_C2.PRG	057C20	17
BTL_C2.PRG	057C31	31
BTL_C2.PRG	057C50	25
BTL_C2.PRG	057C69	33
BTL_C2.PRG	057C8A	15
BTL_C2.PRG	057C99	5
BTL_C2.PRG	057C9E	19
BTL_C2.PRG	057CB1	23
BTL_C2.PRG	057CC8	37
BTL_C2.PRG	057CED	9
BTL_C2.PRG	057CF6	17
BTL_C2.PRG	057D07	29
BTL_C2.PRG	057D24	15
BTL_C2.PRG	057D33	13
BTL_C2.PRG	057D40	19
BTL_C2.PRG	057D53	21
BTL_C2.PRG	057D68	29
BTL_C2.PRG	05DF6C	15
BTL_C2.PRG	05DF7B	13
BTL_C2.PRG	05DF88	17
BTL_C2.PRG	05DF99	17
BTL_C2.PRG	05DFAA	9
BTL_C2.PRG	05DFB3	9
BTL_C2.PRG	05DFBC	13
BTL_C2.PRG	05DFC9	13
BTL_C2.PRG	05DFD6	15
BTL_C2.PRG	05DFE5	17
BTL_C2.PRG	05DFF6	9
BTL_C2.PRG	05DFFF	17
BTL_C2.PRG	05E010	11
BTL_C2.PRG	05E01B	9
BTL_C2.PRG	05E024	11
BTL_C2.PRG	05E02F	9
BTL_C2.PRG	05E038	5
BTL_C2.PRG	05E03D	23
BTL_C2.PRG	05E054	25
BTL_C2.PRG	05E06D	17
BTL_C2.PRG	05E07E	27
BTL_C2.PRG	05E099	13
BTL_C2.PRG	05E0A6	29
BTL_C2.PRG	05E0C3	7
BTL_C2.PRG	05E0CA	11
BTL_C2.PRG	05E0D5	23
BTL_C2.PRG	05E0EC	25
BTL_C2.PRG	05E105	21
BTL_C2.PRG	05E11A	33
BTL_C2.PRG	05E13B	21
BTL_C2.PRG	05E150	29
BTL_C2.PRG	05E16D	23
BTL_C2.PRG	05E184	27
BTL_C2.PRG	05E19F	19
BTL_C2.PRG	05E1B2	19
BTL_C2.PRG	0601B4	20
BTL_C2_2.PRG	001A31	11
BTL_C2_2.PRG	001A3C	8
BTL_C2_2.PRG	001A44	36
BTL_C2_2.PRG	001A68	8
BTL_C2_2.PRG	001A70	36
BTL_C2_2.PRG	001A94	8
BTL_C2_2.PRG	001A9C	36
BTL_C2_2.PRG	001AC0	8
BTL_C2_2.PRG	001AC8	46
BTL_C2_2.PRG	001AF6	8
BTL_C2_2.PRG	02AAEA	25
BTL_C2_2.PRG	02AB03	10
BTL_C2_2.PRG	02AB18	12
BTL_C2_2.PRG	02AB24	30
BTL_C2_2.PRG	02AB42	23
BTL_C2_2.PRG	02AB59	9
BTL_C2_2.PRG	02AB62	21
BTL_C2_2.PRG	02AB77	14
BTL_C2_2.PRG	057014	23
BTL_C2_2.PRG	05702B	27
BTL_C2_2.PRG	057046	37
BTL_C2_2.PRG	05706B	25
BTL_C2_2.PRG	057084	35
BTL_C2_2.PRG	0570A7	35
BTL_C2_2.PRG	0570CA	39
BTL_C2_2.PRG	0570F1	35
BTL_C2_2.PRG	057114	23
BTL_C2_2.PRG	05712B	17
BTL_C2_2.PRG	05713C	15
BTL_C2_2.PRG	05714B	15
BTL_C2_2.PRG	05715A	21
BTL_C2_2.PRG	05716F	17
BTL_C2_2.PRG	057180	15
BTL_C2_2.PRG	05718F	19
BTL_C2_2.PRG	0571A2	17
BTL_C2_2.PRG	0571B3	31
BTL_C2_2.PRG	0571D2	19
BTL_C2_2.PRG	0571E5	29
BTL_C2_2.PRG	057202	17
BTL_C2_2.PRG	057213	17
BTL_C2_2.PRG	057224	11
BTL_C2_2.PRG	05722F	35
BTL_C2_2.PRG	057252	17
BTL_C2_2.PRG	057263	13
BTL_C2_2.PRG	057270	11
BTL_C2_2.PRG	05727B	13
BTL_C2_2.PRG	057288	13
BTL_C2_2.PRG	057295	13
BTL_C2_2.PRG	0572A2	5
BTL_C2_2.PRG	0572A7	27
BTL_C2_2.PRG	0572C2	35
BTL_C2_2.PRG	0572E5	35
BTL_C2_2.PRG	057308	33
BTL_C2_2.PRG	057329	9
BTL_C2_2.PRG	057332	11
BTL_C2_2.PRG	05ABC8	15
BTL_C2_2.PRG	05ABD7	13
BTL_C2_2.PRG	05ABE4	17
BTL_C2_2.PRG	05ABF5	17
BTL_C2_2.PRG	05AC06	9
BTL_C2_2.PRG	05AC0F	9
BTL_C2_2.PRG	05AC18	13
BTL_C2_2.PRG	05AC25	13
BTL_C2_2.PRG	05AC32	15
BTL_C2_2.PRG	05AC41	17
BTL_C2_2.PRG	05AC52	9
BTL_C2_2.PRG	05AC5B	17
BTL_C2_2.PRG	05AC6C	11
BTL_C2_2.PRG	05AC77	9
BTL_C2_2.PRG	05AC80	11
BTL_C2_2.PRG	05AC8B	9
BTL_C2_2.PRG	05AC94	5
BTL_C2_2.PRG	05AC99	23
BTL_C2_2.PRG	05ACB0	25
BTL_C2_2.PRG	05ACC9	17
BTL_C2_2.PRG	05ACDA	27
BTL_C2_2.PRG	05ACF5	13
BTL_C2_2.PRG	05AD02	29
BTL_C2_2.PRG	05AD1F	7
BTL_C2_2.PRG	05AD26	11
BTL_C2_2.PRG	05AD31	23
BTL_C2_2.PRG	05AD48	25
BTL_C2_2.PRG	05AD61	21
BTL_C2_2.PRG	05AD76	33
BTL_C2_2.PRG	05AD97	21
BTL_C2_2.PRG	05ADAC	29
BTL_C2_2.PRG	05ADC9	23
BTL_C2_2.PRG	05ADE0	27
BTL_C2_2.PRG	05ADFB	19
BTL_C2_2.PRG	05AE0E	19
BTL_C2_2.PRG	060F20	9
BTL_C4.PRG	02691A	25
BTL_C4.PRG	026933	10
BTL_C4.PRG	026948	12
BTL_C4.PRG	026954	30
BTL_C4.PRG	026972	23
BTL_C4.PRG	026989	9
BTL_C4.PRG	026992	21
BTL_C4.PRG	0269A7	14
BTL_C4.PRG	053FA8	17
BTL_C4.PRG	053FB9	9
BTL_C4.PRG	053FC2	9
BTL_C4.PRG	053FCB	5
BTL_C4.PRG	053FD0	15
BTL_C4.PRG	053FDF	7
BTL_C4.PRG	053FE6	39
BTL_C4.PRG	05400D	37
BTL_C4.PRG	054032	19
BTL_C4.PRG	054045	9
BTL_C4.PRG	05404E	19
BTL_C4.PRG	054061	19
BTL_C4.PRG	054074	19
BTL_C4.PRG	054087	7
BTL_C4.PRG	05408E	19
BTL_C4.PRG	0540A1	21
BTL_C4.PRG	0540B6	21
BTL_C4.PRG	0540CB	21
BTL_C4.PRG	0540E0	15
BTL_C4.PRG	0540EF	17
BTL_C4.PRG	054100	15
BTL_C4.PRG	05410F	15
BTL_C4.PRG	05411E	15
BTL_C4.PRG	05412D	11
BTL_C4.PRG	054138	23
BTL_C4.PRG	05414F	9
BTL_C4.PRG	054158	17
BTL_C4.PRG	054169	17
BTL_C4.PRG	05417A	17
BTL_C4.PRG	05418B	17
BTL_C4.PRG	05419C	7
BTL_C4.PRG	0541A3	23
BTL_C4.PRG	0541BA	9
BTL_C4.PRG	0541C3	5
BTL_C4.PRG	058DE0	15
BTL_C4.PRG	058DEF	13
BTL_C4.PRG	058DFC	17
BTL_C4.PRG	058E0D	17
BTL_C4.PRG	058E1E	9
BTL_C4.PRG	058E27	9
BTL_C4.PRG	058E30	13
BTL_C4.PRG	058E3D	13
BTL_C4.PRG	058E4A	15
BTL_C4.PRG	058E59	17
BTL_C4.PRG	058E6A	9
BTL_C4.PRG	058E73	17
BTL_C4.PRG	058E84	11
BTL_C4.PRG	058E8F	9
BTL_C4.PRG	058E98	11
BTL_C4.PRG	058EA3	9
BTL_C4.PRG	058EAC	5
BTL_C4.PRG	058EB1	23
BTL_C4.PRG	058EC8	25
BTL_C4.PRG	058EE1	17
BTL_C4.PRG	058EF2	27
BTL_C4.PRG	058F0D	13
BTL_C4.PRG	058F1A	29
BTL_C4.PRG	058F37	7
BTL_C4.PRG	058F3E	11
BTL_C4.PRG	058F49	23
BTL_C4.PRG	058F60	25
BTL_C4.PRG	058F79	21
BTL_C4.PRG	058F8E	33
BTL_C4.PRG	058FAF	21
BTL_C4.PRG	058FC4	29
BTL_C4.PRG	058FE1	23
BTL_C4.PRG	058FF8	27
BTL_C4.PRG	059013	19
BTL_C4.PRG	059026	19
BTL_C5.PRG	026F82	25
BTL_C5.PRG	026F9B	10
BTL_C5.PRG	026FB0	12
BTL_C5.PRG	026FBC	30
BTL_C5.PRG	026FDA	23
BTL_C5.PRG	026FF1	9
BTL_C5.PRG	026FFA	21
BTL_C5.PRG	02700F	14
BTL_C5.PRG	052038	15
BTL_C5.PRG	052047	17
BTL_C5.PRG	052058	27
BTL_C5.PRG	052073	31
BTL_C5.PRG	052092	23
BTL_C5.PRG	0520A9	17
BTL_C5.PRG	0520BA	27
BTL_C5.PRG	0520D5	25
BTL_C5.PRG	0520EE	19
BTL_C5.PRG	052101	31
BTL_C5.PRG	052120	23
BTL_C5.PRG	052137	21
BTL_C5.PRG	05214C	19
BTL_C5.PRG	05215F	37
BTL_C5.PRG	052184	33
BTL_C5.PRG	0521A5	13
BTL_C5.PRG	0521B2	19
BTL_C5.PRG	0521C5	17
BTL_C5.PRG	0521D6	5
BTL_C5.PRG	0521DB	9
BTL_C5.PRG	0521E4	13
BTL_C5.PRG	0521F1	33
BTL_C5.PRG	052212	21
BTL_C5.PRG	052227	39
BTL_C5.PRG	05224E	31
BTL_C5.PRG	05226D	29
BTL_C5.PRG	05228A	35
BTL_C5.PRG	0522AD	27
BTL_C5.PRG	0522C8	19
BTL_C5.PRG	0522DB	29
BTL_C5.PRG	0522F8	23
BTL_C5.PRG	05230F	5
BTL_C5.PRG	052314	9
BTL_C5.PRG	05231D	5
BTL_C5.PRG	052322	27
BTL_C5.PRG	05233D	35
BTL_C5.PRG	052360	25
BTL_C5.PRG	052379	5
BTL_C5.PRG	05237E	25
BTL_C5.PRG	052397	27
BTL_C5.PRG	0523B2	23
BTL_C5.PRG	0523C9	17
BTL_C5.PRG	052580	57
BTL_C5.PRG	0525BC	5
BTL_C5.PRG	053440	17
BTL_C5.PRG	05345E	24
BTL_C5.PRG	05561C	15
BTL_C5.PRG	05562B	13
BTL_C5.PRG	055638	17
BTL_C5.PRG	055649	17
BTL_C5.PRG	05565A	9
BTL_C5.PRG	055663	9
BTL_C5.PRG	05566C	13
BTL_C5.PRG	055679	13
BTL_C5.PRG	055686	15
BTL_C5.PRG	055695	17
BTL_C5.PRG	0556A6	9
BTL_C5.PRG	0556AF	17
BTL_C5.PRG	0556C0	11
BTL_C5.PRG	0556CB	9
BTL_C5.PRG	0556D4	11
BTL_C5.PRG	0556DF	9
BTL_C5.PRG	0556E8	5
BTL_C5.PRG	0556ED	23
BTL_C5.PRG	055704	25
BTL_C5.PRG	05571D	17
BTL_C5.PRG	05572E	27
BTL_C5.PRG	055749	13
BTL_C5.PRG	055756	29
BTL_C5.PRG	055773	7
BTL_C5.PRG	05577A	11
BTL_C5.PRG	055785	23
BTL_C5.PRG	05579C	25
BTL_C5.PRG	0557B5	21
BTL_C5.PRG	0557CA	33
BTL_C5.PRG	0557EB	21
BTL_C5.PRG	055800	29
BTL_C5.PRG	05581D	23
BTL_C5.PRG	055834	27
BTL_C5.PRG	05584F	19
BTL_C5.PRG	055862	19
BTL_C5.PRG	05786B	13
BTL_C5_2.PRG	0253CA	25
BTL_C5_2.PRG	0253E3	10
BTL_C5_2.PRG	0253F8	12
BTL_C5_2.PRG	025404	30
BTL_C5_2.PRG	025422	23
BTL_C5_2.PRG	025439	9
BTL_C5_2.PRG	025442	21
BTL_C5_2.PRG	025457	14
BTL_C5_2.PRG	04F8A0	17
BTL_C5_2.PRG	04F8B1	17
BTL_C5_2.PRG	04F8C2	23
BTL_C5_2.PRG	04F8D9	21
BTL_C5_2.PRG	04F8EE	35
BTL_C5_2.PRG	04F911	19
BTL_C5_2.PRG	04F924	13
BTL_C5_2.PRG	04F931	17
BTL_C5_2.PRG	04F942	17
BTL_C5_2.PRG	04F953	17
BTL_C5_2.PRG	04F964	17
BTL_C5_2.PRG	04F975	13
BTL_C5_2.PRG	04F982	9
BTL_C5_2.PRG	04F98B	13
BTL_C5_2.PRG	04F998	19
BTL_C5_2.PRG	04F9AB	33
BTL_C5_2.PRG	04F9CC	31
BTL_C5_2.PRG	04F9EB	15
BTL_C5_2.PRG	04F9FA	11
BTL_C5_2.PRG	04FA05	9
BTL_C5_2.PRG	04FA0E	5
BTL_C5_2.PRG	04FA13	15
BTL_C5_2.PRG	04FA22	15
BTL_C5_2.PRG	04FA31	15
BTL_C5_2.PRG	04FA40	13
BTL_C5_2.PRG	04FA4D	35
BTL_C5_2.PRG	04FA70	11
BTL_C5_2.PRG	04FA7B	15
BTL_C5_2.PRG	04FA8A	15
BTL_C5_2.PRG	04FA99	23
BTL_C5_2.PRG	04FAB0	23
BTL_C5_2.PRG	04FAC7	15
BTL_C5_2.PRG	04FAD6	23
BTL_C5_2.PRG	04FAED	25
BTL_C5_2.PRG	04FB06	23
BTL_C5_2.PRG	04FB1D	39
BTL_C5_2.PRG	04FB44	21
BTL_C5_2.PRG	04FB59	15
BTL_C5_2.PRG	04FB68	15
BTL_C5_2.PRG	04FB77	17
BTL_C5_2.PRG	04FB88	25
BTL_C5_2.PRG	04FBA1	17
BTL_C5_2.PRG	04FBB2	29
BTL_C5_2.PRG	04FBCF	29
BTL_C5_2.PRG	04FBEC	19
BTL_C5_2.PRG	04FBFF	29
BTL_C5_2.PRG	0510DF	5
BTL_C5_2.PRG	0510E4	4
BTL_C5_2.PRG	0510E8	17
BTL_C5_2.PRG	051106	24
BTL_C5_2.PRG	0532C4	15
BTL_C5_2.PRG	0532D3	13
BTL_C5_2.PRG	0532E0	17
BTL_C5_2.PRG	0532F1	17
BTL_C5_2.PRG	053302	9
BTL_C5_2.PRG	05330B	9
BTL_C5_2.PRG	053314	13
BTL_C5_2.PRG	053321	13
BTL_C5_2.PRG	05332E	15
BTL_C5_2.PRG	05333D	17
BTL_C5_2.PRG	05334E	9
BTL_C5_2.PRG	053357	17
BTL_C5_2.PRG	053368	11
BTL_C5_2.PRG	053373	9
BTL_C5_2.PRG	05337C	11
BTL_C5_2.PRG	053387	9
BTL_C5_2.PRG	053390	5
BTL_C5_2.PRG	053395	23
BTL_C5_2.PRG	0533AC	25
BTL_C5_2.PRG	0533C5	17
BTL_C5_2.PRG	0533D6	27
BTL_C5_2.PRG	0533F1	13
BTL_C5_2.PRG	0533FE	29
BTL_C5_2.PRG	05341B	7
BTL_C5_2.PRG	053422	11
BTL_C5_2.PRG	05342D	23
BTL_C5_2.PRG	053444	25
BTL_C5_2.PRG	05345D	21
BTL_C5_2.PRG	053472	33
BTL_C5_2.PRG	053493	21
BTL_C5_2.PRG	0534A8	29
BTL_C5_2.PRG	0534C5	23
BTL_C5_2.PRG	0534DC	27
BTL_C5_2.PRG	0534F7	19
BTL_C5_2.PRG	05350A	19
BTL_C8.PRG	022F46	25
BTL_C8.PRG	022F5F	10
BTL_C8.PRG	022F74	12
BTL_C8.PRG	022F80	30
BTL_C8.PRG	022F9E	23
BTL_C8.PRG	022FB5	9
BTL_C8.PRG	022FBE	21
BTL_C8.PRG	022FD3	14
BTL_C8.PRG	04E958	23
BTL_C8.PRG	04E96F	7
BTL_C8.PRG	04E976	5
BTL_C8.PRG	04E97B	33
BTL_C8.PRG	04E99C	29
BTL_C8.PRG	04E9B9	5
BTL_C8.PRG	04E9BE	5
BTL_C8.PRG	04E9C3	17
BTL_C8.PRG	04E9D4	25
BTL_C8.PRG	04E9ED	13
BTL_C8.PRG	04E9FA	9
BTL_C8.PRG	04EA03	13
BTL_C8.PRG	04EA10	31
BTL_C8.PRG	04EA2F	19
BTL_C8.PRG	04EA42	7
BTL_C8.PRG	04EA49	17
BTL_C8.PRG	04EA5A	5
BTL_C8.PRG	04EA5F	17
BTL_C8.PRG	04EA70	21
BTL_C8.PRG	04EA85	35
BTL_C8.PRG	04EAA8	39
BTL_C8.PRG	04EACF	13
BTL_C8.PRG	04EADC	9
BTL_C8.PRG	04EAE5	13
BTL_C8.PRG	04EAF2	5
BTL_C8.PRG	04EAF7	9
BTL_C8.PRG	052320	15
BTL_C8.PRG	05232F	13
BTL_C8.PRG	05233C	17
BTL_C8.PRG	05234D	17
BTL_C8.PRG	05235E	9
BTL_C8.PRG	052367	9
BTL_C8.PRG	052370	13
BTL_C8.PRG	05237D	13
BTL_C8.PRG	05238A	15
BTL_C8.PRG	052399	17
BTL_C8.PRG	0523AA	9
BTL_C8.PRG	0523B3	17
BTL_C8.PRG	0523C4	11
BTL_C8.PRG	0523CF	9
BTL_C8.PRG	0523D8	11
BTL_C8.PRG	0523E3	9
BTL_C8.PRG	0523EC	5
BTL_C8.PRG	0523F1	23
BTL_C8.PRG	052408	25
BTL_C8.PRG	052421	17
BTL_C8.PRG	052432	27
BTL_C8.PRG	05244D	13
BTL_C8.PRG	05245A	29
BTL_C8.PRG	052477	7
BTL_C8.PRG	05247E	11
BTL_C8.PRG	052489	23
BTL_C8.PRG	0524A0	25
BTL_C8.PRG	0524B9	21
BTL_C8.PRG	0524CE	33
BTL_C8.PRG	0524EF	21
BTL_C8.PRG	052504	29
BTL_C8.PRG	052521	23
BTL_C8.PRG	052538	27
BTL_C8.PRG	052553	19
BTL_C8.PRG	052566	19
BTL_C8_2.PRG	024C5E	25
BTL_C8_2.PRG	024C77	10
BTL_C8_2.PRG	024C8C	12
BTL_C8_2.PRG	024C98	30
BTL_C8_2.PRG	024CB6	23
BTL_C8_2.PRG	024CCD	9
BTL_C8_2.PRG	024CD6	21
BTL_C8_2.PRG	024CEB	14
BTL_C8_2.PRG	04F04C	21
BTL_C8_2.PRG	04F061	31
BTL_C8_2.PRG	04F080	35
BTL_C8_2.PRG	04F0A3	5
BTL_C8_2.PRG	04F0A8	11
BTL_C8_2.PRG	04F0B3	11
BTL_C8_2.PRG	04F0BE	9
BTL_C8_2.PRG	04F0C7	11
BTL_C8_2.PRG	04F0D2	5
BTL_C8_2.PRG	04F0D7	31
BTL_C8_2.PRG	04F0F6	31
BTL_C8_2.PRG	04F115	7
BTL_C8_2.PRG	04F11C	13
BTL_C8_2.PRG	04F129	29
BTL_C8_2.PRG	04F146	17
BTL_C8_2.PRG	04F157	15
BTL_C8_2.PRG	04F166	17
BTL_C8_2.PRG	04F177	33
BTL_C8_2.PRG	04F198	25
BTL_C8_2.PRG	04F1B1	25
BTL_C8_2.PRG	04F1CA	25
BTL_C8_2.PRG	04F1E3	31
BTL_C8_2.PRG	04F202	15
BTL_C8_2.PRG	04F211	29
BTL_C8_2.PRG	04F22E	39
BTL_C8_2.PRG	04F255	27
BTL_C8_2.PRG	04F270	23
BTL_C8_2.PRG	04F287	29
BTL_C8_2.PRG	0508B8	5
BTL_C8_2.PRG	0508C0	5
BTL_C8_2.PRG	0508C8	17
BTL_C8_2.PRG	0508E6	24
BTL_C8_2.PRG	052AA4	15
BTL_C8_2.PRG	052AB3	13
BTL_C8_2.PRG	052AC0	17
BTL_C8_2.PRG	052AD1	17
BTL_C8_2.PRG	052AE2	9
BTL_C8_2.PRG	052AEB	9
BTL_C8_2.PRG	052AF4	13
BTL_C8_2.PRG	052B01	13
BTL_C8_2.PRG	052B0E	15
BTL_C8_2.PRG	052B1D	17
BTL_C8_2.PRG	052B2E	9
BTL_C8_2.PRG	052B37	17
BTL_C8_2.PRG	052B48	11
BTL_C8_2.PRG	052B53	9
BTL_C8_2.PRG	052B5C	11
BTL_C8_2.PRG	052B67	9
BTL_C8_2.PRG	052B70	5
BTL_C8_2.PRG	052B75	23
BTL_C8_2.PRG	052B8C	25
BTL_C8_2.PRG	052BA5	17
BTL_C8_2.PRG	052BB6	27
BTL_C8_2.PRG	052BD1	13
BTL_C8_2.PRG	052BDE	29
BTL_C8_2.PRG	052BFB	7
BTL_C8_2.PRG	052C02	11
BTL_C8_2.PRG	052C0D	23
BTL_C8_2.PRG	052C24	25
BTL_C8_2.PRG	052C3D	21
BTL_C8_2.PRG	052C52	33
BTL_C8_2.PRG	052C73	21
BTL_C8_2.PRG	052C88	29
BTL_C8_2.PRG	052CA5	23
BTL_C8_2.PRG	052CBC	27
BTL_C8_2.PRG	052CD7	19
BTL_C8_2.PRG	052CEA	19
BTL_D2.PRG	025F3E	25
BTL_D2.PRG	025F57	10
BTL_D2.PRG	025F6C	12
BTL_D2.PRG	025F78	30
BTL_D2.PRG	025F96	23
BTL_D2.PRG	025FAD	9
BTL_D2.PRG	025FB6	21
BTL_D2.PRG	025FCB	14
BTL_D2.PRG	052B44	9
BTL_D2.PRG	052B4D	5
BTL_D2.PRG	052B52	9
BTL_D2.PRG	052B5B	9
BTL_D2.PRG	052B64	17
BTL_D2.PRG	052B75	9
BTL_D2.PRG	052B7E	9
BTL_D2.PRG	052B87	5
BTL_D2.PRG	052B8C	11
BTL_D2.PRG	052B97	23
BTL_D2.PRG	052BAE	9
BTL_D2.PRG	052BB7	17
BTL_D2.PRG	052BC8	17
BTL_D2.PRG	052BD9	17
BTL_D2.PRG	052BEA	17
BTL_D2.PRG	052BFB	13
BTL_D2.PRG	052C08	11
BTL_D2.PRG	052C13	7
BTL_D2.PRG	052C1A	23
BTL_D2.PRG	052C31	11
BTL_D2.PRG	052C3C	9
BTL_D2.PRG	052C45	23
BTL_D2.PRG	052C5C	11
BTL_D2.PRG	052C67	9
BTL_D2.PRG	056990	15
BTL_D2.PRG	05699F	13
BTL_D2.PRG	0569AC	17
BTL_D2.PRG	0569BD	17
BTL_D2.PRG	0569CE	9
BTL_D2.PRG	0569D7	9
BTL_D2.PRG	0569E0	13
BTL_D2.PRG	0569ED	13
BTL_D2.PRG	0569FA	15
BTL_D2.PRG	056A09	17
BTL_D2.PRG	056A1A	9
BTL_D2.PRG	056A23	17
BTL_D2.PRG	056A34	11
BTL_D2.PRG	056A3F	9
BTL_D2.PRG	056A48	11
BTL_D2.PRG	056A53	9
BTL_D2.PRG	056A5C	5
BTL_D2.PRG	056A61	23
BTL_D2.PRG	056A78	25
BTL_D2.PRG	056A91	17
BTL_D2.PRG	056AA2	27
BTL_D2.PRG	056ABD	13
BTL_D2.PRG	056ACA	29
BTL_D2.PRG	056AE7	7
BTL_D2.PRG	056AEE	11
BTL_D2.PRG	056AF9	23
BTL_D2.PRG	056B10	25
BTL_D2.PRG	056B29	21
BTL_D2.PRG	056B3E	33
BTL_D2.PRG	056B5F	21
BTL_D2.PRG	056B74	29
BTL_D2.PRG	056B91	23
BTL_D2.PRG	056BA8	27
BTL_D2.PRG	056BC3	19
BTL_D2.PRG	056BD6	19
BTL_D2_2.PRG	025E46	25
BTL_D2_2.PRG	025E5F	10
BTL_D2_2.PRG	025E74	12
BTL_D2_2.PRG	025E80	30
BTL_D2_2.PRG	025E9E	23
BTL_D2_2.PRG	025EB5	9
BTL_D2_2.PRG	025EBE	21
BTL_D2_2.PRG	025ED3	14
BTL_D2_2.PRG	050234	17
BTL_D2_2.PRG	050245	21
BTL_D2_2.PRG	05025A	29
BTL_D2_2.PRG	050277	33
BTL_D2_2.PRG	050298	33
BTL_D2_2.PRG	0502B9	19
BTL_D2_2.PRG	0502CC	23
BTL_D2_2.PRG	0502E3	9
BTL_D2_2.PRG	0502EC	7
BTL_D2_2.PRG	0502F3	11
BTL_D2_2.PRG	0502FE	17
BTL_D2_2.PRG	05030F	11
BTL_D2_2.PRG	05031A	17
BTL_D2_2.PRG	05032B	11
BTL_D2_2.PRG	050336	15
BTL_D2_2.PRG	050345	15
BTL_D2_2.PRG	05445C	15
BTL_D2_2.PRG	05446B	13
BTL_D2_2.PRG	054478	17
BTL_D2_2.PRG	054489	17
BTL_D2_2.PRG	05449A	9
BTL_D2_2.PRG	0544A3	9
BTL_D2_2.PRG	0544AC	13
BTL_D2_2.PRG	0544B9	13
BTL_D2_2.PRG	0544C6	15
BTL_D2_2.PRG	0544D5	17
BTL_D2_2.PRG	0544E6	9
BTL_D2_2.PRG	0544EF	17
BTL_D2_2.PRG	054500	11
BTL_D2_2.PRG	05450B	9
BTL_D2_2.PRG	054514	11
BTL_D2_2.PRG	05451F	9
BTL_D2_2.PRG	054528	5
BTL_D2_2.PRG	05452D	23
BTL_D2_2.PRG	054544	25
BTL_D2_2.PRG	05455D	17
BTL_D2_2.PRG	05456E	27
BTL_D2_2.PRG	054589	13
BTL_D2_2.PRG	054596	29
BTL_D2_2.PRG	0545B3	7
BTL_D2_2.PRG	0545BA	11
BTL_D2_2.PRG	0545C5	23
BTL_D2_2.PRG	0545DC	25
BTL_D2_2.PRG	0545F5	21
BTL_D2_2.PRG	05460A	33
BTL_D2_2.PRG	05462B	21
BTL_D2_2.PRG	054640	29
BTL_D2_2.PRG	05465D	23
BTL_D2_2.PRG	054674	27
BTL_D2_2.PRG	05468F	19
BTL_D2_2.PRG	0546A2	19
BTL_D4.PRG	023C32	25
BTL_D4.PRG	023C4B	10
BTL_D4.PRG	023C60	12
BTL_D4.PRG	023C6C	30
BTL_D4.PRG	023C8A	23
BTL_D4.PRG	023CA1	9
BTL_D4.PRG	023CAA	21
BTL_D4.PRG	023CBF	14
BTL_D4.PRG	04F3F8	7
BTL_D4.PRG	04F3FF	15
BTL_D4.PRG	04F40E	11
BTL_D4.PRG	04F419	19
BTL_D4.PRG	04F42C	15
BTL_D4.PRG	04F43B	7
BTL_D4.PRG	04F442	15
BTL_D4.PRG	04F451	9
BTL_D4.PRG	04F45A	7
BTL_D4.PRG	04F461	5
BTL_D4.PRG	04F466	5
BTL_D4.PRG	04F46B	17
BTL_D4.PRG	04F47C	15
BTL_D4.PRG	04F48B	7
BTL_D4.PRG	04F492	11
BTL_D4.PRG	04F49D	5
BTL_D4.PRG	05335C	15
BTL_D4.PRG	05336B	13
BTL_D4.PRG	053378	17
BTL_D4.PRG	053389	17
BTL_D4.PRG	05339A	9
BTL_D4.PRG	0533A3	9
BTL_D4.PRG	0533AC	13
BTL_D4.PRG	0533B9	13
BTL_D4.PRG	0533C6	15
BTL_D4.PRG	0533D5	17
BTL_D4.PRG	0533E6	9
BTL_D4.PRG	0533EF	17
BTL_D4.PRG	053400	11
BTL_D4.PRG	05340B	9
BTL_D4.PRG	053414	11
BTL_D4.PRG	05341F	9
BTL_D4.PRG	053428	5
BTL_D4.PRG	05342D	23
BTL_D4.PRG	053444	25
BTL_D4.PRG	05345D	17
BTL_D4.PRG	05346E	27
BTL_D4.PRG	053489	13
BTL_D4.PRG	053496	29
BTL_D4.PRG	0534B3	7
BTL_D4.PRG	0534BA	11
BTL_D4.PRG	0534C5	23
BTL_D4.PRG	0534DC	25
BTL_D4.PRG	0534F5	21
BTL_D4.PRG	05350A	33
BTL_D4.PRG	05352B	21
BTL_D4.PRG	053540	29
BTL_D4.PRG	05355D	23
BTL_D4.PRG	053574	27
BTL_D4.PRG	05358F	19
BTL_D4.PRG	0535A2	19
BTL_D5.PRG	0305CA	25
BTL_D5.PRG	0305E3	10
BTL_D5.PRG	0305F8	12
BTL_D5.PRG	030604	30
BTL_D5.PRG	030622	23
BTL_D5.PRG	030639	9
BTL_D5.PRG	030642	21
BTL_D5.PRG	030657	14
BTL_D5.PRG	05AB38	21
BTL_D5.PRG	05AB4D	9
BTL_D5.PRG	05AB56	9
BTL_D5.PRG	05AB5F	25
BTL_D5.PRG	05AB78	9
BTL_D5.PRG	05AB81	7
BTL_D5.PRG	05AB88	11
BTL_D5.PRG	05AB93	7
BTL_D5.PRG	05AB9A	25
BTL_D5.PRG	05ABB3	9
BTL_D5.PRG	05ABBC	9
BTL_D5.PRG	05ABC5	7
BTL_D5.PRG	05ABCC	25
BTL_D5.PRG	05ABE5	9
BTL_D5.PRG	05ABEE	5
BTL_D5.PRG	05ABF3	11
BTL_D5.PRG	05ABFE	7
BTL_D5.PRG	05AC05	19
BTL_D5.PRG	05AC18	11
BTL_D5.PRG	05AC23	13
BTL_D5.PRG	05AC30	9
BTL_D5.PRG	05AC39	11
BTL_D5.PRG	05AC44	7
BTL_D5.PRG	05AC4B	9
BTL_D5.PRG	05AC54	11
BTL_D5.PRG	05AC5F	23
BTL_D5.PRG	05AC76	23
BTL_D5.PRG	05AC8D	19
BTL_D5.PRG	05ACA0	15
BTL_D5.PRG	05ACAF	17
BTL_D5.PRG	05ACC0	23
BTL_D5.PRG	05ACD7	25
BTL_D5.PRG	05ACF0	29
BTL_D5.PRG	05AD0D	15
BTL_D5.PRG	05AD1C	33
BTL_D5.PRG	05AD3D	17
BTL_D5.PRG	05AD4E	21
BTL_D5.PRG	05AD63	37
BTL_D5.PRG	05AD88	13
BTL_D5.PRG	05AD95	9
BTL_D5.PRG	05AD9E	35
BTL_D5.PRG	05ADC1	25
BTL_D5.PRG	05ADDA	25
BTL_D5.PRG	05ADF3	19
BTL_D5.PRG	05AE06	23
BTL_D5.PRG	05AE1D	25
BTL_D5.PRG	05AE36	17
BTL_D5.PRG	05AE47	21
BTL_D5.PRG	05AE5C	9
BTL_D5.PRG	05AE65	21
BTL_D5.PRG	05AE7A	21
BTL_D5.PRG	05AE8F	13
BTL_D5.PRG	05AE9C	13
BTL_D5.PRG	05AEA9	9
BTL_D5.PRG	05AEB2	15
BTL_D5.PRG	05AEC1	9
BTL_D5.PRG	05AECA	9
BTL_D5.PRG	06740C	15
BTL_D5.PRG	06741B	13
BTL_D5.PRG	067428	17
BTL_D5.PRG	067439	17
BTL_D5.PRG	06744A	9
BTL_D5.PRG	067453	9
BTL_D5.PRG	06745C	13
BTL_D5.PRG	067469	13
BTL_D5.PRG	067476	15
BTL_D5.PRG	067485	17
BTL_D5.PRG	067496	9
BTL_D5.PRG	06749F	17
BTL_D5.PRG	0674B0	11
BTL_D5.PRG	0674BB	9
BTL_D5.PRG	0674C4	11
BTL_D5.PRG	0674CF	9
BTL_D5.PRG	0674D8	5
BTL_D5.PRG	0674DD	23
BTL_D5.PRG	0674F4	25
BTL_D5.PRG	06750D	17
BTL_D5.PRG	06751E	27
BTL_D5.PRG	067539	13
BTL_D5.PRG	067546	29
BTL_D5.PRG	067563	7
BTL_D5.PRG	06756A	11
BTL_D5.PRG	067575	23
BTL_D5.PRG	06758C	25
BTL_D5.PRG	0675A5	21
BTL_D5.PRG	0675BA	33
BTL_D5.PRG	0675DB	21
BTL_D5.PRG	0675F0	29
BTL_D5.PRG	06760D	23
BTL_D5.PRG	067624	27
BTL_D5.PRG	06763F	19
BTL_D5.PRG	067652	19
BTL_T0.PRG	029112	25
BTL_T0.PRG	02912B	10
BTL_T0.PRG	029140	12
BTL_T0.PRG	02914C	30
BTL_T0.PRG	02916A	23
BTL_T0.PRG	029181	9
BTL_T0.PRG	02918A	21
BTL_T0.PRG	02919F	14
BTL_T0.PRG	053700	7
BTL_T0.PRG	053707	7
BTL_T0.PRG	05370E	5
BTL_T0.PRG	053713	9
BTL_T0.PRG	05371C	7
BTL_T0.PRG	053723	5
BTL_T0.PRG	053728	11
BTL_T0.PRG	053733	23
BTL_T0.PRG	05374A	9
BTL_T0.PRG	053753	17
BTL_T0.PRG	053764	17
BTL_T0.PRG	053775	23
BTL_T0.PRG	05378C	17
BTL_T0.PRG	05379D	7
BTL_T0.PRG	0537A4	5
BTL_T0.PRG	0537A9	7
BTL_T0.PRG	0537B0	5
BTL_T0.PRG	0537B5	31
BTL_T0.PRG	0537D4	39
BTL_T0.PRG	0537FB	19
BTL_T0.PRG	05380E	15
BTL_T0.PRG	05381D	5
BTL_T0.PRG	053822	9
BTL_T0.PRG	05382B	17
BTL_T0.PRG	05383C	31
BTL_T0.PRG	05385B	41
BTL_T0.PRG	053884	23
BTL_T0.PRG	05389B	5
BTL_T0.PRG	0538A0	86
BTL_T0.PRG	0538F6	67
BTL_T0.PRG	053939	106
BTL_T0.PRG	0539A3	47
BTL_T0.PRG	0539D2	41
BTL_T0.PRG	0539FB	28
BTL_T0.PRG	053A17	72
BTL_T0.PRG	053A5F	20
BTL_T0.PRG	053A73	107
BTL_T0.PRG	053ADE	39
BTL_T0.PRG	053B05	60
BTL_T0.PRG	053B41	67
BTL_T0.PRG	053B84	139
BTL_T0.PRG	053C0F	107
BTL_T0.PRG	053C7A	72
BTL_T0.PRG	053CC2	41
BTL_T0.PRG	053CEB	71
BTL_T0.PRG	053D32	77
BTL_T0.PRG	053D7F	87
BTL_T0.PRG	053DD6	101
BTL_T0.PRG	053E3B	9
BTL_T0.PRG	053E44	83
BTL_T0.PRG	053E97	97
BTL_T0.PRG	053EF8	82
BTL_T0.PRG	053F4A	113
BTL_T0.PRG	053FBB	77
BTL_T0.PRG	054008	108
BTL_T0.PRG	054074	96
BTL_T0.PRG	0540D4	75
BTL_T0.PRG	05411F	69
BTL_T0.PRG	054164	80
BTL_T0.PRG	0541B4	35
BTL_T0.PRG	0541D7	9
BTL_T0.PRG	0541E0	81
BTL_T0.PRG	054231	121
BTL_T0.PRG	0542AA	22
BTL_T0.PRG	0542C0	95
BTL_T0.PRG	05431F	108
BTL_T0.PRG	05438B	101
BTL_T0.PRG	0543F0	16
BTL_T0.PRG	054400	6
BTL_T0.PRG	054406	101
BTL_T0.PRG	05446B	54
BTL_T0.PRG	0544A1	99
BTL_T0.PRG	054504	16
BTL_T0.PRG	054514	14
BTL_T0.PRG	054522	62
BTL_T0.PRG	054560	119
BTL_T0.PRG	0545D7	57
BTL_T0.PRG	054610	72
BTL_T0.PRG	054658	45
BTL_T0.PRG	054685	41
BTL_T0.PRG	0546AE	33
BTL_T0.PRG	0546CF	33
BTL_T0.PRG	0546F0	13
BTL_T0.PRG	0546FD	126
BTL_T0.PRG	05477B	62
BTL_T0.PRG	0547B9	24
BTL_T0.PRG	0547D1	125
BTL_T0.PRG	05484E	56
BTL_T0.PRG	054886	65
BTL_T0.PRG	0548C7	26
BTL_T0.PRG	0548E1	103
BTL_T0.PRG	054948	123
BTL_T0.PRG	0549C3	135
BTL_T0.PRG	054A4A	28
BTL_T0.PRG	054A66	27
BTL_T0.PRG	054A81	39
BTL_T0.PRG	054AA8	33
BTL_T0.PRG	054AC9	39
BTL_T0.PRG	054AF0	13
BTL_T0.PRG	054AFD	22
BTL_T0.PRG	054B14	16
BTL_T0.PRG	054B25	22
BTL_T0.PRG	054B3C	24
BTL_T0.PRG	054B55	16
BTL_T0.PRG	054B66	24
BTL_T0.PRG	054B7F	24
BTL_T0.PRG	054B98	22
BTL_T0.PRG	054BAF	24
BTL_T0.PRG	054BC8	22
BTL_T0.PRG	054BDF	24
BTL_T0.PRG	054BF8	22
BTL_T0.PRG	054C0F	22
BTL_T0.PRG	054C26	16
BTL_T0.PRG	054C37	16
BTL_T0.PRG	054C48	24
BTL_T0.PRG	054C61	30
BTL_T0.PRG	054C80	22
BTL_T0.PRG	054C97	49
BTL_T0.PRG	054CC8	82
BTL_T0.PRG	054D1A	106
BTL_T0.PRG	054D84	50
BTL_T0.PRG	054DB6	135
BTL_T0.PRG	054E3D	57
BTL_T0.PRG	054E76	16
BTL_T0.PRG	054E86	119
BTL_T0.PRG	054EFD	74
BTL_T0.PRG	054F47	131
BTL_T0.PRG	054FCA	95
BTL_T0.PRG	055029	67
BTL_T0.PRG	05506C	112
BTL_T0.PRG	0550DC	121
BTL_T0.PRG	055155	115
BTL_T0.PRG	0551C8	121
BTL_T0.PRG	055241	119
BTL_T0.PRG	0552B8	121
BTL_T0.PRG	055331	123
BTL_T0.PRG	0553AC	96
BTL_T0.PRG	05540C	103
BTL_T0.PRG	055473	26
BTL_T0.PRG	05548D	96
BTL_T0.PRG	0554ED	119
BTL_T0.PRG	055564	100
BTL_T0.PRG	0555C8	104
BTL_T0.PRG	055630	119
BTL_T0.PRG	0556A7	36
BTL_T0.PRG	0556CC	36
BTL_T0.PRG	0556F1	36
BTL_T0.PRG	055716	36
BTL_T0.PRG	05990C	15
BTL_T0.PRG	05991B	13
BTL_T0.PRG	059928	17
BTL_T0.PRG	059939	17
BTL_T0.PRG	05994A	9
BTL_T0.PRG	059953	9
BTL_T0.PRG	05995C	13
BTL_T0.PRG	059969	13
BTL_T0.PRG	059976	15
BTL_T0.PRG	059985	17
BTL_T0.PRG	059996	9
BTL_T0.PRG	05999F	17
BTL_T0.PRG	0599B0	11
BTL_T0.PRG	0599BB	9
BTL_T0.PRG	0599C4	11
BTL_T0.PRG	0599CF	9
BTL_T0.PRG	0599D8	5
BTL_T0.PRG	0599DD	23
BTL_T0.PRG	0599F4	25
BTL_T0.PRG	059A0D	17
BTL_T0.PRG	059A1E	27
BTL_T0.PRG	059A39	13
BTL_T0.PRG	059A46	29
BTL_T0.PRG	059A63	7
BTL_T0.PRG	059A6A	11
BTL_T0.PRG	059A75	23
BTL_T0.PRG	059A8C	25
BTL_T0.PRG	059AA5	21
BTL_T0.PRG	059ABA	33
BTL_T0.PRG	059ADB	21
BTL_T0.PRG	059AF0	29
BTL_T0.PRG	059B0D	23
BTL_T0.PRG	059B24	27
BTL_T0.PRG	059B3F	19
BTL_T0.PRG	059B52	19
BTL_X0.PRG	033D02	25
BTL_X0.PRG	033D1B	10
BTL_X0.PRG	033D30	12
BTL_X0.PRG	033D3C	30
BTL_X0.PRG	033D5A	23
BTL_X0.PRG	033D71	9
BTL_X0.PRG	033D7A	21
BTL_X0.PRG	033D8F	14
BTL_X0.PRG	05E0EC	17
BTL_X0.PRG	05E0FD	9
BTL_X0.PRG	05E106	9
BTL_X0.PRG	05E10F	9
BTL_X0.PRG	05E118	11
BTL_X0.PRG	05E123	7
BTL_X0.PRG	05E12A	5
BTL_X0.PRG	05E12F	25
BTL_X0.PRG	05E148	29
BTL_X0.PRG	05E165	33
BTL_X0.PRG	05E186	33
BTL_X0.PRG	05E1A7	29
BTL_X0.PRG	05E1C4	33
BTL_X0.PRG	05E1E5	17
BTL_X0.PRG	05E1F6	39
BTL_X0.PRG	05E21D	17
BTL_X0.PRG	05E22E	17
BTL_X0.PRG	05E23F	9
BTL_X0.PRG	05E248	9
BTL_X0.PRG	05E251	9
BTL_X0.PRG	05E25A	11
BTL_X0.PRG	05E265	7
BTL_X0.PRG	05E26C	5
BTL_X0.PRG	05E271	9
BTL_X0.PRG	05E27A	9
BTL_X0.PRG	05E283	5
BTL_X0.PRG	05E288	17
BTL_X0.PRG	05E299	27
BTL_X0.PRG	05E2B4	7
BTL_X0.PRG	05E2BB	29
BTL_X0.PRG	05E2D8	31
BTL_X0.PRG	05E2F7	17
BTL_X0.PRG	05E308	9
BTL_X0.PRG	05E311	9
BTL_X0.PRG	05E31A	9
BTL_X0.PRG	05E323	11
BTL_X0.PRG	05E32E	7
BTL_X0.PRG	05E335	5
BTL_X0.PRG	05E33A	9
BTL_X0.PRG	05E343	9
BTL_X0.PRG	05E34C	5
BTL_X0.PRG	05E351	13
BTL_X0.PRG	05E35E	11
BTL_X0.PRG	05E369	17
BTL_X0.PRG	05E37A	11
BTL_X0.PRG	05E385	19
BTL_X0.PRG	05E398	21
BTL_X0.PRG	05E3AD	33
BTL_X0.PRG	05E3CE	25
BTL_X0.PRG	05E3E7	37
BTL_X0.PRG	05E40C	13
BTL_X0.PRG	05E419	29
BTL_X0.PRG	05E436	27
BTL_X0.PRG	05E451	17
BTL_X0.PRG	05E462	9
BTL_X0.PRG	05E46B	9
BTL_X0.PRG	06628C	15
BTL_X0.PRG	06629B	13
BTL_X0.PRG	0662A8	17
BTL_X0.PRG	0662B9	17
BTL_X0.PRG	0662CA	9
BTL_X0.PRG	0662D3	9
BTL_X0.PRG	0662DC	13
BTL_X0.PRG	0662E9	13
BTL_X0.PRG	0662F6	15
BTL_X0.PRG	066305	17
BTL_X0.PRG	066316	9
BTL_X0.PRG	06631F	17
BTL_X0.PRG	066330	11
BTL_X0.PRG	06633B	9
BTL_X0.PRG	066344	11
BTL_X0.PRG	06634F	9
BTL_X0.PRG	066358	5
BTL_X0.PRG	06635D	23
BTL_X0.PRG	066374	25
BTL_X0.PRG	06638D	17
BTL_X0.PRG	06639E	27
BTL_X0.PRG	0663B9	13
BTL_X0.PRG	0663C6	29
BTL_X0.PRG	0663E3	7
BTL_X0.PRG	0663EA	11
BTL_X0.PRG	0663F5	23
BTL_X0.PRG	06640C	25
BTL_X0.PRG	066425	21
BTL_X0.PRG	06643A	33
BTL_X0.PRG	06645B	21
BTL_X0.PRG	066470	29
BTL_X0.PRG	06648D	23
BTL_X0.PRG	0664A4	27
BTL_X0.PRG	0664BF	19
BTL_X0.PRG	0664D2	19
COMMON.DAT	008A4E	9
COMMON.DAT	00A760	11
COMMON.DAT	00A76B	7
COMMON.DAT	00A772	29
COMMON.DAT	00A78F	27
COMMON.DAT	00A7AA	17
COMMON.DAT	00A7BB	33
COMMON.DAT	00A7DC	21
COMMON.DAT	00A7F1	19
COMMON.DAT	00A804	60
COMMON.DAT	00A840	44
COMMON.DAT	00A86C	50
COMMON.DAT	00A89E	48
COMMON.DAT	00A8CE	32
COMMON.DAT	00A8EE	32
COMMON.DAT	00A90E	44
COMMON.DAT	00A93A	38
COMMON.DAT	00A960	38
COMMON.DAT	00A986	40
COMMON.DAT	00A9AE	58
COMMON.DAT	00A9E8	42
COMMON.DAT	00AA12	40
COMMON.DAT	00AA3A	42
COMMON.DAT	00AA64	44
COMMON.DAT	00AA90	48
COMMON.DAT	00AAC0	36
COMMON.DAT	00AAE4	30
COMMON.DAT	00AB02	48
COMMON.DAT	00AB32	40
COMMON.DAT	00AB5A	34
COMMON.DAT	00AB7C	34
COMMON.DAT	00AB9E	34
COMMON.DAT	00ABC0	28
COMMON.DAT	00ABDC	38
COMMON.DAT	00AC02	34
COMMON.DAT	00AC24	32
COMMON.DAT	00AC44	36
COMMON.DAT	00AC68	38
COMMON.DAT	00AC8E	30
COMMON.DAT	00ACAC	38
COMMON.DAT	00ACD2	21
COMMON.DAT	00ACE7	23
COMMON.DAT	00ACFE	21
COMMON.DAT	00AD13	21
COMMON.DAT	00AD28	21
COMMON.DAT	00AD3D	21
COMMON.DAT	00AD52	27
COMMON.DAT	00AD6D	17
COMMON.DAT	00AD7E	19
COMMON.DAT	00AD91	23
COMMON.DAT	00ADA8	23
COMMON.DAT	00ADBF	21
COMMON.DAT	00ADD4	11
COMMON.DAT	00ADDF	15
COMMON.DAT	00ADEE	17
COMMON.DAT	00ADFF	19
COMMON.DAT	00AE12	17
COMMON.DAT	00AE23	19
COMMON.DAT	00AE36	50
COMMON.DAT	00AE68	33
COMMON.DAT	00AE89	17
COMMON.DAT	00AE9A	19
COMMON.DAT	00AEAD	19
COMMON.DAT	00AEC0	19
COMMON.DAT	00AED3	15
COMMON.DAT	00AEE2	21
COMMON.DAT	00AEF7	25
COMMON.DAT	00AF10	21
COMMON.DAT	00AF25	13
COMMON.DAT	00AF32	13
COMMON.DAT	00AF3F	19
COMMON.DAT	00AF52	19
COMMON.DAT	00AF65	19
COMMON.DAT	00AF78	21
COMMON.DAT	00AF8D	21
COMMON.DAT	00AFA2	7
COMMON.DAT	00AFA9	29
COMMON.DAT	00AFC6	15
COMMON.DAT	00AFD5	17
COMMON.DAT	00AFE6	21
COMMON.DAT	00AFFB	29
COMMON.DAT	00B018	29
COMMON.DAT	00B035	29
COMMON.DAT	00B052	27
COMMON.DAT	00B06D	11
COMMON.DAT	00B078	11
COMMON.DAT	00B083	11
COMMON.DAT	00B08E	27
COMMON.DAT	00B0A9	60
COMMON.DAT	00B0E5	60
COMMON.DAT	00B121	60
COMMON.DAT	00B15D	60
COMMON.DAT	00B199	60
COMMON.DAT	00B1D5	60
COMMON.DAT	00B211	60
COMMON.DAT	00B24D	60
COMMON.DAT	00B289	60
COMMON.DAT	00B2C5	60
COMMON.DAT	00B301	60
COMMON.DAT	00B33D	60
COMMON.DAT	00B379	7
COMMON.DAT	00B380	48
COMMON.DAT	00B3B0	58
COMMON.DAT	00B3EA	68
COMMON.DAT	00B42E	15
COMMON.DAT	00B43D	25
COMMON.DAT	00B456	56
COMMON.DAT	00B48E	56
COMMON.DAT	00B4C6	48
COMMON.DAT	00B4F6	52
COMMON.DAT	00B52A	25
COMMON.DAT	00B543	56
COMMON.DAT	00B57B	29
COMMON.DAT	00B598	21
COMMON.DAT	00B5AD	27
COMMON.DAT	00B5C8	33
COMMON.DAT	00B5E9	50
COMMON.DAT	00B61B	58
COMMON.DAT	00B655	37
COMMON.DAT	00B67A	48
COMMON.DAT	00B6AA	54
COMMON.DAT	00B6E0	54
COMMON.DAT	00B716	54
COMMON.DAT	00B74C	58
COMMON.DAT	00B786	42
COMMON.DAT	00B7B0	56
COMMON.DAT	00B7E8	42
COMMON.DAT	00B812	34
COMMON.DAT	00B834	42
COMMON.DAT	00B85E	48
COMMON.DAT	00B88E	37
COMMON.DAT	00B8B3	37
COMMON.DAT	00B8D8	37
COMMON.DAT	00B8FD	56
COMMON.DAT	00B935	52
COMMON.DAT	00B969	48
COMMON.DAT	00B999	54
COMMON.DAT	00B9CF	48
COMMON.DAT	00B9FF	13
COMMON.DAT	00BA0C	35
COMMON.DAT	00BA2F	44
COMMON.DAT	00BA5B	38
COMMON.DAT	00BA81	54
COMMON.DAT	00BAB7	30
COMMON.DAT	00BAD5	42
COMMON.DAT	00BAFF	38
COMMON.DAT	00BB25	21
COMMON.DAT	00BB3A	36
COMMON.DAT	00BB5F	36
COMMON.DAT	00BB84	36
COMMON.DAT	00BBA9	36
COMMON.DAT	00BBCE	36
COMMON.DAT	00BBF3	36
COMMON.DAT	00BC18	36
COMMON.DAT	00BC3D	36
COMMON.DAT	00BC62	36
COMMON.DAT	00BC87	36
COMMON.DAT	00BCAC	36
COMMON.DAT	00BCD1	36
COMMON.DAT	00BCF6	36
COMMON.DAT	00BD1B	36
COMMON.DAT	00BD40	36
COMMON.DAT	00BD65	36
COMMON.DAT	00BD8A	36
COMMON.DAT	00BDAF	36
COMMON.DAT	00BDD4	36
COMMON.DAT	00BDF9	36
COMMON.DAT	00BE1E	36
COMMON.DAT	00BE43	17
COMMON.DAT	00BE54	17
COMMON.DAT	00BE65	17
COMMON.DAT	00BE77	36
COMMON.DAT	00BE9C	36
COMMON.DAT	00BEC1	36
COMMON.DAT	00BEE6	36
COMMON.DAT	00BF0B	36
COMMON.DAT	00BF30	36
COMMON.DAT	00BF55	36
COMMON.DAT	00BF7A	36
COMMON.DAT	00BF9F	36
COMMON.DAT	00BFCA	7
COMMON.DAT	00BFD5	7
COMMON.DAT	00D0D9	27
COMMON.DAT	00D0F4	27
COMMON.DAT	00D10F	27
COMMON.DAT	00D12A	27
COMMON.DAT	00D145	27
COMMON.DAT	00D160	27
COMMON.DAT	00D17B	11
COMMON.DAT	00D186	11
COMMON.DAT	00D191	33
COMMON.DAT	00D1B2	25
COMMON.DAT	00D1CB	35
COMMON.DAT	00D1EE	11
COMMON.DAT	00D1F9	5
COMMON.DAT	00D1FE	5
COMMON.DAT	00D203	5
COMMON.DAT	00D208	3
COMMON.DAT	00D20B	3
COMMON.DAT	00D20E	5
COMMON.DAT	00D213	17
COMMON.DAT	00D224	25
COMMON.DAT	00D23D	31
COMMON.DAT	00D25C	27
COMMON.DAT	00D277	27
COMMON.DAT	00D292	33
COMMON.DAT	00D2B3	23
COMMON.DAT	00D2CA	3
COMMON.DAT	00D2CD	11
COMMON.DAT	00D2D8	11
COMMON.DAT	00D2E3	11
COMMON.DAT	00D2EE	11
COMMON.DAT	00D2F9	11
COMMON.DAT	00D304	11
COMMON.DAT	00D30F	11
COMMON.DAT	00D31A	11
COMMON.DAT	00D325	7
COMMON.DAT	00D32C	7
COMMON.DAT	00D333	7
COMMON.DAT	00D33A	7
COMMON.DAT	00D341	25
COMMON.DAT	00D35A	21
COMMON.DAT	00D36F	21
COMMON.DAT	00D384	29
COMMON.DAT	00D3A1	13
COMMON.DAT	00D3AE	17
COMMON.DAT	00D3BF	25
COMMON.DAT	00D3D8	17
COMMON.DAT	00D3E9	15
COMMON.DAT	00D3F8	21
COMMON.DAT	00D40D	13
COMMON.DAT	00D41A	15
COMMON.DAT	00D429	15
COMMON.DAT	00D438	31
COMMON.DAT	00D457	19
FLAGEDIT.PRG	000340	17
FLAGEDIT.PRG	000351	27
FLAGEDIT.PRG	00036C	19
FLAGEDIT.PRG	00037F	15
FLAGEDIT.PRG	00038E	17
FLAGEDIT.PRG	00039F	29
FLAGEDIT.PRG	0003BC	25
FLAGEDIT.PRG	0003D5	37
FLAGEDIT.PRG	0003FA	23
FLAGEDIT.PRG	000411	29
FLAGEDIT.PRG	00042E	35
FLAGEDIT.PRG	000451	25
FLAGEDIT.PRG	00046A	25
FLAGEDIT.PRG	000483	19
FLAGEDIT.PRG	000496	21
FLAGEDIT.PRG	0004AB	23
FLAGEDIT.PRG	0004C2	23
FLAGEDIT.PRG	0004D9	19
FLAGEDIT.PRG	0004EC	27
FLAGEDIT.PRG	000507	17
FLAGEDIT.PRG	000518	17
FLAGEDIT.PRG	000529	23
FLAGEDIT.PRG	000540	23
FLAGEDIT.PRG	000557	19
FLAGEDIT.PRG	00056A	17
FLAGEDIT.PRG	00057B	21
FLAGEDIT.PRG	000590	23
FLAGEDIT.PRG	0005A7	25
FLAGEDIT.PRG	0005C0	21
FLAGEDIT.PRG	0005D5	31
FLAGEDIT.PRG	0005F4	29
FLAGEDIT.PRG	000611	23
FLAGEDIT.PRG	000628	37
FLAGEDIT.PRG	00064D	13
FLAGEDIT.PRG	00065A	31
FLAGEDIT.PRG	000679	31
FLAGEDIT.PRG	000698	23
FLAGEDIT.PRG	0006AF	35
FLAGEDIT.PRG	0006D2	23
FLAGEDIT.PRG	0006E9	21
FLAGEDIT.PRG	0006FE	21
FLAGEDIT.PRG	000713	17
FLAGEDIT.PRG	000724	19
FLAGEDIT.PRG	000737	19
FLAGEDIT.PRG	00074A	15
FLAGEDIT.PRG	000759	27
FLAGEDIT.PRG	000774	27
FLAGEDIT.PRG	00078F	25
FLAGEDIT.PRG	0007A8	25
FLAGEDIT.PRG	0007C1	25
FLAGEDIT.PRG	0007DA	25
FLAGEDIT.PRG	0007F3	25
FLAGEDIT.PRG	00080C	23
FLAGEDIT.PRG	000823	35
FLAGEDIT.PRG	000846	17
FLAGEDIT.PRG	000857	15
FLAGEDIT.PRG	000866	17
FLAGEDIT.PRG	000877	15
FLAGEDIT.PRG	000886	21
FLAGEDIT.PRG	00089B	21
FLAGEDIT.PRG	0008B0	11
FLAGEDIT.PRG	0008BB	19
FLAGEDIT.PRG	0008CE	27
FLAGEDIT.PRG	0008E9	19
FLAGEDIT.PRG	0008FC	21
FLAGEDIT.PRG	000911	11
FLAGEDIT.PRG	00091C	15
FLAGEDIT.PRG	00092B	17
FLAGEDIT.PRG	00093C	11
FLAGEDIT.PRG	000947	17
FLAGEDIT.PRG	000958	17
FLAGEDIT.PRG	000969	13
FLAGEDIT.PRG	000976	25
FLAGEDIT.PRG	00098F	15
FLAGEDIT.PRG	00099E	19
FLAGEDIT.PRG	0009B1	31
FLAGEDIT.PRG	0009D0	17
FLAGEDIT.PRG	0009E1	27
FLAGEDIT.PRG	0009FC	25
FLAGEDIT.PRG	000A15	27
FLAGEDIT.PRG	000A30	25
FLAGEDIT.PRG	000A49	27
FLAGEDIT.PRG	000A64	23
FLAGEDIT.PRG	000A7B	27
FLAGEDIT.PRG	000A96	29
FLAGEDIT.PRG	000AB3	27
FLAGEDIT.PRG	000ACE	29
FLAGEDIT.PRG	000AEB	15
FLAGEDIT.PRG	000AFA	21
FLAGEDIT.PRG	000B0F	25
FLAGEDIT.PRG	000B28	21
FLAGEDIT.PRG	000B3D	15
FLAGEDIT.PRG	000B4C	15
FLAGEDIT.PRG	000B5B	27
FLAGEDIT.PRG	000B76	19
FLAGEDIT.PRG	000B89	11
FLAGEDIT.PRG	000B94	11
FLAGEDIT.PRG	000B9F	11
FLAGEDIT.PRG	000BAA	19
FLAGEDIT.PRG	000BBD	15
FLAGEDIT.PRG	000BCC	19
FLAGEDIT.PRG	000BDF	31
FLAGEDIT.PRG	000BFE	17
FLAGEDIT.PRG	000C0F	27
FLAGEDIT.PRG	000C2A	35
FLAGEDIT.PRG	000C4D	35
FLAGEDIT.PRG	000C70	29
FLAGEDIT.PRG	000C8D	33
FLAGEDIT.PRG	000CAE	37
FLAGEDIT.PRG	000CD3	33
FLAGEDIT.PRG	000CF4	27
FLAGEDIT.PRG	000D0F	35
FLAGEDIT.PRG	000D32	29
FLAGEDIT.PRG	000D4F	15
FLAGEDIT.PRG	000D5E	15
FLAGEDIT.PRG	000D6D	15
FLAGEDIT.PRG	000D7C	27
FLAGEDIT.PRG	000D97	23
FLAGEDIT.PRG	000DAE	35
FLAGEDIT.PRG	000DD1	37
FLAGEDIT.PRG	000DF6	41
FLAGEDIT.PRG	000E1F	37
FLAGEDIT.PRG	000E44	21
FLAGEDIT.PRG	000E59	31
FLAGEDIT.PRG	000E78	39
FLAGEDIT.PRG	000E9F	31
FLAGEDIT.PRG	000EBE	23
FLAGEDIT.PRG	000ED5	31
FLAGEDIT.PRG	000EF4	31
FLAGEDIT.PRG	000F13	31
FLAGEDIT.PRG	000F32	31
FLAGEDIT.PRG	000F51	31
FLAGEDIT.PRG	000F70	31
FLAGEDIT.PRG	000F8F	31
FLAGEDIT.PRG	000FAE	31
FLAGEDIT.PRG	000FCD	35
FLAGEDIT.PRG	000FF0	27
FLAGEDIT.PRG	00100B	15
FLAGEDIT.PRG	00101A	15
FLAGEDIT.PRG	001029	31
FLAGEDIT.PRG	001048	31
FLAGEDIT.PRG	001067	31
FLAGEDIT.PRG	001086	31
FLAGEDIT.PRG	0010A5	31
FLAGEDIT.PRG	0010C4	35
FLAGEDIT.PRG	0010E7	43
FLAGEDIT.PRG	001112	21
FLAGEDIT.PRG	001127	21
FLAGEDIT.PRG	00113C	21
FLAGEDIT.PRG	001151	21
FLAGEDIT.PRG	001166	21
FLAGEDIT.PRG	00117B	21
FLAGEDIT.PRG	001190	21
FLAGEDIT.PRG	0011A5	21
FLAGEDIT.PRG	0011BA	7
FLAGEDIT.PRG	0011C1	21
FLAGEDIT.PRG	0011D6	9
FLAGEDIT.PRG	0011DF	11
FLAGEDIT.PRG	0011EA	19
FLAGEDIT.PRG	0011FD	21
FLAGEDIT.PRG	001212	21
FLAGEDIT.PRG	001227	21
FLAGEDIT.PRG	00123C	21
FLAGEDIT.PRG	001251	17
FLAGEDIT.PRG	001262	21
FLAGEDIT.PRG	001277	9
FLAGEDIT.PRG	001280	25
FLAGEDIT.PRG	001299	27
FLAGEDIT.PRG	0012B4	19
FLAGEDIT.PRG	0012C7	13
FLAGEDIT.PRG	0012D4	21
FLAGEDIT.PRG	0012E9	21
FLAGEDIT.PRG	0012FE	27
FLAGEDIT.PRG	001319	31
FLAGEDIT.PRG	001338	21
FLAGEDIT.PRG	00134D	35
FLAGEDIT.PRG	001371	2
FLAGEDIT.PRG	001373	6
FLAGEDIT.PRG	001379	2
FLAGEDIT.PRG	00137B	6
FLAGEDIT.PRG	001381	2
FLAGEDIT.PRG	001383	6
FLAGEDIT.PRG	001389	2
FLAGEDIT.PRG	00138B	6
FLD_A3.PRG	008E55	3
FLD_A3.PRG	008E5C	4
FLD_A3.PRG	008E60	26
FLD_A3.PRG	008E85	11
FLD_A3.PRG	008E90	23
FLD_A3.PRG	008EA7	33
FLD_A3.PRG	008EC8	17
FLD_A3.PRG	008ED9	31
FLD_A3.PRG	008EF8	21
FLD_A3.PRG	008F0D	27
FLD_A3.PRG	008F28	23
FLD_A3.PRG	008F3F	27
FLD_A3.PRG	008F5A	21
FLD_A3.PRG	008F6F	21
FLD_A3.PRG	008F84	37
FLD_A3.PRG	008FA9	11
FLD_A3.PRG	008FB4	37
FLD_A3.PRG	008FD9	39
FLD_A3.PRG	009000	17
FLD_A3.PRG	009011	39
FLD_A3.PRG	009038	19
FLD_A3.PRG	00904B	37
FLD_A3.PRG	009070	39
FLD_A3.PRG	009097	31
FLD_A3.PRG	0090B6	19
FLD_A3.PRG	0090C9	31
FLD_A3.PRG	0090F3	19
FLD_A3.PRG	009111	25
FLD_A3.PRG	009135	35
FLD_A3.PRG	009158	29
FLD_A3.PRG	009180	31
FLD_A3.PRG	0091AA	19
FLD_A3.PRG	0091BD	33
FLD_A3.PRG	0091E9	19
FLD_A3.PRG	009207	21
FLD_A3.PRG	00921C	33
FLD_A3.PRG	009248	11
FLD_A3.PRG	00925E	35
FLD_A3.PRG	009281	21
FLD_A3.PRG	0092A2	25
FLD_A3.PRG	0092BB	10
FLD_A3.PRG	0092C5	23
FLD_A3.PRG	0092E7	31
FLD_A3.PRG	009306	17
FLD_A3.PRG	00932E	25
FLD_A3.PRG	009347	17
FLD_A3.PRG	009363	37
FLD_A3.PRG	009388	35
FLD_A3.PRG	0093AB	23
FLD_A3.PRG	0093CD	27
FLD_A3.PRG	0093E8	19
FLD_A3.PRG	0093FB	27
FLD_A3.PRG	009416	35
FLD_A3.PRG	009439	33
FLD_A3.PRG	00945A	35
FLD_A3.PRG	00947D	35
FLD_A3.PRG	0094A0	11
FLD_A3.PRG	0094AB	12
FLD_A3.PRG	0094B7	12
FLD_A3.PRG	0094C3	11
FLD_A3.PRG	0094CE	17
FLD_A3.PRG	0094DF	15
FLD_A3.PRG	0094EE	25
FLD_A3.PRG	009507	10
FLD_A3.PRG	009511	23
FLD_A3.PRG	00952A	10
FLD_A3.PRG	009534	21
FLD_A3.PRG	009549	19
FLD_A3.PRG	00955E	17
FLD_A3.PRG	00956F	19
FLD_A3.PRG	009584	9
FLD_A3.PRG	00958D	9
FLD_A3.PRG	009596	10
FLD_A3.PRG	0095A2	95
FLD_A3.PRG	009601	28
FLD_A3.PRG	00961D	25
FLD_A3.PRG	009636	92
FLD_A3.PRG	009692	42
FLD_A3.PRG	0096BC	34
FLD_A3.PRG	0096DE	31
FLD_A3.PRG	0096FD	84
FLD_A3.PRG	009751	131
FLD_A3.PRG	0097D4	30
FLD_A3.PRG	0097F2	29
FLD_A3.PRG	00980F	51
FLD_A3.PRG	009842	86
FLD_A3.PRG	009898	30
FLD_A3.PRG	0098B6	27
FLD_A3.PRG	0098D1	62
FLD_A3.PRG	00990F	129
FLD_A3.PRG	009990	67
FLD_A3.PRG	0099D3	26
FLD_A3.PRG	0099ED	27
FLD_A3.PRG	009A08	27
FLD_A3.PRG	009A24	116
FLD_A3.PRG	009A98	136
FLD_A3.PRG	009B20	9
FLD_A3.PRG	009B29	80
FLD_A3.PRG	009B79	102
FLD_A3.PRG	009BDF	116
FLD_A3.PRG	009C53	98
FLD_A3.PRG	009CB5	118
FLD_A3.PRG	009D2B	26
FLD_A3.PRG	009D45	21
FLD_A3.PRG	009D5A	74
FLD_A3.PRG	009DA4	24
FLD_A3.PRG	009DBC	21
FLD_A3.PRG	009DD1	78
FLD_A3.PRG	009E1F	24
FLD_A3.PRG	009E37	23
FLD_A3.PRG	009E4E	43
FLD_A3.PRG	009E79	24
FLD_A3.PRG	009E91	23
FLD_A3.PRG	009EA8	49
FLD_A3.PRG	009ED9	26
FLD_A3.PRG	009EF3	21
FLD_A3.PRG	009F08	45
FLD_A3.PRG	009F35	11
FLD_A3.PRG	009F40	7
FLD_A3.PRG	009F47	17
FLD_A3.PRG	009F58	11
FLD_A3.PRG	009F63	6
FLD_A3.PRG	009F69	12
FLD_A3.PRG	009F75	17
FLD_A3.PRG	009F86	11
FLD_A3.PRG	009F91	11
FLD_A3.PRG	009F9C	6
FLD_A3.PRG	026802	14
FLD_A3.PRG	026810	33
FLD_A3.PRG	02D2C7	39
FLD_A3.PRG	02D2EE	13
FLD_A3.PRG	02D2FB	25
FLD_A3.PRG	02D314	37
FLD_A3.PRG	02D339	25
FLD_A3.PRG	02D352	25
FLD_A3.PRG	02D36B	21
FLD_A3.PRG	02D380	11
FLD_A3.PRG	02D38B	21
FLD_A3.PRG	02D3A0	19
FLD_A3.PRG	02D3B3	21
FLD_A3.PRG	02D3C8	17
FLD_A3.PRG	02D3D9	29
FLD_A3.PRG	02D3F6	27
FLD_A3.PRG	02D411	27
FLD_A3.PRG	02D42C	18
FLD_A3.PRG	02D43F	14
FLD_A3.PRG	02D44D	7
FLD_A3.PRG	02D454	17
FLD_A3.PRG	02D465	17
FLD_A3.PRG	02D476	17
FLD_A3.PRG	02D487	15
FLD_A3.PRG	02D496	25
FLD_A3.PRG	040C30	25
FLD_A3.PRG	040C49	37
FLD_A3.PRG	040C6E	22
FLD_A3.PRG	040C84	21
FLD_A3.PRG	040C99	40
FLD_A3.PRG	040CC1	3
FLD_A3.PRG	040CC4	29
FLD_A3.PRG	040CE1	18
FLD_A3.PRG	040CF3	23
FLD_A3.PRG	040D0A	38
FLD_A3.PRG	040D30	3
FLD_A3.PRG	040D33	56
FLD_A3.PRG	040D6B	66
FLD_A3.PRG	040DAD	76
FLD_A3.PRG	040DF9	23
FLD_A5.PRG	00D217	8
FLD_A5.PRG	00D21F	8
FLD_A5.PRG	00D227	8
FLD_A5.PRG	00D22F	8
FLD_A5.PRG	00D237	8
FLD_A5.PRG	00D23F	8
FLD_A5.PRG	00D247	8
FLD_A5.PRG	00D24F	8
FLD_A5.PRG	00D29B	31
FLD_A5.PRG	00D2C6	21
FLD_A5.PRG	00D2E7	25
FLD_A5.PRG	00D30C	11
FLD_A5.PRG	00D317	37
FLD_A5.PRG	00D33D	39
FLD_A5.PRG	00D365	37
FLD_A5.PRG	00D396	17
FLD_A5.PRG	00D3B3	17
FLD_A5.PRG	00D3D0	7
FLD_A5.PRG	00D3D7	10
FLD_A5.PRG	00D3E1	37
FLD_A5.PRG	00D412	27
FLD_A5.PRG	00D439	31
FLD_A5.PRG	00D458	6
FLD_A5.PRG	00D45E	29
FLD_A5.PRG	00D487	17
FLD_A5.PRG	00D498	23
FLD_A5.PRG	00D4AF	6
FLD_A5.PRG	00D4B5	39
FLD_A5.PRG	00D4DD	19
FLD_A5.PRG	00D4F0	20
FLD_A5.PRG	00D505	19
FLD_A5.PRG	00D524	29
FLD_A5.PRG	00D54D	11
FLD_A5.PRG	00D558	35
FLD_A5.PRG	00D587	31
FLD_A5.PRG	00D5A6	4
FLD_A5.PRG	00D5AA	21
FLD_A5.PRG	00D5CB	31
FLD_A5.PRG	00D5EA	4
FLD_A5.PRG	00D5EE	21
FLD_A5.PRG	00D603	15
FLD_A5.PRG	00D61E	13
FLD_A5.PRG	00D62B	2
FLD_A5.PRG	00D62D	19
FLD_A5.PRG	00D640	2
FLD_A5.PRG	00D642	37
FLD_A5.PRG	00D66A	19
FLD_A5.PRG	00D67D	18
FLD_A5.PRG	00D692	23
FLD_A5.PRG	00D6A9	14
FLD_A5.PRG	00D6C6	35
FLD_A5.PRG	00D6F5	35
FLD_A5.PRG	00D718	31
FLD_A5.PRG	00D737	4
FLD_A5.PRG	00D73B	15
FLD_A5.PRG	00D74A	16
FLD_A5.PRG	00D75A	4
FLD_A5.PRG	00D76A	23
FLD_A5.PRG	00D78D	27
FLD_A5.PRG	00D7A8	35
FLD_A5.PRG	00D7D7	39
FLD_A5.PRG	00D80A	19
FLD_A5.PRG	00D829	21
FLD_A5.PRG	00D83E	13
FLD_A5.PRG	00D84B	27
FLD_A5.PRG	00D866	33
FLD_A5.PRG	00D887	19
FLD_A5.PRG	00D89A	33
FLD_A5.PRG	00D8BB	25
FLD_A5.PRG	00D8D4	39
FLD_A5.PRG	00D8FB	25
FLD_A5.PRG	00D914	35
FLD_A5.PRG	00D937	33
FLD_A5.PRG	00D958	13
FLD_A5.PRG	00D965	39
FLD_A5.PRG	00D98C	39
FLD_A5.PRG	00D9B3	39
FLD_A5.PRG	00D9DA	39
FLD_A5.PRG	00DA01	39
FLD_A5.PRG	00DA29	39
FLD_A5.PRG	00DA50	39
FLD_A5.PRG	00DA77	39
FLD_A5.PRG	00DA9E	39
FLD_A5.PRG	00DAC5	39
FLD_A5.PRG	00DAEC	39
FLD_A5.PRG	00DB14	39
FLD_A5.PRG	00DB3C	39
FLD_A5.PRG	00DB64	39
FLD_A5.PRG	00DB8C	39
FLD_A5.PRG	00DBB4	39
FLD_A5.PRG	00DBDC	39
FLD_A5.PRG	00DC04	39
FLD_A5.PRG	00DC2C	39
FLD_A5.PRG	00DC54	39
FLD_A5.PRG	00DC7C	39
FLD_A5.PRG	00DCA4	39
FLD_A5.PRG	00DCCC	39
FLD_A5.PRG	00DCF4	39
FLD_A5.PRG	00DD1C	39
FLD_A5.PRG	00DD44	39
FLD_A5.PRG	00DD6C	39
FLD_A5.PRG	00DD94	39
FLD_A5.PRG	00DDBC	39
FLD_A5.PRG	00DDE4	39
FLD_A5.PRG	00DE0B	39
FLD_A5.PRG	00DE32	39
FLD_A5.PRG	00DE59	39
FLD_A5.PRG	00DE80	39
FLD_A5.PRG	00DEA8	39
FLD_A5.PRG	00DECF	39
FLD_A5.PRG	00DEF6	39
FLD_A5.PRG	00DF1D	39
FLD_A5.PRG	00DF44	39
FLD_A5.PRG	00DF6B	39
FLD_A5.PRG	00DF93	39
FLD_A5.PRG	00DFBB	39
FLD_A5.PRG	00DFE3	39
FLD_A5.PRG	00E00B	39
FLD_A5.PRG	00E033	39
FLD_A5.PRG	00E05B	39
FLD_A5.PRG	00E083	39
FLD_A5.PRG	00E0AB	39
FLD_A5.PRG	00E0D3	39
FLD_A5.PRG	00E0FB	39
FLD_A5.PRG	00E123	39
FLD_A5.PRG	00E14B	39
FLD_A5.PRG	00E173	39
FLD_A5.PRG	00E19B	39
FLD_A5.PRG	00E1C3	39
FLD_A5.PRG	00E1EB	39
FLD_A5.PRG	00E213	39
FLD_A5.PRG	00E23B	39
FLD_A5.PRG	00E263	23
FLD_A5.PRG	00E27A	16
FLD_A5.PRG	00E28B	23
FLD_A5.PRG	00E2A2	16
FLD_A5.PRG	00E2B3	23
FLD_A5.PRG	00E2CA	16
FLD_A5.PRG	00E2DB	25
FLD_A5.PRG	00E2F4	27
FLD_A5.PRG	00E30F	23
FLD_A5.PRG	00E326	39
FLD_A5.PRG	00E34D	39
FLD_A5.PRG	00E374	39
FLD_A5.PRG	00E39B	39
FLD_A5.PRG	00E3C2	39
FLD_A5.PRG	00E3EA	39
FLD_A5.PRG	00E411	39
FLD_A5.PRG	00E438	39
FLD_A5.PRG	00E45F	39
FLD_A5.PRG	00E486	39
FLD_A5.PRG	00E4AD	39
FLD_A5.PRG	00E4D5	39
FLD_A5.PRG	00E4FD	39
FLD_A5.PRG	00E525	39
FLD_A5.PRG	00E54D	39
FLD_A5.PRG	00E575	39
FLD_A5.PRG	00E59D	39
FLD_A5.PRG	00E5C5	39
FLD_A5.PRG	00E5ED	39
FLD_A5.PRG	00E615	39
FLD_A5.PRG	00E63D	39
FLD_A5.PRG	00E665	39
FLD_A5.PRG	00E68D	39
FLD_A5.PRG	00E6B5	39
FLD_A5.PRG	00E6DD	39
FLD_A5.PRG	00E705	39
FLD_A5.PRG	00E72D	39
FLD_A5.PRG	00E755	39
FLD_A5.PRG	00E77D	39
FLD_A5.PRG	00E7A5	39
FLD_A5.PRG	00E7CC	39
FLD_A5.PRG	00E7F3	39
FLD_A5.PRG	00E81A	39
FLD_A5.PRG	00E841	39
FLD_A5.PRG	00E869	39
FLD_A5.PRG	00E890	39
FLD_A5.PRG	00E8B7	39
FLD_A5.PRG	00E8DE	39
FLD_A5.PRG	00E905	39
FLD_A5.PRG	00E92C	39
FLD_A5.PRG	00E954	39
FLD_A5.PRG	00E97C	39
FLD_A5.PRG	00E9A4	39
FLD_A5.PRG	00E9CC	39
FLD_A5.PRG	00E9F4	39
FLD_A5.PRG	00EA1C	39
FLD_A5.PRG	00EA44	39
FLD_A5.PRG	00EA6C	39
FLD_A5.PRG	00EA94	39
FLD_A5.PRG	00EABC	39
FLD_A5.PRG	00EAE4	39
FLD_A5.PRG	00EB0C	39
FLD_A5.PRG	00EB34	39
FLD_A5.PRG	00EB5C	39
FLD_A5.PRG	00EB84	39
FLD_A5.PRG	00EBAC	39
FLD_A5.PRG	00EBD4	39
FLD_A5.PRG	00EBFC	39
FLD_A5.PRG	00EC24	23
FLD_A5.PRG	00EC3B	16
FLD_A5.PRG	00EC4C	23
FLD_A5.PRG	00EC63	16
FLD_A5.PRG	00EC74	23
FLD_A5.PRG	00EC8B	16
FLD_A5.PRG	00EC9C	25
FLD_A5.PRG	00ECB5	31
FLD_A5.PRG	00ECD4	31
FLD_A5.PRG	00ECF3	42
FLD_A5.PRG	00ED1E	42
FLD_A5.PRG	00ED49	40
FLD_A5.PRG	00ED71	3
FLD_A5.PRG	00ED9A	5
FLD_A5.PRG	00EDC3	7
FLD_A5.PRG	00EDEC	9
FLD_A5.PRG	00EE15	11
FLD_A5.PRG	00EE3E	13
FLD_A5.PRG	00EE67	15
FLD_A5.PRG	00EE90	17
FLD_A5.PRG	00EEB9	19
FLD_A5.PRG	00EECD	22
FLD_A5.PRG	00EEE3	21
FLD_A5.PRG	00EEF9	20
FLD_A5.PRG	00EF0D	23
FLD_A5.PRG	00EF25	18
FLD_A5.PRG	00EF37	25
FLD_A5.PRG	00EF51	16
FLD_A5.PRG	00EF61	27
FLD_A5.PRG	00EF7D	14
FLD_A5.PRG	00EF8B	29
FLD_A5.PRG	00EFA9	12
FLD_A5.PRG	00EFB5	31
FLD_A5.PRG	00EFD5	10
FLD_A5.PRG	00EFDF	33
FLD_A5.PRG	00F001	8
FLD_A5.PRG	00F009	35
FLD_A5.PRG	00F02D	6
FLD_A5.PRG	00F033	37
FLD_A5.PRG	00F059	39
FLD_A5.PRG	00F080	4
FLD_A5.PRG	00F085	39
FLD_A5.PRG	00F0AC	4
FLD_A5.PRG	00F0B1	39
FLD_A5.PRG	00F0D8	4
FLD_A5.PRG	00F0DD	39
FLD_A5.PRG	00F104	4
FLD_A5.PRG	00F109	39
FLD_A5.PRG	00F130	4
FLD_A5.PRG	00F135	39
FLD_A5.PRG	00F15C	4
FLD_A5.PRG	00F161	39
FLD_A5.PRG	00F188	4
FLD_A5.PRG	00F18D	39
FLD_A5.PRG	00F1B4	4
FLD_A5.PRG	00F1B9	39
FLD_A5.PRG	00F1E0	4
FLD_A5.PRG	00F1E5	42
FLD_A5.PRG	00F210	42
FLD_A5.PRG	00F23B	40
FLD_A5.PRG	00F263	3
FLD_A5.PRG	00F28C	5
FLD_A5.PRG	00F2B5	7
FLD_A5.PRG	00F2DE	9
FLD_A5.PRG	00F307	11
FLD_A5.PRG	00F330	13
FLD_A5.PRG	00F359	15
FLD_A5.PRG	00F382	17
FLD_A5.PRG	00F3AB	19
FLD_A5.PRG	00F3BF	22
FLD_A5.PRG	00F3D5	21
FLD_A5.PRG	00F3EB	20
FLD_A5.PRG	00F3FF	23
FLD_A5.PRG	00F417	18
FLD_A5.PRG	00F429	25
FLD_A5.PRG	00F443	16
FLD_A5.PRG	00F453	27
FLD_A5.PRG	00F46F	14
FLD_A5.PRG	00F47D	29
FLD_A5.PRG	00F49B	12
FLD_A5.PRG	00F4A7	31
FLD_A5.PRG	00F4C7	10
FLD_A5.PRG	00F4D1	33
FLD_A5.PRG	00F4F3	8
FLD_A5.PRG	00F4FB	35
FLD_A5.PRG	00F51F	6
FLD_A5.PRG	00F525	37
FLD_A5.PRG	00F54B	39
FLD_A5.PRG	00F572	4
FLD_A5.PRG	00F577	39
FLD_A5.PRG	00F59E	4
FLD_A5.PRG	00F5A3	39
FLD_A5.PRG	00F5CA	4
FLD_A5.PRG	00F5CF	39
FLD_A5.PRG	00F5F6	4
FLD_A5.PRG	00F5FB	39
FLD_A5.PRG	00F622	4
FLD_A5.PRG	00F627	39
FLD_A5.PRG	00F64E	4
FLD_A5.PRG	00F653	39
FLD_A5.PRG	00F67A	4
FLD_A5.PRG	00F67F	39
FLD_A5.PRG	00F6A6	4
FLD_A5.PRG	00F6AB	39
FLD_A5.PRG	00F6D2	4
FLD_A5.PRG	00F6D7	23
FLD_A5.PRG	00F6EE	16
FLD_A5.PRG	00F6FE	4
FLD_A5.PRG	00F703	23
FLD_A5.PRG	00F71A	16
FLD_A5.PRG	00F72A	4
FLD_A5.PRG	00F72F	23
FLD_A5.PRG	00F746	16
FLD_A5.PRG	00F756	4
FLD_A5.PRG	00F75B	27
FLD_A5.PRG	00F776	18
FLD_A5.PRG	00F788	7
FLD_A5.PRG	00F78F	16
FLD_A5.PRG	00F79F	14
FLD_A5.PRG	00F7AD	17
FLD_A5.PRG	00F7BE	18
FLD_A5.PRG	00F7D0	14
FLD_A5.PRG	00F7DE	17
FLD_A5.PRG	00F7EF	16
FLD_A5.PRG	00F7FF	12
FLD_A5.PRG	00F80B	18
FLD_A5.PRG	00F81D	9
FLD_A5.PRG	00F826	14
FLD_A5.PRG	00F834	15
FLD_A5.PRG	00F843	19
FLD_A5.PRG	00F856	16
FLD_A5.PRG	00F866	20
FLD_A5.PRG	00F87A	14
FLD_A5.PRG	00F888	17
FLD_A5.PRG	00F899	17
FLD_A5.PRG	00F8AB	25
FLD_A5.PRG	00F8C4	17
FLD_A5.PRG	00F8D5	11
FLD_A5.PRG	00F8E0	29
FLD_A5.PRG	02C3B2	14
FLD_A5.PRG	02C3C0	33
FLD_A5.PRG	032E43	8
FLD_A5.PRG	032E4B	8
FLD_A5.PRG	032E57	8
FLD_A5.PRG	032E5F	8
FLD_A5.PRG	032E6F	8
FLD_A5.PRG	032E77	39
FLD_A5.PRG	032E9E	13
FLD_A5.PRG	032EAB	25
FLD_A5.PRG	032EC4	37
FLD_A5.PRG	032EE9	25
FLD_A5.PRG	032F02	25
FLD_A5.PRG	032F1B	21
FLD_A5.PRG	032F30	11
FLD_A5.PRG	032F3B	21
FLD_A5.PRG	032F50	19
FLD_A5.PRG	032F63	21
FLD_A5.PRG	032F78	17
FLD_A5.PRG	032F89	29
FLD_A5.PRG	032FA6	27
FLD_A5.PRG	032FC1	27
FLD_A5.PRG	032FDC	18
FLD_A5.PRG	032FEF	14
FLD_A5.PRG	032FFD	7
FLD_A5.PRG	033004	17
FLD_A5.PRG	033015	17
FLD_A5.PRG	033026	17
FLD_A5.PRG	033037	15
FLD_A5.PRG	033046	25
FLD_A5.PRG	0374C1	4
FLD_A5.PRG	0374C5	4
FLD_A5.PRG	0374C9	4
FLD_A5.PRG	0374CD	4
FLD_A5.PRG	0374D1	4
FLD_A5.PRG	0374D5	4
FLD_A5.PRG	0374D9	4
FLD_A5.PRG	0374DD	4
FLD_A5.PRG	0374E1	4
FLD_A5.PRG	0374E5	4
FLD_A5.PRG	0374E9	4
FLD_A5.PRG	04A618	25
FLD_A5.PRG	04A631	37
FLD_A5.PRG	04A656	22
FLD_A5.PRG	04A66C	21
FLD_A5.PRG	04A681	40
FLD_A5.PRG	04A6A9	3
FLD_A5.PRG	04A6AC	29
FLD_A5.PRG	04A6C9	18
FLD_A5.PRG	04A6DB	23
FLD_A5.PRG	04A6F2	38
FLD_A5.PRG	04A718	3
FLD_A5.PRG	04A71B	56
FLD_A5.PRG	04A753	66
FLD_A5.PRG	04A795	76
FLD_A5.PRG	04A7E1	23
FLD_A7.PRG	006A5E	29
FLD_A7.PRG	006A7B	19
FLD_A7.PRG	006A8E	35
FLD_A7.PRG	006ABC	19
FLD_A7.PRG	006ACF	25
FLD_A7.PRG	006AE8	35
FLD_A7.PRG	006B0B	31
FLD_A7.PRG	006B2A	19
FLD_A7.PRG	006B3D	33
FLD_A7.PRG	006B5E	33
FLD_A7.PRG	006B7F	33
FLD_A7.PRG	006BA0	15
FLD_A7.PRG	006BAF	15
FLD_A7.PRG	006BBE	15
FLD_A7.PRG	006BCD	19
FLD_A7.PRG	006BEB	12
FLD_A7.PRG	006BF7	27
FLD_A7.PRG	006C12	21
FLD_A7.PRG	006C32	19
FLD_A7.PRG	006C50	27
FLD_A7.PRG	006C76	11
FLD_A7.PRG	006C8C	20
FLD_A7.PRG	006CA0	13
FLD_A7.PRG	006CAD	19
FLD_A7.PRG	006CC0	29
FLD_A7.PRG	006CDD	39
FLD_A7.PRG	006D04	35
FLD_A7.PRG	006D32	33
FLD_A7.PRG	006D5E	14
FLD_A7.PRG	006D6C	19
FLD_A7.PRG	006D7F	31
FLD_A7.PRG	006D9E	21
FLD_A7.PRG	006DB3	13
FLD_A7.PRG	006DC0	19
FLD_A7.PRG	006DD3	5
FLD_A7.PRG	006DD8	17
FLD_A7.PRG	006DE9	9
FLD_A7.PRG	006DF2	13
FLD_A7.PRG	006DFF	21
FLD_A7.PRG	006E14	21
FLD_A7.PRG	006E29	21
FLD_A7.PRG	006E3E	19
FLD_A7.PRG	006E51	21
FLD_A7.PRG	006E66	7
FLD_A7.PRG	006E6D	21
FLD_A7.PRG	006E82	9
FLD_A7.PRG	006E8B	101
FLD_A7.PRG	006EF0	10
FLD_A7.PRG	006EFA	69
FLD_A7.PRG	006F3F	10
FLD_A7.PRG	006F49	94
FLD_A7.PRG	006FA7	10
FLD_A7.PRG	006FB1	49
FLD_A7.PRG	006FE2	10
FLD_A7.PRG	006FEC	80
FLD_A7.PRG	00703C	161
FLD_A7.PRG	0070DD	95
FLD_A7.PRG	00713C	41
FLD_A7.PRG	007165	94
FLD_A7.PRG	0071C3	114
FLD_A7.PRG	007235	115
FLD_A7.PRG	0072A8	111
FLD_A7.PRG	007317	111
FLD_A7.PRG	007386	100
FLD_A7.PRG	0073EA	36
FLD_A7.PRG	00740E	24
FLD_A7.PRG	007426	68
FLD_A7.PRG	00746A	143
FLD_A7.PRG	0074F9	98
FLD_A7.PRG	00755B	90
FLD_A7.PRG	0075B5	92
FLD_A7.PRG	007611	94
FLD_A7.PRG	00766F	96
FLD_A7.PRG	0076CF	83
FLD_A7.PRG	007722	9
FLD_A7.PRG	00772B	101
FLD_A7.PRG	007790	82
FLD_A7.PRG	0077E2	84
FLD_A7.PRG	007836	101
FLD_A7.PRG	00789B	82
FLD_A7.PRG	0078ED	50
FLD_A7.PRG	00791F	95
FLD_A7.PRG	00797E	125
FLD_A7.PRG	0079FB	22
FLD_A7.PRG	007A11	56
FLD_A7.PRG	007A49	82
FLD_A7.PRG	007A9B	96
FLD_A7.PRG	007AFB	121
FLD_A7.PRG	007B74	22
FLD_A7.PRG	007B8A	84
FLD_A7.PRG	007BDE	84
FLD_A7.PRG	007C32	84
FLD_A7.PRG	007C86	92
FLD_A7.PRG	007CE2	131
FLD_A7.PRG	007D65	22
FLD_A7.PRG	007D7B	80
FLD_A7.PRG	007DCB	106
FLD_A7.PRG	007E35	101
FLD_A7.PRG	007E9A	98
FLD_A7.PRG	007EFC	135
FLD_A7.PRG	007F83	22
FLD_A7.PRG	007F99	70
FLD_A7.PRG	007FDF	84
FLD_A7.PRG	008033	101
FLD_A7.PRG	008098	94
FLD_A7.PRG	0080F6	131
FLD_A7.PRG	008179	22
FLD_A7.PRG	00818F	78
FLD_A7.PRG	0081DD	82
FLD_A7.PRG	00822F	82
FLD_A7.PRG	008281	90
FLD_A7.PRG	0082DB	135
FLD_A7.PRG	024896	14
FLD_A7.PRG	0248A4	33
FLD_A7.PRG	02B35F	35
FLD_A7.PRG	02B382	13
FLD_A7.PRG	02B38F	25
FLD_A7.PRG	02B3A8	37
FLD_A7.PRG	02B3CD	25
FLD_A7.PRG	02B3E6	25
FLD_A7.PRG	02B3FF	21
FLD_A7.PRG	02B414	11
FLD_A7.PRG	02B41F	21
FLD_A7.PRG	02B434	19
FLD_A7.PRG	02B447	21
FLD_A7.PRG	02B45C	17
FLD_A7.PRG	02B46D	29
FLD_A7.PRG	02B48A	27
FLD_A7.PRG	02B4A5	27
FLD_A7.PRG	02B4C0	18
FLD_A7.PRG	02B4D3	14
FLD_A7.PRG	02B4E1	7
FLD_A7.PRG	02B4E8	17
FLD_A7.PRG	02B4F9	17
FLD_A7.PRG	02B50A	17
FLD_A7.PRG	02B51B	15
FLD_A7.PRG	02B52A	25
FLD_A7.PRG	031E4B	4
FLD_A7.PRG	031E4F	4
FLD_A7.PRG	031E53	4
FLD_A7.PRG	031E57	4
FLD_A7.PRG	031E5B	4
FLD_A7.PRG	031E5F	4
FLD_A7.PRG	031E63	4
FLD_A7.PRG	033EC0	25
FLD_A7.PRG	033ED9	37
FLD_A7.PRG	033EFE	22
FLD_A7.PRG	033F14	21
FLD_A7.PRG	033F29	40
FLD_A7.PRG	033F51	3
FLD_A7.PRG	033F54	29
FLD_A7.PRG	033F71	18
FLD_A7.PRG	033F83	23
FLD_A7.PRG	033F9A	38
FLD_A7.PRG	033FC0	3
FLD_A7.PRG	033FC3	56
FLD_A7.PRG	033FFB	66
FLD_A7.PRG	03403D	76
FLD_A7.PRG	034089	23
FLD_B2.PRG	00E0AF	8
FLD_B2.PRG	00E0B7	8
FLD_B2.PRG	00E0BF	37
FLD_B2.PRG	00E0E4	24
FLD_B2.PRG	00E0FC	15
FLD_B2.PRG	00E10B	17
FLD_B2.PRG	00E11C	39
FLD_B2.PRG	00E143	15
FLD_B2.PRG	00E152	27
FLD_B2.PRG	00E16D	21
FLD_B2.PRG	00E182	19
FLD_B2.PRG	00E195	13
FLD_B2.PRG	00E1A2	15
FLD_B2.PRG	00E1B1	21
FLD_B2.PRG	00E1C6	37
FLD_B2.PRG	00E1EB	13
FLD_B2.PRG	00E1F8	31
FLD_B2.PRG	00E217	25
FLD_B2.PRG	00E230	29
FLD_B2.PRG	00E24D	15
FLD_B2.PRG	00E25C	9
FLD_B2.PRG	00E265	19
FLD_B2.PRG	00E278	9
FLD_B2.PRG	00E281	23
FLD_B2.PRG	00E298	13
FLD_B2.PRG	00E2A5	15
FLD_B2.PRG	00E2B4	35
FLD_B2.PRG	00E2D7	29
FLD_B2.PRG	00E2F4	25
FLD_B2.PRG	00E30D	27
FLD_B2.PRG	00E328	31
FLD_B2.PRG	00E347	13
FLD_B2.PRG	00E354	13
FLD_B2.PRG	00E361	17
FLD_B2.PRG	00E372	15
FLD_B2.PRG	00E384	19
FLD_B2.PRG	00E397	12
FLD_B2.PRG	00E3A3	6
FLD_B2.PRG	02EE07	35
FLD_B2.PRG	02EE2A	13
FLD_B2.PRG	02EE37	25
FLD_B2.PRG	02EE50	37
FLD_B2.PRG	02EE75	25
FLD_B2.PRG	02EE8E	25
FLD_B2.PRG	02EEA7	21
FLD_B2.PRG	02EEBC	11
FLD_B2.PRG	02EEC7	21
FLD_B2.PRG	02EEDC	19
FLD_B2.PRG	02EEEF	21
FLD_B2.PRG	02EF04	17
FLD_B2.PRG	02EF15	29
FLD_B2.PRG	02EF32	27
FLD_B2.PRG	02EF4D	27
FLD_B2.PRG	02EF68	18
FLD_B2.PRG	02EF7B	14
FLD_B2.PRG	02EF89	7
FLD_B2.PRG	02EF90	17
FLD_B2.PRG	02EFA1	17
FLD_B2.PRG	02EFB2	17
FLD_B2.PRG	02EFC3	15
FLD_B2.PRG	02EFD2	25
FLD_B2.PRG	03AA98	25
FLD_B2.PRG	03AAB1	37
FLD_B2.PRG	03AAD6	22
FLD_B2.PRG	03AAEC	21
FLD_B2.PRG	03AB01	40
FLD_B2.PRG	03AB29	3
FLD_B2.PRG	03AB2C	29
FLD_B2.PRG	03AB49	18
FLD_B2.PRG	03AB5B	23
FLD_B2.PRG	03AB72	38
FLD_B2.PRG	03AB98	3
FLD_B2.PRG	03AB9B	56
FLD_B2.PRG	03ABD3	66
FLD_B2.PRG	03AC15	76
FLD_B2.PRG	03AC61	23
FLD_B5.PRG	009054	35
FLD_B5.PRG	009077	23
FLD_B5.PRG	00908E	24
FLD_B5.PRG	0090A6	17
FLD_B5.PRG	0090B7	21
FLD_B5.PRG	0090CC	32
FLD_B5.PRG	0090EC	7
FLD_B5.PRG	0090F3	37
FLD_B5.PRG	009118	33
FLD_B5.PRG	009139	7
FLD_B5.PRG	009140	23
FLD_B5.PRG	009157	22
FLD_B5.PRG	00916D	7
FLD_B5.PRG	009174	27
FLD_B5.PRG	00918F	35
FLD_B5.PRG	0091B2	19
FLD_B5.PRG	0091C5	29
FLD_B5.PRG	0091E2	22
FLD_B5.PRG	0091F8	7
FLD_B5.PRG	0091FF	25
FLD_B5.PRG	009218	22
FLD_B5.PRG	00922E	7
FLD_B5.PRG	009235	23
FLD_B5.PRG	00924C	35
FLD_B5.PRG	00927B	20
FLD_B5.PRG	00928F	15
FLD_B5.PRG	00929E	15
FLD_B5.PRG	0092AD	27
FLD_B5.PRG	0092C8	35
FLD_B5.PRG	0092EB	33
FLD_B5.PRG	00930C	39
FLD_B5.PRG	009333	19
FLD_B5.PRG	009346	33
FLD_B5.PRG	009367	26
FLD_B5.PRG	009381	7
FLD_B5.PRG	009388	17
FLD_B5.PRG	009399	33
FLD_B5.PRG	0093C6	20
FLD_B5.PRG	0093DA	15
FLD_B5.PRG	0093E9	15
FLD_B5.PRG	0093F8	27
FLD_B5.PRG	009413	39
FLD_B5.PRG	00943A	25
FLD_B5.PRG	009453	19
FLD_B5.PRG	009466	23
FLD_B5.PRG	00947D	9
FLD_B5.PRG	009486	29
FLD_B5.PRG	0094A3	33
FLD_B5.PRG	0094C4	39
FLD_B5.PRG	0094EB	17
FLD_B5.PRG	0094FC	27
FLD_B5.PRG	009517	31
FLD_B5.PRG	009536	17
FLD_B5.PRG	009547	33
FLD_B5.PRG	009568	21
FLD_B5.PRG	00957D	17
FLD_B5.PRG	00958E	33
FLD_B5.PRG	0095AF	37
FLD_B5.PRG	0095D4	23
FLD_B5.PRG	0095EB	37
FLD_B5.PRG	009610	27
FLD_B5.PRG	00962B	39
FLD_B5.PRG	009652	25
FLD_B5.PRG	00966B	33
FLD_B5.PRG	00968C	22
FLD_B5.PRG	0096A2	19
FLD_B5.PRG	0096B5	31
FLD_B5.PRG	0096D4	11
FLD_B5.PRG	0096DF	29
FLD_B5.PRG	0096FC	33
FLD_B5.PRG	009729	20
FLD_B5.PRG	00973D	15
FLD_B5.PRG	00974C	15
FLD_B5.PRG	00975B	19
FLD_B5.PRG	00976E	41
FLD_B5.PRG	009797	35
FLD_B5.PRG	0097BA	21
FLD_B5.PRG	0097CF	33
FLD_B5.PRG	0097F0	39
FLD_B5.PRG	009817	37
FLD_B5.PRG	00983C	15
FLD_B5.PRG	00984B	31
FLD_B5.PRG	00986A	37
FLD_B5.PRG	00988F	31
FLD_B5.PRG	0098AE	21
FLD_B5.PRG	0098C3	39
FLD_B5.PRG	0098EA	33
FLD_B5.PRG	00990B	37
FLD_B5.PRG	009930	35
FLD_B5.PRG	009953	39
FLD_B5.PRG	00997A	19
FLD_B5.PRG	00998D	37
FLD_B5.PRG	0099B2	11
FLD_B5.PRG	0099BD	29
FLD_B5.PRG	0099DA	35
FLD_B5.PRG	0099FD	15
FLD_B5.PRG	009A0C	37
FLD_B5.PRG	009A31	17
FLD_B5.PRG	009A42	25
FLD_B5.PRG	009A5B	33
FLD_B5.PRG	009A7C	27
FLD_B5.PRG	009A97	9
FLD_B5.PRG	009AA0	33
FLD_B5.PRG	009AC1	33
FLD_B5.PRG	009AE2	17
FLD_B5.PRG	009AF3	23
FLD_B5.PRG	009B0A	35
FLD_B5.PRG	009B2D	17
FLD_B5.PRG	009B3E	37
FLD_B5.PRG	009B63	21
FLD_B5.PRG	009B78	37
FLD_B5.PRG	009B9D	31
FLD_B5.PRG	009BBC	39
FLD_B5.PRG	009BE3	33
FLD_B5.PRG	009C04	23
FLD_B5.PRG	009C1B	20
FLD_B5.PRG	009C2F	5
FLD_B5.PRG	009C34	11
FLD_B5.PRG	009C3F	21
FLD_B5.PRG	009C54	29
FLD_B5.PRG	009C71	31
FLD_B5.PRG	009C9C	39
FLD_B5.PRG	009CC3	19
FLD_B5.PRG	009CD6	25
FLD_B5.PRG	009CFB	39
FLD_B5.PRG	009D22	19
FLD_B5.PRG	009D35	25
FLD_B5.PRG	009D5A	39
FLD_B5.PRG	009D81	29
FLD_B5.PRG	009D9E	19
FLD_B5.PRG	009DB1	37
FLD_B5.PRG	009DD8	37
FLD_B5.PRG	009DFF	37
FLD_B5.PRG	009E26	37
FLD_B5.PRG	009E4D	37
FLD_B5.PRG	009E74	37
FLD_B5.PRG	009E9B	37
FLD_B5.PRG	009EC2	37
FLD_B5.PRG	009EE9	37
FLD_B5.PRG	009F10	37
FLD_B5.PRG	009F37	37
FLD_B5.PRG	009F5E	37
FLD_B5.PRG	009F85	37
FLD_B5.PRG	009FAC	37
FLD_B5.PRG	009FD3	37
FLD_B5.PRG	009FFA	37
FLD_B5.PRG	00A021	37
FLD_B5.PRG	00A048	37
FLD_B5.PRG	00A06D	39
FLD_B5.PRG	00A096	39
FLD_B5.PRG	00A0BF	39
FLD_B5.PRG	00A0E8	39
FLD_B5.PRG	00A111	39
FLD_B5.PRG	00A13A	39
FLD_B5.PRG	00A163	39
FLD_B5.PRG	00A18C	39
FLD_B5.PRG	00A1B5	39
FLD_B5.PRG	00A1DE	39
FLD_B5.PRG	00A207	39
FLD_B5.PRG	00A230	39
FLD_B5.PRG	00A259	39
FLD_B5.PRG	00A282	39
FLD_B5.PRG	00A2AB	39
FLD_B5.PRG	00A2D4	39
FLD_B5.PRG	00A2FD	39
FLD_B5.PRG	00A326	39
FLD_B5.PRG	00A34F	39
FLD_B5.PRG	00A376	39
FLD_B5.PRG	00A39F	39
FLD_B5.PRG	00A3C8	39
FLD_B5.PRG	00A3F1	39
FLD_B5.PRG	00A41A	39
FLD_B5.PRG	00A443	39
FLD_B5.PRG	00A46C	39
FLD_B5.PRG	00A495	39
FLD_B5.PRG	00A4BE	39
FLD_B5.PRG	00A4E7	39
FLD_B5.PRG	00A510	39
FLD_B5.PRG	00A539	39
FLD_B5.PRG	00A562	39
FLD_B5.PRG	00A58B	39
FLD_B5.PRG	00A5B4	39
FLD_B5.PRG	00A5DD	39
FLD_B5.PRG	00A606	39
FLD_B5.PRG	00A62F	39
FLD_B5.PRG	00A658	39
FLD_B5.PRG	00A67F	31
FLD_B5.PRG	00A6A6	31
FLD_B5.PRG	00A6CD	31
FLD_B5.PRG	00A6F4	31
FLD_B5.PRG	00A71B	31
FLD_B5.PRG	00A742	31
FLD_B5.PRG	00A769	31
FLD_B5.PRG	00A790	31
FLD_B5.PRG	00A7B7	31
FLD_B5.PRG	00A7DE	31
FLD_B5.PRG	00A805	31
FLD_B5.PRG	00A82C	31
FLD_B5.PRG	00A853	31
FLD_B5.PRG	00A87A	31
FLD_B5.PRG	00A8A1	31
FLD_B5.PRG	00A8C0	39
FLD_B5.PRG	00A8E9	39
FLD_B5.PRG	00A912	39
FLD_B5.PRG	00A93B	39
FLD_B5.PRG	00A964	39
FLD_B5.PRG	00A98D	39
FLD_B5.PRG	00A9B6	39
FLD_B5.PRG	00A9DF	39
FLD_B5.PRG	00AA08	39
FLD_B5.PRG	00AA31	39
FLD_B5.PRG	00AA5A	39
FLD_B5.PRG	00AA83	39
FLD_B5.PRG	00AAAC	39
FLD_B5.PRG	00AAD5	39
FLD_B5.PRG	00AAFE	39
FLD_B5.PRG	00AB27	39
FLD_B5.PRG	00AB50	39
FLD_B5.PRG	00AB79	39
FLD_B5.PRG	00ABA2	39
FLD_B5.PRG	00ABC9	39
FLD_B5.PRG	00ABF2	39
FLD_B5.PRG	00AC1B	39
FLD_B5.PRG	00AC44	39
FLD_B5.PRG	00AC6D	39
FLD_B5.PRG	00AC96	39
FLD_B5.PRG	00ACBF	39
FLD_B5.PRG	00ACE8	39
FLD_B5.PRG	00AD11	39
FLD_B5.PRG	00AD3A	39
FLD_B5.PRG	00AD63	39
FLD_B5.PRG	00AD8C	39
FLD_B5.PRG	00ADB5	39
FLD_B5.PRG	00ADDE	39
FLD_B5.PRG	00AE07	39
FLD_B5.PRG	00AE30	39
FLD_B5.PRG	00AE59	39
FLD_B5.PRG	00AE82	39
FLD_B5.PRG	00AEAB	39
FLD_B5.PRG	00AEDE	31
FLD_B5.PRG	00AEFD	35
FLD_B5.PRG	00AF20	39
FLD_B5.PRG	00AF47	19
FLD_B5.PRG	00AF5A	33
FLD_B5.PRG	00AF7B	15
FLD_B5.PRG	00AF8A	21
FLD_B5.PRG	00AF9F	13
FLD_B5.PRG	00AFAC	27
FLD_B5.PRG	00AFC7	13
FLD_B5.PRG	00AFD4	13
FLD_B5.PRG	00AFE1	14
FLD_B5.PRG	00AFEF	13
FLD_B5.PRG	00AFFC	23
FLD_B5.PRG	00B013	15
FLD_B5.PRG	00B022	17
FLD_B5.PRG	00B033	17
FLD_B5.PRG	00B044	9
FLD_B5.PRG	00B04D	17
FLD_B5.PRG	00B05E	9
FLD_B5.PRG	00B067	17
FLD_B5.PRG	00B078	9
FLD_B5.PRG	00B081	13
FLD_B5.PRG	00B08E	13
FLD_B5.PRG	00B09B	4
FLD_B5.PRG	00B09F	13
FLD_B5.PRG	00B0AC	13
FLD_B5.PRG	00B0B9	13
FLD_B5.PRG	00B0C6	4
FLD_B5.PRG	00B0CA	13
FLD_B5.PRG	00B0D7	21
FLD_B5.PRG	00B0EC	2
FLD_B5.PRG	00B0EE	19
FLD_B5.PRG	00B103	2
FLD_B5.PRG	00B105	13
FLD_B5.PRG	00B112	6
FLD_B5.PRG	00B11A	2
FLD_B5.PRG	00B11C	13
FLD_B5.PRG	00B129	6
FLD_B5.PRG	00B131	2
FLD_B5.PRG	00B133	13
FLD_B5.PRG	00B140	6
FLD_B5.PRG	02608A	14
FLD_B5.PRG	026098	33
FLD_B5.PRG	02CB53	35
FLD_B5.PRG	02CB76	13
FLD_B5.PRG	02CB83	25
FLD_B5.PRG	02CB9C	37
FLD_B5.PRG	02CBC1	25
FLD_B5.PRG	02CBDA	25
FLD_B5.PRG	02CBF3	21
FLD_B5.PRG	02CC08	11
FLD_B5.PRG	02CC13	21
FLD_B5.PRG	02CC28	19
FLD_B5.PRG	02CC3B	21
FLD_B5.PRG	02CC50	17
FLD_B5.PRG	02CC61	29
FLD_B5.PRG	02CC7E	27
FLD_B5.PRG	02CC99	27
FLD_B5.PRG	02CCB4	18
FLD_B5.PRG	02CCC7	14
FLD_B5.PRG	02CCD5	7
FLD_B5.PRG	02CCDC	17
FLD_B5.PRG	02CCED	17
FLD_B5.PRG	02CCFE	17
FLD_B5.PRG	02CD0F	15
FLD_B5.PRG	02CD1E	25
FLD_B5.PRG	043100	25
FLD_B5.PRG	043119	37
FLD_B5.PRG	04313E	22
FLD_B5.PRG	043154	21
FLD_B5.PRG	043169	40
FLD_B5.PRG	043191	3
FLD_B5.PRG	043194	29
FLD_B5.PRG	0431B1	18
FLD_B5.PRG	0431C3	23
FLD_B5.PRG	0431DA	38
FLD_B5.PRG	043200	3
FLD_B5.PRG	043203	56
FLD_B5.PRG	04323B	66
FLD_B5.PRG	04327D	76
FLD_B5.PRG	0432C9	23
FLD_B6.PRG	009C35	27
FLD_B6.PRG	009C5C	29
FLD_B6.PRG	009C79	39
FLD_B6.PRG	009CAC	25
FLD_B6.PRG	009CC5	33
FLD_B6.PRG	009CF2	33
FLD_B6.PRG	009D1F	17
FLD_B6.PRG	009D3C	29
FLD_B6.PRG	009D59	33
FLD_B6.PRG	009D7A	29
FLD_B6.PRG	009DA3	33
FLD_B6.PRG	009DC4	9
FLD_B6.PRG	009DCD	29
FLD_B6.PRG	009DF6	17
FLD_B6.PRG	009E07	5
FLD_B6.PRG	009E18	11
FLD_B6.PRG	009E23	31
FLD_B6.PRG	009E42	39
FLD_B6.PRG	009E69	11
FLD_B6.PRG	009E74	31
FLD_B6.PRG	009E93	15
FLD_B6.PRG	009EAE	35
FLD_B6.PRG	009EDD	15
FLD_B6.PRG	009EEC	20
FLD_B6.PRG	009F0C	39
FLD_B6.PRG	009F33	39
FLD_B6.PRG	009F66	17
FLD_B6.PRG	009F77	13
FLD_B6.PRG	009F84	39
FLD_B6.PRG	009FAB	19
FLD_B6.PRG	009FBE	17
FLD_B6.PRG	009FCF	37
FLD_B6.PRG	009FF4	9
FLD_B6.PRG	009FFD	11
FLD_B6.PRG	00A014	11
FLD_B6.PRG	00A01F	29
FLD_B6.PRG	00A048	20
FLD_B6.PRG	00A05C	21
FLD_B6.PRG	00A07D	37
FLD_B6.PRG	00A0A2	19
FLD_B6.PRG	00A0B5	37
FLD_B6.PRG	00A0DA	4
FLD_B6.PRG	00A0EA	35
FLD_B6.PRG	00A10D	25
FLD_B6.PRG	00A132	37
FLD_B6.PRG	00A157	4
FLD_B6.PRG	00A167	29
FLD_B6.PRG	00A184	35
FLD_B6.PRG	00A1A9	4
FLD_B6.PRG	00A1AD	35
FLD_B6.PRG	00A1D0	23
FLD_B6.PRG	00A1F3	27
FLD_B6.PRG	00A20E	27
FLD_B6.PRG	00A235	19
FLD_B6.PRG	00A248	27
FLD_B6.PRG	00A263	19
FLD_B6.PRG	00A276	11
FLD_B6.PRG	00A281	35
FLD_B6.PRG	00A2A6	4
FLD_B6.PRG	00A2AA	39
FLD_B6.PRG	00A2D1	39
FLD_B6.PRG	00A2F8	35
FLD_B6.PRG	00A31B	37
FLD_B6.PRG	00A340	39
FLD_B6.PRG	00A367	35
FLD_B6.PRG	00A38A	37
FLD_B6.PRG	00A3AF	35
FLD_B6.PRG	00A3D2	31
FLD_B6.PRG	00A3F1	39
FLD_B6.PRG	00A418	33
FLD_B6.PRG	00A439	39
FLD_B6.PRG	00A460	39
FLD_B6.PRG	00A487	24
FLD_B6.PRG	00A49F	13
FLD_B6.PRG	00A4AC	35
FLD_B6.PRG	00A4CF	33
FLD_B6.PRG	00A4F0	21
FLD_B6.PRG	00A505	39
FLD_B6.PRG	00A52C	21
FLD_B6.PRG	00A541	33
FLD_B6.PRG	00A562	21
FLD_B6.PRG	00A577	39
FLD_B6.PRG	00A59E	26
FLD_B6.PRG	00A5B8	7
FLD_B6.PRG	00A5BF	18
FLD_B6.PRG	00A5D1	19
FLD_B6.PRG	00A5E4	29
FLD_B6.PRG	00A601	31
FLD_B6.PRG	00A620	35
FLD_B6.PRG	00A643	31
FLD_B6.PRG	00A662	24
FLD_B6.PRG	00A67A	17
FLD_B6.PRG	00A68B	21
FLD_B6.PRG	00A6A0	35
FLD_B6.PRG	00A6C3	29
FLD_B6.PRG	00A6E0	29
FLD_B6.PRG	00A6FD	29
FLD_B6.PRG	00A71A	19
FLD_B6.PRG	00A72D	27
FLD_B6.PRG	00A748	19
FLD_B6.PRG	00A75B	39
FLD_B6.PRG	00A78E	21
FLD_B6.PRG	00A7AF	25
FLD_B6.PRG	00A7C8	31
FLD_B6.PRG	00A7F3	19
FLD_B6.PRG	00A812	5
FLD_B6.PRG	00A823	35
FLD_B6.PRG	00A852	35
FLD_B6.PRG	00A881	25
FLD_B6.PRG	00A89A	37
FLD_B6.PRG	00A8CB	29
FLD_B6.PRG	00A8F4	27
FLD_B6.PRG	00A91B	15
FLD_B6.PRG	00A936	31
FLD_B6.PRG	00A955	6
FLD_B6.PRG	00A95B	31
FLD_B6.PRG	00A986	19
FLD_B6.PRG	00A999	33
FLD_B6.PRG	00A9BA	29
FLD_B6.PRG	00A9D7	21
FLD_B6.PRG	00A9F8	13
FLD_B6.PRG	00AA11	20
FLD_B6.PRG	00AA25	21
FLD_B6.PRG	00AA3A	39
FLD_B6.PRG	00AA61	27
FLD_B6.PRG	00AA7C	35
FLD_B6.PRG	00AAAB	14
FLD_B6.PRG	00AAB9	13
FLD_B6.PRG	00AAD2	14
FLD_B6.PRG	00AAE0	23
FLD_B6.PRG	00AB03	14
FLD_B6.PRG	00AB11	13
FLD_B6.PRG	00AB2A	14
FLD_B6.PRG	00AB38	23
FLD_B6.PRG	00AB5B	37
FLD_B6.PRG	00AB8C	14
FLD_B6.PRG	00AB9A	13
FLD_B6.PRG	00ABB3	14
FLD_B6.PRG	00ABC1	23
FLD_B6.PRG	00ABD8	31
FLD_B6.PRG	00AC03	31
FLD_B6.PRG	00AC22	19
FLD_B6.PRG	00AC35	15
FLD_B6.PRG	00AC44	31
FLD_B6.PRG	00AC6F	27
FLD_B6.PRG	00AC8A	31
FLD_B6.PRG	00ACB5	16
FLD_B6.PRG	00ACC5	13
FLD_B6.PRG	00ACDE	14
FLD_B6.PRG	00ACEC	13
FLD_B6.PRG	00AD05	14
FLD_B6.PRG	00AD13	13
FLD_B6.PRG	00AD2C	39
FLD_B6.PRG	00AD5F	25
FLD_B6.PRG	00AD78	19
FLD_B6.PRG	00AD8B	6
FLD_B6.PRG	00AD9D	11
FLD_B6.PRG	00ADB4	29
FLD_B6.PRG	00ADD1	15
FLD_B6.PRG	00ADEC	29
FLD_B6.PRG	00AE09	27
FLD_B6.PRG	00AE30	39
FLD_B6.PRG	00AE57	37
FLD_B6.PRG	00AE7C	11
FLD_B6.PRG	00AE93	39
FLD_B6.PRG	00AEC6	19
FLD_B6.PRG	00AEE5	33
FLD_B6.PRG	00AF06	15
FLD_B6.PRG	00AF15	29
FLD_B6.PRG	00AF32	9
FLD_B6.PRG	00AF47	15
FLD_B6.PRG	00AF56	21
FLD_B6.PRG	00AF6B	37
FLD_B6.PRG	00AF90	2
FLD_B6.PRG	00AF9E	39
FLD_B6.PRG	00AFD1	7
FLD_B6.PRG	00AFD8	33
FLD_B6.PRG	00AFF9	37
FLD_B6.PRG	00B01E	25
FLD_B6.PRG	00B043	27
FLD_B6.PRG	00B05E	23
FLD_B6.PRG	00B075	3
FLD_B6.PRG	00B084	29
FLD_B6.PRG	00B0A1	17
FLD_B6.PRG	00B0BE	13
FLD_B6.PRG	00B0CB	29
FLD_B6.PRG	00B0E8	39
FLD_B6.PRG	00B10F	2
FLD_B6.PRG	00B111	29
FLD_B6.PRG	00B12E	35
FLD_B6.PRG	00B151	19
FLD_B6.PRG	00B164	15
FLD_B6.PRG	00B173	27
FLD_B6.PRG	00B18E	19
FLD_B6.PRG	00B1A1	29
FLD_B6.PRG	00B1BE	15
FLD_B6.PRG	00B1CD	23
FLD_B6.PRG	00B1E4	17
FLD_B6.PRG	00B1F5	23
FLD_B6.PRG	00B20C	23
FLD_B6.PRG	00B223	17
FLD_B6.PRG	00B234	11
FLD_B6.PRG	00B23F	6
FLD_B6.PRG	00B245	11
FLD_B6.PRG	00B250	6
FLD_B6.PRG	00B256	11
FLD_B6.PRG	00B261	6
FLD_B6.PRG	00B267	21
FLD_B6.PRG	00B27C	25
FLD_B6.PRG	00B295	23
FLD_B6.PRG	00B2AC	13
FLD_B6.PRG	00B2B9	17
FLD_B6.PRG	00B2CA	23
FLD_B6.PRG	00B2E1	17
FLD_B6.PRG	00B2F2	23
FLD_B6.PRG	00B309	17
FLD_B6.PRG	00B31A	23
FLD_B6.PRG	00B331	23
FLD_B6.PRG	00B348	23
FLD_B6.PRG	00B35F	21
FLD_B6.PRG	00B376	9
FLD_B6.PRG	00B37F	9
FLD_B6.PRG	00B388	11
FLD_B6.PRG	00B393	15
FLD_B6.PRG	00B3AA	13
FLD_B6.PRG	00B3C1	13
FLD_B6.PRG	00B3D8	9
FLD_B6.PRG	00B3E1	9
FLD_B6.PRG	00B3EA	9
FLD_B6.PRG	00B3F3	11
FLD_B6.PRG	00B41C	11
FLD_B6.PRG	027A26	14
FLD_B6.PRG	027A34	33
FLD_B6.PRG	02E4EF	35
FLD_B6.PRG	02E512	13
FLD_B6.PRG	02E51F	25
FLD_B6.PRG	02E538	37
FLD_B6.PRG	02E55D	25
FLD_B6.PRG	02E576	25
FLD_B6.PRG	02E58F	21
FLD_B6.PRG	02E5A4	11
FLD_B6.PRG	02E5AF	21
FLD_B6.PRG	02E5C4	19
FLD_B6.PRG	02E5D7	21
FLD_B6.PRG	02E5EC	17
FLD_B6.PRG	02E5FD	29
FLD_B6.PRG	02E61A	27
FLD_B6.PRG	02E635	27
FLD_B6.PRG	02E650	18
FLD_B6.PRG	02E663	14
FLD_B6.PRG	02E671	7
FLD_B6.PRG	02E678	17
FLD_B6.PRG	02E689	17
FLD_B6.PRG	02E69A	17
FLD_B6.PRG	02E6AB	15
FLD_B6.PRG	02E6BA	25
FLD_B6.PRG	04240C	25
FLD_B6.PRG	042425	37
FLD_B6.PRG	04244A	22
FLD_B6.PRG	042460	21
FLD_B6.PRG	042475	40
FLD_B6.PRG	04249D	3
FLD_B6.PRG	0424A0	29
FLD_B6.PRG	0424BD	18
FLD_B6.PRG	0424CF	23
FLD_B6.PRG	0424E6	38
FLD_B6.PRG	04250C	3
FLD_B6.PRG	04250F	56
FLD_B6.PRG	042547	66
FLD_B6.PRG	042589	76
FLD_B6.PRG	0425D5	23
FLD_C2.PRG	00AB19	21
FLD_C2.PRG	00AB39	31
FLD_C2.PRG	00AB63	31
FLD_C2.PRG	00AB8D	31
FLD_C2.PRG	00ABB7	31
FLD_C2.PRG	00ABE1	21
FLD_C2.PRG	00AC01	21
FLD_C2.PRG	00AC21	21
FLD_C2.PRG	00AC41	21
FLD_C2.PRG	00AC61	21
FLD_C2.PRG	00AC76	19
FLD_C2.PRG	00AC89	37
FLD_C2.PRG	00ACAE	18
FLD_C2.PRG	00ACC0	19
FLD_C2.PRG	00ACD3	35
FLD_C2.PRG	00ACF6	39
FLD_C2.PRG	00AD28	19
FLD_C2.PRG	00AD46	19
FLD_C2.PRG	00AD64	19
FLD_C2.PRG	00AD82	19
FLD_C2.PRG	00ADA0	19
FLD_C2.PRG	00ADBE	19
FLD_C2.PRG	00ADDC	16
FLD_C2.PRG	00ADEC	7
FLD_C2.PRG	00ADF3	13
FLD_C2.PRG	00AE00	27
FLD_C2.PRG	00AE1B	29
FLD_C2.PRG	00AE38	33
FLD_C2.PRG	00AE59	18
FLD_C2.PRG	00AE6B	11
FLD_C2.PRG	00AE76	19
FLD_C2.PRG	00AE89	37
FLD_C2.PRG	00AEAE	17
FLD_C2.PRG	00AEBF	21
FLD_C2.PRG	00AED4	13
FLD_C2.PRG	00AEE4	13
FLD_C2.PRG	0287EE	14
FLD_C2.PRG	0287FC	33
FLD_C2.PRG	02F2B7	35
FLD_C2.PRG	02F2DA	13
FLD_C2.PRG	02F2E7	25
FLD_C2.PRG	02F300	37
FLD_C2.PRG	02F325	25
FLD_C2.PRG	02F33E	25
FLD_C2.PRG	02F357	21
FLD_C2.PRG	02F36C	11
FLD_C2.PRG	02F377	21
FLD_C2.PRG	02F38C	19
FLD_C2.PRG	02F39F	21
FLD_C2.PRG	02F3B4	17
FLD_C2.PRG	02F3C5	29
FLD_C2.PRG	02F3E2	27
FLD_C2.PRG	02F3FD	27
FLD_C2.PRG	02F418	18
FLD_C2.PRG	02F42B	14
FLD_C2.PRG	02F439	7
FLD_C2.PRG	02F440	17
FLD_C2.PRG	02F451	17
FLD_C2.PRG	02F462	17
FLD_C2.PRG	02F473	15
FLD_C2.PRG	02F482	25
FLD_C2.PRG	03DAE8	25
FLD_C2.PRG	03DB01	37
FLD_C2.PRG	03DB26	22
FLD_C2.PRG	03DB3C	21
FLD_C2.PRG	03DB51	40
FLD_C2.PRG	03DB79	3
FLD_C2.PRG	03DB7C	29
FLD_C2.PRG	03DB99	18
FLD_C2.PRG	03DBAB	23
FLD_C2.PRG	03DBC2	38
FLD_C2.PRG	03DBE8	3
FLD_C2.PRG	03DBEB	56
FLD_C2.PRG	03DC23	66
FLD_C2.PRG	03DC65	76
FLD_C2.PRG	03DCB1	23
FLD_C4.PRG	00404C	24
FLD_C4.PRG	004064	22
FLD_C4.PRG	00407A	11
FLD_C4.PRG	00A34E	10
FLD_C4.PRG	00A358	15
FLD_C4.PRG	00A367	11
FLD_C4.PRG	00A372	10
FLD_C4.PRG	00A37C	15
FLD_C4.PRG	00A38B	11
FLD_C4.PRG	00A396	10
FLD_C4.PRG	0159CC	23
FLD_C4.PRG	0159E4	13
FLD_C4.PRG	0159F1	27
FLD_C4.PRG	015A0C	29
FLD_C4.PRG	015A29	27
FLD_C4.PRG	015A44	20
FLD_C4.PRG	015A58	13
FLD_C4.PRG	015A65	17
FLD_C4.PRG	015A76	11
FLD_C4.PRG	015A81	17
FLD_C4.PRG	015A92	29
FLD_C4.PRG	015AAF	23
FLD_C4.PRG	015AC7	39
FLD_C4.PRG	015AEE	31
FLD_C4.PRG	015B0D	19
FLD_C4.PRG	015B20	17
FLD_C4.PRG	015B31	35
FLD_C4.PRG	015B54	37
FLD_C4.PRG	015B79	21
FLD_C4.PRG	015B8E	19
FLD_C4.PRG	015BA1	39
FLD_C4.PRG	015BC8	17
FLD_C4.PRG	015BD9	19
FLD_C4.PRG	015BEC	35
FLD_C4.PRG	015C0F	31
FLD_C4.PRG	015C2E	29
FLD_C4.PRG	015C4B	25
FLD_C4.PRG	015C64	23
FLD_C4.PRG	015C7B	31
FLD_C4.PRG	015C9A	23
FLD_C4.PRG	015CB1	37
FLD_C4.PRG	015CD7	29
FLD_C4.PRG	015CF4	33
FLD_C4.PRG	015D15	17
FLD_C4.PRG	015D26	29
FLD_C4.PRG	015D43	39
FLD_C4.PRG	015D6A	37
FLD_C4.PRG	015D8F	31
FLD_C4.PRG	015DAE	33
FLD_C4.PRG	015DCF	37
FLD_C4.PRG	015DF4	29
FLD_C4.PRG	015E11	27
FLD_C4.PRG	015E2C	25
FLD_C4.PRG	015E45	17
FLD_C4.PRG	015E56	23
FLD_C4.PRG	015E6D	17
FLD_C4.PRG	015E7E	29
FLD_C4.PRG	015E9B	27
FLD_C4.PRG	015EB6	27
FLD_C4.PRG	015ED1	29
FLD_C4.PRG	015EEE	17
FLD_C4.PRG	015EFF	23
FLD_C4.PRG	015F16	15
FLD_C4.PRG	015F25	15
FLD_C4.PRG	015F34	31
FLD_C4.PRG	015F53	37
FLD_C4.PRG	015F78	37
FLD_C4.PRG	015F9D	23
FLD_C4.PRG	015FB4	17
FLD_C4.PRG	015FC5	13
FLD_C4.PRG	015FD2	17
FLD_C4.PRG	015FE3	19
FLD_C4.PRG	015FF6	17
FLD_C4.PRG	016007	21
FLD_C4.PRG	01601C	17
FLD_C4.PRG	01602D	23
FLD_C4.PRG	03070E	14
FLD_C4.PRG	03071C	33
FLD_C4.PRG	0371D3	39
FLD_C4.PRG	0371FA	13
FLD_C4.PRG	037207	25
FLD_C4.PRG	037220	37
FLD_C4.PRG	037245	25
FLD_C4.PRG	03725E	25
FLD_C4.PRG	037277	21
FLD_C4.PRG	03728C	11
FLD_C4.PRG	037297	21
FLD_C4.PRG	0372AC	19
FLD_C4.PRG	0372BF	21
FLD_C4.PRG	0372D4	17
FLD_C4.PRG	0372E5	29
FLD_C4.PRG	037302	27
FLD_C4.PRG	03731D	27
FLD_C4.PRG	037338	18
FLD_C4.PRG	03734B	14
FLD_C4.PRG	037359	7
FLD_C4.PRG	037360	17
FLD_C4.PRG	037371	17
FLD_C4.PRG	037382	17
FLD_C4.PRG	037393	15
FLD_C4.PRG	0373A2	25
FLD_C4.PRG	048290	13
FLD_C4.PRG	0488E9	4
FLD_C4.PRG	0488ED	4
FLD_C4.PRG	0488F1	4
FLD_C4.PRG	0488F5	4
FLD_C4.PRG	0488F9	4
FLD_C4.PRG	0488FD	4
FLD_C4.PRG	048901	4
FLD_C4.PRG	048905	4
FLD_C4.PRG	048909	4
FLD_C4.PRG	04890D	4
FLD_C4.PRG	0489FD	4
FLD_C4.PRG	048A01	4
FLD_C4.PRG	048A05	4
FLD_C4.PRG	048A09	4
FLD_C4.PRG	048A0D	4
FLD_C4.PRG	048A11	4
FLD_C4.PRG	048A15	4
FLD_C4.PRG	048A19	4
FLD_C4.PRG	048A1D	4
FLD_C4.PRG	048A21	4
FLD_C4.PRG	048A25	4
FLD_C4.PRG	048A29	4
FLD_C4.PRG	048A2D	4
FLD_C4.PRG	048A31	4
FLD_C4.PRG	04A87C	25
FLD_C4.PRG	04A895	37
FLD_C4.PRG	04A8BA	22
FLD_C4.PRG	04A8D0	21
FLD_C4.PRG	04A8E5	40
FLD_C4.PRG	04A90D	3
FLD_C4.PRG	04A910	29
FLD_C4.PRG	04A92D	18
FLD_C4.PRG	04A93F	23
FLD_C4.PRG	04A956	38
FLD_C4.PRG	04A97C	3
FLD_C4.PRG	04A97F	56
FLD_C4.PRG	04A9B7	66
FLD_C4.PRG	04A9F9	76
FLD_C4.PRG	04AA45	23
FLD_C8.PRG	00689F	6
FLD_C8.PRG	0068A7	24
FLD_C8.PRG	0068BF	6
FLD_C8.PRG	0068C7	24
FLD_C8.PRG	0068DF	6
FLD_C8.PRG	0068E7	24
FLD_C8.PRG	0068FF	6
FLD_C8.PRG	006907	24
FLD_C8.PRG	00691F	6
FLD_C8.PRG	006927	24
FLD_C8.PRG	00693F	6
FLD_C8.PRG	012BA5	31
FLD_C8.PRG	012BC4	33
FLD_C8.PRG	012BE5	11
FLD_C8.PRG	012BFC	29
FLD_C8.PRG	012C19	25
FLD_C8.PRG	012C3E	33
FLD_C8.PRG	012C5F	15
FLD_C8.PRG	012C7A	33
FLD_C8.PRG	012CA7	35
FLD_C8.PRG	012CCB	11
FLD_C8.PRG	012CD6	21
FLD_C8.PRG	012CEB	37
FLD_C8.PRG	012D10	37
FLD_C8.PRG	012D35	17
FLD_C8.PRG	012D52	35
FLD_C8.PRG	012D75	37
FLD_C8.PRG	012D9B	19
FLD_C8.PRG	012DAE	29
FLD_C8.PRG	012DD7	35
FLD_C8.PRG	012E06	23
FLD_C8.PRG	012E1D	27
FLD_C8.PRG	012E44	35
FLD_C8.PRG	012E73	29
FLD_C8.PRG	012E90	25
FLD_C8.PRG	012EA9	4
FLD_C8.PRG	012EAD	17
FLD_C8.PRG	012EBE	33
FLD_C8.PRG	012EEB	23
FLD_C8.PRG	012F02	10
FLD_C8.PRG	012F0C	23
FLD_C8.PRG	012F23	15
FLD_C8.PRG	012F3E	17
FLD_C8.PRG	012F4F	27
FLD_C8.PRG	012F6A	25
FLD_C8.PRG	012F83	17
FLD_C8.PRG	012F94	27
FLD_C8.PRG	012FAF	21
FLD_C8.PRG	012FC4	21
FLD_C8.PRG	012FD9	35
FLD_C8.PRG	012FFC	35
FLD_C8.PRG	01301F	15
FLD_C8.PRG	01302E	39
FLD_C8.PRG	013061	25
FLD_C8.PRG	01307A	19
FLD_C8.PRG	013099	27
FLD_C8.PRG	0130B4	29
FLD_C8.PRG	0130DD	17
FLD_C8.PRG	0130EE	35
FLD_C8.PRG	013111	31
FLD_C8.PRG	013130	27
FLD_C8.PRG	013157	21
FLD_C8.PRG	01316C	33
FLD_C8.PRG	01318D	27
FLD_C8.PRG	0131A8	37
FLD_C8.PRG	0131D9	21
FLD_C8.PRG	0131FA	11
FLD_C8.PRG	013211	33
FLD_C8.PRG	013232	31
FLD_C8.PRG	013251	23
FLD_C8.PRG	013268	23
FLD_C8.PRG	01327F	25
FLD_C8.PRG	013298	17
FLD_C8.PRG	0132A9	33
FLD_C8.PRG	0132CA	27
FLD_C8.PRG	0132E5	25
FLD_C8.PRG	0132FE	37
FLD_C8.PRG	01332F	17
FLD_C8.PRG	01334C	21
FLD_C8.PRG	013361	16
FLD_C8.PRG	013371	39
FLD_C8.PRG	0133A4	27
FLD_C8.PRG	0133BF	7
FLD_C8.PRG	0133C6	21
FLD_C8.PRG	0133E7	11
FLD_C8.PRG	0133F2	29
FLD_C8.PRG	01341B	21
FLD_C8.PRG	013430	37
FLD_C8.PRG	013455	15
FLD_C8.PRG	013465	24
FLD_C8.PRG	01347D	3
FLD_C8.PRG	013480	33
FLD_C8.PRG	0134A1	23
FLD_C8.PRG	0134B8	21
FLD_C8.PRG	0134CD	2
FLD_C8.PRG	0134DB	19
FLD_C8.PRG	0134EE	39
FLD_C8.PRG	013516	39
FLD_C8.PRG	01353E	39
FLD_C8.PRG	013566	39
FLD_C8.PRG	01358E	39
FLD_C8.PRG	0135B6	39
FLD_C8.PRG	0135DE	39
FLD_C8.PRG	013606	39
FLD_C8.PRG	01362E	39
FLD_C8.PRG	013655	39
FLD_C8.PRG	01367D	39
FLD_C8.PRG	0136A5	39
FLD_C8.PRG	0136CD	39
FLD_C8.PRG	0136F5	39
FLD_C8.PRG	01371D	39
FLD_C8.PRG	013745	39
FLD_C8.PRG	01376D	39
FLD_C8.PRG	013795	39
FLD_C8.PRG	0137C8	9
FLD_C8.PRG	0137D1	33
FLD_C8.PRG	0137FE	17
FLD_C8.PRG	01380F	16
FLD_C8.PRG	01381F	25
FLD_C8.PRG	013838	40
FLD_C8.PRG	013860	3
FLD_C8.PRG	01386F	26
FLD_C8.PRG	013889	17
FLD_C8.PRG	01389A	33
FLD_C8.PRG	0138C7	19
FLD_C8.PRG	0138DA	25
FLD_C8.PRG	0138F3	26
FLD_C8.PRG	01390D	3
FLD_C8.PRG	013910	19
FLD_C8.PRG	013923	23
FLD_C8.PRG	013946	29
FLD_C8.PRG	01396F	15
FLD_C8.PRG	01398A	26
FLD_C8.PRG	0139A4	17
FLD_C8.PRG	0139B5	33
FLD_C8.PRG	0139E2	31
FLD_C8.PRG	013A01	25
FLD_C8.PRG	013A26	7
FLD_C8.PRG	013A39	23
FLD_C8.PRG	013A50	13
FLD_C8.PRG	013A5D	39
FLD_C8.PRG	013A90	13
FLD_C8.PRG	013A9D	26
FLD_C8.PRG	013AB7	9
FLD_C8.PRG	013AC0	33
FLD_C8.PRG	013AED	15
FLD_C8.PRG	013AFC	11
FLD_C8.PRG	013B13	19
FLD_C8.PRG	013B32	37
FLD_C8.PRG	013B63	21
FLD_C8.PRG	013B84	35
FLD_C8.PRG	013BB3	37
FLD_C8.PRG	013BD8	19
FLD_C8.PRG	013BEB	18
FLD_C8.PRG	013BFD	27
FLD_C8.PRG	013C18	29
FLD_C8.PRG	013C35	21
FLD_C8.PRG	013C56	33
FLD_C8.PRG	013C77	37
FLD_C8.PRG	013CA8	15
FLD_C8.PRG	013CB7	33
FLD_C8.PRG	013CD8	23
FLD_C8.PRG	013CFB	29
FLD_C8.PRG	013D24	26
FLD_C8.PRG	013D3E	17
FLD_C8.PRG	013D4F	33
FLD_C8.PRG	013D7C	31
FLD_C8.PRG	013DA7	17
FLD_C8.PRG	013DC4	7
FLD_C8.PRG	013DD7	29
FLD_C8.PRG	013E00	29
FLD_C8.PRG	013E1D	7
FLD_C8.PRG	013E30	9
FLD_C8.PRG	013E45	39
FLD_C8.PRG	013E6C	5
FLD_C8.PRG	013E7D	33
FLD_C8.PRG	013E9E	17
FLD_C8.PRG	013EAF	35
FLD_C8.PRG	013ED2	33
FLD_C8.PRG	013EF3	17
FLD_C8.PRG	013F04	29
FLD_C8.PRG	013F2D	9
FLD_C8.PRG	013F42	17
FLD_C8.PRG	013F53	29
FLD_C8.PRG	013F70	33
FLD_C8.PRG	013F91	31
FLD_C8.PRG	013FB0	23
FLD_C8.PRG	013FC7	21
FLD_C8.PRG	013FDC	23
FLD_C8.PRG	013FF3	27
FLD_C8.PRG	01401A	23
FLD_C8.PRG	014031	5
FLD_C8.PRG	014042	35
FLD_C8.PRG	014065	29
FLD_C8.PRG	014082	37
FLD_C8.PRG	0140A7	27
FLD_C8.PRG	0140C2	29
FLD_C8.PRG	0140DF	21
FLD_C8.PRG	0140F4	25
FLD_C8.PRG	014119	11
FLD_C8.PRG	014124	37
FLD_C8.PRG	014149	37
FLD_C8.PRG	01416E	31
FLD_C8.PRG	01418D	39
FLD_C8.PRG	0141B4	31
FLD_C8.PRG	0141D3	39
FLD_C8.PRG	014206	26
FLD_C8.PRG	014220	17
FLD_C8.PRG	014231	33
FLD_C8.PRG	01425E	26
FLD_C8.PRG	014278	17
FLD_C8.PRG	014289	33
FLD_C8.PRG	0142B6	26
FLD_C8.PRG	0142D0	17
FLD_C8.PRG	0142E1	33
FLD_C8.PRG	01430E	18
FLD_C8.PRG	014320	13
FLD_C8.PRG	014339	18
FLD_C8.PRG	01434B	13
FLD_C8.PRG	014364	15
FLD_C8.PRG	01437F	7
FLD_C8.PRG	014386	35
FLD_C8.PRG	0143A9	5
FLD_C8.PRG	0143BA	9
FLD_C8.PRG	0143C3	27
FLD_C8.PRG	0143DE	37
FLD_C8.PRG	014403	39
FLD_C8.PRG	01442A	21
FLD_C8.PRG	01443F	35
FLD_C8.PRG	014462	7
FLD_C8.PRG	014475	19
FLD_C8.PRG	014488	25
FLD_C8.PRG	0144A1	11
FLD_C8.PRG	0144AC	14
FLD_C8.PRG	0144BA	35
FLD_C8.PRG	0144E9	31
FLD_C8.PRG	014508	7
FLD_C8.PRG	01451B	23
FLD_C8.PRG	014532	21
FLD_C8.PRG	014547	17
FLD_C8.PRG	014564	13
FLD_C8.PRG	014571	37
FLD_C8.PRG	014596	29
FLD_C8.PRG	0145B3	31
FLD_C8.PRG	0145D2	33
FLD_C8.PRG	0145F3	33
FLD_C8.PRG	014614	23
FLD_C8.PRG	014637	11
FLD_C8.PRG	01464E	19
FLD_C8.PRG	014661	29
FLD_C8.PRG	01467E	39
FLD_C8.PRG	0146A5	4
FLD_C8.PRG	0146B5	21
FLD_C8.PRG	0146D6	18
FLD_C8.PRG	0146E8	13
FLD_C8.PRG	014701	27
FLD_C8.PRG	014728	18
FLD_C8.PRG	01473A	13
FLD_C8.PRG	014753	29
FLD_C8.PRG	014770	17
FLD_C8.PRG	01478D	22
FLD_C8.PRG	0147A3	13
FLD_C8.PRG	0147BC	13
FLD_C8.PRG	0147C9	29
FLD_C8.PRG	0147E6	23
FLD_C8.PRG	0147FD	29
FLD_C8.PRG	014826	20
FLD_C8.PRG	01483A	11
FLD_C8.PRG	014845	39
FLD_C8.PRG	01486C	37
FLD_C8.PRG	014891	22
FLD_C8.PRG	0148B4	20
FLD_C8.PRG	0148C8	11
FLD_C8.PRG	0148D3	20
FLD_C8.PRG	0148E8	39
FLD_C8.PRG	01491B	26
FLD_C8.PRG	014935	11
FLD_C8.PRG	014940	18
FLD_C8.PRG	014952	17
FLD_C8.PRG	01496F	20
FLD_C8.PRG	014983	11
FLD_C8.PRG	01498E	18
FLD_C8.PRG	0149A0	9
FLD_C8.PRG	0149B5	20
FLD_C8.PRG	0149C9	9
FLD_C8.PRG	0149D2	2
FLD_C8.PRG	0149D4	18
FLD_C8.PRG	0149E6	9
FLD_C8.PRG	0149FB	20
FLD_C8.PRG	014A0F	11
FLD_C8.PRG	014A1A	30
FLD_C8.PRG	014A38	9
FLD_C8.PRG	014A4D	29
FLD_C8.PRG	014A76	19
FLD_C8.PRG	014A89	29
FLD_C8.PRG	014AB2	21
FLD_C8.PRG	014AD3	23
FLD_C8.PRG	014AEA	21
FLD_C8.PRG	014B0B	31
FLD_C8.PRG	014B2A	21
FLD_C8.PRG	014B3F	21
FLD_C8.PRG	014B54	17
FLD_C8.PRG	014B65	13
FLD_C8.PRG	014B72	4
FLD_C8.PRG	014B76	13
FLD_C8.PRG	014B83	4
FLD_C8.PRG	014B87	9
FLD_C8.PRG	014B90	4
FLD_C8.PRG	014B94	4
FLD_C8.PRG	014B98	9
FLD_C8.PRG	014BA1	4
FLD_C8.PRG	014BA5	4
FLD_C8.PRG	014BA9	9
FLD_C8.PRG	014BB2	4
FLD_C8.PRG	014BB6	4
FLD_C8.PRG	014BBA	9
FLD_C8.PRG	014BC3	4
FLD_C8.PRG	014BC7	4
FLD_C8.PRG	014BCB	9
FLD_C8.PRG	014BD4	4
FLD_C8.PRG	014BD8	4
FLD_C8.PRG	014BDC	13
FLD_C8.PRG	014BE9	4
FLD_C8.PRG	014BED	23
FLD_C8.PRG	014C04	23
FLD_C8.PRG	014C1B	23
FLD_C8.PRG	014C32	23
FLD_C8.PRG	014C49	23
FLD_C8.PRG	014C60	23
FLD_C8.PRG	014C77	9
FLD_C8.PRG	014C8E	9
FLD_C8.PRG	014CA5	9
FLD_C8.PRG	014CBC	17
FLD_C8.PRG	014CCD	9
FLD_C8.PRG	014CD6	9
FLD_C8.PRG	014CDF	8
FLD_C8.PRG	014CE7	13
FLD_C8.PRG	014CF8	13
FLD_C8.PRG	014D09	13
FLD_C8.PRG	014D1A	13
FLD_C8.PRG	014D2B	15
FLD_C8.PRG	014D3C	11
FLD_C8.PRG	014D47	25
FLD_C8.PRG	014D60	6
FLD_C8.PRG	014D66	11
FLD_C8.PRG	014D71	23
FLD_C8.PRG	014D8A	6
FLD_C8.PRG	014D90	11
FLD_C8.PRG	014D9B	25
FLD_C8.PRG	014DB4	6
FLD_C8.PRG	014DBA	25
FLD_C8.PRG	014DD3	6
FLD_C8.PRG	014DD9	11
FLD_C8.PRG	014DE4	25
FLD_C8.PRG	014DFD	6
FLD_C8.PRG	014E03	25
FLD_C8.PRG	014E1C	6
FLD_C8.PRG	014E22	11
FLD_C8.PRG	014E2D	19
FLD_C8.PRG	014E40	6
FLD_C8.PRG	014E46	6
FLD_C8.PRG	014E4C	15
FLD_C8.PRG	014E5B	19
FLD_C8.PRG	014E6E	6
FLD_C8.PRG	014E74	6
FLD_C8.PRG	014E7A	15
FLD_C8.PRG	014E89	33
FLD_C8.PRG	014EAA	17
FLD_C8.PRG	014EBB	11
FLD_C8.PRG	014EC6	23
FLD_C8.PRG	014EDD	10
FLD_C8.PRG	014EE7	23
FLD_C8.PRG	014EFE	10
FLD_C8.PRG	014F08	27
FLD_C8.PRG	014F23	19
FLD_C8.PRG	014F36	8
FLD_C8.PRG	014F3E	25
FLD_C8.PRG	014F57	25
FLD_C8.PRG	014F70	23
FLD_C8.PRG	014F89	17
FLD_C8.PRG	014FA2	17
FLD_C8.PRG	014FB3	17
FLD_C8.PRG	014FC4	21
FLD_C8.PRG	014FDB	2
FLD_C8.PRG	014FDD	23
FLD_C8.PRG	014FF4	2
FLD_C8.PRG	014FF6	15
FLD_C8.PRG	015005	25
FLD_C8.PRG	01501E	25
FLD_C8.PRG	015037	21
FLD_C8.PRG	015050	25
FLD_C8.PRG	015069	11
FLD_C8.PRG	015074	23
FLD_C8.PRG	01508B	2
FLD_C8.PRG	01508D	15
FLD_C8.PRG	01509C	25
FLD_C8.PRG	0150B5	15
FLD_C8.PRG	0150C4	21
FLD_C8.PRG	0150D9	4
FLD_C8.PRG	0150DD	11
FLD_C8.PRG	0150E8	21
FLD_C8.PRG	0150FD	4
FLD_C8.PRG	015101	11
FLD_C8.PRG	01510C	11
FLD_C8.PRG	015117	11
FLD_C8.PRG	015122	25
FLD_C8.PRG	01513B	2
FLD_C8.PRG	01513D	25
FLD_C8.PRG	015156	11
FLD_C8.PRG	015161	23
FLD_C8.PRG	01517A	11
FLD_C8.PRG	015185	25
FLD_C8.PRG	01519E	2
FLD_C8.PRG	0151A0	25
FLD_C8.PRG	0151B9	2
FLD_C8.PRG	0151BB	11
FLD_C8.PRG	0151C6	13
FLD_C8.PRG	0151D3	12
FLD_C8.PRG	0151DF	2
FLD_C8.PRG	0151E1	13
FLD_C8.PRG	0151EE	12
FLD_C8.PRG	0151FA	2
FLD_C8.PRG	0151FC	9
FLD_C8.PRG	015205	4
FLD_C8.PRG	015209	12
FLD_C8.PRG	015215	2
FLD_C8.PRG	015217	9
FLD_C8.PRG	015220	4
FLD_C8.PRG	015224	12
FLD_C8.PRG	015230	2
FLD_C8.PRG	015232	9
FLD_C8.PRG	01523B	4
FLD_C8.PRG	01523F	12
FLD_C8.PRG	01524B	2
FLD_C8.PRG	01524D	15
FLD_C8.PRG	01525C	9
FLD_C8.PRG	01526B	9
FLD_C8.PRG	01527A	11
FLD_C8.PRG	015285	13
FLD_C8.PRG	015292	2
FLD_C8.PRG	015294	13
FLD_C8.PRG	0152A1	2
FLD_C8.PRG	0152A3	13
FLD_C8.PRG	0152B0	2
FLD_C8.PRG	0152B2	23
FLD_C8.PRG	0152C9	23
FLD_C8.PRG	0152E0	23
FLD_C8.PRG	0152F7	13
FLD_C8.PRG	01530E	13
FLD_C8.PRG	015325	13
FLD_C8.PRG	01533C	23
FLD_C8.PRG	015353	23
FLD_C8.PRG	01536A	23
FLD_C8.PRG	015381	9
FLD_C8.PRG	015398	15
FLD_C8.PRG	0153A7	9
FLD_C8.PRG	0153B0	6
FLD_C8.PRG	0153B6	9
FLD_C8.PRG	0153BF	6
FLD_C8.PRG	0153C5	11
FLD_C8.PRG	0153D0	9
FLD_C8.PRG	0153D9	2
FLD_C8.PRG	0153DB	13
FLD_C8.PRG	0153E8	2
FLD_C8.PRG	0153EA	13
FLD_C8.PRG	0153F7	2
FLD_C8.PRG	0153F9	13
FLD_C8.PRG	015406	2
FLD_C8.PRG	015408	13
FLD_C8.PRG	015415	2
FLD_C8.PRG	015417	15
FLD_C8.PRG	015426	8
FLD_C8.PRG	01542E	15
FLD_C8.PRG	01543D	13
FLD_C8.PRG	02F4EA	14
FLD_C8.PRG	02F4F8	33
FLD_C8.PRG	035FB3	35
FLD_C8.PRG	035FD6	13
FLD_C8.PRG	035FE3	25
FLD_C8.PRG	035FFC	37
FLD_C8.PRG	036021	25
FLD_C8.PRG	03603A	25
FLD_C8.PRG	036053	21
FLD_C8.PRG	036068	11
FLD_C8.PRG	036073	21
FLD_C8.PRG	036088	19
FLD_C8.PRG	03609B	21
FLD_C8.PRG	0360B0	17
FLD_C8.PRG	0360C1	29
FLD_C8.PRG	0360DE	27
FLD_C8.PRG	0360F9	27
FLD_C8.PRG	036114	18
FLD_C8.PRG	036127	14
FLD_C8.PRG	036135	7
FLD_C8.PRG	03613C	17
FLD_C8.PRG	03614D	17
FLD_C8.PRG	03615E	17
FLD_C8.PRG	03616F	15
FLD_C8.PRG	03617E	25
FLD_C8.PRG	054852	27
FLD_C8.PRG	054870	37
FLD_C8.PRG	054898	37
FLD_C8.PRG	0548C0	37
FLD_C8.PRG	05F001	4
FLD_C8.PRG	063198	25
FLD_C8.PRG	0631B1	37
FLD_C8.PRG	0631D6	22
FLD_C8.PRG	0631EC	21
FLD_C8.PRG	063201	40
FLD_C8.PRG	063229	3
FLD_C8.PRG	06322C	29
FLD_C8.PRG	063249	18
FLD_C8.PRG	06325B	23
FLD_C8.PRG	063272	38
FLD_C8.PRG	063298	3
FLD_C8.PRG	06329B	56
FLD_C8.PRG	0632D3	66
FLD_C8.PRG	063315	76
FLD_C8.PRG	063361	23
FLD_D2.PRG	007F95	3
FLD_D2.PRG	007F9C	4
FLD_D2.PRG	007FA0	38
FLD_D2.PRG	007FC6	29
FLD_D2.PRG	007FE3	21
FLD_D2.PRG	007FF8	33
FLD_D2.PRG	008019	33
FLD_D2.PRG	00803A	35
FLD_D2.PRG	00805D	23
FLD_D2.PRG	008074	19
FLD_D2.PRG	008087	23
FLD_D2.PRG	00809E	27
FLD_D2.PRG	0080B9	35
FLD_D2.PRG	0080DC	27
FLD_D2.PRG	0080F7	19
FLD_D2.PRG	00810A	27
FLD_D2.PRG	008125	31
FLD_D2.PRG	008144	17
FLD_D2.PRG	008155	31
FLD_D2.PRG	008174	23
FLD_D2.PRG	00818B	21
FLD_D2.PRG	0081A0	27
FLD_D2.PRG	0081BB	13
FLD_D2.PRG	0081C8	39
FLD_D2.PRG	0081EF	31
FLD_D2.PRG	00820E	21
FLD_D2.PRG	008223	37
FLD_D2.PRG	008249	17
FLD_D2.PRG	00825A	27
FLD_D2.PRG	008275	29
FLD_D2.PRG	008292	25
FLD_D2.PRG	0082AB	27
FLD_D2.PRG	0082C6	9
FLD_D2.PRG	0082CF	14
FLD_D2.PRG	0082DD	15
FLD_D2.PRG	0082EC	12
FLD_D2.PRG	0082F8	15
FLD_D2.PRG	008307	15
FLD_D2.PRG	008316	15
FLD_D2.PRG	008325	12
FLD_D2.PRG	008331	15
FLD_D2.PRG	008340	15
FLD_D2.PRG	00834F	17
FLD_D2.PRG	029267	39
FLD_D2.PRG	02928E	13
FLD_D2.PRG	02929B	25
FLD_D2.PRG	0292B4	37
FLD_D2.PRG	0292D9	25
FLD_D2.PRG	0292F2	25
FLD_D2.PRG	02930B	21
FLD_D2.PRG	029320	11
FLD_D2.PRG	02932B	21
FLD_D2.PRG	029340	19
FLD_D2.PRG	029353	21
FLD_D2.PRG	029368	17
FLD_D2.PRG	029379	29
FLD_D2.PRG	029396	27
FLD_D2.PRG	0293B1	27
FLD_D2.PRG	0293CC	18
FLD_D2.PRG	0293DF	14
FLD_D2.PRG	0293ED	7
FLD_D2.PRG	0293F4	17
FLD_D2.PRG	029405	17
FLD_D2.PRG	029416	17
FLD_D2.PRG	029427	15
FLD_D2.PRG	029436	25
FLD_D2.PRG	03C364	16
FLD_D2.PRG	03C374	12
FLD_D2.PRG	045CC0	25
FLD_D2.PRG	045CD9	37
FLD_D2.PRG	045CFE	22
FLD_D2.PRG	045D14	21
FLD_D2.PRG	045D29	40
FLD_D2.PRG	045D51	3
FLD_D2.PRG	045D54	29
FLD_D2.PRG	045D71	18
FLD_D2.PRG	045D83	23
FLD_D2.PRG	045D9A	38
FLD_D2.PRG	045DC0	3
FLD_D2.PRG	045DC3	56
FLD_D2.PRG	045DFB	66
FLD_D2.PRG	045E3D	76
FLD_D2.PRG	045E89	23
FLD_D3.PRG	005704	34
FLD_D3.PRG	005726	35
FLD_D3.PRG	005749	33
FLD_D3.PRG	00576A	29
FLD_D3.PRG	005787	15
FLD_D3.PRG	005796	18
FLD_D3.PRG	0057A8	17
FLD_D3.PRG	0263F3	35
FLD_D3.PRG	026416	13
FLD_D3.PRG	026423	25
FLD_D3.PRG	02643C	37
FLD_D3.PRG	026461	25
FLD_D3.PRG	02647A	25
FLD_D3.PRG	026493	21
FLD_D3.PRG	0264A8	11
FLD_D3.PRG	0264B3	21
FLD_D3.PRG	0264C8	19
FLD_D3.PRG	0264DB	21
FLD_D3.PRG	0264F0	17
FLD_D3.PRG	026501	29
FLD_D3.PRG	02651E	27
FLD_D3.PRG	026539	27
FLD_D3.PRG	026554	18
FLD_D3.PRG	026567	14
FLD_D3.PRG	026575	7
FLD_D3.PRG	02657C	17
FLD_D3.PRG	02658D	17
FLD_D3.PRG	02659E	17
FLD_D3.PRG	0265AF	15
FLD_D3.PRG	0265BE	25
FLD_D3.PRG	026E8C	15
FLD_D3.PRG	037750	25
FLD_D3.PRG	037769	37
FLD_D3.PRG	03778E	22
FLD_D3.PRG	0377A4	21
FLD_D3.PRG	0377B9	40
FLD_D3.PRG	0377E1	3
FLD_D3.PRG	0377E4	29
FLD_D3.PRG	037801	18
FLD_D3.PRG	037813	23
FLD_D3.PRG	03782A	38
FLD_D3.PRG	037850	3
FLD_D3.PRG	037853	56
FLD_D3.PRG	03788B	66
FLD_D3.PRG	0378CD	76
FLD_D3.PRG	037919	23
FLD_D5.PRG	002CE8	29
FLD_D5.PRG	002D05	27
FLD_D5.PRG	002D26	17
FLD_D5.PRG	002D37	11
FLD_D5.PRG	002D42	9
FLD_D5.PRG	002D4C	19
FLD_D5.PRG	002D5F	12
FLD_D5.PRG	002D6B	6
FLD_D5.PRG	0237CF	35
FLD_D5.PRG	0237F2	13
FLD_D5.PRG	0237FF	25
FLD_D5.PRG	023818	37
FLD_D5.PRG	02383D	25
FLD_D5.PRG	023856	25
FLD_D5.PRG	02386F	21
FLD_D5.PRG	023884	11
FLD_D5.PRG	02388F	21
FLD_D5.PRG	0238A4	19
FLD_D5.PRG	0238B7	21
FLD_D5.PRG	0238CC	17
FLD_D5.PRG	0238DD	29
FLD_D5.PRG	0238FA	27
FLD_D5.PRG	023915	27
FLD_D5.PRG	023930	18
FLD_D5.PRG	023943	14
FLD_D5.PRG	023951	7
FLD_D5.PRG	023958	17
FLD_D5.PRG	023969	17
FLD_D5.PRG	02397A	17
FLD_D5.PRG	02398B	15
FLD_D5.PRG	02399A	25
FLD_D5.PRG	027798	25
FLD_D5.PRG	0277B1	37
FLD_D5.PRG	0277D6	22
FLD_D5.PRG	0277EC	21
FLD_D5.PRG	027801	40
FLD_D5.PRG	027829	3
FLD_D5.PRG	02782C	29
FLD_D5.PRG	027849	18
FLD_D5.PRG	02785B	23
FLD_D5.PRG	027872	38
FLD_D5.PRG	027898	3
FLD_D5.PRG	02789B	56
FLD_D5.PRG	0278D3	66
FLD_D5.PRG	027915	76
FLD_D5.PRG	027961	23
MENUBK.BIN	000004	23
MENUBK.BIN	00001B	15
MENUBK.BIN	00002A	13
MENUBK.BIN	000037	13
MENUBK.BIN	000044	13
MENUBK.BIN	000051	11
MENUBK.BIN	00005C	15
MENUBK.BIN	00006B	192
MENUBK.BIN	00012B	135
MENUBK.BIN	0001B2	99
MENUBK.BIN	000215	207
MENUBK.BIN	0002E4	199
MENUBK.BIN	0003AB	148
MENUBK.BIN	00043F	217
MENUBK.BIN	000518	184
MENUBK.BIN	0005D0	217
MENUBK.BIN	0006A9	203
MENUBK.BIN	000774	207
MENUBK.BIN	000843	177
MENUBK.BIN	0008F4	23
MENUBK.BIN	00090B	15
MENUBK.BIN	00091A	13
MENUBK.BIN	000927	15
MENUBK.BIN	000936	213
MENUBK.BIN	000A0B	151
MENUBK.BIN	000AA2	186
MENUBK.BIN	000B5C	186
MENUBK.BIN	000C16	201
MENUBK.BIN	000CDF	200
MENUBK.BIN	000DA7	135
MENUBK.BIN	000E2E	169
MENUBK.BIN	000ED7	174
MENUBK.BIN	000F85	215
MENUBK.BIN	00105C	23
MENUBK.BIN	001073	15
MENUBK.BIN	001082	13
MENUBK.BIN	00108F	13
MENUBK.BIN	00109C	153
MENUBK.BIN	001135	217
MENUBK.BIN	00120E	195
MENUBK.BIN	0012D1	193
MENUBK.BIN	001392	158
MENUBK.BIN	001430	197
MENUBK.BIN	0014F5	159
MENUBK.BIN	001594	182
MENUBK.BIN	00164A	209
MENUBK.BIN	00171B	19
MENUBK.BIN	00172F	54
MENUBK.BIN	001765	19
MENUBK.BIN	001778	21
MENUBK.BIN	00178D	17
MENUBK.BIN	00179E	52
MENUBK.BIN	0017D2	149
MENUBK.BIN	001867	158
MENUBK.BIN	001905	31
MENUBK.BIN	001924	9
MENUBK.BIN	00192D	15
MENUBK.BIN	00193C	15
MENUBK.BIN	00194B	15
MENUBK.BIN	00195A	203
MENUBK.BIN	001A25	215
MENUBK.BIN	001AFC	135
MENUBK.BIN	001B83	153
MENUBK.BIN	001C1C	217
MENUBK.BIN	001CF5	205
MENUBK.BIN	001DC2	170
MENUBK.BIN	001E6C	196
MENUBK.BIN	001F30	219
MENUBK.BIN	00200B	205
MENUBK.BIN	0020D8	151
MENUBK.BIN	00216F	190
MENUBK.BIN	00222D	11
MENUBK.BIN	002239	23
MENUBK.BIN	002250	11
MENUBK.BIN	00225C	100
MENUBK.BIN	0022C0	173
MENUBK.BIN	00236D	119
MENUBK.BIN	0023E4	180
MENUBK.BIN	002498	84
MENUBK.BIN	0024EC	149
MENUBK.BIN	002581	185
MENUBK.BIN	00263A	185
MENUBK.BIN	0026F3	11
MENUBK.BIN	0026FF	203
MENUBK.BIN	0027CA	164
MENUBK.BIN	00286E	213
MENUBK.BIN	002943	188
MENUBK.BIN	0029FF	201
MENUBK.BIN	002AC8	7
MENUBK.BIN	002AD0	159
MENUBK.BIN	002B6F	185
MENUBK.BIN	002C28	137
MENUBK.BIN	002CB1	153
MENUBK.BIN	002D4A	140
MENUBK.BIN	002DD6	165
MENUBK.BIN	002E7B	9
MENUBK.BIN	002E84	15
MENUBK.BIN	002E93	9
MENUBK.BIN	002E9C	149
MENUBK.BIN	002F31	217
MENUBK.BIN	00300A	211
MENUBK.BIN	0030DD	176
MENUBK.BIN	00318D	145
MENUBK.BIN	00321E	171
MENUBK.BIN	0032C9	159
MENUBK.BIN	003368	190
MENUBK.BIN	003426	31
MENUBK.BIN	003445	9
MENUBK.BIN	00344E	15
MENUBK.BIN	00345D	19
MENUBK.BIN	003470	15
MENUBK.BIN	00347F	15
MENUBK.BIN	00348E	144
MENUBK.BIN	00351E	153
MENUBK.BIN	0035B7	215
MENUBK.BIN	00368E	114
MENUBK.BIN	003700	162
MENUBK.BIN	0037A2	149
MENUBK.BIN	003837	178
MENUBK.BIN	0038E9	25
MENUBK.BIN	003902	9
MENUBK.BIN	00390B	17
MENUBK.BIN	00391C	17
MENUBK.BIN	00392D	19
MENUBK.BIN	003940	187
MENUBK.BIN	0039FB	147
MENUBK.BIN	003A8E	182
MENUBK.BIN	003B44	179
MENUBK.BIN	003BF7	167
MENUBK.BIN	003C9E	203
MENUBK.BIN	003D69	194
MENUBK.BIN	003E2B	185
MENUBK.BIN	003EE4	21
MENUBK.BIN	003EF9	9
MENUBK.BIN	003F02	9
MENUBK.BIN	003F0B	15
MENUBK.BIN	003F1A	173
MENUBK.BIN	003FC7	188
MENUBK.BIN	004083	130
MENUBK.BIN	004105	163
MENUBK.BIN	0041A8	163
MENUBK.BIN	00424B	174
MENUBK.BIN	0042F9	128
MENUBK.BIN	004379	211
MENUBK.BIN	00444C	194
MENUBK.BIN	00450E	13
MENUBK.BIN	00451B	17
MENUBK.BIN	00452C	21
MENUBK.BIN	004541	13
MENUBK.BIN	00454E	17
MENUBK.BIN	00455F	9
MENUBK.BIN	004568	15
MENUBK.BIN	004577	219
MENUBK.BIN	004652	231
MENUBK.BIN	004739	231
MENUBK.BIN	004820	219
MENUBK.BIN	0048FB	190
MENUBK.BIN	0049B9	235
MENUBK.BIN	004AA4	225
MENUBK.BIN	004B85	192
MENUBK.BIN	004C45	209
MENUBK.BIN	004D16	175
MENUBK.BIN	004DC5	178
MENUBK.BIN	004E77	176
MENUBK.BIN	004F27	166
MENUBK.BIN	004FCD	213
MENUBK.BIN	0050A2	27
MENUBK.BIN	0050BE	229
MENUBK.BIN	0051A3	19
MENUBK.BIN	0051B6	126
MENUBK.BIN	005234	215
MENUBK.BIN	00530B	21
MENUBK.BIN	005320	25
MENUBK.BIN	005339	15
MENUBK.BIN	005348	15
MENUBK.BIN	005357	25
MENUBK.BIN	005370	201
MENUBK.BIN	005439	221
MENUBK.BIN	005516	187
MENUBK.BIN	0055D1	176
MENUBK.BIN	005681	173
MENUBK.BIN	00572E	174
MENUBK.BIN	0057DC	167
MENUBK.BIN	005883	149
MENUBK.BIN	005918	122
MENUBK.BIN	005992	143
MENUBK.BIN	005A21	209
MENUBK.BIN	005AF2	136
MENUBK.BIN	005B7A	194
MENUBK.BIN	005C3C	163
MENUBK.BIN	005CDF	23
MENUBK.BIN	005CF6	19
MENUBK.BIN	005D09	19
MENUBK.BIN	005D1C	19
MENUBK.BIN	005D2F	186
MENUBK.BIN	005DE9	184
MENUBK.BIN	005EA1	180
MENUBK.BIN	005F55	167
MENUBK.BIN	005FFC	166
MENUBK.BIN	0060A2	172
MENUBK.BIN	00614E	209
MENUBK.BIN	00621F	184
MENUBK.BIN	0062D7	190
MENUBK.BIN	006395	239
MENUBK.BIN	006484	231
MENUBK.BIN	00656B	21
MENUBK.BIN	006580	17
MENUBK.BIN	006591	17
MENUBK.BIN	0065A2	17
MENUBK.BIN	0065B3	223
MENUBK.BIN	006692	190
MENUBK.BIN	006750	186
MENUBK.BIN	00680A	194
MENUBK.BIN	0068CC	207
MENUBK.BIN	00699B	180
MENUBK.BIN	006A4F	19
MENUBK.BIN	006A62	23
MENUBK.BIN	006A79	9
MENUBK.BIN	006A82	175
MENUBK.BIN	006B31	198
MENUBK.BIN	006BF7	176
MENUBK.BIN	006CA7	217
MENUBK.BIN	006D80	149
MENUBK.BIN	006E15	184
MENUBK.BIN	006ECD	25
MENUBK.BIN	006EE7	173
MENUBK.BIN	006F94	204
MENUBK.BIN	007060	199
MENUBK.BIN	007127	153
MENUBK.BIN	0071C0	11
MENUBK.BIN	0071CB	15
MENUBK.BIN	0071DA	15
MENUBK.BIN	0071E9	13
MENUBK.BIN	0071F6	15
MENUBK.BIN	007205	215
MENUBK.BIN	0072DC	95
MENUBK.BIN	00733B	125
MENUBK.BIN	0073B8	193
MENUBK.BIN	007479	167
MENUBK.BIN	007520	122
MENUBK.BIN	00759A	219
MENUBK.BIN	007675	193
MENUBK.BIN	007736	293
MENUBK.BIN	00785B	60
MENUEN.PRG	0003D8	31
MENUEN.PRG	0003F9	27
MENUEN.PRG	00043C	33
MENUEN.PRG	00045D	8
MENUEN.PRG	000469	3
MENUEN.PRG	00046C	4
MENUEN.PRG	000470	28
MENUEN.PRG	00048C	24
MENUEN.PRG	0004A4	4
MENUEN.PRG	001E04	9
MENUEN.PRG	001E0D	9
MENUEN.PRG	001E16	9
MENUEN.PRG	001E1F	5
MENUEN.PRG	001E24	5
MENUEN.PRG	001E29	5
MENUEN.PRG	001E2E	5
MENUEN.PRG	001E33	7
MENUEN.PRG	001E3A	7
MENUEN.PRG	001E41	7
MENUEN.PRG	001E48	13
MENUEN.PRG	001E55	3
MENUEN.PRG	001E58	3
MENUEN.PRG	001E5B	3
MENUEN.PRG	001E5E	3
MENUEN.PRG	001E61	3
MENUEN.PRG	001E64	72
MENUEN.PRG	001EAC	72
MENUEN.PRG	001EF4	27
MENUEN.PRG	001F0F	35
MENUEN.PRG	001F32	17
MENUEN.PRG	001F43	23
MENUEN.PRG	001F5A	21
MENUEN.PRG	001F6F	21
MENUEN.PRG	001F84	21
MENUEN.PRG	001F99	23
MENUEN.PRG	001FB0	7
MENUEN.PRG	001FB7	7
MENUEN.PRG	001FBE	7
MENUEN.PRG	001FC5	7
MENUEN.PRG	001FCC	7
MENUEN.PRG	001FD3	7
MENUEN.PRG	001FDA	7
MENUEN.PRG	001FE1	7
MENUEN.PRG	001FE8	7
MENUEN.PRG	001FEF	7
MENUEN.PRG	001FF6	7
MENUEN.PRG	001FFD	7
MENUEN.PRG	002004	7
MENUEN.PRG	00200B	7
MENUEN.PRG	002012	7
MENUEN.PRG	002019	7
MENUEN.PRG	0028A8	6
MENUEN.PRG	0028B0	23
MENUEN.PRG	0028C0	7
MENUEN.PRG	0028C7	105
MENUEN.PRG	002930	7
MENUEN.PRG	0029A8	17
MENUEN.PRG	0029B9	152
MENUEN.PRG	002AC4	9
MENUEN.PRG	002ACD	176
MENUEN.PRG	002B7D	7
MENUEN.PRG	002B84	5
MENUEN.PRG	002BF4	9
MENUEN.PRG	002BFD	191
MENUEN.PRG	002CBC	7
MENUEN.PRG	002CC3	7
MENUEN.PRG	002D3C	9
MENUEN.PRG	002D45	180
MENUEN.PRG	002DF9	5
MENUEN.PRG	002DFE	7
MENUEN.PRG	002E40	29
MENUEN.PRG	002E78	13
MENUEN.PRG	002E85	159
MENUEN.PRG	002F24	3
MENUEN.PRG	002F28	5
MENUEN.PRG	002F98	7
MENUEN.PRG	002F9F	178
MENUEN.PRG	003051	7
MENUEN.PRG	003058	5
MENUEN.PRG	00305D	9
MENUEN.PRG	003066	5
MENUEN.PRG	00306C	5
MENUEN.PRG	003073	6
MENUEN.PRG	00307B	6
MENUEN.PRG	003083	6
MENUEN.PRG	0030EC	7
MENUEN.PRG	0030F3	211
MENUEN.PRG	0031C6	5
MENUEN.PRG	0031CB	7
MENUEN.PRG	003244	17
MENUEN.PRG	003255	148
MENUEN.PRG	0032E9	5
MENUEN.PRG	0032EE	7
MENUEN.PRG	003368	11
MENUEN.PRG	003373	128
MENUEN.PRG	0033F3	7
MENUEN.PRG	00346C	21
MENUEN.PRG	003481	182
MENUEN.PRG	003537	9
MENUEN.PRG	0035B0	9
MENUEN.PRG	0035B9	176
MENUEN.PRG	003669	3
MENUEN.PRG	00366C	5
MENUEN.PRG	0036DC	9
MENUEN.PRG	0036E5	161
MENUEN.PRG	003786	5
MENUEN.PRG	00378B	5
MENUEN.PRG	003800	9
MENUEN.PRG	003809	167
MENUEN.PRG	0038B0	9
MENUEN.PRG	0038B9	7
MENUEN.PRG	003938	5
MENUEN.PRG	00393D	164
MENUEN.PRG	0039E1	9
MENUEN.PRG	003A5C	9
MENUEN.PRG	003A65	184
MENUEN.PRG	003B1D	7
MENUEN.PRG	003B24	11
MENUEN.PRG	003B30	5
MENUEN.PRG	003B37	6
MENUEN.PRG	003B68	28
MENUEN.PRG	003BA0	9
MENUEN.PRG	003BA9	203
MENUEN.PRG	003CE4	15
MENUEN.PRG	003CF3	180
MENUEN.PRG	003DA7	7
MENUEN.PRG	003DAE	5
MENUEN.PRG	003E24	19
MENUEN.PRG	003E37	120
MENUEN.PRG	003EAF	5
MENUEN.PRG	003EB4	5
MENUEN.PRG	003F2C	19
MENUEN.PRG	003F3F	113
MENUEN.PRG	003FB0	7
MENUEN.PRG	003FB7	5
MENUEN.PRG	003FBC	9
MENUEN.PRG	004040	19
MENUEN.PRG	004053	125
MENUEN.PRG	0040D0	5
MENUEN.PRG	0040D5	9
MENUEN.PRG	004150	13
MENUEN.PRG	00415D	174
MENUEN.PRG	00420B	5
MENUEN.PRG	004210	7
MENUEN.PRG	004250	27
MENUEN.PRG	004288	23
MENUEN.PRG	00429F	111
MENUEN.PRG	00430E	5
MENUEN.PRG	004313	7
MENUEN.PRG	00438C	11
MENUEN.PRG	004397	178
MENUEN.PRG	004449	7
MENUEN.PRG	0044C0	21
MENUEN.PRG	0044D5	164
MENUEN.PRG	004579	9
MENUEN.PRG	0045F4	9
MENUEN.PRG	0045FD	167
MENUEN.PRG	004714	9
MENUEN.PRG	00471D	165
MENUEN.PRG	004834	11
MENUEN.PRG	00483F	142
MENUEN.PRG	0048CD	11
MENUEN.PRG	004948	11
MENUEN.PRG	004953	172
MENUEN.PRG	0049FF	11
MENUEN.PRG	004A7C	11
MENUEN.PRG	004A87	142
MENUEN.PRG	004B15	11
MENUEN.PRG	004B90	11
MENUEN.PRG	004B9B	172
MENUEN.PRG	004C47	11
MENUEN.PRG	004CC4	9
MENUEN.PRG	004CCD	123
MENUEN.PRG	004D48	7
MENUEN.PRG	004DC0	17
MENUEN.PRG	004DD1	113
MENUEN.PRG	004E42	11
MENUEN.PRG	004E4D	7
MENUEN.PRG	004ECC	11
MENUEN.PRG	004ED7	138
MENUEN.PRG	004F61	5
MENUEN.PRG	004FD8	17
MENUEN.PRG	004FE9	159
MENUEN.PRG	005088	5
MENUEN.PRG	005100	17
MENUEN.PRG	005111	161
MENUEN.PRG	0051B2	5
MENUEN.PRG	0051B7	7
MENUEN.PRG	0051BE	7
MENUEN.PRG	0051C5	9
MENUEN.PRG	005258	15
MENUEN.PRG	005267	136
MENUEN.PRG	0052EF	5
MENUEN.PRG	0052F4	5
MENUEN.PRG	00536C	11
MENUEN.PRG	005377	169
MENUEN.PRG	005420	9
MENUEN.PRG	005429	17
MENUEN.PRG	0054AC	21
MENUEN.PRG	0054C1	113
MENUEN.PRG	005532	9
MENUEN.PRG	00553B	17
MENUEN.PRG	0055BC	11
MENUEN.PRG	0055C7	126
MENUEN.PRG	005645	7
MENUEN.PRG	00564C	11
MENUEN.PRG	0056C8	21
MENUEN.PRG	0056DD	159
MENUEN.PRG	00577C	7
MENUEN.PRG	005783	11
MENUEN.PRG	005800	7
MENUEN.PRG	005807	149
MENUEN.PRG	00589C	17
MENUEN.PRG	005920	19
MENUEN.PRG	005933	134
MENUEN.PRG	0059B9	9
MENUEN.PRG	0059C2	9
MENUEN.PRG	0059CB	11
MENUEN.PRG	005A50	21
MENUEN.PRG	005A65	109
MENUEN.PRG	005AD2	9
MENUEN.PRG	005ADB	13
MENUEN.PRG	005AE8	15
MENUEN.PRG	005AF7	13
MENUEN.PRG	005B84	11
MENUEN.PRG	005B8F	124
MENUEN.PRG	005C0B	9
MENUEN.PRG	005C14	5
MENUEN.PRG	005C19	5
MENUEN.PRG	005CA0	19
MENUEN.PRG	005CB3	134
MENUEN.PRG	005D39	9
MENUEN.PRG	005D42	9
MENUEN.PRG	005D4B	11
MENUEN.PRG	005D56	9
MENUEN.PRG	005DE0	7
MENUEN.PRG	005DE7	188
MENUEN.PRG	005EA3	9
MENUEN.PRG	005F1C	13
MENUEN.PRG	005F29	159
MENUEN.PRG	005FC8	7
MENUEN.PRG	005FCF	11
MENUEN.PRG	00604C	7
MENUEN.PRG	006053	173
MENUEN.PRG	006100	5
MENUEN.PRG	006105	9
MENUEN.PRG	006188	9
MENUEN.PRG	006191	171
MENUEN.PRG	00623C	5
MENUEN.PRG	006241	9
MENUEN.PRG	0062C4	15
MENUEN.PRG	0062D3	190
MENUEN.PRG	006391	7
MENUEN.PRG	006408	9
MENUEN.PRG	006411	136
MENUEN.PRG	006499	7
MENUEN.PRG	006510	19
MENUEN.PRG	006523	131
MENUEN.PRG	0065A6	15
MENUEN.PRG	0065B5	17
MENUEN.PRG	0065C6	15
MENUEN.PRG	0065D5	15
MENUEN.PRG	0065E4	15
MENUEN.PRG	00667C	19
MENUEN.PRG	00668F	158
MENUEN.PRG	00672D	9
MENUEN.PRG	006736	13
MENUEN.PRG	006743	17
MENUEN.PRG	0067CC	19
MENUEN.PRG	0067DF	158
MENUEN.PRG	00687D	9
MENUEN.PRG	006886	9
MENUEN.PRG	00688F	11
MENUEN.PRG	00689A	9
MENUEN.PRG	0068A3	17
MENUEN.PRG	00693C	7
MENUEN.PRG	006943	174
MENUEN.PRG	0069F1	11
MENUEN.PRG	006A6C	23
MENUEN.PRG	006A83	122
MENUEN.PRG	006AFD	9
MENUEN.PRG	006B06	11
MENUEN.PRG	006B84	23
MENUEN.PRG	006B9B	128
MENUEN.PRG	006C1B	9
MENUEN.PRG	006C24	11
MENUEN.PRG	006CA0	9
MENUEN.PRG	006CA9	136
MENUEN.PRG	006D31	9
MENUEN.PRG	006D3A	5
MENUEN.PRG	006DB8	17
MENUEN.PRG	006DC9	144
MENUEN.PRG	006E59	17
MENUEN.PRG	006E6A	7
MENUEN.PRG	006E71	17
MENUEN.PRG	006E82	11
MENUEN.PRG	006F18	7
MENUEN.PRG	006F1F	159
MENUEN.PRG	006FBE	15
MENUEN.PRG	006FCD	11
MENUEN.PRG	007050	19
MENUEN.PRG	007063	134
MENUEN.PRG	0070E9	15
MENUEN.PRG	0070F8	15
MENUEN.PRG	007107	7
MENUEN.PRG	007188	7
MENUEN.PRG	00718F	124
MENUEN.PRG	00720B	5
MENUEN.PRG	007210	17
MENUEN.PRG	00729C	21
MENUEN.PRG	0072B1	127
MENUEN.PRG	007330	9
MENUEN.PRG	0073AC	25
MENUEN.PRG	0073C5	127
MENUEN.PRG	007444	9
MENUEN.PRG	0074C0	25
MENUEN.PRG	0074D9	127
MENUEN.PRG	007558	9
MENUEN.PRG	0075D4	25
MENUEN.PRG	0075ED	127
MENUEN.PRG	00766C	9
MENUEN.PRG	007675	13
MENUEN.PRG	0076FC	19
MENUEN.PRG	00770F	127
MENUEN.PRG	00778E	11
MENUEN.PRG	007799	13
MENUEN.PRG	0077A6	9
MENUEN.PRG	0077AF	11
MENUEN.PRG	007844	11
MENUEN.PRG	00784F	135
MENUEN.PRG	007948	23
MENUEN.PRG	00795F	135
MENUEN.PRG	0079E6	15
MENUEN.PRG	0079F5	17
MENUEN.PRG	007A06	17
MENUEN.PRG	007A90	23
MENUEN.PRG	007AA7	135
MENUEN.PRG	007B2E	9
MENUEN.PRG	007B37	11
MENUEN.PRG	007BBC	15
MENUEN.PRG	007BCB	197
MENUEN.PRG	007C90	5
MENUEN.PRG	007C95	9
MENUEN.PRG	007D10	13
MENUEN.PRG	007D1D	172
MENUEN.PRG	007DC9	5
MENUEN.PRG	007DCE	13
MENUEN.PRG	007DDB	5
MENUEN.PRG	007E58	15
MENUEN.PRG	007E67	195
MENUEN.PRG	007F2A	17
MENUEN.PRG	007F3B	5
MENUEN.PRG	007FB8	17
MENUEN.PRG	007FC9	144
MENUEN.PRG	008059	9
MENUEN.PRG	0080D4	17
MENUEN.PRG	0080E5	222
MENUEN.PRG	0081C3	9
MENUEN.PRG	0081CC	7
MENUEN.PRG	00824C	23
MENUEN.PRG	008263	135
MENUEN.PRG	0082EA	17
MENUEN.PRG	00836C	25
MENUEN.PRG	008385	115
MENUEN.PRG	0083F8	5
MENUEN.PRG	0083FD	9
MENUEN.PRG	008478	19
MENUEN.PRG	00848B	130
MENUEN.PRG	008580	15
MENUEN.PRG	00858F	158
MENUEN.PRG	00862D	13
MENUEN.PRG	0086AC	15
MENUEN.PRG	0086BB	132
MENUEN.PRG	00873F	9
MENUEN.PRG	0087B8	17
MENUEN.PRG	0087C9	146
MENUEN.PRG	00885B	5
MENUEN.PRG	008860	9
MENUEN.PRG	008869	13
MENUEN.PRG	0088F0	19
MENUEN.PRG	008903	182
MENUEN.PRG	0089B9	7
MENUEN.PRG	0089C0	17
MENUEN.PRG	0089D1	9
MENUEN.PRG	008A54	23
MENUEN.PRG	008A6B	163
MENUEN.PRG	008B0E	11
MENUEN.PRG	008B19	9
MENUEN.PRG	008B94	15
MENUEN.PRG	008BA3	174
MENUEN.PRG	008C51	5
MENUEN.PRG	008C56	9
MENUEN.PRG	008C5F	13
MENUEN.PRG	008CE4	15
MENUEN.PRG	008CF3	174
MENUEN.PRG	008DA1	5
MENUEN.PRG	008DA6	9
MENUEN.PRG	008DAF	13
MENUEN.PRG	008E34	15
MENUEN.PRG	008E43	195
MENUEN.PRG	008F06	17
MENUEN.PRG	008F17	5
MENUEN.PRG	008F94	15
MENUEN.PRG	008FA3	197
MENUEN.PRG	009068	5
MENUEN.PRG	00906D	9
MENUEN.PRG	0090E8	17
MENUEN.PRG	0090F9	207
MENUEN.PRG	0091C8	5
MENUEN.PRG	0091CD	9
MENUEN.PRG	009248	13
MENUEN.PRG	009255	149
MENUEN.PRG	0092EA	5
MENUEN.PRG	0092EF	9
MENUEN.PRG	009368	17
MENUEN.PRG	009379	144
MENUEN.PRG	009409	9
MENUEN.PRG	009484	15
MENUEN.PRG	009493	163
MENUEN.PRG	009536	5
MENUEN.PRG	00953B	7
MENUEN.PRG	009542	13
MENUEN.PRG	0095C8	13
MENUEN.PRG	0095D5	119
MENUEN.PRG	00964C	7
MENUEN.PRG	009653	5
MENUEN.PRG	009658	17
MENUEN.PRG	0096E4	21
MENUEN.PRG	0096F9	115
MENUEN.PRG	00976C	9
MENUEN.PRG	009775	11
MENUEN.PRG	009780	11
MENUEN.PRG	009804	15
MENUEN.PRG	009813	82
MENUEN.PRG	0098D8	25
MENUEN.PRG	0098F1	96
MENUEN.PRG	0099C4	25
MENUEN.PRG	0099DD	96
MENUEN.PRG	009AB0	25
MENUEN.PRG	009AC9	96
MENUEN.PRG	009B9C	25
MENUEN.PRG	009BB5	96
MENUEN.PRG	009C88	25
MENUEN.PRG	009CA1	96
MENUEN.PRG	009D74	25
MENUEN.PRG	009D8D	86
MENUEN.PRG	009E54	25
MENUEN.PRG	009E6D	86
MENUEN.PRG	009F34	25
MENUEN.PRG	009F4D	86
MENUEN.PRG	00A014	25
MENUEN.PRG	00A02D	86
MENUEN.PRG	00A0F4	25
MENUEN.PRG	00A10D	86
MENUEN.PRG	00A1D4	25
MENUEN.PRG	00A1ED	78
MENUEN.PRG	00A2AC	25
MENUEN.PRG	00A2C5	78
MENUEN.PRG	00A384	25
MENUEN.PRG	00A39D	78
MENUEN.PRG	00A45C	25
MENUEN.PRG	00A475	78
MENUEN.PRG	00A534	25
MENUEN.PRG	00A54D	78
MENUEN.PRG	00A60C	19
MENUEN.PRG	00A61F	84
MENUEN.PRG	00A6E4	19
MENUEN.PRG	00A6F7	84
MENUEN.PRG	00A7BC	19
MENUEN.PRG	00A7CF	84
MENUEN.PRG	00A894	19
MENUEN.PRG	00A8A7	84
MENUEN.PRG	00A96C	19
MENUEN.PRG	00A97F	84
MENUEN.PRG	00AA44	21
MENUEN.PRG	00AA59	112
MENUEN.PRG	00AB3C	21
MENUEN.PRG	00AB51	112
MENUEN.PRG	00AC34	21
MENUEN.PRG	00AC49	112
MENUEN.PRG	00AD2C	21
MENUEN.PRG	00AD41	112
MENUEN.PRG	00AE24	21
MENUEN.PRG	00AE39	112
MENUEN.PRG	00AF1C	15
MENUEN.PRG	00AF2B	150
MENUEN.PRG	00B034	19
MENUEN.PRG	00B047	101
MENUEN.PRG	00B11C	19
MENUEN.PRG	00B12F	105
MENUEN.PRG	00B208	19
MENUEN.PRG	00B21B	105
MENUEN.PRG	00B2F4	19
MENUEN.PRG	00B307	105
MENUEN.PRG	00B3E0	19
MENUEN.PRG	00B3F3	101
MENUEN.PRG	00B4C8	11
MENUEN.PRG	00B4D3	88
MOVIE.DAT	000000	17
MOVIE.DAT	000011	21
MOVIE.DAT	000026	23
MOVIE.DAT	00003D	21
MOVIE.DAT	000052	23
MOVIE.DAT	000069	29
MOVIE.DAT	000086	11
MOVIE.DAT	000091	19
MOVIE.DAT	0000A4	11
MOVIE.DAT	0000AF	37
MOVIE.DAT	0000D4	17
MOVIE.DAT	0000E5	31
MOVIE.DAT	000104	33
MOVIE.DAT	000125	19
MOVIE.DAT	000138	23
MOVIE.DAT	00014F	21
MOVIE.DAT	000164	11
MOVIE.DAT	00016F	23
MOVIE.DAT	000186	19
MOVIE.DAT	000199	13
MOVIE.DAT	0001A6	23
MOVIE.DAT	0001BD	5
MOVIE.DAT	0001C2	11
MOVIE.DAT	000290	31
MOVIE.DAT	0002AF	27
MOVIE.DAT	0002CA	33
MOVIE.DAT	0002EB	23
MOVIE.DAT	000302	25
MOVIE.DAT	00031B	31
MOVIE.DAT	00033A	25
MOVIE.DAT	000353	21
MOVIE.DAT	000368	27
MOVIE.DAT	000383	19
MOVIE.DAT	000396	19
MOVIE.DAT	0003A9	23
MOVIE.DAT	0003C0	25
MOVIE.DAT	0003D9	17
MOVIE.DAT	0003EA	23
MOVIE.DAT	000401	17
MOVIE.DAT	000412	35
MOVIE.DAT	000435	19
MOVIE.DAT	000448	23
MOVIE.DAT	00045F	21
MOVIE.DAT	000474	27
MOVIE.DAT	00048F	19
MOVIE.DAT	0004A2	29
MOVIE.DAT	0004BF	21
MOVIE.DAT	0004D4	31
MOVIE.DAT	0004F3	33
MOVIE.DAT	000514	37
MOVIE.DAT	00053A	31
MOVIE.DAT	000559	33
MOVIE.DAT	00057A	21
MOVIE.DAT	00058F	35
MOVIE.DAT	0005B3	13
MOVIE.DAT	0005C0	33
MOVIE.DAT	0005E1	37
MOVIE.DAT	000730	19
MOVIE.DAT	000743	9
MOVIE.DAT	00074C	29
MOVIE.DAT	000769	13
MOVIE.DAT	000776	21
MOVIE.DAT	00078B	13
MOVIE.DAT	000798	29
MOVIE.DAT	0007B5	13
MOVIE.DAT	0007C2	15
MOVIE.DAT	0007D1	17
MOVIE.DAT	0007E2	9
MOVIE.DAT	0007EB	27
MOVIE.DAT	000806	9
MOVIE.DAT	00080F	13
MOVIE.DAT	00081C	19
MOVIE.DAT	00082F	21
MOVIE.DAT	0008CC	7
MOVIE.DAT	0008D3	9
MOVIE.DAT	0008DC	31
MOVIE.DAT	0008FB	7
MOVIE.DAT	000902	21
MOVIE.DAT	000917	27
MOVIE.DAT	000932	19
MOVIE.DAT	000945	9
MOVIE.DAT	00094E	13
MOVIE.DAT	00095B	17
MOVIE.DAT	00096C	11
MOVIE.DAT	000977	5
MOVIE.DAT	00097C	9
MOVIE.DAT	000985	15
MOVIE.DAT	000994	27
MOVIE.DAT	0009AF	19
MOVIE.DAT	0009C2	25
MOVIE.DAT	0009DB	17
MOVIE.DAT	0009EC	15
MOVIE.DAT	0009FB	17
MOVIE.DAT	000A0C	31
MOVIE.DAT	000A2B	17
MOVIE.DAT	000AF4	7
MOVIE.DAT	000AFB	5
MOVIE.DAT	000B00	33
MOVIE.DAT	000B21	19
MOVIE.DAT	000B34	25
MOVIE.DAT	000B4D	35
MOVIE.DAT	000B70	35
MOVIE.DAT	000B93	19
MOVIE.DAT	000BA6	25
MOVIE.DAT	000BBF	25
MOVIE.DAT	000BD8	21
MOVIE.DAT	000BED	31
MOVIE.DAT	000C0C	31
MOVIE.DAT	000C2B	19
MOVIE.DAT	000C3E	29
MOVIE.DAT	000C5B	19
MOVIE.DAT	000C6E	5
MOVIE.DAT	000C73	17
MOVIE.DAT	000C84	31
MOVIE.DAT	000CA3	31
MOVIE.DAT	000D6C	17
MOVIE.DAT	000D7D	17
MOVIE.DAT	000D8E	31
MOVIE.DAT	000DD0	9
MOVIE.DAT	000DD9	21
MOVIE.DAT	000E08	7
MOVIE.DAT	000E0F	27
MOVIE.DAT	000E2A	7
MOVIE.DAT	000E31	11
MOVIE.DAT	000E3C	35
MOVIE.DAT	000E5F	29
MOVIE.DAT	000E7C	25
MOVIE.DAT	000E95	15
MOVIE.DAT	000EA4	25
MOVIE.DAT	000EBD	9
MOVIE.DAT	000EC6	35
MOVIE.DAT	000EE9	17
MOVIE.DAT	000EFA	39
MOVIE.DAT	000F21	21
MOVIE.DAT	000F36	33
MOVIE.DAT	000F57	27
MOVIE.DAT	000F72	31
MOVIE.DAT	000F91	19
MOVIE.DAT	000FA4	7
MOVIE.DAT	000FAB	15
MOVIE.DAT	000FBA	7
MOVIE.DAT	000FC1	9
MOVIE.DAT	000FCB	11
MOVIE.DAT	000FD6	17
MOVIE.DAT	0010B8	23
MOVIE.DAT	0010CF	11
MOVIE.DAT	0010DA	27
MOVIE.DAT	0010F5	17
MOVIE.DAT	001106	25
MOVIE.DAT	00111F	35
MOVIE.DAT	00117C	11
MOVIE.DAT	001187	21
MOVIE.DAT	00119C	23
MOVIE.DAT	0011B3	27
MOVIE.DAT	0011CE	37
MOVIE.DAT	0011F3	21
MOVIE.DAT	001208	27
MOVIE.DAT	001223	21
MOVIE.DAT	001238	23
MOVIE.DAT	00124F	37
MOVIE.DAT	001274	25
MOVIE.DAT	00128D	5
MOVIE.DAT	001292	27
MOVIE.DAT	0012AD	27
MOVIE.DAT	0012C8	37
MOVIE.DAT	0012ED	33
MOVIE.DAT	00130E	33
MOVIE.DAT	00132F	27
MOVIE.DAT	00134A	39
MOVIE.DAT	001371	25
MOVIE.DAT	00138A	29
MOVIE.DAT	0013A7	13
MOVIE.DAT	0013B4	17
MOVIE.DAT	0013C5	17
MOVIE.DAT	0013D6	33
MOVIE.DAT	0013F7	13
MOVIE.DAT	001404	33
MOVIE.DAT	001425	7
MOVIE.DAT	00142C	17
MOVIE.DAT	00143D	13
MOVIE.DAT	001544	25
MOVIE.DAT	00155D	37
MOVIE.DAT	001582	33
MOVIE.DAT	0015A3	15
MOVIE.DAT	0015B2	31
MOVIE.DAT	0015D1	39
MOVIE.DAT	0015F8	9
MOVIE.DAT	001601	27
MOVIE.DAT	00161C	21
MOVIE.DAT	001631	25
MOVIE.DAT	00164A	25
MOVIE.DAT	001663	31
MOVIE.DAT	0016EC	29
MOVIE.DAT	001709	27
MOVIE.DAT	001724	23
MOVIE.DAT	00173B	23
MOVIE.DAT	001752	29
MOVIE.DAT	00176F	27
MOVIE.DAT	00178A	15
MOVIE.DAT	001799	7
MOVIE.DAT	0017A0	15
MOVIE.DAT	001800	9
MOVIE.DAT	001809	19
MOVIE.DAT	00181C	13
MOVIE.DAT	001829	31
MOVIE.DAT	001870	31
MOVIE.DAT	00188F	35
MOVIE.DAT	0018B2	25
MOVIE.DAT	0018CB	13
MOVIE.DAT	0018D8	23
MOVIE.DAT	0018EF	33
MOVIE.DAT	001910	11
MOVIE.DAT	00191B	25
MOVIE.DAT	001934	19
MOVIE.DAT	001947	37
MOVIE.DAT	00196C	29
MOVIE.DAT	001989	35
MOVIE.DAT	0019AC	33
MOVIE.DAT	0019CD	25
MOVIE.DAT	0019E6	35
MOVIE.DAT	001A09	27
MOVIE.DAT	001A24	33
MOVIE.DAT	001A45	25
MOVIE.DAT	001A5E	19
MOVIE.DAT	001A71	33
MOVIE.DAT	001A92	17
MOVIE.DAT	001AA3	11
MOVIE.DAT	001AAE	15
MOVIE.DAT	001ABD	23
MOVIE.DAT	001AD4	25
MOVIE.DAT	001AED	19
MOVIE.DAT	001B00	27
MOVIE.DAT	001B1B	17
MOVIE.DAT	001B2C	31
MOVIE.DAT	001C3C	33
MOVIE.DAT	001C5D	21
MOVIE.DAT	001C72	7
MOVIE.DAT	001C79	17
MOVIE.DAT	001C8A	27
MOVIE.DAT	001CA5	37
MOVIE.DAT	001CCA	21
MOVIE.DAT	001CDF	37
MOVIE.DAT	001D04	11
MOVIE.DAT	001D0F	31
MOVIE.DAT	001D2E	9
MOVIE.DAT	001D37	19
MOVIE.DAT	001D4A	19
MOVIE.DAT	001D5D	27
MOVIE.DAT	001D78	7
MOVIE.DAT	001E00	13
MOVIE.DAT	001E0D	11
MOVIE.DAT	001E18	31
MOVIE.DAT	001E37	27
MOVIE.DAT	001E52	39
MOVIE.DAT	001E79	19
MOVIE.DAT	001E8C	33
MOVIE.DAT	001EAD	19
MOVIE.DAT	001EC0	37
MOVIE.DAT	001F38	19
MOVIE.DAT	001F4B	21
MOVIE.DAT	001F60	17
MOVIE.DAT	001F71	7
MOVIE.DAT	001F78	35
MOVIE.DAT	001F9B	21
MOVIE.DAT	001FB0	21
MOVIE.DAT	001FC5	29
MOVIE.DAT	001FE2	11
MOVIE.DAT	001FED	25
MOVIE.DAT	002006	35
MOVIE.DAT	002029	29
MOVIE.DAT	0020B0	15
MOVIE.DAT	0020BF	31
MOVIE.DAT	0020DE	27
MOVIE.DAT	0020F9	35
MOVIE.DAT	00211C	35
MOVIE.DAT	00213F	27
MOVIE.DAT	00215A	15
MOVIE.DAT	002169	31
MOVIE.DAT	002188	21
MOVIE.DAT	00219D	19
MOVIE.DAT	0021B0	23
MOVIE.DAT	0021C7	39
MOVIE.DAT	0021EE	39
MOVIE.DAT	002215	35
MOVIE.DAT	002238	17
MOVIE.DAT	002249	25
MOVIE.DAT	002262	17
MOVIE.DAT	002273	15
MOVIE.DAT	002282	23
MOVIE.DAT	002299	25
MOVIE.DAT	0022B2	27
MOVIE.DAT	0022CD	37
MOVIE.DAT	0022F2	13
MOVIE.DAT	0023C0	31
MOVIE.DAT	0023F0	29
MOVIE.DAT	00240D	21
MOVIE.DAT	002422	23
MOVIE.DAT	002439	23
MOVIE.DAT	002450	17
MOVIE.DAT	002461	9
MOVIE.DAT	00246A	39
MOVIE.DAT	002491	7
MOVIE.DAT	002498	19
MOVIE.DAT	0024AB	39
MOVIE.DAT	0024D2	9
MOVIE.DAT	0024DB	21
MOVIE.DAT	0024F0	27
MOVIE.DAT	00250B	23
MOVIE.DAT	002522	29
MOVIE.DAT	00253F	25
MOVIE.DAT	002558	25
MOVIE.DAT	002571	11
MOVIE.DAT	00257C	9
MOVIE.DAT	002628	19
MOVIE.DAT	00263B	29
MOVIE.DAT	002658	27
MOVIE.DAT	002673	31
MOVIE.DAT	002692	29
MOVIE.DAT	0026AF	37
MOVIE.DAT	0026D4	11
MOVIE.DAT	0026DF	23
MOVIE.DAT	0026F6	29
MOVIE.DAT	002713	23
MOVIE.DAT	00272A	29
MOVIE.DAT	002747	31
MOVIE.DAT	002766	29
MOVIE.DAT	002783	31
MOVIE.DAT	0027A2	27
MOVIE.DAT	0027BD	25
MOVIE.DAT	0027D6	27
MOVIE.DAT	0027F1	17
MOVIE.DAT	002802	31
MOVIE.DAT	002821	17
MOVIE.DAT	002832	39
MOVIE.DAT	002859	33
MOVIE.DAT	00287A	11
MOVIE.DAT	002885	11
MOVIE.DAT	002890	11
MOVIE.DAT	00289B	35
MOVIE.DAT	0028BE	13
MOVIE.DAT	0028CB	15
MOVIE.DAT	0028DA	23
MOVIE.DAT	0028F1	37
MOVIE.DAT	002916	37
MOVIE.DAT	00293B	7
MOVIE.DAT	002942	11
MOVIE.DAT	002A60	11
MOVIE.DAT	002A7C	37
MOVIE.DAT	002AA1	7
MOVIE.DAT	002AA8	15
MOVIE.DAT	002AB7	37
MOVIE.DAT	002B04	15
MOVIE.DAT	002B13	21
MOVIE.DAT	002B28	39
MOVIE.DAT	002B4F	13
MOVIE.DAT	002B5C	27
MOVIE.DAT	002B77	27
MOVIE.DAT	002B92	21
MOVIE.DAT	002BA7	17
MOVIE.DAT	002BB8	29
MOVIE.DAT	002BD5	27
MOVIE.DAT	002BF0	37
MOVIE.DAT	002C15	35
MOVIE.DAT	002C38	21
MOVIE.DAT	002C4D	27
MOVIE.DAT	002C68	29
MOVIE.DAT	002C85	11
MOVIE.DAT	002C90	15
MOVIE.DAT	002C9F	11
MOVIE.DAT	002CAA	23
MOVIE.DAT	002CC1	35
MOVIE.DAT	002CE4	37
MOVIE.DAT	002D09	33
MOVIE.DAT	002D2A	21
MOVIE.DAT	002D3F	17
MOVIE.DAT	002D50	17
MOVIE.DAT	002D61	13
MOVIE.DAT	002E48	13
MOVIE.DAT	002E55	15
MOVIE.DAT	002E64	11
MOVIE.DAT	002E6F	11
MOVIE.DAT	002E7A	7
MOVIE.DAT	002E81	25
MOVIE.DAT	002ED4	27
MOVIE.DAT	002EEF	11
MOVIE.DAT	002F14	23
MOVIE.DAT	002F2B	9
MOVIE.DAT	002F34	23
MOVIE.DAT	002F4B	23
MOVIE.DAT	002F62	27
MOVIE.DAT	002F7D	33
MOVIE.DAT	002F9E	21
MOVIE.DAT	002FB3	21
MOVIE.DAT	002FC8	17
MOVIE.DAT	002FD9	21
MOVIE.DAT	003048	5
MOVIE.DAT	00304D	19
MOVIE.DAT	003060	29
MOVIE.DAT	00307D	19
MOVIE.DAT	003090	17
MOVIE.DAT	0030A1	33
MOVIE.DAT	0030C2	37
MOVIE.DAT	0030E7	17
MOVIE.DAT	0030F8	27
MOVIE.DAT	003113	21
MOVIE.DAT	003128	29
MOVIE.DAT	003145	29
MOVIE.DAT	003162	17
MOVIE.DAT	003173	35
MOVIE.DAT	003196	15
MOVIE.DAT	0031A5	15
MOVIE.DAT	0031B4	9
MOVIE.DAT	0031BD	29
MOVIE.DAT	0031DA	13
MOVIE.DAT	0031E7	21
MOVIE.DAT	0031FC	31
MOVIE.DAT	00321B	25
MOVIE.DAT	003234	31
MOVIE.DAT	003253	15
MOVIE.DAT	003262	15
MOVIE.DAT	003271	35
MOVIE.DAT	003294	27
MOVIE.DAT	0032AF	9
MOVIE.DAT	0032B8	27
MOVIE.DAT	0032D3	21
MOVIE.DAT	0032E8	39
MOVIE.DAT	003410	39
MOVIE.DAT	003437	27
MOVIE.DAT	003452	37
MOVIE.DAT	003477	7
MOVIE.DAT	00347E	31
MOVIE.DAT	00349D	25
MOVIE.DAT	0034B6	29
MOVIE.DAT	0034D3	29
MOVIE.DAT	0034F0	39
MOVIE.DAT	003517	31
MOVIE.DAT	003536	31
MOVIE.DAT	003555	15
MOVIE.DAT	003564	33
MOVIE.DAT	003585	29
MOVIE.DAT	0035A2	11
MOVIE.DAT	0035AD	17
MOVIE.DAT	0035BE	27
MOVIE.DAT	0035D9	11
MOVIE.DAT	0035E4	29
MOVIE.DAT	003601	35
MOVIE.DAT	003624	35
MOVIE.DAT	003647	23
MOVIE.DAT	00365E	17
MOVIE.DAT	00366F	7
MOVIE.DAT	003676	35
MOVIE.DAT	003699	19
MOVIE.DAT	0036AC	21
MOVIE.DAT	0036C1	9
MOVIE.DAT	0036CA	35
MOVIE.DAT	0037E0	9
MOVIE.DAT	0037E9	23
MOVIE.DAT	003800	37
MOVIE.DAT	003825	29
MOVIE.DAT	003842	21
MOVIE.DAT	003857	25
MOVIE.DAT	003870	23
MOVIE.DAT	003887	39
MOVIE.DAT	0038AE	21
MOVIE.DAT	0038C3	11
MOVIE.DAT	0038CE	33
MOVIE.DAT	0038EF	33
MOVIE.DAT	003910	35
MOVIE.DAT	003933	11
MOVIE.DAT	0039B8	9
MOVIE.DAT	0039C1	23
MOVIE.DAT	0039D8	17
MOVIE.DAT	0039E9	5
MOVIE.DAT	003A18	7
MOVIE.DAT	003A1F	15
MOVIE.DAT	003A2E	25
MOVIE.DAT	003A47	21
MOVIE.DAT	003A5C	17
MOVIE.DAT	003A6D	9
MOVIE.DAT	003A76	19
MOVIE.DAT	003A89	25
MOVIE.DAT	003AA2	7
MOVIE.DAT	003AA9	23
MOVIE.DAT	003AC0	19
MOVIE.DAT	003AD3	35
MOVIE.DAT	003AF6	15
MOVIE.DAT	003B05	33
MOVIE.DAT	003B26	13
MOVIE.DAT	003B33	31
MOVIE.DAT	003B52	11
MOVIE.DAT	003B5D	37
MOVIE.DAT	003C1C	7
MOVIE.DAT	003C23	9
MOVIE.DAT	003C2C	27
MOVIE.DAT	003C47	25
MOVIE.DAT	003C60	35
MOVIE.DAT	003C83	27
MOVIE.DAT	003C9E	25
MOVIE.DAT	003CB7	33
MOVIE.DAT	003CD8	31
MOVIE.DAT	003CF7	13
MOVIE.DAT	003D04	29
MOVIE.DAT	003D21	25
MOVIE.DAT	003D3A	35
MOVIE.DAT	003D5D	19
MOVIE.DAT	003D70	39
MOVIE.DAT	003D97	33
MOVIE.DAT	003DB8	19
MOVIE.DAT	003DCB	17
MOVIE.DAT	003DDC	31
MOVIE.DAT	003DFB	13
MOVIE.DAT	003E08	25
MOVIE.DAT	003E21	35
MOVIE.DAT	003E44	13
MOVIE.DAT	003E51	17
MOVIE.DAT	003E62	27
MOVIE.DAT	003E7D	33
MOVIE.DAT	003E9E	23
MOVIE.DAT	003EB5	27
MOVIE.DAT	003ED0	15
MOVIE.DAT	003EDF	25
MOVIE.DAT	003EF8	19
MOVIE.DAT	003F0B	9
MOVIE.DAT	003F14	35
MOVIE.DAT	003F37	13
MOVIE.DAT	003F44	5
MOVIE.DAT	003F49	17
MOVIE.DAT	003F5A	39
MOVIE.DAT	003F81	17
MOVIE.DAT	003F92	27
MOVIE.DAT	003FAD	25
MOVIE.DAT	003FC6	33
MOVIE.DAT	003FE7	19
MOVIE.DAT	003FFA	23
MOVIE.DAT	004011	17
MOVIE.DAT	00418C	25
MOVIE.DAT	0041A5	25
MOVIE.DAT	0041BE	19
MOVIE.DAT	0041D1	13
MOVIE.DAT	0041DE	27
MOVIE.DAT	0041F9	27
MOVIE.DAT	004214	23
MOVIE.DAT	00422B	21
MOVIE.DAT	004240	33
MOVIE.DAT	004261	33
MOVIE.DAT	004282	27
MOVIE.DAT	00429D	9
MOVIE.DAT	0042A6	21
MOVIE.DAT	0042BB	35
MOVIE.DAT	0042DE	15
MOVIE.DAT	0042ED	27
MOVIE.DAT	004308	19
MOVIE.DAT	00431B	39
MOVIE.DAT	004342	15
MOVIE.DAT	004351	21
MOVIE.DAT	004366	21
MOVIE.DAT	00437B	27
MOVIE.DAT	004396	9
MOVIE.DAT	00439F	35
MOVIE.DAT	0043C2	19
MOVIE.DAT	0044A8	9
MOVIE.DAT	0044B1	11
MOVIE.DAT	0044BC	25
MOVIE.DAT	0044D5	15
MOVIE.DAT	0044E4	25
MOVIE.DAT	0044FD	21
MOVIE.DAT	004512	7
MOVIE.DAT	004519	9
MOVIE.DAT	004522	13
MOVIE.DAT	00452F	5
MOVIE.DAT	004534	39
MOVIE.DAT	00455B	9
MOVIE.DAT	004564	33
MOVIE.DAT	004585	17
MOVIE.DAT	004596	9
MOVIE.DAT	00459F	31
MOVIE.DAT	0045BE	25
MOVIE.DAT	0045D7	17
MOVIE.DAT	0045E8	27
MOVIE.DAT	004603	29
MOVIE.DAT	004620	11
MOVIE.DAT	00462B	19
MOVIE.DAT	00463E	31
MOVIE.DAT	00465D	35
MOVIE.DAT	004680	13
MOVIE.DAT	00468D	27
MOVIE.DAT	0046A8	19
MOVIE.DAT	0046BB	11
MOVIE.DAT	0046C6	35
MOVIE.DAT	0046E9	11
MOVIE.DAT	0046F4	17
MOVIE.DAT	004705	21
MOVIE.DAT	00471A	15
MOVIE.DAT	004729	29
MOVIE.DAT	004746	13
MOVIE.DAT	004753	9
MOVIE.DAT	00475C	11
MOVIE.DAT	004898	39
MOVIE.DAT	0048BF	39
MOVIE.DAT	0048E6	25
MOVIE.DAT	0048FF	9
MOVIE.DAT	004908	21
MOVIE.DAT	00491D	29
MOVIE.DAT	00493A	35
MOVIE.DAT	00495D	23
MOVIE.DAT	004974	31
MOVIE.DAT	004993	25
MOVIE.DAT	0049AC	19
MOVIE.DAT	0049BF	35
MOVIE.DAT	0049E2	37
MOVIE.DAT	004A78	21
MOVIE.DAT	004A8D	27
MOVIE.DAT	004AA8	17
MOVIE.DAT	004AB9	33
MOVIE.DAT	004ADA	19
MOVIE.DAT	004AED	23
MOVIE.DAT	004B04	23
MOVIE.DAT	004B1B	37
MOVIE.DAT	004B40	39
MOVIE.DAT	004B67	17
MOVIE.DAT	004B78	35
MOVIE.DAT	004B9B	23
MOVIE.DAT	004BB2	29
MOVIE.DAT	004BCF	15
MOVIE.DAT	004BDE	25
MOVIE.DAT	004BF7	33
MOVIE.DAT	004C18	13
MOVIE.DAT	004C25	19
MOVIE.DAT	004C38	15
MOVIE.DAT	004C47	11
MOVIE.DAT	004C52	27
MOVIE.DAT	004C6D	21
MOVIE.DAT	004C82	29
MOVIE.DAT	004C9F	25
MOVIE.DAT	004CB8	21
MOVIE.DAT	004CCD	27
MOVIE.DAT	004CE8	29
MOVIE.DAT	004D05	31
MOVIE.DAT	004D24	15
MOVIE.DAT	004D33	31
MOVIE.DAT	004D52	39
MOVIE.DAT	004D79	9
MOVIE.DAT	004D82	9
MOVIE.DAT	004D8B	37
MOVIE.DAT	004DB0	13
MOVIE.DAT	004DBD	5
MOVIE.DAT	004DC2	33
MOVIE.DAT	004DE3	21
MOVIE.DAT	004F30	11
MOVIE.DAT	004F3B	13
MOVIE.DAT	004F48	19
MOVIE.DAT	004F5B	17
MOVIE.DAT	004F6C	17
MOVIE.DAT	004F7D	27
MOVIE.DAT	004F98	11
MOVIE.DAT	004FA3	35
MOVIE.DAT	004FC6	23
MOVIE.DAT	004FDD	39
MOVIE.DAT	005004	11
MOVIE.DAT	00500F	29
MOVIE.DAT	00502C	27
MOVIE.DAT	005047	21
MOVIE.DAT	00505C	7
MOVIE.DAT	005063	9
MOVIE.DAT	00506C	29
MOVIE.DAT	005089	15
MOVIE.DAT	005098	23
MOVIE.DAT	0050AF	11
MOVIE.DAT	0050BA	25
MOVIE.DAT	005184	29
MOVIE.DAT	0051B4	35
MOVIE.DAT	0051E8	29
MOVIE.DAT	005218	21
MOVIE.DAT	005240	39
MOVIE.DAT	005267	25
MOVIE.DAT	005298	15
MOVIE.DAT	0052A7	27
MOVIE.DAT	0052C2	21
MOVIE.DAT	0052D7	25
MOVIE.DAT	0052F0	37
MOVIE.DAT	005315	31
MOVIE.DAT	005334	35
MOVIE.DAT	005357	15
MOVIE.DAT	005366	17
MOVIE.DAT	005377	39
MOVIE.DAT	00539E	21
MOVIE.DAT	0053B3	31
MOVIE.DAT	0053D2	35
MOVIE.DAT	0053F5	4
MOVIE.DAT	0053F9	17
MOVIE.DAT	00540A	19
MOVIE.DAT	00541D	27
MOVIE.DAT	005438	25
MOVIE.DAT	005451	27
MOVIE.DAT	00546C	21
MOVIE.DAT	005481	27
MOVIE.DAT	00549C	27
MOVIE.DAT	0054B7	4
MOVIE.DAT	0054BB	5
MOVIE.DAT	0054C0	25
MOVIE.DAT	00559C	13
MOVIE.DAT	0055A9	19
MOVIE.DAT	0055BC	23
MOVIE.DAT	0055D3	19
MOVIE.DAT	005610	17
MOVIE.DAT	005621	11
MOVIE.DAT	00562C	25
MOVIE.DAT	005645	17
MOVIE.DAT	005656	13
MOVIE.DAT	005663	17
MOVIE.DAT	005674	19
MOVIE.DAT	005687	17
MOVIE.DAT	005698	11
MOVIE.DAT	0056F4	13
MOVIE.DAT	005701	15
MOVIE.DAT	005710	31
MOVIE.DAT	00572F	27
MOVIE.DAT	00574A	35
MOVIE.DAT	00576D	23
MOVIE.DAT	005784	29
MOVIE.DAT	0057A1	19
MOVIE.DAT	0057B4	35
MOVIE.DAT	0057D7	13
MOVIE.DAT	0057E4	7
MOVIE.DAT	0057EB	35
MOVIE.DAT	00580E	19
MOVIE.DAT	005821	33
MOVIE.PRG	000EA0	5
MOVIE.PRG	001184	5
TITLE.PRG	00044D	62
TITLE.PRG	00048B	10
TITLE.PRG	000495	4
TITLE.PRG	000499	6
TITLE.PRG	00049F	10
TITLE.PRG	0004AB	6
TWN_CAMP.PRG	00BC2B	11
TWN_CAMP.PRG	00BC37	23
TWN_CAMP.PRG	00BC4E	15
TWN_CAMP.PRG	00BC65	9
TWN_CAMP.PRG	00BC7C	13
TWN_CAMP.PRG	00BC93	11
TWN_CAMP.PRG	00BCAA	9
TWN_CAMP.PRG	00BCC1	13
TWN_CAMP.PRG	00BCD8	13
TWN_CAMP.PRG	00BCEF	11
TWN_CAMP.PRG	00BCFA	15
TWN_CAMP.PRG	00BD11	9
TWN_CAMP.PRG	00BD28	13
TWN_CAMP.PRG	00BD3F	11
TWN_CAMP.PRG	00BD56	9
TWN_CAMP.PRG	00BD6D	13
TWN_CAMP.PRG	00BD84	13
TWN_CAMP.PRG	00BD9B	11
TWN_CAMP.PRG	00BDA6	21
TWN_CAMP.PRG	00BDC6	21
TWN_CAMP.PRG	00BDDB	27
TWN_CAMP.PRG	00BDF6	29
TWN_CAMP.PRG	00BE13	23
TWN_CAMP.PRG	00BE2A	6
TWN_CAMP.PRG	00BE30	39
TWN_CAMP.PRG	00BE57	11
TWN_CAMP.PRG	00BE62	28
TWN_CAMP.PRG	00BE89	27
TWN_CAMP.PRG	00BEA4	33
TWN_CAMP.PRG	00BEC5	25
TWN_CAMP.PRG	00BEE9	29
TWN_CAMP.PRG	00BF06	37
TWN_CAMP.PRG	00BF38	23
TWN_CAMP.PRG	00BF4F	35
TWN_CAMP.PRG	00BF72	2
TWN_CAMP.PRG	00BF7F	21
TWN_CAMP.PRG	00BF94	27
TWN_CAMP.PRG	00BFAF	29
TWN_CAMP.PRG	00BFCC	23
TWN_CAMP.PRG	00BFE3	6
TWN_CAMP.PRG	00BFE9	39
TWN_CAMP.PRG	00C010	11
TWN_CAMP.PRG	00C01B	28
TWN_CAMP.PRG	00C042	27
TWN_CAMP.PRG	00C05D	33
TWN_CAMP.PRG	00C07E	25
TWN_CAMP.PRG	00C097	19
TWN_CAMP.PRG	00C0AA	15
TWN_CAMP.PRG	00C0BD	9
TWN_CAMP.PRG	00C0D0	13
TWN_CAMP.PRG	00C0E3	11
TWN_CAMP.PRG	00C0F6	9
TWN_CAMP.PRG	00C109	13
TWN_CAMP.PRG	00C11C	13
TWN_CAMP.PRG	00C12F	11
TWN_CAMP.PRG	00C13A	19
TWN_CAMP.PRG	00C14D	13
TWN_CAMP.PRG	00C15A	6
TWN_CAMP.PRG	00C160	19
TWN_CAMP.PRG	00C179	13
TWN_CAMP.PRG	00C192	15
TWN_CAMP.PRG	00C1AB	9
TWN_CAMP.PRG	00C1C4	13
TWN_CAMP.PRG	00C1DD	11
TWN_CAMP.PRG	00C1F6	9
TWN_CAMP.PRG	00C20F	13
TWN_CAMP.PRG	00C228	13
TWN_CAMP.PRG	00C241	11
TWN_CAMP.PRG	00C257	29
TWN_CAMP.PRG	00C274	37
TWN_CAMP.PRG	00C299	19
TWN_CAMP.PRG	00C2AC	15
TWN_CAMP.PRG	00C2BF	9
TWN_CAMP.PRG	00C2D2	13
TWN_CAMP.PRG	00C2E5	11
TWN_CAMP.PRG	00C2F8	9
TWN_CAMP.PRG	00C30B	13
TWN_CAMP.PRG	00C31E	13
TWN_CAMP.PRG	00C331	11
TWN_CAMP.PRG	00C33C	19
TWN_CAMP.PRG	00C34F	13
TWN_CAMP.PRG	00C35C	6
TWN_CAMP.PRG	00C362	19
TWN_CAMP.PRG	00C387	13
TWN_CAMP.PRG	00C3AC	15
TWN_CAMP.PRG	00C3D1	9
TWN_CAMP.PRG	00C3F6	13
TWN_CAMP.PRG	00C41B	11
TWN_CAMP.PRG	00C440	9
TWN_CAMP.PRG	00C465	13
TWN_CAMP.PRG	00C48A	13
TWN_CAMP.PRG	00C4AF	11
TWN_CAMP.PRG	00C4BA	19
TWN_CAMP.PRG	00C4CD	15
TWN_CAMP.PRG	00C4E0	9
TWN_CAMP.PRG	00C4F3	13
TWN_CAMP.PRG	00C506	11
TWN_CAMP.PRG	00C519	9
TWN_CAMP.PRG	00C52C	13
TWN_CAMP.PRG	00C53F	13
TWN_CAMP.PRG	00C552	11
TWN_CAMP.PRG	00C55D	19
TWN_CAMP.PRG	00C570	13
TWN_CAMP.PRG	00C57D	6
TWN_CAMP.PRG	00C583	19
TWN_CAMP.PRG	00C5A8	13
TWN_CAMP.PRG	00C5CD	15
TWN_CAMP.PRG	00C5F2	9
TWN_CAMP.PRG	00C617	13
TWN_CAMP.PRG	00C63C	11
TWN_CAMP.PRG	00C661	9
TWN_CAMP.PRG	00C686	13
TWN_CAMP.PRG	00C6AB	13
TWN_CAMP.PRG	00C6D0	11
TWN_CAMP.PRG	00C6DB	21
TWN_CAMP.PRG	00C6FD	15
TWN_CAMP.PRG	00C719	37
TWN_CAMP.PRG	00C74B	37
TWN_CAMP.PRG	00C770	37
TWN_CAMP.PRG	00C7A2	19
TWN_CAMP.PRG	00C7B5	35
TWN_CAMP.PRG	00C7D8	2
TWN_CAMP.PRG	00C7DA	33
TWN_CAMP.PRG	00C808	25
TWN_CAMP.PRG	00C82E	21
TWN_CAMP.PRG	00C850	19
TWN_CAMP.PRG	00C863	39
TWN_CAMP.PRG	00C88A	23
TWN_CAMP.PRG	00C8AE	31
TWN_CAMP.PRG	00C8DA	31
TWN_CAMP.PRG	00C8F9	19
TWN_CAMP.PRG	00C90C	27
TWN_CAMP.PRG	00C934	13
TWN_CAMP.PRG	00C941	17
TWN_CAMP.PRG	00C95F	33
TWN_CAMP.PRG	00C980	29
TWN_CAMP.PRG	00C99D	4
TWN_CAMP.PRG	00C9A1	31
TWN_CAMP.PRG	00C9CD	27
TWN_CAMP.PRG	00C9E8	15
TWN_CAMP.PRG	00CA03	9
TWN_CAMP.PRG	00CA1E	11
TWN_CAMP.PRG	00CA29	15
TWN_CAMP.PRG	00CA38	12
TWN_CAMP.PRG	00CA44	9
TWN_CAMP.PRG	00CA4D	6
TWN_CAMP.PRG	00CA53	12
TWN_CAMP.PRG	00CA5F	11
TWN_CAMP.PRG	00CA77	39
TWN_CAMP.PRG	00CAAC	13
TWN_CAMP.PRG	00CAC6	23
TWN_CAMP.PRG	00CADD	27
TWN_CAMP.PRG	00CB05	39
TWN_CAMP.PRG	00CB2C	27
TWN_CAMP.PRG	00CB47	12
TWN_CAMP.PRG	00CB60	33
TWN_CAMP.PRG	00CB81	6
TWN_CAMP.PRG	00CB87	35
TWN_CAMP.PRG	00CBB7	37
TWN_CAMP.PRG	00CBDC	19
TWN_CAMP.PRG	00CBFC	31
TWN_CAMP.PRG	00CC1B	39
TWN_CAMP.PRG	00CC4F	29
TWN_CAMP.PRG	00CC6C	37
TWN_CAMP.PRG	00CC91	2
TWN_CAMP.PRG	00CCA0	27
TWN_CAMP.PRG	00CCBB	23
TWN_CAMP.PRG	00CCDF	37
TWN_CAMP.PRG	00CD04	2
TWN_CAMP.PRG	00CD06	35
TWN_CAMP.PRG	00CD29	29
TWN_CAMP.PRG	00CD46	27
TWN_CAMP.PRG	00CD6E	23
TWN_CAMP.PRG	00CD92	11
TWN_CAMP.PRG	00CD9D	27
TWN_CAMP.PRG	00CDC5	13
TWN_CAMP.PRG	00CDD2	25
TWN_CAMP.PRG	00CDEB	2
TWN_CAMP.PRG	00CDFA	13
TWN_CAMP.PRG	00CE14	27
TWN_CAMP.PRG	00CE2F	19
TWN_CAMP.PRG	00CE42	35
TWN_CAMP.PRG	00CE67	2
TWN_CAMP.PRG	00CE76	23
TWN_CAMP.PRG	00CE9A	15
TWN_CAMP.PRG	00CEA9	21
TWN_CAMP.PRG	00CEBE	29
TWN_CAMP.PRG	00CEE8	33
TWN_CAMP.PRG	00CF16	39
TWN_CAMP.PRG	00CF3D	23
TWN_CAMP.PRG	00CF54	16
TWN_CAMP.PRG	00CF71	33
TWN_CAMP.PRG	00CF9F	29
TWN_CAMP.PRG	00CFBC	4
TWN_CAMP.PRG	00CFC0	31
TWN_CAMP.PRG	00CFEC	23
TWN_CAMP.PRG	00D010	15
TWN_CAMP.PRG	00D01F	21
TWN_CAMP.PRG	00D034	29
TWN_CAMP.PRG	00D05E	27
TWN_CAMP.PRG	00D086	15
TWN_CAMP.PRG	00D095	37
TWN_CAMP.PRG	00D0C7	13
TWN_CAMP.PRG	00D0D4	35
TWN_CAMP.PRG	00D0F7	31
TWN_CAMP.PRG	00D123	7
TWN_CAMP.PRG	00D12A	27
TWN_CAMP.PRG	00D152	27
TWN_CAMP.PRG	00D17A	15
TWN_CAMP.PRG	00D189	37
TWN_CAMP.PRG	00D1BB	13
TWN_CAMP.PRG	00D1C8	35
TWN_CAMP.PRG	00D1EB	31
TWN_CAMP.PRG	00D217	7
TWN_CAMP.PRG	00D21E	27
TWN_CAMP.PRG	00D246	27
TWN_CAMP.PRG	00D26E	15
TWN_CAMP.PRG	00D27D	37
TWN_CAMP.PRG	00D2AF	13
TWN_CAMP.PRG	00D2BC	35
TWN_CAMP.PRG	00D2DF	31
TWN_CAMP.PRG	00D30B	7
TWN_CAMP.PRG	00D312	27
TWN_CAMP.PRG	00D33A	27
TWN_CAMP.PRG	00D355	23
TWN_CAMP.PRG	00D36C	4
TWN_CAMP.PRG	00D370	39
TWN_CAMP.PRG	00D3A4	29
TWN_CAMP.PRG	00D3CE	17
TWN_CAMP.PRG	00D3DF	12
TWN_CAMP.PRG	00D3EB	33
TWN_CAMP.PRG	00D40C	37
TWN_CAMP.PRG	00D43E	35
TWN_CAMP.PRG	00D461	2
TWN_CAMP.PRG	00D470	33
TWN_CAMP.PRG	00D491	39
TWN_CAMP.PRG	00D4B9	29
TWN_CAMP.PRG	00D4D6	39
TWN_CAMP.PRG	00D50A	33
TWN_CAMP.PRG	00D52B	6
TWN_CAMP.PRG	00D531	33
TWN_CAMP.PRG	00D55F	39
TWN_CAMP.PRG	00D586	19
TWN_CAMP.PRG	00D599	37
TWN_CAMP.PRG	00D5BE	29
TWN_CAMP.PRG	00D5E8	13
TWN_CAMP.PRG	00D602	39
TWN_CAMP.PRG	00D629	39
TWN_CAMP.PRG	00D65D	37
TWN_CAMP.PRG	00D682	27
TWN_CAMP.PRG	00D69D	10
TWN_CAMP.PRG	00D6B4	33
TWN_CAMP.PRG	00D6D5	4
TWN_CAMP.PRG	00D6D9	33
TWN_CAMP.PRG	00D6FA	4
TWN_CAMP.PRG	00D70B	27
TWN_CAMP.PRG	00D733	33
TWN_CAMP.PRG	00D754	39
TWN_CAMP.PRG	00D788	37
TWN_CAMP.PRG	00D7AD	27
TWN_CAMP.PRG	00D7C8	27
TWN_CAMP.PRG	00D7E3	10
TWN_CAMP.PRG	00D7FA	37
TWN_CAMP.PRG	00D81F	33
TWN_CAMP.PRG	00D84D	21
TWN_CAMP.PRG	00D86F	39
TWN_CAMP.PRG	00D896	35
TWN_CAMP.PRG	00D8B9	39
TWN_CAMP.PRG	00D8EE	23
TWN_CAMP.PRG	00D905	16
TWN_CAMP.PRG	00D916	29
TWN_CAMP.PRG	00D933	10
TWN_CAMP.PRG	00D94B	23
TWN_CAMP.PRG	00D962	39
TWN_CAMP.PRG	00D989	39
TWN_CAMP.PRG	00D9B0	31
TWN_CAMP.PRG	00D9CF	37
TWN_CAMP.PRG	00DA01	27
TWN_CAMP.PRG	00DA1C	35
TWN_CAMP.PRG	00DA4C	13
TWN_CAMP.PRG	00DA59	39
TWN_CAMP.PRG	00DA81	31
TWN_CAMP.PRG	00DAAD	13
TWN_CAMP.PRG	00DAC7	5
TWN_CAMP.PRG	00DACC	39
TWN_CAMP.PRG	00DAF3	35
TWN_CAMP.PRG	00DB16	39
TWN_CAMP.PRG	00DB4B	39
TWN_CAMP.PRG	00DB73	11
TWN_CAMP.PRG	00DB8B	11
TWN_CAMP.PRG	00DB96	39
TWN_CAMP.PRG	00DBBE	37
TWN_CAMP.PRG	00DBE3	13
TWN_CAMP.PRG	00DBF0	27
TWN_CAMP.PRG	00DC0B	39
TWN_CAMP.PRG	00DC33	35
TWN_CAMP.PRG	00DC63	39
TWN_CAMP.PRG	00DC8A	21
TWN_CAMP.PRG	00DCAC	39
TWN_CAMP.PRG	00DCD4	29
TWN_CAMP.PRG	00DCF1	10
TWN_CAMP.PRG	00DD09	35
TWN_CAMP.PRG	00DD2C	35
TWN_CAMP.PRG	00DD4F	4
TWN_CAMP.PRG	00DD54	29
TWN_CAMP.PRG	00DD7E	27
TWN_CAMP.PRG	00DDA6	31
TWN_CAMP.PRG	00DDC5	35
TWN_CAMP.PRG	00DDE8	39
TWN_CAMP.PRG	00DE1C	35
TWN_CAMP.PRG	00DE3F	37
TWN_CAMP.PRG	00DE64	37
TWN_CAMP.PRG	00DE96	33
TWN_CAMP.PRG	00DEB7	4
TWN_CAMP.PRG	00DEBB	33
TWN_CAMP.PRG	00DEDC	21
TWN_CAMP.PRG	00DEF1	31
TWN_CAMP.PRG	00DF1D	29
TWN_CAMP.PRG	00DF47	31
TWN_CAMP.PRG	00DF66	35
TWN_CAMP.PRG	00DF96	27
TWN_CAMP.PRG	00DFB1	33
TWN_CAMP.PRG	00DFDF	31
TWN_CAMP.PRG	00E00B	37
TWN_CAMP.PRG	00E03F	27
TWN_CAMP.PRG	00E05A	33
TWN_CAMP.PRG	00E088	19
TWN_CAMP.PRG	00E09B	33
TWN_CAMP.PRG	00E0BC	4
TWN_CAMP.PRG	00E0C2	35
TWN_CAMP.PRG	00E0E5	31
TWN_CAMP.PRG	00E111	7
TWN_CAMP.PRG	00E125	29
TWN_CAMP.PRG	00E142	35
TWN_CAMP.PRG	00E165	31
TWN_CAMP.PRG	00E184	4
TWN_CAMP.PRG	00E188	25
TWN_CAMP.PRG	00E1AE	33
TWN_CAMP.PRG	00E1CF	37
TWN_CAMP.PRG	00E1F4	11
TWN_CAMP.PRG	00E1FF	26
TWN_CAMP.PRG	00E226	15
TWN_CAMP.PRG	00E235	35
TWN_CAMP.PRG	00E265	13
TWN_CAMP.PRG	00E27F	23
TWN_CAMP.PRG	00E296	39
TWN_CAMP.PRG	00E2CA	19
TWN_CAMP.PRG	00E2EA	23
TWN_CAMP.PRG	00E301	33
TWN_CAMP.PRG	00E32F	31
TWN_CAMP.PRG	00E34E	35
TWN_CAMP.PRG	00E37E	9
TWN_CAMP.PRG	00E387	31
TWN_CAMP.PRG	00E3A6	4
TWN_CAMP.PRG	00E3AA	39
TWN_CAMP.PRG	00E3D1	33
TWN_CAMP.PRG	00E3FF	13
TWN_CAMP.PRG	00E40C	39
TWN_CAMP.PRG	00E440	27
TWN_CAMP.PRG	00E45B	33
TWN_CAMP.PRG	00E489	33
TWN_CAMP.PRG	00E4AA	35
TWN_CAMP.PRG	00E4CD	39
TWN_CAMP.PRG	00E4F5	23
TWN_CAMP.PRG	00E519	11
TWN_CAMP.PRG	00E524	39
TWN_CAMP.PRG	00E54B	35
TWN_CAMP.PRG	00E56E	4
TWN_CAMP.PRG	00E57F	7
TWN_CAMP.PRG	00E586	31
TWN_CAMP.PRG	00E5B2	17
TWN_CAMP.PRG	00E5C3	17
TWN_CAMP.PRG	00E5E1	13
TWN_CAMP.PRG	00E5EE	37
TWN_CAMP.PRG	00E620	37
TWN_CAMP.PRG	00E652	39
TWN_CAMP.PRG	00E679	39
TWN_CAMP.PRG	00E6AE	17
TWN_CAMP.PRG	00E6CC	35
TWN_CAMP.PRG	00E6EF	31
TWN_CAMP.PRG	00E70E	4
TWN_CAMP.PRG	00E712	37
TWN_CAMP.PRG	00E737	25
TWN_CAMP.PRG	00E75D	15
TWN_CAMP.PRG	00E76C	33
TWN_CAMP.PRG	00E79A	37
TWN_CAMP.PRG	00E7C2	37
TWN_CAMP.PRG	00E7F4	29
TWN_CAMP.PRG	00E81E	29
TWN_CAMP.PRG	00E83B	39
TWN_CAMP.PRG	00E863	35
TWN_CAMP.PRG	00E893	31
TWN_CAMP.PRG	00E8B2	39
TWN_CAMP.PRG	00E8DA	35
TWN_CAMP.PRG	00E8FD	15
TWN_CAMP.PRG	00E90C	33
TWN_CAMP.PRG	00E92D	39
TWN_CAMP.PRG	00E961	35
TWN_CAMP.PRG	00E984	35
TWN_CAMP.PRG	00E9B4	31
TWN_CAMP.PRG	00E9D3	31
TWN_CAMP.PRG	00E9FF	31
TWN_CAMP.PRG	00EA1E	39
TWN_CAMP.PRG	00EA46	35
TWN_CAMP.PRG	00EA76	31
TWN_CAMP.PRG	00EA95	31
TWN_CAMP.PRG	00EAC1	31
TWN_CAMP.PRG	00EAE0	39
TWN_CAMP.PRG	00EB08	35
TWN_CAMP.PRG	00EB2B	27
TWN_CAMP.PRG	00EB46	35
TWN_CAMP.PRG	00EB69	37
TWN_CAMP.PRG	00EB8E	29
TWN_CAMP.PRG	00EBAB	29
TWN_CAMP.PRG	00EBC8	33
TWN_CAMP.PRG	00EBE9	27
TWN_CAMP.PRG	00EC04	29
TWN_CAMP.PRG	00EC21	37
TWN_CAMP.PRG	00EC46	37
TWN_CAMP.PRG	00EC6B	39
TWN_CAMP.PRG	00EC92	29
TWN_CAMP.PRG	00ECAF	33
TWN_CAMP.PRG	00ECD0	25
TWN_CAMP.PRG	00ECF6	15
TWN_CAMP.PRG	00ED12	5
TWN_CAMP.PRG	00ED17	27
TWN_CAMP.PRG	00ED3F	29
TWN_CAMP.PRG	00ED69	23
TWN_CAMP.PRG	00ED80	15
TWN_CAMP.PRG	00ED9C	7
TWN_CAMP.PRG	00EDB0	21
TWN_CAMP.PRG	00EDC5	19
TWN_CAMP.PRG	00EDE4	17
TWN_CAMP.PRG	00EDF5	17
TWN_CAMP.PRG	00EE06	25
TWN_CAMP.PRG	00EE1F	7
TWN_CAMP.PRG	00EE38	15
TWN_CAMP.PRG	00EE51	15
TWN_CAMP.PRG	00EE6A	11
TWN_CAMP.PRG	00EE83	13
TWN_CAMP.PRG	00EE9C	11
TWN_CAMP.PRG	00EEA7	7
TWN_CAMP.PRG	00EEAE	4
TWN_CAMP.PRG	00EEB2	15
TWN_CAMP.PRG	00EEC1	10
TWN_CAMP.PRG	00EECB	15
TWN_CAMP.PRG	00EEDA	10
TWN_CAMP.PRG	00EEE4	11
TWN_CAMP.PRG	00EEFC	7
TWN_CAMP.PRG	00EF03	33
TWN_CAMP.PRG	00EF31	23
TWN_CAMP.PRG	00EF55	31
TWN_CAMP.PRG	00EF74	19
TWN_CAMP.PRG	00EF94	33
TWN_CAMP.PRG	00EFC2	25
TWN_CAMP.PRG	00EFDB	15
TWN_CAMP.PRG	00EFF7	19
TWN_CAMP.PRG	00F017	27
TWN_CAMP.PRG	00F032	13
TWN_CAMP.PRG	00F04C	37
TWN_CAMP.PRG	00F07E	31
TWN_CAMP.PRG	00F09D	29
TWN_CAMP.PRG	00F0BA	37
TWN_CAMP.PRG	00F0EC	31
TWN_CAMP.PRG	00F118	37
TWN_CAMP.PRG	00F14A	11
TWN_CAMP.PRG	00F155	27
TWN_CAMP.PRG	00F17D	25
TWN_CAMP.PRG	00F196	27
TWN_CAMP.PRG	00F1B1	10
TWN_CAMP.PRG	00F1BB	37
TWN_CAMP.PRG	00F1E0	2
TWN_CAMP.PRG	00F1E2	35
TWN_CAMP.PRG	00F212	33
TWN_CAMP.PRG	00F233	29
TWN_CAMP.PRG	00F25D	27
TWN_CAMP.PRG	00F278	15
TWN_CAMP.PRG	00F287	12
TWN_CAMP.PRG	00F2A0	7
TWN_CAMP.PRG	00F2B4	29
TWN_CAMP.PRG	00F2D1	35
TWN_CAMP.PRG	00F301	23
TWN_CAMP.PRG	00F318	35
TWN_CAMP.PRG	00F348	9
TWN_CAMP.PRG	00F35E	5
TWN_CAMP.PRG	00F363	27
TWN_CAMP.PRG	00F37E	29
TWN_CAMP.PRG	00F3A8	9
TWN_CAMP.PRG	00F3B1	33
TWN_CAMP.PRG	00F3D2	7
TWN_CAMP.PRG	00F3E6	5
TWN_CAMP.PRG	00F3EB	23
TWN_CAMP.PRG	00F40F	7
TWN_CAMP.PRG	00F416	33
TWN_CAMP.PRG	00F437	31
TWN_CAMP.PRG	00F463	9
TWN_CAMP.PRG	00F46C	35
TWN_CAMP.PRG	00F49C	31
TWN_CAMP.PRG	00F4BB	19
TWN_CAMP.PRG	00F4DB	25
TWN_CAMP.PRG	00F501	17
TWN_CAMP.PRG	00F51F	19
TWN_CAMP.PRG	00F53F	27
TWN_CAMP.PRG	00F55A	21
TWN_CAMP.PRG	00F57C	7
TWN_CAMP.PRG	00F583	39
TWN_CAMP.PRG	00F5AA	27
TWN_CAMP.PRG	00F5D2	39
TWN_CAMP.PRG	00F5F9	29
TWN_CAMP.PRG	00F616	37
TWN_CAMP.PRG	00F648	15
TWN_CAMP.PRG	00F657	19
TWN_CAMP.PRG	00F677	27
TWN_CAMP.PRG	00F692	29
TWN_CAMP.PRG	00F6AF	25
TWN_CAMP.PRG	00F6C8	37
TWN_CAMP.PRG	00F6FA	35
TWN_CAMP.PRG	00F71D	35
TWN_CAMP.PRG	00F740	21
TWN_CAMP.PRG	00F755	29
TWN_CAMP.PRG	00F77F	35
TWN_CAMP.PRG	00F7A2	35
TWN_CAMP.PRG	00F7D2	21
TWN_CAMP.PRG	00F7E7	21
TWN_CAMP.PRG	00F809	25
TWN_CAMP.PRG	00F82F	37
TWN_CAMP.PRG	00F861	9
TWN_CAMP.PRG	00F86A	25
TWN_CAMP.PRG	00F883	7
TWN_CAMP.PRG	00F897	11
TWN_CAMP.PRG	00F8AF	29
TWN_CAMP.PRG	00F8D9	19
TWN_CAMP.PRG	00F8F9	39
TWN_CAMP.PRG	00F920	25
TWN_CAMP.PRG	00F939	11
TWN_CAMP.PRG	00F951	35
TWN_CAMP.PRG	00F981	31
TWN_CAMP.PRG	00F9A0	33
TWN_CAMP.PRG	00F9CE	35
TWN_CAMP.PRG	00F9FE	31
TWN_CAMP.PRG	00FA1D	33
TWN_CAMP.PRG	00FA4B	21
TWN_CAMP.PRG	00FA60	21
TWN_CAMP.PRG	00FA82	25
TWN_CAMP.PRG	00FAA8	37
TWN_CAMP.PRG	00FADA	9
TWN_CAMP.PRG	00FAE3	25
TWN_CAMP.PRG	00FAFC	7
TWN_CAMP.PRG	00FB10	11
TWN_CAMP.PRG	00FB28	29
TWN_CAMP.PRG	00FB52	19
TWN_CAMP.PRG	00FB72	39
TWN_CAMP.PRG	00FB99	25
TWN_CAMP.PRG	00FBB2	11
TWN_CAMP.PRG	00FBCA	35
TWN_CAMP.PRG	00FBFA	31
TWN_CAMP.PRG	00FC19	33
TWN_CAMP.PRG	00FC47	35
TWN_CAMP.PRG	00FC77	31
TWN_CAMP.PRG	00FC96	33
TWN_CAMP.PRG	00FCB7	29
TWN_CAMP.PRG	00FCD4	21
TWN_CAMP.PRG	00FCE9	15
TWN_CAMP.PRG	00FCF8	7
TWN_CAMP.PRG	00FCFF	15
TWN_CAMP.PRG	00FD0E	11
TWN_CAMP.PRG	00FD19	7
TWN_CAMP.PRG	00FD20	15
TWN_CAMP.PRG	00FD2F	11
TWN_CAMP.PRG	00FD3A	7
TWN_CAMP.PRG	00FD41	15
TWN_CAMP.PRG	00FD50	19
TWN_CAMP.PRG	00FD63	7
TWN_CAMP.PRG	00FD6A	15
TWN_CAMP.PRG	00FD79	19
TWN_CAMP.PRG	00FD8C	11
TWN_CAMP.PRG	00FD97	7
TWN_CAMP.PRG	00FD9E	15
TWN_CAMP.PRG	00FDAD	19
TWN_CAMP.PRG	00FDC0	11
TWN_CAMP.PRG	00FDCB	7
TWN_CAMP.PRG	00FDD2	37
TWN_CAMP.PRG	00FDF7	33
TWN_CAMP.PRG	00FE18	27
TWN_CAMP.PRG	00FE33	29
TWN_CAMP.PRG	00FE50	17
TWN_CAMP.PRG	00FE61	23
TWN_CAMP.PRG	00FE78	21
TWN_CAMP.PRG	00FE8D	11
TWN_CAMP.PRG	00FE98	21
TWN_CAMP.PRG	00FEAD	37
TWN_CAMP.PRG	00FED2	39
TWN_CAMP.PRG	00FEF9	27
TWN_CAMP.PRG	00FF14	21
TWN_CAMP.PRG	00FF29	39
TWN_CAMP.PRG	00FF50	33
TWN_CAMP.PRG	00FF71	27
TWN_CAMP.PRG	00FF8C	23
TWN_CAMP.PRG	00FFA3	39
TWN_CAMP.PRG	00FFCA	29
TWN_CAMP.PRG	00FFE7	39
TWN_CAMP.PRG	01000E	15
TWN_CAMP.PRG	01001D	29
TWN_CAMP.PRG	01003A	33
TWN_CAMP.PRG	01005B	25
TWN_CAMP.PRG	010074	33
TWN_CAMP.PRG	010095	27
TWN_CAMP.PRG	0100B0	33
TWN_CAMP.PRG	0100D1	31
TWN_CAMP.PRG	0100F0	31
TWN_CAMP.PRG	01010F	13
TWN_CAMP.PRG	01011C	15
TWN_CAMP.PRG	01012B	7
TWN_CAMP.PRG	010132	23
TWN_CAMP.PRG	010149	31
TWN_CAMP.PRG	010168	9
TWN_CAMP.PRG	010171	23
TWN_CAMP.PRG	010188	25
TWN_CAMP.PRG	0101A1	35
TWN_CAMP.PRG	0101C4	23
TWN_CAMP.PRG	0101DB	21
TWN_CAMP.PRG	0101F0	21
TWN_CAMP.PRG	010205	33
TWN_CAMP.PRG	010226	9
TWN_CAMP.PRG	01022F	9
TWN_CAMP.PRG	010238	13
TWN_CAMP.PRG	010245	33
TWN_CAMP.PRG	010266	29
TWN_CAMP.PRG	010283	33
TWN_CAMP.PRG	0102A4	11
TWN_CAMP.PRG	0102AF	15
TWN_CAMP.PRG	0102BE	9
TWN_CAMP.PRG	0102C7	21
TWN_CAMP.PRG	0102DC	39
TWN_CAMP.PRG	010303	33
TWN_CAMP.PRG	010324	15
TWN_CAMP.PRG	010333	9
TWN_CAMP.PRG	01033C	11
TWN_CAMP.PRG	010347	29
TWN_CAMP.PRG	010364	27
TWN_CAMP.PRG	01037F	11
TWN_CAMP.PRG	01038A	11
TWN_CAMP.PRG	010395	13
TWN_CAMP.PRG	0103A2	39
TWN_CAMP.PRG	0103C9	35
TWN_CAMP.PRG	0103EC	39
TWN_CAMP.PRG	010413	11
TWN_CAMP.PRG	01041E	9
TWN_CAMP.PRG	010427	11
TWN_CAMP.PRG	010432	31
TWN_CAMP.PRG	010451	21
TWN_CAMP.PRG	010466	35
TWN_CAMP.PRG	010489	35
TWN_CAMP.PRG	0125A6	26
TWN_CAMP.PRG	0125C0	23
TWN_CAMP.PRG	0125D7	23
TWN_CAMP.PRG	0125EE	23
TWN_CAMP.PRG	012605	23
TWN_CAMP.PRG	01261C	23
TWN_CAMP.PRG	012633	23
TWN_CAMP.PRG	01264A	23
TWN_CAMP.PRG	012661	23
TWN_CAMP.PRG	012678	23
TWN_CAMP.PRG	01268F	23
TWN_CAMP.PRG	0126A6	23
TWN_CAMP.PRG	0126BD	23
TWN_CAMP.PRG	0126D4	23
TWN_CAMP.PRG	0126EB	23
TWN_CAMP.PRG	012702	23
TWN_CAMP.PRG	012719	23
TWN_CAMP.PRG	012730	23
TWN_CAMP.PRG	012747	23
TWN_CAMP.PRG	01275E	23
TWN_CAMP.PRG	012775	23
TWN_CAMP.PRG	01278C	23
TWN_CAMP.PRG	0127A3	23
TWN_CAMP.PRG	0127BA	23
TWN_CAMP.PRG	0127D1	23
TWN_CAMP.PRG	0127E8	23
TWN_CAMP.PRG	0127FF	23
TWN_CAMP.PRG	012816	23
TWN_CAMP.PRG	01282D	23
TWN_CAMP.PRG	012844	23
TWN_CAMP.PRG	01285B	23
TWN_CAMP.PRG	012872	23
TWN_CAMP.PRG	012889	23
TWN_CAMP.PRG	0128A0	23
TWN_CAMP.PRG	0128B7	23
TWN_CAMP.PRG	0128CE	23
TWN_CAMP.PRG	0128E5	23
TWN_CAMP.PRG	0128FC	23
TWN_CAMP.PRG	012913	23
TWN_CAMP.PRG	01292A	23
TWN_CAMP.PRG	012941	23
TWN_CAMP.PRG	012958	23
TWN_CAMP.PRG	01296F	23
TWN_CAMP.PRG	012986	23
TWN_CAMP.PRG	01299D	23
TWN_CAMP.PRG	0129B4	23
TWN_CAMP.PRG	0129CB	23
TWN_CAMP.PRG	0129E2	23
TWN_CAMP.PRG	0129F9	23
TWN_CAMP.PRG	012A10	23
TWN_CAMP.PRG	012A27	23
TWN_CAMP.PRG	012A3E	23
TWN_CAMP.PRG	012A55	23
TWN_CAMP.PRG	012A6C	23
TWN_CAMP.PRG	012A83	23
TWN_CAMP.PRG	012A9A	23
TWN_CAMP.PRG	012AB1	23
TWN_CAMP.PRG	012AC8	23
TWN_CAMP.PRG	012ADF	23
TWN_CAMP.PRG	012AF6	23
TWN_CAMP.PRG	012B0D	23
TWN_CAMP.PRG	012B24	23
TWN_CAMP.PRG	012B3B	23
TWN_CAMP.PRG	012B52	23
TWN_CAMP.PRG	012B69	23
TWN_CAMP.PRG	012B80	23
TWN_CAMP.PRG	012B97	23
TWN_CAMP.PRG	012BAE	23
TWN_CAMP.PRG	012BC5	23
TWN_CAMP.PRG	012BDC	23
TWN_CAMP.PRG	012BF3	23
TWN_CAMP.PRG	012C0A	23
TWN_CAMP.PRG	012C21	23
TWN_CAMP.PRG	012C38	23
TWN_CAMP.PRG	012C4F	23
TWN_CAMP.PRG	012C66	23
TWN_CAMP.PRG	012C7D	23
TWN_CAMP.PRG	012C94	23
TWN_CAMP.PRG	012CAB	23
TWN_CAMP.PRG	012CC2	23
TWN_CAMP.PRG	012CD9	23
TWN_CAMP.PRG	012CF0	23
TWN_CAMP.PRG	012D07	23
TWN_CAMP.PRG	012D1E	23
TWN_CAMP.PRG	012D35	23
TWN_CAMP.PRG	012D4C	23
TWN_CAMP.PRG	012D63	23
TWN_CAMP.PRG	012D7A	23
TWN_CAMP.PRG	012D91	23
TWN_CAMP.PRG	012DA8	23
TWN_CAMP.PRG	012DBF	23
TWN_CAMP.PRG	012DD6	23
TWN_CAMP.PRG	012DED	23
TWN_CAMP.PRG	012E04	23
TWN_CAMP.PRG	012E1B	23
TWN_CAMP.PRG	012E32	23
TWN_CAMP.PRG	012E49	23
TWN_CAMP.PRG	012E60	23
TWN_CAMP.PRG	012E77	23
TWN_CAMP.PRG	012E8E	23
TWN_CAMP.PRG	012EA5	23
TWN_CAMP.PRG	012EBC	23
TWN_CAMP.PRG	012ED3	23
TWN_CAMP.PRG	012EEA	23
TWN_CAMP.PRG	012F01	23
TWN_CAMP.PRG	012F18	23
TWN_CAMP.PRG	012F2F	23
TWN_CAMP.PRG	012F46	23
TWN_CAMP.PRG	012F5D	23
TWN_CAMP.PRG	012F74	23
TWN_CAMP.PRG	012F8B	23
TWN_CAMP.PRG	012FA2	23
TWN_CAMP.PRG	012FB9	23
TWN_CAMP.PRG	012FD0	23
TWN_CAMP.PRG	012FE7	23
TWN_CAMP.PRG	012FFE	23
TWN_CAMP.PRG	013015	23
TWN_CAMP.PRG	01302C	24
TWN_CAMP.PRG	013044	3
TWN_CAMP.PRG	013047	26
TWN_CAMP.PRG	013061	3
TWN_CAMP.PRG	013064	26
TWN_CAMP.PRG	01307E	3
TWN_CAMP.PRG	013081	26
TWN_CAMP.PRG	01309B	3
TWN_CAMP.PRG	01309E	26
TWN_CAMP.PRG	0130B8	3
TWN_CAMP.PRG	0130BB	26
TWN_CAMP.PRG	0130D5	3
TWN_CAMP.PRG	0130D8	26
TWN_CAMP.PRG	0130F2	3
TWN_CAMP.PRG	0130F5	26
TWN_CAMP.PRG	01310F	3
TWN_CAMP.PRG	013112	26
TWN_CAMP.PRG	01312C	3
TWN_CAMP.PRG	01312F	24
TWN_CAMP.PRG	013147	3
TWN_CAMP.PRG	01314A	26
TWN_CAMP.PRG	013164	3
TWN_CAMP.PRG	013167	26
TWN_CAMP.PRG	013181	3
TWN_CAMP.PRG	013184	26
TWN_CAMP.PRG	01319E	3
TWN_CAMP.PRG	0131A1	26
TWN_CAMP.PRG	0131BB	3
TWN_CAMP.PRG	0131BE	26
TWN_CAMP.PRG	0131D8	3
TWN_CAMP.PRG	0131DB	26
TWN_CAMP.PRG	0131F5	3
TWN_CAMP.PRG	0131F8	26
TWN_CAMP.PRG	013212	3
TWN_CAMP.PRG	013215	26
TWN_CAMP.PRG	01322F	3
TWN_CAMP.PRG	013232	24
TWN_CAMP.PRG	01324A	3
TWN_CAMP.PRG	01324D	24
TWN_CAMP.PRG	013265	3
TWN_CAMP.PRG	013268	26
TWN_CAMP.PRG	013282	3
TWN_CAMP.PRG	013285	26
TWN_CAMP.PRG	01329F	3
TWN_CAMP.PRG	0132A2	26
TWN_CAMP.PRG	0132BC	3
TWN_CAMP.PRG	0132BF	26
TWN_CAMP.PRG	0132D9	3
TWN_CAMP.PRG	0132DC	26
TWN_CAMP.PRG	0132F6	3
TWN_CAMP.PRG	0132F9	26
TWN_CAMP.PRG	013313	3
TWN_CAMP.PRG	013316	26
TWN_CAMP.PRG	013330	3
TWN_CAMP.PRG	013333	26
TWN_CAMP.PRG	01334D	3
TWN_CAMP.PRG	013350	24
TWN_CAMP.PRG	013368	3
TWN_CAMP.PRG	01336B	26
TWN_CAMP.PRG	013385	3
TWN_CAMP.PRG	013388	26
TWN_CAMP.PRG	0133A2	3
TWN_CAMP.PRG	0133A5	26
TWN_CAMP.PRG	0133BF	3
TWN_CAMP.PRG	0133C2	26
TWN_CAMP.PRG	0133DC	3
TWN_CAMP.PRG	0133DF	26
TWN_CAMP.PRG	0133F9	3
TWN_CAMP.PRG	0133FC	26
TWN_CAMP.PRG	013416	3
TWN_CAMP.PRG	013419	26
TWN_CAMP.PRG	013433	3
TWN_CAMP.PRG	013436	26
TWN_CAMP.PRG	013450	3
TWN_CAMP.PRG	013453	24
TWN_CAMP.PRG	01346B	3
TWN_CAMP.PRG	01346E	24
TWN_CAMP.PRG	013486	3
TWN_CAMP.PRG	013489	26
TWN_CAMP.PRG	0134A3	3
TWN_CAMP.PRG	0134A6	26
TWN_CAMP.PRG	0134C0	3
TWN_CAMP.PRG	0134C3	26
TWN_CAMP.PRG	0134DD	3
TWN_CAMP.PRG	0134E0	26
TWN_CAMP.PRG	0134FA	3
TWN_CAMP.PRG	0134FD	26
TWN_CAMP.PRG	013517	3
TWN_CAMP.PRG	01351A	26
TWN_CAMP.PRG	013534	3
TWN_CAMP.PRG	013537	26
TWN_CAMP.PRG	013551	3
TWN_CAMP.PRG	013554	26
TWN_CAMP.PRG	01356E	3
TWN_CAMP.PRG	013571	24
TWN_CAMP.PRG	013589	3
TWN_CAMP.PRG	01358C	26
TWN_CAMP.PRG	0135A6	3
TWN_CAMP.PRG	0135A9	26
TWN_CAMP.PRG	0135C3	3
TWN_CAMP.PRG	0135C6	26
TWN_CAMP.PRG	0135E0	3
TWN_CAMP.PRG	0135E3	26
TWN_CAMP.PRG	0135FD	3
TWN_CAMP.PRG	013600	26
TWN_CAMP.PRG	01361A	3
TWN_CAMP.PRG	01361D	26
TWN_CAMP.PRG	013637	3
TWN_CAMP.PRG	01363A	26
TWN_CAMP.PRG	013654	3
TWN_CAMP.PRG	013657	26
TWN_CAMP.PRG	013671	3
TWN_CAMP.PRG	013674	24
TWN_CAMP.PRG	01368C	3
TWN_CAMP.PRG	01368F	24
TWN_CAMP.PRG	0136A7	3
TWN_CAMP.PRG	0136AA	26
TWN_CAMP.PRG	0136C4	3
TWN_CAMP.PRG	0136C7	26
TWN_CAMP.PRG	0136E1	3
TWN_CAMP.PRG	0136E4	26
TWN_CAMP.PRG	0136FE	3
TWN_CAMP.PRG	013701	26
TWN_CAMP.PRG	01371B	3
TWN_CAMP.PRG	01371E	26
TWN_CAMP.PRG	013738	3
TWN_CAMP.PRG	01373B	26
TWN_CAMP.PRG	013755	3
TWN_CAMP.PRG	013758	26
TWN_CAMP.PRG	013772	3
TWN_CAMP.PRG	013775	26
TWN_CAMP.PRG	01378F	3
TWN_CAMP.PRG	013792	24
TWN_CAMP.PRG	0137AA	3
TWN_CAMP.PRG	0137AD	26
TWN_CAMP.PRG	0137C7	3
TWN_CAMP.PRG	0137CA	26
TWN_CAMP.PRG	0137E4	3
TWN_CAMP.PRG	0137E7	26
TWN_CAMP.PRG	013801	3
TWN_CAMP.PRG	013804	26
TWN_CAMP.PRG	01381E	3
TWN_CAMP.PRG	013821	26
TWN_CAMP.PRG	01383B	3
TWN_CAMP.PRG	01383E	26
TWN_CAMP.PRG	013858	3
TWN_CAMP.PRG	01385B	26
TWN_CAMP.PRG	013875	3
TWN_CAMP.PRG	013878	26
TWN_CAMP.PRG	013892	3
TWN_CAMP.PRG	013895	24
TWN_CAMP.PRG	0138AD	3
TWN_CAMP.PRG	0138B0	23
TWN_CAMP.PRG	0138C7	23
TWN_CAMP.PRG	0138DE	23
TWN_CAMP.PRG	0138F5	23
TWN_CAMP.PRG	01390C	23
TWN_CAMP.PRG	013923	23
TWN_CAMP.PRG	01393A	23
TWN_CAMP.PRG	013951	23
TWN_CAMP.PRG	013968	23
TWN_CAMP.PRG	01397F	23
TWN_CAMP.PRG	013996	23
TWN_CAMP.PRG	0139AD	23
TWN_CAMP.PRG	0139C4	23
TWN_CAMP.PRG	0139DB	23
TWN_CAMP.PRG	0139F2	23
TWN_CAMP.PRG	013A09	23
TWN_CAMP.PRG	013A20	23
TWN_CAMP.PRG	013A37	23
TWN_CAMP.PRG	013A4E	23
TWN_CAMP.PRG	013A65	23
TWN_CAMP.PRG	013A7C	23
TWN_CAMP.PRG	013A93	23
TWN_CAMP.PRG	013AAA	23
TWN_CAMP.PRG	013AC1	23
TWN_CAMP.PRG	013AD8	23
TWN_CAMP.PRG	013AEF	23
TWN_CAMP.PRG	013B06	23
TWN_CAMP.PRG	013B1D	23
TWN_CAMP.PRG	013B34	23
TWN_CAMP.PRG	013B4B	23
TWN_CAMP.PRG	013B62	23
TWN_CAMP.PRG	013B79	23
TWN_CAMP.PRG	013B90	23
TWN_CAMP.PRG	013BA7	23
TWN_CAMP.PRG	013BBE	23
TWN_CAMP.PRG	013BD5	23
TWN_CAMP.PRG	013BEC	23
TWN_CAMP.PRG	013C03	23
TWN_CAMP.PRG	013C1A	23
TWN_CAMP.PRG	013C31	23
TWN_CAMP.PRG	013C48	23
TWN_CAMP.PRG	013C5F	23
TWN_CAMP.PRG	013C76	23
TWN_CAMP.PRG	013C8D	23
TWN_CAMP.PRG	013CA4	23
TWN_CAMP.PRG	013CBB	23
TWN_CAMP.PRG	013CD2	23
TWN_CAMP.PRG	013CE9	23
TWN_CAMP.PRG	013D00	23
TWN_CAMP.PRG	013D17	23
TWN_CAMP.PRG	013D2E	23
TWN_CAMP.PRG	013D45	23
TWN_CAMP.PRG	013D5C	23
TWN_CAMP.PRG	013D73	23
TWN_CAMP.PRG	013D8A	23
TWN_CAMP.PRG	013DA1	23
TWN_CAMP.PRG	013DB8	23
TWN_CAMP.PRG	013DCF	23
TWN_CAMP.PRG	013DE6	24
TWN_CAMP.PRG	013DFE	3
TWN_CAMP.PRG	013E01	24
TWN_CAMP.PRG	013E19	3
TWN_CAMP.PRG	013E1C	4
TWN_CAMP.PRG	013E20	20
TWN_CAMP.PRG	013E34	3
TWN_CAMP.PRG	013E37	24
TWN_CAMP.PRG	013E4F	3
TWN_CAMP.PRG	013E52	24
TWN_CAMP.PRG	013E6A	3
TWN_CAMP.PRG	013E6D	24
TWN_CAMP.PRG	013E85	3
TWN_CAMP.PRG	013E88	4
TWN_CAMP.PRG	013E8C	20
TWN_CAMP.PRG	013EA0	3
TWN_CAMP.PRG	013EA3	24
TWN_CAMP.PRG	013EBB	3
TWN_CAMP.PRG	013EBE	24
TWN_CAMP.PRG	013ED6	3
TWN_CAMP.PRG	013ED9	24
TWN_CAMP.PRG	013EF1	3
TWN_CAMP.PRG	013EF4	4
TWN_CAMP.PRG	013EF8	20
TWN_CAMP.PRG	013F0C	3
TWN_CAMP.PRG	013F0F	24
TWN_CAMP.PRG	013F27	3
TWN_CAMP.PRG	013F2A	24
TWN_CAMP.PRG	013F42	3
TWN_CAMP.PRG	013F45	24
TWN_CAMP.PRG	013F5D	3
TWN_CAMP.PRG	013F60	24
TWN_CAMP.PRG	013F78	3
TWN_CAMP.PRG	013F7B	4
TWN_CAMP.PRG	013F7F	20
TWN_CAMP.PRG	013F93	3
TWN_CAMP.PRG	013F96	24
TWN_CAMP.PRG	013FAE	3
TWN_CAMP.PRG	013FB1	24
TWN_CAMP.PRG	013FC9	3
TWN_CAMP.PRG	013FCC	24
TWN_CAMP.PRG	013FE4	3
TWN_CAMP.PRG	013FE7	4
TWN_CAMP.PRG	013FEB	20
TWN_CAMP.PRG	013FFF	3
TWN_CAMP.PRG	014002	24
TWN_CAMP.PRG	01401A	3
TWN_CAMP.PRG	01401D	24
TWN_CAMP.PRG	014035	3
TWN_CAMP.PRG	014038	24
TWN_CAMP.PRG	014050	3
TWN_CAMP.PRG	014053	4
TWN_CAMP.PRG	014057	20
TWN_CAMP.PRG	01406B	3
TWN_CAMP.PRG	01406E	24
TWN_CAMP.PRG	014086	3
TWN_CAMP.PRG	014089	24
TWN_CAMP.PRG	0140A1	3
TWN_CAMP.PRG	0140A4	24
TWN_CAMP.PRG	0140BC	3
TWN_CAMP.PRG	0140BF	26
TWN_CAMP.PRG	0140D9	3
TWN_CAMP.PRG	0140DC	26
TWN_CAMP.PRG	0140F6	3
TWN_CAMP.PRG	0140F9	26
TWN_CAMP.PRG	014113	3
TWN_CAMP.PRG	014116	26
TWN_CAMP.PRG	014130	3
TWN_CAMP.PRG	014133	26
TWN_CAMP.PRG	01414D	3
TWN_CAMP.PRG	014150	26
TWN_CAMP.PRG	01416A	3
TWN_CAMP.PRG	01416D	26
TWN_CAMP.PRG	014187	3
TWN_CAMP.PRG	01418A	26
TWN_CAMP.PRG	0141A4	3
TWN_CAMP.PRG	0141A7	24
TWN_CAMP.PRG	0141BF	3
TWN_CAMP.PRG	0141C2	26
TWN_CAMP.PRG	0141DC	3
TWN_CAMP.PRG	0141DF	26
TWN_CAMP.PRG	0141F9	3
TWN_CAMP.PRG	0141FC	26
TWN_CAMP.PRG	014216	3
TWN_CAMP.PRG	014219	26
TWN_CAMP.PRG	014233	3
TWN_CAMP.PRG	014236	26
TWN_CAMP.PRG	014250	3
TWN_CAMP.PRG	014253	26
TWN_CAMP.PRG	01426D	3
TWN_CAMP.PRG	014270	26
TWN_CAMP.PRG	01428A	3
TWN_CAMP.PRG	01428D	26
TWN_CAMP.PRG	0142A7	3
TWN_CAMP.PRG	0142AA	24
TWN_CAMP.PRG	0142C2	3
TWN_CAMP.PRG	0142C5	26
TWN_CAMP.PRG	0142DF	3
TWN_CAMP.PRG	0142E2	26
TWN_CAMP.PRG	0142FC	3
TWN_CAMP.PRG	0142FF	26
TWN_CAMP.PRG	014319	3
TWN_CAMP.PRG	01431C	26
TWN_CAMP.PRG	014336	3
TWN_CAMP.PRG	014339	26
TWN_CAMP.PRG	014353	3
TWN_CAMP.PRG	014356	26
TWN_CAMP.PRG	014370	3
TWN_CAMP.PRG	014373	26
TWN_CAMP.PRG	01438D	3
TWN_CAMP.PRG	014390	26
TWN_CAMP.PRG	0143AA	3
TWN_CAMP.PRG	0143AD	24
TWN_CAMP.PRG	0143C5	3
TWN_CAMP.PRG	0143C8	26
TWN_CAMP.PRG	0143E2	3
TWN_CAMP.PRG	0143E5	26
TWN_CAMP.PRG	0143FF	3
TWN_CAMP.PRG	014402	26
TWN_CAMP.PRG	01441C	3
TWN_CAMP.PRG	01441F	26
TWN_CAMP.PRG	014439	3
TWN_CAMP.PRG	01443C	26
TWN_CAMP.PRG	014456	3
TWN_CAMP.PRG	014459	26
TWN_CAMP.PRG	014473	3
TWN_CAMP.PRG	014476	26
TWN_CAMP.PRG	014490	3
TWN_CAMP.PRG	014493	26
TWN_CAMP.PRG	0144AD	3
TWN_CAMP.PRG	0144B0	24
TWN_CAMP.PRG	0144C8	3
TWN_CAMP.PRG	0144CB	24
TWN_CAMP.PRG	0144E3	3
TWN_CAMP.PRG	0144E6	26
TWN_CAMP.PRG	014500	3
TWN_CAMP.PRG	014503	26
TWN_CAMP.PRG	01451D	3
TWN_CAMP.PRG	014520	26
TWN_CAMP.PRG	01453A	3
TWN_CAMP.PRG	01453D	26
TWN_CAMP.PRG	014557	3
TWN_CAMP.PRG	01455A	26
TWN_CAMP.PRG	014574	3
TWN_CAMP.PRG	014577	26
TWN_CAMP.PRG	014591	3
TWN_CAMP.PRG	014594	26
TWN_CAMP.PRG	0145AE	3
TWN_CAMP.PRG	0145B1	26
TWN_CAMP.PRG	0145CB	3
TWN_CAMP.PRG	0145CE	24
TWN_CAMP.PRG	0145E6	3
TWN_CAMP.PRG	0145E9	26
TWN_CAMP.PRG	014603	3
TWN_CAMP.PRG	014606	26
TWN_CAMP.PRG	014620	3
TWN_CAMP.PRG	014623	26
TWN_CAMP.PRG	01463D	3
TWN_CAMP.PRG	014640	26
TWN_CAMP.PRG	01465A	3
TWN_CAMP.PRG	01465D	26
TWN_CAMP.PRG	014677	3
TWN_CAMP.PRG	01467A	26
TWN_CAMP.PRG	014694	3
TWN_CAMP.PRG	014697	26
TWN_CAMP.PRG	0146B1	3
TWN_CAMP.PRG	0146B4	26
TWN_CAMP.PRG	0146CE	3
TWN_CAMP.PRG	0146D1	24
TWN_CAMP.PRG	0146E9	3
TWN_CAMP.PRG	0146EC	26
TWN_CAMP.PRG	014706	3
TWN_CAMP.PRG	014709	26
TWN_CAMP.PRG	014723	3
TWN_CAMP.PRG	014726	26
TWN_CAMP.PRG	014740	3
TWN_CAMP.PRG	014743	26
TWN_CAMP.PRG	01475D	3
TWN_CAMP.PRG	014760	26
TWN_CAMP.PRG	01477A	3
TWN_CAMP.PRG	01477D	26
TWN_CAMP.PRG	014797	3
TWN_CAMP.PRG	01479A	26
TWN_CAMP.PRG	0147B4	3
TWN_CAMP.PRG	0147B7	26
TWN_CAMP.PRG	0147D1	3
TWN_CAMP.PRG	0147D4	24
TWN_CAMP.PRG	0147EC	3
TWN_CAMP.PRG	0147EF	26
TWN_CAMP.PRG	014809	3
TWN_CAMP.PRG	01480C	26
TWN_CAMP.PRG	014826	3
TWN_CAMP.PRG	014829	26
TWN_CAMP.PRG	014843	3
TWN_CAMP.PRG	014846	26
TWN_CAMP.PRG	014860	3
TWN_CAMP.PRG	014863	26
TWN_CAMP.PRG	01487D	3
TWN_CAMP.PRG	014880	26
TWN_CAMP.PRG	01489A	3
TWN_CAMP.PRG	01489D	26
TWN_CAMP.PRG	0148B7	3
TWN_CAMP.PRG	0148BA	26
TWN_CAMP.PRG	0148D4	3
TWN_CAMP.PRG	0148D7	24
TWN_CAMP.PRG	02531F	26
TWN_CAMP.PRG	02533B	26
TWN_CAMP.PRG	025357	26
TWN_CAMP.PRG	0294E4	75
TWN_CAMP.PRG	02952F	189
TWN_CAMP.PRG	0295EC	206
TWN_CAMP.PRG	0296BA	315
TWN_CAMP.PRG	0297F5	223
TWN_CAMP.PRG	0298D4	163
TWN_CAMP.PRG	029977	254
TWN_CAMP.PRG	029A75	231
TWN_CAMP.PRG	029B5C	307
TWN_CAMP.PRG	029C8F	159
TWN_CAMP.PRG	029D2E	297
TWN_CAMP.PRG	029E57	151
TWN_CAMP.PRG	029EEE	223
TWN_CAMP.PRG	029FCD	194
TWN_CAMP.PRG	02A08F	237
TWN_CAMP.PRG	02AA50	7
TWN_CAMP.PRG	02AA57	23
TWN_CAMP.PRG	02AA6E	23
TWN_CAMP.PRG	02AA85	31
TWN_CAMP.PRG	02AAA4	25
TWN_CAMP.PRG	02AABD	21
TWN_CARA.PRG	0038AB	15
TWN_CARA.PRG	0038BA	25
TWN_CARA.PRG	0038D3	31
TWN_CARA.PRG	0038F2	17
TWN_CARA.PRG	003903	11
TWN_CARA.PRG	00390E	7
TWN_CARA.PRG	003915	17
TWN_CARA.PRG	003926	11
TWN_CARA.PRG	003931	7
TWN_CARA.PRG	003938	17
TWN_CARA.PRG	003949	11
TWN_CARA.PRG	003954	7
TWN_CARA.PRG	00395B	17
TWN_CARA.PRG	00396C	11
TWN_CARA.PRG	003977	7
TWN_CARA.PRG	00397E	17
TWN_CARA.PRG	00398F	7
TWN_CARA.PRG	003996	9
TWN_CARA.PRG	00399F	7
TWN_CARA.PRG	0039A6	31
TWN_CARA.PRG	0039C5	9
TWN_CARA.PRG	0039CE	7
TWN_CARA.PRG	0039D5	31
TWN_CARA.PRG	0039F4	9
TWN_CARA.PRG	0039FD	7
TWN_CARA.PRG	003A04	21
TWN_CARA.PRG	003A19	29
TWN_CARA.PRG	003A36	21
TWN_CARA.PRG	003A4B	29
TWN_CARA.PRG	003A68	21
TWN_CARA.PRG	003A7D	29
TWN_CARA.PRG	003A9A	21
TWN_CARA.PRG	003AAF	33
TWN_CARA.PRG	003AD0	21
TWN_CARA.PRG	003AE5	33
TWN_CARA.PRG	003B06	21
TWN_CARA.PRG	003B1B	33
TWN_CARA.PRG	003B3C	21
TWN_CARA.PRG	003B51	33
TWN_CARA.PRG	003B72	21
TWN_CARA.PRG	003B87	33
TWN_CARA.PRG	003BA8	31
TWN_CARA.PRG	003BC7	29
TWN_CARA.PRG	003BE4	31
TWN_CARA.PRG	003C03	21
TWN_CARA.PRG	003C18	23
TWN_CARA.PRG	003C2F	21
TWN_CARA.PRG	003C44	23
TWN_CARA.PRG	003C5B	21
TWN_CARA.PRG	003C70	23
TWN_CARA.PRG	003C87	21
TWN_CARA.PRG	003C9C	23
TWN_CARA.PRG	003CB3	21
TWN_CARA.PRG	003CC8	33
TWN_CARA.PRG	003CE9	9
TWN_CARA.PRG	003CF2	7
TWN_CARA.PRG	003CF9	25
TWN_CARA.PRG	003D12	23
TWN_CARA.PRG	003D29	11
TWN_CARA.PRG	003D34	25
TWN_CARA.PRG	003D4D	31
TWN_CARA.PRG	003D6C	19
TWN_CARA.PRG	003D7F	39
TWN_CARA.PRG	003DA6	25
TWN_CARA.PRG	003DBF	35
TWN_CARA.PRG	003DE2	13
TWN_CARA.PRG	003DEF	39
TWN_CARA.PRG	003E16	39
TWN_CARA.PRG	003E3D	9
TWN_CARA.PRG	003E46	7
TWN_CARA.PRG	003E4D	29
TWN_CARA.PRG	003E6A	21
TWN_CARA.PRG	003E7F	35
TWN_CARA.PRG	003EA2	31
TWN_CARA.PRG	003EC1	37
TWN_CARA.PRG	003EE6	33
TWN_CARA.PRG	003F07	33
TWN_CARA.PRG	003F28	29
TWN_CARA.PRG	003F45	39
TWN_CARA.PRG	003F6C	35
TWN_CARA.PRG	003F8F	37
TWN_CARA.PRG	003FB4	31
TWN_CARA.PRG	003FD3	21
TWN_CARA.PRG	003FE8	35
TWN_CARA.PRG	00400B	9
TWN_CARA.PRG	004014	7
TWN_CARA.PRG	00401B	27
TWN_CARA.PRG	004036	27
TWN_CARA.PRG	004051	25
TWN_CARA.PRG	00406A	35
TWN_CARA.PRG	00408D	25
TWN_CARA.PRG	0040A6	35
TWN_CARA.PRG	0040C9	15
TWN_CARA.PRG	0040D8	39
TWN_CARA.PRG	0040FF	23
TWN_CARA.PRG	004116	21
TWN_CARA.PRG	00412B	19
TWN_CARA.PRG	00413E	21
TWN_CARA.PRG	004153	39
TWN_CARA.PRG	004187	19
TWN_CARA.PRG	00419A	27
TWN_CARA.PRG	0041B5	39
TWN_CARA.PRG	0041DD	25
TWN_CARA.PRG	0041F6	31
TWN_CARA.PRG	004215	27
TWN_CARA.PRG	004230	27
TWN_CARA.PRG	00424B	37
TWN_CARA.PRG	005CEF	7
TWN_CARA.PRG	005CFB	19
TWN_CARA.PRG	005D0E	37
TWN_CARA.PRG	005D34	37
TWN_CARA.PRG	005D59	39
TWN_CARA.PRG	005D80	31
TWN_CARA.PRG	005D9F	8
TWN_CARA.PRG	005DB4	39
TWN_CARA.PRG	005DDC	25
TWN_CARA.PRG	005DF5	37
TWN_CARA.PRG	005E27	33
TWN_CARA.PRG	005E48	4
TWN_CARA.PRG	005E4C	35
TWN_CARA.PRG	005E6F	29
TWN_CARA.PRG	005E99	35
TWN_CARA.PRG	005EBC	2
TWN_CARA.PRG	005EBE	31
TWN_CARA.PRG	005EDD	37
TWN_CARA.PRG	005F02	39
TWN_CARA.PRG	005F36	37
TWN_CARA.PRG	005F5B	2
TWN_CARA.PRG	005F5D	37
TWN_CARA.PRG	005F82	39
TWN_CARA.PRG	005FA9	31
TWN_CARA.PRG	005FC8	8
TWN_CARA.PRG	005FDD	39
TWN_CARA.PRG	006005	25
TWN_CARA.PRG	00601E	37
TWN_CARA.PRG	006050	33
TWN_CARA.PRG	006071	4
TWN_CARA.PRG	006075	35
TWN_CARA.PRG	006098	31
TWN_CARA.PRG	0060B7	39
TWN_CARA.PRG	0060EB	31
TWN_CARA.PRG	00610A	25
TWN_CARA.PRG	006123	15
TWN_CARA.PRG	006132	10
TWN_CARA.PRG	006149	23
TWN_CARA.PRG	00616D	23
TWN_CARA.PRG	006184	29
TWN_CARA.PRG	0061A1	31
TWN_CARA.PRG	0061C0	35
TWN_CARA.PRG	0061E3	39
TWN_CARA.PRG	00620A	35
TWN_CARA.PRG	00623A	23
TWN_CARA.PRG	006251	27
TWN_CARA.PRG	00626C	8
TWN_CARA.PRG	006274	31
TWN_CARA.PRG	006293	31
TWN_CARA.PRG	0062B2	4
TWN_CARA.PRG	0062B6	23
TWN_CARA.PRG	0062DA	23
TWN_CARA.PRG	0062F1	27
TWN_CARA.PRG	006310	4
TWN_CARA.PRG	006314	31
TWN_CARA.PRG	006333	31
TWN_CARA.PRG	006352	4
TWN_CARA.PRG	006356	31
TWN_CARA.PRG	006375	39
TWN_CARA.PRG	0063A9	25
TWN_CARA.PRG	0063C2	33
TWN_CARA.PRG	0063F0	39
TWN_CARA.PRG	006417	29
TWN_CARA.PRG	006434	29
TWN_CARA.PRG	006451	10
TWN_CARA.PRG	006468	31
TWN_CARA.PRG	006487	31
TWN_CARA.PRG	0064B3	31
TWN_CARA.PRG	0064D2	39
TWN_CARA.PRG	006506	31
TWN_CARA.PRG	006525	15
TWN_CARA.PRG	006534	33
TWN_CARA.PRG	006555	6
TWN_CARA.PRG	00655B	23
TWN_CARA.PRG	00657F	33
TWN_CARA.PRG	0065A0	39
TWN_CARA.PRG	0065D4	29
TWN_CARA.PRG	0065F1	27
TWN_CARA.PRG	00660C	2
TWN_CARA.PRG	00661B	31
TWN_CARA.PRG	00663A	25
TWN_CARA.PRG	006653	29
TWN_CARA.PRG	00667D	35
TWN_CARA.PRG	0066A0	37
TWN_CARA.PRG	0066C5	2
TWN_CARA.PRG	0066D4	21
TWN_CARA.PRG	0066E9	31
TWN_CARA.PRG	006708	31
TWN_CARA.PRG	006734	33
TWN_CARA.PRG	006755	25
TWN_CARA.PRG	00676E	39
TWN_CARA.PRG	0067A2	35
TWN_CARA.PRG	0067C5	29
TWN_CARA.PRG	0067EF	27
TWN_CARA.PRG	00680A	33
TWN_CARA.PRG	006838	39
TWN_CARA.PRG	006860	27
TWN_CARA.PRG	00687B	35
TWN_CARA.PRG	00689E	37
TWN_CARA.PRG	0068D3	35
TWN_CARA.PRG	006903	7
TWN_CARA.PRG	006917	37
TWN_CARA.PRG	00693C	29
TWN_CARA.PRG	006966	15
TWN_CARA.PRG	006975	33
TWN_CARA.PRG	0069A3	25
TWN_CARA.PRG	0069BC	33
TWN_CARA.PRG	0069DD	39
TWN_CARA.PRG	006A05	27
TWN_CARA.PRG	0093A7	31
TWN_CARA.PRG	0093D3	31
TWN_CARA.PRG	0093FF	25
TWN_CARA.PRG	009425	25
TWN_CARA.PRG	00943E	13
TWN_CARA.PRG	00944B	9
TWN_CARA.PRG	009454	33
TWN_CARA.PRG	009482	29
TWN_CARA.PRG	00949F	31
TWN_CARA.PRG	0094CB	39
TWN_CARA.PRG	0094F2	29
TWN_CARA.PRG	00950F	37
TWN_CARA.PRG	009541	25
TWN_CARA.PRG	00955A	37
TWN_CARA.PRG	00958C	29
TWN_CARA.PRG	0095A9	35
TWN_CARA.PRG	0095CC	13
TWN_CARA.PRG	0095D9	9
TWN_CARA.PRG	0095EF	21
TWN_CARA.PRG	009604	29
TWN_CARA.PRG	009621	37
TWN_CARA.PRG	009646	15
TWN_CARA.PRG	009655	22
TWN_CARA.PRG	00966B	19
TWN_CARA.PRG	00967E	37
TWN_CARA.PRG	0096A3	13
TWN_CARA.PRG	0096B0	9
TWN_CARA.PRG	0096B9	19
TWN_CARA.PRG	0096CC	37
TWN_CARA.PRG	0096F1	13
TWN_CARA.PRG	0096FE	9
TWN_CARA.PRG	009707	19
TWN_CARA.PRG	00971A	37
TWN_CARA.PRG	00973F	13
TWN_CARA.PRG	00974C	9
TWN_CARA.PRG	009755	19
TWN_CARA.PRG	009768	9
TWN_CARA.PRG	00977E	39
TWN_CARA.PRG	0097A5	31
TWN_CARA.PRG	0097C4	11
TWN_CARA.PRG	0097CF	20
TWN_CARA.PRG	0097F0	25
TWN_CARA.PRG	009809	31
TWN_CARA.PRG	009828	37
TWN_CARA.PRG	00984D	2
TWN_CARA.PRG	00984F	25
TWN_CARA.PRG	009868	33
TWN_CARA.PRG	009889	13
TWN_CARA.PRG	009896	9
TWN_CARA.PRG	00989F	19
TWN_CARA.PRG	0098B2	9
TWN_CARA.PRG	0098C8	21
TWN_CARA.PRG	0098DD	37
TWN_CARA.PRG	009902	2
TWN_CARA.PRG	009904	31
TWN_CARA.PRG	009923	37
TWN_CARA.PRG	009948	11
TWN_CARA.PRG	009953	26
TWN_CARA.PRG	00996D	19
TWN_CARA.PRG	009980	37
TWN_CARA.PRG	0099A5	13
TWN_CARA.PRG	0099B2	9
TWN_CARA.PRG	0099BB	19
TWN_CARA.PRG	0099CE	9
TWN_CARA.PRG	0099E4	21
TWN_CARA.PRG	0099F9	37
TWN_CARA.PRG	009A1E	2
TWN_CARA.PRG	009A20	31
TWN_CARA.PRG	009A3F	37
TWN_CARA.PRG	009A64	11
TWN_CARA.PRG	009A6F	26
TWN_CARA.PRG	009A89	19
TWN_CARA.PRG	009A9C	37
TWN_CARA.PRG	009ACE	29
TWN_CARA.PRG	009AEB	31
TWN_CARA.PRG	009B17	29
TWN_CARA.PRG	009B34	31
TWN_CARA.PRG	009B53	37
TWN_CARA.PRG	009B78	2
TWN_CARA.PRG	009B87	19
TWN_CARA.PRG	009B9A	35
TWN_CARA.PRG	009BBF	2
TWN_CARA.PRG	009BCE	39
TWN_CARA.PRG	009BF5	29
TWN_CARA.PRG	009C12	37
TWN_CARA.PRG	009C44	29
TWN_CARA.PRG	009C61	21
TWN_CARA.PRG	009C83	39
TWN_CARA.PRG	009CAB	31
TWN_CARA.PRG	009CCA	37
TWN_CARA.PRG	009CFC	35
TWN_CARA.PRG	009D1F	21
TWN_CARA.PRG	009D34	14
TWN_CARA.PRG	009D4F	27
TWN_CARA.PRG	009D6A	8
TWN_CARA.PRG	009D72	31
TWN_CARA.PRG	009D9E	31
TWN_CARA.PRG	009DBD	27
TWN_CARA.PRG	009DE5	39
TWN_CARA.PRG	009E0C	35
TWN_CARA.PRG	009E2F	4
TWN_CARA.PRG	009E40	31
TWN_CARA.PRG	009E5F	33
TWN_CARA.PRG	009E80	35
TWN_CARA.PRG	009EB0	37
TWN_CARA.PRG	009ED5	39
TWN_CARA.PRG	009F09	31
TWN_CARA.PRG	009F35	37
TWN_CARA.PRG	009F5A	2
TWN_CARA.PRG	009F5C	35
TWN_CARA.PRG	009F8C	35
TWN_CARA.PRG	009FAF	31
TWN_CARA.PRG	009FCE	39
TWN_CARA.PRG	00A002	27
TWN_CARA.PRG	00A01D	27
TWN_CARA.PRG	00A038	29
TWN_CARA.PRG	00A062	29
TWN_CARA.PRG	00A07F	10
TWN_CARA.PRG	00A089	21
TWN_CARA.PRG	00A09E	39
TWN_CARA.PRG	00A0D2	33
TWN_CARA.PRG	00A0F3	29
TWN_CARA.PRG	00A110	35
TWN_CARA.PRG	00A133	4
TWN_CARA.PRG	00A144	31
TWN_CARA.PRG	00A163	4
TWN_CARA.PRG	00A167	4
TWN_CARA.PRG	00A16B	39
TWN_CARA.PRG	00A1A0	31
TWN_CARA.PRG	00A1CC	5
TWN_CARA.PRG	00A1DE	9
TWN_CARA.PRG	00A1E7	37
TWN_CARA.PRG	00A20F	39
TWN_CARA.PRG	00A244	13
TWN_CARA.PRG	00A25E	35
TWN_CARA.PRG	00A281	4
TWN_CARA.PRG	00A286	29
TWN_CARA.PRG	00A2A3	35
TWN_CARA.PRG	00A2D3	27
TWN_CARA.PRG	00A2EE	39
TWN_CARA.PRG	00A315	29
TWN_CARA.PRG	00A332	39
TWN_CARA.PRG	00A366	39
TWN_CARA.PRG	00A38D	23
TWN_CARA.PRG	00A3A4	37
TWN_CARA.PRG	00A3C9	2
TWN_CARA.PRG	00A3D8	35
TWN_CARA.PRG	00A3FB	39
TWN_CARA.PRG	00A422	35
TWN_CARA.PRG	00A445	29
TWN_CARA.PRG	00A462	6
TWN_CARA.PRG	00A468	29
TWN_CARA.PRG	00A485	37
TWN_CARA.PRG	00A4B7	23
TWN_CARA.PRG	00A4DC	33
TWN_CARA.PRG	00A501	37
TWN_CARA.PRG	00A526	19
TWN_CARA.PRG	00A546	15
TWN_CARA.PRG	00AFF3	7
TWN_CARA.PRG	00B007	33
TWN_CARA.PRG	00B028	19
TWN_CARA.PRG	00B03B	21
TWN_CARA.PRG	00B050	7
TWN_CARA.PRG	00B057	29
TWN_CARA.PRG	00B074	19
TWN_CARA.PRG	00B087	7
TWN_CARA.PRG	00B08E	29
TWN_CARA.PRG	00B0AB	21
TWN_CARA.PRG	00B0C0	7
TWN_CARA.PRG	00B0C7	31
TWN_CARA.PRG	00B0E6	33
TWN_CARA.PRG	00B107	27
TWN_CARA.PRG	00B122	27
TWN_CARA.PRG	00B13D	31
TWN_CARA.PRG	00B15C	33
TWN_CARA.PRG	00B17D	27
TWN_CARA.PRG	00B198	27
TWN_CARA.PRG	00B1B3	31
TWN_CARA.PRG	00B1D2	33
TWN_CARA.PRG	00B1F3	27
TWN_CARA.PRG	00B20E	27
TWN_CARA.PRG	00B229	25
TWN_CARA.PRG	00B242	35
TWN_CARA.PRG	00B265	23
TWN_CARA.PRG	00B27C	39
TWN_CARA.PRG	00B2A3	23
TWN_CARA.PRG	00B2BA	39
TWN_CARA.PRG	00B2E1	31
TWN_CARA.PRG	00B300	39
TWN_CARA.PRG	00B327	35
TWN_CARA.PRG	00B34A	39
TWN_CARA.PRG	00B371	31
TWN_CARA.PRG	00B390	25
TWN_CARA.PRG	00B3A9	29
TWN_CARA.PRG	00B3C6	21
TWN_CARA.PRG	00B3DB	25
TWN_CARA.PRG	00B3F4	31
TWN_CARA.PRG	00B413	33
TWN_CARA.PRG	00B434	27
TWN_CARA.PRG	00B44F	27
TWN_CARA.PRG	00B46A	25
TWN_CARA.PRG	00B483	35
TWN_CARA.PRG	00B4A6	21
TWN_CARA.PRG	00B4BB	25
TWN_CARA.PRG	00B4D4	27
TWN_CARA.PRG	00B4EF	37
TWN_CARA.PRG	00B514	25
TWN_CARA.PRG	00B52D	31
TWN_CARA.PRG	00B54C	21
TWN_CARA.PRG	00B561	25
TWN_CARA.PRG	00B57A	21
TWN_CARA.PRG	00B58F	25
TWN_CARA.PRG	00C653	7
TWN_CARA.PRG	00C667	17
TWN_CARA.PRG	00C678	33
TWN_CARA.PRG	00C699	21
TWN_CARA.PRG	00C6BB	33
TWN_CARA.PRG	00C6DC	23
TWN_CARA.PRG	00C6F3	21
TWN_CARA.PRG	00C715	27
TWN_CARA.PRG	00C730	33
TWN_CARA.PRG	00C75E	5
TWN_CARA.PRG	00C763	33
TWN_CARA.PRG	00C791	23
TWN_CARA.PRG	00C7A8	35
TWN_CARA.PRG	00C7CC	35
TWN_CARA.PRG	00C7FC	33
TWN_CARA.PRG	00C81D	21
TWN_CARA.PRG	00C83F	33
TWN_CARA.PRG	00C860	23
TWN_CARA.PRG	00C877	21
TWN_CARA.PRG	00C88C	39
TWN_CARA.PRG	00C8C0	23
TWN_CARA.PRG	00C8D7	29
TWN_CARA.PRG	00C901	33
TWN_CARA.PRG	00C922	39
TWN_CARA.PRG	00C949	21
TWN_CARA.PRG	00C95E	39
TWN_CARA.PRG	00C992	37
TWN_CARA.PRG	00C9B7	29
TWN_CARA.PRG	00C9D4	37
TWN_CARA.PRG	00CA06	33
TWN_CARA.PRG	00CA27	27
TWN_CARA.PRG	00CA42	21
TWN_CARA.PRG	00CA57	39
TWN_CARA.PRG	00CA8B	9
TWN_CARA.PRG	00CA94	33
TWN_CARA.PRG	00CAC2	33
TWN_CARA.PRG	00CAF0	17
TWN_CARA.PRG	00CB01	31
TWN_CARA.PRG	00CB2D	31
TWN_CARA.PRG	00CB4C	39
TWN_CARA.PRG	00CB74	39
TWN_CARA.PRG	00CBA8	33
TWN_CARA.PRG	00CBC9	39
TWN_CARA.PRG	00CBFD	17
TWN_CARA.PRG	00CC1B	27
TWN_CARA.PRG	00CC36	17
TWN_CARA.PRG	00CC54	25
TWN_CARA.PRG	00CC6D	21
TWN_CARA.PRG	00CC82	4
TWN_CARA.PRG	00CC86	39
TWN_CARA.PRG	00CCAE	17
TWN_CARA.PRG	00CCBF	35
TWN_CARA.PRG	00CCE2	23
TWN_CARA.PRG	00CCF9	27
TWN_CARA.PRG	00CD14	27
TWN_CARA.PRG	00CD3C	37
TWN_CARA.PRG	00CD61	13
TWN_CARA.PRG	00CD7B	33
TWN_CARA.PRG	00CD9C	27
TWN_CARA.PRG	00CDB7	29
TWN_CARA.PRG	00CDE1	21
TWN_CARA.PRG	00CDF6	33
TWN_CARA.PRG	00CE24	31
TWN_CARA.PRG	00CE50	33
TWN_CARA.PRG	00CE71	39
TWN_CARA.PRG	00CE99	29
TWN_CARA.PRG	00ECDE	14
TWN_CARA.PRG	00ECEC	29
TWN_CARA.PRG	00ED16	33
TWN_CARA.PRG	00ED44	11
TWN_CARA.PRG	00ED4F	29
TWN_CARA.PRG	00ED6C	31
TWN_CARA.PRG	00ED98	15
TWN_CARA.PRG	00EDA7	35
TWN_CARA.PRG	00EDD7	29
TWN_CARA.PRG	00EE01	39
TWN_CARA.PRG	00EE28	37
TWN_CARA.PRG	00EE5A	33
TWN_CARA.PRG	00EE88	31
TWN_CARA.PRG	00EEA7	35
TWN_CARA.PRG	00EED7	15
TWN_CARA.PRG	00EEE6	35
TWN_CARA.PRG	00EF16	29
TWN_CARA.PRG	00EF40	35
TWN_CARA.PRG	00EF63	31
TWN_CARA.PRG	00EF8F	39
TWN_CARA.PRG	00EFB6	37
TWN_CARA.PRG	00EFE8	33
TWN_CARA.PRG	00F016	39
TWN_CARA.PRG	00F04A	35
TWN_CARA.PRG	00F06D	31
TWN_CARA.PRG	00F08C	7
TWN_CARA.PRG	00F0A0	17
TWN_CARA.PRG	00F0BE	21
TWN_CARA.PRG	00F0D3	23
TWN_CARA.PRG	00F0EA	33
TWN_CARA.PRG	00F10B	23
TWN_CARA.PRG	00F122	21
TWN_CARA.PRG	00F137	21
TWN_CARA.PRG	00F14C	7
TWN_CARA.PRG	00F153	33
TWN_CARA.PRG	00F174	23
TWN_CARA.PRG	00F18B	21
TWN_CARA.PRG	00F1A0	7
TWN_CARA.PRG	00F1A7	33
TWN_CARA.PRG	00F1C8	23
TWN_CARA.PRG	00F1DF	21
TWN_CARA.PRG	00F1F4	7
TWN_CARA.PRG	00F1FB	33
TWN_CARA.PRG	00F21C	23
TWN_CARA.PRG	00F233	7
TWN_CARA.PRG	00F23A	33
TWN_CARA.PRG	00F25B	21
TWN_CARA.PRG	00F270	21
TWN_CARA.PRG	00F285	7
TWN_CARA.PRG	00F28C	33
TWN_CARA.PRG	00F2AD	21
TWN_CARA.PRG	00F2C2	7
TWN_CARA.PRG	00F2C9	33
TWN_CARA.PRG	00F2EA	21
TWN_CARA.PRG	00F2FF	7
TWN_CARA.PRG	00F313	19
TWN_CARA.PRG	00F326	21
TWN_CARA.PRG	00F348	23
TWN_CARA.PRG	00F35F	9
TWN_CARA.PRG	00F375	21
TWN_CARA.PRG	00F38A	23
TWN_CARA.PRG	00F3AE	31
TWN_CARA.PRG	00F3DA	37
TWN_CARA.PRG	00F40C	39
TWN_CARA.PRG	00F433	35
TWN_CARA.PRG	00F456	31
TWN_CARA.PRG	00F482	31
TWN_CARA.PRG	00F4AE	25
TWN_CARA.PRG	00F4C7	21
TWN_CARA.PRG	00F4E9	31
TWN_CARA.PRG	00F515	33
TWN_CARA.PRG	00F543	31
TWN_CARA.PRG	00F56F	29
TWN_CARA.PRG	00F58C	17
TWN_CARA.PRG	00F59D	39
TWN_CARA.PRG	00F5C4	7
TWN_CARA.PRG	00F5CB	29
TWN_CARA.PRG	00F5E8	25
TWN_CARA.PRG	00F60E	29
TWN_CARA.PRG	00F62B	27
TWN_CARA.PRG	00F653	33
TWN_CARA.PRG	00F681	7
TWN_CARA.PRG	00F695	39
TWN_CARA.PRG	00F6C9	7
TWN_CARA.PRG	00F6DD	39
TWN_CARA.PRG	00F711	7
TWN_CARA.PRG	00F725	25
TWN_CARA.PRG	00F74B	37
TWN_CARA.PRG	00F77D	39
TWN_CARA.PRG	00F7B1	37
TWN_CARA.PRG	00F7E3	35
TWN_CARA.PRG	00F806	35
TWN_CARA.PRG	00F836	35
TWN_CARA.PRG	00F859	39
TWN_CARA.PRG	00F88D	33
TWN_CARA.PRG	00F8BB	27
TWN_CARA.PRG	00F8E3	37
TWN_CARA.PRG	00F915	37
TWN_CARA.PRG	00F947	37
TWN_CARA.PRG	00F979	7
TWN_CARA.PRG	00F98D	21
TWN_CARA.PRG	00F9AF	37
TWN_CARA.PRG	00F9D4	37
TWN_CARA.PRG	00FA06	35
TWN_CARA.PRG	00FA36	37
TWN_CARA.PRG	00FA5B	39
TWN_CARA.PRG	00FA8F	7
TWN_CARA.PRG	012857	8
TWN_CARA.PRG	01285F	20
TWN_CARA.PRG	012873	29
TWN_CARA.PRG	012890	13
TWN_CARA.PRG	0128AA	35
TWN_CARA.PRG	0128CD	39
TWN_CARA.PRG	012901	17
TWN_CARA.PRG	012912	31
TWN_CARA.PRG	01293E	19
TWN_CARA.PRG	012951	19
TWN_CARA.PRG	012971	7
TWN_CARA.PRG	012978	19
TWN_CARA.PRG	012998	25
TWN_CARA.PRG	0129BE	39
TWN_CARA.PRG	0129E5	31
TWN_CARA.PRG	012A11	29
TWN_CARA.PRG	012A2E	33
TWN_CARA.PRG	012A4F	31
TWN_CARA.PRG	012A6E	31
TWN_CARA.PRG	012A9A	20
TWN_CARA.PRG	012AAE	23
TWN_CARA.PRG	012AC5	37
TWN_CARA.PRG	012AF7	29
TWN_CARA.PRG	012B21	33
TWN_CARA.PRG	012B42	23
TWN_CARA.PRG	012B59	25
TWN_CARA.PRG	012B72	25
TWN_CARA.PRG	012B98	31
TWN_CARA.PRG	012BC4	33
TWN_CARA.PRG	012BE5	39
TWN_CARA.PRG	012C0C	39
TWN_CARA.PRG	012C40	35
TWN_CARA.PRG	012C63	29
TWN_CARA.PRG	012C8D	35
TWN_CARA.PRG	012CB0	37
TWN_CARA.PRG	012CE2	39
TWN_CARA.PRG	012D09	31
TWN_CARA.PRG	012D35	17
TWN_CARA.PRG	012D53	15
TWN_CARA.PRG	012D62	37
TWN_CARA.PRG	012D94	27
TWN_CARA.PRG	012DAF	7
TWN_CARA.PRG	012DC3	35
TWN_CARA.PRG	012DF3	23
TWN_CARA.PRG	012E0A	33
TWN_CARA.PRG	012E38	29
TWN_CARA.PRG	012E55	33
TWN_CARA.PRG	012E76	21
TWN_CARA.PRG	012E8B	31
TWN_CARA.PRG	012EB7	31
TWN_CARA.PRG	012ED6	17
TWN_CARA.PRG	012EE7	23
TWN_CARA.PRG	012F0B	35
TWN_CARA.PRG	012F2E	35
TWN_CARA.PRG	012F5E	21
TWN_CARA.PRG	012F73	31
TWN_CARA.PRG	012F92	39
TWN_CARA.PRG	012FC6	35
TWN_CARA.PRG	012FE9	33
TWN_CARA.PRG	01300A	31
TWN_CARA.PRG	013036	29
TWN_CARA.PRG	013053	19
TWN_CARA.PRG	013066	23
TWN_CARA.PRG	01308A	29
TWN_CARA.PRG	0130A7	2
TWN_CARA.PRG	0130A9	27
TWN_CARA.PRG	0130D1	21
TWN_CARA.PRG	0130E6	31
TWN_CARA.PRG	013105	39
TWN_CARA.PRG	013139	39
TWN_CARA.PRG	013160	33
TWN_CARA.PRG	013181	31
TWN_CARA.PRG	0131AD	35
TWN_CARA.PRG	0131DD	37
TWN_CARA.PRG	013202	2
TWN_CARA.PRG	013204	23
TWN_CARA.PRG	013228	7
TWN_CARA.PRG	01323C	33
TWN_CARA.PRG	01326A	27
TWN_CARA.PRG	013285	37
TWN_CARA.PRG	0132B7	31
TWN_CARA.PRG	0132D6	27
TWN_CARA.PRG	0132FE	9
TWN_CARA.PRG	013314	37
TWN_CARA.PRG	013346	11
TWN_CARA.PRG	013351	31
TWN_CARA.PRG	01337E	7
TWN_CARA.PRG	013392	35
TWN_CARA.PRG	0133C2	35
TWN_CARA.PRG	0133F2	31
TWN_CARA.PRG	01341E	33
TWN_CARA.PRG	01344C	29
TWN_CARA.PRG	013476	37
TWN_CARA.PRG	0134A8	33
TWN_CARA.PRG	0134D6	27
TWN_CARA.PRG	0134F1	37
TWN_CARA.PRG	013516	39
TWN_CARA.PRG	01353D	27
TWN_CARA.PRG	013565	29
TWN_CARA.PRG	013582	13
TWN_CARA.PRG	01359C	35
TWN_CARA.PRG	0135BF	39
TWN_CARA.PRG	0135F3	33
TWN_CARA.PRG	013614	27
TWN_CARA.PRG	01362F	37
TWN_CARA.PRG	013654	19
TWN_CARA.PRG	013674	25
TWN_CARA.PRG	01368D	23
TWN_CARA.PRG	0136B1	39
TWN_CARA.PRG	0136D8	35
TWN_CARA.PRG	0136FB	21
TWN_CARA.PRG	01371D	35
TWN_CARA.PRG	01374D	37
TWN_CARA.PRG	013772	39
TWN_CARA.PRG	0137A6	39
TWN_CARA.PRG	0137DA	35
TWN_CARA.PRG	0137FD	31
TWN_CARA.PRG	013829	31
TWN_CARA.PRG	013855	35
TWN_CARA.PRG	013885	25
TWN_CARA.PRG	01389E	21
TWN_CARA.PRG	0138B3	35
TWN_CARA.PRG	0138E3	39
TWN_CARA.PRG	01390A	39
TWN_CARA.PRG	01393E	39
TWN_CARA.PRG	013965	27
TWN_CARA.PRG	01398D	29
TWN_CARA.PRG	0139AA	39
TWN_CARA.PRG	0139D1	31
TWN_CARA.PRG	0139F0	21
TWN_CARA.PRG	013A12	19
TWN_CARA.PRG	013A32	35
TWN_CARA.PRG	013A55	27
TWN_CARA.PRG	013A7D	27
TWN_CARA.PRG	013AA5	39
TWN_CARA.PRG	013ACC	33
TWN_CARA.PRG	013AED	19
TWN_CARA.PRG	013B0D	39
TWN_CARA.PRG	013B34	35
TWN_CARA.PRG	013B57	25
TWN_CARA.PRG	013B7D	17
TWN_CARA.PRG	013B8E	31
TWN_CARA.PRG	013BBA	19
TWN_CARA.PRG	013BCD	19
TWN_CARA.PRG	013BED	7
TWN_CARA.PRG	013BF4	19
TWN_CARA.PRG	013C14	15
TWN_CARA.PRG	013C23	25
TWN_CARA.PRG	013C49	9
TWN_CARA.PRG	013C5F	37
TWN_CARA.PRG	013C91	9
TWN_CARA.PRG	013C9A	39
TWN_CARA.PRG	013CCE	19
TWN_CARA.PRG	013CE1	29
TWN_CARA.PRG	013D0B	29
TWN_CARA.PRG	013D35	31
TWN_CARA.PRG	013D54	31
TWN_CARA.PRG	013D7B	8
TWN_CARA.PRG	01646F	7
TWN_CARA.PRG	01647B	20
TWN_CARA.PRG	01648F	39
TWN_CARA.PRG	0164B7	23
TWN_CARA.PRG	0164DB	39
TWN_CARA.PRG	016503	37
TWN_CARA.PRG	016528	27
TWN_CARA.PRG	016550	15
TWN_CARA.PRG	01655F	23
TWN_CARA.PRG	016576	19
TWN_CARA.PRG	016589	4
TWN_CARA.PRG	01658D	23
TWN_CARA.PRG	0165B1	33
TWN_CARA.PRG	0165D2	25
TWN_CARA.PRG	0165EB	8
TWN_CARA.PRG	016600	15
TWN_CARA.PRG	01660F	23
TWN_CARA.PRG	016626	19
TWN_CARA.PRG	016639	4
TWN_CARA.PRG	01663D	23
TWN_CARA.PRG	016661	39
TWN_CARA.PRG	016689	23
TWN_CARA.PRG	0166AD	39
TWN_CARA.PRG	0166D5	37
TWN_CARA.PRG	016707	31
TWN_CARA.PRG	016726	39
TWN_CARA.PRG	01675A	39
TWN_CARA.PRG	01678F	35
TWN_CARA.PRG	0167B2	4
TWN_CARA.PRG	0167B7	31
TWN_CARA.PRG	0167D6	4
TWN_CARA.PRG	0167DA	4
TWN_CARA.PRG	0167EC	19
TWN_CARA.PRG	0167FF	25
TWN_CARA.PRG	016818	6
TWN_CARA.PRG	01681E	4
TWN_CARA.PRG	016822	4
TWN_CARA.PRG	016834	37
TWN_CARA.PRG	016859	9
TWN_CARA.PRG	016862	25
TWN_CARA.PRG	016888	33
TWN_CARA.PRG	0168A9	39
TWN_CARA.PRG	0168DD	37
TWN_CARA.PRG	016902	27
TWN_CARA.PRG	01691D	11
TWN_CARA.PRG	016935	33
TWN_CARA.PRG	016956	37
TWN_CARA.PRG	016988	39
TWN_CARA.PRG	0169B0	39
TWN_CARA.PRG	0169E4	23
TWN_CARA.PRG	0169FB	16
TWN_CARA.PRG	016A0B	27
TWN_CARA.PRG	016A26	23
TWN_CARA.PRG	016A3D	4
TWN_CARA.PRG	016A4E	39
TWN_CARA.PRG	016A75	29
TWN_CARA.PRG	016A92	35
TWN_CARA.PRG	016AC2	33
TWN_CARA.PRG	016AE3	27
TWN_CARA.PRG	016B0B	27
TWN_CARA.PRG	016B26	6
TWN_CARA.PRG	016B2C	25
TWN_CARA.PRG	016B47	6
TWN_CARA.PRG	016B4D	37
TWN_CARA.PRG	016B7F	37
TWN_CARA.PRG	016BA4	39
TWN_CARA.PRG	016BD9	33
TWN_CARA.PRG	016BFA	6
TWN_CARA.PRG	016C0E	37
TWN_CARA.PRG	016C36	29
TWN_CARA.PRG	016C60	39
TWN_CARA.PRG	016C88	39
TWN_CARA.PRG	016CBC	27
TWN_CARA.PRG	016CD7	39
TWN_CARA.PRG	016D0C	39
TWN_CARA.PRG	016D41	37
TWN_CARA.PRG	016D73	39
TWN_CARA.PRG	016DA8	33
TWN_CARA.PRG	016DC9	27
TWN_CARA.PRG	016DE4	6
TWN_CARA.PRG	016DEA	27
TWN_CARA.PRG	016E05	31
TWN_CARA.PRG	016E31	39
TWN_CARA.PRG	016E58	21
TWN_CARA.PRG	016E7A	19
TWN_CARA.PRG	016E8D	15
TWN_CARA.PRG	016E9C	4
TWN_CARA.PRG	016EA0	25
TWN_CARA.PRG	016EB9	11
TWN_CARA.PRG	016EC4	14
TWN_CARA.PRG	016EDF	25
TWN_CARA.PRG	016EF8	33
TWN_CARA.PRG	016F26	25
TWN_CARA.PRG	016F4C	11
TWN_CARA.PRG	016F64	37
TWN_CARA.PRG	016F89	37
TWN_CARA.PRG	016FAE	33
TWN_CARA.PRG	016FCF	37
TWN_CARA.PRG	016FF4	19
TWN_CARA.PRG	017007	35
TWN_CARA.PRG	01702A	15
TWN_CARA.PRG	017039	25
TWN_CARA.PRG	017052	10
TWN_CARA.PRG	01705C	37
TWN_CARA.PRG	017081	29
TWN_CARA.PRG	01709E	37
TWN_CARA.PRG	0170C3	35
TWN_CARA.PRG	0170F5	27
TWN_CARA.PRG	01711D	11
TWN_CARA.PRG	017128	37
TWN_CARA.PRG	01714D	2
TWN_CARA.PRG	01714F	35
TWN_CARA.PRG	01717F	25
TWN_CARA.PRG	0171A5	39
TWN_CARA.PRG	0171D9	13
TWN_CARA.PRG	0171F3	7
TWN_CARA.PRG	0171FA	33
TWN_CARA.PRG	01721B	6
TWN_CARA.PRG	01722E	9
TWN_CARA.PRG	017237	17
TWN_CARA.PRG	017248	23
TWN_CARA.PRG	01726C	19
TWN_CARA.PRG	01727F	39
TWN_CARA.PRG	0172B3	9
TWN_CARA.PRG	0172BC	25
TWN_CARA.PRG	0172E2	15
TWN_CARA.PRG	0172F1	10
TWN_CARA.PRG	0172FB	23
TWN_CARA.PRG	017312	29
TWN_CARA.PRG	01733C	19
TWN_CARA.PRG	01735C	7
TWN_CARA.PRG	017363	33
TWN_CARA.PRG	017384	6
TWN_CARA.PRG	017397	13
TWN_CARA.PRG	0173A4	35
TWN_CARA.PRG	0173C7	4
TWN_CARA.PRG	0173CB	17
TWN_CARA.PRG	0173E9	37
TWN_CARA.PRG	01741B	13
TWN_CARA.PRG	017428	25
TWN_CARA.PRG	017441	39
TWN_CARA.PRG	017475	23
TWN_CARA.PRG	017499	19
TWN_CARA.PRG	0174AC	35
TWN_CARA.PRG	0174CF	23
TWN_CARA.PRG	0174E6	12
TWN_CARA.PRG	0174F2	25
TWN_CARA.PRG	01750B	25
TWN_CARA.PRG	017531	39
TWN_CARA.PRG	017565	11
TWN_CARA.PRG	017570	23
TWN_CARA.PRG	017594	9
TWN_CARA.PRG	01759D	29
TWN_CARA.PRG	017B9B	17
TWN_CARA.PRG	017BAC	11
TWN_CARA.PRG	017BB7	29
TWN_CARA.PRG	017BD4	15
TWN_CARA.PRG	017BF0	15
TWN_CARA.PRG	017C0C	31
TWN_CARA.PRG	017C2C	27
TWN_CARA.PRG	017C47	22
TWN_CARA.PRG	017C5D	19
TWN_CARA.PRG	017C7E	15
TWN_CARA.PRG	017C8D	23
TWN_CARA.PRG	017CB1	23
TWN_CARA.PRG	017CC8	18
TWN_CARA.PRG	017CDB	35
TWN_CARA.PRG	017D0B	19
TWN_CARA.PRG	017D2B	25
TWN_CARA.PRG	017D51	31
TWN_CARA.PRG	017D70	4
TWN_CARA.PRG	017D74	27
TWN_CARA.PRG	017D8F	37
TWN_CARA.PRG	017DB4	4
TWN_CARA.PRG	017DC6	17
TWN_CARA.PRG	017DD7	21
TWN_CARA.PRG	017DF9	23
TWN_CARA.PRG	017E10	14
TWN_CARA.PRG	017E1E	4
TWN_CARA.PRG	017E23	35
TWN_CARA.PRG	017E53	33
TWN_CARA.PRG	017E74	2
TWN_CARA.PRG	017E76	37
TWN_CARA.PRG	017E9B	25
TWN_CARA.PRG	017EB4	39
TWN_CARA.PRG	017EDB	37
TWN_CARA.PRG	030943	189
TWN_CARA.PRG	030A00	206
TWN_CARA.PRG	030ACE	315
TWN_CARA.PRG	030C09	223
TWN_CARA.PRG	030CE8	163
TWN_CARA.PRG	030D8B	254
TWN_CARA.PRG	030E89	231
TWN_CARA.PRG	030F70	307
TWN_CARA.PRG	0310A3	159
TWN_CARA.PRG	031142	297
TWN_CARA.PRG	03126B	151
TWN_CARA.PRG	031302	223
TWN_CARA.PRG	0313E1	194
TWN_CARA.PRG	0314A3	237
TWN_CARA.PRG	031E64	7
TWN_CARA.PRG	031E6B	23
TWN_CARA.PRG	031E82	23
TWN_CARA.PRG	031E99	31
TWN_CARA.PRG	031EB8	25
TWN_CARA.PRG	031ED1	21
TWN_CARA.PRG	0320B0	21
TWN_E006.PRG	00A804	75
TWN_E006.PRG	00A84F	189
TWN_E006.PRG	00A90C	206
TWN_E006.PRG	00A9DA	315
TWN_E006.PRG	00AB15	223
TWN_E006.PRG	00ABF4	163
TWN_E006.PRG	00AC97	254
TWN_E006.PRG	00AD95	231
TWN_E006.PRG	00AE7C	307
TWN_E006.PRG	00AFAF	159
TWN_E006.PRG	00B04E	297
TWN_E006.PRG	00B177	151
TWN_E006.PRG	00B20E	223
TWN_E006.PRG	00B2ED	194
TWN_E006.PRG	00B3AF	237
TWN_E006.PRG	00BD70	7
TWN_E006.PRG	00BD77	23
TWN_E006.PRG	00BD8E	23
TWN_E006.PRG	00BDA5	31
TWN_E006.PRG	00BDC4	25
TWN_E006.PRG	00BDDD	21
TWN_E011.PRG	00CE8B	189
TWN_E011.PRG	00CF48	206
TWN_E011.PRG	00D016	315
TWN_E011.PRG	00D151	223
TWN_E011.PRG	00D230	163
TWN_E011.PRG	00D2D3	254
TWN_E011.PRG	00D3D1	231
TWN_E011.PRG	00D4B8	307
TWN_E011.PRG	00D5EB	159
TWN_E011.PRG	00D68A	297
TWN_E011.PRG	00D7B3	151
TWN_E011.PRG	00D84A	223
TWN_E011.PRG	00D929	194
TWN_E011.PRG	00D9EB	237
TWN_E011.PRG	00E3AC	7
TWN_E011.PRG	00E3B3	23
TWN_E011.PRG	00E3CA	23
TWN_E011.PRG	00E3E1	31
TWN_E011.PRG	00E400	25
TWN_E011.PRG	00E419	21
TWN_E014.PRG	00A950	75
TWN_E014.PRG	00A99B	189
TWN_E014.PRG	00AA58	206
TWN_E014.PRG	00AB26	315
TWN_E014.PRG	00AC61	223
TWN_E014.PRG	00AD40	163
TWN_E014.PRG	00ADE3	254
TWN_E014.PRG	00AEE1	231
TWN_E014.PRG	00AFC8	307
TWN_E014.PRG	00B0FB	159
TWN_E014.PRG	00B19A	297
TWN_E014.PRG	00B2C3	151
TWN_E014.PRG	00B35A	223
TWN_E014.PRG	00B439	194
TWN_E014.PRG	00B4FB	237
TWN_E014.PRG	00BEBC	7
TWN_E014.PRG	00BEC3	23
TWN_E014.PRG	00BEDA	23
TWN_E014.PRG	00BEF1	31
TWN_E014.PRG	00BF10	25
TWN_E014.PRG	00BF29	21
TWN_E021.PRG	00EE7C	19
TWN_E021.PRG	00EE90	63
TWN_E021.PRG	00F023	189
TWN_E021.PRG	00F0E0	206
TWN_E021.PRG	00F1AE	315
TWN_E021.PRG	00F2E9	223
TWN_E021.PRG	00F3C8	163
TWN_E021.PRG	00F46B	254
TWN_E021.PRG	00F569	231
TWN_E021.PRG	00F650	307
TWN_E021.PRG	00F783	159
TWN_E021.PRG	00F822	297
TWN_E021.PRG	00F94B	151
TWN_E021.PRG	00F9E2	223
TWN_E021.PRG	00FAC1	194
TWN_E021.PRG	00FB83	237
TWN_E021.PRG	010544	7
TWN_E021.PRG	01054B	23
TWN_E021.PRG	010562	23
TWN_E021.PRG	010579	31
TWN_E021.PRG	010598	25
TWN_E021.PRG	0105B1	21
TWN_E022.PRG	00A83C	75
TWN_E022.PRG	00A887	189
TWN_E022.PRG	00A944	206
TWN_E022.PRG	00AA12	315
TWN_E022.PRG	00AB4D	223
TWN_E022.PRG	00AC2C	163
TWN_E022.PRG	00ACCF	254
TWN_E022.PRG	00ADCD	231
TWN_E022.PRG	00AEB4	307
TWN_E022.PRG	00AFE7	159
TWN_E022.PRG	00B086	297
TWN_E022.PRG	00B1AF	151
TWN_E022.PRG	00B246	223
TWN_E022.PRG	00B325	194
TWN_E022.PRG	00B3E7	237
TWN_E022.PRG	00BDA8	7
TWN_E022.PRG	00BDAF	23
TWN_E022.PRG	00BDC6	23
TWN_E022.PRG	00BDDD	31
TWN_E022.PRG	00BDFC	25
TWN_E022.PRG	00BE15	21
TWN_EXCA.PRG	000C27	16
TWN_EXCA.PRG	000C37	4
TWN_EXCA.PRG	000C3B	8
TWN_EXCA.PRG	000C43	8
TWN_EXCA.PRG	000C4F	9
TWN_EXCA.PRG	000C5F	8
TWN_EXCA.PRG	000C67	8
TWN_EXCA.PRG	000C6F	8
TWN_EXCA.PRG	000C77	8
TWN_EXCA.PRG	000C7F	11
TWN_EXCA.PRG	000C8B	21
TWN_EXCA.PRG	000CA0	9
TWN_EXCA.PRG	000CA9	15
TWN_EXCA.PRG	000CB8	31
TWN_EXCA.PRG	000CD7	13
TWN_EXCA.PRG	000CE4	7
TWN_EXCA.PRG	000CEB	15
TWN_EXCA.PRG	000CFA	31
TWN_EXCA.PRG	000D19	21
TWN_EXCA.PRG	000D2E	37
TWN_EXCA.PRG	000D53	17
TWN_EXCA.PRG	000D64	39
TWN_EXCA.PRG	000D8B	31
TWN_EXCA.PRG	000DAA	23
TWN_EXCA.PRG	000DC1	17
TWN_EXCA.PRG	000DD2	27
TWN_EXCA.PRG	000DED	23
TWN_EXCA.PRG	000E04	27
TWN_EXCA.PRG	000E1F	39
TWN_EXCA.PRG	000E46	29
TWN_EXCA.PRG	000E63	29
TWN_EXCA.PRG	000E80	27
TWN_EXCA.PRG	000E9B	39
TWN_EXCA.PRG	000EC2	23
TWN_EXCA.PRG	000ED9	27
TWN_EXCA.PRG	000EF4	27
TWN_EXCA.PRG	000F0F	21
TWN_EXCA.PRG	000F24	37
TWN_EXCA.PRG	000F49	19
TWN_EXCA.PRG	000F5C	35
TWN_EXCA.PRG	0011E7	21
TWN_EXCA.PRG	001209	33
TWN_EXCA.PRG	00122A	37
TWN_EXCA.PRG	00125C	13
TWN_EXCA.PRG	001269	29
TWN_EXCA.PRG	001293	35
TWN_EXCA.PRG	0015C3	17
TWN_EXCA.PRG	0015D4	15
TWN_EXCA.PRG	0015E3	19
TWN_EXCA.PRG	0015F6	37
TWN_EXCA.PRG	001628	17
TWN_EXCA.PRG	001639	37
TWN_EXCA.PRG	00165E	37
TWN_EXCA.PRG	001690	31
TWN_EXCA.PRG	0016AF	33
TWN_EXCA.PRG	0016D0	29
TWN_EXCA.PRG	0016ED	21
TWN_EXCA.PRG	0018AF	8
TWN_EXCA.PRG	0018B7	41
TWN_EXCA.PRG	0018E0	39
TWN_EXCA.PRG	001907	39
TWN_EXCA.PRG	00192E	35
TWN_EXCA.PRG	001951	37
TWN_EXCA.PRG	001976	39
TWN_EXCA.PRG	00199D	37
TWN_EXCA.PRG	0019C2	29
TWN_EXCA.PRG	0019DF	31
TWN_EXCA.PRG	0019FE	23
TWN_EXCA.PRG	001A15	23
TWN_EXCA.PRG	001A2C	37
TWN_EXCA.PRG	010E24	75
TWN_EXCA.PRG	010E6F	189
TWN_EXCA.PRG	010F2C	206
TWN_EXCA.PRG	010FFA	315
TWN_EXCA.PRG	011214	163
TWN_EXCA.PRG	011797	151
TWN_EXCA.PRG	012390	7
TWN_EXCA.PRG	012397	23
TWN_EXCA.PRG	0123AE	23
TWN_EXCA.PRG	0123C5	31
TWN_EXCA.PRG	0123E4	25
TWN_EXCA.PRG	0123FD	21
TWN_JIRI.PRG	00A7DB	189
TWN_JIRI.PRG	00A898	206
TWN_JIRI.PRG	00A966	315
TWN_JIRI.PRG	00AAA1	223
TWN_JIRI.PRG	00AB80	163
TWN_JIRI.PRG	00AC23	254
TWN_JIRI.PRG	00AD21	231
TWN_JIRI.PRG	00AE08	307
TWN_JIRI.PRG	00AF3B	159
TWN_JIRI.PRG	00AFDA	297
TWN_JIRI.PRG	00B103	151
TWN_JIRI.PRG	00B19A	223
TWN_JIRI.PRG	00B279	194
TWN_JIRI.PRG	00B33B	237
TWN_JIRI.PRG	00BCFC	7
TWN_JIRI.PRG	00BD03	23
TWN_JIRI.PRG	00BD1A	23
TWN_JIRI.PRG	00BD31	31
TWN_JIRI.PRG	00BD50	25
TWN_JIRI.PRG	00BD69	21
TWN_RUIN.PRG	0007EF	7
TWN_RUIN.PRG	0007F7	17
TWN_RUIN.PRG	000808	17
TWN_RUIN.PRG	000819	29
TWN_RUIN.PRG	000836	25
TWN_RUIN.PRG	00084F	25
TWN_RUIN.PRG	000868	37
TWN_RUIN.PRG	00088D	23
TWN_RUIN.PRG	0008A4	29
TWN_RUIN.PRG	0008C1	19
TWN_RUIN.PRG	0008D4	39
TWN_RUIN.PRG	0008FB	35
TWN_RUIN.PRG	00091E	25
TWN_RUIN.PRG	000937	29
TWN_RUIN.PRG	000954	17
TWN_RUIN.PRG	000965	7
TWN_RUIN.PRG	00096C	33
TWN_RUIN.PRG	00098D	35
TWN_RUIN.PRG	0009B0	17
TWN_RUIN.PRG	0009C1	39
TWN_RUIN.PRG	0009E8	21
TWN_RUIN.PRG	0009FD	31
TWN_RUIN.PRG	000A1C	33
TWN_RUIN.PRG	000A3D	35
TWN_RUIN.PRG	000A60	25
TWN_RUIN.PRG	000A79	21
TWN_RUIN.PRG	000A8E	25
TWN_RUIN.PRG	000AA7	25
TWN_RUIN.PRG	000AC0	19
TWN_RUIN.PRG	000AD3	39
TWN_RUIN.PRG	000AFA	35
TWN_RUIN.PRG	000B1D	17
TWN_RUIN.PRG	000B2E	7
TWN_RUIN.PRG	00B0F8	83
TWN_RUIN.PRG	00B100	75
TWN_RUIN.PRG	00B14B	189
TWN_RUIN.PRG	00B2D6	315
TWN_RUIN.PRG	00B4F0	163
TWN_RUIN.PRG	00BA73	151
TWN_RUIN.PRG	00C66C	7
TWN_RUIN.PRG	00C673	23
TWN_RUIN.PRG	00C68A	23
TWN_RUIN.PRG	00C6A1	31
TWN_RUIN.PRG	00C6C0	25
TWN_RUIN.PRG	00C6D9	21
TWN_SEEK.PRG	0041AB	17
TWN_SEEK.PRG	0041BC	13
TWN_SEEK.PRG	0041C9	9
TWN_SEEK.PRG	0041D2	7
TWN_SEEK.PRG	0041D9	9
TWN_SEEK.PRG	0041E2	7
TWN_SEEK.PRG	0041E9	13
TWN_SEEK.PRG	0041F6	15
TWN_SEEK.PRG	004205	11
TWN_SEEK.PRG	004210	7
TWN_SEEK.PRG	004217	13
TWN_SEEK.PRG	004224	15
TWN_SEEK.PRG	004233	11
TWN_SEEK.PRG	00423E	7
TWN_SEEK.PRG	004245	13
TWN_SEEK.PRG	004252	15
TWN_SEEK.PRG	004261	7
TWN_SEEK.PRG	004268	25
TWN_SEEK.PRG	004281	9
TWN_SEEK.PRG	00428A	7
TWN_SEEK.PRG	004291	25
TWN_SEEK.PRG	0042AA	9
TWN_SEEK.PRG	0042B3	7
TWN_SEEK.PRG	0042BA	25
TWN_SEEK.PRG	0042D3	25
TWN_SEEK.PRG	0042EC	9
TWN_SEEK.PRG	0042F5	7
TWN_SEEK.PRG	0042FC	9
TWN_SEEK.PRG	004305	7
TWN_SEEK.PRG	00430C	9
TWN_SEEK.PRG	004315	7
TWN_SEEK.PRG	00431C	9
TWN_SEEK.PRG	004325	7
TWN_SEEK.PRG	00432C	9
TWN_SEEK.PRG	004335	7
TWN_SEEK.PRG	00433C	9
TWN_SEEK.PRG	004345	7
TWN_SEEK.PRG	00434C	9
TWN_SEEK.PRG	004355	7
TWN_SEEK.PRG	00435C	9
TWN_SEEK.PRG	004365	7
TWN_SEEK.PRG	00436C	9
TWN_SEEK.PRG	004375	7
TWN_SEEK.PRG	00437C	9
TWN_SEEK.PRG	004385	7
TWN_SEEK.PRG	00438C	9
TWN_SEEK.PRG	004395	7
TWN_SEEK.PRG	00439C	23
TWN_SEEK.PRG	0043B3	35
TWN_SEEK.PRG	0043D6	25
TWN_SEEK.PRG	0043EF	37
TWN_SEEK.PRG	004414	27
TWN_SEEK.PRG	00442F	37
TWN_SEEK.PRG	004454	29
TWN_SEEK.PRG	004471	37
TWN_SEEK.PRG	004496	31
TWN_SEEK.PRG	0044B5	31
TWN_SEEK.PRG	0044D4	27
TWN_SEEK.PRG	0044EF	9
TWN_SEEK.PRG	0044F8	7
TWN_SEEK.PRG	0044FF	21
TWN_SEEK.PRG	004514	35
TWN_SEEK.PRG	004537	15
TWN_SEEK.PRG	004546	21
TWN_SEEK.PRG	004568	17
TWN_SEEK.PRG	004579	25
TWN_SEEK.PRG	004592	35
TWN_SEEK.PRG	0045B5	21
TWN_SEEK.PRG	0045CA	37
TWN_SEEK.PRG	0045EF	15
TWN_SEEK.PRG	0045FE	21
TWN_SEEK.PRG	004620	17
TWN_SEEK.PRG	004631	25
TWN_SEEK.PRG	00464A	35
TWN_SEEK.PRG	00466D	21
TWN_SEEK.PRG	004682	35
TWN_SEEK.PRG	0046A5	15
TWN_SEEK.PRG	0046B4	21
TWN_SEEK.PRG	0046D6	17
TWN_SEEK.PRG	0046E7	25
TWN_SEEK.PRG	004700	35
TWN_SEEK.PRG	004723	31
TWN_SEEK.PRG	004742	27
TWN_SEEK.PRG	00475D	9
TWN_SEEK.PRG	004766	7
TWN_SEEK.PRG	00476D	35
TWN_SEEK.PRG	004790	37
TWN_SEEK.PRG	0047B5	33
TWN_SEEK.PRG	0047D6	33
TWN_SEEK.PRG	0047F7	29
TWN_SEEK.PRG	004814	33
TWN_SEEK.PRG	004835	33
TWN_SEEK.PRG	004856	29
TWN_SEEK.PRG	004873	29
TWN_SEEK.PRG	004890	39
TWN_SEEK.PRG	0048B7	9
TWN_SEEK.PRG	0048C0	7
TWN_SEEK.PRG	0048C7	17
TWN_SEEK.PRG	0048D8	39
TWN_SEEK.PRG	0048FF	35
TWN_SEEK.PRG	004922	31
TWN_SEEK.PRG	004941	23
TWN_SEEK.PRG	004958	33
TWN_SEEK.PRG	004979	33
TWN_SEEK.PRG	00499A	17
TWN_SEEK.PRG	0049AB	39
TWN_SEEK.PRG	0049D2	25
TWN_SEEK.PRG	0049EB	19
TWN_SEEK.PRG	0049FE	29
TWN_SEEK.PRG	004A1B	23
TWN_SEEK.PRG	004A32	33
TWN_SEEK.PRG	004A53	33
TWN_SEEK.PRG	004A74	35
TWN_SEEK.PRG	004A97	31
TWN_SEEK.PRG	004AB6	13
TWN_SEEK.PRG	004AC3	37
TWN_SEEK.PRG	004AE8	31
TWN_SEEK.PRG	004B07	27
TWN_SEEK.PRG	004B22	33
TWN_SEEK.PRG	004B43	35
TWN_SEEK.PRG	004B66	9
TWN_SEEK.PRG	004B6F	7
TWN_SEEK.PRG	004B76	17
TWN_SEEK.PRG	004B87	25
TWN_SEEK.PRG	004BA0	35
TWN_SEEK.PRG	004BC3	31
TWN_SEEK.PRG	004BE2	37
TWN_SEEK.PRG	004C07	27
TWN_SEEK.PRG	004C22	23
TWN_SEEK.PRG	004C39	33
TWN_SEEK.PRG	004C5A	23
TWN_SEEK.PRG	004C71	27
TWN_SEEK.PRG	004C8C	17
TWN_SEEK.PRG	004C9D	25
TWN_SEEK.PRG	004CB6	9
TWN_SEEK.PRG	004CBF	7
TWN_SEEK.PRG	004CC6	19
TWN_SEEK.PRG	004CD9	27
TWN_SEEK.PRG	004CF4	21
TWN_SEEK.PRG	004D09	29
TWN_SEEK.PRG	004D26	21
TWN_SEEK.PRG	004D3B	25
TWN_SEEK.PRG	004D54	21
TWN_SEEK.PRG	004D69	29
TWN_SEEK.PRG	004D86	21
TWN_SEEK.PRG	004D9B	25
TWN_SEEK.PRG	004DB4	25
TWN_SEEK.PRG	004DCD	35
TWN_SEEK.PRG	004DF0	17
TWN_SEEK.PRG	004E01	39
TWN_SEEK.PRG	004E28	21
TWN_SEEK.PRG	004E3D	37
TWN_SEEK.PRG	004E62	25
TWN_SEEK.PRG	004E7B	25
TWN_SEEK.PRG	004E94	23
TWN_SEEK.PRG	004EAB	27
TWN_SEEK.PRG	004EC6	9
TWN_SEEK.PRG	004ECF	7
TWN_SEEK.PRG	004ED6	29
TWN_SEEK.PRG	004EF3	35
TWN_SEEK.PRG	004F16	27
TWN_SEEK.PRG	004F31	17
TWN_SEEK.PRG	004F42	37
TWN_SEEK.PRG	004F67	29
TWN_SEEK.PRG	004F84	35
TWN_SEEK.PRG	004FA7	27
TWN_SEEK.PRG	004FC2	31
TWN_SEEK.PRG	004FE1	27
TWN_SEEK.PRG	004FFC	23
TWN_SEEK.PRG	005013	33
TWN_SEEK.PRG	005034	35
TWN_SEEK.PRG	005057	27
TWN_SEEK.PRG	005072	33
TWN_SEEK.PRG	005093	35
TWN_SEEK.PRG	0050B6	27
TWN_SEEK.PRG	0050D1	33
TWN_SEEK.PRG	0050F2	35
TWN_SEEK.PRG	005115	9
TWN_SEEK.PRG	00511E	7
TWN_SEEK.PRG	005125	39
TWN_SEEK.PRG	00514C	31
TWN_SEEK.PRG	00516B	39
TWN_SEEK.PRG	005192	31
TWN_SEEK.PRG	0051B1	37
TWN_SEEK.PRG	0051D6	37
TWN_SEEK.PRG	0051FB	37
TWN_SEEK.PRG	005220	35
TWN_SEEK.PRG	005243	31
TWN_SEEK.PRG	005262	35
TWN_SEEK.PRG	005285	31
TWN_SEEK.PRG	0052A4	9
TWN_SEEK.PRG	0052AD	7
TWN_SEEK.PRG	0052B4	23
TWN_SEEK.PRG	0052CB	29
TWN_SEEK.PRG	0052E8	37
TWN_SEEK.PRG	00530D	29
TWN_SEEK.PRG	00532A	27
TWN_SEEK.PRG	005345	21
TWN_SEEK.PRG	00535A	29
TWN_SEEK.PRG	005377	27
TWN_SEEK.PRG	005392	39
TWN_SEEK.PRG	0053B9	35
TWN_SEEK.PRG	0053DC	35
TWN_SEEK.PRG	0053FF	27
TWN_SEEK.PRG	00541A	39
TWN_SEEK.PRG	005441	35
TWN_SEEK.PRG	005464	35
TWN_SEEK.PRG	005487	29
TWN_SEEK.PRG	0054A4	29
TWN_SEEK.PRG	0054C1	9
TWN_SEEK.PRG	0054CA	7
TWN_SEEK.PRG	0054D1	21
TWN_SEEK.PRG	0054E6	29
TWN_SEEK.PRG	005503	23
TWN_SEEK.PRG	00551A	23
TWN_SEEK.PRG	005531	27
TWN_SEEK.PRG	00554C	21
TWN_SEEK.PRG	005561	29
TWN_SEEK.PRG	00557E	11
TWN_SEEK.PRG	005589	39
TWN_SEEK.PRG	0061A3	10
TWN_SEEK.PRG	0061AD	21
TWN_SEEK.PRG	0061C2	23
TWN_SEEK.PRG	0061E6	35
TWN_SEEK.PRG	006216	39
TWN_SEEK.PRG	00623E	39
TWN_SEEK.PRG	006265	29
TWN_SEEK.PRG	00628F	19
TWN_SEEK.PRG	0062AF	27
TWN_SEEK.PRG	0062CA	2
TWN_SEEK.PRG	0062CC	9
TWN_SEEK.PRG	0062D5	39
TWN_SEEK.PRG	006309	25
TWN_SEEK.PRG	006322	27
TWN_SEEK.PRG	00634A	27
TWN_SEEK.PRG	006365	37
TWN_SEEK.PRG	006397	33
TWN_SEEK.PRG	0063C5	25
TWN_SEEK.PRG	0063EB	23
TWN_SEEK.PRG	00640F	21
TWN_SEEK.PRG	006424	2
TWN_SEEK.PRG	006426	35
TWN_SEEK.PRG	00644B	27
TWN_SEEK.PRG	006473	27
TWN_SEEK.PRG	00649B	39
TWN_SEEK.PRG	0064C3	39
TWN_SEEK.PRG	0064EA	29
TWN_SEEK.PRG	006514	19
TWN_SEEK.PRG	006534	27
TWN_SEEK.PRG	00654F	2
TWN_SEEK.PRG	006551	9
TWN_SEEK.PRG	00655A	39
TWN_SEEK.PRG	00658E	25
TWN_SEEK.PRG	0065A7	27
TWN_SEEK.PRG	0065CF	27
TWN_SEEK.PRG	0065EA	37
TWN_SEEK.PRG	00661C	33
TWN_SEEK.PRG	00664A	25
TWN_SEEK.PRG	006670	37
TWN_SEEK.PRG	0066A2	37
TWN_SEEK.PRG	0066D6	37
TWN_SEEK.PRG	006708	37
TWN_SEEK.PRG	00672F	29
TWN_SEEK.PRG	006759	27
TWN_SEEK.PRG	006781	27
TWN_SEEK.PRG	00679C	37
TWN_SEEK.PRG	0070DF	17
TWN_SEEK.PRG	0070F0	37
TWN_SEEK.PRG	007115	11
TWN_SEEK.PRG	00712D	35
TWN_SEEK.PRG	007150	27
TWN_SEEK.PRG	007178	33
TWN_SEEK.PRG	007199	21
TWN_SEEK.PRG	0071AE	23
TWN_SEEK.PRG	0071C5	29
TWN_SEEK.PRG	0071E2	25
TWN_SEEK.PRG	007208	37
TWN_SEEK.PRG	00722D	11
TWN_SEEK.PRG	007245	35
TWN_SEEK.PRG	007275	31
TWN_SEEK.PRG	007294	35
TWN_SEEK.PRG	0072C4	31
TWN_SEEK.PRG	0072E3	37
TWN_SEEK.PRG	007315	39
TWN_SEEK.PRG	00733C	35
TWN_SEEK.PRG	00735F	29
TWN_SEEK.PRG	007389	27
TWN_SEEK.PRG	0073A4	35
TWN_SEEK.PRG	0073D4	29
TWN_SEEK.PRG	0073F1	31
TWN_SEEK.PRG	00741D	27
TWN_SEEK.PRG	007438	35
TWN_SEEK.PRG	00745B	31
TWN_SEEK.PRG	00863B	4
TWN_SEEK.PRG	00863F	2
TWN_SEEK.PRG	008641	2
TWN_SEEK.PRG	008643	4
TWN_SEEK.PRG	008647	19
TWN_SEEK.PRG	00865A	21
TWN_SEEK.PRG	00866F	13
TWN_SEEK.PRG	00867C	9
TWN_SEEK.PRG	008692	7
TWN_SEEK.PRG	0086A6	19
TWN_SEEK.PRG	0086C6	37
TWN_SEEK.PRG	0086F8	7
TWN_SEEK.PRG	0086FF	25
TWN_SEEK.PRG	008725	23
TWN_SEEK.PRG	00873C	27
TWN_SEEK.PRG	008764	29
TWN_SEEK.PRG	00878E	21
TWN_SEEK.PRG	0087A3	27
TWN_SEEK.PRG	0087BE	2
TWN_SEEK.PRG	0087C0	19
TWN_SEEK.PRG	0087D3	19
TWN_SEEK.PRG	0087E6	29
TWN_SEEK.PRG	008803	8
TWN_SEEK.PRG	00880B	39
TWN_SEEK.PRG	008832	37
TWN_SEEK.PRG	008857	27
TWN_SEEK.PRG	00887F	21
TWN_SEEK.PRG	008894	13
TWN_SEEK.PRG	0088A1	9
TWN_SEEK.PRG	0088B7	7
TWN_SEEK.PRG	0088CB	19
TWN_SEEK.PRG	0088DE	39
TWN_SEEK.PRG	008905	37
TWN_SEEK.PRG	00892A	27
TWN_SEEK.PRG	008952	21
TWN_SEEK.PRG	008967	13
TWN_SEEK.PRG	008974	9
TWN_SEEK.PRG	00898A	7
TWN_SEEK.PRG	00899E	19
TWN_SEEK.PRG	0089B1	39
TWN_SEEK.PRG	0089D8	37
TWN_SEEK.PRG	0089FD	27
TWN_SEEK.PRG	008A25	21
TWN_SEEK.PRG	008A3A	13
TWN_SEEK.PRG	008A47	9
TWN_SEEK.PRG	008A5D	7
TWN_SEEK.PRG	008A71	19
TWN_SEEK.PRG	008A84	39
TWN_SEEK.PRG	008AAB	37
TWN_SEEK.PRG	008AD0	27
TWN_SEEK.PRG	008AF8	39
TWN_SEEK.PRG	008B2C	39
TWN_SEEK.PRG	008B61	29
TWN_SEEK.PRG	008B7E	10
TWN_SEEK.PRG	008B89	27
TWN_SEEK.PRG	008BB1	27
TWN_SEEK.PRG	008BCC	33
TWN_SEEK.PRG	008BED	6
TWN_SEEK.PRG	008C01	33
TWN_SEEK.PRG	008C22	6
TWN_SEEK.PRG	008C36	35
TWN_SEEK.PRG	008C59	31
TWN_SEEK.PRG	008C85	19
TWN_SEEK.PRG	008C98	31
TWN_SEEK.PRG	008CC4	27
TWN_SEEK.PRG	008CDF	27
TWN_SEEK.PRG	008D07	27
TWN_SEEK.PRG	008D22	23
TWN_SEEK.PRG	008D39	4
TWN_SEEK.PRG	008D3D	39
TWN_SEEK.PRG	008D65	19
TWN_SEEK.PRG	008D78	31
TWN_SEEK.PRG	008DA4	39
TWN_SEEK.PRG	008DCC	25
TWN_SEEK.PRG	00977D	15
TWN_SEEK.PRG	00978C	33
TWN_SEEK.PRG	0097BA	35
TWN_SEEK.PRG	0097DD	21
TWN_SEEK.PRG	0097FF	29
TWN_SEEK.PRG	00981C	21
TWN_SEEK.PRG	00983E	39
TWN_SEEK.PRG	009865	37
TWN_SEEK.PRG	00988A	35
TWN_SEEK.PRG	0098AD	25
TWN_SEEK.PRG	0098D3	33
TWN_SEEK.PRG	009901	31
TWN_SEEK.PRG	009920	39
TWN_SEEK.PRG	009954	29
TWN_SEEK.PRG	009971	21
TWN_SEEK.PRG	009993	39
TWN_SEEK.PRG	0099BA	39
TWN_SEEK.PRG	0099E1	35
TWN_SEEK.PRG	009A04	25
TWN_SEEK.PRG	009A2A	33
TWN_SEEK.PRG	009A4B	39
TWN_SEEK.PRG	009A72	35
TWN_SEEK.PRG	009AA2	37
TWN_SEEK.PRG	009AC7	31
TWN_SEEK.PRG	009AE6	31
TWN_SEEK.PRG	009B12	21
TWN_SEEK.PRG	009B34	25
TWN_SEEK.PRG	009B4D	35
TWN_SEEK.PRG	009B70	2
TWN_SEEK.PRG	009B72	19
TWN_SEEK.PRG	009B85	29
TWN_SEEK.PRG	009BAF	29
TWN_SEEK.PRG	009BCC	39
TWN_SEEK.PRG	009C01	37
TWN_SEEK.PRG	009C26	39
TWN_SEEK.PRG	00B7FB	19
TWN_SEEK.PRG	00B80E	29
TWN_SEEK.PRG	00B82B	37
TWN_SEEK.PRG	00B85E	37
TWN_SEEK.PRG	00B883	31
TWN_SEEK.PRG	00B8AF	29
TWN_SEEK.PRG	00B8CC	37
TWN_SEEK.PRG	00B8FF	37
TWN_SEEK.PRG	00B924	31
TWN_SEEK.PRG	00B943	35
TWN_SEEK.PRG	00B966	29
TWN_SEEK.PRG	00B990	31
TWN_SEEK.PRG	00B9BC	15
TWN_SEEK.PRG	00B9D8	19
TWN_SEEK.PRG	00B9EB	27
TWN_SEEK.PRG	00BA06	39
TWN_SEEK.PRG	00BA2D	39
TWN_SEEK.PRG	00BA54	29
TWN_SEEK.PRG	00BA7E	33
TWN_SEEK.PRG	00BA9F	33
TWN_SEEK.PRG	00BACD	5
TWN_SEEK.PRG	00BAD2	33
TWN_SEEK.PRG	00BB00	37
TWN_SEEK.PRG	00BB25	39
TWN_SEEK.PRG	00BB59	19
TWN_SEEK.PRG	00BB6C	21
TWN_SEEK.PRG	00BB8E	19
TWN_SEEK.PRG	00BBA1	37
TWN_SEEK.PRG	00BBD3	37
TWN_SEEK.PRG	00BC05	37
TWN_SEEK.PRG	00BC2A	17
TWN_SEEK.PRG	00BC48	23
TWN_SEEK.PRG	00BC6C	27
TWN_SEEK.PRG	00BC87	23
TWN_SEEK.PRG	00BC9E	25
TWN_SEEK.PRG	00BCB7	25
TWN_SEEK.PRG	00BCD0	2
TWN_SEEK.PRG	00BCD2	31
TWN_SEEK.PRG	00BCF1	31
TWN_SEEK.PRG	00BD1D	35
TWN_SEEK.PRG	00BD40	2
TWN_SEEK.PRG	00BD42	37
TWN_SEEK.PRG	00BD67	9
TWN_SEEK.PRG	00BD70	33
TWN_SEEK.PRG	00BD91	35
TWN_SEEK.PRG	00BDB4	2
TWN_SEEK.PRG	00BDB6	7
TWN_SEEK.PRG	00BDCA	15
TWN_SEEK.PRG	00BDD9	20
TWN_SEEK.PRG	00BDED	2
TWN_SEEK.PRG	00BDEF	39
TWN_SEEK.PRG	00BE23	5
TWN_SEEK.PRG	00BE28	23
TWN_SEEK.PRG	00BE3F	33
TWN_SEEK.PRG	00BE60	39
TWN_SEEK.PRG	00BE94	7
TWN_SEEK.PRG	00BE9B	29
TWN_SEEK.PRG	00BEC5	29
TWN_SEEK.PRG	00BEEF	9
TWN_SEEK.PRG	00BEF8	33
TWN_SEEK.PRG	00BF26	35
TWN_SEEK.PRG	00BF56	39
TWN_SEEK.PRG	00BF8A	35
TWN_SEEK.PRG	00BFBA	39
TWN_SEEK.PRG	00BFE1	35
TWN_SEEK.PRG	00C004	29
TWN_SEEK.PRG	00C02E	39
TWN_SEEK.PRG	00C062	5
TWN_SEEK.PRG	00C074	21
TWN_SEEK.PRG	00C089	33
TWN_SEEK.PRG	00C0AA	31
TWN_SEEK.PRG	00C0C9	31
TWN_SEEK.PRG	00C0F5	5
TWN_SEEK.PRG	00C107	23
TWN_SEEK.PRG	00C11E	27
TWN_SEEK.PRG	00C139	31
TWN_SEEK.PRG	00C158	2
TWN_SEEK.PRG	00C15A	35
TWN_SEEK.PRG	00C18A	11
TWN_SEEK.PRG	00C195	39
TWN_SEEK.PRG	00C1C9	29
TWN_SEEK.PRG	00C1F3	25
TWN_SEEK.PRG	00C20C	33
TWN_SEEK.PRG	00C23A	9
TWN_SEEK.PRG	00C243	31
TWN_SEEK.PRG	00C262	2
TWN_SEEK.PRG	00C264	31
TWN_SEEK.PRG	00C290	35
TWN_SEEK.PRG	00C2C0	39
TWN_SEEK.PRG	00C2E7	39
TWN_SEEK.PRG	00C31B	25
TWN_SEEK.PRG	00C334	35
TWN_SEEK.PRG	00C364	37
TWN_SEEK.PRG	00C396	27
TWN_SEEK.PRG	00C3BE	25
TWN_SEEK.PRG	00C3D7	29
TWN_SEEK.PRG	00C3F4	33
TWN_SEEK.PRG	00C415	4
TWN_SEEK.PRG	00C419	35
TWN_SEEK.PRG	00C43C	33
TWN_SEEK.PRG	00C46C	11
TWN_SEEK.PRG	00C484	11
TWN_SEEK.PRG	00C48F	35
TWN_SEEK.PRG	00C4BF	27
TWN_SEEK.PRG	00C4E7	25
TWN_SEEK.PRG	00C500	29
TWN_SEEK.PRG	00C51D	33
TWN_SEEK.PRG	00C540	35
TWN_SEEK.PRG	00C563	33
TWN_SEEK.PRG	00C593	11
TWN_SEEK.PRG	00C5AB	11
TWN_SEEK.PRG	00C5B6	35
TWN_SEEK.PRG	00D357	24
TWN_SEEK.PRG	00D36F	35
TWN_SEEK.PRG	00D392	23
TWN_SEEK.PRG	00D3B6	37
TWN_SEEK.PRG	00D3E8	23
TWN_SEEK.PRG	00D3FF	39
TWN_SEEK.PRG	00D433	27
TWN_SEEK.PRG	00D45B	23
TWN_SEEK.PRG	00D472	33
TWN_SEEK.PRG	00D4A0	39
TWN_SEEK.PRG	00D4D4	7
TWN_SEEK.PRG	00D4DB	32
TWN_SEEK.PRG	00D4FB	35
TWN_SEEK.PRG	00D52B	39
TWN_SEEK.PRG	00D55F	31
TWN_SEEK.PRG	00D57E	11
TWN_SEEK.PRG	00D596	33
TWN_SEEK.PRG	00D5B7	6
TWN_SEEK.PRG	00D5BD	29
TWN_SEEK.PRG	00D5E7	31
TWN_SEEK.PRG	00D613	25
TWN_SEEK.PRG	00D639	21
TWN_SEEK.PRG	00D64E	4
TWN_SEEK.PRG	00D652	23
TWN_SEEK.PRG	00D669	2
TWN_SEEK.PRG	00D678	35
TWN_SEEK.PRG	00D6A8	23
TWN_SEEK.PRG	00D6BF	29
TWN_SEEK.PRG	00D6E9	9
TWN_SEEK.PRG	00D6F2	29
TWN_SEEK.PRG	00D71C	23
TWN_SEEK.PRG	00D733	6
TWN_SEEK.PRG	00D739	17
TWN_SEEK.PRG	00D757	25
TWN_SEEK.PRG	00D77D	9
TWN_SEEK.PRG	00D793	9
TWN_SEEK.PRG	00D79C	39
TWN_SEEK.PRG	00D7D0	35
TWN_SEEK.PRG	00D800	23
TWN_SEEK.PRG	00D817	29
TWN_SEEK.PRG	00D841	9
TWN_SEEK.PRG	00D84A	29
TWN_SEEK.PRG	00D874	23
TWN_SEEK.PRG	00D88B	6
TWN_SEEK.PRG	00D891	17
TWN_SEEK.PRG	00D8AF	37
TWN_SEEK.PRG	00D8E1	25
TWN_SEEK.PRG	00D8FA	12
TWN_SEEK.PRG	00D906	29
TWN_SEEK.PRG	00E659	19
TWN_SEEK.PRG	00E66C	35
TWN_SEEK.PRG	00E68F	33
TWN_SEEK.PRG	00E6B0	2
TWN_SEEK.PRG	00E6BF	31
TWN_SEEK.PRG	00E6EB	35
TWN_SEEK.PRG	00E70E	29
TWN_SEEK.PRG	00E738	31
TWN_SEEK.PRG	00E757	37
TWN_SEEK.PRG	00E789	21
TWN_SEEK.PRG	00E79E	39
TWN_SEEK.PRG	00E7D2	23
TWN_SEEK.PRG	00E7E9	29
TWN_SEEK.PRG	00E813	33
TWN_SEEK.PRG	00E834	29
TWN_SEEK.PRG	00E85E	37
TWN_SEEK.PRG	00E890	35
TWN_SEEK.PRG	00E8B3	33
TWN_SEEK.PRG	00E8D4	2
TWN_SEEK.PRG	00E8E3	39
TWN_SEEK.PRG	00E90A	23
TWN_SEEK.PRG	00E921	27
TWN_SEEK.PRG	00E93C	25
TWN_SEEK.PRG	00E955	25
TWN_SEEK.PRG	00E97B	31
TWN_SEEK.PRG	00E99A	31
TWN_SEEK.PRG	00E9B9	35
TWN_SEEK.PRG	00E9E9	39
TWN_SEEK.PRG	00EA10	25
TWN_SEEK.PRG	00EA36	21
TWN_SEEK.PRG	00EA4B	37
TWN_SEEK.PRG	00EA70	25
TWN_SEEK.PRG	00EA89	23
TWN_SEEK.PRG	00EAA0	29
TWN_SEEK.PRG	00EACA	35
TWN_SEEK.PRG	00EAED	21
TWN_SEEK.PRG	00EB0F	35
TWN_SEEK.PRG	00EB32	35
TWN_SEEK.PRG	00EB62	37
TWN_SEEK.PRG	00EB94	39
TWN_SEEK.PRG	00EBBB	39
TWN_SEEK.PRG	00EBEF	37
TWN_SEEK.PRG	00EC14	27
TWN_SEEK.PRG	00EC37	8
TWN_SEEK.PRG	01215B	36
TWN_SEEK.PRG	01217F	25
TWN_SEEK.PRG	0121A5	17
TWN_SEEK.PRG	0121B6	25
TWN_SEEK.PRG	0121CF	29
TWN_SEEK.PRG	0121EC	25
TWN_SEEK.PRG	012212	19
TWN_SEEK.PRG	012225	25
TWN_SEEK.PRG	01224B	13
TWN_SEEK.PRG	012265	23
TWN_SEEK.PRG	01227C	2
TWN_SEEK.PRG	01227E	25
TWN_SEEK.PRG	012297	31
TWN_SEEK.PRG	0122C3	37
TWN_SEEK.PRG	0122E9	37
TWN_SEEK.PRG	01230E	23
TWN_SEEK.PRG	012332	23
TWN_SEEK.PRG	012356	29
TWN_SEEK.PRG	012373	8
TWN_SEEK.PRG	01237B	31
TWN_SEEK.PRG	01239A	7
TWN_SEEK.PRG	0123AE	29
TWN_SEEK.PRG	0123D8	7
TWN_SEEK.PRG	0123DF	37
TWN_SEEK.PRG	012411	7
TWN_SEEK.PRG	012418	25
TWN_SEEK.PRG	01243E	33
TWN_SEEK.PRG	01245F	39
TWN_SEEK.PRG	012486	39
TWN_SEEK.PRG	0124AE	33
TWN_SEEK.PRG	0124CF	35
TWN_SEEK.PRG	0124F2	29
TWN_SEEK.PRG	01251C	9
TWN_SEEK.PRG	012532	33
TWN_SEEK.PRG	012553	29
TWN_SEEK.PRG	01257D	17
TWN_SEEK.PRG	01258E	33
TWN_SEEK.PRG	0125BC	14
TWN_SEEK.PRG	0125CA	21
TWN_SEEK.PRG	0125DF	31
TWN_SEEK.PRG	0125FE	4
TWN_SEEK.PRG	01260F	15
TWN_SEEK.PRG	01262B	29
TWN_SEEK.PRG	012648	25
TWN_SEEK.PRG	012661	39
TWN_SEEK.PRG	012696	39
TWN_SEEK.PRG	0126CA	7
TWN_SEEK.PRG	0126D1	32
TWN_SEEK.PRG	0126F1	35
TWN_SEEK.PRG	012714	37
TWN_SEEK.PRG	012739	29
TWN_SEEK.PRG	012756	17
TWN_SEEK.PRG	012773	13
TWN_SEEK.PRG	012790	15
TWN_SEEK.PRG	0127AD	19
TWN_SEEK.PRG	0127CA	13
TWN_SEEK.PRG	0127E7	11
TWN_SEEK.PRG	012804	13
TWN_SEEK.PRG	012821	7
TWN_SEEK.PRG	01283E	11
TWN_SEEK.PRG	01285B	13
TWN_SEEK.PRG	012878	9
TWN_SEEK.PRG	012895	13
TWN_SEEK.PRG	0128B2	13
TWN_SEEK.PRG	0128CF	13
TWN_SEEK.PRG	0128EC	11
TWN_SEEK.PRG	0128F7	17
TWN_SEEK.PRG	012914	13
TWN_SEEK.PRG	012931	15
TWN_SEEK.PRG	01294E	19
TWN_SEEK.PRG	01296B	13
TWN_SEEK.PRG	012988	11
TWN_SEEK.PRG	0129A5	13
TWN_SEEK.PRG	0129C2	11
TWN_SEEK.PRG	0129DF	13
TWN_SEEK.PRG	0129FC	9
TWN_SEEK.PRG	012A19	13
TWN_SEEK.PRG	012A36	13
TWN_SEEK.PRG	012A53	13
TWN_SEEK.PRG	012A70	11
TWN_SEEK.PRG	012A7B	17
TWN_SEEK.PRG	012A98	13
TWN_SEEK.PRG	012AB5	15
TWN_SEEK.PRG	012AD2	19
TWN_SEEK.PRG	012AEF	13
TWN_SEEK.PRG	012B0C	11
TWN_SEEK.PRG	012B29	7
TWN_SEEK.PRG	012B46	11
TWN_SEEK.PRG	012B63	13
TWN_SEEK.PRG	012B80	9
TWN_SEEK.PRG	012B9D	13
TWN_SEEK.PRG	012BBA	13
TWN_SEEK.PRG	012BD7	13
TWN_SEEK.PRG	012BF4	11
TWN_SEEK.PRG	012BFF	17
TWN_SEEK.PRG	012C1C	13
TWN_SEEK.PRG	012C39	15
TWN_SEEK.PRG	012C56	19
TWN_SEEK.PRG	012C73	13
TWN_SEEK.PRG	012C90	11
TWN_SEEK.PRG	012CAD	11
TWN_SEEK.PRG	012CCA	13
TWN_SEEK.PRG	012CE7	9
TWN_SEEK.PRG	012D04	13
TWN_SEEK.PRG	012D21	13
TWN_SEEK.PRG	012D3E	13
TWN_SEEK.PRG	012D5B	11
TWN_SEEK.PRG	012D66	17
TWN_SEEK.PRG	012D83	13
TWN_SEEK.PRG	012DA0	19
TWN_SEEK.PRG	012DBD	13
TWN_SEEK.PRG	012DDA	11
TWN_SEEK.PRG	012DF7	13
TWN_SEEK.PRG	012E14	7
TWN_SEEK.PRG	012E31	11
TWN_SEEK.PRG	012E4E	13
TWN_SEEK.PRG	012E6B	9
TWN_SEEK.PRG	012E88	13
TWN_SEEK.PRG	012EA5	13
TWN_SEEK.PRG	012EC2	13
TWN_SEEK.PRG	012EDF	11
TWN_SEEK.PRG	012EEA	17
TWN_SEEK.PRG	012F07	13
TWN_SEEK.PRG	012F24	19
TWN_SEEK.PRG	012F41	13
TWN_SEEK.PRG	012F5E	11
TWN_SEEK.PRG	012F7B	13
TWN_SEEK.PRG	012F98	11
TWN_SEEK.PRG	012FB5	13
TWN_SEEK.PRG	012FD2	9
TWN_SEEK.PRG	012FEF	13
TWN_SEEK.PRG	01300C	13
TWN_SEEK.PRG	013029	13
TWN_SEEK.PRG	013046	11
TWN_SEEK.PRG	013051	17
TWN_SEEK.PRG	01306E	13
TWN_SEEK.PRG	01308B	19
TWN_SEEK.PRG	0130A8	13
TWN_SEEK.PRG	0130C5	11
TWN_SEEK.PRG	0130E2	7
TWN_SEEK.PRG	0130FF	11
TWN_SEEK.PRG	01311C	13
TWN_SEEK.PRG	013139	9
TWN_SEEK.PRG	013156	13
TWN_SEEK.PRG	013173	13
TWN_SEEK.PRG	013190	13
TWN_SEEK.PRG	0131AD	11
TWN_SEEK.PRG	0131B8	17
TWN_SEEK.PRG	0131D5	13
TWN_SEEK.PRG	0131F2	19
TWN_SEEK.PRG	01320F	13
TWN_SEEK.PRG	01322C	11
TWN_SEEK.PRG	013249	11
TWN_SEEK.PRG	013266	13
TWN_SEEK.PRG	013283	9
TWN_SEEK.PRG	0132A0	13
TWN_SEEK.PRG	0132BD	13
TWN_SEEK.PRG	0132DA	13
TWN_SEEK.PRG	0132F7	11
TWN_SEEK.PRG	013302	17
TWN_SEEK.PRG	01331F	15
TWN_SEEK.PRG	01333C	19
TWN_SEEK.PRG	013359	13
TWN_SEEK.PRG	013376	11
TWN_SEEK.PRG	013393	13
TWN_SEEK.PRG	0133B0	7
TWN_SEEK.PRG	0133CD	11
TWN_SEEK.PRG	0133EA	13
TWN_SEEK.PRG	013407	9
TWN_SEEK.PRG	013424	13
TWN_SEEK.PRG	013441	13
TWN_SEEK.PRG	01345E	13
TWN_SEEK.PRG	01347B	11
TWN_SEEK.PRG	013486	17
TWN_SEEK.PRG	0134A3	15
TWN_SEEK.PRG	0134C0	19
TWN_SEEK.PRG	0134DD	13
TWN_SEEK.PRG	0134FA	11
TWN_SEEK.PRG	013517	13
TWN_SEEK.PRG	013534	11
TWN_SEEK.PRG	013551	13
TWN_SEEK.PRG	01356E	9
TWN_SEEK.PRG	01358B	13
TWN_SEEK.PRG	0135A8	13
TWN_SEEK.PRG	0135C5	13
TWN_SEEK.PRG	0135E2	11
TWN_SEEK.PRG	0135ED	17
TWN_SEEK.PRG	01360A	15
TWN_SEEK.PRG	013627	19
TWN_SEEK.PRG	013644	13
TWN_SEEK.PRG	013661	11
TWN_SEEK.PRG	01367E	7
TWN_SEEK.PRG	01369B	11
TWN_SEEK.PRG	0136B8	13
TWN_SEEK.PRG	0136D5	9
TWN_SEEK.PRG	0136F2	13
TWN_SEEK.PRG	01370F	13
TWN_SEEK.PRG	01372C	13
TWN_SEEK.PRG	013749	11
TWN_SEEK.PRG	013754	17
TWN_SEEK.PRG	013771	15
TWN_SEEK.PRG	01378E	19
TWN_SEEK.PRG	0137AB	13
TWN_SEEK.PRG	0137C8	11
TWN_SEEK.PRG	0137E5	11
TWN_SEEK.PRG	013802	13
TWN_SEEK.PRG	01381F	9
TWN_SEEK.PRG	01383C	13
TWN_SEEK.PRG	013859	13
TWN_SEEK.PRG	013876	13
TWN_SEEK.PRG	013893	11
TWN_SEEK.PRG	01389E	17
TWN_SEEK.PRG	0138BB	19
TWN_SEEK.PRG	0138D8	13
TWN_SEEK.PRG	0138F5	11
TWN_SEEK.PRG	013912	13
TWN_SEEK.PRG	01392F	7
TWN_SEEK.PRG	01394C	11
TWN_SEEK.PRG	013969	13
TWN_SEEK.PRG	013986	9
TWN_SEEK.PRG	0139A3	13
TWN_SEEK.PRG	0139C0	13
TWN_SEEK.PRG	0139DD	13
TWN_SEEK.PRG	0139FA	11
TWN_SEEK.PRG	013A05	17
TWN_SEEK.PRG	013A22	19
TWN_SEEK.PRG	013A3F	13
TWN_SEEK.PRG	013A5C	11
TWN_SEEK.PRG	013A79	13
TWN_SEEK.PRG	013A96	11
TWN_SEEK.PRG	013AB3	13
TWN_SEEK.PRG	013AD0	9
TWN_SEEK.PRG	013AED	13
TWN_SEEK.PRG	013B0A	13
TWN_SEEK.PRG	013B27	13
TWN_SEEK.PRG	013B44	11
TWN_SEEK.PRG	013B4F	17
TWN_SEEK.PRG	013B6C	19
TWN_SEEK.PRG	013B89	13
TWN_SEEK.PRG	013BA6	11
TWN_SEEK.PRG	013BC3	7
TWN_SEEK.PRG	013BE0	11
TWN_SEEK.PRG	013BFD	13
TWN_SEEK.PRG	013C1A	9
TWN_SEEK.PRG	013C37	13
TWN_SEEK.PRG	013C54	13
TWN_SEEK.PRG	013C71	13
TWN_SEEK.PRG	013C8E	11
TWN_SEEK.PRG	013C99	17
TWN_SEEK.PRG	013CB6	19
TWN_SEEK.PRG	013CD3	13
TWN_SEEK.PRG	013CF0	11
TWN_SEEK.PRG	013D0D	11
TWN_SEEK.PRG	013D2A	13
TWN_SEEK.PRG	013D47	9
TWN_SEEK.PRG	013D64	13
TWN_SEEK.PRG	013D81	13
TWN_SEEK.PRG	013D9E	13
TWN_SEEK.PRG	013DBB	11
TWN_SEEK.PRG	013DC6	15
TWN_SEEK.PRG	013DE3	19
TWN_SEEK.PRG	013E00	13
TWN_SEEK.PRG	013E1D	11
TWN_SEEK.PRG	013E3A	13
TWN_SEEK.PRG	013E57	7
TWN_SEEK.PRG	013E74	11
TWN_SEEK.PRG	013E91	13
TWN_SEEK.PRG	013EAE	9
TWN_SEEK.PRG	013ECB	13
TWN_SEEK.PRG	013EE8	13
TWN_SEEK.PRG	013F05	13
TWN_SEEK.PRG	013F22	11
TWN_SEEK.PRG	013F2D	15
TWN_SEEK.PRG	013F4A	19
TWN_SEEK.PRG	013F67	13
TWN_SEEK.PRG	013F84	11
TWN_SEEK.PRG	013FA1	13
TWN_SEEK.PRG	013FBE	11
TWN_SEEK.PRG	013FDB	13
TWN_SEEK.PRG	013FF8	9
TWN_SEEK.PRG	014015	13
TWN_SEEK.PRG	014032	13
TWN_SEEK.PRG	01404F	13
TWN_SEEK.PRG	01406C	11
TWN_SEEK.PRG	014077	15
TWN_SEEK.PRG	014094	19
TWN_SEEK.PRG	0140B1	13
TWN_SEEK.PRG	0140CE	11
TWN_SEEK.PRG	0140EB	7
TWN_SEEK.PRG	014108	11
TWN_SEEK.PRG	014125	13
TWN_SEEK.PRG	014142	9
TWN_SEEK.PRG	01415F	13
TWN_SEEK.PRG	01417C	13
TWN_SEEK.PRG	014199	13
TWN_SEEK.PRG	0141B6	11
TWN_SEEK.PRG	0141C1	15
TWN_SEEK.PRG	0141DE	19
TWN_SEEK.PRG	0141FB	13
TWN_SEEK.PRG	014218	11
TWN_SEEK.PRG	014235	11
TWN_SEEK.PRG	014252	13
TWN_SEEK.PRG	01426F	9
TWN_SEEK.PRG	01428C	13
TWN_SEEK.PRG	0142A9	13
TWN_SEEK.PRG	0142C6	13
TWN_SEEK.PRG	0142E3	11
TWN_SEEK.PRG	0142EE	19
TWN_SEEK.PRG	01430B	13
TWN_SEEK.PRG	014328	11
TWN_SEEK.PRG	014345	13
TWN_SEEK.PRG	014362	7
TWN_SEEK.PRG	01437F	11
TWN_SEEK.PRG	01439C	13
TWN_SEEK.PRG	0143B9	9
TWN_SEEK.PRG	0143D6	13
TWN_SEEK.PRG	0143F3	13
TWN_SEEK.PRG	014410	13
TWN_SEEK.PRG	01442D	11
TWN_SEEK.PRG	014438	19
TWN_SEEK.PRG	014455	13
TWN_SEEK.PRG	014472	11
TWN_SEEK.PRG	01448F	13
TWN_SEEK.PRG	0144AC	11
TWN_SEEK.PRG	0144C9	13
TWN_SEEK.PRG	0144E6	9
TWN_SEEK.PRG	014503	13
TWN_SEEK.PRG	014520	13
TWN_SEEK.PRG	01453D	13
TWN_SEEK.PRG	01455A	11
TWN_SEEK.PRG	014565	19
TWN_SEEK.PRG	014582	13
TWN_SEEK.PRG	01459F	11
TWN_SEEK.PRG	0145BC	7
TWN_SEEK.PRG	0145D9	11
TWN_SEEK.PRG	0145F6	13
TWN_SEEK.PRG	014613	9
TWN_SEEK.PRG	014630	13
TWN_SEEK.PRG	01464D	13
TWN_SEEK.PRG	01466A	13
TWN_SEEK.PRG	014687	11
TWN_SEEK.PRG	014692	19
TWN_SEEK.PRG	0146AF	13
TWN_SEEK.PRG	0146CC	11
TWN_SEEK.PRG	0146E9	11
TWN_SEEK.PRG	014706	13
TWN_SEEK.PRG	014723	9
TWN_SEEK.PRG	014740	13
TWN_SEEK.PRG	01475D	13
TWN_SEEK.PRG	01477A	13
TWN_SEEK.PRG	014797	11
TWN_SEEK.PRG	0147A2	15
TWN_SEEK.PRG	0147BF	19
TWN_SEEK.PRG	0147DC	13
TWN_SEEK.PRG	0147F9	11
TWN_SEEK.PRG	014816	13
TWN_SEEK.PRG	014833	7
TWN_SEEK.PRG	014850	11
TWN_SEEK.PRG	01486D	13
TWN_SEEK.PRG	01488A	9
TWN_SEEK.PRG	0148A7	13
TWN_SEEK.PRG	0148C4	13
TWN_SEEK.PRG	0148E1	13
TWN_SEEK.PRG	0148FE	11
TWN_SEEK.PRG	014909	15
TWN_SEEK.PRG	014926	19
TWN_SEEK.PRG	014943	13
TWN_SEEK.PRG	014960	11
TWN_SEEK.PRG	01497D	13
TWN_SEEK.PRG	01499A	11
TWN_SEEK.PRG	0149B7	13
TWN_SEEK.PRG	0149D4	9
TWN_SEEK.PRG	0149F1	13
TWN_SEEK.PRG	014A0E	13
TWN_SEEK.PRG	014A2B	13
TWN_SEEK.PRG	014A48	11
TWN_SEEK.PRG	014A53	15
TWN_SEEK.PRG	014A70	19
TWN_SEEK.PRG	014A8D	13
TWN_SEEK.PRG	014AAA	11
TWN_SEEK.PRG	014AC7	7
TWN_SEEK.PRG	014AE4	11
TWN_SEEK.PRG	014B01	13
TWN_SEEK.PRG	014B1E	9
TWN_SEEK.PRG	014B3B	13
TWN_SEEK.PRG	014B58	13
TWN_SEEK.PRG	014B75	13
TWN_SEEK.PRG	014B92	11
TWN_SEEK.PRG	014B9D	15
TWN_SEEK.PRG	014BBA	19
TWN_SEEK.PRG	014BD7	13
TWN_SEEK.PRG	014BF4	11
TWN_SEEK.PRG	014C11	11
TWN_SEEK.PRG	014C2E	13
TWN_SEEK.PRG	014C4B	9
TWN_SEEK.PRG	014C68	13
TWN_SEEK.PRG	014C85	13
TWN_SEEK.PRG	014CA2	13
TWN_SEEK.PRG	014CBF	11
TWN_SEEK.PRG	014CCA	19
TWN_SEEK.PRG	014CE7	13
TWN_SEEK.PRG	014D04	11
TWN_SEEK.PRG	014D21	13
TWN_SEEK.PRG	014D3E	7
TWN_SEEK.PRG	014D5B	11
TWN_SEEK.PRG	014D78	13
TWN_SEEK.PRG	014D95	9
TWN_SEEK.PRG	014DB2	13
TWN_SEEK.PRG	014DCF	13
TWN_SEEK.PRG	014DEC	13
TWN_SEEK.PRG	014E09	11
TWN_SEEK.PRG	014E14	19
TWN_SEEK.PRG	014E31	13
TWN_SEEK.PRG	014E4E	11
TWN_SEEK.PRG	014E6B	13
TWN_SEEK.PRG	014E88	11
TWN_SEEK.PRG	014EA5	13
TWN_SEEK.PRG	014EC2	9
TWN_SEEK.PRG	014EDF	13
TWN_SEEK.PRG	014EFC	13
TWN_SEEK.PRG	014F19	13
TWN_SEEK.PRG	014F36	11
TWN_SEEK.PRG	014F41	19
TWN_SEEK.PRG	014F5E	13
TWN_SEEK.PRG	014F7B	11
TWN_SEEK.PRG	014F98	7
TWN_SEEK.PRG	014FB5	11
TWN_SEEK.PRG	014FD2	13
TWN_SEEK.PRG	014FEF	9
TWN_SEEK.PRG	01500C	13
TWN_SEEK.PRG	015029	13
TWN_SEEK.PRG	015046	13
TWN_SEEK.PRG	015063	11
TWN_SEEK.PRG	01506E	19
TWN_SEEK.PRG	01508B	13
TWN_SEEK.PRG	0150A8	11
TWN_SEEK.PRG	0150C5	11
TWN_SEEK.PRG	0150E2	13
TWN_SEEK.PRG	0150FF	9
TWN_SEEK.PRG	01511C	13
TWN_SEEK.PRG	015139	13
TWN_SEEK.PRG	015156	13
TWN_SEEK.PRG	015173	11
TWN_SEEK.PRG	01518B	27
TWN_SEEK.PRG	0151A6	29
TWN_SEEK.PRG	0151C3	35
TWN_SEEK.PRG	0151E6	37
TWN_SEEK.PRG	01520B	2
TWN_SEEK.PRG	01521A	39
TWN_SEEK.PRG	015241	37
TWN_SEEK.PRG	015266	39
TWN_SEEK.PRG	01528E	33
TWN_SEEK.PRG	0152BC	33
TWN_SEEK.PRG	0152DD	6
TWN_SEEK.PRG	0152E4	39
TWN_SEEK.PRG	01530B	35
TWN_SEEK.PRG	01533B	35
TWN_SEEK.PRG	01535E	35
TWN_SEEK.PRG	015381	39
TWN_SEEK.PRG	0153A8	31
TWN_SEEK.PRG	0153C7	8
TWN_SEEK.PRG	0153DC	33
TWN_SEEK.PRG	0153FD	6
TWN_SEEK.PRG	015403	31
TWN_SEEK.PRG	015422	35
TWN_SEEK.PRG	015445	4
TWN_SEEK.PRG	015456	33
TWN_SEEK.PRG	015477	29
TWN_SEEK.PRG	0154A1	9
TWN_SEEK.PRG	0154B7	33
TWN_SEEK.PRG	0154D8	29
TWN_SEEK.PRG	0154F5	4
TWN_SEEK.PRG	015506	11
TWN_SEEK.PRG	015511	39
TWN_SEEK.PRG	015545	37
TWN_SEEK.PRG	01556A	2
TWN_SEEK.PRG	01556C	37
TWN_SEEK.PRG	01559E	33
TWN_SEEK.PRG	0155BF	35
TWN_SEEK.PRG	0155EF	39
TWN_SEEK.PRG	015616	31
TWN_SEEK.PRG	015635	33
TWN_SEEK.PRG	015656	6
TWN_SEEK.PRG	015669	35
TWN_SEEK.PRG	01568C	23
TWN_SEEK.PRG	0156B0	39
TWN_SEEK.PRG	0156D7	31
TWN_SEEK.PRG	0156F6	33
TWN_SEEK.PRG	015717	6
TWN_SEEK.PRG	01572A	35
TWN_SEEK.PRG	01574D	23
TWN_SEEK.PRG	015771	33
TWN_SEEK.PRG	015792	35
TWN_SEEK.PRG	0157C2	39
TWN_SEEK.PRG	0157E9	31
TWN_SEEK.PRG	015808	33
TWN_SEEK.PRG	015829	6
TWN_SEEK.PRG	01583C	35
TWN_SEEK.PRG	01585F	23
TWN_SEEK.PRG	015883	39
TWN_SEEK.PRG	0158AA	31
TWN_SEEK.PRG	0158C9	33
TWN_SEEK.PRG	0158EA	6
TWN_SEEK.PRG	0158FD	35
TWN_SEEK.PRG	015920	23
TWN_SEEK.PRG	015944	33
TWN_SEEK.PRG	015965	35
TWN_SEEK.PRG	015995	39
TWN_SEEK.PRG	0159BC	31
TWN_SEEK.PRG	0159DB	33
TWN_SEEK.PRG	0159FC	6
TWN_SEEK.PRG	015A0F	35
TWN_SEEK.PRG	015A32	23
TWN_SEEK.PRG	015A56	39
TWN_SEEK.PRG	015A7D	31
TWN_SEEK.PRG	015A9C	33
TWN_SEEK.PRG	015ABD	6
TWN_SEEK.PRG	015AD0	35
TWN_SEEK.PRG	015AF3	23
TWN_SEEK.PRG	015B17	37
TWN_SEEK.PRG	015B3E	39
TWN_SEEK.PRG	015B72	35
TWN_SEEK.PRG	015B95	39
TWN_SEEK.PRG	015BCA	35
TWN_SEEK.PRG	015BED	37
TWN_SEEK.PRG	015C22	35
TWN_SEEK.PRG	015C4A	31
TWN_SEEK.PRG	015C69	39
TWN_SEEK.PRG	015C91	29
TWN_SEEK.PRG	015CBB	31
TWN_SEEK.PRG	015CDA	8
TWN_SEEK.PRG	015CE3	33
TWN_SEEK.PRG	015D11	31
TWN_SEEK.PRG	015D30	23
TWN_SEEK.PRG	015D54	39
TWN_SEEK.PRG	015D7B	37
TWN_SEEK.PRG	015DA2	37
TWN_SEEK.PRG	015DC7	37
TWN_SEEK.PRG	015DF9	35
TWN_SEEK.PRG	015E1C	31
TWN_SEEK.PRG	015E3B	27
TWN_SEEK.PRG	015E63	29
TWN_SEEK.PRG	015E80	35
TWN_SEEK.PRG	015EB0	39
TWN_SEEK.PRG	015ED7	27
TWN_SEEK.PRG	015EF2	12
TWN_SEEK.PRG	015F0B	39
TWN_SEEK.PRG	015F32	31
TWN_SEEK.PRG	015F51	8
TWN_SEEK.PRG	015F59	39
TWN_SEEK.PRG	015F8D	39
TWN_SEEK.PRG	015FB4	35
TWN_SEEK.PRG	015FD7	4
TWN_SEEK.PRG	015FDB	21
TWN_SEEK.PRG	015FFD	35
TWN_SEEK.PRG	016020	33
TWN_SEEK.PRG	016041	35
TWN_SEEK.PRG	0166EF	35
TWN_SEEK.PRG	016712	35
TWN_SEEK.PRG	016742	15
TWN_SEEK.PRG	016751	39
TWN_SEEK.PRG	016779	29
TWN_SEEK.PRG	0167A3	37
TWN_SEEK.PRG	0167C8	29
TWN_SEEK.PRG	0167E5	25
TWN_SEEK.PRG	0167FE	27
TWN_SEEK.PRG	016826	21
TWN_SEEK.PRG	01683B	31
TWN_SEEK.PRG	016867	35
TWN_SEEK.PRG	016897	37
TWN_SEEK.PRG	0168BF	27
TWN_SEEK.PRG	0168E7	37
TWN_SEEK.PRG	016919	33
TWN_SEEK.PRG	01693A	23
TWN_SEEK.PRG	01695E	33
TWN_SEEK.PRG	01697F	27
TWN_SEEK.PRG	0169A7	35
TWN_SEEK.PRG	0169CA	37
TWN_SEEK.PRG	0169FC	31
TWN_SEEK.PRG	01716E	23
TWN_SEEK.PRG	017185	27
TWN_SEEK.PRG	0171AD	29
TWN_SEEK.PRG	0171CA	35
TWN_SEEK.PRG	0171FA	35
TWN_SEEK.PRG	01721D	37
TWN_SEEK.PRG	01724F	39
TWN_SEEK.PRG	017276	33
TWN_SEEK.PRG	0172A4	35
TWN_SEEK.PRG	0172C7	33
TWN_SEEK.PRG	0172F5	29
TWN_SEEK.PRG	017312	39
TWN_SEEK.PRG	017346	39
TWN_SEEK.PRG	01736D	39
TWN_SEEK.PRG	0173A1	37
TWN_SEEK.PRG	0173C6	35
TWN_SEEK.PRG	0173F6	39
TWN_SEEK.PRG	01741D	39
TWN_SEEK.PRG	017DA7	18
TWN_SEEK.PRG	017DC6	19
TWN_SEEK.PRG	017DD9	7
TWN_SEEK.PRG	017DE0	7
TWN_SEEK.PRG	017DE7	23
TWN_SEEK.PRG	017DFE	7
TWN_SEEK.PRG	017E12	29
TWN_SEEK.PRG	017E2F	35
TWN_SEEK.PRG	017E52	7
TWN_SEEK.PRG	017E66	35
TWN_SEEK.PRG	017E96	11
TWN_SEEK.PRG	017EA1	25
TWN_SEEK.PRG	017EBA	7
TWN_SEEK.PRG	017ECE	21
TWN_SEEK.PRG	017EE3	7
TWN_SEEK.PRG	017EF7	27
TWN_SEEK.PRG	017F1F	31
TWN_SEEK.PRG	017F4B	25
TWN_SEEK.PRG	017F64	15
TWN_SEEK.PRG	017F73	33
TWN_SEEK.PRG	017FA1	29
TWN_SEEK.PRG	017FBE	23
TWN_SEEK.PRG	017FD5	31
TWN_SEEK.PRG	018001	27
TWN_SEEK.PRG	018029	19
TWN_SEEK.PRG	018049	33
TWN_SEEK.PRG	018077	13
TWN_SEEK.PRG	018084	29
TWN_SEEK.PRG	0180AE	19
TWN_SEEK.PRG	0180CE	29
TWN_SEEK.PRG	0180EB	25
TWN_SEEK.PRG	018104	25
TWN_SEEK.PRG	01812A	9
TWN_SEEK.PRG	0186FE	19
TWN_SEEK.PRG	01871E	17
TWN_SEEK.PRG	01873C	31
TWN_SEEK.PRG	018768	5
TWN_SEEK.PRG	01877A	19
TWN_SEEK.PRG	01878D	33
TWN_SEEK.PRG	0187AE	33
TWN_SEEK.PRG	0187CF	33
TWN_SEEK.PRG	0187FD	13
TWN_SEEK.PRG	018817	27
TWN_SEEK.PRG	018832	17
TWN_SEEK.PRG	018850	17
TWN_SEEK.PRG	018861	33
TWN_SEEK.PRG	01888F	23
TWN_SEEK.PRG	0188A6	33
TWN_SEEK.PRG	0188C7	9
TWN_SEEK.PRG	0188D0	37
TWN_SEEK.PRG	018902	27
TWN_SEEK.PRG	01891D	29
TWN_SEEK.PRG	01893A	35
TWN_SEEK.PRG	01896A	29
TWN_SEEK.PRG	018987	39
TWN_SEEK.PRG	0189AE	39
TWN_SEEK.PRG	02C83E	101
TWN_SEEK.PRG	02C8A4	13
TWN_SEEK.PRG	02D46C	19
TWN_SEEK.PRG	02D480	63
TWN_SEEK.PRG	02D613	189
TWN_SEEK.PRG	02D6D0	206
TWN_SEEK.PRG	02D79E	315
TWN_SEEK.PRG	02D8D9	223
TWN_SEEK.PRG	02D9B8	163
TWN_SEEK.PRG	02DA5B	254
TWN_SEEK.PRG	02DB59	231
TWN_SEEK.PRG	02DC40	307
TWN_SEEK.PRG	02DD73	159
TWN_SEEK.PRG	02DE12	297
TWN_SEEK.PRG	02DF3B	151
TWN_SEEK.PRG	02DFD2	223
TWN_SEEK.PRG	02E0B1	194
TWN_SEEK.PRG	02E173	237
TWN_SEEK.PRG	02EB34	7
TWN_SEEK.PRG	02EB3B	23
TWN_SEEK.PRG	02EB52	23
TWN_SEEK.PRG	02EB69	31
TWN_SEEK.PRG	02EB88	25
TWN_SEEK.PRG	02EBA1	21
TWN_ZOAH.PRG	00B247	8
TWN_ZOAH.PRG	00B24F	8
TWN_ZOAH.PRG	00B257	8
TWN_ZOAH.PRG	00B25F	8
TWN_ZOAH.PRG	00B267	8
TWN_ZOAH.PRG	00B26F	4
TWN_ZOAH.PRG	00B273	8
TWN_ZOAH.PRG	00B27B	13
TWN_ZOAH.PRG	00B288	9
TWN_ZOAH.PRG	00B291	7
TWN_ZOAH.PRG	00B299	7
TWN_ZOAH.PRG	00B2A1	9
TWN_ZOAH.PRG	00B2AA	7
TWN_ZOAH.PRG	00B2B2	7
TWN_ZOAH.PRG	00B2BA	11
TWN_ZOAH.PRG	00B2C5	35
TWN_ZOAH.PRG	00B2E8	25
TWN_ZOAH.PRG	00B301	35
TWN_ZOAH.PRG	00B324	9
TWN_ZOAH.PRG	00B32D	11
TWN_ZOAH.PRG	00B338	7
TWN_ZOAH.PRG	00B33F	9
TWN_ZOAH.PRG	00B348	11
TWN_ZOAH.PRG	00B353	7
TWN_ZOAH.PRG	00B35A	9
TWN_ZOAH.PRG	00B363	7
TWN_ZOAH.PRG	00B36A	9
TWN_ZOAH.PRG	00B373	23
TWN_ZOAH.PRG	00B38A	13
TWN_ZOAH.PRG	00B397	11
TWN_ZOAH.PRG	00B3A2	7
TWN_ZOAH.PRG	00B3A9	13
TWN_ZOAH.PRG	00B3B6	11
TWN_ZOAH.PRG	00B3C1	7
TWN_ZOAH.PRG	00B3C8	13
TWN_ZOAH.PRG	00B3D5	7
TWN_ZOAH.PRG	00B3DC	25
TWN_ZOAH.PRG	00B3F5	7
TWN_ZOAH.PRG	00B3FC	18
TWN_ZOAH.PRG	00B40E	25
TWN_ZOAH.PRG	00B427	35
TWN_ZOAH.PRG	00B44A	31
TWN_ZOAH.PRG	00B469	15
TWN_ZOAH.PRG	00B478	37
TWN_ZOAH.PRG	00B49D	37
TWN_ZOAH.PRG	00B4C2	9
TWN_ZOAH.PRG	00B4CB	7
TWN_ZOAH.PRG	00B4D2	31
TWN_ZOAH.PRG	00B4F1	21
TWN_ZOAH.PRG	00B506	27
TWN_ZOAH.PRG	00B521	29
TWN_ZOAH.PRG	00B53E	9
TWN_ZOAH.PRG	00B547	7
TWN_ZOAH.PRG	00B54E	25
TWN_ZOAH.PRG	00B567	25
TWN_ZOAH.PRG	00B580	9
TWN_ZOAH.PRG	00B589	7
TWN_ZOAH.PRG	00B590	9
TWN_ZOAH.PRG	00B599	7
TWN_ZOAH.PRG	00B5A0	25
TWN_ZOAH.PRG	00B5B9	25
TWN_ZOAH.PRG	00B5D2	9
TWN_ZOAH.PRG	00B5DB	7
TWN_ZOAH.PRG	00B5E2	25
TWN_ZOAH.PRG	00B5FB	25
TWN_ZOAH.PRG	00B614	9
TWN_ZOAH.PRG	00B61D	7
TWN_ZOAH.PRG	00B624	25
TWN_ZOAH.PRG	00B63D	25
TWN_ZOAH.PRG	00B656	25
TWN_ZOAH.PRG	00B66F	25
TWN_ZOAH.PRG	00B688	9
TWN_ZOAH.PRG	00B691	7
TWN_ZOAH.PRG	00B698	27
TWN_ZOAH.PRG	00B6B3	27
TWN_ZOAH.PRG	00B6CE	37
TWN_ZOAH.PRG	00B6F3	25
TWN_ZOAH.PRG	00B70C	21
TWN_ZOAH.PRG	00B721	37
TWN_ZOAH.PRG	00B746	27
TWN_ZOAH.PRG	00B761	31
TWN_ZOAH.PRG	00B780	35
TWN_ZOAH.PRG	00B7A3	31
TWN_ZOAH.PRG	00B7C2	35
TWN_ZOAH.PRG	00B7E5	31
TWN_ZOAH.PRG	00B804	33
TWN_ZOAH.PRG	00B825	21
TWN_ZOAH.PRG	00B83A	25
TWN_ZOAH.PRG	00B853	23
TWN_ZOAH.PRG	00B86A	25
TWN_ZOAH.PRG	00B883	23
TWN_ZOAH.PRG	00B89A	25
TWN_ZOAH.PRG	00B8B3	23
TWN_ZOAH.PRG	00B8CA	25
TWN_ZOAH.PRG	00B8E3	23
TWN_ZOAH.PRG	00B8FA	25
TWN_ZOAH.PRG	00B913	23
TWN_ZOAH.PRG	00B92A	25
TWN_ZOAH.PRG	00B943	23
TWN_ZOAH.PRG	00B95A	27
TWN_ZOAH.PRG	00B975	15
TWN_ZOAH.PRG	00B984	23
TWN_ZOAH.PRG	00B99B	27
TWN_ZOAH.PRG	00B9B6	21
TWN_ZOAH.PRG	00B9CB	29
TWN_ZOAH.PRG	00B9E8	29
TWN_ZOAH.PRG	00BA05	29
TWN_ZOAH.PRG	00BA22	27
TWN_ZOAH.PRG	00BA3D	29
TWN_ZOAH.PRG	00BA5A	27
TWN_ZOAH.PRG	00BA75	27
TWN_ZOAH.PRG	00BA90	13
TWN_ZOAH.PRG	00BA9D	11
TWN_ZOAH.PRG	00BAA8	7
TWN_ZOAH.PRG	00BAAF	13
TWN_ZOAH.PRG	00BABC	11
TWN_ZOAH.PRG	00BAC7	7
TWN_ZOAH.PRG	00BACE	13
TWN_ZOAH.PRG	00BADB	7
TWN_ZOAH.PRG	00BAE2	25
TWN_ZOAH.PRG	00BAFB	7
TWN_ZOAH.PRG	00BB02	18
TWN_ZOAH.PRG	00BB14	33
TWN_ZOAH.PRG	00BB35	27
TWN_ZOAH.PRG	00BB50	31
TWN_ZOAH.PRG	00BB6F	33
TWN_ZOAH.PRG	00BB90	23
TWN_ZOAH.PRG	00BBA7	39
TWN_ZOAH.PRG	00BBCE	31
TWN_ZOAH.PRG	00BBED	37
TWN_ZOAH.PRG	00BC12	27
TWN_ZOAH.PRG	00BC2D	31
TWN_ZOAH.PRG	00BC4C	23
TWN_ZOAH.PRG	00BC63	25
TWN_ZOAH.PRG	00BC7C	37
TWN_ZOAH.PRG	00BCA1	29
TWN_ZOAH.PRG	00BCBE	33
TWN_ZOAH.PRG	00BCDF	29
TWN_ZOAH.PRG	00BCFC	33
TWN_ZOAH.PRG	00BD1D	17
TWN_ZOAH.PRG	00BD2E	33
TWN_ZOAH.PRG	00BD4F	35
TWN_ZOAH.PRG	00BD72	31
TWN_ZOAH.PRG	00BD91	29
TWN_ZOAH.PRG	00BDAE	9
TWN_ZOAH.PRG	00BDB7	7
TWN_ZOAH.PRG	00BDBE	21
TWN_ZOAH.PRG	00BDD3	23
TWN_ZOAH.PRG	00BDEA	19
TWN_ZOAH.PRG	00BDFD	9
TWN_ZOAH.PRG	00BE06	7
TWN_ZOAH.PRG	00BE0D	25
TWN_ZOAH.PRG	00BE26	25
TWN_ZOAH.PRG	00BE3F	25
TWN_ZOAH.PRG	00BE58	35
TWN_ZOAH.PRG	00BE7B	9
TWN_ZOAH.PRG	00BE84	7
TWN_ZOAH.PRG	00BE8B	25
TWN_ZOAH.PRG	00BEA4	25
TWN_ZOAH.PRG	00BEBD	9
TWN_ZOAH.PRG	00BEC6	7
TWN_ZOAH.PRG	00BECD	25
TWN_ZOAH.PRG	00BEE6	25
TWN_ZOAH.PRG	00BEFF	25
TWN_ZOAH.PRG	00BF18	25
TWN_ZOAH.PRG	00BF31	25
TWN_ZOAH.PRG	00BF4A	25
TWN_ZOAH.PRG	00BF63	39
TWN_ZOAH.PRG	00BF8A	25
TWN_ZOAH.PRG	00BFA3	25
TWN_ZOAH.PRG	00BFBC	23
TWN_ZOAH.PRG	00BFD3	31
TWN_ZOAH.PRG	00BFF2	29
TWN_ZOAH.PRG	00C00F	39
TWN_ZOAH.PRG	00C036	23
TWN_ZOAH.PRG	00C04D	35
TWN_ZOAH.PRG	00C070	23
TWN_ZOAH.PRG	00C087	31
TWN_ZOAH.PRG	00C0A6	29
TWN_ZOAH.PRG	00C0C3	39
TWN_ZOAH.PRG	00C0EA	23
TWN_ZOAH.PRG	00C101	35
TWN_ZOAH.PRG	00C124	23
TWN_ZOAH.PRG	00C13B	35
TWN_ZOAH.PRG	00C15E	23
TWN_ZOAH.PRG	00C175	35
TWN_ZOAH.PRG	00C198	25
TWN_ZOAH.PRG	00C1B1	25
TWN_ZOAH.PRG	00C1CA	33
TWN_ZOAH.PRG	00C1EB	27
TWN_ZOAH.PRG	00C206	33
TWN_ZOAH.PRG	00C227	27
TWN_ZOAH.PRG	00C242	33
TWN_ZOAH.PRG	00C263	31
TWN_ZOAH.PRG	00C282	27
TWN_ZOAH.PRG	00C29D	33
TWN_ZOAH.PRG	00C2BE	27
TWN_ZOAH.PRG	00C2D9	33
TWN_ZOAH.PRG	00C2FA	31
TWN_ZOAH.PRG	00C319	27
TWN_ZOAH.PRG	00C334	23
TWN_ZOAH.PRG	00C34B	35
TWN_ZOAH.PRG	00C36E	23
TWN_ZOAH.PRG	00C385	35
TWN_ZOAH.PRG	00C3A8	25
TWN_ZOAH.PRG	00C3C1	33
TWN_ZOAH.PRG	00C3E2	37
TWN_ZOAH.PRG	00C407	25
TWN_ZOAH.PRG	00C420	37
TWN_ZOAH.PRG	00C445	31
TWN_ZOAH.PRG	00C464	31
TWN_ZOAH.PRG	00C483	27
TWN_ZOAH.PRG	00C49E	9
TWN_ZOAH.PRG	00C4A7	7
TWN_ZOAH.PRG	00C4AE	9
TWN_ZOAH.PRG	00C4B7	7
TWN_ZOAH.PRG	00C4BE	37
TWN_ZOAH.PRG	00C4E3	19
TWN_ZOAH.PRG	00C4F6	39
TWN_ZOAH.PRG	00C51D	31
TWN_ZOAH.PRG	00C53C	37
TWN_ZOAH.PRG	00C561	25
TWN_ZOAH.PRG	00C57A	35
TWN_ZOAH.PRG	00C5AA	35
TWN_ZOAH.PRG	00C5CD	23
TWN_ZOAH.PRG	00C5F1	27
TWN_ZOAH.PRG	00C619	37
TWN_ZOAH.PRG	00C63E	37
TWN_ZOAH.PRG	00C663	2
TWN_ZOAH.PRG	00C665	31
TWN_ZOAH.PRG	00C691	23
TWN_ZOAH.PRG	00C6A8	8
TWN_ZOAH.PRG	00C6BD	13
TWN_ZOAH.PRG	00C6CA	27
TWN_ZOAH.PRG	00C6E5	35
TWN_ZOAH.PRG	00C715	35
TWN_ZOAH.PRG	00C738	23
TWN_ZOAH.PRG	00C75C	27
TWN_ZOAH.PRG	00C784	37
TWN_ZOAH.PRG	00C7A9	37
TWN_ZOAH.PRG	00C7CE	2
TWN_ZOAH.PRG	00C7D0	31
TWN_ZOAH.PRG	00C7FC	23
TWN_ZOAH.PRG	00C813	8
TWN_ZOAH.PRG	00C828	13
TWN_ZOAH.PRG	00C835	27
TWN_ZOAH.PRG	00C850	35
TWN_ZOAH.PRG	00C873	39
TWN_ZOAH.PRG	00C89A	25
TWN_ZOAH.PRG	00C8B3	29
TWN_ZOAH.PRG	00C8D0	21
TWN_ZOAH.PRG	00C8ED	21
TWN_ZOAH.PRG	00C90A	19
TWN_ZOAH.PRG	00C927	21
TWN_ZOAH.PRG	00C93C	33
TWN_ZOAH.PRG	00C95D	31
TWN_ZOAH.PRG	00C97C	39
TWN_ZOAH.PRG	00C9A3	29
TWN_ZOAH.PRG	00C9C0	35
TWN_ZOAH.PRG	00C9E3	29
TWN_ZOAH.PRG	00CA00	29
TWN_ZOAH.PRG	00CA1D	27
TWN_ZOAH.PRG	00CA38	35
TWN_ZOAH.PRG	00CA5B	33
TWN_ZOAH.PRG	00CA7C	37
TWN_ZOAH.PRG	00CAA1	33
TWN_ZOAH.PRG	00CAC2	35
TWN_ZOAH.PRG	00CAE5	33
TWN_ZOAH.PRG	00CB06	35
TWN_ZOAH.PRG	00CB29	33
TWN_ZOAH.PRG	00CB4A	9
TWN_ZOAH.PRG	00CB53	7
TWN_ZOAH.PRG	00CB5A	33
TWN_ZOAH.PRG	00CB7B	33
TWN_ZOAH.PRG	00CB9C	27
TWN_ZOAH.PRG	00CBB7	37
TWN_ZOAH.PRG	00CBDC	21
TWN_ZOAH.PRG	00CBF1	39
TWN_ZOAH.PRG	00CC18	29
TWN_ZOAH.PRG	00CC35	29
TWN_ZOAH.PRG	00CC52	31
TWN_ZOAH.PRG	00CC71	29
TWN_ZOAH.PRG	00CC8E	31
TWN_ZOAH.PRG	00CCAD	39
TWN_ZOAH.PRG	00CCD4	29
TWN_ZOAH.PRG	00CCF1	39
TWN_ZOAH.PRG	00CD18	29
TWN_ZOAH.PRG	00CD35	35
TWN_ZOAH.PRG	00CD58	33
TWN_ZOAH.PRG	00CD79	33
TWN_ZOAH.PRG	00CD9A	35
TWN_ZOAH.PRG	00CDBD	29
TWN_ZOAH.PRG	00CDDA	27
TWN_ZOAH.PRG	00CDF5	29
TWN_ZOAH.PRG	00CE12	31
TWN_ZOAH.PRG	00CE31	33
TWN_ZOAH.PRG	00CE52	27
TWN_ZOAH.PRG	00CE6D	29
TWN_ZOAH.PRG	00CE8A	35
TWN_ZOAH.PRG	00CEAD	23
TWN_ZOAH.PRG	00CEC4	39
TWN_ZOAH.PRG	00CEEB	27
TWN_ZOAH.PRG	00CF06	29
TWN_ZOAH.PRG	00CF23	39
TWN_ZOAH.PRG	00CF4A	17
TWN_ZOAH.PRG	00CF5B	37
TWN_ZOAH.PRG	00CF80	29
TWN_ZOAH.PRG	00CF9D	37
TWN_ZOAH.PRG	00CFC2	33
TWN_ZOAH.PRG	00CFE3	35
TWN_ZOAH.PRG	00D006	31
TWN_ZOAH.PRG	00D025	33
TWN_ZOAH.PRG	00D046	29
TWN_ZOAH.PRG	00D063	25
TWN_ZOAH.PRG	00D07C	27
TWN_ZOAH.PRG	00D097	19
TWN_ZOAH.PRG	00D0AA	17
TWN_ZOAH.PRG	00D0BB	31
TWN_ZOAH.PRG	00D0DA	19
TWN_ZOAH.PRG	00D0ED	27
TWN_ZOAH.PRG	00D108	31
TWN_ZOAH.PRG	00D127	19
TWN_ZOAH.PRG	00D13A	27
TWN_ZOAH.PRG	00D155	31
TWN_ZOAH.PRG	00D174	33
TWN_ZOAH.PRG	00D195	33
TWN_ZOAH.PRG	00D1B6	27
TWN_ZOAH.PRG	00D1D1	29
TWN_ZOAH.PRG	00D1EE	39
TWN_ZOAH.PRG	00D215	27
TWN_ZOAH.PRG	00D230	31
TWN_ZOAH.PRG	00D24F	29
TWN_ZOAH.PRG	00D26C	35
TWN_ZOAH.PRG	00D29C	21
TWN_ZOAH.PRG	00D2B1	27
TWN_ZOAH.PRG	00D2CC	8
TWN_ZOAH.PRG	00D2E1	21
TWN_ZOAH.PRG	00D2F6	27
TWN_ZOAH.PRG	00D311	8
TWN_ZOAH.PRG	00D319	27
TWN_ZOAH.PRG	00D334	33
TWN_ZOAH.PRG	00D355	9
TWN_ZOAH.PRG	00D35E	7
TWN_ZOAH.PRG	00D365	33
TWN_ZOAH.PRG	00D386	33
TWN_ZOAH.PRG	00D3A7	33
TWN_ZOAH.PRG	00D3C8	31
TWN_ZOAH.PRG	00D3E7	21
TWN_ZOAH.PRG	00D3FC	29
TWN_ZOAH.PRG	00D419	39
TWN_ZOAH.PRG	00D440	23
TWN_ZOAH.PRG	00D457	39
TWN_ZOAH.PRG	00D47E	27
TWN_ZOAH.PRG	00D499	29
TWN_ZOAH.PRG	00D4B6	29
TWN_ZOAH.PRG	00D4D3	27
TWN_ZOAH.PRG	00D4EE	37
TWN_ZOAH.PRG	00D513	29
TWN_ZOAH.PRG	00D530	37
TWN_ZOAH.PRG	00D555	31
TWN_ZOAH.PRG	00D574	31
TWN_ZOAH.PRG	00D593	27
TWN_ZOAH.PRG	00D5AE	29
TWN_ZOAH.PRG	00D5CB	33
TWN_ZOAH.PRG	00D5EC	23
TWN_ZOAH.PRG	00D603	29
TWN_ZOAH.PRG	00D620	21
TWN_ZOAH.PRG	00D635	31
TWN_ZOAH.PRG	00D654	31
TWN_ZOAH.PRG	00D673	21
TWN_ZOAH.PRG	00D688	25
TWN_ZOAH.PRG	00D6A1	23
TWN_ZOAH.PRG	00D6B8	29
TWN_ZOAH.PRG	00D6D5	23
TWN_ZOAH.PRG	00D6EC	31
TWN_ZOAH.PRG	00D70B	31
TWN_ZOAH.PRG	00D72A	29
TWN_ZOAH.PRG	00D747	15
TWN_ZOAH.PRG	00D756	35
TWN_ZOAH.PRG	00D779	35
TWN_ZOAH.PRG	00D79C	39
TWN_ZOAH.PRG	00D7C3	23
TWN_ZOAH.PRG	00D7DA	27
TWN_ZOAH.PRG	00D7F5	25
TWN_ZOAH.PRG	00D80E	37
TWN_ZOAH.PRG	00D840	17
TWN_ZOAH.PRG	00D85E	13
TWN_ZOAH.PRG	00D86B	23
TWN_ZOAH.PRG	00D88F	17
TWN_ZOAH.PRG	00D8A0	35
TWN_ZOAH.PRG	00D8C3	2
TWN_ZOAH.PRG	00D8C5	33
TWN_ZOAH.PRG	00D8E8	2
TWN_ZOAH.PRG	00D8EA	37
TWN_ZOAH.PRG	00D90F	35
TWN_ZOAH.PRG	00D932	29
TWN_ZOAH.PRG	00D95C	13
TWN_ZOAH.PRG	00D976	31
TWN_ZOAH.PRG	00D995	35
TWN_ZOAH.PRG	00D9B8	35
TWN_ZOAH.PRG	00D9DB	33
TWN_ZOAH.PRG	00D9FC	29
TWN_ZOAH.PRG	00DA19	27
TWN_ZOAH.PRG	00DA34	35
TWN_ZOAH.PRG	00DA57	25
TWN_ZOAH.PRG	00DA70	33
TWN_ZOAH.PRG	00DA91	25
TWN_ZOAH.PRG	00DAAA	23
TWN_ZOAH.PRG	00DAC1	29
TWN_ZOAH.PRG	00DADE	23
TWN_ZOAH.PRG	00DAF5	31
TWN_ZOAH.PRG	00DB14	31
TWN_ZOAH.PRG	00DB33	29
TWN_ZOAH.PRG	00DB50	15
TWN_ZOAH.PRG	00DB5F	35
TWN_ZOAH.PRG	00DB82	35
TWN_ZOAH.PRG	00DBA5	37
TWN_ZOAH.PRG	00DBCA	23
TWN_ZOAH.PRG	00DBE1	37
TWN_ZOAH.PRG	00DC06	29
TWN_ZOAH.PRG	00DC23	25
TWN_ZOAH.PRG	00DC3C	33
TWN_ZOAH.PRG	00DC5D	29
TWN_ZOAH.PRG	00DC7A	33
TWN_ZOAH.PRG	00DC9B	25
TWN_ZOAH.PRG	00DCB4	33
TWN_ZOAH.PRG	00DCD5	9
TWN_ZOAH.PRG	00DCDE	7
TWN_ZOAH.PRG	00DCE5	9
TWN_ZOAH.PRG	00DCEE	7
TWN_ZOAH.PRG	00DCF5	21
TWN_ZOAH.PRG	00DD0A	35
TWN_ZOAH.PRG	00DD2D	29
TWN_ZOAH.PRG	00DD4A	33
TWN_ZOAH.PRG	00DD6B	27
TWN_ZOAH.PRG	00DD86	29
TWN_ZOAH.PRG	00DDA3	29
TWN_ZOAH.PRG	00DDC0	29
TWN_ZOAH.PRG	00DDDD	31
TWN_ZOAH.PRG	00DDFC	33
TWN_ZOAH.PRG	00DE1D	31
TWN_ZOAH.PRG	00DE3C	37
TWN_ZOAH.PRG	00DE61	31
TWN_ZOAH.PRG	00DE80	21
TWN_ZOAH.PRG	00DE95	31
TWN_ZOAH.PRG	00DEB4	21
TWN_ZOAH.PRG	00DEC9	9
TWN_ZOAH.PRG	00DED2	7
TWN_ZOAH.PRG	00DED9	33
TWN_ZOAH.PRG	00DEFA	27
TWN_ZOAH.PRG	00DF15	21
TWN_ZOAH.PRG	00DF2A	35
TWN_ZOAH.PRG	00DF4D	27
TWN_ZOAH.PRG	00DF68	29
TWN_ZOAH.PRG	00DF85	33
TWN_ZOAH.PRG	00DFA6	27
TWN_ZOAH.PRG	00DFC1	29
TWN_ZOAH.PRG	00DFDE	29
TWN_ZOAH.PRG	00DFFB	29
TWN_ZOAH.PRG	00E025	25
TWN_ZOAH.PRG	00E03E	27
TWN_ZOAH.PRG	00E059	39
TWN_ZOAH.PRG	00E08D	25
TWN_ZOAH.PRG	00E0A6	27
TWN_ZOAH.PRG	00E0C1	39
TWN_ZOAH.PRG	00E0E8	31
TWN_ZOAH.PRG	00E107	33
TWN_ZOAH.PRG	00E128	31
TWN_ZOAH.PRG	00E147	37
TWN_ZOAH.PRG	00E16C	33
TWN_ZOAH.PRG	00E18D	21
TWN_ZOAH.PRG	00E1A2	27
TWN_ZOAH.PRG	00E1BD	29
TWN_ZOAH.PRG	00E1DA	21
TWN_ZOAH.PRG	00E1EF	21
TWN_ZOAH.PRG	00E204	35
TWN_ZOAH.PRG	00E227	27
TWN_ZOAH.PRG	00E242	33
TWN_ZOAH.PRG	00E263	31
TWN_ZOAH.PRG	00E282	37
TWN_ZOAH.PRG	00E2A7	31
TWN_ZOAH.PRG	00E2C6	21
TWN_ZOAH.PRG	00E2DB	21
TWN_ZOAH.PRG	00E2F0	35
TWN_ZOAH.PRG	00E313	27
TWN_ZOAH.PRG	00E32E	21
TWN_ZOAH.PRG	00E343	35
TWN_ZOAH.PRG	00E366	27
TWN_ZOAH.PRG	00E381	31
TWN_ZOAH.PRG	00E3A0	21
TWN_ZOAH.PRG	00E3B5	33
TWN_ZOAH.PRG	00E3D6	31
TWN_ZOAH.PRG	00E3F5	37
TWN_ZOAH.PRG	00E41A	33
TWN_ZOAH.PRG	00E43B	31
TWN_ZOAH.PRG	00E45A	37
TWN_ZOAH.PRG	00E47F	31
TWN_ZOAH.PRG	00E49E	21
TWN_ZOAH.PRG	00E4B3	29
TWN_ZOAH.PRG	00E4D0	37
TWN_ZOAH.PRG	00E4F5	37
TWN_ZOAH.PRG	00E51A	29
TWN_ZOAH.PRG	00E537	37
TWN_ZOAH.PRG	00E55C	37
TWN_ZOAH.PRG	00E581	29
TWN_ZOAH.PRG	00E59E	37
TWN_ZOAH.PRG	00E5C3	37
TWN_ZOAH.PRG	00E5E8	9
TWN_ZOAH.PRG	00E5F1	7
TWN_ZOAH.PRG	00E5F8	27
TWN_ZOAH.PRG	00E613	27
TWN_ZOAH.PRG	00E62E	31
TWN_ZOAH.PRG	00E64D	21
TWN_ZOAH.PRG	00E662	31
TWN_ZOAH.PRG	00E681	37
TWN_ZOAH.PRG	00E6A6	25
TWN_ZOAH.PRG	00E6BF	27
TWN_ZOAH.PRG	00E6DA	35
TWN_ZOAH.PRG	00E6FD	27
TWN_ZOAH.PRG	00E718	19
TWN_ZOAH.PRG	00E72B	35
TWN_ZOAH.PRG	00E74E	33
TWN_ZOAH.PRG	00E77C	31
TWN_ZOAH.PRG	00E79B	37
TWN_ZOAH.PRG	00E7C0	2
TWN_ZOAH.PRG	00E7C2	37
TWN_ZOAH.PRG	00E7E7	21
TWN_ZOAH.PRG	00E7FC	37
TWN_ZOAH.PRG	00E82E	29
TWN_ZOAH.PRG	00E84B	27
TWN_ZOAH.PRG	00E873	29
TWN_ZOAH.PRG	00E890	27
TWN_ZOAH.PRG	00E8B8	29
TWN_ZOAH.PRG	00E8D5	27
TWN_ZOAH.PRG	00E8FD	29
TWN_ZOAH.PRG	00E91A	27
TWN_ZOAH.PRG	00E935	31
TWN_ZOAH.PRG	00E954	33
TWN_ZOAH.PRG	00E975	25
TWN_ZOAH.PRG	00E98E	27
TWN_ZOAH.PRG	00E9A9	33
TWN_ZOAH.PRG	00E9CA	31
TWN_ZOAH.PRG	00E9E9	15
TWN_ZOAH.PRG	00E9F8	33
TWN_ZOAH.PRG	00EA19	31
TWN_ZOAH.PRG	00EA38	25
TWN_ZOAH.PRG	00EA51	31
TWN_ZOAH.PRG	00EA70	31
TWN_ZOAH.PRG	00EA8F	9
TWN_ZOAH.PRG	00EA98	7
TWN_ZOAH.PRG	00EA9F	9
TWN_ZOAH.PRG	00EAA8	7
TWN_ZOAH.PRG	00EAAF	25
TWN_ZOAH.PRG	00EAD5	39
TWN_ZOAH.PRG	00EAFC	25
TWN_ZOAH.PRG	00EB15	14
TWN_ZOAH.PRG	00EB23	25
TWN_ZOAH.PRG	00EB3C	25
TWN_ZOAH.PRG	00EB55	35
TWN_ZOAH.PRG	00EB78	33
TWN_ZOAH.PRG	00EB99	21
TWN_ZOAH.PRG	00EBAE	37
TWN_ZOAH.PRG	00EBD3	37
TWN_ZOAH.PRG	00EBF8	23
TWN_ZOAH.PRG	00EC0F	37
TWN_ZOAH.PRG	00EC34	39
TWN_ZOAH.PRG	00EC5B	31
TWN_ZOAH.PRG	00EC7A	33
TWN_ZOAH.PRG	00EC9B	35
TWN_ZOAH.PRG	00ECBE	33
TWN_ZOAH.PRG	00ECDF	31
TWN_ZOAH.PRG	00ECFE	25
TWN_ZOAH.PRG	00ED17	25
TWN_ZOAH.PRG	00ED30	25
TWN_ZOAH.PRG	00ED49	31
TWN_ZOAH.PRG	00ED68	27
TWN_ZOAH.PRG	00ED83	35
TWN_ZOAH.PRG	00EDA6	29
TWN_ZOAH.PRG	00EDD0	31
TWN_ZOAH.PRG	00EDEF	27
TWN_ZOAH.PRG	00EE0A	31
TWN_ZOAH.PRG	00EE29	37
TWN_ZOAH.PRG	00EE5B	29
TWN_ZOAH.PRG	00EE78	37
TWN_ZOAH.PRG	00EE9D	37
TWN_ZOAH.PRG	00EEC2	33
TWN_ZOAH.PRG	00EEE3	23
TWN_ZOAH.PRG	00EEFA	39
TWN_ZOAH.PRG	00EF21	37
TWN_ZOAH.PRG	00EF46	21
TWN_ZOAH.PRG	00EF5B	37
TWN_ZOAH.PRG	00EF80	21
TWN_ZOAH.PRG	00EF95	37
TWN_ZOAH.PRG	00EFBA	23
TWN_ZOAH.PRG	00EFD1	39
TWN_ZOAH.PRG	00EFF8	39
TWN_ZOAH.PRG	00F01F	9
TWN_ZOAH.PRG	00F028	7
TWN_ZOAH.PRG	00F02F	9
TWN_ZOAH.PRG	00F038	7
TWN_ZOAH.PRG	00F03F	37
TWN_ZOAH.PRG	00F071	15
TWN_ZOAH.PRG	00F080	29
TWN_ZOAH.PRG	00F09D	27
TWN_ZOAH.PRG	00F0C5	13
TWN_ZOAH.PRG	00F0D2	33
TWN_ZOAH.PRG	00F0F3	4
TWN_ZOAH.PRG	00F0F7	31
TWN_ZOAH.PRG	00F116	25
TWN_ZOAH.PRG	00F12F	6
TWN_ZOAH.PRG	00F135	33
TWN_ZOAH.PRG	00F156	37
TWN_ZOAH.PRG	00F188	37
TWN_ZOAH.PRG	00F1AD	31
TWN_ZOAH.PRG	00F1D9	21
TWN_ZOAH.PRG	00F1FB	21
TWN_ZOAH.PRG	00F210	37
TWN_ZOAH.PRG	00F235	33
TWN_ZOAH.PRG	00F256	29
TWN_ZOAH.PRG	00F273	27
TWN_ZOAH.PRG	00F28E	33
TWN_ZOAH.PRG	00F2AF	21
TWN_ZOAH.PRG	00F2C4	33
TWN_ZOAH.PRG	00F2E5	21
TWN_ZOAH.PRG	00F2FA	19
TWN_ZOAH.PRG	00F30D	29
TWN_ZOAH.PRG	00F32A	33
TWN_ZOAH.PRG	00F34B	39
TWN_ZOAH.PRG	00F372	27
TWN_ZOAH.PRG	00F38D	25
TWN_ZOAH.PRG	00F3A6	21
TWN_ZOAH.PRG	00F3BB	25
TWN_ZOAH.PRG	00F3D4	29
TWN_ZOAH.PRG	00F3F1	27
TWN_ZOAH.PRG	00F40C	33
TWN_ZOAH.PRG	00F42D	27
TWN_ZOAH.PRG	00F448	33
TWN_ZOAH.PRG	00F469	9
TWN_ZOAH.PRG	00F472	7
TWN_ZOAH.PRG	00F479	17
TWN_ZOAH.PRG	00F48A	39
TWN_ZOAH.PRG	00F4B1	23
TWN_ZOAH.PRG	00F4C8	35
TWN_ZOAH.PRG	00F4EB	33
TWN_ZOAH.PRG	00F519	35
TWN_ZOAH.PRG	00F53C	37
TWN_ZOAH.PRG	00F561	39
TWN_ZOAH.PRG	00F588	29
TWN_ZOAH.PRG	00F5A5	31
TWN_ZOAH.PRG	00F5C4	33
TWN_ZOAH.PRG	00F5F2	35
TWN_ZOAH.PRG	00F615	37
TWN_ZOAH.PRG	00F63A	39
TWN_ZOAH.PRG	00F661	29
TWN_ZOAH.PRG	00F67E	31
TWN_ZOAH.PRG	00F69D	33
TWN_ZOAH.PRG	00F6CB	35
TWN_ZOAH.PRG	00F6EE	37
TWN_ZOAH.PRG	00F713	39
TWN_ZOAH.PRG	00F73A	29
TWN_ZOAH.PRG	00F757	31
TWN_ZOAH.PRG	00F776	33
TWN_ZOAH.PRG	00F797	29
TWN_ZOAH.PRG	00F7B4	27
TWN_ZOAH.PRG	00F7CF	37
TWN_ZOAH.PRG	00F7F4	31
TWN_ZOAH.PRG	00F813	9
TWN_ZOAH.PRG	00F81C	7
TWN_ZOAH.PRG	00F823	29
TWN_ZOAH.PRG	00F840	35
TWN_ZOAH.PRG	00F863	31
TWN_ZOAH.PRG	00F882	39
TWN_ZOAH.PRG	00F8A9	37
TWN_ZOAH.PRG	00F8CE	33
TWN_ZOAH.PRG	00F8EF	23
TWN_ZOAH.PRG	00F906	33
TWN_ZOAH.PRG	00F927	35
TWN_ZOAH.PRG	00F94A	31
TWN_ZOAH.PRG	00F969	33
TWN_ZOAH.PRG	00F98A	27
TWN_ZOAH.PRG	00F9A5	37
TWN_ZOAH.PRG	00F9D7	19
TWN_ZOAH.PRG	00F9F7	19
TWN_ZOAH.PRG	00FA0A	27
TWN_ZOAH.PRG	00FA25	37
TWN_ZOAH.PRG	00FA4A	23
TWN_ZOAH.PRG	00FA61	37
TWN_ZOAH.PRG	00FA86	29
TWN_ZOAH.PRG	00FAA3	35
TWN_ZOAH.PRG	00FAC6	31
TWN_ZOAH.PRG	00FAE5	29
TWN_ZOAH.PRG	00FB02	29
TWN_ZOAH.PRG	00FB1F	35
TWN_ZOAH.PRG	00FB42	35
TWN_ZOAH.PRG	00FB65	27
TWN_ZOAH.PRG	00FB80	33
TWN_ZOAH.PRG	00FBA1	33
TWN_ZOAH.PRG	00FBC2	33
TWN_ZOAH.PRG	00FBE3	39
TWN_ZOAH.PRG	00FC0A	37
TWN_ZOAH.PRG	00FC2F	9
TWN_ZOAH.PRG	00FC38	7
TWN_ZOAH.PRG	00FC3F	31
TWN_ZOAH.PRG	00FC5E	39
TWN_ZOAH.PRG	00FC85	27
TWN_ZOAH.PRG	00FCA0	37
TWN_ZOAH.PRG	00FCC5	27
TWN_ZOAH.PRG	00FCE0	31
TWN_ZOAH.PRG	00FCFF	33
TWN_ZOAH.PRG	00FD20	33
TWN_ZOAH.PRG	00FD41	35
TWN_ZOAH.PRG	00FD64	9
TWN_ZOAH.PRG	00FD6D	7
TWN_ZOAH.PRG	00FD74	27
TWN_ZOAH.PRG	00FD8F	33
TWN_ZOAH.PRG	00FDB0	33
TWN_ZOAH.PRG	00FDD1	27
TWN_ZOAH.PRG	00FDEC	33
TWN_ZOAH.PRG	00FE0D	39
TWN_ZOAH.PRG	00FE34	27
TWN_ZOAH.PRG	00FE4F	33
TWN_ZOAH.PRG	00FE70	39
TWN_ZOAH.PRG	00FE97	27
TWN_ZOAH.PRG	00FEB2	29
TWN_ZOAH.PRG	00FECF	27
TWN_ZOAH.PRG	00FEEA	27
TWN_ZOAH.PRG	00FF05	33
TWN_ZOAH.PRG	00FF26	33
TWN_ZOAH.PRG	00FF4F	8
TWN_ZOAH.PRG	00FF57	8
TWN_ZOAH.PRG	013146	17
TWN_ZOAH.PRG	013157	37
TWN_ZOAH.PRG	01317D	37
TWN_ZOAH.PRG	0131A2	33
TWN_ZOAH.PRG	0131D0	21
TWN_ZOAH.PRG	0131E5	19
TWN_ZOAH.PRG	0131F8	2
TWN_ZOAH.PRG	013207	37
TWN_ZOAH.PRG	01322C	11
TWN_ZOAH.PRG	013237	25
TWN_ZOAH.PRG	01325D	29
TWN_ZOAH.PRG	01327A	29
TWN_ZOAH.PRG	013297	23
TWN_ZOAH.PRG	0132AE	27
TWN_ZOAH.PRG	0132D6	21
TWN_ZOAH.PRG	0132F8	23
TWN_ZOAH.PRG	01331C	37
TWN_ZOAH.PRG	013341	21
TWN_ZOAH.PRG	013356	21
TWN_ZOAH.PRG	01336B	35
TWN_ZOAH.PRG	01338E	21
TWN_ZOAH.PRG	0133A3	21
TWN_ZOAH.PRG	0133B8	21
TWN_ZOAH.PRG	0133CD	21
TWN_ZOAH.PRG	0133E2	35
TWN_ZOAH.PRG	013405	29
TWN_ZOAH.PRG	013422	23
TWN_ZOAH.PRG	013446	37
TWN_ZOAH.PRG	013478	17
TWN_ZOAH.PRG	013489	20
TWN_ZOAH.PRG	0134AA	29
TWN_ZOAH.PRG	0134D4	17
TWN_ZOAH.PRG	0134E5	12
TWN_ZOAH.PRG	0134F1	31
TWN_ZOAH.PRG	013510	6
TWN_ZOAH.PRG	013516	29
TWN_ZOAH.PRG	013533	13
TWN_ZOAH.PRG	013540	39
TWN_ZOAH.PRG	013567	33
TWN_ZOAH.PRG	013595	17
TWN_ZOAH.PRG	0135A6	29
TWN_ZOAH.PRG	0135C3	23
TWN_ZOAH.PRG	0135E7	27
TWN_ZOAH.PRG	013602	17
TWN_ZOAH.PRG	013613	39
TWN_ZOAH.PRG	013648	23
TWN_ZOAH.PRG	01366C	33
TWN_ZOAH.PRG	01368D	33
TWN_ZOAH.PRG	0136AE	35
TWN_ZOAH.PRG	0136DE	37
TWN_ZOAH.PRG	013710	39
TWN_ZOAH.PRG	013737	37
TWN_ZOAH.PRG	01375C	39
TWN_ZOAH.PRG	013784	31
TWN_ZOAH.PRG	0137A3	23
TWN_ZOAH.PRG	0137BA	27
TWN_ZOAH.PRG	0137E2	27
TWN_ZOAH.PRG	0137FD	29
TWN_ZOAH.PRG	01381A	2
TWN_ZOAH.PRG	013829	25
TWN_ZOAH.PRG	01384F	17
TWN_ZOAH.PRG	013860	35
TWN_ZOAH.PRG	013883	4
TWN_ZOAH.PRG	013888	33
TWN_ZOAH.PRG	0138A9	39
TWN_ZOAH.PRG	0138DD	13
TWN_ZOAH.PRG	0138EA	25
TWN_ZOAH.PRG	013910	19
TWN_ZOAH.PRG	013923	25
TWN_ZOAH.PRG	01393C	14
TWN_ZOAH.PRG	01394A	23
TWN_ZOAH.PRG	013961	31
TWN_ZOAH.PRG	013980	23
TWN_ZOAH.PRG	013997	27
TWN_ZOAH.PRG	0139BF	27
TWN_ZOAH.PRG	0139DA	29
TWN_ZOAH.PRG	0139F7	2
TWN_ZOAH.PRG	013A06	25
TWN_ZOAH.PRG	013A2C	17
TWN_ZOAH.PRG	013A3D	35
TWN_ZOAH.PRG	013A60	4
TWN_ZOAH.PRG	013A64	33
TWN_ZOAH.PRG	013A85	39
TWN_ZOAH.PRG	013AB9	13
TWN_ZOAH.PRG	013AC6	25
TWN_ZOAH.PRG	013AEC	19
TWN_ZOAH.PRG	013AFF	25
TWN_ZOAH.PRG	013B18	14
TWN_ZOAH.PRG	013B26	23
TWN_ZOAH.PRG	013B3D	31
TWN_ZOAH.PRG	013B5C	23
TWN_ZOAH.PRG	013B73	27
TWN_ZOAH.PRG	013B8E	21
TWN_ZOAH.PRG	013BA3	29
TWN_ZOAH.PRG	013BC0	23
TWN_ZOAH.PRG	013BE4	37
TWN_ZOAH.PRG	013C09	39
TWN_ZOAH.PRG	013C3D	29
TWN_ZOAH.PRG	013C5A	10
TWN_ZOAH.PRG	013C64	31
TWN_ZOAH.PRG	013C90	31
TWN_ZOAH.PRG	013CAF	35
TWN_ZOAH.PRG	013CDF	29
TWN_ZOAH.PRG	013CFC	25
TWN_ZOAH.PRG	013D15	39
TWN_ZOAH.PRG	013D3D	39
TWN_ZOAH.PRG	013D71	23
TWN_ZOAH.PRG	013D88	35
TWN_ZOAH.PRG	013DAB	4
TWN_ZOAH.PRG	013DBC	39
TWN_ZOAH.PRG	013DE3	27
TWN_ZOAH.PRG	013DFE	12
TWN_ZOAH.PRG	013E0A	37
TWN_ZOAH.PRG	013E2F	19
TWN_ZOAH.PRG	013E42	17
TWN_ZOAH.PRG	013E53	17
TWN_ZOAH.PRG	013E64	19
TWN_ZOAH.PRG	013E77	11
TWN_ZOAH.PRG	013E82	11
TWN_ZOAH.PRG	013E8D	11
TWN_ZOAH.PRG	013E98	19
TWN_ZOAH.PRG	013EAB	17
TWN_ZOAH.PRG	013EBC	17
TWN_ZOAH.PRG	013ECD	19
TWN_ZOAH.PRG	013EE0	11
TWN_ZOAH.PRG	013EEB	11
TWN_ZOAH.PRG	013EF6	19
TWN_ZOAH.PRG	013F09	17
TWN_ZOAH.PRG	013F1A	17
TWN_ZOAH.PRG	013F2B	19
TWN_ZOAH.PRG	013F3E	11
TWN_ZOAH.PRG	013F49	11
TWN_ZOAH.PRG	013F54	19
TWN_ZOAH.PRG	013F67	17
TWN_ZOAH.PRG	013F78	17
TWN_ZOAH.PRG	013F89	19
TWN_ZOAH.PRG	013F9C	11
TWN_ZOAH.PRG	013FA7	19
TWN_ZOAH.PRG	013FBA	17
TWN_ZOAH.PRG	013FCB	17
TWN_ZOAH.PRG	013FDC	11
TWN_ZOAH.PRG	013FE7	11
TWN_ZOAH.PRG	013FF2	11
TWN_ZOAH.PRG	013FFD	19
TWN_ZOAH.PRG	014010	17
TWN_ZOAH.PRG	014021	17
TWN_ZOAH.PRG	014032	11
TWN_ZOAH.PRG	01403D	11
TWN_ZOAH.PRG	014048	19
TWN_ZOAH.PRG	01405B	17
TWN_ZOAH.PRG	01406C	17
TWN_ZOAH.PRG	01407D	11
TWN_ZOAH.PRG	014088	11
TWN_ZOAH.PRG	014093	19
TWN_ZOAH.PRG	0140A6	17
TWN_ZOAH.PRG	0140B7	17
TWN_ZOAH.PRG	0140C8	11
TWN_ZOAH.PRG	0140D3	19
TWN_ZOAH.PRG	0140E6	17
TWN_ZOAH.PRG	0140F7	19
TWN_ZOAH.PRG	01410A	11
TWN_ZOAH.PRG	014115	11
TWN_ZOAH.PRG	014120	11
TWN_ZOAH.PRG	01412B	19
TWN_ZOAH.PRG	01413E	17
TWN_ZOAH.PRG	01414F	19
TWN_ZOAH.PRG	014162	11
TWN_ZOAH.PRG	01416D	11
TWN_ZOAH.PRG	014178	19
TWN_ZOAH.PRG	01418B	17
TWN_ZOAH.PRG	01419C	19
TWN_ZOAH.PRG	0141AF	11
TWN_ZOAH.PRG	0141BA	11
TWN_ZOAH.PRG	0141C5	19
TWN_ZOAH.PRG	0141D8	17
TWN_ZOAH.PRG	0141E9	19
TWN_ZOAH.PRG	0141FC	11
TWN_ZOAH.PRG	014207	19
TWN_ZOAH.PRG	01421A	17
TWN_ZOAH.PRG	01422B	11
TWN_ZOAH.PRG	014236	11
TWN_ZOAH.PRG	014241	11
TWN_ZOAH.PRG	01424C	19
TWN_ZOAH.PRG	01425F	17
TWN_ZOAH.PRG	014270	11
TWN_ZOAH.PRG	01427B	11
TWN_ZOAH.PRG	014286	19
TWN_ZOAH.PRG	014299	17
TWN_ZOAH.PRG	0142AA	11
TWN_ZOAH.PRG	0142B5	11
TWN_ZOAH.PRG	0142C0	19
TWN_ZOAH.PRG	0142D3	17
TWN_ZOAH.PRG	0142E4	11
TWN_ZOAH.PRG	0142EF	19
TWN_ZOAH.PRG	014302	17
TWN_ZOAH.PRG	014313	19
TWN_ZOAH.PRG	014326	11
TWN_ZOAH.PRG	014331	11
TWN_ZOAH.PRG	01433C	11
TWN_ZOAH.PRG	014347	19
TWN_ZOAH.PRG	01435A	17
TWN_ZOAH.PRG	01436B	19
TWN_ZOAH.PRG	01437E	11
TWN_ZOAH.PRG	014389	11
TWN_ZOAH.PRG	014394	19
TWN_ZOAH.PRG	0143A7	17
TWN_ZOAH.PRG	0143B8	19
TWN_ZOAH.PRG	0143CB	11
TWN_ZOAH.PRG	0143D6	11
TWN_ZOAH.PRG	0143E1	19
TWN_ZOAH.PRG	0143F4	17
TWN_ZOAH.PRG	014405	19
TWN_ZOAH.PRG	014418	11
TWN_ZOAH.PRG	014423	19
TWN_ZOAH.PRG	014436	17
TWN_ZOAH.PRG	014447	11
TWN_ZOAH.PRG	014452	11
TWN_ZOAH.PRG	01445D	11
TWN_ZOAH.PRG	014468	19
TWN_ZOAH.PRG	01447B	17
TWN_ZOAH.PRG	01448C	11
TWN_ZOAH.PRG	014497	11
TWN_ZOAH.PRG	0144A2	19
TWN_ZOAH.PRG	0144B5	17
TWN_ZOAH.PRG	0144C6	11
TWN_ZOAH.PRG	0144D1	11
TWN_ZOAH.PRG	0144DC	19
TWN_ZOAH.PRG	0144EF	17
TWN_ZOAH.PRG	014500	11
TWN_ZOAH.PRG	01450B	19
TWN_ZOAH.PRG	01451E	19
TWN_ZOAH.PRG	014531	11
TWN_ZOAH.PRG	01453C	11
TWN_ZOAH.PRG	014547	11
TWN_ZOAH.PRG	014552	19
TWN_ZOAH.PRG	014565	19
TWN_ZOAH.PRG	014578	11
TWN_ZOAH.PRG	014583	11
TWN_ZOAH.PRG	01458E	19
TWN_ZOAH.PRG	0145A1	19
TWN_ZOAH.PRG	0145B4	11
TWN_ZOAH.PRG	0145BF	11
TWN_ZOAH.PRG	0145CA	19
TWN_ZOAH.PRG	0145DD	19
TWN_ZOAH.PRG	0145F0	11
TWN_ZOAH.PRG	0145FB	19
TWN_ZOAH.PRG	01460E	11
TWN_ZOAH.PRG	014619	11
TWN_ZOAH.PRG	014624	11
TWN_ZOAH.PRG	01462F	19
TWN_ZOAH.PRG	014642	11
TWN_ZOAH.PRG	01464D	11
TWN_ZOAH.PRG	014658	19
TWN_ZOAH.PRG	01466B	11
TWN_ZOAH.PRG	014676	11
TWN_ZOAH.PRG	014681	19
TWN_ZOAH.PRG	014694	11
TWN_ZOAH.PRG	01469F	19
TWN_ZOAH.PRG	0146B2	17
TWN_ZOAH.PRG	0146C3	19
TWN_ZOAH.PRG	0146D6	11
TWN_ZOAH.PRG	0146E1	11
TWN_ZOAH.PRG	0146EC	11
TWN_ZOAH.PRG	0146F7	19
TWN_ZOAH.PRG	01470A	17
TWN_ZOAH.PRG	01471B	19
TWN_ZOAH.PRG	01472E	11
TWN_ZOAH.PRG	014739	11
TWN_ZOAH.PRG	014744	19
TWN_ZOAH.PRG	014757	17
TWN_ZOAH.PRG	014768	19
TWN_ZOAH.PRG	01477B	11
TWN_ZOAH.PRG	014786	11
TWN_ZOAH.PRG	014791	19
TWN_ZOAH.PRG	0147A4	17
TWN_ZOAH.PRG	0147B5	19
TWN_ZOAH.PRG	0147C8	11
TWN_ZOAH.PRG	0147D3	19
TWN_ZOAH.PRG	0147E6	17
TWN_ZOAH.PRG	0147F7	11
TWN_ZOAH.PRG	014802	11
TWN_ZOAH.PRG	01480D	11
TWN_ZOAH.PRG	014818	19
TWN_ZOAH.PRG	01482B	17
TWN_ZOAH.PRG	01483C	11
TWN_ZOAH.PRG	014847	11
TWN_ZOAH.PRG	014852	19
TWN_ZOAH.PRG	014865	17
TWN_ZOAH.PRG	014876	11
TWN_ZOAH.PRG	014881	11
TWN_ZOAH.PRG	01488C	19
TWN_ZOAH.PRG	01489F	17
TWN_ZOAH.PRG	0148B0	11
TWN_ZOAH.PRG	0148BB	19
TWN_ZOAH.PRG	0148CE	19
TWN_ZOAH.PRG	0148E1	11
TWN_ZOAH.PRG	0148EC	11
TWN_ZOAH.PRG	0148F7	11
TWN_ZOAH.PRG	014902	19
TWN_ZOAH.PRG	014915	19
TWN_ZOAH.PRG	014928	11
TWN_ZOAH.PRG	014933	11
TWN_ZOAH.PRG	01493E	19
TWN_ZOAH.PRG	014951	19
TWN_ZOAH.PRG	014964	11
TWN_ZOAH.PRG	01496F	11
TWN_ZOAH.PRG	01497A	19
TWN_ZOAH.PRG	01498D	19
TWN_ZOAH.PRG	0149A0	11
TWN_ZOAH.PRG	0149AB	19
TWN_ZOAH.PRG	0149BE	11
TWN_ZOAH.PRG	0149C9	11
TWN_ZOAH.PRG	0149D4	11
TWN_ZOAH.PRG	0149DF	19
TWN_ZOAH.PRG	0149F2	11
TWN_ZOAH.PRG	0149FD	11
TWN_ZOAH.PRG	014A08	19
TWN_ZOAH.PRG	014A1B	11
TWN_ZOAH.PRG	014A26	11
TWN_ZOAH.PRG	014A31	19
TWN_ZOAH.PRG	014A44	11
TWN_ZOAH.PRG	014A4F	17
TWN_ZOAH.PRG	014A60	19
TWN_ZOAH.PRG	014A73	11
TWN_ZOAH.PRG	014A7E	11
TWN_ZOAH.PRG	014A89	11
TWN_ZOAH.PRG	014A94	17
TWN_ZOAH.PRG	014AA5	19
TWN_ZOAH.PRG	014AB8	11
TWN_ZOAH.PRG	014AC3	11
TWN_ZOAH.PRG	014ACE	17
TWN_ZOAH.PRG	014ADF	19
TWN_ZOAH.PRG	014AF2	11
TWN_ZOAH.PRG	014AFD	11
TWN_ZOAH.PRG	014B08	17
TWN_ZOAH.PRG	014B19	19
TWN_ZOAH.PRG	014B2C	11
TWN_ZOAH.PRG	014B37	17
TWN_ZOAH.PRG	014B48	11
TWN_ZOAH.PRG	014B53	11
TWN_ZOAH.PRG	014B5E	11
TWN_ZOAH.PRG	014B69	17
TWN_ZOAH.PRG	014B7A	11
TWN_ZOAH.PRG	014B85	11
TWN_ZOAH.PRG	014B90	17
TWN_ZOAH.PRG	014BA1	11
TWN_ZOAH.PRG	014BAC	11
TWN_ZOAH.PRG	014BB7	17
TWN_ZOAH.PRG	014BC8	11
TWN_ZOAH.PRG	014BD3	19
TWN_ZOAH.PRG	014BE6	11
TWN_ZOAH.PRG	014BF1	11
TWN_ZOAH.PRG	014BFC	11
TWN_ZOAH.PRG	014C07	19
TWN_ZOAH.PRG	014C1A	11
TWN_ZOAH.PRG	014C25	11
TWN_ZOAH.PRG	014C30	19
TWN_ZOAH.PRG	014C43	11
TWN_ZOAH.PRG	014C4E	11
TWN_ZOAH.PRG	014C59	19
TWN_ZOAH.PRG	014C6C	11
TWN_ZOAH.PRG	014C77	11
TWN_ZOAH.PRG	014C82	11
TWN_ZOAH.PRG	014C8D	11
TWN_ZOAH.PRG	014C98	11
TWN_ZOAH.PRG	014CA3	11
TWN_ZOAH.PRG	014CAE	11
TWN_ZOAH.PRG	014CB9	11
TWN_ZOAH.PRG	014CD1	27
TWN_ZOAH.PRG	014CEC	31
TWN_ZOAH.PRG	014D0B	25
TWN_ZOAH.PRG	014D24	6
TWN_ZOAH.PRG	014D2A	17
TWN_ZOAH.PRG	014D3B	8
TWN_ZOAH.PRG	014D43	6
TWN_ZOAH.PRG	014D56	37
TWN_ZOAH.PRG	014D7B	2
TWN_ZOAH.PRG	014D7D	25
TWN_ZOAH.PRG	014D96	25
TWN_ZOAH.PRG	014DBC	35
TWN_ZOAH.PRG	014DDF	29
TWN_ZOAH.PRG	014E09	37
TWN_ZOAH.PRG	014E2E	31
TWN_ZOAH.PRG	014E4D	33
TWN_ZOAH.PRG	014E6E	4
TWN_ZOAH.PRG	014E7F	23
TWN_ZOAH.PRG	014E96	37
TWN_ZOAH.PRG	014EBB	37
TWN_ZOAH.PRG	014EE0	2
TWN_ZOAH.PRG	014EEF	39
TWN_ZOAH.PRG	014F16	27
TWN_ZOAH.PRG	014F31	39
TWN_ZOAH.PRG	014F66	35
TWN_ZOAH.PRG	0184C6	19
TWN_ZOAH.PRG	0184D9	21
TWN_ZOAH.PRG	0184FB	31
TWN_ZOAH.PRG	018527	31
TWN_ZOAH.PRG	018546	27
TWN_ZOAH.PRG	018561	31
TWN_ZOAH.PRG	01858D	21
TWN_ZOAH.PRG	0185A2	10
TWN_ZOAH.PRG	0185AC	29
TWN_ZOAH.PRG	0185D6	37
TWN_ZOAH.PRG	0185FB	39
TWN_ZOAH.PRG	01862F	31
TWN_ZOAH.PRG	01864E	39
TWN_ZOAH.PRG	018675	37
TWN_ZOAH.PRG	01869A	35
TWN_ZOAH.PRG	0186BD	35
TWN_ZOAH.PRG	0186E0	39
TWN_ZOAH.PRG	018714	31
TWN_ZOAH.PRG	018733	31
TWN_ZOAH.PRG	01875F	37
TWN_ZOAH.PRG	018784	2
TWN_ZOAH.PRG	018786	23
TWN_ZOAH.PRG	01879D	31
TWN_ZOAH.PRG	0187BC	39
TWN_ZOAH.PRG	0187F0	27
TWN_ZOAH.PRG	018818	31
TWN_ZOAH.PRG	018844	23
TWN_ZOAH.PRG	018868	31
TWN_ZOAH.PRG	018887	19
TWN_ZOAH.PRG	01889A	31
TWN_ZOAH.PRG	0188C6	33
TWN_ZOAH.PRG	0188F4	37
TWN_ZOAH.PRG	018919	35
TWN_ZOAH.PRG	018949	29
TWN_ZOAH.PRG	018966	33
TWN_ZOAH.PRG	018987	15
TWN_ZOAH.PRG	018996	35
TWN_ZOAH.PRG	0189C6	25
TWN_ZOAH.PRG	0189DF	35
TWN_ZOAH.PRG	018A0F	37
TWN_ZOAH.PRG	018A34	2
TWN_ZOAH.PRG	018A36	37
TWN_ZOAH.PRG	018A68	7
TWN_ZOAH.PRG	018A6F	35
TWN_ZOAH.PRG	018A92	27
TWN_ZOAH.PRG	018ABA	29
TWN_ZOAH.PRG	018AD7	37
TWN_ZOAH.PRG	018AFC	37
TWN_ZOAH.PRG	018B21	2
TWN_ZOAH.PRG	018B30	37
TWN_ZOAH.PRG	018B55	39
TWN_ZOAH.PRG	018B7C	29
TWN_ZOAH.PRG	018B99	39
TWN_ZOAH.PRG	018BCD	9
TWN_ZOAH.PRG	018BD6	35
TWN_ZOAH.PRG	018BF9	21
TWN_ZOAH.PRG	018C0E	37
TWN_ZOAH.PRG	018C33	39
TWN_ZOAH.PRG	018C67	9
TWN_ZOAH.PRG	018C70	35
TWN_ZOAH.PRG	018C93	21
TWN_ZOAH.PRG	018CA8	37
TWN_ZOAH.PRG	018CCD	39
TWN_ZOAH.PRG	018CF4	37
TWN_ZOAH.PRG	018D26	17
TWN_ZOAH.PRG	018D37	23
TWN_ZOAH.PRG	018D5B	21
TWN_ZOAH.PRG	018D70	23
TWN_ZOAH.PRG	018D94	31
TWN_ZOAH.PRG	018DC0	15
TWN_ZOAH.PRG	018DCF	31
TWN_ZOAH.PRG	018DEE	6
TWN_ZOAH.PRG	018E01	29
TWN_ZOAH.PRG	018E2B	37
TWN_ZOAH.PRG	018E50	2
TWN_ZOAH.PRG	018E52	37
TWN_ZOAH.PRG	018E77	33
TWN_ZOAH.PRG	018E98	31
TWN_ZOAH.PRG	018EB7	39
TWN_ZOAH.PRG	018EDE	39
TWN_ZOAH.PRG	018F12	9
TWN_ZOAH.PRG	018F28	35
TWN_ZOAH.PRG	018F4B	29
TWN_ZOAH.PRG	018F68	37
TWN_ZOAH.PRG	018F8D	7
TWN_ZOAH.PRG	018FA1	25
TWN_ZOAH.PRG	018FBA	37
TWN_ZOAH.PRG	018FEC	7
TWN_ZOAH.PRG	019000	21
TWN_ZOAH.PRG	019015	39
TWN_ZOAH.PRG	019049	17
TWN_ZOAH.PRG	019067	33
TWN_ZOAH.PRG	019088	6
TWN_ZOAH.PRG	01908E	29
TWN_ZOAH.PRG	0190AB	29
TWN_ZOAH.PRG	0190D5	9
TWN_ZOAH.PRG	0190EB	13
TWN_ZOAH.PRG	0190F8	31
TWN_ZOAH.PRG	019124	27
TWN_ZOAH.PRG	01913F	39
TWN_ZOAH.PRG	019166	17
TWN_ZOAH.PRG	019177	39
TWN_ZOAH.PRG	0191AB	31
TWN_ZOAH.PRG	0191CA	39
TWN_ZOAH.PRG	0191FE	19
TWN_ZOAH.PRG	01921E	29
TWN_ZOAH.PRG	019248	23
TWN_ZOAH.PRG	01925F	33
TWN_ZOAH.PRG	01928D	5
TWN_ZOAH.PRG	01929F	37
TWN_ZOAH.PRG	0192C4	2
TWN_ZOAH.PRG	0192C6	25
TWN_ZOAH.PRG	0192DF	33
TWN_ZOAH.PRG	019300	4
TWN_ZOAH.PRG	019304	2
TWN_ZOAH.PRG	019313	37
TWN_ZOAH.PRG	019338	17
TWN_ZOAH.PRG	019349	35
TWN_ZOAH.PRG	019379	13
TWN_ZOAH.PRG	019393	25
TWN_ZOAH.PRG	0193AC	17
TWN_ZOAH.PRG	0193BD	8
TWN_ZOAH.PRG	0193C5	35
TWN_ZOAH.PRG	0193E8	19
TWN_ZOAH.PRG	019408	33
TWN_ZOAH.PRG	019436	21
TWN_ZOAH.PRG	01944B	25
TWN_ZOAH.PRG	019464	8
TWN_ZOAH.PRG	01946C	21
TWN_ZOAH.PRG	01948E	35
TWN_ZOAH.PRG	0194BE	17
TWN_ZOAH.PRG	0194CF	25
TWN_ZOAH.PRG	0194F5	31
TWN_ZOAH.PRG	019514	4
TWN_ZOAH.PRG	019518	33
TWN_ZOAH.PRG	019546	27
TWN_ZOAH.PRG	019561	6
TWN_ZOAH.PRG	019567	33
TWN_ZOAH.PRG	019595	33
TWN_ZOAH.PRG	0195B6	33
TWN_ZOAH.PRG	0195E4	31
TWN_ZOAH.PRG	019603	2
TWN_ZOAH.PRG	019605	31
TWN_ZOAH.PRG	019631	31
TWN_ZOAH.PRG	019650	33
TWN_ZOAH.PRG	01967E	23
TWN_ZOAH.PRG	019695	10
TWN_ZOAH.PRG	01969F	33
TWN_ZOAH.PRG	0196CD	27
TWN_ZOAH.PRG	0196E8	25
TWN_ZOAH.PRG	01A866	35
TWN_ZOAH.PRG	01A889	37
TWN_ZOAH.PRG	01A8BB	39
TWN_ZOAH.PRG	01A8E3	27
TWN_ZOAH.PRG	01A8FE	39
TWN_ZOAH.PRG	01A925	39
TWN_ZOAH.PRG	01A959	13
TWN_ZOAH.PRG	01A966	39
TWN_ZOAH.PRG	01A98D	39
TWN_ZOAH.PRG	01A9C1	37
TWN_ZOAH.PRG	01A9E6	9
TWN_ZOAH.PRG	01A9FC	35
TWN_ZOAH.PRG	01AA1F	2
TWN_ZOAH.PRG	01AA2E	35
TWN_ZOAH.PRG	01AA51	2
TWN_ZOAH.PRG	01AA53	31
TWN_ZOAH.PRG	01AA72	35
TWN_ZOAH.PRG	01AAA2	21
TWN_ZOAH.PRG	01AAB7	27
TWN_ZOAH.PRG	01AAD2	35
TWN_ZOAH.PRG	01AAF5	37
TWN_ZOAH.PRG	01AB1A	23
TWN_ZOAH.PRG	01AB31	14
TWN_ZOAH.PRG	01AB4C	23
TWN_ZOAH.PRG	01AB63	37
TWN_ZOAH.PRG	01AB95	29
TWN_ZOAH.PRG	01ABB2	37
TWN_ZOAH.PRG	01ABD7	39
TWN_ZOAH.PRG	01ABFF	19
TWN_ZOAH.PRG	01AC1F	15
TWN_ZOAH.PRG	01AC2E	31
TWN_ZOAH.PRG	01AC4D	8
TWN_ZOAH.PRG	01AC63	29
TWN_ZOAH.PRG	01AC80	35
TWN_ZOAH.PRG	01ACA3	37
TWN_ZOAH.PRG	01ACC8	37
TWN_ZOAH.PRG	01ACFA	29
TWN_ZOAH.PRG	01AD2C	37
TWN_ZOAH.PRG	01AD5E	27
TWN_ZOAH.PRG	01AD90	9
TWN_ZOAH.PRG	01AD99	35
TWN_ZOAH.PRG	01ADC9	17
TWN_ZOAH.PRG	01ADE7	35
TWN_ZOAH.PRG	01AE0A	37
TWN_ZOAH.PRG	01AE2F	39
TWN_ZOAH.PRG	01AE56	15
TWN_ZOAH.PRG	01AE65	39
TWN_ZOAH.PRG	01AE99	13
TWN_ZOAH.PRG	01AEB3	33
TWN_ZOAH.PRG	01AED4	33
TWN_ZOAH.PRG	01AEF5	19
TWN_ZOAH.PRG	01AF15	33
TWN_ZOAH.PRG	01AF43	37
TWN_ZOAH.PRG	01AF68	25
TWN_ZOAH.PRG	01AF81	37
TWN_ZOAH.PRG	01AFB3	39
TWN_ZOAH.PRG	01AFDA	37
TWN_ZOAH.PRG	01B00C	23
TWN_ZOAH.PRG	01B023	37
TWN_ZOAH.PRG	01B04A	37
TWN_ZOAH.PRG	01B06F	25
TWN_ZOAH.PRG	01B095	19
TWN_ZOAH.PRG	01B0A8	6
TWN_ZOAH.PRG	01B0AE	29
TWN_ZOAH.PRG	01B0CB	35
TWN_ZOAH.PRG	01B0EE	35
TWN_ZOAH.PRG	01B11E	29
TWN_ZOAH.PRG	01B13B	39
TWN_ZOAH.PRG	01B162	39
TWN_ZOAH.PRG	01B18A	31
TWN_ZOAH.PRG	01C0B6	19
TWN_ZOAH.PRG	01C0C9	35
TWN_ZOAH.PRG	01C0F9	21
TWN_ZOAH.PRG	01C11B	23
TWN_ZOAH.PRG	01C132	35
TWN_ZOAH.PRG	01C155	29
TWN_ZOAH.PRG	01C172	27
TWN_ZOAH.PRG	01C18D	29
TWN_ZOAH.PRG	01C1B7	29
TWN_ZOAH.PRG	01C1D4	29
TWN_ZOAH.PRG	01C1F1	35
TWN_ZOAH.PRG	01C222	17
TWN_ZOAH.PRG	01C240	39
TWN_ZOAH.PRG	01C267	35
TWN_ZOAH.PRG	01C28A	4
TWN_ZOAH.PRG	01C29B	31
TWN_ZOAH.PRG	01C2C7	7
TWN_ZOAH.PRG	01C2CE	24
TWN_ZOAH.PRG	01C2E6	39
TWN_ZOAH.PRG	01C30D	27
TWN_ZOAH.PRG	01C328	12
TWN_ZOAH.PRG	01C334	29
TWN_ZOAH.PRG	01C351	37
TWN_ZOAH.PRG	01C383	39
TWN_ZOAH.PRG	01C3AA	23
TWN_ZOAH.PRG	01C3C1	39
TWN_ZOAH.PRG	01C3F6	39
TWN_ZOAH.PRG	01C41E	31
TWN_ZOAH.PRG	01C43D	8
TWN_ZOAH.PRG	01C446	35
TWN_ZOAH.PRG	01C469	29
TWN_ZOAH.PRG	01C486	37
TWN_ZOAH.PRG	01C4B8	33
TWN_ZOAH.PRG	01C4E6	19
TWN_ZOAH.PRG	01C506	11
TWN_ZOAH.PRG	01C511	35
TWN_ZOAH.PRG	01C541	23
TWN_ZOAH.PRG	01C565	37
TWN_ZOAH.PRG	01C58D	39
TWN_ZOAH.PRG	01C5B4	35
TWN_ZOAH.PRG	01C5D7	4
TWN_ZOAH.PRG	01C5E8	37
TWN_ZOAH.PRG	01C60D	2
TWN_ZOAH.PRG	01C61C	33
TWN_ZOAH.PRG	01C63D	33
TWN_ZOAH.PRG	01C65E	4
TWN_ZOAH.PRG	01C662	2
TWN_ZOAH.PRG	01C671	39
TWN_ZOAH.PRG	01C6A5	29
TWN_ZOAH.PRG	01C6C2	10
TWN_ZOAH.PRG	01C6CC	35
TWN_ZOAH.PRG	01C6EF	4
TWN_ZOAH.PRG	01C700	37
TWN_ZOAH.PRG	01C725	35
TWN_ZOAH.PRG	01C748	39
TWN_ZOAH.PRG	01C77C	17
TWN_ZOAH.PRG	01C78D	39
TWN_ZOAH.PRG	01C7C1	37
TWN_ZOAH.PRG	01C7E6	39
TWN_ZOAH.PRG	01C81A	37
TWN_ZOAH.PRG	01C84C	35
TWN_ZOAH.PRG	01C86F	35
TWN_ZOAH.PRG	01C894	37
TWN_ZOAH.PRG	01C8C6	39
TWN_ZOAH.PRG	01C8ED	37
TWN_ZOAH.PRG	01C912	35
TWN_ZOAH.PRG	01C935	2
TWN_ZOAH.PRG	01C93F	8
TWN_ZOAH.PRG	01C947	8
TWN_ZOAH.PRG	01C9BF	35
TWN_ZOAH.PRG	01C9E2	25
TWN_ZOAH.PRG	01CA0B	8
TWN_ZOAH.PRG	01D027	12
TWN_ZOAH.PRG	01D033	8
TWN_ZOAH.PRG	01D03B	24
TWN_ZOAH.PRG	01D053	39
TWN_ZOAH.PRG	01D088	13
TWN_ZOAH.PRG	01D0A2	29
TWN_ZOAH.PRG	01D0BF	10
TWN_ZOAH.PRG	01D0CA	33
TWN_ZOAH.PRG	01D0EB	25
TWN_ZOAH.PRG	01D104	35
TWN_ZOAH.PRG	01D127	4
TWN_ZOAH.PRG	01D139	39
TWN_ZOAH.PRG	01D16D	31
TWN_ZOAH.PRG	01D18C	35
TWN_ZOAH.PRG	01D1AF	4
TWN_ZOAH.PRG	01D1B3	31
TWN_ZOAH.PRG	01D1D2	21
TWN_ZOAH.PRG	01D1E7	25
TWN_ZOAH.PRG	01D200	33
TWN_ZOAH.PRG	01D22E	39
TWN_ZOAH.PRG	01D262	39
TWN_ZOAH.PRG	01D296	13
TWN_ZOAH.PRG	01D2A3	39
TWN_ZOAH.PRG	01D2D7	35
TWN_ZOAH.PRG	01D307	11
TWN_ZOAH.PRG	01D312	37
TWN_ZOAH.PRG	01D344	31
TWN_ZOAH.PRG	01D363	35
TWN_ZOAH.PRG	01DFC2	33
TWN_ZOAH.PRG	01DFF0	23
TWN_ZOAH.PRG	01E007	23
TWN_ZOAH.PRG	01E02B	31
TWN_ZOAH.PRG	01E04A	35
TWN_ZOAH.PRG	01E07A	35
TWN_ZOAH.PRG	01E09D	39
TWN_ZOAH.PRG	01E0D1	13
TWN_ZOAH.PRG	01E0EB	33
TWN_ZOAH.PRG	01E10C	39
TWN_ZOAH.PRG	01E140	23
TWN_ZOAH.PRG	01E157	31
TWN_ZOAH.PRG	01E183	37
TWN_ZOAH.PRG	01E1B5	39
TWN_ZOAH.PRG	01E1DC	35
TWN_ZOAH.PRG	01E1FF	39
TWN_ZOAH.PRG	01E233	23
TWN_ZOAH.PRG	01E24A	31
TWN_ZOAH.PRG	01E276	37
TWN_ZOAH.PRG	01E2A8	39
TWN_ZOAH.PRG	01E2CF	35
TWN_ZOAH.PRG	01E2FF	19
TWN_ZOAH.PRG	01E312	29
TWN_ZOAH.PRG	01E32F	37
TWN_ZOAH.PRG	01E361	21
TWN_ZOAH.PRG	01E383	33
TWN_ZOAH.PRG	01E3A4	31
TWN_ZOAH.PRG	01E3C3	39
TWN_ZOAH.PRG	01E3F7	37
TWN_ZOAH.PRG	01E41C	39
TWN_ZOAH.PRG	01E443	37
TWN_ZOAH.PRG	01E475	21
TWN_ZOAH.PRG	01E497	25
TWN_ZOAH.PRG	01E4B0	37
TWN_ZOAH.PRG	01E4E2	31
TWN_ZOAH.PRG	01E50E	21
TWN_ZOAH.PRG	01E523	33
TWN_ZOAH.PRG	01E544	17
TWN_ZOAH.PRG	01E555	16
TWN_ZOAH.PRG	01E565	39
TWN_ZOAH.PRG	01E599	35
TWN_ZOAH.PRG	01E5BC	4
TWN_ZOAH.PRG	01E5C0	33
TWN_ZOAH.PRG	01E5EE	31
TWN_ZOAH.PRG	01E60D	17
TWN_ZOAH.PRG	01E627	8
TWN_ZOAH.PRG	01E62F	8
TWN_ZOAH.PRG	022862	27
TWN_ZOAH.PRG	02287D	29
TWN_ZOAH.PRG	02289A	35
TWN_ZOAH.PRG	0228BD	23
TWN_ZOAH.PRG	0228E1	27
TWN_ZOAH.PRG	0228FC	11
TWN_ZOAH.PRG	022907	9
TWN_ZOAH.PRG	022910	29
TWN_ZOAH.PRG	02292D	27
TWN_ZOAH.PRG	022955	21
TWN_ZOAH.PRG	02296A	31
TWN_ZOAH.PRG	022996	29
TWN_ZOAH.PRG	0229B3	2
TWN_ZOAH.PRG	0229B5	25
TWN_ZOAH.PRG	0229D2	2
TWN_ZOAH.PRG	0229D4	21
TWN_ZOAH.PRG	0229F6	7
TWN_ZOAH.PRG	022A0A	19
TWN_ZOAH.PRG	022A2A	29
TWN_ZOAH.PRG	022A47	2
TWN_ZOAH.PRG	022A56	21
TWN_ZOAH.PRG	022A78	19
TWN_ZOAH.PRG	022A8B	33
TWN_ZOAH.PRG	022AAE	35
TWN_ZOAH.PRG	022ADE	25
TWN_ZOAH.PRG	022B04	25
TWN_ZOAH.PRG	022B1D	33
TWN_ZOAH.PRG	022B4B	33
TWN_ZOAH.PRG	022B79	31
TWN_ZOAH.PRG	022BA5	15
TWN_ZOAH.PRG	022BB4	29
TWN_ZOAH.PRG	022BD1	2
TWN_ZOAH.PRG	022BD3	25
TWN_ZOAH.PRG	022BEC	31
TWN_ZOAH.PRG	022C0B	37
TWN_ZOAH.PRG	022C3D	27
TWN_ZOAH.PRG	022C58	11
TWN_ZOAH.PRG	022C63	9
TWN_ZOAH.PRG	022C6C	11
TWN_ZOAH.PRG	022C77	9
TWN_ZOAH.PRG	022C8D	27
TWN_ZOAH.PRG	022CA8	11
TWN_ZOAH.PRG	022CB3	9
TWN_ZOAH.PRG	022CBC	27
TWN_ZOAH.PRG	022CE4	21
TWN_ZOAH.PRG	022CF9	31
TWN_ZOAH.PRG	022D25	33
TWN_ZOAH.PRG	022D53	19
TWN_ZOAH.PRG	022D73	29
TWN_ZOAH.PRG	022D90	4
TWN_ZOAH.PRG	022DA1	21
TWN_ZOAH.PRG	022DC3	19
TWN_ZOAH.PRG	022DD6	33
TWN_ZOAH.PRG	022DF7	4
TWN_ZOAH.PRG	022DFB	35
TWN_ZOAH.PRG	022E2B	23
TWN_ZOAH.PRG	022E4F	19
TWN_ZOAH.PRG	022E62	37
TWN_ZOAH.PRG	022E88	33
TWN_ZOAH.PRG	022EB6	33
TWN_ZOAH.PRG	022ED7	31
TWN_ZOAH.PRG	022F03	33
TWN_ZOAH.PRG	022F31	19
TWN_ZOAH.PRG	022F51	29
TWN_ZOAH.PRG	022F6E	4
TWN_ZOAH.PRG	022F7F	21
TWN_ZOAH.PRG	022FA1	19
TWN_ZOAH.PRG	022FB4	33
TWN_ZOAH.PRG	022FDA	35
TWN_ZOAH.PRG	02300A	23
TWN_ZOAH.PRG	02302E	19
TWN_ZOAH.PRG	023041	37
TWN_ZOAH.PRG	023067	33
TWN_ZOAH.PRG	023095	33
TWN_ZOAH.PRG	0230C3	31
TWN_ZOAH.PRG	0230EF	25
TWN_ZOAH.PRG	023108	19
TWN_ZOAH.PRG	023128	33
TWN_ZOAH.PRG	023156	25
TWN_ZOAH.PRG	02316F	9
TWN_ZOAH.PRG	023178	16
TWN_ZOAH.PRG	023188	39
TWN_ZOAH.PRG	0231BD	11
TWN_ZOAH.PRG	0231D5	31
TWN_ZOAH.PRG	0231F4	35
TWN_ZOAH.PRG	023224	21
TWN_ZOAH.PRG	023246	29
TWN_ZOAH.PRG	023263	33
TWN_ZOAH.PRG	023284	37
TWN_ZOAH.PRG	0232A9	33
TWN_ZOAH.PRG	0232CA	15
TWN_ZOAH.PRG	0232E6	37
TWN_ZOAH.PRG	02330B	39
TWN_ZOAH.PRG	023340	33
TWN_ZOAH.PRG	023361	31
TWN_ZOAH.PRG	023380	33
TWN_ZOAH.PRG	0233AE	31
TWN_ZOAH.PRG	0233CD	2
TWN_ZOAH.PRG	0233CF	39
TWN_ZOAH.PRG	023403	39
TWN_ZOAH.PRG	023437	37
TWN_ZOAH.PRG	02345C	39
TWN_ZOAH.PRG	023483	25
TWN_ZOAH.PRG	0234A9	39
TWN_ZOAH.PRG	0234D1	39
TWN_ZOAH.PRG	023505	35
TWN_ZOAH.PRG	023528	29
TWN_ZOAH.PRG	023545	6
TWN_ZOAH.PRG	02354B	27
TWN_ZOAH.PRG	023573	33
TWN_ZOAH.PRG	023594	33
TWN_ZOAH.PRG	0235B5	37
TWN_ZOAH.PRG	0235E7	31
TWN_ZOAH.PRG	023606	6
TWN_ZOAH.PRG	02360C	31
TWN_ZOAH.PRG	02362B	35
TWN_ZOAH.PRG	02364E	33
TWN_ZOAH.PRG	02367C	31
TWN_ZOAH.PRG	02369B	2
TWN_ZOAH.PRG	02369D	29
TWN_ZOAH.PRG	0236C7	31
TWN_ZOAH.PRG	0236E6	2
TWN_ZOAH.PRG	0236E8	31
TWN_ZOAH.PRG	023707	35
TWN_ZOAH.PRG	02372A	33
TWN_ZOAH.PRG	023758	31
TWN_ZOAH.PRG	023777	2
TWN_ZOAH.PRG	023779	29
TWN_ZOAH.PRG	0237A3	27
TWN_ZOAH.PRG	0237BE	21
TWN_ZOAH.PRG	0237E0	31
TWN_ZOAH.PRG	0237FF	39
TWN_ZOAH.PRG	023826	39
TWN_ZOAH.PRG	02384E	39
TWN_ZOAH.PRG	023882	25
TWN_ZOAH.PRG	02389B	33
TWN_ZOAH.PRG	0238BC	6
TWN_ZOAH.PRG	0238CF	33
TWN_ZOAH.PRG	0238F0	6
TWN_ZOAH.PRG	0238F6	37
TWN_ZOAH.PRG	02391B	35
TWN_ZOAH.PRG	02394B	25
TWN_ZOAH.PRG	023964	35
TWN_ZOAH.PRG	023987	35
TWN_ZOAH.PRG	0239AA	2
TWN_ZOAH.PRG	0239B9	35
TWN_ZOAH.PRG	0239DC	2
TWN_ZOAH.PRG	0239DE	37
TWN_ZOAH.PRG	023A03	29
TWN_ZOAH.PRG	023A20	23
TWN_ZOAH.PRG	023A37	6
TWN_ZOAH.PRG	023A4A	27
TWN_ZOAH.PRG	023A65	27
TWN_ZOAH.PRG	023A8D	27
TWN_ZOAH.PRG	023AB5	31
TWN_ZOAH.PRG	023AD4	35
TWN_ZOAH.PRG	023AF7	2
TWN_ZOAH.PRG	023AF9	37
TWN_ZOAH.PRG	023B1E	31
TWN_ZOAH.PRG	023B3D	25
TWN_ZOAH.PRG	023B63	27
TWN_ZOAH.PRG	023B8B	21
TWN_ZOAH.PRG	023BAD	31
TWN_ZOAH.PRG	023BD9	33
TWN_ZOAH.PRG	023BFA	33
TWN_ZOAH.PRG	023C1B	29
TWN_ZOAH.PRG	023C38	35
TWN_ZOAH.PRG	023C6A	35
TWN_ZOAH.PRG	023C8F	35
TWN_ZOAH.PRG	023CBF	37
TWN_ZOAH.PRG	023CE4	31
TWN_ZOAH.PRG	023D10	35
TWN_ZOAH.PRG	023D33	2
TWN_ZOAH.PRG	023D35	35
TWN_ZOAH.PRG	023D65	37
TWN_ZOAH.PRG	023D8A	27
TWN_ZOAH.PRG	023DA5	10
TWN_ZOAH.PRG	023DAF	35
TWN_ZOAH.PRG	023DD2	31
TWN_ZOAH.PRG	023DF1	9
TWN_ZOAH.PRG	023E10	13
TWN_ZOAH.PRG	023E2F	13
TWN_ZOAH.PRG	023E4E	11
TWN_ZOAH.PRG	023E6D	9
TWN_ZOAH.PRG	023E8C	11
TWN_ZOAH.PRG	023EAB	15
TWN_ZOAH.PRG	023ECA	9
TWN_ZOAH.PRG	023EE9	13
TWN_ZOAH.PRG	023F08	9
TWN_ZOAH.PRG	023F27	13
TWN_ZOAH.PRG	023F46	11
TWN_ZOAH.PRG	023F51	9
TWN_ZOAH.PRG	023F5A	2
TWN_ZOAH.PRG	023F5C	13
TWN_ZOAH.PRG	023F7B	13
TWN_ZOAH.PRG	023F9A	11
TWN_ZOAH.PRG	023FB9	9
TWN_ZOAH.PRG	023FD8	11
TWN_ZOAH.PRG	023FF7	15
TWN_ZOAH.PRG	024016	9
TWN_ZOAH.PRG	024035	13
TWN_ZOAH.PRG	024054	9
TWN_ZOAH.PRG	024073	11
TWN_ZOAH.PRG	02407E	9
TWN_ZOAH.PRG	024087	2
TWN_ZOAH.PRG	024089	13
TWN_ZOAH.PRG	0240A8	13
TWN_ZOAH.PRG	0240C7	11
TWN_ZOAH.PRG	0240E6	9
TWN_ZOAH.PRG	024105	11
TWN_ZOAH.PRG	024124	15
TWN_ZOAH.PRG	024143	9
TWN_ZOAH.PRG	024162	13
TWN_ZOAH.PRG	024181	13
TWN_ZOAH.PRG	0241A0	11
TWN_ZOAH.PRG	0241AB	9
TWN_ZOAH.PRG	0241B4	2
TWN_ZOAH.PRG	0241B6	13
TWN_ZOAH.PRG	0241D5	13
TWN_ZOAH.PRG	0241F4	11
TWN_ZOAH.PRG	024213	9
TWN_ZOAH.PRG	024232	11
TWN_ZOAH.PRG	024251	15
TWN_ZOAH.PRG	024270	9
TWN_ZOAH.PRG	02428F	13
TWN_ZOAH.PRG	0242AE	11
TWN_ZOAH.PRG	0242B9	9
TWN_ZOAH.PRG	0242C2	2
TWN_ZOAH.PRG	0242C4	13
TWN_ZOAH.PRG	0242E3	13
TWN_ZOAH.PRG	024302	11
TWN_ZOAH.PRG	024321	9
TWN_ZOAH.PRG	024340	11
TWN_ZOAH.PRG	02435F	15
TWN_ZOAH.PRG	02437E	13
TWN_ZOAH.PRG	02439D	9
TWN_ZOAH.PRG	0243BC	13
TWN_ZOAH.PRG	0243DB	11
TWN_ZOAH.PRG	0243E6	9
TWN_ZOAH.PRG	0243EF	2
TWN_ZOAH.PRG	0243F1	13
TWN_ZOAH.PRG	024410	13
TWN_ZOAH.PRG	02442F	11
TWN_ZOAH.PRG	02444E	9
TWN_ZOAH.PRG	02446D	11
TWN_ZOAH.PRG	02448C	15
TWN_ZOAH.PRG	0244AB	13
TWN_ZOAH.PRG	0244CA	9
TWN_ZOAH.PRG	0244E9	11
TWN_ZOAH.PRG	0244F4	9
TWN_ZOAH.PRG	0244FD	2
TWN_ZOAH.PRG	0244FF	13
TWN_ZOAH.PRG	02451E	13
TWN_ZOAH.PRG	02453D	11
TWN_ZOAH.PRG	02455C	9
TWN_ZOAH.PRG	02457B	11
TWN_ZOAH.PRG	02459A	15
TWN_ZOAH.PRG	0245B9	13
TWN_ZOAH.PRG	0245D8	13
TWN_ZOAH.PRG	0245F7	11
TWN_ZOAH.PRG	024602	9
TWN_ZOAH.PRG	02460B	2
TWN_ZOAH.PRG	02460D	13
TWN_ZOAH.PRG	02462C	13
TWN_ZOAH.PRG	02464B	11
TWN_ZOAH.PRG	02466A	9
TWN_ZOAH.PRG	024689	11
TWN_ZOAH.PRG	0246A8	15
TWN_ZOAH.PRG	0246C7	13
TWN_ZOAH.PRG	0246E6	11
TWN_ZOAH.PRG	0246F1	9
TWN_ZOAH.PRG	0246FA	2
TWN_ZOAH.PRG	0246FC	13
TWN_ZOAH.PRG	02471B	13
TWN_ZOAH.PRG	02473A	11
TWN_ZOAH.PRG	024759	9
TWN_ZOAH.PRG	024778	11
TWN_ZOAH.PRG	024797	9
TWN_ZOAH.PRG	0247B6	13
TWN_ZOAH.PRG	0247D5	9
TWN_ZOAH.PRG	0247F4	13
TWN_ZOAH.PRG	024813	11
TWN_ZOAH.PRG	02481E	9
TWN_ZOAH.PRG	024827	2
TWN_ZOAH.PRG	024829	13
TWN_ZOAH.PRG	024848	13
TWN_ZOAH.PRG	024867	11
TWN_ZOAH.PRG	024886	9
TWN_ZOAH.PRG	0248A5	11
TWN_ZOAH.PRG	0248C4	9
TWN_ZOAH.PRG	0248E3	13
TWN_ZOAH.PRG	024902	9
TWN_ZOAH.PRG	024921	11
TWN_ZOAH.PRG	02492C	9
TWN_ZOAH.PRG	024935	2
TWN_ZOAH.PRG	024937	13
TWN_ZOAH.PRG	024956	13
TWN_ZOAH.PRG	024975	11
TWN_ZOAH.PRG	024994	9
TWN_ZOAH.PRG	0249B3	11
TWN_ZOAH.PRG	0249D2	9
TWN_ZOAH.PRG	0249F1	13
TWN_ZOAH.PRG	024A10	13
TWN_ZOAH.PRG	024A2F	11
TWN_ZOAH.PRG	024A3A	9
TWN_ZOAH.PRG	024A43	2
TWN_ZOAH.PRG	024A45	13
TWN_ZOAH.PRG	024A64	13
TWN_ZOAH.PRG	024A83	11
TWN_ZOAH.PRG	024AA2	9
TWN_ZOAH.PRG	024AC1	11
TWN_ZOAH.PRG	024AE0	9
TWN_ZOAH.PRG	024AFF	13
TWN_ZOAH.PRG	024B1E	11
TWN_ZOAH.PRG	024B29	9
TWN_ZOAH.PRG	024B32	2
TWN_ZOAH.PRG	024B34	13
TWN_ZOAH.PRG	024B53	13
TWN_ZOAH.PRG	024B72	11
TWN_ZOAH.PRG	024B91	9
TWN_ZOAH.PRG	024BB0	11
TWN_ZOAH.PRG	024BCF	13
TWN_ZOAH.PRG	024BEE	9
TWN_ZOAH.PRG	024C0D	13
TWN_ZOAH.PRG	024C2C	11
TWN_ZOAH.PRG	024C37	9
TWN_ZOAH.PRG	024C40	2
TWN_ZOAH.PRG	024C42	13
TWN_ZOAH.PRG	024C61	13
TWN_ZOAH.PRG	024C80	11
TWN_ZOAH.PRG	024C9F	9
TWN_ZOAH.PRG	024CBE	11
TWN_ZOAH.PRG	024CDD	13
TWN_ZOAH.PRG	024CFC	9
TWN_ZOAH.PRG	024D1B	11
TWN_ZOAH.PRG	024D26	9
TWN_ZOAH.PRG	024D2F	2
TWN_ZOAH.PRG	024D31	13
TWN_ZOAH.PRG	024D50	13
TWN_ZOAH.PRG	024D6F	11
TWN_ZOAH.PRG	024D8E	9
TWN_ZOAH.PRG	024DAD	11
TWN_ZOAH.PRG	024DCC	13
TWN_ZOAH.PRG	024DEB	13
TWN_ZOAH.PRG	024E0A	11
TWN_ZOAH.PRG	024E15	9
TWN_ZOAH.PRG	024E1E	2
TWN_ZOAH.PRG	024E20	13
TWN_ZOAH.PRG	024E3F	13
TWN_ZOAH.PRG	024E5E	11
TWN_ZOAH.PRG	024E7D	9
TWN_ZOAH.PRG	024E9C	11
TWN_ZOAH.PRG	024EBB	13
TWN_ZOAH.PRG	024EDA	11
TWN_ZOAH.PRG	024EE5	9
TWN_ZOAH.PRG	024EEE	2
TWN_ZOAH.PRG	024EF0	13
TWN_ZOAH.PRG	024F0F	13
TWN_ZOAH.PRG	024F2E	11
TWN_ZOAH.PRG	024F4D	9
TWN_ZOAH.PRG	024F6C	15
TWN_ZOAH.PRG	024F8B	9
TWN_ZOAH.PRG	024FAA	13
TWN_ZOAH.PRG	024FC9	9
TWN_ZOAH.PRG	024FE8	13
TWN_ZOAH.PRG	025007	11
TWN_ZOAH.PRG	025012	9
TWN_ZOAH.PRG	02501B	2
TWN_ZOAH.PRG	02501D	13
TWN_ZOAH.PRG	02503C	13
TWN_ZOAH.PRG	02505B	11
TWN_ZOAH.PRG	02507A	9
TWN_ZOAH.PRG	025099	15
TWN_ZOAH.PRG	0250B8	9
TWN_ZOAH.PRG	0250D7	13
TWN_ZOAH.PRG	0250F6	9
TWN_ZOAH.PRG	025115	11
TWN_ZOAH.PRG	025120	9
TWN_ZOAH.PRG	025129	2
TWN_ZOAH.PRG	02512B	13
TWN_ZOAH.PRG	02514A	13
TWN_ZOAH.PRG	025169	11
TWN_ZOAH.PRG	025188	9
TWN_ZOAH.PRG	0251A7	15
TWN_ZOAH.PRG	0251C6	9
TWN_ZOAH.PRG	0251E5	13
TWN_ZOAH.PRG	025204	13
TWN_ZOAH.PRG	025223	11
TWN_ZOAH.PRG	02522E	9
TWN_ZOAH.PRG	025237	2
TWN_ZOAH.PRG	025239	13
TWN_ZOAH.PRG	025258	13
TWN_ZOAH.PRG	025277	11
TWN_ZOAH.PRG	025296	9
TWN_ZOAH.PRG	0252B5	15
TWN_ZOAH.PRG	0252D4	9
TWN_ZOAH.PRG	0252F3	13
TWN_ZOAH.PRG	025312	11
TWN_ZOAH.PRG	02531D	9
TWN_ZOAH.PRG	025326	2
TWN_ZOAH.PRG	025328	13
TWN_ZOAH.PRG	025347	13
TWN_ZOAH.PRG	025366	11
TWN_ZOAH.PRG	025385	9
TWN_ZOAH.PRG	0253A4	15
TWN_ZOAH.PRG	0253C3	13
TWN_ZOAH.PRG	0253E2	9
TWN_ZOAH.PRG	025401	13
TWN_ZOAH.PRG	025420	11
TWN_ZOAH.PRG	02542B	9
TWN_ZOAH.PRG	025434	2
TWN_ZOAH.PRG	025436	13
TWN_ZOAH.PRG	025455	13
TWN_ZOAH.PRG	025474	11
TWN_ZOAH.PRG	025493	9
TWN_ZOAH.PRG	0254B2	15
TWN_ZOAH.PRG	0254D1	13
TWN_ZOAH.PRG	0254F0	9
TWN_ZOAH.PRG	02550F	11
TWN_ZOAH.PRG	02551A	9
TWN_ZOAH.PRG	025523	2
TWN_ZOAH.PRG	025525	13
TWN_ZOAH.PRG	025544	13
TWN_ZOAH.PRG	025563	11
TWN_ZOAH.PRG	025582	9
TWN_ZOAH.PRG	0255A1	15
TWN_ZOAH.PRG	0255C0	13
TWN_ZOAH.PRG	0255DF	13
TWN_ZOAH.PRG	0255FE	11
TWN_ZOAH.PRG	025609	9
TWN_ZOAH.PRG	025612	2
TWN_ZOAH.PRG	025614	13
TWN_ZOAH.PRG	025633	13
TWN_ZOAH.PRG	025652	11
TWN_ZOAH.PRG	025671	9
TWN_ZOAH.PRG	025690	15
TWN_ZOAH.PRG	0256AF	13
TWN_ZOAH.PRG	0256CE	11
TWN_ZOAH.PRG	0256D9	9
TWN_ZOAH.PRG	0256E2	2
TWN_ZOAH.PRG	0256E4	13
TWN_ZOAH.PRG	025703	13
TWN_ZOAH.PRG	025722	11
TWN_ZOAH.PRG	025741	9
TWN_ZOAH.PRG	025760	9
TWN_ZOAH.PRG	02577F	13
TWN_ZOAH.PRG	02579E	9
TWN_ZOAH.PRG	0257BD	13
TWN_ZOAH.PRG	0257DC	11
TWN_ZOAH.PRG	0257E7	9
TWN_ZOAH.PRG	0257F0	2
TWN_ZOAH.PRG	0257F2	13
TWN_ZOAH.PRG	025811	13
TWN_ZOAH.PRG	025830	11
TWN_ZOAH.PRG	02584F	9
TWN_ZOAH.PRG	02586E	9
TWN_ZOAH.PRG	02588D	13
TWN_ZOAH.PRG	0258AC	9
TWN_ZOAH.PRG	0258CB	11
TWN_ZOAH.PRG	0258D6	9
TWN_ZOAH.PRG	0258DF	2
TWN_ZOAH.PRG	0258E1	13
TWN_ZOAH.PRG	025900	13
TWN_ZOAH.PRG	02591F	11
TWN_ZOAH.PRG	02593E	9
TWN_ZOAH.PRG	02595D	9
TWN_ZOAH.PRG	02597C	13
TWN_ZOAH.PRG	02599B	13
TWN_ZOAH.PRG	0259BA	11
TWN_ZOAH.PRG	0259C5	9
TWN_ZOAH.PRG	0259CE	2
TWN_ZOAH.PRG	0259D0	13
TWN_ZOAH.PRG	0259EF	13
TWN_ZOAH.PRG	025A0E	11
TWN_ZOAH.PRG	025A2D	9
TWN_ZOAH.PRG	025A4C	9
TWN_ZOAH.PRG	025A6B	13
TWN_ZOAH.PRG	025A8A	11
TWN_ZOAH.PRG	025A95	9
TWN_ZOAH.PRG	025A9E	2
TWN_ZOAH.PRG	025AA0	13
TWN_ZOAH.PRG	025ABF	13
TWN_ZOAH.PRG	025ADE	11
TWN_ZOAH.PRG	025AFD	9
TWN_ZOAH.PRG	025B1C	13
TWN_ZOAH.PRG	025B3B	9
TWN_ZOAH.PRG	025B5A	13
TWN_ZOAH.PRG	025B79	11
TWN_ZOAH.PRG	025B84	9
TWN_ZOAH.PRG	025B8D	2
TWN_ZOAH.PRG	025B8F	13
TWN_ZOAH.PRG	025BAE	13
TWN_ZOAH.PRG	025BCD	11
TWN_ZOAH.PRG	025BEC	9
TWN_ZOAH.PRG	025C0B	13
TWN_ZOAH.PRG	025C2A	9
TWN_ZOAH.PRG	025C49	11
TWN_ZOAH.PRG	025C54	9
TWN_ZOAH.PRG	025C5D	2
TWN_ZOAH.PRG	025C5F	13
TWN_ZOAH.PRG	025C7E	13
TWN_ZOAH.PRG	025C9D	11
TWN_ZOAH.PRG	025CBC	9
TWN_ZOAH.PRG	025CDB	13
TWN_ZOAH.PRG	025CFA	13
TWN_ZOAH.PRG	025D19	11
TWN_ZOAH.PRG	025D24	9
TWN_ZOAH.PRG	025D2D	2
TWN_ZOAH.PRG	025D2F	13
TWN_ZOAH.PRG	025D4E	13
TWN_ZOAH.PRG	025D6D	11
TWN_ZOAH.PRG	025D8C	9
TWN_ZOAH.PRG	025DAB	13
TWN_ZOAH.PRG	025DCA	11
TWN_ZOAH.PRG	025DD5	9
TWN_ZOAH.PRG	025DDE	2
TWN_ZOAH.PRG	025DE0	13
TWN_ZOAH.PRG	025DFF	11
TWN_ZOAH.PRG	025E1E	9
TWN_ZOAH.PRG	025E3D	11
TWN_ZOAH.PRG	025E5C	15
TWN_ZOAH.PRG	025E7B	9
TWN_ZOAH.PRG	025E9A	13
TWN_ZOAH.PRG	025EB9	9
TWN_ZOAH.PRG	025ED8	13
TWN_ZOAH.PRG	025EF7	11
TWN_ZOAH.PRG	025F02	9
TWN_ZOAH.PRG	025F0B	2
TWN_ZOAH.PRG	025F0D	13
TWN_ZOAH.PRG	025F2C	11
TWN_ZOAH.PRG	025F4B	9
TWN_ZOAH.PRG	025F6A	11
TWN_ZOAH.PRG	025F89	15
TWN_ZOAH.PRG	025FA8	9
TWN_ZOAH.PRG	025FC7	13
TWN_ZOAH.PRG	025FE6	9
TWN_ZOAH.PRG	026005	11
TWN_ZOAH.PRG	026010	9
TWN_ZOAH.PRG	026019	2
TWN_ZOAH.PRG	02601B	13
TWN_ZOAH.PRG	02603A	11
TWN_ZOAH.PRG	026059	9
TWN_ZOAH.PRG	026078	11
TWN_ZOAH.PRG	026097	15
TWN_ZOAH.PRG	0260B6	9
TWN_ZOAH.PRG	0260D5	13
TWN_ZOAH.PRG	0260F4	13
TWN_ZOAH.PRG	026113	11
TWN_ZOAH.PRG	02611E	9
TWN_ZOAH.PRG	026127	2
TWN_ZOAH.PRG	026129	13
TWN_ZOAH.PRG	026148	11
TWN_ZOAH.PRG	026167	9
TWN_ZOAH.PRG	026186	11
TWN_ZOAH.PRG	0261A5	15
TWN_ZOAH.PRG	0261C4	9
TWN_ZOAH.PRG	0261E3	13
TWN_ZOAH.PRG	026202	11
TWN_ZOAH.PRG	02620D	9
TWN_ZOAH.PRG	026216	2
TWN_ZOAH.PRG	026218	13
TWN_ZOAH.PRG	026237	11
TWN_ZOAH.PRG	026256	9
TWN_ZOAH.PRG	026275	11
TWN_ZOAH.PRG	026294	15
TWN_ZOAH.PRG	0262B3	13
TWN_ZOAH.PRG	0262D2	9
TWN_ZOAH.PRG	0262F1	13
TWN_ZOAH.PRG	026310	11
TWN_ZOAH.PRG	02631B	9
TWN_ZOAH.PRG	026324	2
TWN_ZOAH.PRG	026326	13
TWN_ZOAH.PRG	026345	11
TWN_ZOAH.PRG	026364	9
TWN_ZOAH.PRG	026383	11
TWN_ZOAH.PRG	0263A2	15
TWN_ZOAH.PRG	0263C1	13
TWN_ZOAH.PRG	0263E0	9
TWN_ZOAH.PRG	0263FF	11
TWN_ZOAH.PRG	02640A	9
TWN_ZOAH.PRG	026413	2
TWN_ZOAH.PRG	026415	13
TWN_ZOAH.PRG	026434	11
TWN_ZOAH.PRG	026453	9
TWN_ZOAH.PRG	026472	11
TWN_ZOAH.PRG	026491	15
TWN_ZOAH.PRG	0264B0	13
TWN_ZOAH.PRG	0264CF	13
TWN_ZOAH.PRG	0264EE	11
TWN_ZOAH.PRG	0264F9	9
TWN_ZOAH.PRG	026502	2
TWN_ZOAH.PRG	026504	13
TWN_ZOAH.PRG	026523	11
TWN_ZOAH.PRG	026542	9
TWN_ZOAH.PRG	026561	11
TWN_ZOAH.PRG	026580	15
TWN_ZOAH.PRG	02659F	13
TWN_ZOAH.PRG	0265BE	11
TWN_ZOAH.PRG	0265C9	9
TWN_ZOAH.PRG	0265D2	2
TWN_ZOAH.PRG	0265D4	13
TWN_ZOAH.PRG	0265F3	11
TWN_ZOAH.PRG	026612	9
TWN_ZOAH.PRG	026631	11
TWN_ZOAH.PRG	026650	9
TWN_ZOAH.PRG	02666F	13
TWN_ZOAH.PRG	02668E	9
TWN_ZOAH.PRG	0266AD	13
TWN_ZOAH.PRG	0266CC	11
TWN_ZOAH.PRG	0266D7	9
TWN_ZOAH.PRG	0266E0	2
TWN_ZOAH.PRG	0266E2	13
TWN_ZOAH.PRG	026701	11
TWN_ZOAH.PRG	026720	9
TWN_ZOAH.PRG	02673F	11
TWN_ZOAH.PRG	02675E	9
TWN_ZOAH.PRG	02677D	13
TWN_ZOAH.PRG	02679C	9
TWN_ZOAH.PRG	0267BB	11
TWN_ZOAH.PRG	0267C6	9
TWN_ZOAH.PRG	0267CF	2
TWN_ZOAH.PRG	0267D1	13
TWN_ZOAH.PRG	0267F0	11
TWN_ZOAH.PRG	02680F	9
TWN_ZOAH.PRG	02682E	11
TWN_ZOAH.PRG	02684D	9
TWN_ZOAH.PRG	02686C	13
TWN_ZOAH.PRG	02688B	13
TWN_ZOAH.PRG	0268AA	11
TWN_ZOAH.PRG	0268B5	9
TWN_ZOAH.PRG	0268BE	2
TWN_ZOAH.PRG	0268C0	13
TWN_ZOAH.PRG	0268DF	11
TWN_ZOAH.PRG	0268FE	9
TWN_ZOAH.PRG	02691D	11
TWN_ZOAH.PRG	02693C	9
TWN_ZOAH.PRG	02695B	13
TWN_ZOAH.PRG	02697A	11
TWN_ZOAH.PRG	026985	9
TWN_ZOAH.PRG	02698E	2
TWN_ZOAH.PRG	026990	13
TWN_ZOAH.PRG	0269AF	11
TWN_ZOAH.PRG	0269CE	9
TWN_ZOAH.PRG	0269ED	11
TWN_ZOAH.PRG	026A0C	13
TWN_ZOAH.PRG	026A2B	9
TWN_ZOAH.PRG	026A4A	13
TWN_ZOAH.PRG	026A69	11
TWN_ZOAH.PRG	026A74	9
TWN_ZOAH.PRG	026A7D	2
TWN_ZOAH.PRG	026A7F	13
TWN_ZOAH.PRG	026A9E	11
TWN_ZOAH.PRG	026ABD	9
TWN_ZOAH.PRG	026ADC	11
TWN_ZOAH.PRG	026AFB	13
TWN_ZOAH.PRG	026B1A	9
TWN_ZOAH.PRG	026B39	11
TWN_ZOAH.PRG	026B44	9
TWN_ZOAH.PRG	026B4D	2
TWN_ZOAH.PRG	026B4F	13
TWN_ZOAH.PRG	026B6E	11
TWN_ZOAH.PRG	026B8D	9
TWN_ZOAH.PRG	026BAC	11
TWN_ZOAH.PRG	026BCB	13
TWN_ZOAH.PRG	026BEA	13
TWN_ZOAH.PRG	026C09	11
TWN_ZOAH.PRG	026C14	9
TWN_ZOAH.PRG	026C1D	2
TWN_ZOAH.PRG	026C1F	13
TWN_ZOAH.PRG	026C3E	11
TWN_ZOAH.PRG	026C5D	9
TWN_ZOAH.PRG	026C7C	11
TWN_ZOAH.PRG	026C9B	13
TWN_ZOAH.PRG	026CBA	11
TWN_ZOAH.PRG	026CC5	9
TWN_ZOAH.PRG	026CCE	2
TWN_ZOAH.PRG	026CD0	13
TWN_ZOAH.PRG	026CEF	11
TWN_ZOAH.PRG	026D0E	9
TWN_ZOAH.PRG	026D2D	15
TWN_ZOAH.PRG	026D4C	9
TWN_ZOAH.PRG	026D6B	13
TWN_ZOAH.PRG	026D8A	9
TWN_ZOAH.PRG	026DA9	13
TWN_ZOAH.PRG	026DC8	11
TWN_ZOAH.PRG	026DD3	9
TWN_ZOAH.PRG	026DDC	2
TWN_ZOAH.PRG	026DDE	13
TWN_ZOAH.PRG	026DFD	11
TWN_ZOAH.PRG	026E1C	9
TWN_ZOAH.PRG	026E3B	15
TWN_ZOAH.PRG	026E5A	9
TWN_ZOAH.PRG	026E79	13
TWN_ZOAH.PRG	026E98	9
TWN_ZOAH.PRG	026EB7	11
TWN_ZOAH.PRG	026EC2	9
TWN_ZOAH.PRG	026ECB	2
TWN_ZOAH.PRG	026ECD	13
TWN_ZOAH.PRG	026EEC	11
TWN_ZOAH.PRG	026F0B	9
TWN_ZOAH.PRG	026F2A	15
TWN_ZOAH.PRG	026F49	9
TWN_ZOAH.PRG	026F68	13
TWN_ZOAH.PRG	026F87	13
TWN_ZOAH.PRG	026FA6	11
TWN_ZOAH.PRG	026FB1	9
TWN_ZOAH.PRG	026FBA	2
TWN_ZOAH.PRG	026FBC	13
TWN_ZOAH.PRG	026FDB	11
TWN_ZOAH.PRG	026FFA	9
TWN_ZOAH.PRG	027019	15
TWN_ZOAH.PRG	027038	9
TWN_ZOAH.PRG	027057	13
TWN_ZOAH.PRG	027076	11
TWN_ZOAH.PRG	027081	9
TWN_ZOAH.PRG	02708A	2
TWN_ZOAH.PRG	02708C	13
TWN_ZOAH.PRG	0270AB	11
TWN_ZOAH.PRG	0270CA	9
TWN_ZOAH.PRG	0270E9	15
TWN_ZOAH.PRG	027108	13
TWN_ZOAH.PRG	027127	9
TWN_ZOAH.PRG	027146	13
TWN_ZOAH.PRG	027165	11
TWN_ZOAH.PRG	027170	9
TWN_ZOAH.PRG	027179	2
TWN_ZOAH.PRG	02717B	13
TWN_ZOAH.PRG	02719A	11
TWN_ZOAH.PRG	0271B9	9
TWN_ZOAH.PRG	0271D8	15
TWN_ZOAH.PRG	0271F7	13
TWN_ZOAH.PRG	027216	9
TWN_ZOAH.PRG	027235	11
TWN_ZOAH.PRG	027240	9
TWN_ZOAH.PRG	027249	2
TWN_ZOAH.PRG	02724B	13
TWN_ZOAH.PRG	02726A	11
TWN_ZOAH.PRG	027289	9
TWN_ZOAH.PRG	0272A8	15
TWN_ZOAH.PRG	0272C7	13
TWN_ZOAH.PRG	0272E6	13
TWN_ZOAH.PRG	027305	11
TWN_ZOAH.PRG	027310	9
TWN_ZOAH.PRG	027319	2
TWN_ZOAH.PRG	02731B	13
TWN_ZOAH.PRG	02733A	11
TWN_ZOAH.PRG	027359	9
TWN_ZOAH.PRG	027378	15
TWN_ZOAH.PRG	027397	13
TWN_ZOAH.PRG	0273B6	11
TWN_ZOAH.PRG	0273C1	9
TWN_ZOAH.PRG	0273CA	2
TWN_ZOAH.PRG	0273CC	13
TWN_ZOAH.PRG	0273EB	11
TWN_ZOAH.PRG	02740A	9
TWN_ZOAH.PRG	027429	9
TWN_ZOAH.PRG	027448	13
TWN_ZOAH.PRG	027467	9
TWN_ZOAH.PRG	027486	13
TWN_ZOAH.PRG	0274A5	11
TWN_ZOAH.PRG	0274B0	9
TWN_ZOAH.PRG	0274B9	2
TWN_ZOAH.PRG	0274BB	13
TWN_ZOAH.PRG	0274DA	11
TWN_ZOAH.PRG	0274F9	9
TWN_ZOAH.PRG	027518	9
TWN_ZOAH.PRG	027537	13
TWN_ZOAH.PRG	027556	9
TWN_ZOAH.PRG	027575	11
TWN_ZOAH.PRG	027580	9
TWN_ZOAH.PRG	027589	2
TWN_ZOAH.PRG	02758B	13
TWN_ZOAH.PRG	0275AA	11
TWN_ZOAH.PRG	0275C9	9
TWN_ZOAH.PRG	0275E8	9
TWN_ZOAH.PRG	027607	13
TWN_ZOAH.PRG	027626	13
TWN_ZOAH.PRG	027645	11
TWN_ZOAH.PRG	027650	9
TWN_ZOAH.PRG	027659	2
TWN_ZOAH.PRG	02765B	13
TWN_ZOAH.PRG	02767A	11
TWN_ZOAH.PRG	027699	9
TWN_ZOAH.PRG	0276B8	9
TWN_ZOAH.PRG	0276D7	13
TWN_ZOAH.PRG	0276F6	11
TWN_ZOAH.PRG	027701	9
TWN_ZOAH.PRG	02770A	2
TWN_ZOAH.PRG	02770C	13
TWN_ZOAH.PRG	02772B	11
TWN_ZOAH.PRG	02774A	9
TWN_ZOAH.PRG	027769	13
TWN_ZOAH.PRG	027788	9
TWN_ZOAH.PRG	0277A7	13
TWN_ZOAH.PRG	0277C6	11
TWN_ZOAH.PRG	0277D1	9
TWN_ZOAH.PRG	0277DA	2
TWN_ZOAH.PRG	0277DC	13
TWN_ZOAH.PRG	0277FB	11
TWN_ZOAH.PRG	02781A	9
TWN_ZOAH.PRG	027839	13
TWN_ZOAH.PRG	027858	9
TWN_ZOAH.PRG	027877	11
TWN_ZOAH.PRG	027882	9
TWN_ZOAH.PRG	02788B	2
TWN_ZOAH.PRG	02788D	13
TWN_ZOAH.PRG	0278AC	11
TWN_ZOAH.PRG	0278CB	9
TWN_ZOAH.PRG	0278EA	13
TWN_ZOAH.PRG	027909	13
TWN_ZOAH.PRG	027928	11
TWN_ZOAH.PRG	027933	9
TWN_ZOAH.PRG	02793C	2
TWN_ZOAH.PRG	02793E	13
TWN_ZOAH.PRG	02795D	11
TWN_ZOAH.PRG	02797C	9
TWN_ZOAH.PRG	02799B	13
TWN_ZOAH.PRG	0279BA	11
TWN_ZOAH.PRG	028C71	35
TWN_ZOAH.PRG	028C94	35
TWN_ZOAH.PRG	028CB7	19
TWN_ZOAH.PRG	028CCA	35
TWN_ZOAH.PRG	028CED	33
TWN_ZOAH.PRG	028D0E	35
TWN_ZOAH.PRG	028D31	19
TWN_ZOAH.PRG	028D44	35
TWN_ZOAH.PRG	028D67	19
TWN_ZOAH.PRG	028D7A	35
TWN_ZOAH.PRG	028DAA	19
TWN_ZOAH.PRG	028DCA	39
TWN_ZOAH.PRG	028DF1	33
TWN_ZOAH.PRG	028E1F	19
TWN_ZOAH.PRG	028E32	27
TWN_ZOAH.PRG	028E5A	23
TWN_ZOAH.PRG	028E71	21
TWN_ZOAH.PRG	028E93	31
TWN_ZOAH.PRG	028EB2	25
TWN_ZOAH.PRG	028ECB	39
TWN_ZOAH.PRG	028EFF	35
TWN_ZOAH.PRG	028F22	13
TWN_ZOAH.PRG	028F3C	33
TWN_ZOAH.PRG	028F5D	33
TWN_ZOAH.PRG	028F8B	9
TWN_ZOAH.PRG	028F94	23
TWN_ZOAH.PRG	028FB8	13
TWN_ZOAH.PRG	028FD2	13
TWN_ZOAH.PRG	028FDF	35
TWN_ZOAH.PRG	029002	31
TWN_ZOAH.PRG	029021	33
TWN_ZOAH.PRG	029042	33
TWN_ZOAH.PRG	029070	11
TWN_ZOAH.PRG	02907B	27
TWN_ZOAH.PRG	0290A3	15
TWN_ZOAH.PRG	0290B2	17
TWN_ZOAH.PRG	0290C3	37
TWN_ZOAH.PRG	0290F5	15
TWN_ZOAH.PRG	029104	29
TWN_ZOAH.PRG	029121	8
TWN_ZOAH.PRG	029129	33
TWN_ZOAH.PRG	029157	13
TWN_ZOAH.PRG	029164	31
TWN_ZOAH.PRG	029183	31
TWN_ZOAH.PRG	0291AF	25
TWN_ZOAH.PRG	0291D5	35
TWN_ZOAH.PRG	029205	31
TWN_ZOAH.PRG	029231	39
TWN_ZOAH.PRG	029258	25
TWN_ZOAH.PRG	02927E	33
TWN_ZOAH.PRG	02929F	25
TWN_ZOAH.PRG	0292C5	37
TWN_ZOAH.PRG	0292EA	31
TWN_ZOAH.PRG	029316	37
TWN_ZOAH.PRG	02933B	27
TWN_ZOAH.PRG	029356	29
TWN_ZOAH.PRG	02937B	8
TWN_ZOAH.PRG	029383	8
TWN_ZOAH.PRG	02A9C4	23
TWN_ZOAH.PRG	02A9DB	37
TWN_ZOAH.PRG	02AA0D	11
TWN_ZOAH.PRG	02AA25	21
TWN_ZOAH.PRG	02AA3A	16
TWN_ZOAH.PRG	02AA4A	31
TWN_ZOAH.PRG	02AA76	39
TWN_ZOAH.PRG	02AAAA	37
TWN_ZOAH.PRG	02AADC	35
TWN_ZOAH.PRG	02AAFF	19
TWN_ZOAH.PRG	02AB12	23
TWN_ZOAH.PRG	02AB29	5
TWN_ZOAH.PRG	02AB40	5
TWN_ZOAH.PRG	02AB57	5
TWN_ZOAH.PRG	02AB6E	21
TWN_ZOAH.PRG	02AB83	19
TWN_ZOAH.PRG	02AB96	2
TWN_ZOAH.PRG	02AB98	15
TWN_ZOAH.PRG	02ABA7	21
TWN_ZOAH.PRG	02ABBC	31
TWN_ZOAH.PRG	02ABDB	17
TWN_ZOAH.PRG	02ABEC	11
TWN_ZOAH.PRG	02ABF7	15
TWN_ZOAH.PRG	02AC06	21
TWN_ZOAH.PRG	02AC1B	17
TWN_ZOAH.PRG	02AC2C	15
TWN_ZOAH.PRG	02AC3B	15
TWN_ZOAH.PRG	02AC4A	29
TWN_ZOAH.PRG	02AC67	7
TWN_ZOAH.PRG	02AC6E	9
TWN_ZOAH.PRG	02AC77	9
TWN_ZOAH.PRG	02AC80	29
TWN_ZOAH.PRG	02AC9D	11
TWN_ZOAH.PRG	02ACA8	7
TWN_ZOAH.PRG	02ACAF	4
TWN_ZOAH.PRG	02ACB3	7
TWN_ZOAH.PRG	02ACBA	29
TWN_ZOAH.PRG	02ACD7	9
TWN_ZOAH.PRG	02ACE0	3
TWN_ZOAH.PRG	02ACE3	6
TWN_ZOAH.PRG	02ACE9	7
TWN_ZOAH.PRG	02ACF0	39
TWN_ZOAH.PRG	02AD17	9
TWN_ZOAH.PRG	02AD20	9
TWN_ZOAH.PRG	02AD29	13
TWN_ZOAH.PRG	02AD36	26
TWN_ZOAH.PRG	02AD5D	17
TWN_ZOAH.PRG	02AD6E	37
TWN_ZOAH.PRG	02AD93	23
TWN_ZOAH.PRG	02ADB7	27
TWN_ZOAH.PRG	02ADDF	27
TWN_ZOAH.PRG	02ADFA	37
TWN_ZOAH.PRG	02AE1F	2
TWN_ZOAH.PRG	02AE2E	29
TWN_ZOAH.PRG	02AE4B	37
TWN_ZOAH.PRG	02AE70	2
TWN_ZOAH.PRG	02AE72	39
TWN_ZOAH.PRG	02AEA6	31
TWN_ZOAH.PRG	02AEC5	8
TWN_ZOAH.PRG	02AECD	23
TWN_ZOAH.PRG	02AEE4	37
TWN_ZOAH.PRG	02AF16	33
TWN_ZOAH.PRG	02AF37	31
TWN_ZOAH.PRG	02AF56	2
TWN_ZOAH.PRG	02AF65	37
TWN_ZOAH.PRG	02AF8A	31
TWN_ZOAH.PRG	02AFB6	29
TWN_ZOAH.PRG	02AFD3	39
TWN_ZOAH.PRG	02B007	19
TWN_ZOAH.PRG	02B027	9
TWN_ZOAH.PRG	02B03D	23
TWN_ZOAH.PRG	02B054	37
TWN_ZOAH.PRG	02B086	11
TWN_ZOAH.PRG	02B09E	21
TWN_ZOAH.PRG	02B0B3	16
TWN_ZOAH.PRG	02B0C3	31
TWN_ZOAH.PRG	02B0EF	29
TWN_ZOAH.PRG	02B10C	2
TWN_ZOAH.PRG	02B10E	37
TWN_ZOAH.PRG	02B133	39
TWN_ZOAH.PRG	02B15B	15
TWN_ZOAH.PRG	02B16A	39
TWN_ZOAH.PRG	02B19E	31
TWN_ZOAH.PRG	02B1BD	39
TWN_ZOAH.PRG	02B1E4	29
TWN_ZOAH.PRG	02B201	10
TWN_ZOAH.PRG	02B218	9
TWN_ZOAH.PRG	02B22E	31
TWN_ZOAH.PRG	02B24D	39
TWN_ZOAH.PRG	02B274	35
TWN_ZOAH.PRG	02B2A4	15
TWN_ZOAH.PRG	02B2B3	31
TWN_ZOAH.PRG	02B2D2	39
TWN_ZOAH.PRG	02B2F9	27
TWN_ZOAH.PRG	02B321	37
TWN_ZOAH.PRG	02B346	2
TWN_ZOAH.PRG	02B355	39
TWN_ZOAH.PRG	02B37C	31
TWN_ZOAH.PRG	02B39B	8
TWN_ZOAH.PRG	02B3B0	33
TWN_ZOAH.PRG	02B3DE	17
TWN_ZOAH.PRG	02B3EF	31
TWN_ZOAH.PRG	02B40E	2
TWN_ZOAH.PRG	02B41D	27
TWN_ZOAH.PRG	02B438	37
TWN_ZOAH.PRG	02B46A	37
TWN_ZOAH.PRG	02B49C	17
TWN_ZOAH.PRG	02B4AD	20
TWN_ZOAH.PRG	02B4C1	33
TWN_ZOAH.PRG	02B4E2	39
TWN_ZOAH.PRG	02B517	37
TWN_ZOAH.PRG	02B53F	33
TWN_ZOAH.PRG	02B56D	33
TWN_ZOAH.PRG	02B58E	4
TWN_ZOAH.PRG	02B595	29
TWN_ZOAH.PRG	02B5C3	8
TWN_ZOAH.PRG	02EF97	4
TWN_ZOAH.PRG	02EF9B	2
TWN_ZOAH.PRG	02EF9F	4
TWN_ZOAH.PRG	02EFA3	33
TWN_ZOAH.PRG	02EFD1	17
TWN_ZOAH.PRG	02EFE2	9
TWN_ZOAH.PRG	02EFEB	39
TWN_ZOAH.PRG	02F01F	23
TWN_ZOAH.PRG	02F036	16
TWN_ZOAH.PRG	02F053	13
TWN_ZOAH.PRG	02F060	37
TWN_ZOAH.PRG	02F085	2
TWN_ZOAH.PRG	02F087	31
TWN_ZOAH.PRG	02F0A6	35
TWN_ZOAH.PRG	02F0D6	21
TWN_ZOAH.PRG	02F0F8	39
TWN_ZOAH.PRG	02F11F	29
TWN_ZOAH.PRG	02F13C	31
TWN_ZOAH.PRG	02F15B	35
TWN_ZOAH.PRG	02F189	13
TWN_ZOAH.PRG	02F196	27
TWN_ZOAH.PRG	02F1B1	8
TWN_ZOAH.PRG	02F1B9	35
TWN_ZOAH.PRG	02F1DC	25
TWN_ZOAH.PRG	02F1F5	21
TWN_ZOAH.PRG	02F20A	4
TWN_ZOAH.PRG	02F20E	31
TWN_ZOAH.PRG	02F22D	4
TWN_ZOAH.PRG	02F231	17
TWN_ZOAH.PRG	02F242	29
TWN_ZOAH.PRG	02F261	4
TWN_ZOAH.PRG	02F265	35
TWN_ZOAH.PRG	02F288	4
TWN_ZOAH.PRG	02F28C	25
TWN_ZOAH.PRG	02F2A5	29
TWN_ZOAH.PRG	02F2C2	29
TWN_ZOAH.PRG	02F2EC	23
TWN_ZOAH.PRG	02F303	25
TWN_ZOAH.PRG	02F31C	4
TWN_ZOAH.PRG	02F32D	23
TWN_ZOAH.PRG	02F344	39
TWN_ZOAH.PRG	02F36C	39
TWN_ZOAH.PRG	02F3A1	39
TWN_ZOAH.PRG	02F3C9	39
TWN_ZOAH.PRG	02F3FD	29
TWN_ZOAH.PRG	02F427	33
TWN_ZOAH.PRG	02F448	21
TWN_ZOAH.PRG	02F45D	12
TWN_ZOAH.PRG	02F476	35
TWN_ZOAH.PRG	02F4A6	33
TWN_ZOAH.PRG	02F4D4	39
TWN_ZOAH.PRG	02F508	9
TWN_ZOAH.PRG	02F511	35
TWN_ZOAH.PRG	02F534	4
TWN_ZOAH.PRG	02F545	29
TWN_ZOAH.PRG	02F56F	7
TWN_ZOAH.PRG	02F576	35
TWN_ZOAH.PRG	02F5A6	9
TWN_ZOAH.PRG	02F5AF	35
TWN_ZOAH.PRG	02F5D2	27
TWN_ZOAH.PRG	02F5ED	35
TWN_ZOAH.PRG	02F61D	21
TWN_ZOAH.PRG	02F63F	9
TWN_ZOAH.PRG	02F648	29
TWN_ZOAH.PRG	02F665	37
TWN_ZOAH.PRG	02F68A	33
TWN_ZOAH.PRG	02F6AB	4
TWN_ZOAH.PRG	02F6BC	27
TWN_ZOAH.PRG	02F6D7	27
TWN_ZOAH.PRG	02F6FF	27
TWN_ZOAH.PRG	02F71A	27
TWN_ZOAH.PRG	02F742	31
TWN_ZOAH.PRG	02F76E	27
TWN_ZOAH.PRG	02F789	21
TWN_ZOAH.PRG	02F7AB	35
TWN_ZOAH.PRG	02F7CE	25
TWN_ZOAH.PRG	02F7F4	35
TWN_ZOAH.PRG	02F817	39
TWN_ZOAH.PRG	02F84B	25
TWN_ZOAH.PRG	02F871	29
TWN_ZOAH.PRG	02F88E	35
TWN_ZOAH.PRG	02F8B1	29
TWN_ZOAH.PRG	02F8DB	33
TWN_ZOAH.PRG	02F8FC	21
TWN_ZOAH.PRG	02F91E	11
TWN_ZOAH.PRG	02F929	31
TWN_ZOAH.PRG	02F955	33
TWN_ZOAH.PRG	02F983	21
TWN_ZOAH.PRG	02F9A5	23
TWN_ZOAH.PRG	02F9C9	19
TWN_ZOAH.PRG	02F9DC	35
TWN_ZOAH.PRG	02F9FF	4
TWN_ZOAH.PRG	02FA10	17
TWN_ZOAH.PRG	02FA2E	13
TWN_ZOAH.PRG	02FA3B	29
TWN_ZOAH.PRG	02FA58	33
TWN_ZOAH.PRG	02FA79	21
TWN_ZOAH.PRG	02FA8E	11
TWN_ZOAH.PRG	02FA99	33
TWN_ZOAH.PRG	02FABA	17
TWN_ZOAH.PRG	02FACB	39
TWN_ZOAH.PRG	02FAFF	25
TWN_ZOAH.PRG	02FB25	21
TWN_ZOAH.PRG	02FB3A	35
TWN_ZOAH.PRG	02FB6A	31
TWN_ZOAH.PRG	02FB96	11
TWN_ZOAH.PRG	02FBAE	39
TWN_ZOAH.PRG	02FBE2	37
TWN_ZOAH.PRG	02FC07	2
TWN_ZOAH.PRG	02FC09	25
TWN_ZOAH.PRG	02FC22	21
TWN_ZOAH.PRG	02FC37	4
TWN_ZOAH.PRG	02FC48	13
TWN_ZOAH.PRG	02FC55	23
TWN_ZOAH.PRG	02FC6C	19
TWN_ZOAH.PRG	02FC8C	33
TWN_ZOAH.PRG	02FCBA	35
TWN_ZOAH.PRG	02FCDF	2
TWN_ZOAH.PRG	02FCE1	29
TWN_ZOAH.PRG	02FCFE	39
TWN_ZOAH.PRG	02FD26	37
TWN_ZOAH.PRG	02FD4B	29
TWN_ZOAH.PRG	02FD75	19
TWN_ZOAH.PRG	02FD88	10
TWN_ZOAH.PRG	02FD92	25
TWN_ZOAH.PRG	02FDAB	29
TWN_ZOAH.PRG	02FDC8	8
TWN_ZOAH.PRG	02FDDD	39
TWN_ZOAH.PRG	02FE05	33
TWN_ZOAH.PRG	02FE26	31
TWN_ZOAH.PRG	02FE45	37
TWN_ZOAH.PRG	02FE6A	29
TWN_ZOAH.PRG	02FE94	27
TWN_ZOAH.PRG	02FEAF	37
TWN_ZOAH.PRG	02FED7	37
TWN_ZOAH.PRG	02FEFC	33
TWN_ZOAH.PRG	02FF1D	35
TWN_ZOAH.PRG	02FF4C	15
TWN_ZOAH.PRG	02FF5B	20
TWN_ZOAH.PRG	02FF6F	19
TWN_ZOAH.PRG	02FF82	23
TWN_ZOAH.PRG	02FF99	19
TWN_ZOAH.PRG	02FFAC	23
TWN_ZOAH.PRG	02FFC3	11
TWN_ZOAH.PRG	02FFDA	31
TWN_ZOAH.PRG	02FFF9	25
TWN_ZOAH.PRG	030012	37
TWN_ZOAH.PRG	03003A	27
TWN_ZOAH.PRG	030055	33
TWN_ZOAH.PRG	030076	31
TWN_ZOAH.PRG	030095	39
TWN_ZOAH.PRG	0300BC	33
TWN_ZOAH.PRG	0300DD	29
TWN_ZOAH.PRG	030106	11
TWN_ZOAH.PRG	03011D	13
TWN_ZOAH.PRG	030136	31
TWN_ZOAH.PRG	030155	31
TWN_ZOAH.PRG	030174	37
TWN_ZOAH.PRG	0301A6	23
TWN_ZOAH.PRG	0301BD	25
TWN_ZOAH.PRG	0301D6	12
TWN_ZOAH.PRG	0301EF	23
TWN_ZOAH.PRG	030206	39
TWN_ZOAH.PRG	03022E	39
TWN_ZOAH.PRG	030263	35
TWN_ZOAH.PRG	030286	31
TWN_ZOAH.PRG	0302B2	37
TWN_ZOAH.PRG	0302D7	33
TWN_ZOAH.PRG	030305	37
TWN_ZOAH.PRG	03032A	35
TWN_ZOAH.PRG	03035A	39
TWN_ZOAH.PRG	030382	31
TWN_ZOAH.PRG	0303A1	31
TWN_ZOAH.PRG	0303CD	39
TWN_ZOAH.PRG	0303F4	31
TWN_ZOAH.PRG	030420	39
TWN_ZOAH.PRG	030448	33
TWN_ZOAH.PRG	030476	31
TWN_ZOAH.PRG	030495	35
TWN_ZOAH.PRG	0304B8	33
TWN_ZOAH.PRG	0304D9	39
TWN_ZOAH.PRG	03050E	25
TWN_ZOAH.PRG	030534	7
TWN_ZOAH.PRG	03053B	23
TWN_ZOAH.PRG	03055F	35
TWN_ZOAH.PRG	030582	29
TWN_ZOAH.PRG	03059F	27
TWN_ZOAH.PRG	0305C7	19
TWN_ZOAH.PRG	0305DA	8
TWN_ZOAH.PRG	0305E2	27
TWN_ZOAH.PRG	03060A	5
TWN_ZOAH.PRG	03060F	31
TWN_ZOAH.PRG	03062E	39
TWN_ZOAH.PRG	030656	39
TWN_ZOAH.PRG	03068A	39
TWN_ZOAH.PRG	0306B2	37
TWN_ZOAH.PRG	0306E4	39
TWN_ZOAH.PRG	030718	33
TWN_ZOAH.PRG	030739	35
TWN_ZOAH.PRG	03075C	29
TWN_ZOAH.PRG	030779	25
TWN_ZOAH.PRG	030792	37
TWN_ZOAH.PRG	0307C4	37
TWN_ZOAH.PRG	0307F6	5
TWN_ZOAH.PRG	0307FB	31
TWN_ZOAH.PRG	030827	37
TWN_ZOAH.PRG	03084C	2
TWN_ZOAH.PRG	03084E	27
TWN_ZOAH.PRG	030869	10
TWN_ZOAH.PRG	030873	2
TWN_ZOAH.PRG	030882	37
TWN_ZOAH.PRG	0308A7	31
TWN_ZOAH.PRG	0308D3	17
TWN_ZOAH.PRG	0308E4	9
TWN_ZOAH.PRG	0308ED	39
TWN_ZOAH.PRG	030921	23
TWN_ZOAH.PRG	030938	16
TWN_ZOAH.PRG	030955	13
TWN_ZOAH.PRG	030962	37
TWN_ZOAH.PRG	030987	2
TWN_ZOAH.PRG	030989	31
TWN_ZOAH.PRG	0309A8	35
TWN_ZOAH.PRG	0309D8	21
TWN_ZOAH.PRG	0309FA	39
TWN_ZOAH.PRG	030A21	29
TWN_ZOAH.PRG	030A4B	27
TWN_ZOAH.PRG	030A66	39
TWN_ZOAH.PRG	030A8E	37
TWN_ZOAH.PRG	032BFF	25
TWN_ZOAH.PRG	032C25	35
TWN_ZOAH.PRG	032C48	31
TWN_ZOAH.PRG	032C67	29
TWN_ZOAH.PRG	032C91	37
TWN_ZOAH.PRG	032CB6	33
TWN_ZOAH.PRG	032CD7	4
TWN_ZOAH.PRG	032CE8	37
TWN_ZOAH.PRG	032D0D	35
TWN_ZOAH.PRG	032D30	29
TWN_ZOAH.PRG	032D5A	25
TWN_ZOAH.PRG	032D80	35
TWN_ZOAH.PRG	032DB0	37
TWN_ZOAH.PRG	032DD6	27
TWN_ZOAH.PRG	032DFE	35
TWN_ZOAH.PRG	032E21	35
TWN_ZOAH.PRG	032E51	37
TWN_ZOAH.PRG	032E76	33
TWN_ZOAH.PRG	032EA4	17
TWN_ZOAH.PRG	032EC2	27
TWN_ZOAH.PRG	032EDD	33
TWN_ZOAH.PRG	032EFE	23
TWN_ZOAH.PRG	032F15	23
TWN_ZOAH.PRG	032F2C	10
TWN_ZOAH.PRG	032F36	33
TWN_ZOAH.PRG	032F57	25
TWN_ZOAH.PRG	032F70	9
TWN_ZOAH.PRG	032F86	13
TWN_ZOAH.PRG	032F93	39
TWN_ZOAH.PRG	032FBA	29
TWN_ZOAH.PRG	032FD7	29
TWN_ZOAH.PRG	032FF4	33
TWN_ZOAH.PRG	033022	33
TWN_ZOAH.PRG	033043	31
TWN_ZOAH.PRG	033062	2
TWN_ZOAH.PRG	033071	39
TWN_ZOAH.PRG	033098	33
TWN_ZOAH.PRG	0330B9	29
TWN_ZOAH.PRG	0330D6	33
TWN_ZOAH.PRG	033104	33
TWN_ZOAH.PRG	033132	31
TWN_ZOAH.PRG	033151	29
TWN_ZOAH.PRG	03316E	33
TWN_ZOAH.PRG	03318F	33
TWN_ZOAH.PRG	0331B0	33
TWN_ZOAH.PRG	0331DE	27
TWN_ZOAH.PRG	0331F9	6
TWN_ZOAH.PRG	0331FF	39
TWN_ZOAH.PRG	033226	39
TWN_ZOAH.PRG	03325A	35
TWN_ZOAH.PRG	03327D	37
TWN_ZOAH.PRG	0332A2	39
TWN_ZOAH.PRG	0332C9	29
TWN_ZOAH.PRG	0332E6	33
TWN_ZOAH.PRG	033314	31
TWN_ZOAH.PRG	033340	35
TWN_ZOAH.PRG	033370	23
TWN_ZOAH.PRG	033387	25
TWN_ZOAH.PRG	0333A0	33
TWN_ZOAH.PRG	0333C1	2
TWN_ZOAH.PRG	0333C3	29
TWN_ZOAH.PRG	0333E0	27
TWN_ZOAH.PRG	033408	35
TWN_ZOAH.PRG	03342B	35
TWN_ZOAH.PRG	03345B	31
TWN_ZOAH.PRG	03347A	19
TWN_ZOAH.PRG	03348D	31
TWN_ZOAH.PRG	0334AC	29
TWN_ZOAH.PRG	0334C9	2
TWN_ZOAH.PRG	0334CB	37
TWN_ZOAH.PRG	0334FD	29
TWN_ZOAH.PRG	03351A	15
TWN_ZOAH.PRG	033529	9
TWN_ZOAH.PRG	033532	7
TWN_ZOAH.PRG	033546	37
TWN_ZOAH.PRG	03356B	37
TWN_ZOAH.PRG	033592	27
TWN_ZOAH.PRG	0335AD	25
TWN_ZOAH.PRG	0335C6	33
TWN_ZOAH.PRG	0335F4	27
TWN_ZOAH.PRG	03361C	33
TWN_ZOAH.PRG	03363D	37
TWN_ZOAH.PRG	03366F	39
TWN_ZOAH.PRG	033696	17
TWN_ZOAH.PRG	0336A7	39
TWN_ZOAH.PRG	0336DB	27
TWN_ZOAH.PRG	033703	17
TWN_ZOAH.PRG	033714	13
TWN_ZOAH.PRG	033721	33
TWN_ZOAH.PRG	03374F	37
TWN_ZOAH.PRG	033774	39
TWN_ZOAH.PRG	03379B	21
TWN_ZOAH.PRG	0337B0	25
TWN_ZOAH.PRG	0337C9	11
TWN_ZOAH.PRG	0337D4	33
TWN_ZOAH.PRG	0337F5	39
TWN_ZOAH.PRG	033829	33
TWN_ZOAH.PRG	03384A	29
TWN_ZOAH.PRG	033867	17
TWN_ZOAH.PRG	033878	9
TWN_ZOAH.PRG	03388E	37
TWN_ZOAH.PRG	0338B3	2
TWN_ZOAH.PRG	0338B5	33
TWN_ZOAH.PRG	0338D6	33
TWN_ZOAH.PRG	0338F7	4
TWN_ZOAH.PRG	0338FB	2
TWN_ZOAH.PRG	03390A	39
TWN_ZOAH.PRG	033931	33
TWN_ZOAH.PRG	03395F	31
TWN_ZOAH.PRG	03398B	33
TWN_ZOAH.PRG	0339B9	29
TWN_ZOAH.PRG	0339D6	25
TWN_ZOAH.PRG	0339EF	4
TWN_ZOAH.PRG	033A00	11
TWN_ZOAH.PRG	033A0B	31
TWN_ZOAH.PRG	033A2A	11
TWN_ZOAH.PRG	033A42	21
TWN_ZOAH.PRG	033A57	27
TWN_ZOAH.PRG	033A72	19
TWN_ZOAH.PRG	033A85	9
TWN_ZOAH.PRG	033A9B	13
TWN_ZOAH.PRG	033AA8	31
TWN_ZOAH.PRG	033AC7	13
TWN_ZOAH.PRG	033AE1	23
TWN_ZOAH.PRG	033AF8	27
TWN_ZOAH.PRG	033B1B	8
TWN_ZOAH.PRG	033B23	8
TWN_ZOAH.PRG	034439	19
TWN_ZOAH.PRG	03444C	19
TWN_ZOAH.PRG	03445F	35
TWN_ZOAH.PRG	034482	39
TWN_ZOAH.PRG	0344A9	23
TWN_ZOAH.PRG	0344C0	21
TWN_ZOAH.PRG	0344E2	27
TWN_ZOAH.PRG	0344FD	17
TWN_ZOAH.PRG	03451B	33
TWN_ZOAH.PRG	03453C	15
TWN_ZOAH.PRG	03454B	35
TWN_ZOAH.PRG	03457B	31
TWN_ZOAH.PRG	03459A	4
TWN_ZOAH.PRG	03459E	21
TWN_ZOAH.PRG	0345B3	21
TWN_ZOAH.PRG	0345D5	23
TWN_ZOAH.PRG	0345EC	33
TWN_ZOAH.PRG	03460D	27
TWN_ZOAH.PRG	034635	35
TWN_ZOAH.PRG	034665	27
TWN_ZOAH.PRG	034680	37
TWN_ZOAH.PRG	0346B2	21
TWN_ZOAH.PRG	0346C7	39
TWN_ZOAH.PRG	0346EE	33
TWN_ZOAH.PRG	03471F	8
TWN_ZOAH.PRG	036F85	21
TWN_ZOAH.PRG	036F9A	21
TWN_ZOAH.PRG	036FAF	35
TWN_ZOAH.PRG	036FD2	21
TWN_ZOAH.PRG	036FE7	21
TWN_ZOAH.PRG	036FFC	21
TWN_ZOAH.PRG	037011	21
TWN_ZOAH.PRG	037026	35
TWN_ZOAH.PRG	037049	29
TWN_ZOAH.PRG	037066	29
TWN_ZOAH.PRG	037090	21
TWN_ZOAH.PRG	0370A5	35
TWN_ZOAH.PRG	0370D5	35
TWN_ZOAH.PRG	037105	37
TWN_ZOAH.PRG	03712A	35
TWN_ZOAH.PRG	03714D	27
TWN_ZOAH.PRG	037168	21
TWN_ZOAH.PRG	03718A	39
TWN_ZOAH.PRG	0371B1	39
TWN_ZOAH.PRG	0371E5	37
TWN_ZOAH.PRG	03720A	31
TWN_ZOAH.PRG	037229	27
TWN_ZOAH.PRG	037244	21
TWN_ZOAH.PRG	037259	21
TWN_ZOAH.PRG	03726E	29
TWN_ZOAH.PRG	03728B	29
TWN_ZOAH.PRG	0372B5	23
TWN_ZOAH.PRG	0372CC	19
TWN_ZOAH.PRG	0372DF	27
TWN_ZOAH.PRG	0372FA	21
TWN_ZOAH.PRG	03731C	31
TWN_ZOAH.PRG	03733B	6
TWN_ZOAH.PRG	037341	39
TWN_ZOAH.PRG	037375	35
TWN_ZOAH.PRG	037398	37
TWN_ZOAH.PRG	0373BD	35
TWN_ZOAH.PRG	0373E0	27
TWN_ZOAH.PRG	0373FB	21
TWN_ZOAH.PRG	03741D	33
TWN_ZOAH.PRG	03743E	23
TWN_ZOAH.PRG	037455	37
TWN_ZOAH.PRG	037487	31
TWN_ZOAH.PRG	0374A6	35
TWN_ZOAH.PRG	0374C9	21
TWN_ZOAH.PRG	0374DE	35
TWN_ZOAH.PRG	037501	2
TWN_ZOAH.PRG	037510	35
TWN_ZOAH.PRG	037533	31
TWN_ZOAH.PRG	037552	35
TWN_ZOAH.PRG	037582	37
TWN_ZOAH.PRG	0375A7	37
TWN_ZOAH.PRG	0375D9	27
TWN_ZOAH.PRG	0375F4	25
TWN_ZOAH.PRG	03760D	29
TWN_ZOAH.PRG	03762A	37
TWN_ZOAH.PRG	03765C	37
TWN_ZOAH.PRG	037681	29
TWN_ZOAH.PRG	03769E	8
TWN_ZOAH.PRG	0376A6	37
TWN_ZOAH.PRG	0376D8	31
TWN_ZOAH.PRG	0376F7	25
TWN_ZOAH.PRG	037710	25
TWN_ZOAH.PRG	037736	37
TWN_ZOAH.PRG	03775B	27
TWN_ZOAH.PRG	037776	25
TWN_ZOAH.PRG	03779C	33
TWN_ZOAH.PRG	0377BD	23
TWN_ZOAH.PRG	0377E1	33
TWN_ZOAH.PRG	037802	37
TWN_ZOAH.PRG	037827	19
TWN_ZOAH.PRG	03783A	17
TWN_ZOAH.PRG	03784B	17
TWN_ZOAH.PRG	03785C	19
TWN_ZOAH.PRG	03786F	11
TWN_ZOAH.PRG	03787A	11
TWN_ZOAH.PRG	037885	11
TWN_ZOAH.PRG	037890	19
TWN_ZOAH.PRG	0378A3	17
TWN_ZOAH.PRG	0378B4	17
TWN_ZOAH.PRG	0378C5	19
TWN_ZOAH.PRG	0378D8	11
TWN_ZOAH.PRG	0378E3	11
TWN_ZOAH.PRG	0378EE	19
TWN_ZOAH.PRG	037901	17
TWN_ZOAH.PRG	037912	17
TWN_ZOAH.PRG	037923	19
TWN_ZOAH.PRG	037936	11
TWN_ZOAH.PRG	037941	11
TWN_ZOAH.PRG	03794C	19
TWN_ZOAH.PRG	03795F	17
TWN_ZOAH.PRG	037970	17
TWN_ZOAH.PRG	037981	19
TWN_ZOAH.PRG	037994	11
TWN_ZOAH.PRG	03799F	19
TWN_ZOAH.PRG	0379B2	17
TWN_ZOAH.PRG	0379C3	17
TWN_ZOAH.PRG	0379D4	11
TWN_ZOAH.PRG	0379DF	11
TWN_ZOAH.PRG	0379EA	11
TWN_ZOAH.PRG	0379F5	19
TWN_ZOAH.PRG	037A08	17
TWN_ZOAH.PRG	037A19	17
TWN_ZOAH.PRG	037A2A	11
TWN_ZOAH.PRG	037A35	11
TWN_ZOAH.PRG	037A40	19
TWN_ZOAH.PRG	037A53	17
TWN_ZOAH.PRG	037A64	17
TWN_ZOAH.PRG	037A75	11
TWN_ZOAH.PRG	037A80	11
TWN_ZOAH.PRG	037A8B	19
TWN_ZOAH.PRG	037A9E	17
TWN_ZOAH.PRG	037AAF	17
TWN_ZOAH.PRG	037AC0	11
TWN_ZOAH.PRG	037ACB	19
TWN_ZOAH.PRG	037ADE	17
TWN_ZOAH.PRG	037AEF	19
TWN_ZOAH.PRG	037B02	11
TWN_ZOAH.PRG	037B0D	11
TWN_ZOAH.PRG	037B18	11
TWN_ZOAH.PRG	037B23	19
TWN_ZOAH.PRG	037B36	17
TWN_ZOAH.PRG	037B47	19
TWN_ZOAH.PRG	037B5A	11
TWN_ZOAH.PRG	037B65	11
TWN_ZOAH.PRG	037B70	19
TWN_ZOAH.PRG	037B83	17
TWN_ZOAH.PRG	037B94	19
TWN_ZOAH.PRG	037BA7	11
TWN_ZOAH.PRG	037BB2	11
TWN_ZOAH.PRG	037BBD	19
TWN_ZOAH.PRG	037BD0	17
TWN_ZOAH.PRG	037BE1	19
TWN_ZOAH.PRG	037BF4	11
TWN_ZOAH.PRG	037BFF	19
TWN_ZOAH.PRG	037C12	17
TWN_ZOAH.PRG	037C23	11
TWN_ZOAH.PRG	037C2E	11
TWN_ZOAH.PRG	037C39	11
TWN_ZOAH.PRG	037C44	19
TWN_ZOAH.PRG	037C57	17
TWN_ZOAH.PRG	037C68	11
TWN_ZOAH.PRG	037C73	11
TWN_ZOAH.PRG	037C7E	19
TWN_ZOAH.PRG	037C91	17
TWN_ZOAH.PRG	037CA2	11
TWN_ZOAH.PRG	037CAD	11
TWN_ZOAH.PRG	037CB8	19
TWN_ZOAH.PRG	037CCB	17
TWN_ZOAH.PRG	037CDC	11
TWN_ZOAH.PRG	037CE7	19
TWN_ZOAH.PRG	037CFA	17
TWN_ZOAH.PRG	037D0B	19
TWN_ZOAH.PRG	037D1E	11
TWN_ZOAH.PRG	037D29	11
TWN_ZOAH.PRG	037D34	11
TWN_ZOAH.PRG	037D3F	19
TWN_ZOAH.PRG	037D52	17
TWN_ZOAH.PRG	037D63	19
TWN_ZOAH.PRG	037D76	11
TWN_ZOAH.PRG	037D81	11
TWN_ZOAH.PRG	037D8C	19
TWN_ZOAH.PRG	037D9F	17
TWN_ZOAH.PRG	037DB0	19
TWN_ZOAH.PRG	037DC3	11
TWN_ZOAH.PRG	037DCE	11
TWN_ZOAH.PRG	037DD9	19
TWN_ZOAH.PRG	037DEC	17
TWN_ZOAH.PRG	037DFD	19
TWN_ZOAH.PRG	037E10	11
TWN_ZOAH.PRG	037E1B	19
TWN_ZOAH.PRG	037E2E	17
TWN_ZOAH.PRG	037E3F	11
TWN_ZOAH.PRG	037E4A	11
TWN_ZOAH.PRG	037E55	11
TWN_ZOAH.PRG	037E60	19
TWN_ZOAH.PRG	037E73	17
TWN_ZOAH.PRG	037E84	11
TWN_ZOAH.PRG	037E8F	11
TWN_ZOAH.PRG	037E9A	19
TWN_ZOAH.PRG	037EAD	17
TWN_ZOAH.PRG	037EBE	11
TWN_ZOAH.PRG	037EC9	11
TWN_ZOAH.PRG	037ED4	19
TWN_ZOAH.PRG	037EE7	17
TWN_ZOAH.PRG	037EF8	11
TWN_ZOAH.PRG	037F03	19
TWN_ZOAH.PRG	037F16	19
TWN_ZOAH.PRG	037F29	11
TWN_ZOAH.PRG	037F34	11
TWN_ZOAH.PRG	037F3F	11
TWN_ZOAH.PRG	037F4A	19
TWN_ZOAH.PRG	037F5D	19
TWN_ZOAH.PRG	037F70	11
TWN_ZOAH.PRG	037F7B	11
TWN_ZOAH.PRG	037F86	19
TWN_ZOAH.PRG	037F99	19
TWN_ZOAH.PRG	037FAC	11
TWN_ZOAH.PRG	037FB7	11
TWN_ZOAH.PRG	037FC2	19
TWN_ZOAH.PRG	037FD5	19
TWN_ZOAH.PRG	037FE8	11
TWN_ZOAH.PRG	037FF3	19
TWN_ZOAH.PRG	038006	11
TWN_ZOAH.PRG	038011	11
TWN_ZOAH.PRG	03801C	11
TWN_ZOAH.PRG	038027	19
TWN_ZOAH.PRG	03803A	11
TWN_ZOAH.PRG	038045	11
TWN_ZOAH.PRG	038050	19
TWN_ZOAH.PRG	038063	11
TWN_ZOAH.PRG	03806E	11
TWN_ZOAH.PRG	038079	19
TWN_ZOAH.PRG	03808C	11
TWN_ZOAH.PRG	038097	19
TWN_ZOAH.PRG	0380AA	17
TWN_ZOAH.PRG	0380BB	19
TWN_ZOAH.PRG	0380CE	11
TWN_ZOAH.PRG	0380D9	11
TWN_ZOAH.PRG	0380E4	11
TWN_ZOAH.PRG	0380EF	19
TWN_ZOAH.PRG	038102	17
TWN_ZOAH.PRG	038113	19
TWN_ZOAH.PRG	038126	11
TWN_ZOAH.PRG	038131	11
TWN_ZOAH.PRG	03813C	19
TWN_ZOAH.PRG	03814F	17
TWN_ZOAH.PRG	038160	19
TWN_ZOAH.PRG	038173	11
TWN_ZOAH.PRG	03817E	11
TWN_ZOAH.PRG	038189	19
TWN_ZOAH.PRG	03819C	17
TWN_ZOAH.PRG	0381AD	19
TWN_ZOAH.PRG	0381C0	11
TWN_ZOAH.PRG	0381CB	19
TWN_ZOAH.PRG	0381DE	17
TWN_ZOAH.PRG	0381EF	11
TWN_ZOAH.PRG	0381FA	11
TWN_ZOAH.PRG	038205	11
TWN_ZOAH.PRG	038210	19
TWN_ZOAH.PRG	038223	17
TWN_ZOAH.PRG	038234	11
TWN_ZOAH.PRG	03823F	11
TWN_ZOAH.PRG	03824A	19
TWN_ZOAH.PRG	03825D	17
TWN_ZOAH.PRG	03826E	11
TWN_ZOAH.PRG	038279	11
TWN_ZOAH.PRG	038284	19
TWN_ZOAH.PRG	038297	17
TWN_ZOAH.PRG	0382A8	11
TWN_ZOAH.PRG	0382B3	19
TWN_ZOAH.PRG	0382C6	19
TWN_ZOAH.PRG	0382D9	11
TWN_ZOAH.PRG	0382E4	11
TWN_ZOAH.PRG	0382EF	11
TWN_ZOAH.PRG	0382FA	19
TWN_ZOAH.PRG	03830D	19
TWN_ZOAH.PRG	038320	11
TWN_ZOAH.PRG	03832B	11
TWN_ZOAH.PRG	038336	19
TWN_ZOAH.PRG	038349	19
TWN_ZOAH.PRG	03835C	11
TWN_ZOAH.PRG	038367	11
TWN_ZOAH.PRG	038372	19
TWN_ZOAH.PRG	038385	19
TWN_ZOAH.PRG	038398	11
TWN_ZOAH.PRG	0383A3	19
TWN_ZOAH.PRG	0383B6	11
TWN_ZOAH.PRG	0383C1	11
TWN_ZOAH.PRG	0383CC	11
TWN_ZOAH.PRG	0383D7	19
TWN_ZOAH.PRG	0383EA	11
TWN_ZOAH.PRG	0383F5	11
TWN_ZOAH.PRG	038400	19
TWN_ZOAH.PRG	038413	11
TWN_ZOAH.PRG	03841E	11
TWN_ZOAH.PRG	038429	19
TWN_ZOAH.PRG	03843C	11
TWN_ZOAH.PRG	038447	17
TWN_ZOAH.PRG	038458	19
TWN_ZOAH.PRG	03846B	11
TWN_ZOAH.PRG	038476	11
TWN_ZOAH.PRG	038481	11
TWN_ZOAH.PRG	03848C	17
TWN_ZOAH.PRG	03849D	19
TWN_ZOAH.PRG	0384B0	11
TWN_ZOAH.PRG	0384BB	11
TWN_ZOAH.PRG	0384C6	17
TWN_ZOAH.PRG	0384D7	19
TWN_ZOAH.PRG	0384EA	11
TWN_ZOAH.PRG	0384F5	11
TWN_ZOAH.PRG	038500	17
TWN_ZOAH.PRG	038511	19
TWN_ZOAH.PRG	038524	11
TWN_ZOAH.PRG	03852F	17
TWN_ZOAH.PRG	038540	11
TWN_ZOAH.PRG	03854B	11
TWN_ZOAH.PRG	038556	11
TWN_ZOAH.PRG	038561	17
TWN_ZOAH.PRG	038572	11
TWN_ZOAH.PRG	03857D	11
TWN_ZOAH.PRG	038588	17
TWN_ZOAH.PRG	038599	11
TWN_ZOAH.PRG	0385A4	11
TWN_ZOAH.PRG	0385AF	17
TWN_ZOAH.PRG	0385C0	11
TWN_ZOAH.PRG	0385CB	19
TWN_ZOAH.PRG	0385DE	11
TWN_ZOAH.PRG	0385E9	11
TWN_ZOAH.PRG	0385F4	11
TWN_ZOAH.PRG	0385FF	19
TWN_ZOAH.PRG	038612	11
TWN_ZOAH.PRG	03861D	11
TWN_ZOAH.PRG	038628	19
TWN_ZOAH.PRG	03863B	11
TWN_ZOAH.PRG	038646	11
TWN_ZOAH.PRG	038651	19
TWN_ZOAH.PRG	038664	11
TWN_ZOAH.PRG	03866F	11
TWN_ZOAH.PRG	03867A	11
TWN_ZOAH.PRG	038685	11
TWN_ZOAH.PRG	038690	11
TWN_ZOAH.PRG	03869B	11
TWN_ZOAH.PRG	0386A6	11
TWN_ZOAH.PRG	0386B1	11
TWN_ZOAH.PRG	0386C9	39
TWN_ZOAH.PRG	0386F0	39
TWN_ZOAH.PRG	038724	31
TWN_ZOAH.PRG	038743	35
TWN_ZOAH.PRG	038773	37
TWN_ZOAH.PRG	038798	31
TWN_ZOAH.PRG	0387C4	35
TWN_ZOAH.PRG	0387E7	37
TWN_ZOAH.PRG	03881B	8
TWN_ZOAH.PRG	038CFB	17
TWN_ZOAH.PRG	038D0C	19
TWN_ZOAH.PRG	038D1F	29
TWN_ZOAH.PRG	038D49	37
TWN_ZOAH.PRG	038D7B	27
TWN_ZOAH.PRG	038D96	29
TWN_ZOAH.PRG	038DC0	33
TWN_ZOAH.PRG	038DE1	33
TWN_ZOAH.PRG	038E02	4
TWN_ZOAH.PRG	038E13	39
TWN_ZOAH.PRG	038E3A	37
TWN_ZOAH.PRG	038E6C	37
TWN_ZOAH.PRG	038E9E	37
TWN_ZOAH.PRG	038EC5	35
TWN_ZOAH.PRG	038EF5	35
TWN_ZOAH.PRG	038F1C	37
TWN_ZOAH.PRG	038F41	25
TWN_ZOAH.PRG	038F63	8
TWN_ZOAH.PRG	038F6B	8
TWN_ZOAH.PRG	039A47	21
TWN_ZOAH.PRG	039A6A	17
TWN_ZOAH.PRG	039A88	27
TWN_ZOAH.PRG	039AB0	15
TWN_ZOAH.PRG	039ACC	29
TWN_ZOAH.PRG	039AE9	31
TWN_ZOAH.PRG	039B08	25
TWN_ZOAH.PRG	039B2E	7
TWN_ZOAH.PRG	039B35	23
TWN_ZOAH.PRG	039B59	31
TWN_ZOAH.PRG	039B78	31
TWN_ZOAH.PRG	039B97	11
TWN_ZOAH.PRG	039BAF	29
TWN_ZOAH.PRG	039BD9	37
TWN_ZOAH.PRG	039BFF	23
TWN_ZOAH.PRG	039C16	39
TWN_ZOAH.PRG	039C4A	35
TWN_ZOAH.PRG	039C6D	31
TWN_ZOAH.PRG	039C99	17
TWN_ZOAH.PRG	039CB7	37
TWN_ZOAH.PRG	039CDC	2
TWN_ZOAH.PRG	039CDE	15
TWN_ZOAH.PRG	039CED	33
TWN_ZOAH.PRG	039D0E	37
TWN_ZOAH.PRG	039D40	37
TWN_ZOAH.PRG	039D65	17
TWN_ZOAH.PRG	039D76	9
TWN_ZOAH.PRG	039D7F	7
TWN_ZOAH.PRG	039D86	29
TWN_ZOAH.PRG	039DA3	39
TWN_ZOAH.PRG	039DD7	39
TWN_ZOAH.PRG	039DFE	29
TWN_ZOAH.PRG	039E28	31
TWN_ZOAH.PRG	039E47	39
TWN_ZOAH.PRG	039E7C	37
TWN_ZOAH.PRG	039EB1	39
TWN_ZOAH.PRG	039EE5	29
TWN_ZOAH.PRG	039F0F	9
TWN_ZOAH.PRG	039F18	25
TWN_ZOAH.PRG	039F31	15
TWN_ZOAH.PRG	039F40	9
TWN_ZOAH.PRG	039F49	13
TWN_ZOAH.PRG	039F63	25
TWN_ZOAH.PRG	039F7C	17
TWN_ZOAH.PRG	039F9A	27
TWN_ZOAH.PRG	03B04E	27
TWN_ZOAH.PRG	03B069	33
TWN_ZOAH.PRG	03B08A	27
TWN_ZOAH.PRG	03B0A5	33
TWN_ZOAH.PRG	03B0D3	35
TWN_ZOAH.PRG	03B0F6	39
TWN_ZOAH.PRG	03B12A	37
TWN_ZOAH.PRG	03B14F	27
TWN_ZOAH.PRG	03B16A	33
TWN_ZOAH.PRG	03B198	39
TWN_ZOAH.PRG	03B1BF	39
TWN_ZOAH.PRG	03B1F3	27
TWN_ZOAH.PRG	03B20E	31
TWN_ZOAH.PRG	03B22D	8
TWN_ZOAH.PRG	03B242	37
TWN_ZOAH.PRG	03B267	2
TWN_ZOAH.PRG	03B276	29
TWN_ZOAH.PRG	03B293	39
TWN_ZOAH.PRG	03B2BB	27
TWN_ZOAH.PRG	03B2D6	33
TWN_ZOAH.PRG	03B304	29
TWN_ZOAH.PRG	03B321	4
TWN_ZOAH.PRG	03B332	33
TWN_ZOAH.PRG	03B353	31
TWN_ZOAH.PRG	03B372	2
TWN_ZOAH.PRG	03B374	39
TWN_ZOAH.PRG	03B3A8	35
TWN_ZOAH.PRG	03B3CB	4
TWN_ZOAH.PRG	03B3CF	35
TWN_ZOAH.PRG	03B3FF	33
TWN_ZOAH.PRG	03B420	2
TWN_ZOAH.PRG	03B422	33
TWN_ZOAH.PRG	03B443	35
TWN_ZOAH.PRG	03B466	33
TWN_ZOAH.PRG	03B494	25
TWN_ZOAH.PRG	03B4AD	31
TWN_ZOAH.PRG	03B4CC	35
TWN_ZOAH.PRG	03B4EF	25
TWN_ZOAH.PRG	03B515	25
TWN_ZOAH.PRG	03B52E	31
TWN_ZOAH.PRG	03B54D	35
TWN_ZOAH.PRG	03B570	33
TWN_ZOAH.PRG	03B59E	29
TWN_ZOAH.PRG	03B5BB	17
TWN_ZOAH.PRG	03B5D9	35
TWN_ZOAH.PRG	03B5FC	4
TWN_ZOAH.PRG	03B60D	7
TWN_ZOAH.PRG	03B614	37
TWN_ZOAH.PRG	03B646	15
TWN_ZOAH.PRG	03B662	33
TWN_ZOAH.PRG	03B683	33
TWN_ZOAH.PRG	03B6A4	27
TWN_ZOAH.PRG	03B6C5	25
TWN_ZOAH.PRG	03B6DE	27
TWN_ZOAH.PRG	03B706	19
TWN_ZOAH.PRG	03B719	8
TWN_ZOAH.PRG	03B721	23
TWN_ZOAH.PRG	03B738	31
TWN_ZOAH.PRG	03BAC7	13
TWN_ZOAH.PRG	03BAE1	29
TWN_ZOAH.PRG	03BAFE	39
TWN_ZOAH.PRG	03BB25	9
TWN_ZOAH.PRG	03BB3B	31
TWN_ZOAH.PRG	03BB5A	39
TWN_ZOAH.PRG	03BB81	9
TWN_ZOAH.PRG	03BB97	31
TWN_ZOAH.PRG	03BBB6	39
TWN_ZOAH.PRG	03DC62	21
TWN_ZOAH.PRG	03DC77	13
TWN_ZOAH.PRG	03DC84	9
TWN_ZOAH.PRG	03DC9A	7
TWN_ZOAH.PRG	03DCAE	19
TWN_ZOAH.PRG	03DCCE	19
TWN_ZOAH.PRG	03DCE1	21
TWN_ZOAH.PRG	03DD03	27
TWN_ZOAH.PRG	03DD2B	39
TWN_ZOAH.PRG	03DD5F	21
TWN_ZOAH.PRG	03DD74	18
TWN_ZOAH.PRG	03DD86	35
TWN_ZOAH.PRG	03DDA9	37
TWN_ZOAH.PRG	03DDCE	29
TWN_ZOAH.PRG	03DDEB	35
TWN_ZOAH.PRG	03DE1B	21
TWN_ZOAH.PRG	03DE30	13
TWN_ZOAH.PRG	03DE3D	9
TWN_ZOAH.PRG	03DE53	7
TWN_ZOAH.PRG	03DE67	19
TWN_ZOAH.PRG	03DE87	39
TWN_ZOAH.PRG	03DEAF	25
TWN_ZOAH.PRG	03DED5	39
TWN_ZOAH.PRG	03DEFC	33
TWN_ZOAH.PRG	03DF1D	39
TWN_ZOAH.PRG	03DF44	29
TWN_ZOAH.PRG	03DF61	35
TWN_ZOAH.PRG	03DF91	21
TWN_ZOAH.PRG	03DFA6	13
TWN_ZOAH.PRG	03DFB3	9
TWN_ZOAH.PRG	03DFC9	7
TWN_ZOAH.PRG	03DFDD	19
TWN_ZOAH.PRG	03DFF0	17
TWN_ZOAH.PRG	03E001	9
TWN_ZOAH.PRG	03E00A	29
TWN_ZOAH.PRG	03E027	21
TWN_ZOAH.PRG	03E03C	29
TWN_ZOAH.PRG	03E059	29
TWN_ZOAH.PRG	03E083	21
TWN_ZOAH.PRG	03E098	13
TWN_ZOAH.PRG	03E0A5	9
TWN_ZOAH.PRG	03E0BB	7
TWN_ZOAH.PRG	03E0CF	19
TWN_ZOAH.PRG	03E0E2	17
TWN_ZOAH.PRG	03E0F3	9
TWN_ZOAH.PRG	03E0FC	29
TWN_ZOAH.PRG	03E119	35
TWN_ZOAH.PRG	03E149	35
TWN_ZOAH.PRG	03E179	13
TWN_ZOAH.PRG	03E186	31
TWN_ZOAH.PRG	03E1B2	23
TWN_ZOAH.PRG	03E1D6	19
TWN_ZOAH.PRG	03E1E9	31
TWN_ZOAH.PRG	03E215	31
TWN_ZOAH.PRG	03E241	15
TWN_ZOAH.PRG	03E250	39
TWN_ZOAH.PRG	03E284	17
TWN_ZOAH.PRG	03E295	25
TWN_ZOAH.PRG	03E2BB	7
TWN_ZOAH.PRG	03E2C2	25
TWN_ZOAH.PRG	03E2DB	14
TWN_ZOAH.PRG	03E2F6	17
TWN_ZOAH.PRG	03E314	7
TWN_ZOAH.PRG	03E31B	21
TWN_ZOAH.PRG	03E33D	13
TWN_ZOAH.PRG	03E34A	33
TWN_ZOAH.PRG	03E378	19
TWN_ZOAH.PRG	03E38B	14
TWN_ZOAH.PRG	03E399	25
TWN_ZOAH.PRG	03E3BF	9
TWN_ZOAH.PRG	03E3C8	29
TWN_ZOAH.PRG	03E3E5	11
TWN_ZOAH.PRG	03E3FD	35
TWN_ZOAH.PRG	03E420	39
TWN_ZOAH.PRG	03E454	39
TWN_ZOAH.PRG	03E47B	33
TWN_ZOAH.PRG	03E49C	39
TWN_ZOAH.PRG	03E4D0	39
TWN_ZOAH.PRG	03E4F7	35
TWN_ZOAH.PRG	03E51A	4
TWN_ZOAH.PRG	03E52B	35
TWN_ZOAH.PRG	03E54E	35
TWN_ZOAH.PRG	03E57E	27
TWN_ZOAH.PRG	03E599	31
TWN_ZOAH.PRG	03E5C5	37
TWN_ZOAH.PRG	03E5EA	27
TWN_ZOAH.PRG	03E612	31
TWN_ZOAH.PRG	03E631	31
TWN_ZOAH.PRG	03E650	6
TWN_ZOAH.PRG	03E663	19
TWN_ZOAH.PRG	03E676	12
TWN_ZOAH.PRG	03E682	6
TWN_ZOAH.PRG	03E695	39
TWN_ZOAH.PRG	03E6BC	37
TWN_ZOAH.PRG	03E6E1	2
TWN_ZOAH.PRG	03E6F0	27
TWN_ZOAH.PRG	03E70B	39
TWN_ZOAH.PRG	03E73F	5
TWN_ZOAH.PRG	03E744	31
TWN_ZOAH.PRG	03E770	27
TWN_ZOAH.PRG	03E78B	33
TWN_ZOAH.PRG	03E7B9	19
TWN_ZOAH.PRG	03E7D9	27
TWN_ZOAH.PRG	03E7F4	39
TWN_ZOAH.PRG	03E81C	39
TWN_ZOAH.PRG	03E850	29
TWN_ZOAH.PRG	03E87A	15
TWN_ZOAH.PRG	03E889	37
TWN_ZOAH.PRG	03E8AE	33
TWN_ZOAH.PRG	03E8CF	4
TWN_ZOAH.PRG	03E8D3	39
TWN_ZOAH.PRG	03E8FA	31
TWN_ZOAH.PRG	03E926	37
TWN_ZOAH.PRG	03E958	37
TWN_ZOAH.PRG	03E98A	39
TWN_ZOAH.PRG	03E9B1	15
TWN_ZOAH.PRG	03E9C0	15
TWN_ZOAH.PRG	03E9CF	9
TWN_ZOAH.PRG	03E9D8	7
TWN_ZOAH.PRG	03E9DF	7
TWN_ZOAH.PRG	03E9E6	9
TWN_ZOAH.PRG	03E9FC	37
TWN_ZOAH.PRG	03EA21	2
TWN_ZOAH.PRG	03EA23	33
TWN_ZOAH.PRG	03EA44	29
TWN_ZOAH.PRG	03EA61	35
TWN_ZOAH.PRG	03EA84	37
TWN_ZOAH.PRG	03EAA9	2
TWN_ZOAH.PRG	03EAB8	9
TWN_ZOAH.PRG	03EACE	29
TWN_ZOAH.PRG	03EAEB	37
TWN_ZOAH.PRG	03EB10	2
TWN_ZOAH.PRG	03EB12	31
TWN_ZOAH.PRG	061C60	19
TWN_ZOAH.PRG	061C74	63
TWN_ZOAH.PRG	061E07	189
TWN_ZOAH.PRG	061EC4	206
TWN_ZOAH.PRG	061F92	315
TWN_ZOAH.PRG	0620CD	223
TWN_ZOAH.PRG	0621AC	163
TWN_ZOAH.PRG	06224F	254
TWN_ZOAH.PRG	06234D	231
TWN_ZOAH.PRG	062434	307
TWN_ZOAH.PRG	062567	159
TWN_ZOAH.PRG	062606	297
TWN_ZOAH.PRG	06272F	151
TWN_ZOAH.PRG	0627C6	223
TWN_ZOAH.PRG	0628A5	194
TWN_ZOAH.PRG	062967	237
TWN_ZOAH.PRG	063328	7
TWN_ZOAH.PRG	06332F	23
TWN_ZOAH.PRG	063346	23
TWN_ZOAH.PRG	06335D	31
TWN_ZOAH.PRG	06337C	25
TWN_ZOAH.PRG	063395	21
WORLD.PRG	0049F6	27
WORLD.PRG	004A11	30
WORLD.PRG	004A2F	34
WORLD.PRG	004A51	44
WORLD.PRG	004A7D	14
WORLD.PRG	005510	11
WORLD.PRG	00551B	7
WORLD.PRG	005522	9
WORLD.PRG	00552B	9
WORLD.PRG	005534	13
WORLD.PRG	005541	11
WORLD.PRG	00554C	11
WORLD.PRG	005557	9
WORLD.PRG	005560	13
WORLD.PRG	00556D	13
WORLD.PRG	00557A	13
WORLD.PRG	005587	9
WORLD.PRG	005590	15
WORLD.PRG	00559F	21
WORLD.PRG	0055B4	13
WORLD.PRG	0055C1	3
WORLD.PRG	0055C4	3
WORLD.PRG	0055C7	5
WORLD.PRG	0055CC	13
WORLD.PRG	0055D9	9
WORLD.PRG	0055E2	13
WORLD.PRG	0055EF	16
WORLD.PRG	0055FF	9
WORLD.PRG	005608	15
WORLD.PRG	005617	9
WORLD.PRG	005620	13
WORLD.PRG	00562D	23
WORLD.PRG	005644	23
WORLD.PRG	00565B	19
WORLD.PRG	00566E	23
